{
"type": "FeatureCollection",
"name": "higher_growth_75_market_gravity_epsg4326_centroids",
"crs": { "type": "name", "properties": { "name": "urn:ogc:def:crs:OGC:1.3:CRS84" } },
"features": [
{ "type": "Feature", "properties": { "id": "1_0", "growth_scenario": "higher", "market_gravity_weight": 75 }, "geometry": { "type": "Point", "coordinates": [ -86.626063192751985, 34.836800523816258 ] } },
{ "type": "Feature", "properties": { "id": "1_1", "growth_scenario": "higher", "market_gravity_weight": 75 }, "geometry": { "type": "Point", "coordinates": [ -86.637299903992812, 34.8473131456876 ] } },
{ "type": "Feature", "properties": { "id": "1_10", "growth_scenario": "higher", "market_gravity_weight": 75 }, "geometry": { "type": "Point", "coordinates": [ -85.74236538002755, 34.911654095050032 ] } },
{ "type": "Feature", "properties": { "id": "1_11", "growth_scenario": "higher", "market_gravity_weight": 75 }, "geometry": { "type": "Point", "coordinates": [ -86.628384067450099, 34.833213932429864 ] } },
{ "type": "Feature", "properties": { "id": "1_12", "growth_scenario": "higher", "market_gravity_weight": 75 }, "geometry": { "type": "Point", "coordinates": [ -86.632234486949471, 34.833432948561104 ] } },
{ "type": "Feature", "properties": { "id": "1_13", "growth_scenario": "higher", "market_gravity_weight": 75 }, "geometry": { "type": "Point", "coordinates": [ -85.743208359014474, 34.90867119759929 ] } },
{ "type": "Feature", "properties": { "id": "1_14", "growth_scenario": "higher", "market_gravity_weight": 75 }, "geometry": { "type": "Point", "coordinates": [ -86.625771811607507, 34.831926378715472 ] } },
{ "type": "Feature", "properties": { "id": "1_15", "growth_scenario": "higher", "market_gravity_weight": 75 }, "geometry": { "type": "Point", "coordinates": [ -86.919522169484651, 33.40164199357632 ] } },
{ "type": "Feature", "properties": { "id": "1_16", "growth_scenario": "higher", "market_gravity_weight": 75 }, "geometry": { "type": "Point", "coordinates": [ -86.916930826295484, 33.408993201666362 ] } },
{ "type": "Feature", "properties": { "id": "1_17", "growth_scenario": "higher", "market_gravity_weight": 75 }, "geometry": { "type": "Point", "coordinates": [ -86.635952279439692, 34.832922580053534 ] } },
{ "type": "Feature", "properties": { "id": "1_2", "growth_scenario": "higher", "market_gravity_weight": 75 }, "geometry": { "type": "Point", "coordinates": [ -86.621764029783122, 34.837533413037001 ] } },
{ "type": "Feature", "properties": { "id": "1_3", "growth_scenario": "higher", "market_gravity_weight": 75 }, "geometry": { "type": "Point", "coordinates": [ -86.638788781114144, 34.845096954885634 ] } },
{ "type": "Feature", "properties": { "id": "1_4", "growth_scenario": "higher", "market_gravity_weight": 75 }, "geometry": { "type": "Point", "coordinates": [ -86.638044307827812, 34.838479923328237 ] } },
{ "type": "Feature", "properties": { "id": "1_5", "growth_scenario": "higher", "market_gravity_weight": 75 }, "geometry": { "type": "Point", "coordinates": [ -86.633324341450432, 34.836305017079972 ] } },
{ "type": "Feature", "properties": { "id": "1_6", "growth_scenario": "higher", "market_gravity_weight": 75 }, "geometry": { "type": "Point", "coordinates": [ -85.755130082392839, 34.913313213264161 ] } },
{ "type": "Feature", "properties": { "id": "1_7", "growth_scenario": "higher", "market_gravity_weight": 75 }, "geometry": { "type": "Point", "coordinates": [ -86.629220627441384, 34.835436931462958 ] } },
{ "type": "Feature", "properties": { "id": "1_8", "growth_scenario": "higher", "market_gravity_weight": 75 }, "geometry": { "type": "Point", "coordinates": [ -86.916957201311121, 33.401258632392981 ] } },
{ "type": "Feature", "properties": { "id": "1_9", "growth_scenario": "higher", "market_gravity_weight": 75 }, "geometry": { "type": "Point", "coordinates": [ -86.911213518263125, 33.398283917439258 ] } },
{ "type": "Feature", "properties": { "id": "4_0", "growth_scenario": "higher", "market_gravity_weight": 75 }, "geometry": { "type": "Point", "coordinates": [ -111.707943496201096, 33.478703904142215 ] } },
{ "type": "Feature", "properties": { "id": "4_1", "growth_scenario": "higher", "market_gravity_weight": 75 }, "geometry": { "type": "Point", "coordinates": [ -111.799503071621089, 33.383776817120889 ] } },
{ "type": "Feature", "properties": { "id": "4_10", "growth_scenario": "higher", "market_gravity_weight": 75 }, "geometry": { "type": "Point", "coordinates": [ -111.738638482419859, 33.46157610256197 ] } },
{ "type": "Feature", "properties": { "id": "4_11", "growth_scenario": "higher", "market_gravity_weight": 75 }, "geometry": { "type": "Point", "coordinates": [ -111.80467243615017, 33.264274029600664 ] } },
{ "type": "Feature", "properties": { "id": "4_12", "growth_scenario": "higher", "market_gravity_weight": 75 }, "geometry": { "type": "Point", "coordinates": [ -111.72534607790918, 33.575157487657464 ] } },
{ "type": "Feature", "properties": { "id": "4_13", "growth_scenario": "higher", "market_gravity_weight": 75 }, "geometry": { "type": "Point", "coordinates": [ -111.883443943921264, 33.263729579049986 ] } },
{ "type": "Feature", "properties": { "id": "4_14", "growth_scenario": "higher", "market_gravity_weight": 75 }, "geometry": { "type": "Point", "coordinates": [ -111.839001093540929, 33.271480605154537 ] } },
{ "type": "Feature", "properties": { "id": "4_15", "growth_scenario": "higher", "market_gravity_weight": 75 }, "geometry": { "type": "Point", "coordinates": [ -111.709227512832314, 33.487786235952349 ] } },
{ "type": "Feature", "properties": { "id": "4_16", "growth_scenario": "higher", "market_gravity_weight": 75 }, "geometry": { "type": "Point", "coordinates": [ -111.708318923497401, 33.384780871165084 ] } },
{ "type": "Feature", "properties": { "id": "4_17", "growth_scenario": "higher", "market_gravity_weight": 75 }, "geometry": { "type": "Point", "coordinates": [ -111.886962485972873, 33.642644236043161 ] } },
{ "type": "Feature", "properties": { "id": "4_18", "growth_scenario": "higher", "market_gravity_weight": 75 }, "geometry": { "type": "Point", "coordinates": [ -111.888647201868551, 33.645496540910372 ] } },
{ "type": "Feature", "properties": { "id": "4_19", "growth_scenario": "higher", "market_gravity_weight": 75 }, "geometry": { "type": "Point", "coordinates": [ -111.891383678589904, 33.270975639177195 ] } },
{ "type": "Feature", "properties": { "id": "4_2", "growth_scenario": "higher", "market_gravity_weight": 75 }, "geometry": { "type": "Point", "coordinates": [ -111.778890117146929, 33.47053330270586 ] } },
{ "type": "Feature", "properties": { "id": "4_20", "growth_scenario": "higher", "market_gravity_weight": 75 }, "geometry": { "type": "Point", "coordinates": [ -111.780266390676189, 33.475154560995136 ] } },
{ "type": "Feature", "properties": { "id": "4_21", "growth_scenario": "higher", "market_gravity_weight": 75 }, "geometry": { "type": "Point", "coordinates": [ -111.803289550717139, 33.266101249494042 ] } },
{ "type": "Feature", "properties": { "id": "4_22", "growth_scenario": "higher", "market_gravity_weight": 75 }, "geometry": { "type": "Point", "coordinates": [ -111.800481966664861, 33.265220377363164 ] } },
{ "type": "Feature", "properties": { "id": "4_23", "growth_scenario": "higher", "market_gravity_weight": 75 }, "geometry": { "type": "Point", "coordinates": [ -111.603200547939963, 33.388440635858338 ] } },
{ "type": "Feature", "properties": { "id": "4_24", "growth_scenario": "higher", "market_gravity_weight": 75 }, "geometry": { "type": "Point", "coordinates": [ -111.704881380477318, 33.488022231273675 ] } },
{ "type": "Feature", "properties": { "id": "4_25", "growth_scenario": "higher", "market_gravity_weight": 75 }, "geometry": { "type": "Point", "coordinates": [ -111.714655907663897, 33.331335388218761 ] } },
{ "type": "Feature", "properties": { "id": "4_26", "growth_scenario": "higher", "market_gravity_weight": 75 }, "geometry": { "type": "Point", "coordinates": [ -111.706698605368786, 33.490495061198125 ] } },
{ "type": "Feature", "properties": { "id": "4_27", "growth_scenario": "higher", "market_gravity_weight": 75 }, "geometry": { "type": "Point", "coordinates": [ -111.630151102904804, 33.389371712870862 ] } },
{ "type": "Feature", "properties": { "id": "4_28", "growth_scenario": "higher", "market_gravity_weight": 75 }, "geometry": { "type": "Point", "coordinates": [ -111.93558605781962, 33.703052777931383 ] } },
{ "type": "Feature", "properties": { "id": "4_29", "growth_scenario": "higher", "market_gravity_weight": 75 }, "geometry": { "type": "Point", "coordinates": [ -111.999160412592801, 33.456691191581264 ] } },
{ "type": "Feature", "properties": { "id": "4_3", "growth_scenario": "higher", "market_gravity_weight": 75 }, "geometry": { "type": "Point", "coordinates": [ -111.912201848662534, 33.431641762691719 ] } },
{ "type": "Feature", "properties": { "id": "4_30", "growth_scenario": "higher", "market_gravity_weight": 75 }, "geometry": { "type": "Point", "coordinates": [ -111.632558665393901, 33.449496586743813 ] } },
{ "type": "Feature", "properties": { "id": "4_31", "growth_scenario": "higher", "market_gravity_weight": 75 }, "geometry": { "type": "Point", "coordinates": [ -111.715207703208222, 33.334073871366577 ] } },
{ "type": "Feature", "properties": { "id": "4_32", "growth_scenario": "higher", "market_gravity_weight": 75 }, "geometry": { "type": "Point", "coordinates": [ -111.835049890798444, 33.267126936880452 ] } },
{ "type": "Feature", "properties": { "id": "4_33", "growth_scenario": "higher", "market_gravity_weight": 75 }, "geometry": { "type": "Point", "coordinates": [ -111.717126490551109, 33.329995082649475 ] } },
{ "type": "Feature", "properties": { "id": "4_34", "growth_scenario": "higher", "market_gravity_weight": 75 }, "geometry": { "type": "Point", "coordinates": [ -112.000325312534883, 33.312186372030496 ] } },
{ "type": "Feature", "properties": { "id": "4_35", "growth_scenario": "higher", "market_gravity_weight": 75 }, "geometry": { "type": "Point", "coordinates": [ -111.452943553681621, 33.349678345973331 ] } },
{ "type": "Feature", "properties": { "id": "4_36", "growth_scenario": "higher", "market_gravity_weight": 75 }, "geometry": { "type": "Point", "coordinates": [ -111.694177062565743, 33.33961174264472 ] } },
{ "type": "Feature", "properties": { "id": "4_37", "growth_scenario": "higher", "market_gravity_weight": 75 }, "geometry": { "type": "Point", "coordinates": [ -111.703029095025798, 33.489729934959328 ] } },
{ "type": "Feature", "properties": { "id": "4_38", "growth_scenario": "higher", "market_gravity_weight": 75 }, "geometry": { "type": "Point", "coordinates": [ -111.692363699814265, 33.337682952605256 ] } },
{ "type": "Feature", "properties": { "id": "4_39", "growth_scenario": "higher", "market_gravity_weight": 75 }, "geometry": { "type": "Point", "coordinates": [ -111.739544190568523, 33.457365576031677 ] } },
{ "type": "Feature", "properties": { "id": "4_4", "growth_scenario": "higher", "market_gravity_weight": 75 }, "geometry": { "type": "Point", "coordinates": [ -111.666013613760839, 33.443356332131508 ] } },
{ "type": "Feature", "properties": { "id": "4_40", "growth_scenario": "higher", "market_gravity_weight": 75 }, "geometry": { "type": "Point", "coordinates": [ -111.745344156060611, 33.477898575910807 ] } },
{ "type": "Feature", "properties": { "id": "4_41", "growth_scenario": "higher", "market_gravity_weight": 75 }, "geometry": { "type": "Point", "coordinates": [ -111.656507728291146, 33.442485020749317 ] } },
{ "type": "Feature", "properties": { "id": "4_42", "growth_scenario": "higher", "market_gravity_weight": 75 }, "geometry": { "type": "Point", "coordinates": [ -111.830094937965015, 33.267545199175856 ] } },
{ "type": "Feature", "properties": { "id": "4_43", "growth_scenario": "higher", "market_gravity_weight": 75 }, "geometry": { "type": "Point", "coordinates": [ -111.803221771063662, 33.268472032038865 ] } },
{ "type": "Feature", "properties": { "id": "4_44", "growth_scenario": "higher", "market_gravity_weight": 75 }, "geometry": { "type": "Point", "coordinates": [ -111.799829145701352, 33.26848992114143 ] } },
{ "type": "Feature", "properties": { "id": "4_45", "growth_scenario": "higher", "market_gravity_weight": 75 }, "geometry": { "type": "Point", "coordinates": [ -111.818485951251901, 33.261079320928687 ] } },
{ "type": "Feature", "properties": { "id": "4_46", "growth_scenario": "higher", "market_gravity_weight": 75 }, "geometry": { "type": "Point", "coordinates": [ -111.649493756040258, 33.44254136634909 ] } },
{ "type": "Feature", "properties": { "id": "4_47", "growth_scenario": "higher", "market_gravity_weight": 75 }, "geometry": { "type": "Point", "coordinates": [ -111.932507518319071, 33.700940061525316 ] } },
{ "type": "Feature", "properties": { "id": "4_48", "growth_scenario": "higher", "market_gravity_weight": 75 }, "geometry": { "type": "Point", "coordinates": [ -111.630856237941828, 33.199795801770044 ] } },
{ "type": "Feature", "properties": { "id": "4_49", "growth_scenario": "higher", "market_gravity_weight": 75 }, "geometry": { "type": "Point", "coordinates": [ -111.449494854149933, 33.349420737243285 ] } },
{ "type": "Feature", "properties": { "id": "4_5", "growth_scenario": "higher", "market_gravity_weight": 75 }, "geometry": { "type": "Point", "coordinates": [ -111.710153144083392, 33.484753724633585 ] } },
{ "type": "Feature", "properties": { "id": "4_50", "growth_scenario": "higher", "market_gravity_weight": 75 }, "geometry": { "type": "Point", "coordinates": [ -111.705092933158198, 33.604994940268398 ] } },
{ "type": "Feature", "properties": { "id": "4_51", "growth_scenario": "higher", "market_gravity_weight": 75 }, "geometry": { "type": "Point", "coordinates": [ -111.766109958244286, 33.281620971349142 ] } },
{ "type": "Feature", "properties": { "id": "4_52", "growth_scenario": "higher", "market_gravity_weight": 75 }, "geometry": { "type": "Point", "coordinates": [ -111.725345532225234, 33.482748693792047 ] } },
{ "type": "Feature", "properties": { "id": "4_53", "growth_scenario": "higher", "market_gravity_weight": 75 }, "geometry": { "type": "Point", "coordinates": [ -111.997573787855487, 33.770111705268924 ] } },
{ "type": "Feature", "properties": { "id": "4_54", "growth_scenario": "higher", "market_gravity_weight": 75 }, "geometry": { "type": "Point", "coordinates": [ -111.718353917249601, 33.332821762693442 ] } },
{ "type": "Feature", "properties": { "id": "4_55", "growth_scenario": "higher", "market_gravity_weight": 75 }, "geometry": { "type": "Point", "coordinates": [ -112.085728689742751, 33.678285850626352 ] } },
{ "type": "Feature", "properties": { "id": "4_56", "growth_scenario": "higher", "market_gravity_weight": 75 }, "geometry": { "type": "Point", "coordinates": [ -112.259191399473167, 33.424836977503311 ] } },
{ "type": "Feature", "properties": { "id": "4_57", "growth_scenario": "higher", "market_gravity_weight": 75 }, "geometry": { "type": "Point", "coordinates": [ -111.639191656104586, 33.384679983195703 ] } },
{ "type": "Feature", "properties": { "id": "4_58", "growth_scenario": "higher", "market_gravity_weight": 75 }, "geometry": { "type": "Point", "coordinates": [ -112.257992664435548, 33.488526819425054 ] } },
{ "type": "Feature", "properties": { "id": "4_59", "growth_scenario": "higher", "market_gravity_weight": 75 }, "geometry": { "type": "Point", "coordinates": [ -112.258656732025514, 33.491703196199992 ] } },
{ "type": "Feature", "properties": { "id": "4_6", "growth_scenario": "higher", "market_gravity_weight": 75 }, "geometry": { "type": "Point", "coordinates": [ -111.703954081057788, 33.479072309947959 ] } },
{ "type": "Feature", "properties": { "id": "4_60", "growth_scenario": "higher", "market_gravity_weight": 75 }, "geometry": { "type": "Point", "coordinates": [ -111.63600787971923, 33.38411894892598 ] } },
{ "type": "Feature", "properties": { "id": "4_61", "growth_scenario": "higher", "market_gravity_weight": 75 }, "geometry": { "type": "Point", "coordinates": [ -111.689482581778947, 33.353878463468249 ] } },
{ "type": "Feature", "properties": { "id": "4_62", "growth_scenario": "higher", "market_gravity_weight": 75 }, "geometry": { "type": "Point", "coordinates": [ -111.455371593146893, 33.34644431259413 ] } },
{ "type": "Feature", "properties": { "id": "4_63", "growth_scenario": "higher", "market_gravity_weight": 75 }, "geometry": { "type": "Point", "coordinates": [ -111.692114672076869, 33.341893840620429 ] } },
{ "type": "Feature", "properties": { "id": "4_64", "growth_scenario": "higher", "market_gravity_weight": 75 }, "geometry": { "type": "Point", "coordinates": [ -112.231202249006984, 33.467633732849229 ] } },
{ "type": "Feature", "properties": { "id": "4_65", "growth_scenario": "higher", "market_gravity_weight": 75 }, "geometry": { "type": "Point", "coordinates": [ -112.006057966010133, 33.31019792226445 ] } },
{ "type": "Feature", "properties": { "id": "4_66", "growth_scenario": "higher", "market_gravity_weight": 75 }, "geometry": { "type": "Point", "coordinates": [ -111.607438585941324, 33.3526381808487 ] } },
{ "type": "Feature", "properties": { "id": "4_67", "growth_scenario": "higher", "market_gravity_weight": 75 }, "geometry": { "type": "Point", "coordinates": [ -111.931765932144387, 33.703767063421402 ] } },
{ "type": "Feature", "properties": { "id": "4_68", "growth_scenario": "higher", "market_gravity_weight": 75 }, "geometry": { "type": "Point", "coordinates": [ -111.596081190362966, 33.391231995564198 ] } },
{ "type": "Feature", "properties": { "id": "4_69", "growth_scenario": "higher", "market_gravity_weight": 75 }, "geometry": { "type": "Point", "coordinates": [ -111.718799860066341, 33.337754041538275 ] } },
{ "type": "Feature", "properties": { "id": "4_7", "growth_scenario": "higher", "market_gravity_weight": 75 }, "geometry": { "type": "Point", "coordinates": [ -111.73378301971043, 33.472868662990891 ] } },
{ "type": "Feature", "properties": { "id": "4_70", "growth_scenario": "higher", "market_gravity_weight": 75 }, "geometry": { "type": "Point", "coordinates": [ -112.257563215835575, 33.42861375627983 ] } },
{ "type": "Feature", "properties": { "id": "4_71", "growth_scenario": "higher", "market_gravity_weight": 75 }, "geometry": { "type": "Point", "coordinates": [ -111.5440488895117, 33.416865574294988 ] } },
{ "type": "Feature", "properties": { "id": "4_72", "growth_scenario": "higher", "market_gravity_weight": 75 }, "geometry": { "type": "Point", "coordinates": [ -112.039545277480173, 33.680331691948318 ] } },
{ "type": "Feature", "properties": { "id": "4_73", "growth_scenario": "higher", "market_gravity_weight": 75 }, "geometry": { "type": "Point", "coordinates": [ -111.829912990222297, 33.265027441606996 ] } },
{ "type": "Feature", "properties": { "id": "4_74", "growth_scenario": "higher", "market_gravity_weight": 75 }, "geometry": { "type": "Point", "coordinates": [ -111.949032150264529, 33.29514316624109 ] } },
{ "type": "Feature", "properties": { "id": "4_75", "growth_scenario": "higher", "market_gravity_weight": 75 }, "geometry": { "type": "Point", "coordinates": [ -111.740162047166081, 33.478887019602375 ] } },
{ "type": "Feature", "properties": { "id": "4_76", "growth_scenario": "higher", "market_gravity_weight": 75 }, "geometry": { "type": "Point", "coordinates": [ -112.08931166762693, 33.368762195362478 ] } },
{ "type": "Feature", "properties": { "id": "4_8", "growth_scenario": "higher", "market_gravity_weight": 75 }, "geometry": { "type": "Point", "coordinates": [ -111.776613645498799, 33.473390753293486 ] } },
{ "type": "Feature", "properties": { "id": "4_9", "growth_scenario": "higher", "market_gravity_weight": 75 }, "geometry": { "type": "Point", "coordinates": [ -111.730345855291489, 33.472707856013358 ] } },
{ "type": "Feature", "properties": { "id": "6_0", "growth_scenario": "higher", "market_gravity_weight": 75 }, "geometry": { "type": "Point", "coordinates": [ -121.490179401187405, 38.65794914874634 ] } },
{ "type": "Feature", "properties": { "id": "6_1", "growth_scenario": "higher", "market_gravity_weight": 75 }, "geometry": { "type": "Point", "coordinates": [ -121.486569288562492, 38.658619684050805 ] } },
{ "type": "Feature", "properties": { "id": "6_10", "growth_scenario": "higher", "market_gravity_weight": 75 }, "geometry": { "type": "Point", "coordinates": [ -121.489008995050341, 38.665783604029514 ] } },
{ "type": "Feature", "properties": { "id": "6_100", "growth_scenario": "higher", "market_gravity_weight": 75 }, "geometry": { "type": "Point", "coordinates": [ -122.193495114793677, 37.416470755655439 ] } },
{ "type": "Feature", "properties": { "id": "6_101", "growth_scenario": "higher", "market_gravity_weight": 75 }, "geometry": { "type": "Point", "coordinates": [ -121.464069335355717, 38.707133974352772 ] } },
{ "type": "Feature", "properties": { "id": "6_102", "growth_scenario": "higher", "market_gravity_weight": 75 }, "geometry": { "type": "Point", "coordinates": [ -121.545981527401295, 38.605143660055326 ] } },
{ "type": "Feature", "properties": { "id": "6_103", "growth_scenario": "higher", "market_gravity_weight": 75 }, "geometry": { "type": "Point", "coordinates": [ -122.198379473166213, 37.408342192927556 ] } },
{ "type": "Feature", "properties": { "id": "6_104", "growth_scenario": "higher", "market_gravity_weight": 75 }, "geometry": { "type": "Point", "coordinates": [ -121.46209615261283, 38.708012918785293 ] } },
{ "type": "Feature", "properties": { "id": "6_105", "growth_scenario": "higher", "market_gravity_weight": 75 }, "geometry": { "type": "Point", "coordinates": [ -122.204765050422594, 37.410267234903792 ] } },
{ "type": "Feature", "properties": { "id": "6_106", "growth_scenario": "higher", "market_gravity_weight": 75 }, "geometry": { "type": "Point", "coordinates": [ -122.208208514153611, 37.411266894983335 ] } },
{ "type": "Feature", "properties": { "id": "6_107", "growth_scenario": "higher", "market_gravity_weight": 75 }, "geometry": { "type": "Point", "coordinates": [ -122.200593137887381, 37.406924895922977 ] } },
{ "type": "Feature", "properties": { "id": "6_108", "growth_scenario": "higher", "market_gravity_weight": 75 }, "geometry": { "type": "Point", "coordinates": [ -122.211022578383307, 37.413147739910919 ] } },
{ "type": "Feature", "properties": { "id": "6_109", "growth_scenario": "higher", "market_gravity_weight": 75 }, "geometry": { "type": "Point", "coordinates": [ -122.253441833383945, 38.267523985434025 ] } },
{ "type": "Feature", "properties": { "id": "6_11", "growth_scenario": "higher", "market_gravity_weight": 75 }, "geometry": { "type": "Point", "coordinates": [ -121.47294824857569, 38.659554700838846 ] } },
{ "type": "Feature", "properties": { "id": "6_110", "growth_scenario": "higher", "market_gravity_weight": 75 }, "geometry": { "type": "Point", "coordinates": [ -122.204510664939335, 37.406614118817522 ] } },
{ "type": "Feature", "properties": { "id": "6_111", "growth_scenario": "higher", "market_gravity_weight": 75 }, "geometry": { "type": "Point", "coordinates": [ -122.209140370553641, 37.408927629778454 ] } },
{ "type": "Feature", "properties": { "id": "6_112", "growth_scenario": "higher", "market_gravity_weight": 75 }, "geometry": { "type": "Point", "coordinates": [ -122.201713610840244, 37.404451239636494 ] } },
{ "type": "Feature", "properties": { "id": "6_113", "growth_scenario": "higher", "market_gravity_weight": 75 }, "geometry": { "type": "Point", "coordinates": [ -121.473152687655869, 38.712340988032196 ] } },
{ "type": "Feature", "properties": { "id": "6_114", "growth_scenario": "higher", "market_gravity_weight": 75 }, "geometry": { "type": "Point", "coordinates": [ -122.212691521179138, 37.410552484764722 ] } },
{ "type": "Feature", "properties": { "id": "6_12", "growth_scenario": "higher", "market_gravity_weight": 75 }, "geometry": { "type": "Point", "coordinates": [ -122.268341079376754, 38.260732874609928 ] } },
{ "type": "Feature", "properties": { "id": "6_13", "growth_scenario": "higher", "market_gravity_weight": 75 }, "geometry": { "type": "Point", "coordinates": [ -121.48021676706378, 38.665420947329281 ] } },
{ "type": "Feature", "properties": { "id": "6_14", "growth_scenario": "higher", "market_gravity_weight": 75 }, "geometry": { "type": "Point", "coordinates": [ -121.47452626503545, 38.664310031788126 ] } },
{ "type": "Feature", "properties": { "id": "6_15", "growth_scenario": "higher", "market_gravity_weight": 75 }, "geometry": { "type": "Point", "coordinates": [ -121.486743466038433, 38.667187647680194 ] } },
{ "type": "Feature", "properties": { "id": "6_16", "growth_scenario": "higher", "market_gravity_weight": 75 }, "geometry": { "type": "Point", "coordinates": [ -122.264964762347702, 38.261009764656997 ] } },
{ "type": "Feature", "properties": { "id": "6_17", "growth_scenario": "higher", "market_gravity_weight": 75 }, "geometry": { "type": "Point", "coordinates": [ -121.474191548888811, 38.669099311246448 ] } },
{ "type": "Feature", "properties": { "id": "6_18", "growth_scenario": "higher", "market_gravity_weight": 75 }, "geometry": { "type": "Point", "coordinates": [ -121.530378392662868, 38.658327662250215 ] } },
{ "type": "Feature", "properties": { "id": "6_19", "growth_scenario": "higher", "market_gravity_weight": 75 }, "geometry": { "type": "Point", "coordinates": [ -121.985197057838832, 37.495526720523138 ] } },
{ "type": "Feature", "properties": { "id": "6_2", "growth_scenario": "higher", "market_gravity_weight": 75 }, "geometry": { "type": "Point", "coordinates": [ -121.93612052294614, 37.424729812715718 ] } },
{ "type": "Feature", "properties": { "id": "6_20", "growth_scenario": "higher", "market_gravity_weight": 75 }, "geometry": { "type": "Point", "coordinates": [ -121.533569823809884, 38.660520530652029 ] } },
{ "type": "Feature", "properties": { "id": "6_21", "growth_scenario": "higher", "market_gravity_weight": 75 }, "geometry": { "type": "Point", "coordinates": [ -121.463810934761156, 38.673049178070578 ] } },
{ "type": "Feature", "properties": { "id": "6_22", "growth_scenario": "higher", "market_gravity_weight": 75 }, "geometry": { "type": "Point", "coordinates": [ -121.542163823166348, 38.640840291940414 ] } },
{ "type": "Feature", "properties": { "id": "6_23", "growth_scenario": "higher", "market_gravity_weight": 75 }, "geometry": { "type": "Point", "coordinates": [ -121.473006661915008, 38.680267029847705 ] } },
{ "type": "Feature", "properties": { "id": "6_24", "growth_scenario": "higher", "market_gravity_weight": 75 }, "geometry": { "type": "Point", "coordinates": [ -121.53708394125897, 38.6585733500185 ] } },
{ "type": "Feature", "properties": { "id": "6_25", "growth_scenario": "higher", "market_gravity_weight": 75 }, "geometry": { "type": "Point", "coordinates": [ -121.53545332011123, 38.664100788804355 ] } },
{ "type": "Feature", "properties": { "id": "6_26", "growth_scenario": "higher", "market_gravity_weight": 75 }, "geometry": { "type": "Point", "coordinates": [ -121.527195927691722, 38.62254257515616 ] } },
{ "type": "Feature", "properties": { "id": "6_27", "growth_scenario": "higher", "market_gravity_weight": 75 }, "geometry": { "type": "Point", "coordinates": [ -122.080845698550519, 37.317205141771929 ] } },
{ "type": "Feature", "properties": { "id": "6_28", "growth_scenario": "higher", "market_gravity_weight": 75 }, "geometry": { "type": "Point", "coordinates": [ -122.08337511288056, 37.318315939500728 ] } },
{ "type": "Feature", "properties": { "id": "6_29", "growth_scenario": "higher", "market_gravity_weight": 75 }, "geometry": { "type": "Point", "coordinates": [ -121.541899422660279, 38.637749983494039 ] } },
{ "type": "Feature", "properties": { "id": "6_3", "growth_scenario": "higher", "market_gravity_weight": 75 }, "geometry": { "type": "Point", "coordinates": [ -121.490673910392957, 38.660342804987529 ] } },
{ "type": "Feature", "properties": { "id": "6_30", "growth_scenario": "higher", "market_gravity_weight": 75 }, "geometry": { "type": "Point", "coordinates": [ -121.545401678976802, 38.641819908188808 ] } },
{ "type": "Feature", "properties": { "id": "6_31", "growth_scenario": "higher", "market_gravity_weight": 75 }, "geometry": { "type": "Point", "coordinates": [ -121.54585017342086, 38.639041200108011 ] } },
{ "type": "Feature", "properties": { "id": "6_32", "growth_scenario": "higher", "market_gravity_weight": 75 }, "geometry": { "type": "Point", "coordinates": [ -121.799650116929982, 37.338460377610453 ] } },
{ "type": "Feature", "properties": { "id": "6_33", "growth_scenario": "higher", "market_gravity_weight": 75 }, "geometry": { "type": "Point", "coordinates": [ -121.532590717652454, 38.62417587434291 ] } },
{ "type": "Feature", "properties": { "id": "6_34", "growth_scenario": "higher", "market_gravity_weight": 75 }, "geometry": { "type": "Point", "coordinates": [ -121.541670563224542, 38.633078984489714 ] } },
{ "type": "Feature", "properties": { "id": "6_35", "growth_scenario": "higher", "market_gravity_weight": 75 }, "geometry": { "type": "Point", "coordinates": [ -121.545119004046612, 38.63632740945323 ] } },
{ "type": "Feature", "properties": { "id": "6_36", "growth_scenario": "higher", "market_gravity_weight": 75 }, "geometry": { "type": "Point", "coordinates": [ -121.532673459418078, 38.621382247266212 ] } },
{ "type": "Feature", "properties": { "id": "6_37", "growth_scenario": "higher", "market_gravity_weight": 75 }, "geometry": { "type": "Point", "coordinates": [ -121.53588927289141, 38.625327771446607 ] } },
{ "type": "Feature", "properties": { "id": "6_38", "growth_scenario": "higher", "market_gravity_weight": 75 }, "geometry": { "type": "Point", "coordinates": [ -121.533114189161296, 38.619253065834627 ] } },
{ "type": "Feature", "properties": { "id": "6_39", "growth_scenario": "higher", "market_gravity_weight": 75 }, "geometry": { "type": "Point", "coordinates": [ -121.544778147007491, 38.631680110365423 ] } },
{ "type": "Feature", "properties": { "id": "6_4", "growth_scenario": "higher", "market_gravity_weight": 75 }, "geometry": { "type": "Point", "coordinates": [ -121.929199497043001, 37.426244872490493 ] } },
{ "type": "Feature", "properties": { "id": "6_40", "growth_scenario": "higher", "market_gravity_weight": 75 }, "geometry": { "type": "Point", "coordinates": [ -121.547132654604638, 38.633216972666894 ] } },
{ "type": "Feature", "properties": { "id": "6_41", "growth_scenario": "higher", "market_gravity_weight": 75 }, "geometry": { "type": "Point", "coordinates": [ -121.536307245459938, 38.622463084698246 ] } },
{ "type": "Feature", "properties": { "id": "6_42", "growth_scenario": "higher", "market_gravity_weight": 75 }, "geometry": { "type": "Point", "coordinates": [ -121.82330122983096, 37.293561917186615 ] } },
{ "type": "Feature", "properties": { "id": "6_43", "growth_scenario": "higher", "market_gravity_weight": 75 }, "geometry": { "type": "Point", "coordinates": [ -121.548896323945741, 38.63747019623414 ] } },
{ "type": "Feature", "properties": { "id": "6_44", "growth_scenario": "higher", "market_gravity_weight": 75 }, "geometry": { "type": "Point", "coordinates": [ -121.549029816202918, 38.640865920954397 ] } },
{ "type": "Feature", "properties": { "id": "6_45", "growth_scenario": "higher", "market_gravity_weight": 75 }, "geometry": { "type": "Point", "coordinates": [ -121.542491401090444, 38.625964597659767 ] } },
{ "type": "Feature", "properties": { "id": "6_46", "growth_scenario": "higher", "market_gravity_weight": 75 }, "geometry": { "type": "Point", "coordinates": [ -121.551190543393389, 38.636151027086079 ] } },
{ "type": "Feature", "properties": { "id": "6_47", "growth_scenario": "higher", "market_gravity_weight": 75 }, "geometry": { "type": "Point", "coordinates": [ -121.552125146642226, 38.64178304625969 ] } },
{ "type": "Feature", "properties": { "id": "6_48", "growth_scenario": "higher", "market_gravity_weight": 75 }, "geometry": { "type": "Point", "coordinates": [ -121.553051413845154, 38.638995521392999 ] } },
{ "type": "Feature", "properties": { "id": "6_49", "growth_scenario": "higher", "market_gravity_weight": 75 }, "geometry": { "type": "Point", "coordinates": [ -121.551577173639046, 38.633200275845311 ] } },
{ "type": "Feature", "properties": { "id": "6_5", "growth_scenario": "higher", "market_gravity_weight": 75 }, "geometry": { "type": "Point", "coordinates": [ -121.931949670300057, 37.429627290024847 ] } },
{ "type": "Feature", "properties": { "id": "6_50", "growth_scenario": "higher", "market_gravity_weight": 75 }, "geometry": { "type": "Point", "coordinates": [ -121.547546826558005, 38.629335021894462 ] } },
{ "type": "Feature", "properties": { "id": "6_51", "growth_scenario": "higher", "market_gravity_weight": 75 }, "geometry": { "type": "Point", "coordinates": [ -121.910254363515151, 37.543240766911374 ] } },
{ "type": "Feature", "properties": { "id": "6_52", "growth_scenario": "higher", "market_gravity_weight": 75 }, "geometry": { "type": "Point", "coordinates": [ -121.541279242477003, 38.622242312425811 ] } },
{ "type": "Feature", "properties": { "id": "6_53", "growth_scenario": "higher", "market_gravity_weight": 75 }, "geometry": { "type": "Point", "coordinates": [ -121.554109446550214, 38.644971570683012 ] } },
{ "type": "Feature", "properties": { "id": "6_54", "growth_scenario": "higher", "market_gravity_weight": 75 }, "geometry": { "type": "Point", "coordinates": [ -121.55042948124165, 38.630667327083636 ] } },
{ "type": "Feature", "properties": { "id": "6_55", "growth_scenario": "higher", "market_gravity_weight": 75 }, "geometry": { "type": "Point", "coordinates": [ -121.464070867222119, 38.693996007318269 ] } },
{ "type": "Feature", "properties": { "id": "6_56", "growth_scenario": "higher", "market_gravity_weight": 75 }, "geometry": { "type": "Point", "coordinates": [ -121.472480265687395, 38.694626389632724 ] } },
{ "type": "Feature", "properties": { "id": "6_57", "growth_scenario": "higher", "market_gravity_weight": 75 }, "geometry": { "type": "Point", "coordinates": [ -121.468429210798107, 38.694741432170609 ] } },
{ "type": "Feature", "properties": { "id": "6_58", "growth_scenario": "higher", "market_gravity_weight": 75 }, "geometry": { "type": "Point", "coordinates": [ -121.912137036786447, 37.545516559154734 ] } },
{ "type": "Feature", "properties": { "id": "6_59", "growth_scenario": "higher", "market_gravity_weight": 75 }, "geometry": { "type": "Point", "coordinates": [ -121.54161599473629, 38.619487312426543 ] } },
{ "type": "Feature", "properties": { "id": "6_6", "growth_scenario": "higher", "market_gravity_weight": 75 }, "geometry": { "type": "Point", "coordinates": [ -121.482224433586723, 38.637702409015198 ] } },
{ "type": "Feature", "properties": { "id": "6_60", "growth_scenario": "higher", "market_gravity_weight": 75 }, "geometry": { "type": "Point", "coordinates": [ -121.796526738131234, 37.2804155449288 ] } },
{ "type": "Feature", "properties": { "id": "6_61", "growth_scenario": "higher", "market_gravity_weight": 75 }, "geometry": { "type": "Point", "coordinates": [ -121.786466443056028, 37.272050249229949 ] } },
{ "type": "Feature", "properties": { "id": "6_62", "growth_scenario": "higher", "market_gravity_weight": 75 }, "geometry": { "type": "Point", "coordinates": [ -121.906007658240682, 37.550931406419615 ] } },
{ "type": "Feature", "properties": { "id": "6_63", "growth_scenario": "higher", "market_gravity_weight": 75 }, "geometry": { "type": "Point", "coordinates": [ -121.789475171311054, 37.280193601130456 ] } },
{ "type": "Feature", "properties": { "id": "6_64", "growth_scenario": "higher", "market_gravity_weight": 75 }, "geometry": { "type": "Point", "coordinates": [ -121.555280471276944, 38.636487028796502 ] } },
{ "type": "Feature", "properties": { "id": "6_65", "growth_scenario": "higher", "market_gravity_weight": 75 }, "geometry": { "type": "Point", "coordinates": [ -121.556046355736228, 38.640303994913609 ] } },
{ "type": "Feature", "properties": { "id": "6_66", "growth_scenario": "higher", "market_gravity_weight": 75 }, "geometry": { "type": "Point", "coordinates": [ -121.477264590630497, 38.600909273000127 ] } },
{ "type": "Feature", "properties": { "id": "6_67", "growth_scenario": "higher", "market_gravity_weight": 75 }, "geometry": { "type": "Point", "coordinates": [ -121.541883104119265, 38.617209762749717 ] } },
{ "type": "Feature", "properties": { "id": "6_68", "growth_scenario": "higher", "market_gravity_weight": 75 }, "geometry": { "type": "Point", "coordinates": [ -121.78583641406405, 37.279597672697541 ] } },
{ "type": "Feature", "properties": { "id": "6_69", "growth_scenario": "higher", "market_gravity_weight": 75 }, "geometry": { "type": "Point", "coordinates": [ -121.557085287354383, 38.646561754018848 ] } },
{ "type": "Feature", "properties": { "id": "6_7", "growth_scenario": "higher", "market_gravity_weight": 75 }, "geometry": { "type": "Point", "coordinates": [ -121.4884085820199, 38.661746878756183 ] } },
{ "type": "Feature", "properties": { "id": "6_70", "growth_scenario": "higher", "market_gravity_weight": 75 }, "geometry": { "type": "Point", "coordinates": [ -121.558389132489481, 38.644156828943139 ] } },
{ "type": "Feature", "properties": { "id": "6_71", "growth_scenario": "higher", "market_gravity_weight": 75 }, "geometry": { "type": "Point", "coordinates": [ -121.787490097229991, 37.283590494442421 ] } },
{ "type": "Feature", "properties": { "id": "6_72", "growth_scenario": "higher", "market_gravity_weight": 75 }, "geometry": { "type": "Point", "coordinates": [ -122.263056584433969, 38.269867248001624 ] } },
{ "type": "Feature", "properties": { "id": "6_73", "growth_scenario": "higher", "market_gravity_weight": 75 }, "geometry": { "type": "Point", "coordinates": [ -121.904311837207331, 37.553154564487258 ] } },
{ "type": "Feature", "properties": { "id": "6_74", "growth_scenario": "higher", "market_gravity_weight": 75 }, "geometry": { "type": "Point", "coordinates": [ -121.55816391794788, 38.649572103556523 ] } },
{ "type": "Feature", "properties": { "id": "6_75", "growth_scenario": "higher", "market_gravity_weight": 75 }, "geometry": { "type": "Point", "coordinates": [ -121.554318385237224, 38.631786249006673 ] } },
{ "type": "Feature", "properties": { "id": "6_76", "growth_scenario": "higher", "market_gravity_weight": 75 }, "geometry": { "type": "Point", "coordinates": [ -121.558144190337856, 38.638100889065633 ] } },
{ "type": "Feature", "properties": { "id": "6_77", "growth_scenario": "higher", "market_gravity_weight": 75 }, "geometry": { "type": "Point", "coordinates": [ -121.776886557740937, 37.271360208898955 ] } },
{ "type": "Feature", "properties": { "id": "6_78", "growth_scenario": "higher", "market_gravity_weight": 75 }, "geometry": { "type": "Point", "coordinates": [ -121.772541030831562, 37.269436107384685 ] } },
{ "type": "Feature", "properties": { "id": "6_79", "growth_scenario": "higher", "market_gravity_weight": 75 }, "geometry": { "type": "Point", "coordinates": [ -122.072618040035607, 37.549561111258768 ] } },
{ "type": "Feature", "properties": { "id": "6_8", "growth_scenario": "higher", "market_gravity_weight": 75 }, "geometry": { "type": "Point", "coordinates": [ -121.491699640319581, 38.663549434257192 ] } },
{ "type": "Feature", "properties": { "id": "6_80", "growth_scenario": "higher", "market_gravity_weight": 75 }, "geometry": { "type": "Point", "coordinates": [ -121.775592045023359, 37.264047308290564 ] } },
{ "type": "Feature", "properties": { "id": "6_81", "growth_scenario": "higher", "market_gravity_weight": 75 }, "geometry": { "type": "Point", "coordinates": [ -122.071377779624399, 37.55270722626188 ] } },
{ "type": "Feature", "properties": { "id": "6_82", "growth_scenario": "higher", "market_gravity_weight": 75 }, "geometry": { "type": "Point", "coordinates": [ -121.897229662381307, 37.217075291269666 ] } },
{ "type": "Feature", "properties": { "id": "6_83", "growth_scenario": "higher", "market_gravity_weight": 75 }, "geometry": { "type": "Point", "coordinates": [ -121.473291334069629, 38.70194935676404 ] } },
{ "type": "Feature", "properties": { "id": "6_84", "growth_scenario": "higher", "market_gravity_weight": 75 }, "geometry": { "type": "Point", "coordinates": [ -121.468912791326943, 38.701485825006763 ] } },
{ "type": "Feature", "properties": { "id": "6_85", "growth_scenario": "higher", "market_gravity_weight": 75 }, "geometry": { "type": "Point", "coordinates": [ -121.772119470721748, 37.265915729828073 ] } },
{ "type": "Feature", "properties": { "id": "6_86", "growth_scenario": "higher", "market_gravity_weight": 75 }, "geometry": { "type": "Point", "coordinates": [ -121.77299578340542, 37.262390318943744 ] } },
{ "type": "Feature", "properties": { "id": "6_87", "growth_scenario": "higher", "market_gravity_weight": 75 }, "geometry": { "type": "Point", "coordinates": [ -121.464402638761868, 38.701327480521982 ] } },
{ "type": "Feature", "properties": { "id": "6_88", "growth_scenario": "higher", "market_gravity_weight": 75 }, "geometry": { "type": "Point", "coordinates": [ -122.258269810512374, 38.269896728458136 ] } },
{ "type": "Feature", "properties": { "id": "6_89", "growth_scenario": "higher", "market_gravity_weight": 75 }, "geometry": { "type": "Point", "coordinates": [ -121.769182370366792, 37.265629650965479 ] } },
{ "type": "Feature", "properties": { "id": "6_9", "growth_scenario": "higher", "market_gravity_weight": 75 }, "geometry": { "type": "Point", "coordinates": [ -121.486724684098021, 38.663768210907442 ] } },
{ "type": "Feature", "properties": { "id": "6_90", "growth_scenario": "higher", "market_gravity_weight": 75 }, "geometry": { "type": "Point", "coordinates": [ -122.07064988217131, 37.556945749455373 ] } },
{ "type": "Feature", "properties": { "id": "6_91", "growth_scenario": "higher", "market_gravity_weight": 75 }, "geometry": { "type": "Point", "coordinates": [ -122.067855418198704, 37.560062485029746 ] } },
{ "type": "Feature", "properties": { "id": "6_92", "growth_scenario": "higher", "market_gravity_weight": 75 }, "geometry": { "type": "Point", "coordinates": [ -122.252405021911301, 38.264041933171022 ] } },
{ "type": "Feature", "properties": { "id": "6_93", "growth_scenario": "higher", "market_gravity_weight": 75 }, "geometry": { "type": "Point", "coordinates": [ -121.768584422910905, 37.262610844407575 ] } },
{ "type": "Feature", "properties": { "id": "6_94", "growth_scenario": "higher", "market_gravity_weight": 75 }, "geometry": { "type": "Point", "coordinates": [ -121.475186393367139, 38.7069155266636 ] } },
{ "type": "Feature", "properties": { "id": "6_95", "growth_scenario": "higher", "market_gravity_weight": 75 }, "geometry": { "type": "Point", "coordinates": [ -122.190122687324063, 37.413043934586987 ] } },
{ "type": "Feature", "properties": { "id": "6_96", "growth_scenario": "higher", "market_gravity_weight": 75 }, "geometry": { "type": "Point", "coordinates": [ -121.470930503100561, 38.70679618938324 ] } },
{ "type": "Feature", "properties": { "id": "6_97", "growth_scenario": "higher", "market_gravity_weight": 75 }, "geometry": { "type": "Point", "coordinates": [ -122.190494228184193, 37.409808857130514 ] } },
{ "type": "Feature", "properties": { "id": "6_98", "growth_scenario": "higher", "market_gravity_weight": 75 }, "geometry": { "type": "Point", "coordinates": [ -122.186454629997172, 37.409126097002989 ] } },
{ "type": "Feature", "properties": { "id": "6_99", "growth_scenario": "higher", "market_gravity_weight": 75 }, "geometry": { "type": "Point", "coordinates": [ -122.20467573942534, 37.413625489729228 ] } },
{ "type": "Feature", "properties": { "id": "8_0", "growth_scenario": "higher", "market_gravity_weight": 75 }, "geometry": { "type": "Point", "coordinates": [ -104.782841603852589, 38.986174679237067 ] } },
{ "type": "Feature", "properties": { "id": "8_1", "growth_scenario": "higher", "market_gravity_weight": 75 }, "geometry": { "type": "Point", "coordinates": [ -105.014525012010196, 39.989104629933635 ] } },
{ "type": "Feature", "properties": { "id": "8_10", "growth_scenario": "higher", "market_gravity_weight": 75 }, "geometry": { "type": "Point", "coordinates": [ -105.009922184028838, 39.982711535022815 ] } },
{ "type": "Feature", "properties": { "id": "8_11", "growth_scenario": "higher", "market_gravity_weight": 75 }, "geometry": { "type": "Point", "coordinates": [ -105.007366542595733, 39.990694681161315 ] } },
{ "type": "Feature", "properties": { "id": "8_12", "growth_scenario": "higher", "market_gravity_weight": 75 }, "geometry": { "type": "Point", "coordinates": [ -104.779853399020666, 38.994361288931032 ] } },
{ "type": "Feature", "properties": { "id": "8_13", "growth_scenario": "higher", "market_gravity_weight": 75 }, "geometry": { "type": "Point", "coordinates": [ -104.774483217232941, 38.989634792581811 ] } },
{ "type": "Feature", "properties": { "id": "8_14", "growth_scenario": "higher", "market_gravity_weight": 75 }, "geometry": { "type": "Point", "coordinates": [ -104.787856436995952, 38.996660647000255 ] } },
{ "type": "Feature", "properties": { "id": "8_15", "growth_scenario": "higher", "market_gravity_weight": 75 }, "geometry": { "type": "Point", "coordinates": [ -104.784534171087415, 38.997254876422375 ] } },
{ "type": "Feature", "properties": { "id": "8_16", "growth_scenario": "higher", "market_gravity_weight": 75 }, "geometry": { "type": "Point", "coordinates": [ -105.004196980344574, 39.988143079935924 ] } },
{ "type": "Feature", "properties": { "id": "8_17", "growth_scenario": "higher", "market_gravity_weight": 75 }, "geometry": { "type": "Point", "coordinates": [ -104.801959977640806, 38.978812994511451 ] } },
{ "type": "Feature", "properties": { "id": "8_2", "growth_scenario": "higher", "market_gravity_weight": 75 }, "geometry": { "type": "Point", "coordinates": [ -104.783071973135179, 38.990011233734585 ] } },
{ "type": "Feature", "properties": { "id": "8_3", "growth_scenario": "higher", "market_gravity_weight": 75 }, "geometry": { "type": "Point", "coordinates": [ -104.780211495980524, 38.984748456807651 ] } },
{ "type": "Feature", "properties": { "id": "8_4", "growth_scenario": "higher", "market_gravity_weight": 75 }, "geometry": { "type": "Point", "coordinates": [ -104.779470462956724, 38.988295506687685 ] } },
{ "type": "Feature", "properties": { "id": "8_5", "growth_scenario": "higher", "market_gravity_weight": 75 }, "geometry": { "type": "Point", "coordinates": [ -105.011511247592125, 39.991562454682906 ] } },
{ "type": "Feature", "properties": { "id": "8_6", "growth_scenario": "higher", "market_gravity_weight": 75 }, "geometry": { "type": "Point", "coordinates": [ -104.776913387766072, 38.986505625155473 ] } },
{ "type": "Feature", "properties": { "id": "8_7", "growth_scenario": "higher", "market_gravity_weight": 75 }, "geometry": { "type": "Point", "coordinates": [ -104.781600278403403, 38.992355717562951 ] } },
{ "type": "Feature", "properties": { "id": "8_8", "growth_scenario": "higher", "market_gravity_weight": 75 }, "geometry": { "type": "Point", "coordinates": [ -105.014240265368116, 39.982132315877685 ] } },
{ "type": "Feature", "properties": { "id": "8_9", "growth_scenario": "higher", "market_gravity_weight": 75 }, "geometry": { "type": "Point", "coordinates": [ -104.777914896394506, 38.990914695560811 ] } },
{ "type": "Feature", "properties": { "id": "9_0", "growth_scenario": "higher", "market_gravity_weight": 75 }, "geometry": { "type": "Point", "coordinates": [ -73.149138601381608, 41.379218583789928 ] } },
{ "type": "Feature", "properties": { "id": "9_1", "growth_scenario": "higher", "market_gravity_weight": 75 }, "geometry": { "type": "Point", "coordinates": [ -73.149973514745142, 41.3819458894558 ] } },
{ "type": "Feature", "properties": { "id": "9_2", "growth_scenario": "higher", "market_gravity_weight": 75 }, "geometry": { "type": "Point", "coordinates": [ -72.987914512520931, 41.370406452764833 ] } },
{ "type": "Feature", "properties": { "id": "12_0", "growth_scenario": "higher", "market_gravity_weight": 75 }, "geometry": { "type": "Point", "coordinates": [ -80.307510504786947, 25.965203978370855 ] } },
{ "type": "Feature", "properties": { "id": "12_1", "growth_scenario": "higher", "market_gravity_weight": 75 }, "geometry": { "type": "Point", "coordinates": [ -80.305200754145545, 25.966881295984887 ] } },
{ "type": "Feature", "properties": { "id": "12_10", "growth_scenario": "higher", "market_gravity_weight": 75 }, "geometry": { "type": "Point", "coordinates": [ -80.417577908633021, 26.038621432884501 ] } },
{ "type": "Feature", "properties": { "id": "12_11", "growth_scenario": "higher", "market_gravity_weight": 75 }, "geometry": { "type": "Point", "coordinates": [ -80.420584066437826, 25.997351293571057 ] } },
{ "type": "Feature", "properties": { "id": "12_12", "growth_scenario": "higher", "market_gravity_weight": 75 }, "geometry": { "type": "Point", "coordinates": [ -80.430437812557869, 26.037992797612706 ] } },
{ "type": "Feature", "properties": { "id": "12_13", "growth_scenario": "higher", "market_gravity_weight": 75 }, "geometry": { "type": "Point", "coordinates": [ -80.418803065499986, 26.041854137674349 ] } },
{ "type": "Feature", "properties": { "id": "12_14", "growth_scenario": "higher", "market_gravity_weight": 75 }, "geometry": { "type": "Point", "coordinates": [ -80.421352819535898, 26.037164930354717 ] } },
{ "type": "Feature", "properties": { "id": "12_15", "growth_scenario": "higher", "market_gravity_weight": 75 }, "geometry": { "type": "Point", "coordinates": [ -80.42836300391015, 26.032784807401576 ] } },
{ "type": "Feature", "properties": { "id": "12_16", "growth_scenario": "higher", "market_gravity_weight": 75 }, "geometry": { "type": "Point", "coordinates": [ -80.357708433079011, 26.07666701352035 ] } },
{ "type": "Feature", "properties": { "id": "12_2", "growth_scenario": "higher", "market_gravity_weight": 75 }, "geometry": { "type": "Point", "coordinates": [ -80.306030297698626, 25.962852773716875 ] } },
{ "type": "Feature", "properties": { "id": "12_3", "growth_scenario": "higher", "market_gravity_weight": 75 }, "geometry": { "type": "Point", "coordinates": [ -80.302370499850284, 25.965338738896637 ] } },
{ "type": "Feature", "properties": { "id": "12_4", "growth_scenario": "higher", "market_gravity_weight": 75 }, "geometry": { "type": "Point", "coordinates": [ -80.306436885717702, 25.958944008918071 ] } },
{ "type": "Feature", "properties": { "id": "12_5", "growth_scenario": "higher", "market_gravity_weight": 75 }, "geometry": { "type": "Point", "coordinates": [ -80.193671997259372, 26.075122809781757 ] } },
{ "type": "Feature", "properties": { "id": "12_6", "growth_scenario": "higher", "market_gravity_weight": 75 }, "geometry": { "type": "Point", "coordinates": [ -80.316032974174561, 26.092174025417638 ] } },
{ "type": "Feature", "properties": { "id": "12_7", "growth_scenario": "higher", "market_gravity_weight": 75 }, "geometry": { "type": "Point", "coordinates": [ -80.415909375166294, 26.032274831894807 ] } },
{ "type": "Feature", "properties": { "id": "12_8", "growth_scenario": "higher", "market_gravity_weight": 75 }, "geometry": { "type": "Point", "coordinates": [ -80.414938044158077, 26.036558054807834 ] } },
{ "type": "Feature", "properties": { "id": "12_9", "growth_scenario": "higher", "market_gravity_weight": 75 }, "geometry": { "type": "Point", "coordinates": [ -80.417851269134147, 26.035985966300007 ] } },
{ "type": "Feature", "properties": { "id": "13_0", "growth_scenario": "higher", "market_gravity_weight": 75 }, "geometry": { "type": "Point", "coordinates": [ -83.709219012290163, 33.608945451217764 ] } },
{ "type": "Feature", "properties": { "id": "13_1", "growth_scenario": "higher", "market_gravity_weight": 75 }, "geometry": { "type": "Point", "coordinates": [ -84.438681903080393, 33.911061074211645 ] } },
{ "type": "Feature", "properties": { "id": "13_10", "growth_scenario": "higher", "market_gravity_weight": 75 }, "geometry": { "type": "Point", "coordinates": [ -84.549183692996621, 33.681750189262551 ] } },
{ "type": "Feature", "properties": { "id": "13_11", "growth_scenario": "higher", "market_gravity_weight": 75 }, "geometry": { "type": "Point", "coordinates": [ -84.55119271755143, 33.679245551431329 ] } },
{ "type": "Feature", "properties": { "id": "13_12", "growth_scenario": "higher", "market_gravity_weight": 75 }, "geometry": { "type": "Point", "coordinates": [ -84.622657319915888, 33.85592674634556 ] } },
{ "type": "Feature", "properties": { "id": "13_13", "growth_scenario": "higher", "market_gravity_weight": 75 }, "geometry": { "type": "Point", "coordinates": [ -84.640558016673509, 33.767912465332437 ] } },
{ "type": "Feature", "properties": { "id": "13_14", "growth_scenario": "higher", "market_gravity_weight": 75 }, "geometry": { "type": "Point", "coordinates": [ -84.895363174134062, 32.509985700375623 ] } },
{ "type": "Feature", "properties": { "id": "13_15", "growth_scenario": "higher", "market_gravity_weight": 75 }, "geometry": { "type": "Point", "coordinates": [ -84.57408624267066, 33.903666419688342 ] } },
{ "type": "Feature", "properties": { "id": "13_16", "growth_scenario": "higher", "market_gravity_weight": 75 }, "geometry": { "type": "Point", "coordinates": [ -84.381276716267635, 34.104064523199384 ] } },
{ "type": "Feature", "properties": { "id": "13_17", "growth_scenario": "higher", "market_gravity_weight": 75 }, "geometry": { "type": "Point", "coordinates": [ -84.613343567070757, 33.685158863418934 ] } },
{ "type": "Feature", "properties": { "id": "13_18", "growth_scenario": "higher", "market_gravity_weight": 75 }, "geometry": { "type": "Point", "coordinates": [ -84.175716703935208, 34.09183977866558 ] } },
{ "type": "Feature", "properties": { "id": "13_19", "growth_scenario": "higher", "market_gravity_weight": 75 }, "geometry": { "type": "Point", "coordinates": [ -84.382421298323123, 34.106703649511992 ] } },
{ "type": "Feature", "properties": { "id": "13_2", "growth_scenario": "higher", "market_gravity_weight": 75 }, "geometry": { "type": "Point", "coordinates": [ -84.886946857045572, 32.503920656906963 ] } },
{ "type": "Feature", "properties": { "id": "13_20", "growth_scenario": "higher", "market_gravity_weight": 75 }, "geometry": { "type": "Point", "coordinates": [ -84.327972886291491, 34.167194764854834 ] } },
{ "type": "Feature", "properties": { "id": "13_21", "growth_scenario": "higher", "market_gravity_weight": 75 }, "geometry": { "type": "Point", "coordinates": [ -84.582774761972644, 33.901283457894763 ] } },
{ "type": "Feature", "properties": { "id": "13_22", "growth_scenario": "higher", "market_gravity_weight": 75 }, "geometry": { "type": "Point", "coordinates": [ -84.343480888511152, 33.702884112624155 ] } },
{ "type": "Feature", "properties": { "id": "13_23", "growth_scenario": "higher", "market_gravity_weight": 75 }, "geometry": { "type": "Point", "coordinates": [ -84.171325206941688, 33.825084007141228 ] } },
{ "type": "Feature", "properties": { "id": "13_24", "growth_scenario": "higher", "market_gravity_weight": 75 }, "geometry": { "type": "Point", "coordinates": [ -84.169071540729462, 33.823318713093606 ] } },
{ "type": "Feature", "properties": { "id": "13_25", "growth_scenario": "higher", "market_gravity_weight": 75 }, "geometry": { "type": "Point", "coordinates": [ -84.329725825948017, 33.704823317046582 ] } },
{ "type": "Feature", "properties": { "id": "13_26", "growth_scenario": "higher", "market_gravity_weight": 75 }, "geometry": { "type": "Point", "coordinates": [ -84.282147195669822, 34.173102040945913 ] } },
{ "type": "Feature", "properties": { "id": "13_27", "growth_scenario": "higher", "market_gravity_weight": 75 }, "geometry": { "type": "Point", "coordinates": [ -84.677645827292835, 33.759132946454095 ] } },
{ "type": "Feature", "properties": { "id": "13_28", "growth_scenario": "higher", "market_gravity_weight": 75 }, "geometry": { "type": "Point", "coordinates": [ -83.709745511901943, 33.604217139225042 ] } },
{ "type": "Feature", "properties": { "id": "13_29", "growth_scenario": "higher", "market_gravity_weight": 75 }, "geometry": { "type": "Point", "coordinates": [ -84.32795396856244, 33.628967423834574 ] } },
{ "type": "Feature", "properties": { "id": "13_3", "growth_scenario": "higher", "market_gravity_weight": 75 }, "geometry": { "type": "Point", "coordinates": [ -83.70479913145553, 33.611992017614561 ] } },
{ "type": "Feature", "properties": { "id": "13_30", "growth_scenario": "higher", "market_gravity_weight": 75 }, "geometry": { "type": "Point", "coordinates": [ -84.51659949365083, 33.686068503052077 ] } },
{ "type": "Feature", "properties": { "id": "13_31", "growth_scenario": "higher", "market_gravity_weight": 75 }, "geometry": { "type": "Point", "coordinates": [ -84.283033087412505, 34.176707499141344 ] } },
{ "type": "Feature", "properties": { "id": "13_32", "growth_scenario": "higher", "market_gravity_weight": 75 }, "geometry": { "type": "Point", "coordinates": [ -84.507905453258417, 33.966850143059645 ] } },
{ "type": "Feature", "properties": { "id": "13_33", "growth_scenario": "higher", "market_gravity_weight": 75 }, "geometry": { "type": "Point", "coordinates": [ -83.705740480646014, 33.614350025597375 ] } },
{ "type": "Feature", "properties": { "id": "13_34", "growth_scenario": "higher", "market_gravity_weight": 75 }, "geometry": { "type": "Point", "coordinates": [ -84.005632651389618, 33.827758236814887 ] } },
{ "type": "Feature", "properties": { "id": "13_35", "growth_scenario": "higher", "market_gravity_weight": 75 }, "geometry": { "type": "Point", "coordinates": [ -84.174765301258788, 34.127627421437992 ] } },
{ "type": "Feature", "properties": { "id": "13_36", "growth_scenario": "higher", "market_gravity_weight": 75 }, "geometry": { "type": "Point", "coordinates": [ -84.174263647079741, 34.130912009375038 ] } },
{ "type": "Feature", "properties": { "id": "13_37", "growth_scenario": "higher", "market_gravity_weight": 75 }, "geometry": { "type": "Point", "coordinates": [ -84.540917583777755, 33.753599336521006 ] } },
{ "type": "Feature", "properties": { "id": "13_38", "growth_scenario": "higher", "market_gravity_weight": 75 }, "geometry": { "type": "Point", "coordinates": [ -84.550638201224061, 33.684510243205125 ] } },
{ "type": "Feature", "properties": { "id": "13_39", "growth_scenario": "higher", "market_gravity_weight": 75 }, "geometry": { "type": "Point", "coordinates": [ -84.664285496589201, 33.707240942861858 ] } },
{ "type": "Feature", "properties": { "id": "13_4", "growth_scenario": "higher", "market_gravity_weight": 75 }, "geometry": { "type": "Point", "coordinates": [ -83.709828926792042, 33.612712321767319 ] } },
{ "type": "Feature", "properties": { "id": "13_40", "growth_scenario": "higher", "market_gravity_weight": 75 }, "geometry": { "type": "Point", "coordinates": [ -84.557225858232329, 33.760364176075605 ] } },
{ "type": "Feature", "properties": { "id": "13_41", "growth_scenario": "higher", "market_gravity_weight": 75 }, "geometry": { "type": "Point", "coordinates": [ -84.300227074304914, 33.606746567793053 ] } },
{ "type": "Feature", "properties": { "id": "13_42", "growth_scenario": "higher", "market_gravity_weight": 75 }, "geometry": { "type": "Point", "coordinates": [ -84.306499788869715, 33.607206345735143 ] } },
{ "type": "Feature", "properties": { "id": "13_43", "growth_scenario": "higher", "market_gravity_weight": 75 }, "geometry": { "type": "Point", "coordinates": [ -83.71314681487452, 33.604852886665086 ] } },
{ "type": "Feature", "properties": { "id": "13_44", "growth_scenario": "higher", "market_gravity_weight": 75 }, "geometry": { "type": "Point", "coordinates": [ -84.020929705394707, 34.054495848685363 ] } },
{ "type": "Feature", "properties": { "id": "13_45", "growth_scenario": "higher", "market_gravity_weight": 75 }, "geometry": { "type": "Point", "coordinates": [ -84.55855741496066, 34.031467914592618 ] } },
{ "type": "Feature", "properties": { "id": "13_46", "growth_scenario": "higher", "market_gravity_weight": 75 }, "geometry": { "type": "Point", "coordinates": [ -84.261852743755171, 34.200158488433281 ] } },
{ "type": "Feature", "properties": { "id": "13_47", "growth_scenario": "higher", "market_gravity_weight": 75 }, "geometry": { "type": "Point", "coordinates": [ -84.897632087910708, 32.508403067567329 ] } },
{ "type": "Feature", "properties": { "id": "13_48", "growth_scenario": "higher", "market_gravity_weight": 75 }, "geometry": { "type": "Point", "coordinates": [ -84.258447224153585, 34.198640658874865 ] } },
{ "type": "Feature", "properties": { "id": "13_49", "growth_scenario": "higher", "market_gravity_weight": 75 }, "geometry": { "type": "Point", "coordinates": [ -84.466616027985964, 33.560204902787468 ] } },
{ "type": "Feature", "properties": { "id": "13_5", "growth_scenario": "higher", "market_gravity_weight": 75 }, "geometry": { "type": "Point", "coordinates": [ -84.153363640509966, 33.927858188895556 ] } },
{ "type": "Feature", "properties": { "id": "13_50", "growth_scenario": "higher", "market_gravity_weight": 75 }, "geometry": { "type": "Point", "coordinates": [ -84.692880215706055, 33.808047552258195 ] } },
{ "type": "Feature", "properties": { "id": "13_51", "growth_scenario": "higher", "market_gravity_weight": 75 }, "geometry": { "type": "Point", "coordinates": [ -84.282093189488407, 33.677239087041706 ] } },
{ "type": "Feature", "properties": { "id": "13_52", "growth_scenario": "higher", "market_gravity_weight": 75 }, "geometry": { "type": "Point", "coordinates": [ -84.652909351793483, 34.045295278032199 ] } },
{ "type": "Feature", "properties": { "id": "13_53", "growth_scenario": "higher", "market_gravity_weight": 75 }, "geometry": { "type": "Point", "coordinates": [ -84.3153497859157, 34.03123693525324 ] } },
{ "type": "Feature", "properties": { "id": "13_54", "growth_scenario": "higher", "market_gravity_weight": 75 }, "geometry": { "type": "Point", "coordinates": [ -83.701281122250819, 33.612788000644052 ] } },
{ "type": "Feature", "properties": { "id": "13_55", "growth_scenario": "higher", "market_gravity_weight": 75 }, "geometry": { "type": "Point", "coordinates": [ -84.612026363884425, 33.688183841235656 ] } },
{ "type": "Feature", "properties": { "id": "13_56", "growth_scenario": "higher", "market_gravity_weight": 75 }, "geometry": { "type": "Point", "coordinates": [ -84.62107738179229, 33.687639001393677 ] } },
{ "type": "Feature", "properties": { "id": "13_57", "growth_scenario": "higher", "market_gravity_weight": 75 }, "geometry": { "type": "Point", "coordinates": [ -84.380045826885919, 34.110070118414228 ] } },
{ "type": "Feature", "properties": { "id": "13_58", "growth_scenario": "higher", "market_gravity_weight": 75 }, "geometry": { "type": "Point", "coordinates": [ -84.483690891321146, 33.970922478217666 ] } },
{ "type": "Feature", "properties": { "id": "13_59", "growth_scenario": "higher", "market_gravity_weight": 75 }, "geometry": { "type": "Point", "coordinates": [ -84.27617994128309, 34.160146680139498 ] } },
{ "type": "Feature", "properties": { "id": "13_6", "growth_scenario": "higher", "market_gravity_weight": 75 }, "geometry": { "type": "Point", "coordinates": [ -83.706157911739766, 33.605457169311343 ] } },
{ "type": "Feature", "properties": { "id": "13_60", "growth_scenario": "higher", "market_gravity_weight": 75 }, "geometry": { "type": "Point", "coordinates": [ -84.193893642682838, 34.196390494203627 ] } },
{ "type": "Feature", "properties": { "id": "13_61", "growth_scenario": "higher", "market_gravity_weight": 75 }, "geometry": { "type": "Point", "coordinates": [ -84.150462369340019, 34.083568165957452 ] } },
{ "type": "Feature", "properties": { "id": "13_62", "growth_scenario": "higher", "market_gravity_weight": 75 }, "geometry": { "type": "Point", "coordinates": [ -84.020355582522569, 34.11585211234474 ] } },
{ "type": "Feature", "properties": { "id": "13_63", "growth_scenario": "higher", "market_gravity_weight": 75 }, "geometry": { "type": "Point", "coordinates": [ -84.011654495921448, 34.105208756807691 ] } },
{ "type": "Feature", "properties": { "id": "13_64", "growth_scenario": "higher", "market_gravity_weight": 75 }, "geometry": { "type": "Point", "coordinates": [ -84.340538404207948, 33.70718496988551 ] } },
{ "type": "Feature", "properties": { "id": "13_65", "growth_scenario": "higher", "market_gravity_weight": 75 }, "geometry": { "type": "Point", "coordinates": [ -84.041317508685083, 34.143365976217495 ] } },
{ "type": "Feature", "properties": { "id": "13_66", "growth_scenario": "higher", "market_gravity_weight": 75 }, "geometry": { "type": "Point", "coordinates": [ -84.030128665400866, 34.133819899200645 ] } },
{ "type": "Feature", "properties": { "id": "13_67", "growth_scenario": "higher", "market_gravity_weight": 75 }, "geometry": { "type": "Point", "coordinates": [ -84.546711328493558, 33.793125938600348 ] } },
{ "type": "Feature", "properties": { "id": "13_68", "growth_scenario": "higher", "market_gravity_weight": 75 }, "geometry": { "type": "Point", "coordinates": [ -84.339910725243925, 33.703333163721787 ] } },
{ "type": "Feature", "properties": { "id": "13_69", "growth_scenario": "higher", "market_gravity_weight": 75 }, "geometry": { "type": "Point", "coordinates": [ -84.660666513362898, 33.880230085522022 ] } },
{ "type": "Feature", "properties": { "id": "13_7", "growth_scenario": "higher", "market_gravity_weight": 75 }, "geometry": { "type": "Point", "coordinates": [ -84.572501134866386, 33.905492170262626 ] } },
{ "type": "Feature", "properties": { "id": "13_70", "growth_scenario": "higher", "market_gravity_weight": 75 }, "geometry": { "type": "Point", "coordinates": [ -84.685715942356694, 34.0449132261651 ] } },
{ "type": "Feature", "properties": { "id": "13_71", "growth_scenario": "higher", "market_gravity_weight": 75 }, "geometry": { "type": "Point", "coordinates": [ -84.671363919102149, 33.761668814309012 ] } },
{ "type": "Feature", "properties": { "id": "13_72", "growth_scenario": "higher", "market_gravity_weight": 75 }, "geometry": { "type": "Point", "coordinates": [ -84.250799449583468, 33.569752989341687 ] } },
{ "type": "Feature", "properties": { "id": "13_73", "growth_scenario": "higher", "market_gravity_weight": 75 }, "geometry": { "type": "Point", "coordinates": [ -84.686792200991761, 34.048082571369441 ] } },
{ "type": "Feature", "properties": { "id": "13_74", "growth_scenario": "higher", "market_gravity_weight": 75 }, "geometry": { "type": "Point", "coordinates": [ -84.287003509780348, 34.175217109362741 ] } },
{ "type": "Feature", "properties": { "id": "13_75", "growth_scenario": "higher", "market_gravity_weight": 75 }, "geometry": { "type": "Point", "coordinates": [ -84.032888698267811, 34.150157576673564 ] } },
{ "type": "Feature", "properties": { "id": "13_8", "growth_scenario": "higher", "market_gravity_weight": 75 }, "geometry": { "type": "Point", "coordinates": [ -83.712316004682236, 33.608736037517431 ] } },
{ "type": "Feature", "properties": { "id": "13_9", "growth_scenario": "higher", "market_gravity_weight": 75 }, "geometry": { "type": "Point", "coordinates": [ -84.550624810550531, 33.793335549719444 ] } },
{ "type": "Feature", "properties": { "id": "16_0", "growth_scenario": "higher", "market_gravity_weight": 75 }, "geometry": { "type": "Point", "coordinates": [ -116.58023829406352, 43.603183380236878 ] } },
{ "type": "Feature", "properties": { "id": "17_0", "growth_scenario": "higher", "market_gravity_weight": 75 }, "geometry": { "type": "Point", "coordinates": [ -88.239970620958147, 41.980742611999055 ] } },
{ "type": "Feature", "properties": { "id": "17_1", "growth_scenario": "higher", "market_gravity_weight": 75 }, "geometry": { "type": "Point", "coordinates": [ -88.266168841009929, 41.820351147746038 ] } },
{ "type": "Feature", "properties": { "id": "17_10", "growth_scenario": "higher", "market_gravity_weight": 75 }, "geometry": { "type": "Point", "coordinates": [ -88.265671488007712, 41.856729614508978 ] } },
{ "type": "Feature", "properties": { "id": "17_11", "growth_scenario": "higher", "market_gravity_weight": 75 }, "geometry": { "type": "Point", "coordinates": [ -88.423637411956534, 42.116061856732458 ] } },
{ "type": "Feature", "properties": { "id": "17_12", "growth_scenario": "higher", "market_gravity_weight": 75 }, "geometry": { "type": "Point", "coordinates": [ -88.330327293124853, 41.981755550569297 ] } },
{ "type": "Feature", "properties": { "id": "17_13", "growth_scenario": "higher", "market_gravity_weight": 75 }, "geometry": { "type": "Point", "coordinates": [ -88.421235627924105, 41.690433405393541 ] } },
{ "type": "Feature", "properties": { "id": "17_14", "growth_scenario": "higher", "market_gravity_weight": 75 }, "geometry": { "type": "Point", "coordinates": [ -88.423469882962749, 41.691103133201615 ] } },
{ "type": "Feature", "properties": { "id": "17_15", "growth_scenario": "higher", "market_gravity_weight": 75 }, "geometry": { "type": "Point", "coordinates": [ -87.936161405165805, 41.625725796851 ] } },
{ "type": "Feature", "properties": { "id": "17_16", "growth_scenario": "higher", "market_gravity_weight": 75 }, "geometry": { "type": "Point", "coordinates": [ -88.419026746283507, 42.195442628740217 ] } },
{ "type": "Feature", "properties": { "id": "17_17", "growth_scenario": "higher", "market_gravity_weight": 75 }, "geometry": { "type": "Point", "coordinates": [ -88.418463152102134, 42.198369746615938 ] } },
{ "type": "Feature", "properties": { "id": "17_18", "growth_scenario": "higher", "market_gravity_weight": 75 }, "geometry": { "type": "Point", "coordinates": [ -88.432060896329816, 41.807084475042132 ] } },
{ "type": "Feature", "properties": { "id": "17_19", "growth_scenario": "higher", "market_gravity_weight": 75 }, "geometry": { "type": "Point", "coordinates": [ -88.43524501851563, 41.80350608132467 ] } },
{ "type": "Feature", "properties": { "id": "17_2", "growth_scenario": "higher", "market_gravity_weight": 75 }, "geometry": { "type": "Point", "coordinates": [ -88.265448517234603, 41.818065990565437 ] } },
{ "type": "Feature", "properties": { "id": "17_20", "growth_scenario": "higher", "market_gravity_weight": 75 }, "geometry": { "type": "Point", "coordinates": [ -88.480157673901601, 41.684394589036501 ] } },
{ "type": "Feature", "properties": { "id": "17_21", "growth_scenario": "higher", "market_gravity_weight": 75 }, "geometry": { "type": "Point", "coordinates": [ -88.481067497899915, 41.687226843839149 ] } },
{ "type": "Feature", "properties": { "id": "17_22", "growth_scenario": "higher", "market_gravity_weight": 75 }, "geometry": { "type": "Point", "coordinates": [ -88.485048509081494, 41.687459862495054 ] } },
{ "type": "Feature", "properties": { "id": "17_23", "growth_scenario": "higher", "market_gravity_weight": 75 }, "geometry": { "type": "Point", "coordinates": [ -88.484659288890981, 41.684299535994157 ] } },
{ "type": "Feature", "properties": { "id": "17_24", "growth_scenario": "higher", "market_gravity_weight": 75 }, "geometry": { "type": "Point", "coordinates": [ -87.561459758646649, 41.687563183839622 ] } },
{ "type": "Feature", "properties": { "id": "17_25", "growth_scenario": "higher", "market_gravity_weight": 75 }, "geometry": { "type": "Point", "coordinates": [ -87.999350173910969, 41.582423891247331 ] } },
{ "type": "Feature", "properties": { "id": "17_26", "growth_scenario": "higher", "market_gravity_weight": 75 }, "geometry": { "type": "Point", "coordinates": [ -88.247284417016772, 42.255056770557935 ] } },
{ "type": "Feature", "properties": { "id": "17_27", "growth_scenario": "higher", "market_gravity_weight": 75 }, "geometry": { "type": "Point", "coordinates": [ -87.885726172501421, 42.310873217011867 ] } },
{ "type": "Feature", "properties": { "id": "17_28", "growth_scenario": "higher", "market_gravity_weight": 75 }, "geometry": { "type": "Point", "coordinates": [ -88.247939076248585, 42.257967099114815 ] } },
{ "type": "Feature", "properties": { "id": "17_29", "growth_scenario": "higher", "market_gravity_weight": 75 }, "geometry": { "type": "Point", "coordinates": [ -88.260634760556599, 41.821991137682282 ] } },
{ "type": "Feature", "properties": { "id": "17_3", "growth_scenario": "higher", "market_gravity_weight": 75 }, "geometry": { "type": "Point", "coordinates": [ -88.217450275676754, 41.823062397372389 ] } },
{ "type": "Feature", "properties": { "id": "17_30", "growth_scenario": "higher", "market_gravity_weight": 75 }, "geometry": { "type": "Point", "coordinates": [ -88.260274645674997, 41.818651518498044 ] } },
{ "type": "Feature", "properties": { "id": "17_31", "growth_scenario": "higher", "market_gravity_weight": 75 }, "geometry": { "type": "Point", "coordinates": [ -88.380757257733663, 42.151840052150298 ] } },
{ "type": "Feature", "properties": { "id": "17_32", "growth_scenario": "higher", "market_gravity_weight": 75 }, "geometry": { "type": "Point", "coordinates": [ -88.260684829506914, 41.861093093173565 ] } },
{ "type": "Feature", "properties": { "id": "17_33", "growth_scenario": "higher", "market_gravity_weight": 75 }, "geometry": { "type": "Point", "coordinates": [ -88.268972782859677, 41.855493137339622 ] } },
{ "type": "Feature", "properties": { "id": "17_34", "growth_scenario": "higher", "market_gravity_weight": 75 }, "geometry": { "type": "Point", "coordinates": [ -88.429677650046443, 41.805509664985593 ] } },
{ "type": "Feature", "properties": { "id": "17_35", "growth_scenario": "higher", "market_gravity_weight": 75 }, "geometry": { "type": "Point", "coordinates": [ -88.420407613916012, 42.200726315537864 ] } },
{ "type": "Feature", "properties": { "id": "17_36", "growth_scenario": "higher", "market_gravity_weight": 75 }, "geometry": { "type": "Point", "coordinates": [ -88.435087012006207, 41.808338408876089 ] } },
{ "type": "Feature", "properties": { "id": "17_37", "growth_scenario": "higher", "market_gravity_weight": 75 }, "geometry": { "type": "Point", "coordinates": [ -88.78931564783818, 41.949516863644632 ] } },
{ "type": "Feature", "properties": { "id": "17_38", "growth_scenario": "higher", "market_gravity_weight": 75 }, "geometry": { "type": "Point", "coordinates": [ -88.791210436255213, 41.952401946933207 ] } },
{ "type": "Feature", "properties": { "id": "17_39", "growth_scenario": "higher", "market_gravity_weight": 75 }, "geometry": { "type": "Point", "coordinates": [ -88.794010215602256, 41.948882936765898 ] } },
{ "type": "Feature", "properties": { "id": "17_4", "growth_scenario": "higher", "market_gravity_weight": 75 }, "geometry": { "type": "Point", "coordinates": [ -87.851541840586748, 41.77528112915892 ] } },
{ "type": "Feature", "properties": { "id": "17_40", "growth_scenario": "higher", "market_gravity_weight": 75 }, "geometry": { "type": "Point", "coordinates": [ -88.479372280947459, 41.680404244660835 ] } },
{ "type": "Feature", "properties": { "id": "17_41", "growth_scenario": "higher", "market_gravity_weight": 75 }, "geometry": { "type": "Point", "coordinates": [ -88.483600049465281, 41.681727507889605 ] } },
{ "type": "Feature", "properties": { "id": "17_42", "growth_scenario": "higher", "market_gravity_weight": 75 }, "geometry": { "type": "Point", "coordinates": [ -87.85530858919752, 41.800367670672308 ] } },
{ "type": "Feature", "properties": { "id": "17_43", "growth_scenario": "higher", "market_gravity_weight": 75 }, "geometry": { "type": "Point", "coordinates": [ -88.249592112901183, 41.477305317983408 ] } },
{ "type": "Feature", "properties": { "id": "17_44", "growth_scenario": "higher", "market_gravity_weight": 75 }, "geometry": { "type": "Point", "coordinates": [ -88.250328654436274, 41.475019181920942 ] } },
{ "type": "Feature", "properties": { "id": "17_45", "growth_scenario": "higher", "market_gravity_weight": 75 }, "geometry": { "type": "Point", "coordinates": [ -88.283889153653007, 41.39323560499254 ] } },
{ "type": "Feature", "properties": { "id": "17_46", "growth_scenario": "higher", "market_gravity_weight": 75 }, "geometry": { "type": "Point", "coordinates": [ -88.292626056807777, 41.706179801821229 ] } },
{ "type": "Feature", "properties": { "id": "17_47", "growth_scenario": "higher", "market_gravity_weight": 75 }, "geometry": { "type": "Point", "coordinates": [ -88.215561851471605, 41.825817834574188 ] } },
{ "type": "Feature", "properties": { "id": "17_48", "growth_scenario": "higher", "market_gravity_weight": 75 }, "geometry": { "type": "Point", "coordinates": [ -88.219125946838503, 41.82549539414056 ] } },
{ "type": "Feature", "properties": { "id": "17_49", "growth_scenario": "higher", "market_gravity_weight": 75 }, "geometry": { "type": "Point", "coordinates": [ -88.22131538880636, 41.822220052451641 ] } },
{ "type": "Feature", "properties": { "id": "17_5", "growth_scenario": "higher", "market_gravity_weight": 75 }, "geometry": { "type": "Point", "coordinates": [ -87.974602316907507, 42.31058027411288 ] } },
{ "type": "Feature", "properties": { "id": "17_50", "growth_scenario": "higher", "market_gravity_weight": 75 }, "geometry": { "type": "Point", "coordinates": [ -87.849150882820467, 41.777013273846663 ] } },
{ "type": "Feature", "properties": { "id": "17_51", "growth_scenario": "higher", "market_gravity_weight": 75 }, "geometry": { "type": "Point", "coordinates": [ -88.378724315411318, 42.157012472056614 ] } },
{ "type": "Feature", "properties": { "id": "17_52", "growth_scenario": "higher", "market_gravity_weight": 75 }, "geometry": { "type": "Point", "coordinates": [ -88.354572097384434, 42.151010814069892 ] } },
{ "type": "Feature", "properties": { "id": "17_53", "growth_scenario": "higher", "market_gravity_weight": 75 }, "geometry": { "type": "Point", "coordinates": [ -88.359948233026813, 42.152136149732442 ] } },
{ "type": "Feature", "properties": { "id": "17_54", "growth_scenario": "higher", "market_gravity_weight": 75 }, "geometry": { "type": "Point", "coordinates": [ -88.254669907140212, 42.25029534263745 ] } },
{ "type": "Feature", "properties": { "id": "17_55", "growth_scenario": "higher", "market_gravity_weight": 75 }, "geometry": { "type": "Point", "coordinates": [ -88.383061493685659, 42.158703425451264 ] } },
{ "type": "Feature", "properties": { "id": "17_56", "growth_scenario": "higher", "market_gravity_weight": 75 }, "geometry": { "type": "Point", "coordinates": [ -88.389051957473683, 42.156455112712081 ] } },
{ "type": "Feature", "properties": { "id": "17_57", "growth_scenario": "higher", "market_gravity_weight": 75 }, "geometry": { "type": "Point", "coordinates": [ -88.236657860770578, 41.708188900682593 ] } },
{ "type": "Feature", "properties": { "id": "17_58", "growth_scenario": "higher", "market_gravity_weight": 75 }, "geometry": { "type": "Point", "coordinates": [ -88.063703361849505, 42.063845935249041 ] } },
{ "type": "Feature", "properties": { "id": "17_59", "growth_scenario": "higher", "market_gravity_weight": 75 }, "geometry": { "type": "Point", "coordinates": [ -88.123318436410614, 42.328149848797636 ] } },
{ "type": "Feature", "properties": { "id": "17_6", "growth_scenario": "higher", "market_gravity_weight": 75 }, "geometry": { "type": "Point", "coordinates": [ -87.972831370720215, 42.314239955174045 ] } },
{ "type": "Feature", "properties": { "id": "17_60", "growth_scenario": "higher", "market_gravity_weight": 75 }, "geometry": { "type": "Point", "coordinates": [ -88.261311507177098, 41.85763332576925 ] } },
{ "type": "Feature", "properties": { "id": "17_61", "growth_scenario": "higher", "market_gravity_weight": 75 }, "geometry": { "type": "Point", "coordinates": [ -88.124558152001015, 42.334507058365119 ] } },
{ "type": "Feature", "properties": { "id": "17_62", "growth_scenario": "higher", "market_gravity_weight": 75 }, "geometry": { "type": "Point", "coordinates": [ -88.417442683781061, 42.116864302296413 ] } },
{ "type": "Feature", "properties": { "id": "17_63", "growth_scenario": "higher", "market_gravity_weight": 75 }, "geometry": { "type": "Point", "coordinates": [ -88.421049563037414, 42.114026463580551 ] } },
{ "type": "Feature", "properties": { "id": "17_64", "growth_scenario": "higher", "market_gravity_weight": 75 }, "geometry": { "type": "Point", "coordinates": [ -88.424874822771088, 42.112546744813244 ] } },
{ "type": "Feature", "properties": { "id": "17_65", "growth_scenario": "higher", "market_gravity_weight": 75 }, "geometry": { "type": "Point", "coordinates": [ -88.726369508362026, 41.902409891971232 ] } },
{ "type": "Feature", "properties": { "id": "17_66", "growth_scenario": "higher", "market_gravity_weight": 75 }, "geometry": { "type": "Point", "coordinates": [ -88.327917257725289, 41.979280316613767 ] } },
{ "type": "Feature", "properties": { "id": "17_67", "growth_scenario": "higher", "market_gravity_weight": 75 }, "geometry": { "type": "Point", "coordinates": [ -88.335516293561341, 41.982243539647996 ] } },
{ "type": "Feature", "properties": { "id": "17_68", "growth_scenario": "higher", "market_gravity_weight": 75 }, "geometry": { "type": "Point", "coordinates": [ -88.741197916529231, 41.897957244794959 ] } },
{ "type": "Feature", "properties": { "id": "17_69", "growth_scenario": "higher", "market_gravity_weight": 75 }, "geometry": { "type": "Point", "coordinates": [ -88.415532259488273, 42.199453673613128 ] } },
{ "type": "Feature", "properties": { "id": "17_7", "growth_scenario": "higher", "market_gravity_weight": 75 }, "geometry": { "type": "Point", "coordinates": [ -87.883796333603271, 42.30536683123605 ] } },
{ "type": "Feature", "properties": { "id": "17_70", "growth_scenario": "higher", "market_gravity_weight": 75 }, "geometry": { "type": "Point", "coordinates": [ -88.429958955519808, 41.809650591001322 ] } },
{ "type": "Feature", "properties": { "id": "17_71", "growth_scenario": "higher", "market_gravity_weight": 75 }, "geometry": { "type": "Point", "coordinates": [ -88.439068707399315, 41.805255125683367 ] } },
{ "type": "Feature", "properties": { "id": "17_72", "growth_scenario": "higher", "market_gravity_weight": 75 }, "geometry": { "type": "Point", "coordinates": [ -87.856762323063421, 41.490313437395976 ] } },
{ "type": "Feature", "properties": { "id": "17_73", "growth_scenario": "higher", "market_gravity_weight": 75 }, "geometry": { "type": "Point", "coordinates": [ -88.624877545291056, 42.251386249149419 ] } },
{ "type": "Feature", "properties": { "id": "17_74", "growth_scenario": "higher", "market_gravity_weight": 75 }, "geometry": { "type": "Point", "coordinates": [ -88.626294048649655, 42.256489791734211 ] } },
{ "type": "Feature", "properties": { "id": "17_75", "growth_scenario": "higher", "market_gravity_weight": 75 }, "geometry": { "type": "Point", "coordinates": [ -88.631744240817639, 42.252405311837926 ] } },
{ "type": "Feature", "properties": { "id": "17_76", "growth_scenario": "higher", "market_gravity_weight": 75 }, "geometry": { "type": "Point", "coordinates": [ -88.23685420508491, 42.10954267289685 ] } },
{ "type": "Feature", "properties": { "id": "17_77", "growth_scenario": "higher", "market_gravity_weight": 75 }, "geometry": { "type": "Point", "coordinates": [ -88.293931762612914, 41.413022511146103 ] } },
{ "type": "Feature", "properties": { "id": "17_78", "growth_scenario": "higher", "market_gravity_weight": 75 }, "geometry": { "type": "Point", "coordinates": [ -88.247152266967646, 41.47966763212105 ] } },
{ "type": "Feature", "properties": { "id": "17_79", "growth_scenario": "higher", "market_gravity_weight": 75 }, "geometry": { "type": "Point", "coordinates": [ -87.85639627463064, 41.797296923542731 ] } },
{ "type": "Feature", "properties": { "id": "17_8", "growth_scenario": "higher", "market_gravity_weight": 75 }, "geometry": { "type": "Point", "coordinates": [ -88.382348977421032, 42.155163107761688 ] } },
{ "type": "Feature", "properties": { "id": "17_80", "growth_scenario": "higher", "market_gravity_weight": 75 }, "geometry": { "type": "Point", "coordinates": [ -87.810547261089368, 42.379926221967708 ] } },
{ "type": "Feature", "properties": { "id": "17_81", "growth_scenario": "higher", "market_gravity_weight": 75 }, "geometry": { "type": "Point", "coordinates": [ -87.992537895091814, 41.581550240791209 ] } },
{ "type": "Feature", "properties": { "id": "17_82", "growth_scenario": "higher", "market_gravity_weight": 75 }, "geometry": { "type": "Point", "coordinates": [ -88.291911043834247, 41.709364688943111 ] } },
{ "type": "Feature", "properties": { "id": "17_83", "growth_scenario": "higher", "market_gravity_weight": 75 }, "geometry": { "type": "Point", "coordinates": [ -88.276743835811999, 41.393342169695195 ] } },
{ "type": "Feature", "properties": { "id": "17_84", "growth_scenario": "higher", "market_gravity_weight": 75 }, "geometry": { "type": "Point", "coordinates": [ -88.279669913684202, 41.390919447909653 ] } },
{ "type": "Feature", "properties": { "id": "17_85", "growth_scenario": "higher", "market_gravity_weight": 75 }, "geometry": { "type": "Point", "coordinates": [ -88.152409631244353, 42.068643237135859 ] } },
{ "type": "Feature", "properties": { "id": "17_86", "growth_scenario": "higher", "market_gravity_weight": 75 }, "geometry": { "type": "Point", "coordinates": [ -88.302271004472672, 41.711241214088673 ] } },
{ "type": "Feature", "properties": { "id": "17_87", "growth_scenario": "higher", "market_gravity_weight": 75 }, "geometry": { "type": "Point", "coordinates": [ -88.304472582449705, 41.707786722831528 ] } },
{ "type": "Feature", "properties": { "id": "17_88", "growth_scenario": "higher", "market_gravity_weight": 75 }, "geometry": { "type": "Point", "coordinates": [ -88.940334339793353, 42.270234548463627 ] } },
{ "type": "Feature", "properties": { "id": "17_89", "growth_scenario": "higher", "market_gravity_weight": 75 }, "geometry": { "type": "Point", "coordinates": [ -88.94491840795213, 42.269677429107155 ] } },
{ "type": "Feature", "properties": { "id": "17_9", "growth_scenario": "higher", "market_gravity_weight": 75 }, "geometry": { "type": "Point", "coordinates": [ -88.385462888152986, 42.154629055222372 ] } },
{ "type": "Feature", "properties": { "id": "17_90", "growth_scenario": "higher", "market_gravity_weight": 75 }, "geometry": { "type": "Point", "coordinates": [ -87.853738432294634, 41.777304119413536 ] } },
{ "type": "Feature", "properties": { "id": "17_91", "growth_scenario": "higher", "market_gravity_weight": 75 }, "geometry": { "type": "Point", "coordinates": [ -88.971543720759485, 42.215711575383644 ] } },
{ "type": "Feature", "properties": { "id": "18_0", "growth_scenario": "higher", "market_gravity_weight": 75 }, "geometry": { "type": "Point", "coordinates": [ -87.454687881479899, 41.607733464733599 ] } },
{ "type": "Feature", "properties": { "id": "18_1", "growth_scenario": "higher", "market_gravity_weight": 75 }, "geometry": { "type": "Point", "coordinates": [ -86.798810802326884, 41.648683212224626 ] } },
{ "type": "Feature", "properties": { "id": "19_0", "growth_scenario": "higher", "market_gravity_weight": 75 }, "geometry": { "type": "Point", "coordinates": [ -93.521540288356547, 41.556325352845391 ] } },
{ "type": "Feature", "properties": { "id": "19_1", "growth_scenario": "higher", "market_gravity_weight": 75 }, "geometry": { "type": "Point", "coordinates": [ -93.56164802517273, 41.549585000503868 ] } },
{ "type": "Feature", "properties": { "id": "19_10", "growth_scenario": "higher", "market_gravity_weight": 75 }, "geometry": { "type": "Point", "coordinates": [ -93.521039538329589, 41.539690680702513 ] } },
{ "type": "Feature", "properties": { "id": "19_11", "growth_scenario": "higher", "market_gravity_weight": 75 }, "geometry": { "type": "Point", "coordinates": [ -93.771777375245392, 41.693375973874815 ] } },
{ "type": "Feature", "properties": { "id": "19_12", "growth_scenario": "higher", "market_gravity_weight": 75 }, "geometry": { "type": "Point", "coordinates": [ -93.563427106705475, 41.75271349212359 ] } },
{ "type": "Feature", "properties": { "id": "19_13", "growth_scenario": "higher", "market_gravity_weight": 75 }, "geometry": { "type": "Point", "coordinates": [ -93.563703433032799, 41.755221920956714 ] } },
{ "type": "Feature", "properties": { "id": "19_14", "growth_scenario": "higher", "market_gravity_weight": 75 }, "geometry": { "type": "Point", "coordinates": [ -93.611522932049851, 41.888080353226755 ] } },
{ "type": "Feature", "properties": { "id": "19_15", "growth_scenario": "higher", "market_gravity_weight": 75 }, "geometry": { "type": "Point", "coordinates": [ -93.810718820922816, 41.659719790585569 ] } },
{ "type": "Feature", "properties": { "id": "19_16", "growth_scenario": "higher", "market_gravity_weight": 75 }, "geometry": { "type": "Point", "coordinates": [ -93.811248280950068, 41.662142209220733 ] } },
{ "type": "Feature", "properties": { "id": "19_17", "growth_scenario": "higher", "market_gravity_weight": 75 }, "geometry": { "type": "Point", "coordinates": [ -93.519511546394426, 41.562453604454191 ] } },
{ "type": "Feature", "properties": { "id": "19_18", "growth_scenario": "higher", "market_gravity_weight": 75 }, "geometry": { "type": "Point", "coordinates": [ -93.498874041048452, 41.609249088643359 ] } },
{ "type": "Feature", "properties": { "id": "19_19", "growth_scenario": "higher", "market_gravity_weight": 75 }, "geometry": { "type": "Point", "coordinates": [ -93.500289644679185, 41.671403209709773 ] } },
{ "type": "Feature", "properties": { "id": "19_2", "growth_scenario": "higher", "market_gravity_weight": 75 }, "geometry": { "type": "Point", "coordinates": [ -93.498885974610786, 41.676828956989851 ] } },
{ "type": "Feature", "properties": { "id": "19_20", "growth_scenario": "higher", "market_gravity_weight": 75 }, "geometry": { "type": "Point", "coordinates": [ -93.681184466586785, 41.46019025976517 ] } },
{ "type": "Feature", "properties": { "id": "19_21", "growth_scenario": "higher", "market_gravity_weight": 75 }, "geometry": { "type": "Point", "coordinates": [ -93.830173763340667, 41.543140995123252 ] } },
{ "type": "Feature", "properties": { "id": "19_22", "growth_scenario": "higher", "market_gravity_weight": 75 }, "geometry": { "type": "Point", "coordinates": [ -93.496301626857843, 41.671236256627026 ] } },
{ "type": "Feature", "properties": { "id": "19_23", "growth_scenario": "higher", "market_gravity_weight": 75 }, "geometry": { "type": "Point", "coordinates": [ -93.527936660764695, 41.611509703456711 ] } },
{ "type": "Feature", "properties": { "id": "19_24", "growth_scenario": "higher", "market_gravity_weight": 75 }, "geometry": { "type": "Point", "coordinates": [ -93.608659307751026, 41.783599913976744 ] } },
{ "type": "Feature", "properties": { "id": "19_25", "growth_scenario": "higher", "market_gravity_weight": 75 }, "geometry": { "type": "Point", "coordinates": [ -93.630460220548258, 41.5045755569558 ] } },
{ "type": "Feature", "properties": { "id": "19_26", "growth_scenario": "higher", "market_gravity_weight": 75 }, "geometry": { "type": "Point", "coordinates": [ -93.63245057048789, 41.499249787322817 ] } },
{ "type": "Feature", "properties": { "id": "19_27", "growth_scenario": "higher", "market_gravity_weight": 75 }, "geometry": { "type": "Point", "coordinates": [ -93.573120974083494, 41.640706672136972 ] } },
{ "type": "Feature", "properties": { "id": "19_28", "growth_scenario": "higher", "market_gravity_weight": 75 }, "geometry": { "type": "Point", "coordinates": [ -93.558856876138989, 41.75173293687093 ] } },
{ "type": "Feature", "properties": { "id": "19_29", "growth_scenario": "higher", "market_gravity_weight": 75 }, "geometry": { "type": "Point", "coordinates": [ -93.558362926551894, 41.755478377085709 ] } },
{ "type": "Feature", "properties": { "id": "19_3", "growth_scenario": "higher", "market_gravity_weight": 75 }, "geometry": { "type": "Point", "coordinates": [ -93.71396331479211, 41.524590380930668 ] } },
{ "type": "Feature", "properties": { "id": "19_30", "growth_scenario": "higher", "market_gravity_weight": 75 }, "geometry": { "type": "Point", "coordinates": [ -93.812749096878974, 41.641162364671196 ] } },
{ "type": "Feature", "properties": { "id": "19_31", "growth_scenario": "higher", "market_gravity_weight": 75 }, "geometry": { "type": "Point", "coordinates": [ -93.613378784174571, 41.890618243601736 ] } },
{ "type": "Feature", "properties": { "id": "19_32", "growth_scenario": "higher", "market_gravity_weight": 75 }, "geometry": { "type": "Point", "coordinates": [ -93.546736097622215, 41.571825351668046 ] } },
{ "type": "Feature", "properties": { "id": "19_33", "growth_scenario": "higher", "market_gravity_weight": 75 }, "geometry": { "type": "Point", "coordinates": [ -93.82361534418871, 41.54428126005287 ] } },
{ "type": "Feature", "properties": { "id": "19_34", "growth_scenario": "higher", "market_gravity_weight": 75 }, "geometry": { "type": "Point", "coordinates": [ -93.682072688716204, 41.462529938228855 ] } },
{ "type": "Feature", "properties": { "id": "19_35", "growth_scenario": "higher", "market_gravity_weight": 75 }, "geometry": { "type": "Point", "coordinates": [ -93.831825975849725, 41.540487677984075 ] } },
{ "type": "Feature", "properties": { "id": "19_36", "growth_scenario": "higher", "market_gravity_weight": 75 }, "geometry": { "type": "Point", "coordinates": [ -93.500608026654831, 41.679454860612765 ] } },
{ "type": "Feature", "properties": { "id": "19_37", "growth_scenario": "higher", "market_gravity_weight": 75 }, "geometry": { "type": "Point", "coordinates": [ -93.497323002735982, 41.679927364256621 ] } },
{ "type": "Feature", "properties": { "id": "19_38", "growth_scenario": "higher", "market_gravity_weight": 75 }, "geometry": { "type": "Point", "coordinates": [ -93.697714083614031, 41.515541273636593 ] } },
{ "type": "Feature", "properties": { "id": "19_39", "growth_scenario": "higher", "market_gravity_weight": 75 }, "geometry": { "type": "Point", "coordinates": [ -93.532376259036852, 41.536780710478936 ] } },
{ "type": "Feature", "properties": { "id": "19_4", "growth_scenario": "higher", "market_gravity_weight": 75 }, "geometry": { "type": "Point", "coordinates": [ -93.528234259170901, 41.537773613611066 ] } },
{ "type": "Feature", "properties": { "id": "19_40", "growth_scenario": "higher", "market_gravity_weight": 75 }, "geometry": { "type": "Point", "coordinates": [ -93.850360784302168, 41.617752928920673 ] } },
{ "type": "Feature", "properties": { "id": "19_41", "growth_scenario": "higher", "market_gravity_weight": 75 }, "geometry": { "type": "Point", "coordinates": [ -93.62797466166738, 41.506674656832487 ] } },
{ "type": "Feature", "properties": { "id": "19_42", "growth_scenario": "higher", "market_gravity_weight": 75 }, "geometry": { "type": "Point", "coordinates": [ -93.721811731832631, 41.524640509273354 ] } },
{ "type": "Feature", "properties": { "id": "19_43", "growth_scenario": "higher", "market_gravity_weight": 75 }, "geometry": { "type": "Point", "coordinates": [ -93.606775034381968, 41.785531767252607 ] } },
{ "type": "Feature", "properties": { "id": "19_44", "growth_scenario": "higher", "market_gravity_weight": 75 }, "geometry": { "type": "Point", "coordinates": [ -93.633736159442748, 41.504099740757219 ] } },
{ "type": "Feature", "properties": { "id": "19_45", "growth_scenario": "higher", "market_gravity_weight": 75 }, "geometry": { "type": "Point", "coordinates": [ -93.620665580113311, 41.501444979957348 ] } },
{ "type": "Feature", "properties": { "id": "19_46", "growth_scenario": "higher", "market_gravity_weight": 75 }, "geometry": { "type": "Point", "coordinates": [ -93.527108781151014, 41.535428048910255 ] } },
{ "type": "Feature", "properties": { "id": "19_47", "growth_scenario": "higher", "market_gravity_weight": 75 }, "geometry": { "type": "Point", "coordinates": [ -93.566618816625606, 41.751522246717485 ] } },
{ "type": "Feature", "properties": { "id": "19_48", "growth_scenario": "higher", "market_gravity_weight": 75 }, "geometry": { "type": "Point", "coordinates": [ -93.562818608378876, 41.74930478632141 ] } },
{ "type": "Feature", "properties": { "id": "19_49", "growth_scenario": "higher", "market_gravity_weight": 75 }, "geometry": { "type": "Point", "coordinates": [ -93.815806421307755, 41.636208867118171 ] } },
{ "type": "Feature", "properties": { "id": "19_5", "growth_scenario": "higher", "market_gravity_weight": 75 }, "geometry": { "type": "Point", "coordinates": [ -93.628592854012098, 41.502664191017026 ] } },
{ "type": "Feature", "properties": { "id": "19_50", "growth_scenario": "higher", "market_gravity_weight": 75 }, "geometry": { "type": "Point", "coordinates": [ -93.810780094806574, 41.638357969595333 ] } },
{ "type": "Feature", "properties": { "id": "19_51", "growth_scenario": "higher", "market_gravity_weight": 75 }, "geometry": { "type": "Point", "coordinates": [ -93.565336668617775, 41.757040812821373 ] } },
{ "type": "Feature", "properties": { "id": "19_52", "growth_scenario": "higher", "market_gravity_weight": 75 }, "geometry": { "type": "Point", "coordinates": [ -93.56261043666764, 41.758777252274768 ] } },
{ "type": "Feature", "properties": { "id": "19_53", "growth_scenario": "higher", "market_gravity_weight": 75 }, "geometry": { "type": "Point", "coordinates": [ -93.612700201712428, 41.885598607706662 ] } },
{ "type": "Feature", "properties": { "id": "19_54", "growth_scenario": "higher", "market_gravity_weight": 75 }, "geometry": { "type": "Point", "coordinates": [ -93.809607044083947, 41.656572378596458 ] } },
{ "type": "Feature", "properties": { "id": "19_55", "growth_scenario": "higher", "market_gravity_weight": 75 }, "geometry": { "type": "Point", "coordinates": [ -93.808784866845997, 41.663530438517689 ] } },
{ "type": "Feature", "properties": { "id": "19_56", "growth_scenario": "higher", "market_gravity_weight": 75 }, "geometry": { "type": "Point", "coordinates": [ -93.812424628177354, 41.655458327388622 ] } },
{ "type": "Feature", "properties": { "id": "19_57", "growth_scenario": "higher", "market_gravity_weight": 75 }, "geometry": { "type": "Point", "coordinates": [ -93.703178809867808, 41.510902321906308 ] } },
{ "type": "Feature", "properties": { "id": "19_58", "growth_scenario": "higher", "market_gravity_weight": 75 }, "geometry": { "type": "Point", "coordinates": [ -93.707057928492702, 41.510435426480385 ] } },
{ "type": "Feature", "properties": { "id": "19_59", "growth_scenario": "higher", "market_gravity_weight": 75 }, "geometry": { "type": "Point", "coordinates": [ -93.722709257973705, 41.668471221427474 ] } },
{ "type": "Feature", "properties": { "id": "19_6", "growth_scenario": "higher", "market_gravity_weight": 75 }, "geometry": { "type": "Point", "coordinates": [ -93.522348702807747, 41.550531105325462 ] } },
{ "type": "Feature", "properties": { "id": "19_60", "growth_scenario": "higher", "market_gravity_weight": 75 }, "geometry": { "type": "Point", "coordinates": [ -93.685772549661081, 41.456430207370282 ] } },
{ "type": "Feature", "properties": { "id": "19_61", "growth_scenario": "higher", "market_gravity_weight": 75 }, "geometry": { "type": "Point", "coordinates": [ -93.49325233059767, 41.604133852534723 ] } },
{ "type": "Feature", "properties": { "id": "19_62", "growth_scenario": "higher", "market_gravity_weight": 75 }, "geometry": { "type": "Point", "coordinates": [ -93.553345624200304, 41.64927090217104 ] } },
{ "type": "Feature", "properties": { "id": "19_63", "growth_scenario": "higher", "market_gravity_weight": 75 }, "geometry": { "type": "Point", "coordinates": [ -93.492905454752588, 41.607076881137402 ] } },
{ "type": "Feature", "properties": { "id": "19_64", "growth_scenario": "higher", "market_gravity_weight": 75 }, "geometry": { "type": "Point", "coordinates": [ -93.623172148325892, 41.505870813469052 ] } },
{ "type": "Feature", "properties": { "id": "19_65", "growth_scenario": "higher", "market_gravity_weight": 75 }, "geometry": { "type": "Point", "coordinates": [ -93.607297115075539, 41.780892569268161 ] } },
{ "type": "Feature", "properties": { "id": "19_66", "growth_scenario": "higher", "market_gravity_weight": 75 }, "geometry": { "type": "Point", "coordinates": [ -93.619850958723006, 41.504111135937784 ] } },
{ "type": "Feature", "properties": { "id": "19_67", "growth_scenario": "higher", "market_gravity_weight": 75 }, "geometry": { "type": "Point", "coordinates": [ -93.493808775313084, 41.680037741627494 ] } },
{ "type": "Feature", "properties": { "id": "19_68", "growth_scenario": "higher", "market_gravity_weight": 75 }, "geometry": { "type": "Point", "coordinates": [ -93.490240676054043, 41.678269684406096 ] } },
{ "type": "Feature", "properties": { "id": "19_69", "growth_scenario": "higher", "market_gravity_weight": 75 }, "geometry": { "type": "Point", "coordinates": [ -93.530408818089754, 41.534329615695988 ] } },
{ "type": "Feature", "properties": { "id": "19_7", "growth_scenario": "higher", "market_gravity_weight": 75 }, "geometry": { "type": "Point", "coordinates": [ -93.793204289836808, 41.554844865332029 ] } },
{ "type": "Feature", "properties": { "id": "19_70", "growth_scenario": "higher", "market_gravity_weight": 75 }, "geometry": { "type": "Point", "coordinates": [ -93.607410391711468, 41.788225634052949 ] } },
{ "type": "Feature", "properties": { "id": "19_71", "growth_scenario": "higher", "market_gravity_weight": 75 }, "geometry": { "type": "Point", "coordinates": [ -93.752986895220999, 41.656400119088119 ] } },
{ "type": "Feature", "properties": { "id": "19_72", "growth_scenario": "higher", "market_gravity_weight": 75 }, "geometry": { "type": "Point", "coordinates": [ -93.632658404333995, 41.496661757484382 ] } },
{ "type": "Feature", "properties": { "id": "19_73", "growth_scenario": "higher", "market_gravity_weight": 75 }, "geometry": { "type": "Point", "coordinates": [ -93.568221049673951, 41.754234508052868 ] } },
{ "type": "Feature", "properties": { "id": "19_74", "growth_scenario": "higher", "market_gravity_weight": 75 }, "geometry": { "type": "Point", "coordinates": [ -93.555665024772821, 41.752923990202305 ] } },
{ "type": "Feature", "properties": { "id": "19_75", "growth_scenario": "higher", "market_gravity_weight": 75 }, "geometry": { "type": "Point", "coordinates": [ -93.810179475112392, 41.642101851798479 ] } },
{ "type": "Feature", "properties": { "id": "19_8", "growth_scenario": "higher", "market_gravity_weight": 75 }, "geometry": { "type": "Point", "coordinates": [ -93.494391504966273, 41.6772778625919 ] } },
{ "type": "Feature", "properties": { "id": "19_9", "growth_scenario": "higher", "market_gravity_weight": 75 }, "geometry": { "type": "Point", "coordinates": [ -93.623890143601869, 41.502487843005483 ] } },
{ "type": "Feature", "properties": { "id": "21_0", "growth_scenario": "higher", "market_gravity_weight": 75 }, "geometry": { "type": "Point", "coordinates": [ -87.148030699779994, 36.820719910310686 ] } },
{ "type": "Feature", "properties": { "id": "21_1", "growth_scenario": "higher", "market_gravity_weight": 75 }, "geometry": { "type": "Point", "coordinates": [ -87.433010114854724, 36.644386607184089 ] } },
{ "type": "Feature", "properties": { "id": "21_10", "growth_scenario": "higher", "market_gravity_weight": 75 }, "geometry": { "type": "Point", "coordinates": [ -87.426513194443046, 36.650644092496606 ] } },
{ "type": "Feature", "properties": { "id": "21_11", "growth_scenario": "higher", "market_gravity_weight": 75 }, "geometry": { "type": "Point", "coordinates": [ -87.142281503867991, 36.821282230266156 ] } },
{ "type": "Feature", "properties": { "id": "21_12", "growth_scenario": "higher", "market_gravity_weight": 75 }, "geometry": { "type": "Point", "coordinates": [ -87.154673545899911, 36.826049861104622 ] } },
{ "type": "Feature", "properties": { "id": "21_13", "growth_scenario": "higher", "market_gravity_weight": 75 }, "geometry": { "type": "Point", "coordinates": [ -87.429572465369787, 36.655613044327779 ] } },
{ "type": "Feature", "properties": { "id": "21_14", "growth_scenario": "higher", "market_gravity_weight": 75 }, "geometry": { "type": "Point", "coordinates": [ -87.155196454146932, 36.815869149435912 ] } },
{ "type": "Feature", "properties": { "id": "21_15", "growth_scenario": "higher", "market_gravity_weight": 75 }, "geometry": { "type": "Point", "coordinates": [ -87.148714771862117, 36.814943525134915 ] } },
{ "type": "Feature", "properties": { "id": "21_16", "growth_scenario": "higher", "market_gravity_weight": 75 }, "geometry": { "type": "Point", "coordinates": [ -87.349322917514257, 36.642678120529574 ] } },
{ "type": "Feature", "properties": { "id": "21_17", "growth_scenario": "higher", "market_gravity_weight": 75 }, "geometry": { "type": "Point", "coordinates": [ -87.14412104504737, 36.816308181061125 ] } },
{ "type": "Feature", "properties": { "id": "21_18", "growth_scenario": "higher", "market_gravity_weight": 75 }, "geometry": { "type": "Point", "coordinates": [ -87.424896705040013, 36.647929291005134 ] } },
{ "type": "Feature", "properties": { "id": "21_19", "growth_scenario": "higher", "market_gravity_weight": 75 }, "geometry": { "type": "Point", "coordinates": [ -87.426453823141671, 36.654135282382995 ] } },
{ "type": "Feature", "properties": { "id": "21_2", "growth_scenario": "higher", "market_gravity_weight": 75 }, "geometry": { "type": "Point", "coordinates": [ -87.435929347437337, 36.653557806469976 ] } },
{ "type": "Feature", "properties": { "id": "21_3", "growth_scenario": "higher", "market_gravity_weight": 75 }, "geometry": { "type": "Point", "coordinates": [ -87.153037650395973, 36.821626584757574 ] } },
{ "type": "Feature", "properties": { "id": "21_4", "growth_scenario": "higher", "market_gravity_weight": 75 }, "geometry": { "type": "Point", "coordinates": [ -87.149751016248587, 36.817709160010473 ] } },
{ "type": "Feature", "properties": { "id": "21_5", "growth_scenario": "higher", "market_gravity_weight": 75 }, "geometry": { "type": "Point", "coordinates": [ -87.429955266632518, 36.646319270825735 ] } },
{ "type": "Feature", "properties": { "id": "21_6", "growth_scenario": "higher", "market_gravity_weight": 75 }, "geometry": { "type": "Point", "coordinates": [ -87.155573465588375, 36.823247568129069 ] } },
{ "type": "Feature", "properties": { "id": "21_7", "growth_scenario": "higher", "market_gravity_weight": 75 }, "geometry": { "type": "Point", "coordinates": [ -87.145306727739552, 36.823567030977451 ] } },
{ "type": "Feature", "properties": { "id": "21_8", "growth_scenario": "higher", "market_gravity_weight": 75 }, "geometry": { "type": "Point", "coordinates": [ -87.146339551197713, 36.817726712468236 ] } },
{ "type": "Feature", "properties": { "id": "21_9", "growth_scenario": "higher", "market_gravity_weight": 75 }, "geometry": { "type": "Point", "coordinates": [ -87.521370046763565, 37.33398770781988 ] } },
{ "type": "Feature", "properties": { "id": "24_0", "growth_scenario": "higher", "market_gravity_weight": 75 }, "geometry": { "type": "Point", "coordinates": [ -77.450320915469973, 39.404588311984313 ] } },
{ "type": "Feature", "properties": { "id": "25_0", "growth_scenario": "higher", "market_gravity_weight": 75 }, "geometry": { "type": "Point", "coordinates": [ -71.037961288506239, 42.505430702660092 ] } },
{ "type": "Feature", "properties": { "id": "25_1", "growth_scenario": "higher", "market_gravity_weight": 75 }, "geometry": { "type": "Point", "coordinates": [ -71.307801095889971, 42.687538043185 ] } },
{ "type": "Feature", "properties": { "id": "25_10", "growth_scenario": "higher", "market_gravity_weight": 75 }, "geometry": { "type": "Point", "coordinates": [ -71.294654654655886, 42.692582230015375 ] } },
{ "type": "Feature", "properties": { "id": "25_11", "growth_scenario": "higher", "market_gravity_weight": 75 }, "geometry": { "type": "Point", "coordinates": [ -71.01948125626042, 42.508098222607018 ] } },
{ "type": "Feature", "properties": { "id": "25_12", "growth_scenario": "higher", "market_gravity_weight": 75 }, "geometry": { "type": "Point", "coordinates": [ -71.20952731598102, 42.738376210268314 ] } },
{ "type": "Feature", "properties": { "id": "25_2", "growth_scenario": "higher", "market_gravity_weight": 75 }, "geometry": { "type": "Point", "coordinates": [ -71.415974269713445, 42.684844181579635 ] } },
{ "type": "Feature", "properties": { "id": "25_3", "growth_scenario": "higher", "market_gravity_weight": 75 }, "geometry": { "type": "Point", "coordinates": [ -71.424078782417212, 42.684555972876971 ] } },
{ "type": "Feature", "properties": { "id": "25_4", "growth_scenario": "higher", "market_gravity_weight": 75 }, "geometry": { "type": "Point", "coordinates": [ -71.317987137846274, 42.681549277795504 ] } },
{ "type": "Feature", "properties": { "id": "25_5", "growth_scenario": "higher", "market_gravity_weight": 75 }, "geometry": { "type": "Point", "coordinates": [ -71.320114049009405, 42.694181752708339 ] } },
{ "type": "Feature", "properties": { "id": "25_6", "growth_scenario": "higher", "market_gravity_weight": 75 }, "geometry": { "type": "Point", "coordinates": [ -71.299034493638459, 42.691023936696098 ] } },
{ "type": "Feature", "properties": { "id": "25_7", "growth_scenario": "higher", "market_gravity_weight": 75 }, "geometry": { "type": "Point", "coordinates": [ -71.322327842620354, 42.693684598182067 ] } },
{ "type": "Feature", "properties": { "id": "25_8", "growth_scenario": "higher", "market_gravity_weight": 75 }, "geometry": { "type": "Point", "coordinates": [ -71.298619330855374, 42.695295018471292 ] } },
{ "type": "Feature", "properties": { "id": "25_9", "growth_scenario": "higher", "market_gravity_weight": 75 }, "geometry": { "type": "Point", "coordinates": [ -71.32467164522015, 42.6837695484558 ] } },
{ "type": "Feature", "properties": { "id": "26_0", "growth_scenario": "higher", "market_gravity_weight": 75 }, "geometry": { "type": "Point", "coordinates": [ -85.573064190274366, 42.877301330645331 ] } },
{ "type": "Feature", "properties": { "id": "26_1", "growth_scenario": "higher", "market_gravity_weight": 75 }, "geometry": { "type": "Point", "coordinates": [ -85.789431182427663, 42.843677301530185 ] } },
{ "type": "Feature", "properties": { "id": "26_2", "growth_scenario": "higher", "market_gravity_weight": 75 }, "geometry": { "type": "Point", "coordinates": [ -85.793656419317585, 42.843558636997862 ] } },
{ "type": "Feature", "properties": { "id": "26_3", "growth_scenario": "higher", "market_gravity_weight": 75 }, "geometry": { "type": "Point", "coordinates": [ -85.551188757537204, 42.819092360617134 ] } },
{ "type": "Feature", "properties": { "id": "26_4", "growth_scenario": "higher", "market_gravity_weight": 75 }, "geometry": { "type": "Point", "coordinates": [ -85.550262377787845, 42.816226830055037 ] } },
{ "type": "Feature", "properties": { "id": "26_5", "growth_scenario": "higher", "market_gravity_weight": 75 }, "geometry": { "type": "Point", "coordinates": [ -85.811174466172417, 42.967719918141661 ] } },
{ "type": "Feature", "properties": { "id": "27_0", "growth_scenario": "higher", "market_gravity_weight": 75 }, "geometry": { "type": "Point", "coordinates": [ -93.540432698009511, 45.089438735155689 ] } },
{ "type": "Feature", "properties": { "id": "27_1", "growth_scenario": "higher", "market_gravity_weight": 75 }, "geometry": { "type": "Point", "coordinates": [ -93.571398623333522, 44.774971290712934 ] } },
{ "type": "Feature", "properties": { "id": "27_2", "growth_scenario": "higher", "market_gravity_weight": 75 }, "geometry": { "type": "Point", "coordinates": [ -93.436147107963336, 44.785657865067293 ] } },
{ "type": "Feature", "properties": { "id": "27_3", "growth_scenario": "higher", "market_gravity_weight": 75 }, "geometry": { "type": "Point", "coordinates": [ -93.481236477448547, 44.754976528019796 ] } },
{ "type": "Feature", "properties": { "id": "27_4", "growth_scenario": "higher", "market_gravity_weight": 75 }, "geometry": { "type": "Point", "coordinates": [ -93.477205610582701, 44.754451388036479 ] } },
{ "type": "Feature", "properties": { "id": "27_5", "growth_scenario": "higher", "market_gravity_weight": 75 }, "geometry": { "type": "Point", "coordinates": [ -93.523397545492756, 44.754685090626602 ] } },
{ "type": "Feature", "properties": { "id": "27_6", "growth_scenario": "higher", "market_gravity_weight": 75 }, "geometry": { "type": "Point", "coordinates": [ -93.480721418328486, 44.751822237188961 ] } },
{ "type": "Feature", "properties": { "id": "27_7", "growth_scenario": "higher", "market_gravity_weight": 75 }, "geometry": { "type": "Point", "coordinates": [ -93.442076238197885, 44.752886211477879 ] } },
{ "type": "Feature", "properties": { "id": "27_8", "growth_scenario": "higher", "market_gravity_weight": 75 }, "geometry": { "type": "Point", "coordinates": [ -93.569283505135246, 44.777448654863974 ] } },
{ "type": "Feature", "properties": { "id": "27_9", "growth_scenario": "higher", "market_gravity_weight": 75 }, "geometry": { "type": "Point", "coordinates": [ -93.56686930531751, 44.770666228191509 ] } },
{ "type": "Feature", "properties": { "id": "29_0", "growth_scenario": "higher", "market_gravity_weight": 75 }, "geometry": { "type": "Point", "coordinates": [ -94.587866327491398, 39.326812468946052 ] } },
{ "type": "Feature", "properties": { "id": "29_1", "growth_scenario": "higher", "market_gravity_weight": 75 }, "geometry": { "type": "Point", "coordinates": [ -94.592116071311565, 39.319007760958691 ] } },
{ "type": "Feature", "properties": { "id": "29_10", "growth_scenario": "higher", "market_gravity_weight": 75 }, "geometry": { "type": "Point", "coordinates": [ -94.578550526605454, 39.324207997770998 ] } },
{ "type": "Feature", "properties": { "id": "29_11", "growth_scenario": "higher", "market_gravity_weight": 75 }, "geometry": { "type": "Point", "coordinates": [ -94.575667489250947, 39.32792301954963 ] } },
{ "type": "Feature", "properties": { "id": "29_2", "growth_scenario": "higher", "market_gravity_weight": 75 }, "geometry": { "type": "Point", "coordinates": [ -94.581870040679306, 39.328082955851009 ] } },
{ "type": "Feature", "properties": { "id": "29_3", "growth_scenario": "higher", "market_gravity_weight": 75 }, "geometry": { "type": "Point", "coordinates": [ -94.589444817420997, 39.317906735203181 ] } },
{ "type": "Feature", "properties": { "id": "29_4", "growth_scenario": "higher", "market_gravity_weight": 75 }, "geometry": { "type": "Point", "coordinates": [ -94.581709297640742, 39.324333206654927 ] } },
{ "type": "Feature", "properties": { "id": "29_5", "growth_scenario": "higher", "market_gravity_weight": 75 }, "geometry": { "type": "Point", "coordinates": [ -94.579189856529453, 39.327427789589862 ] } },
{ "type": "Feature", "properties": { "id": "29_6", "growth_scenario": "higher", "market_gravity_weight": 75 }, "geometry": { "type": "Point", "coordinates": [ -94.591126848074666, 39.315694858583399 ] } },
{ "type": "Feature", "properties": { "id": "29_7", "growth_scenario": "higher", "market_gravity_weight": 75 }, "geometry": { "type": "Point", "coordinates": [ -94.577493169484939, 39.330353242854457 ] } },
{ "type": "Feature", "properties": { "id": "29_8", "growth_scenario": "higher", "market_gravity_weight": 75 }, "geometry": { "type": "Point", "coordinates": [ -94.581284694041102, 39.334055131124849 ] } },
{ "type": "Feature", "properties": { "id": "29_9", "growth_scenario": "higher", "market_gravity_weight": 75 }, "geometry": { "type": "Point", "coordinates": [ -94.581779178142398, 39.320764556583129 ] } },
{ "type": "Feature", "properties": { "id": "30_0", "growth_scenario": "higher", "market_gravity_weight": 75 }, "geometry": { "type": "Point", "coordinates": [ -114.089875436852935, 46.8956354175141 ] } },
{ "type": "Feature", "properties": { "id": "30_1", "growth_scenario": "higher", "market_gravity_weight": 75 }, "geometry": { "type": "Point", "coordinates": [ -114.091332917969098, 46.898477235203039 ] } },
{ "type": "Feature", "properties": { "id": "30_2", "growth_scenario": "higher", "market_gravity_weight": 75 }, "geometry": { "type": "Point", "coordinates": [ -114.085472897158922, 46.895117837049845 ] } },
{ "type": "Feature", "properties": { "id": "30_3", "growth_scenario": "higher", "market_gravity_weight": 75 }, "geometry": { "type": "Point", "coordinates": [ -114.087310409176055, 46.898369049440362 ] } },
{ "type": "Feature", "properties": { "id": "30_4", "growth_scenario": "higher", "market_gravity_weight": 75 }, "geometry": { "type": "Point", "coordinates": [ -114.022126473074508, 46.899399252433632 ] } },
{ "type": "Feature", "properties": { "id": "30_5", "growth_scenario": "higher", "market_gravity_weight": 75 }, "geometry": { "type": "Point", "coordinates": [ -114.024716669235616, 46.901539196233273 ] } },
{ "type": "Feature", "properties": { "id": "30_6", "growth_scenario": "higher", "market_gravity_weight": 75 }, "geometry": { "type": "Point", "coordinates": [ -114.089715531283744, 46.9012686891515 ] } },
{ "type": "Feature", "properties": { "id": "31_0", "growth_scenario": "higher", "market_gravity_weight": 75 }, "geometry": { "type": "Point", "coordinates": [ -96.093219889681365, 41.124144920431569 ] } },
{ "type": "Feature", "properties": { "id": "31_1", "growth_scenario": "higher", "market_gravity_weight": 75 }, "geometry": { "type": "Point", "coordinates": [ -96.088057238808602, 41.123791320076847 ] } },
{ "type": "Feature", "properties": { "id": "31_10", "growth_scenario": "higher", "market_gravity_weight": 75 }, "geometry": { "type": "Point", "coordinates": [ -96.085106501314087, 41.165772555889049 ] } },
{ "type": "Feature", "properties": { "id": "31_11", "growth_scenario": "higher", "market_gravity_weight": 75 }, "geometry": { "type": "Point", "coordinates": [ -96.136565975248999, 41.128035842203367 ] } },
{ "type": "Feature", "properties": { "id": "31_12", "growth_scenario": "higher", "market_gravity_weight": 75 }, "geometry": { "type": "Point", "coordinates": [ -96.084815119809832, 41.123168302848796 ] } },
{ "type": "Feature", "properties": { "id": "31_13", "growth_scenario": "higher", "market_gravity_weight": 75 }, "geometry": { "type": "Point", "coordinates": [ -96.134401368502026, 41.126162497669874 ] } },
{ "type": "Feature", "properties": { "id": "31_14", "growth_scenario": "higher", "market_gravity_weight": 75 }, "geometry": { "type": "Point", "coordinates": [ -96.047002498089483, 41.127742929568015 ] } },
{ "type": "Feature", "properties": { "id": "31_15", "growth_scenario": "higher", "market_gravity_weight": 75 }, "geometry": { "type": "Point", "coordinates": [ -96.097658209702701, 41.121551445077685 ] } },
{ "type": "Feature", "properties": { "id": "31_16", "growth_scenario": "higher", "market_gravity_weight": 75 }, "geometry": { "type": "Point", "coordinates": [ -96.087693431008177, 41.120844149433822 ] } },
{ "type": "Feature", "properties": { "id": "31_17", "growth_scenario": "higher", "market_gravity_weight": 75 }, "geometry": { "type": "Point", "coordinates": [ -96.143414344133674, 41.130529196038843 ] } },
{ "type": "Feature", "properties": { "id": "31_18", "growth_scenario": "higher", "market_gravity_weight": 75 }, "geometry": { "type": "Point", "coordinates": [ -96.044957716137986, 41.121759497260193 ] } },
{ "type": "Feature", "properties": { "id": "31_19", "growth_scenario": "higher", "market_gravity_weight": 75 }, "geometry": { "type": "Point", "coordinates": [ -96.132500953038885, 41.073022595519788 ] } },
{ "type": "Feature", "properties": { "id": "31_2", "growth_scenario": "higher", "market_gravity_weight": 75 }, "geometry": { "type": "Point", "coordinates": [ -96.096700521981091, 41.123517121525097 ] } },
{ "type": "Feature", "properties": { "id": "31_20", "growth_scenario": "higher", "market_gravity_weight": 75 }, "geometry": { "type": "Point", "coordinates": [ -96.14078525529068, 41.076407591736732 ] } },
{ "type": "Feature", "properties": { "id": "31_21", "growth_scenario": "higher", "market_gravity_weight": 75 }, "geometry": { "type": "Point", "coordinates": [ -96.136218304494619, 41.072214874287283 ] } },
{ "type": "Feature", "properties": { "id": "31_22", "growth_scenario": "higher", "market_gravity_weight": 75 }, "geometry": { "type": "Point", "coordinates": [ -96.081267424266485, 41.169973062686196 ] } },
{ "type": "Feature", "properties": { "id": "31_23", "growth_scenario": "higher", "market_gravity_weight": 75 }, "geometry": { "type": "Point", "coordinates": [ -96.140537685996051, 41.072567439980638 ] } },
{ "type": "Feature", "properties": { "id": "31_24", "growth_scenario": "higher", "market_gravity_weight": 75 }, "geometry": { "type": "Point", "coordinates": [ -96.10090317187894, 41.124139082212295 ] } },
{ "type": "Feature", "properties": { "id": "31_25", "growth_scenario": "higher", "market_gravity_weight": 75 }, "geometry": { "type": "Point", "coordinates": [ -96.081383438443538, 41.166400215106599 ] } },
{ "type": "Feature", "properties": { "id": "31_26", "growth_scenario": "higher", "market_gravity_weight": 75 }, "geometry": { "type": "Point", "coordinates": [ -95.976531195073989, 41.120425518260717 ] } },
{ "type": "Feature", "properties": { "id": "31_27", "growth_scenario": "higher", "market_gravity_weight": 75 }, "geometry": { "type": "Point", "coordinates": [ -96.134528730972917, 41.130002963699042 ] } },
{ "type": "Feature", "properties": { "id": "31_28", "growth_scenario": "higher", "market_gravity_weight": 75 }, "geometry": { "type": "Point", "coordinates": [ -96.082293453450518, 41.122634057378072 ] } },
{ "type": "Feature", "properties": { "id": "31_29", "growth_scenario": "higher", "market_gravity_weight": 75 }, "geometry": { "type": "Point", "coordinates": [ -96.195742062959255, 41.123493062196722 ] } },
{ "type": "Feature", "properties": { "id": "31_3", "growth_scenario": "higher", "market_gravity_weight": 75 }, "geometry": { "type": "Point", "coordinates": [ -96.092495725998177, 41.121198024898717 ] } },
{ "type": "Feature", "properties": { "id": "31_30", "growth_scenario": "higher", "market_gravity_weight": 75 }, "geometry": { "type": "Point", "coordinates": [ -96.048444472659753, 41.129618032098065 ] } },
{ "type": "Feature", "properties": { "id": "31_31", "growth_scenario": "higher", "market_gravity_weight": 75 }, "geometry": { "type": "Point", "coordinates": [ -96.049401587462711, 41.124794594188678 ] } },
{ "type": "Feature", "properties": { "id": "31_32", "growth_scenario": "higher", "market_gravity_weight": 75 }, "geometry": { "type": "Point", "coordinates": [ -96.199220492446699, 41.122415892545028 ] } },
{ "type": "Feature", "properties": { "id": "31_33", "growth_scenario": "higher", "market_gravity_weight": 75 }, "geometry": { "type": "Point", "coordinates": [ -96.08270113376831, 41.163273201361591 ] } },
{ "type": "Feature", "properties": { "id": "31_34", "growth_scenario": "higher", "market_gravity_weight": 75 }, "geometry": { "type": "Point", "coordinates": [ -96.202595660352216, 41.127233655569647 ] } },
{ "type": "Feature", "properties": { "id": "31_35", "growth_scenario": "higher", "market_gravity_weight": 75 }, "geometry": { "type": "Point", "coordinates": [ -96.203429372743855, 41.12491010831851 ] } },
{ "type": "Feature", "properties": { "id": "31_36", "growth_scenario": "higher", "market_gravity_weight": 75 }, "geometry": { "type": "Point", "coordinates": [ -96.102111037174879, 41.129229142089955 ] } },
{ "type": "Feature", "properties": { "id": "31_37", "growth_scenario": "higher", "market_gravity_weight": 75 }, "geometry": { "type": "Point", "coordinates": [ -95.98037176837272, 41.123552216525759 ] } },
{ "type": "Feature", "properties": { "id": "31_38", "growth_scenario": "higher", "market_gravity_weight": 75 }, "geometry": { "type": "Point", "coordinates": [ -96.143035291588362, 41.180547939842427 ] } },
{ "type": "Feature", "properties": { "id": "31_39", "growth_scenario": "higher", "market_gravity_weight": 75 }, "geometry": { "type": "Point", "coordinates": [ -95.973650480431019, 41.119442485236767 ] } },
{ "type": "Feature", "properties": { "id": "31_4", "growth_scenario": "higher", "market_gravity_weight": 75 }, "geometry": { "type": "Point", "coordinates": [ -96.141249122694504, 41.128477331258992 ] } },
{ "type": "Feature", "properties": { "id": "31_40", "growth_scenario": "higher", "market_gravity_weight": 75 }, "geometry": { "type": "Point", "coordinates": [ -96.10330798193003, 41.126727325097967 ] } },
{ "type": "Feature", "properties": { "id": "31_41", "growth_scenario": "higher", "market_gravity_weight": 75 }, "geometry": { "type": "Point", "coordinates": [ -95.954941361262769, 41.091749768044814 ] } },
{ "type": "Feature", "properties": { "id": "31_42", "growth_scenario": "higher", "market_gravity_weight": 75 }, "geometry": { "type": "Point", "coordinates": [ -95.973390192418819, 41.173122313978922 ] } },
{ "type": "Feature", "properties": { "id": "31_43", "growth_scenario": "higher", "market_gravity_weight": 75 }, "geometry": { "type": "Point", "coordinates": [ -95.969188754449874, 41.16561853991513 ] } },
{ "type": "Feature", "properties": { "id": "31_44", "growth_scenario": "higher", "market_gravity_weight": 75 }, "geometry": { "type": "Point", "coordinates": [ -96.04628460924377, 41.131494477178769 ] } },
{ "type": "Feature", "properties": { "id": "31_45", "growth_scenario": "higher", "market_gravity_weight": 75 }, "geometry": { "type": "Point", "coordinates": [ -96.050480273841487, 41.122293328531804 ] } },
{ "type": "Feature", "properties": { "id": "31_46", "growth_scenario": "higher", "market_gravity_weight": 75 }, "geometry": { "type": "Point", "coordinates": [ -96.250725520357705, 41.123575603398528 ] } },
{ "type": "Feature", "properties": { "id": "31_47", "growth_scenario": "higher", "market_gravity_weight": 75 }, "geometry": { "type": "Point", "coordinates": [ -96.101739546573299, 41.121369627991115 ] } },
{ "type": "Feature", "properties": { "id": "31_48", "growth_scenario": "higher", "market_gravity_weight": 75 }, "geometry": { "type": "Point", "coordinates": [ -96.047597553924746, 41.119972227901229 ] } },
{ "type": "Feature", "properties": { "id": "31_5", "growth_scenario": "higher", "market_gravity_weight": 75 }, "geometry": { "type": "Point", "coordinates": [ -96.044240561983614, 41.126761438446742 ] } },
{ "type": "Feature", "properties": { "id": "31_6", "growth_scenario": "higher", "market_gravity_weight": 75 }, "geometry": { "type": "Point", "coordinates": [ -96.088230454574969, 41.166395671763276 ] } },
{ "type": "Feature", "properties": { "id": "31_7", "growth_scenario": "higher", "market_gravity_weight": 75 }, "geometry": { "type": "Point", "coordinates": [ -96.084149035120362, 41.168720725876831 ] } },
{ "type": "Feature", "properties": { "id": "31_8", "growth_scenario": "higher", "market_gravity_weight": 75 }, "geometry": { "type": "Point", "coordinates": [ -96.045799724942967, 41.124349356747679 ] } },
{ "type": "Feature", "properties": { "id": "31_9", "growth_scenario": "higher", "market_gravity_weight": 75 }, "geometry": { "type": "Point", "coordinates": [ -96.140988157086952, 41.178227886521917 ] } },
{ "type": "Feature", "properties": { "id": "32_0", "growth_scenario": "higher", "market_gravity_weight": 75 }, "geometry": { "type": "Point", "coordinates": [ -115.237975032452084, 36.079837312428587 ] } },
{ "type": "Feature", "properties": { "id": "32_1", "growth_scenario": "higher", "market_gravity_weight": 75 }, "geometry": { "type": "Point", "coordinates": [ -115.176120608051974, 36.00106985680965 ] } },
{ "type": "Feature", "properties": { "id": "32_10", "growth_scenario": "higher", "market_gravity_weight": 75 }, "geometry": { "type": "Point", "coordinates": [ -115.178510520520703, 35.996578079799846 ] } },
{ "type": "Feature", "properties": { "id": "32_11", "growth_scenario": "higher", "market_gravity_weight": 75 }, "geometry": { "type": "Point", "coordinates": [ -114.987421911546804, 36.067691218798757 ] } },
{ "type": "Feature", "properties": { "id": "32_12", "growth_scenario": "higher", "market_gravity_weight": 75 }, "geometry": { "type": "Point", "coordinates": [ -115.201648806596239, 36.011940991787377 ] } },
{ "type": "Feature", "properties": { "id": "32_13", "growth_scenario": "higher", "market_gravity_weight": 75 }, "geometry": { "type": "Point", "coordinates": [ -115.075709381669967, 35.984969133914397 ] } },
{ "type": "Feature", "properties": { "id": "32_14", "growth_scenario": "higher", "market_gravity_weight": 75 }, "geometry": { "type": "Point", "coordinates": [ -114.998347428791419, 36.048616347931613 ] } },
{ "type": "Feature", "properties": { "id": "32_15", "growth_scenario": "higher", "market_gravity_weight": 75 }, "geometry": { "type": "Point", "coordinates": [ -114.989258037516137, 36.064570506910115 ] } },
{ "type": "Feature", "properties": { "id": "32_16", "growth_scenario": "higher", "market_gravity_weight": 75 }, "geometry": { "type": "Point", "coordinates": [ -114.985385529623841, 36.070024226148867 ] } },
{ "type": "Feature", "properties": { "id": "32_17", "growth_scenario": "higher", "market_gravity_weight": 75 }, "geometry": { "type": "Point", "coordinates": [ -115.254794838695659, 36.057667921276312 ] } },
{ "type": "Feature", "properties": { "id": "32_18", "growth_scenario": "higher", "market_gravity_weight": 75 }, "geometry": { "type": "Point", "coordinates": [ -115.195921324216798, 36.248666597080003 ] } },
{ "type": "Feature", "properties": { "id": "32_19", "growth_scenario": "higher", "market_gravity_weight": 75 }, "geometry": { "type": "Point", "coordinates": [ -115.323579715405103, 36.116676103627945 ] } },
{ "type": "Feature", "properties": { "id": "32_2", "growth_scenario": "higher", "market_gravity_weight": 75 }, "geometry": { "type": "Point", "coordinates": [ -115.018304803091283, 36.109989595933058 ] } },
{ "type": "Feature", "properties": { "id": "32_20", "growth_scenario": "higher", "market_gravity_weight": 75 }, "geometry": { "type": "Point", "coordinates": [ -114.990482525091963, 36.077036824737903 ] } },
{ "type": "Feature", "properties": { "id": "32_21", "growth_scenario": "higher", "market_gravity_weight": 75 }, "geometry": { "type": "Point", "coordinates": [ -114.986627957575067, 36.074014640250546 ] } },
{ "type": "Feature", "properties": { "id": "32_22", "growth_scenario": "higher", "market_gravity_weight": 75 }, "geometry": { "type": "Point", "coordinates": [ -115.277195159375879, 36.075785641850395 ] } },
{ "type": "Feature", "properties": { "id": "32_23", "growth_scenario": "higher", "market_gravity_weight": 75 }, "geometry": { "type": "Point", "coordinates": [ -115.201583641669458, 36.079767739188661 ] } },
{ "type": "Feature", "properties": { "id": "32_24", "growth_scenario": "higher", "market_gravity_weight": 75 }, "geometry": { "type": "Point", "coordinates": [ -115.178889149377056, 35.993599488719234 ] } },
{ "type": "Feature", "properties": { "id": "32_25", "growth_scenario": "higher", "market_gravity_weight": 75 }, "geometry": { "type": "Point", "coordinates": [ -115.176267395970768, 35.991839855330689 ] } },
{ "type": "Feature", "properties": { "id": "32_26", "growth_scenario": "higher", "market_gravity_weight": 75 }, "geometry": { "type": "Point", "coordinates": [ -115.346069987769098, 36.190203324492998 ] } },
{ "type": "Feature", "properties": { "id": "32_27", "growth_scenario": "higher", "market_gravity_weight": 75 }, "geometry": { "type": "Point", "coordinates": [ -115.185519399579064, 36.200690457952085 ] } },
{ "type": "Feature", "properties": { "id": "32_28", "growth_scenario": "higher", "market_gravity_weight": 75 }, "geometry": { "type": "Point", "coordinates": [ -114.991028629237135, 36.054444941961364 ] } },
{ "type": "Feature", "properties": { "id": "32_29", "growth_scenario": "higher", "market_gravity_weight": 75 }, "geometry": { "type": "Point", "coordinates": [ -115.049507888439578, 36.135011843566438 ] } },
{ "type": "Feature", "properties": { "id": "32_3", "growth_scenario": "higher", "market_gravity_weight": 75 }, "geometry": { "type": "Point", "coordinates": [ -115.175462556158749, 35.997166709525871 ] } },
{ "type": "Feature", "properties": { "id": "32_30", "growth_scenario": "higher", "market_gravity_weight": 75 }, "geometry": { "type": "Point", "coordinates": [ -115.167116493716776, 36.208424410800518 ] } },
{ "type": "Feature", "properties": { "id": "32_31", "growth_scenario": "higher", "market_gravity_weight": 75 }, "geometry": { "type": "Point", "coordinates": [ -114.985656868458037, 36.065242869715384 ] } },
{ "type": "Feature", "properties": { "id": "32_32", "growth_scenario": "higher", "market_gravity_weight": 75 }, "geometry": { "type": "Point", "coordinates": [ -114.982504245220923, 36.069031462467642 ] } },
{ "type": "Feature", "properties": { "id": "32_33", "growth_scenario": "higher", "market_gravity_weight": 75 }, "geometry": { "type": "Point", "coordinates": [ -115.228525658997725, 36.012468603190214 ] } },
{ "type": "Feature", "properties": { "id": "32_34", "growth_scenario": "higher", "market_gravity_weight": 75 }, "geometry": { "type": "Point", "coordinates": [ -115.194500726396186, 36.025049532703818 ] } },
{ "type": "Feature", "properties": { "id": "32_35", "growth_scenario": "higher", "market_gravity_weight": 75 }, "geometry": { "type": "Point", "coordinates": [ -115.177518410121777, 36.047509180181727 ] } },
{ "type": "Feature", "properties": { "id": "32_36", "growth_scenario": "higher", "market_gravity_weight": 75 }, "geometry": { "type": "Point", "coordinates": [ -115.001975778777407, 36.049852397069635 ] } },
{ "type": "Feature", "properties": { "id": "32_37", "growth_scenario": "higher", "market_gravity_weight": 75 }, "geometry": { "type": "Point", "coordinates": [ -115.002490705037289, 36.046033623349494 ] } },
{ "type": "Feature", "properties": { "id": "32_38", "growth_scenario": "higher", "market_gravity_weight": 75 }, "geometry": { "type": "Point", "coordinates": [ -115.17521900698469, 36.044785259213967 ] } },
{ "type": "Feature", "properties": { "id": "32_39", "growth_scenario": "higher", "market_gravity_weight": 75 }, "geometry": { "type": "Point", "coordinates": [ -115.271921050310027, 36.075738389461563 ] } },
{ "type": "Feature", "properties": { "id": "32_4", "growth_scenario": "higher", "market_gravity_weight": 75 }, "geometry": { "type": "Point", "coordinates": [ -115.156463881423349, 36.212890499034287 ] } },
{ "type": "Feature", "properties": { "id": "32_40", "growth_scenario": "higher", "market_gravity_weight": 75 }, "geometry": { "type": "Point", "coordinates": [ -114.947647252338825, 36.074012589324397 ] } },
{ "type": "Feature", "properties": { "id": "32_41", "growth_scenario": "higher", "market_gravity_weight": 75 }, "geometry": { "type": "Point", "coordinates": [ -114.99041161871493, 36.061013277505161 ] } },
{ "type": "Feature", "properties": { "id": "32_5", "growth_scenario": "higher", "market_gravity_weight": 75 }, "geometry": { "type": "Point", "coordinates": [ -115.205270668166762, 36.01180489246417 ] } },
{ "type": "Feature", "properties": { "id": "32_6", "growth_scenario": "higher", "market_gravity_weight": 75 }, "geometry": { "type": "Point", "coordinates": [ -114.989519498607493, 36.049404286107666 ] } },
{ "type": "Feature", "properties": { "id": "32_7", "growth_scenario": "higher", "market_gravity_weight": 75 }, "geometry": { "type": "Point", "coordinates": [ -115.174415808496931, 35.99442078076428 ] } },
{ "type": "Feature", "properties": { "id": "32_8", "growth_scenario": "higher", "market_gravity_weight": 75 }, "geometry": { "type": "Point", "coordinates": [ -115.01542156605548, 36.108997655793559 ] } },
{ "type": "Feature", "properties": { "id": "32_9", "growth_scenario": "higher", "market_gravity_weight": 75 }, "geometry": { "type": "Point", "coordinates": [ -114.991349796351315, 36.066054994137794 ] } },
{ "type": "Feature", "properties": { "id": "34_0", "growth_scenario": "higher", "market_gravity_weight": 75 }, "geometry": { "type": "Point", "coordinates": [ -74.323979808092929, 40.460024995536308 ] } },
{ "type": "Feature", "properties": { "id": "34_1", "growth_scenario": "higher", "market_gravity_weight": 75 }, "geometry": { "type": "Point", "coordinates": [ -74.347536082957632, 40.450564230973526 ] } },
{ "type": "Feature", "properties": { "id": "34_10", "growth_scenario": "higher", "market_gravity_weight": 75 }, "geometry": { "type": "Point", "coordinates": [ -74.418118420595064, 40.835510993478742 ] } },
{ "type": "Feature", "properties": { "id": "34_11", "growth_scenario": "higher", "market_gravity_weight": 75 }, "geometry": { "type": "Point", "coordinates": [ -74.311689349283199, 40.444502395821857 ] } },
{ "type": "Feature", "properties": { "id": "34_12", "growth_scenario": "higher", "market_gravity_weight": 75 }, "geometry": { "type": "Point", "coordinates": [ -74.320047163453978, 40.455765535840747 ] } },
{ "type": "Feature", "properties": { "id": "34_13", "growth_scenario": "higher", "market_gravity_weight": 75 }, "geometry": { "type": "Point", "coordinates": [ -74.339294030592981, 40.828113424648777 ] } },
{ "type": "Feature", "properties": { "id": "34_14", "growth_scenario": "higher", "market_gravity_weight": 75 }, "geometry": { "type": "Point", "coordinates": [ -74.110905635068292, 40.79152762346795 ] } },
{ "type": "Feature", "properties": { "id": "34_15", "growth_scenario": "higher", "market_gravity_weight": 75 }, "geometry": { "type": "Point", "coordinates": [ -74.440636125289117, 40.549099583790024 ] } },
{ "type": "Feature", "properties": { "id": "34_16", "growth_scenario": "higher", "market_gravity_weight": 75 }, "geometry": { "type": "Point", "coordinates": [ -74.328378753221287, 40.468306200566985 ] } },
{ "type": "Feature", "properties": { "id": "34_17", "growth_scenario": "higher", "market_gravity_weight": 75 }, "geometry": { "type": "Point", "coordinates": [ -74.248725548187537, 40.401516679697302 ] } },
{ "type": "Feature", "properties": { "id": "34_18", "growth_scenario": "higher", "market_gravity_weight": 75 }, "geometry": { "type": "Point", "coordinates": [ -74.442867762717981, 40.54462970620343 ] } },
{ "type": "Feature", "properties": { "id": "34_19", "growth_scenario": "higher", "market_gravity_weight": 75 }, "geometry": { "type": "Point", "coordinates": [ -74.84443322527089, 40.51730608959334 ] } },
{ "type": "Feature", "properties": { "id": "34_2", "growth_scenario": "higher", "market_gravity_weight": 75 }, "geometry": { "type": "Point", "coordinates": [ -74.343855946270509, 40.449831963390032 ] } },
{ "type": "Feature", "properties": { "id": "34_20", "growth_scenario": "higher", "market_gravity_weight": 75 }, "geometry": { "type": "Point", "coordinates": [ -74.386520026161406, 40.485657407982416 ] } },
{ "type": "Feature", "properties": { "id": "34_21", "growth_scenario": "higher", "market_gravity_weight": 75 }, "geometry": { "type": "Point", "coordinates": [ -74.38958070905845, 40.483256649674473 ] } },
{ "type": "Feature", "properties": { "id": "34_22", "growth_scenario": "higher", "market_gravity_weight": 75 }, "geometry": { "type": "Point", "coordinates": [ -74.383799873982568, 40.253003117975545 ] } },
{ "type": "Feature", "properties": { "id": "34_23", "growth_scenario": "higher", "market_gravity_weight": 75 }, "geometry": { "type": "Point", "coordinates": [ -74.108731333984437, 40.792980887967431 ] } },
{ "type": "Feature", "properties": { "id": "34_24", "growth_scenario": "higher", "market_gravity_weight": 75 }, "geometry": { "type": "Point", "coordinates": [ -74.306138019340139, 40.443900848479046 ] } },
{ "type": "Feature", "properties": { "id": "34_25", "growth_scenario": "higher", "market_gravity_weight": 75 }, "geometry": { "type": "Point", "coordinates": [ -74.357214081523921, 40.44491742447692 ] } },
{ "type": "Feature", "properties": { "id": "34_26", "growth_scenario": "higher", "market_gravity_weight": 75 }, "geometry": { "type": "Point", "coordinates": [ -74.638560713666052, 40.99261652416434 ] } },
{ "type": "Feature", "properties": { "id": "34_27", "growth_scenario": "higher", "market_gravity_weight": 75 }, "geometry": { "type": "Point", "coordinates": [ -74.86125671737058, 40.637964870709709 ] } },
{ "type": "Feature", "properties": { "id": "34_28", "growth_scenario": "higher", "market_gravity_weight": 75 }, "geometry": { "type": "Point", "coordinates": [ -74.251174226072962, 40.392046124245397 ] } },
{ "type": "Feature", "properties": { "id": "34_29", "growth_scenario": "higher", "market_gravity_weight": 75 }, "geometry": { "type": "Point", "coordinates": [ -74.844963466405318, 40.519592914533334 ] } },
{ "type": "Feature", "properties": { "id": "34_3", "growth_scenario": "higher", "market_gravity_weight": 75 }, "geometry": { "type": "Point", "coordinates": [ -74.312978340998825, 40.441519524277375 ] } },
{ "type": "Feature", "properties": { "id": "34_30", "growth_scenario": "higher", "market_gravity_weight": 75 }, "geometry": { "type": "Point", "coordinates": [ -74.320655535139949, 40.449456380759933 ] } },
{ "type": "Feature", "properties": { "id": "34_31", "growth_scenario": "higher", "market_gravity_weight": 75 }, "geometry": { "type": "Point", "coordinates": [ -74.107708572682725, 40.789591631255853 ] } },
{ "type": "Feature", "properties": { "id": "34_32", "growth_scenario": "higher", "market_gravity_weight": 75 }, "geometry": { "type": "Point", "coordinates": [ -74.450823141641948, 40.447698950804082 ] } },
{ "type": "Feature", "properties": { "id": "34_33", "growth_scenario": "higher", "market_gravity_weight": 75 }, "geometry": { "type": "Point", "coordinates": [ -74.334029983148923, 40.446471348835864 ] } },
{ "type": "Feature", "properties": { "id": "34_34", "growth_scenario": "higher", "market_gravity_weight": 75 }, "geometry": { "type": "Point", "coordinates": [ -74.325550416285992, 40.469554788149843 ] } },
{ "type": "Feature", "properties": { "id": "34_35", "growth_scenario": "higher", "market_gravity_weight": 75 }, "geometry": { "type": "Point", "coordinates": [ -74.635109303119293, 40.995051519380816 ] } },
{ "type": "Feature", "properties": { "id": "34_36", "growth_scenario": "higher", "market_gravity_weight": 75 }, "geometry": { "type": "Point", "coordinates": [ -74.318722487339343, 40.46873174809901 ] } },
{ "type": "Feature", "properties": { "id": "34_37", "growth_scenario": "higher", "market_gravity_weight": 75 }, "geometry": { "type": "Point", "coordinates": [ -74.309418087234079, 40.434483373341514 ] } },
{ "type": "Feature", "properties": { "id": "34_38", "growth_scenario": "higher", "market_gravity_weight": 75 }, "geometry": { "type": "Point", "coordinates": [ -74.32524498888516, 40.434218510180614 ] } },
{ "type": "Feature", "properties": { "id": "34_39", "growth_scenario": "higher", "market_gravity_weight": 75 }, "geometry": { "type": "Point", "coordinates": [ -74.252185129196548, 40.400197234894719 ] } },
{ "type": "Feature", "properties": { "id": "34_4", "growth_scenario": "higher", "market_gravity_weight": 75 }, "geometry": { "type": "Point", "coordinates": [ -74.509380724636529, 40.852324839466903 ] } },
{ "type": "Feature", "properties": { "id": "34_40", "growth_scenario": "higher", "market_gravity_weight": 75 }, "geometry": { "type": "Point", "coordinates": [ -74.161324356764254, 40.661061379703824 ] } },
{ "type": "Feature", "properties": { "id": "34_41", "growth_scenario": "higher", "market_gravity_weight": 75 }, "geometry": { "type": "Point", "coordinates": [ -74.492163719589811, 40.409598656321201 ] } },
{ "type": "Feature", "properties": { "id": "34_42", "growth_scenario": "higher", "market_gravity_weight": 75 }, "geometry": { "type": "Point", "coordinates": [ -74.871501957422026, 40.640065744120939 ] } },
{ "type": "Feature", "properties": { "id": "34_43", "growth_scenario": "higher", "market_gravity_weight": 75 }, "geometry": { "type": "Point", "coordinates": [ -74.048911257619437, 40.222225675978912 ] } },
{ "type": "Feature", "properties": { "id": "34_44", "growth_scenario": "higher", "market_gravity_weight": 75 }, "geometry": { "type": "Point", "coordinates": [ -74.327301743289269, 40.451256044967955 ] } },
{ "type": "Feature", "properties": { "id": "34_45", "growth_scenario": "higher", "market_gravity_weight": 75 }, "geometry": { "type": "Point", "coordinates": [ -74.375660365429653, 40.295289043514074 ] } },
{ "type": "Feature", "properties": { "id": "34_46", "growth_scenario": "higher", "market_gravity_weight": 75 }, "geometry": { "type": "Point", "coordinates": [ -74.388070821543721, 40.258511338509898 ] } },
{ "type": "Feature", "properties": { "id": "34_47", "growth_scenario": "higher", "market_gravity_weight": 75 }, "geometry": { "type": "Point", "coordinates": [ -74.387142826419918, 40.252027944654706 ] } },
{ "type": "Feature", "properties": { "id": "34_48", "growth_scenario": "higher", "market_gravity_weight": 75 }, "geometry": { "type": "Point", "coordinates": [ -74.348003505230736, 41.138107130850351 ] } },
{ "type": "Feature", "properties": { "id": "34_49", "growth_scenario": "higher", "market_gravity_weight": 75 }, "geometry": { "type": "Point", "coordinates": [ -74.322945443990747, 40.470475661458025 ] } },
{ "type": "Feature", "properties": { "id": "34_5", "growth_scenario": "higher", "market_gravity_weight": 75 }, "geometry": { "type": "Point", "coordinates": [ -74.115768286412418, 40.789719936921379 ] } },
{ "type": "Feature", "properties": { "id": "34_6", "growth_scenario": "higher", "market_gravity_weight": 75 }, "geometry": { "type": "Point", "coordinates": [ -74.320541496600626, 40.458509411434228 ] } },
{ "type": "Feature", "properties": { "id": "34_7", "growth_scenario": "higher", "market_gravity_weight": 75 }, "geometry": { "type": "Point", "coordinates": [ -74.483886126559455, 40.405968173890734 ] } },
{ "type": "Feature", "properties": { "id": "34_8", "growth_scenario": "higher", "market_gravity_weight": 75 }, "geometry": { "type": "Point", "coordinates": [ -74.487154853350191, 40.405251235533079 ] } },
{ "type": "Feature", "properties": { "id": "34_9", "growth_scenario": "higher", "market_gravity_weight": 75 }, "geometry": { "type": "Point", "coordinates": [ -74.113439353587864, 40.793622428146769 ] } },
{ "type": "Feature", "properties": { "id": "35_0", "growth_scenario": "higher", "market_gravity_weight": 75 }, "geometry": { "type": "Point", "coordinates": [ -106.783850716587096, 34.651458099792791 ] } },
{ "type": "Feature", "properties": { "id": "35_1", "growth_scenario": "higher", "market_gravity_weight": 75 }, "geometry": { "type": "Point", "coordinates": [ -106.730360957024118, 35.013833176251154 ] } },
{ "type": "Feature", "properties": { "id": "35_2", "growth_scenario": "higher", "market_gravity_weight": 75 }, "geometry": { "type": "Point", "coordinates": [ -106.774791386352916, 34.644468142788249 ] } },
{ "type": "Feature", "properties": { "id": "35_3", "growth_scenario": "higher", "market_gravity_weight": 75 }, "geometry": { "type": "Point", "coordinates": [ -106.78279511649194, 34.644716747216734 ] } },
{ "type": "Feature", "properties": { "id": "35_4", "growth_scenario": "higher", "market_gravity_weight": 75 }, "geometry": { "type": "Point", "coordinates": [ -106.733818911625249, 35.015494836960357 ] } },
{ "type": "Feature", "properties": { "id": "36_0", "growth_scenario": "higher", "market_gravity_weight": 75 }, "geometry": { "type": "Point", "coordinates": [ -74.024206320195162, 41.152094964559346 ] } },
{ "type": "Feature", "properties": { "id": "36_1", "growth_scenario": "higher", "market_gravity_weight": 75 }, "geometry": { "type": "Point", "coordinates": [ -74.029085506764517, 41.075873856370876 ] } },
{ "type": "Feature", "properties": { "id": "36_10", "growth_scenario": "higher", "market_gravity_weight": 75 }, "geometry": { "type": "Point", "coordinates": [ -74.1642096398717, 41.13919212552527 ] } },
{ "type": "Feature", "properties": { "id": "36_11", "growth_scenario": "higher", "market_gravity_weight": 75 }, "geometry": { "type": "Point", "coordinates": [ -73.955425252327274, 41.086985401136936 ] } },
{ "type": "Feature", "properties": { "id": "36_12", "growth_scenario": "higher", "market_gravity_weight": 75 }, "geometry": { "type": "Point", "coordinates": [ -74.0157272129875, 41.151986319484877 ] } },
{ "type": "Feature", "properties": { "id": "36_13", "growth_scenario": "higher", "market_gravity_weight": 75 }, "geometry": { "type": "Point", "coordinates": [ -74.002742708362902, 41.248638186202065 ] } },
{ "type": "Feature", "properties": { "id": "36_14", "growth_scenario": "higher", "market_gravity_weight": 75 }, "geometry": { "type": "Point", "coordinates": [ -74.028981937681422, 41.07970935628277 ] } },
{ "type": "Feature", "properties": { "id": "36_15", "growth_scenario": "higher", "market_gravity_weight": 75 }, "geometry": { "type": "Point", "coordinates": [ -74.201683392111661, 41.160839715757959 ] } },
{ "type": "Feature", "properties": { "id": "36_16", "growth_scenario": "higher", "market_gravity_weight": 75 }, "geometry": { "type": "Point", "coordinates": [ -74.197112578063724, 41.165182467832906 ] } },
{ "type": "Feature", "properties": { "id": "36_17", "growth_scenario": "higher", "market_gravity_weight": 75 }, "geometry": { "type": "Point", "coordinates": [ -74.063682847713039, 41.181388647085917 ] } },
{ "type": "Feature", "properties": { "id": "36_18", "growth_scenario": "higher", "market_gravity_weight": 75 }, "geometry": { "type": "Point", "coordinates": [ -74.024096490358744, 41.084633700629119 ] } },
{ "type": "Feature", "properties": { "id": "36_19", "growth_scenario": "higher", "market_gravity_weight": 75 }, "geometry": { "type": "Point", "coordinates": [ -74.177119852081219, 41.131072679067124 ] } },
{ "type": "Feature", "properties": { "id": "36_2", "growth_scenario": "higher", "market_gravity_weight": 75 }, "geometry": { "type": "Point", "coordinates": [ -74.119448712816833, 41.120387392222085 ] } },
{ "type": "Feature", "properties": { "id": "36_20", "growth_scenario": "higher", "market_gravity_weight": 75 }, "geometry": { "type": "Point", "coordinates": [ -74.166506566722674, 41.143260826012231 ] } },
{ "type": "Feature", "properties": { "id": "36_21", "growth_scenario": "higher", "market_gravity_weight": 75 }, "geometry": { "type": "Point", "coordinates": [ -74.025436771070233, 41.081565427026511 ] } },
{ "type": "Feature", "properties": { "id": "36_22", "growth_scenario": "higher", "market_gravity_weight": 75 }, "geometry": { "type": "Point", "coordinates": [ -74.180409984150856, 41.129626854716236 ] } },
{ "type": "Feature", "properties": { "id": "36_23", "growth_scenario": "higher", "market_gravity_weight": 75 }, "geometry": { "type": "Point", "coordinates": [ -74.416903176307514, 41.427312040778162 ] } },
{ "type": "Feature", "properties": { "id": "36_24", "growth_scenario": "higher", "market_gravity_weight": 75 }, "geometry": { "type": "Point", "coordinates": [ -74.06216831413154, 41.178371401551033 ] } },
{ "type": "Feature", "properties": { "id": "36_25", "growth_scenario": "higher", "market_gravity_weight": 75 }, "geometry": { "type": "Point", "coordinates": [ -74.059665172356318, 41.181604176380155 ] } },
{ "type": "Feature", "properties": { "id": "36_26", "growth_scenario": "higher", "market_gravity_weight": 75 }, "geometry": { "type": "Point", "coordinates": [ -74.030252539226112, 41.082317599220758 ] } },
{ "type": "Feature", "properties": { "id": "36_27", "growth_scenario": "higher", "market_gravity_weight": 75 }, "geometry": { "type": "Point", "coordinates": [ -74.027909492381553, 41.084659650471458 ] } },
{ "type": "Feature", "properties": { "id": "36_28", "growth_scenario": "higher", "market_gravity_weight": 75 }, "geometry": { "type": "Point", "coordinates": [ -74.180642453243905, 41.13241897658569 ] } },
{ "type": "Feature", "properties": { "id": "36_29", "growth_scenario": "higher", "market_gravity_weight": 75 }, "geometry": { "type": "Point", "coordinates": [ -73.836706121920216, 41.07376083249008 ] } },
{ "type": "Feature", "properties": { "id": "36_3", "growth_scenario": "higher", "market_gravity_weight": 75 }, "geometry": { "type": "Point", "coordinates": [ -73.957455562050953, 41.089911950914185 ] } },
{ "type": "Feature", "properties": { "id": "36_30", "growth_scenario": "higher", "market_gravity_weight": 75 }, "geometry": { "type": "Point", "coordinates": [ -73.837248664496187, 41.078630232116502 ] } },
{ "type": "Feature", "properties": { "id": "36_31", "growth_scenario": "higher", "market_gravity_weight": 75 }, "geometry": { "type": "Point", "coordinates": [ -74.195597312359894, 41.145657715248348 ] } },
{ "type": "Feature", "properties": { "id": "36_32", "growth_scenario": "higher", "market_gravity_weight": 75 }, "geometry": { "type": "Point", "coordinates": [ -73.961321556298557, 41.104540668842752 ] } },
{ "type": "Feature", "properties": { "id": "36_33", "growth_scenario": "higher", "market_gravity_weight": 75 }, "geometry": { "type": "Point", "coordinates": [ -73.957439432193695, 41.103950132476598 ] } },
{ "type": "Feature", "properties": { "id": "36_34", "growth_scenario": "higher", "market_gravity_weight": 75 }, "geometry": { "type": "Point", "coordinates": [ -74.198047695128125, 41.168096518660953 ] } },
{ "type": "Feature", "properties": { "id": "36_35", "growth_scenario": "higher", "market_gravity_weight": 75 }, "geometry": { "type": "Point", "coordinates": [ -74.420401114797997, 41.42561862290983 ] } },
{ "type": "Feature", "properties": { "id": "36_36", "growth_scenario": "higher", "market_gravity_weight": 75 }, "geometry": { "type": "Point", "coordinates": [ -74.413386780561623, 41.429460715127568 ] } },
{ "type": "Feature", "properties": { "id": "36_37", "growth_scenario": "higher", "market_gravity_weight": 75 }, "geometry": { "type": "Point", "coordinates": [ -74.27171858951472, 41.342189216665822 ] } },
{ "type": "Feature", "properties": { "id": "36_38", "growth_scenario": "higher", "market_gravity_weight": 75 }, "geometry": { "type": "Point", "coordinates": [ -73.995843996935804, 41.189797229438049 ] } },
{ "type": "Feature", "properties": { "id": "36_39", "growth_scenario": "higher", "market_gravity_weight": 75 }, "geometry": { "type": "Point", "coordinates": [ -73.840420719985772, 41.076804379142679 ] } },
{ "type": "Feature", "properties": { "id": "36_4", "growth_scenario": "higher", "market_gravity_weight": 75 }, "geometry": { "type": "Point", "coordinates": [ -73.997935905895787, 41.24898966412848 ] } },
{ "type": "Feature", "properties": { "id": "36_40", "growth_scenario": "higher", "market_gravity_weight": 75 }, "geometry": { "type": "Point", "coordinates": [ -74.010720597341205, 41.20479207082397 ] } },
{ "type": "Feature", "properties": { "id": "36_41", "growth_scenario": "higher", "market_gravity_weight": 75 }, "geometry": { "type": "Point", "coordinates": [ -74.006981012919226, 41.210744578239627 ] } },
{ "type": "Feature", "properties": { "id": "36_42", "growth_scenario": "higher", "market_gravity_weight": 75 }, "geometry": { "type": "Point", "coordinates": [ -74.194728810589282, 41.169629824241525 ] } },
{ "type": "Feature", "properties": { "id": "36_43", "growth_scenario": "higher", "market_gravity_weight": 75 }, "geometry": { "type": "Point", "coordinates": [ -74.416362256719253, 41.424285160790454 ] } },
{ "type": "Feature", "properties": { "id": "36_44", "growth_scenario": "higher", "market_gravity_weight": 75 }, "geometry": { "type": "Point", "coordinates": [ -74.41187023253508, 41.425991593849311 ] } },
{ "type": "Feature", "properties": { "id": "36_45", "growth_scenario": "higher", "market_gravity_weight": 75 }, "geometry": { "type": "Point", "coordinates": [ -74.13200354187191, 41.117714345156699 ] } },
{ "type": "Feature", "properties": { "id": "36_46", "growth_scenario": "higher", "market_gravity_weight": 75 }, "geometry": { "type": "Point", "coordinates": [ -73.834908889107865, 41.070505473212641 ] } },
{ "type": "Feature", "properties": { "id": "36_47", "growth_scenario": "higher", "market_gravity_weight": 75 }, "geometry": { "type": "Point", "coordinates": [ -73.838356063902864, 41.080570192156635 ] } },
{ "type": "Feature", "properties": { "id": "36_48", "growth_scenario": "higher", "market_gravity_weight": 75 }, "geometry": { "type": "Point", "coordinates": [ -74.340596806039244, 41.384047508406077 ] } },
{ "type": "Feature", "properties": { "id": "36_49", "growth_scenario": "higher", "market_gravity_weight": 75 }, "geometry": { "type": "Point", "coordinates": [ -74.20607324285659, 41.164536862314414 ] } },
{ "type": "Feature", "properties": { "id": "36_5", "growth_scenario": "higher", "market_gravity_weight": 75 }, "geometry": { "type": "Point", "coordinates": [ -74.198810313086497, 41.158598135199469 ] } },
{ "type": "Feature", "properties": { "id": "36_6", "growth_scenario": "higher", "market_gravity_weight": 75 }, "geometry": { "type": "Point", "coordinates": [ -74.000531191870849, 41.250545358539874 ] } },
{ "type": "Feature", "properties": { "id": "36_7", "growth_scenario": "higher", "market_gravity_weight": 75 }, "geometry": { "type": "Point", "coordinates": [ -74.198439161547725, 41.16174394343637 ] } },
{ "type": "Feature", "properties": { "id": "36_8", "growth_scenario": "higher", "market_gravity_weight": 75 }, "geometry": { "type": "Point", "coordinates": [ -73.968447374483191, 41.222804853544766 ] } },
{ "type": "Feature", "properties": { "id": "36_9", "growth_scenario": "higher", "market_gravity_weight": 75 }, "geometry": { "type": "Point", "coordinates": [ -74.037079693590996, 41.155082554325254 ] } },
{ "type": "Feature", "properties": { "id": "37_0", "growth_scenario": "higher", "market_gravity_weight": 75 }, "geometry": { "type": "Point", "coordinates": [ -78.300639371750023, 35.807463436792119 ] } },
{ "type": "Feature", "properties": { "id": "37_1", "growth_scenario": "higher", "market_gravity_weight": 75 }, "geometry": { "type": "Point", "coordinates": [ -78.30542239255584, 35.805003364164662 ] } },
{ "type": "Feature", "properties": { "id": "37_10", "growth_scenario": "higher", "market_gravity_weight": 75 }, "geometry": { "type": "Point", "coordinates": [ -78.301291443208513, 35.800836290403453 ] } },
{ "type": "Feature", "properties": { "id": "37_11", "growth_scenario": "higher", "market_gravity_weight": 75 }, "geometry": { "type": "Point", "coordinates": [ -78.296845712372814, 35.802347303625908 ] } },
{ "type": "Feature", "properties": { "id": "37_12", "growth_scenario": "higher", "market_gravity_weight": 75 }, "geometry": { "type": "Point", "coordinates": [ -78.293010408626685, 35.803677574744761 ] } },
{ "type": "Feature", "properties": { "id": "37_13", "growth_scenario": "higher", "market_gravity_weight": 75 }, "geometry": { "type": "Point", "coordinates": [ -78.30296092269144, 35.798088752828356 ] } },
{ "type": "Feature", "properties": { "id": "37_14", "growth_scenario": "higher", "market_gravity_weight": 75 }, "geometry": { "type": "Point", "coordinates": [ -78.29561363002523, 35.800343821868644 ] } },
{ "type": "Feature", "properties": { "id": "37_15", "growth_scenario": "higher", "market_gravity_weight": 75 }, "geometry": { "type": "Point", "coordinates": [ -78.300733454500005, 35.79693502159018 ] } },
{ "type": "Feature", "properties": { "id": "37_16", "growth_scenario": "higher", "market_gravity_weight": 75 }, "geometry": { "type": "Point", "coordinates": [ -78.290468197416189, 35.801930874058584 ] } },
{ "type": "Feature", "properties": { "id": "37_17", "growth_scenario": "higher", "market_gravity_weight": 75 }, "geometry": { "type": "Point", "coordinates": [ -81.526856393562838, 35.320122434643729 ] } },
{ "type": "Feature", "properties": { "id": "37_18", "growth_scenario": "higher", "market_gravity_weight": 75 }, "geometry": { "type": "Point", "coordinates": [ -81.527918214846423, 35.318084189933934 ] } },
{ "type": "Feature", "properties": { "id": "37_19", "growth_scenario": "higher", "market_gravity_weight": 75 }, "geometry": { "type": "Point", "coordinates": [ -81.519942926895993, 35.303990425457371 ] } },
{ "type": "Feature", "properties": { "id": "37_2", "growth_scenario": "higher", "market_gravity_weight": 75 }, "geometry": { "type": "Point", "coordinates": [ -78.297072696593759, 35.807652851473762 ] } },
{ "type": "Feature", "properties": { "id": "37_20", "growth_scenario": "higher", "market_gravity_weight": 75 }, "geometry": { "type": "Point", "coordinates": [ -78.292316138854119, 35.799392116519634 ] } },
{ "type": "Feature", "properties": { "id": "37_21", "growth_scenario": "higher", "market_gravity_weight": 75 }, "geometry": { "type": "Point", "coordinates": [ -81.515567382063679, 35.307517009585602 ] } },
{ "type": "Feature", "properties": { "id": "37_22", "growth_scenario": "higher", "market_gravity_weight": 75 }, "geometry": { "type": "Point", "coordinates": [ -81.534006415767379, 35.315582368564819 ] } },
{ "type": "Feature", "properties": { "id": "37_23", "growth_scenario": "higher", "market_gravity_weight": 75 }, "geometry": { "type": "Point", "coordinates": [ -78.281479005962908, 35.810663196737345 ] } },
{ "type": "Feature", "properties": { "id": "37_24", "growth_scenario": "higher", "market_gravity_weight": 75 }, "geometry": { "type": "Point", "coordinates": [ -81.50986824509738, 35.315037993321262 ] } },
{ "type": "Feature", "properties": { "id": "37_25", "growth_scenario": "higher", "market_gravity_weight": 75 }, "geometry": { "type": "Point", "coordinates": [ -81.510533869651823, 35.312137218748688 ] } },
{ "type": "Feature", "properties": { "id": "37_26", "growth_scenario": "higher", "market_gravity_weight": 75 }, "geometry": { "type": "Point", "coordinates": [ -81.535244906170519, 35.313204330109713 ] } },
{ "type": "Feature", "properties": { "id": "37_27", "growth_scenario": "higher", "market_gravity_weight": 75 }, "geometry": { "type": "Point", "coordinates": [ -78.296680787057682, 35.796778429410949 ] } },
{ "type": "Feature", "properties": { "id": "37_28", "growth_scenario": "higher", "market_gravity_weight": 75 }, "geometry": { "type": "Point", "coordinates": [ -81.535192517038723, 35.309943626084731 ] } },
{ "type": "Feature", "properties": { "id": "37_29", "growth_scenario": "higher", "market_gravity_weight": 75 }, "geometry": { "type": "Point", "coordinates": [ -81.53992679986257, 35.315138620080731 ] } },
{ "type": "Feature", "properties": { "id": "37_3", "growth_scenario": "higher", "market_gravity_weight": 75 }, "geometry": { "type": "Point", "coordinates": [ -78.303229660779309, 35.803218769499956 ] } },
{ "type": "Feature", "properties": { "id": "37_30", "growth_scenario": "higher", "market_gravity_weight": 75 }, "geometry": { "type": "Point", "coordinates": [ -81.516324807908475, 35.30236760815334 ] } },
{ "type": "Feature", "properties": { "id": "37_31", "growth_scenario": "higher", "market_gravity_weight": 75 }, "geometry": { "type": "Point", "coordinates": [ -78.304205772049173, 35.794731896521746 ] } },
{ "type": "Feature", "properties": { "id": "37_32", "growth_scenario": "higher", "market_gravity_weight": 75 }, "geometry": { "type": "Point", "coordinates": [ -78.293795252854522, 35.795525314785202 ] } },
{ "type": "Feature", "properties": { "id": "37_4", "growth_scenario": "higher", "market_gravity_weight": 75 }, "geometry": { "type": "Point", "coordinates": [ -78.298632763841283, 35.804888848188156 ] } },
{ "type": "Feature", "properties": { "id": "37_5", "growth_scenario": "higher", "market_gravity_weight": 75 }, "geometry": { "type": "Point", "coordinates": [ -78.29131434174603, 35.810874422098877 ] } },
{ "type": "Feature", "properties": { "id": "37_6", "growth_scenario": "higher", "market_gravity_weight": 75 }, "geometry": { "type": "Point", "coordinates": [ -78.288234020508114, 35.811409600272313 ] } },
{ "type": "Feature", "properties": { "id": "37_7", "growth_scenario": "higher", "market_gravity_weight": 75 }, "geometry": { "type": "Point", "coordinates": [ -78.290645256062334, 35.808410489758785 ] } },
{ "type": "Feature", "properties": { "id": "37_8", "growth_scenario": "higher", "market_gravity_weight": 75 }, "geometry": { "type": "Point", "coordinates": [ -78.295051839489304, 35.805621348502548 ] } },
{ "type": "Feature", "properties": { "id": "37_9", "growth_scenario": "higher", "market_gravity_weight": 75 }, "geometry": { "type": "Point", "coordinates": [ -78.305296626857313, 35.80071288361497 ] } },
{ "type": "Feature", "properties": { "id": "38_0", "growth_scenario": "higher", "market_gravity_weight": 75 }, "geometry": { "type": "Point", "coordinates": [ -96.88481480930065, 46.777310370497389 ] } },
{ "type": "Feature", "properties": { "id": "38_1", "growth_scenario": "higher", "market_gravity_weight": 75 }, "geometry": { "type": "Point", "coordinates": [ -96.8793963049703, 46.889165018107128 ] } },
{ "type": "Feature", "properties": { "id": "38_10", "growth_scenario": "higher", "market_gravity_weight": 75 }, "geometry": { "type": "Point", "coordinates": [ -97.05031351081287, 46.873420748423911 ] } },
{ "type": "Feature", "properties": { "id": "38_11", "growth_scenario": "higher", "market_gravity_weight": 75 }, "geometry": { "type": "Point", "coordinates": [ -97.04720460450514, 46.875070528516702 ] } },
{ "type": "Feature", "properties": { "id": "38_12", "growth_scenario": "higher", "market_gravity_weight": 75 }, "geometry": { "type": "Point", "coordinates": [ -96.885780087041866, 46.781187372566535 ] } },
{ "type": "Feature", "properties": { "id": "38_13", "growth_scenario": "higher", "market_gravity_weight": 75 }, "geometry": { "type": "Point", "coordinates": [ -96.899736769121333, 46.781096602192044 ] } },
{ "type": "Feature", "properties": { "id": "38_14", "growth_scenario": "higher", "market_gravity_weight": 75 }, "geometry": { "type": "Point", "coordinates": [ -97.05711432031363, 46.873910618331102 ] } },
{ "type": "Feature", "properties": { "id": "38_15", "growth_scenario": "higher", "market_gravity_weight": 75 }, "geometry": { "type": "Point", "coordinates": [ -96.913443868880236, 46.772426893925704 ] } },
{ "type": "Feature", "properties": { "id": "38_16", "growth_scenario": "higher", "market_gravity_weight": 75 }, "geometry": { "type": "Point", "coordinates": [ -96.895154302210074, 46.779862248926442 ] } },
{ "type": "Feature", "properties": { "id": "38_17", "growth_scenario": "higher", "market_gravity_weight": 75 }, "geometry": { "type": "Point", "coordinates": [ -97.047673804639615, 46.87172451771626 ] } },
{ "type": "Feature", "properties": { "id": "38_18", "growth_scenario": "higher", "market_gravity_weight": 75 }, "geometry": { "type": "Point", "coordinates": [ -96.898217662422013, 46.899161454137172 ] } },
{ "type": "Feature", "properties": { "id": "38_19", "growth_scenario": "higher", "market_gravity_weight": 75 }, "geometry": { "type": "Point", "coordinates": [ -97.051171483132052, 46.869891099612992 ] } },
{ "type": "Feature", "properties": { "id": "38_2", "growth_scenario": "higher", "market_gravity_weight": 75 }, "geometry": { "type": "Point", "coordinates": [ -96.872621881743484, 46.910348219725101 ] } },
{ "type": "Feature", "properties": { "id": "38_20", "growth_scenario": "higher", "market_gravity_weight": 75 }, "geometry": { "type": "Point", "coordinates": [ -96.891782608766746, 46.781329124252096 ] } },
{ "type": "Feature", "properties": { "id": "38_21", "growth_scenario": "higher", "market_gravity_weight": 75 }, "geometry": { "type": "Point", "coordinates": [ -96.872975704325341, 46.986154695977177 ] } },
{ "type": "Feature", "properties": { "id": "38_22", "growth_scenario": "higher", "market_gravity_weight": 75 }, "geometry": { "type": "Point", "coordinates": [ -96.913797502434818, 46.769715373231399 ] } },
{ "type": "Feature", "properties": { "id": "38_23", "growth_scenario": "higher", "market_gravity_weight": 75 }, "geometry": { "type": "Point", "coordinates": [ -97.048311529137777, 46.878946584821186 ] } },
{ "type": "Feature", "properties": { "id": "38_24", "growth_scenario": "higher", "market_gravity_weight": 75 }, "geometry": { "type": "Point", "coordinates": [ -96.875495494411027, 46.988668976878849 ] } },
{ "type": "Feature", "properties": { "id": "38_25", "growth_scenario": "higher", "market_gravity_weight": 75 }, "geometry": { "type": "Point", "coordinates": [ -97.056143378125526, 46.870394987647074 ] } },
{ "type": "Feature", "properties": { "id": "38_26", "growth_scenario": "higher", "market_gravity_weight": 75 }, "geometry": { "type": "Point", "coordinates": [ -96.89968349181224, 46.901229742294312 ] } },
{ "type": "Feature", "properties": { "id": "38_27", "growth_scenario": "higher", "market_gravity_weight": 75 }, "geometry": { "type": "Point", "coordinates": [ -96.855675285498165, 46.913797517683371 ] } },
{ "type": "Feature", "properties": { "id": "38_28", "growth_scenario": "higher", "market_gravity_weight": 75 }, "geometry": { "type": "Point", "coordinates": [ -96.87813668474449, 46.76561355984061 ] } },
{ "type": "Feature", "properties": { "id": "38_29", "growth_scenario": "higher", "market_gravity_weight": 75 }, "geometry": { "type": "Point", "coordinates": [ -96.855591654734269, 46.917411894776485 ] } },
{ "type": "Feature", "properties": { "id": "38_3", "growth_scenario": "higher", "market_gravity_weight": 75 }, "geometry": { "type": "Point", "coordinates": [ -96.905182779213789, 46.77871279047887 ] } },
{ "type": "Feature", "properties": { "id": "38_30", "growth_scenario": "higher", "market_gravity_weight": 75 }, "geometry": { "type": "Point", "coordinates": [ -97.04478880935271, 46.871023799051393 ] } },
{ "type": "Feature", "properties": { "id": "38_31", "growth_scenario": "higher", "market_gravity_weight": 75 }, "geometry": { "type": "Point", "coordinates": [ -97.043007540364997, 46.874018411104935 ] } },
{ "type": "Feature", "properties": { "id": "38_32", "growth_scenario": "higher", "market_gravity_weight": 75 }, "geometry": { "type": "Point", "coordinates": [ -96.898226516713706, 46.766025370070885 ] } },
{ "type": "Feature", "properties": { "id": "38_33", "growth_scenario": "higher", "market_gravity_weight": 75 }, "geometry": { "type": "Point", "coordinates": [ -96.855108813695111, 46.920486709442024 ] } },
{ "type": "Feature", "properties": { "id": "38_34", "growth_scenario": "higher", "market_gravity_weight": 75 }, "geometry": { "type": "Point", "coordinates": [ -96.885434960046496, 46.784621328183519 ] } },
{ "type": "Feature", "properties": { "id": "38_35", "growth_scenario": "higher", "market_gravity_weight": 75 }, "geometry": { "type": "Point", "coordinates": [ -96.87538393059485, 46.990115575529181 ] } },
{ "type": "Feature", "properties": { "id": "38_36", "growth_scenario": "higher", "market_gravity_weight": 75 }, "geometry": { "type": "Point", "coordinates": [ -96.823272696442444, 46.894029602663124 ] } },
{ "type": "Feature", "properties": { "id": "38_37", "growth_scenario": "higher", "market_gravity_weight": 75 }, "geometry": { "type": "Point", "coordinates": [ -96.890129693892476, 46.7845006572432 ] } },
{ "type": "Feature", "properties": { "id": "38_38", "growth_scenario": "higher", "market_gravity_weight": 75 }, "geometry": { "type": "Point", "coordinates": [ -97.060606020693854, 46.871715649109255 ] } },
{ "type": "Feature", "properties": { "id": "38_39", "growth_scenario": "higher", "market_gravity_weight": 75 }, "geometry": { "type": "Point", "coordinates": [ -96.884656964999706, 46.765571685608315 ] } },
{ "type": "Feature", "properties": { "id": "38_4", "growth_scenario": "higher", "market_gravity_weight": 75 }, "geometry": { "type": "Point", "coordinates": [ -96.887179574006765, 46.778559408165897 ] } },
{ "type": "Feature", "properties": { "id": "38_40", "growth_scenario": "higher", "market_gravity_weight": 75 }, "geometry": { "type": "Point", "coordinates": [ -96.916915290253513, 46.778183381432051 ] } },
{ "type": "Feature", "properties": { "id": "38_41", "growth_scenario": "higher", "market_gravity_weight": 75 }, "geometry": { "type": "Point", "coordinates": [ -96.889745219723608, 46.765719400447239 ] } },
{ "type": "Feature", "properties": { "id": "38_42", "growth_scenario": "higher", "market_gravity_weight": 75 }, "geometry": { "type": "Point", "coordinates": [ -96.89912654854902, 46.784171096477742 ] } },
{ "type": "Feature", "properties": { "id": "38_43", "growth_scenario": "higher", "market_gravity_weight": 75 }, "geometry": { "type": "Point", "coordinates": [ -97.047749695185615, 46.868291205469582 ] } },
{ "type": "Feature", "properties": { "id": "38_44", "growth_scenario": "higher", "market_gravity_weight": 75 }, "geometry": { "type": "Point", "coordinates": [ -96.918373310611685, 46.770497579502958 ] } },
{ "type": "Feature", "properties": { "id": "38_45", "growth_scenario": "higher", "market_gravity_weight": 75 }, "geometry": { "type": "Point", "coordinates": [ -96.924438388113671, 46.868001769537706 ] } },
{ "type": "Feature", "properties": { "id": "38_46", "growth_scenario": "higher", "market_gravity_weight": 75 }, "geometry": { "type": "Point", "coordinates": [ -96.912174958667407, 46.765572155918086 ] } },
{ "type": "Feature", "properties": { "id": "38_47", "growth_scenario": "higher", "market_gravity_weight": 75 }, "geometry": { "type": "Point", "coordinates": [ -96.854352736022179, 46.922659764609975 ] } },
{ "type": "Feature", "properties": { "id": "38_5", "growth_scenario": "higher", "market_gravity_weight": 75 }, "geometry": { "type": "Point", "coordinates": [ -96.878749953990919, 46.909225048285975 ] } },
{ "type": "Feature", "properties": { "id": "38_6", "growth_scenario": "higher", "market_gravity_weight": 75 }, "geometry": { "type": "Point", "coordinates": [ -96.876097868418839, 46.984779350070873 ] } },
{ "type": "Feature", "properties": { "id": "38_7", "growth_scenario": "higher", "market_gravity_weight": 75 }, "geometry": { "type": "Point", "coordinates": [ -96.874939736580828, 46.888109393573274 ] } },
{ "type": "Feature", "properties": { "id": "38_8", "growth_scenario": "higher", "market_gravity_weight": 75 }, "geometry": { "type": "Point", "coordinates": [ -96.89917799906739, 46.778391027023538 ] } },
{ "type": "Feature", "properties": { "id": "38_9", "growth_scenario": "higher", "market_gravity_weight": 75 }, "geometry": { "type": "Point", "coordinates": [ -96.891086394312438, 46.778082564670797 ] } },
{ "type": "Feature", "properties": { "id": "39_0", "growth_scenario": "higher", "market_gravity_weight": 75 }, "geometry": { "type": "Point", "coordinates": [ -82.992840616972302, 39.856208068167213 ] } },
{ "type": "Feature", "properties": { "id": "39_1", "growth_scenario": "higher", "market_gravity_weight": 75 }, "geometry": { "type": "Point", "coordinates": [ -82.78030345668131, 39.878746732676433 ] } },
{ "type": "Feature", "properties": { "id": "39_10", "growth_scenario": "higher", "market_gravity_weight": 75 }, "geometry": { "type": "Point", "coordinates": [ -82.809258810043445, 39.799360560352461 ] } },
{ "type": "Feature", "properties": { "id": "39_11", "growth_scenario": "higher", "market_gravity_weight": 75 }, "geometry": { "type": "Point", "coordinates": [ -83.064241376625674, 39.832012017925287 ] } },
{ "type": "Feature", "properties": { "id": "39_12", "growth_scenario": "higher", "market_gravity_weight": 75 }, "geometry": { "type": "Point", "coordinates": [ -82.902396502465507, 39.866389169837426 ] } },
{ "type": "Feature", "properties": { "id": "39_13", "growth_scenario": "higher", "market_gravity_weight": 75 }, "geometry": { "type": "Point", "coordinates": [ -83.116232662504757, 39.864411825947016 ] } },
{ "type": "Feature", "properties": { "id": "39_14", "growth_scenario": "higher", "market_gravity_weight": 75 }, "geometry": { "type": "Point", "coordinates": [ -82.987111730763274, 39.854980254991361 ] } },
{ "type": "Feature", "properties": { "id": "39_15", "growth_scenario": "higher", "market_gravity_weight": 75 }, "geometry": { "type": "Point", "coordinates": [ -83.123063978766552, 39.861513948182683 ] } },
{ "type": "Feature", "properties": { "id": "39_16", "growth_scenario": "higher", "market_gravity_weight": 75 }, "geometry": { "type": "Point", "coordinates": [ -82.727042795597427, 39.905087071652012 ] } },
{ "type": "Feature", "properties": { "id": "39_17", "growth_scenario": "higher", "market_gravity_weight": 75 }, "geometry": { "type": "Point", "coordinates": [ -82.798975861831167, 39.803498557879337 ] } },
{ "type": "Feature", "properties": { "id": "39_18", "growth_scenario": "higher", "market_gravity_weight": 75 }, "geometry": { "type": "Point", "coordinates": [ -82.896076194380441, 39.876177164448265 ] } },
{ "type": "Feature", "properties": { "id": "39_19", "growth_scenario": "higher", "market_gravity_weight": 75 }, "geometry": { "type": "Point", "coordinates": [ -82.906430235126109, 39.865821342645482 ] } },
{ "type": "Feature", "properties": { "id": "39_2", "growth_scenario": "higher", "market_gravity_weight": 75 }, "geometry": { "type": "Point", "coordinates": [ -82.903795952418278, 39.86914884487593 ] } },
{ "type": "Feature", "properties": { "id": "39_20", "growth_scenario": "higher", "market_gravity_weight": 75 }, "geometry": { "type": "Point", "coordinates": [ -83.06833587056262, 39.831085335252993 ] } },
{ "type": "Feature", "properties": { "id": "39_21", "growth_scenario": "higher", "market_gravity_weight": 75 }, "geometry": { "type": "Point", "coordinates": [ -82.985082647245747, 39.863507039671994 ] } },
{ "type": "Feature", "properties": { "id": "39_22", "growth_scenario": "higher", "market_gravity_weight": 75 }, "geometry": { "type": "Point", "coordinates": [ -83.062356490259234, 39.825331178308474 ] } },
{ "type": "Feature", "properties": { "id": "39_23", "growth_scenario": "higher", "market_gravity_weight": 75 }, "geometry": { "type": "Point", "coordinates": [ -83.066858668008706, 39.82543767826148 ] } },
{ "type": "Feature", "properties": { "id": "39_24", "growth_scenario": "higher", "market_gravity_weight": 75 }, "geometry": { "type": "Point", "coordinates": [ -83.192102781259905, 40.063424462280885 ] } },
{ "type": "Feature", "properties": { "id": "39_25", "growth_scenario": "higher", "market_gravity_weight": 75 }, "geometry": { "type": "Point", "coordinates": [ -83.119318992066155, 39.866441639429191 ] } },
{ "type": "Feature", "properties": { "id": "39_26", "growth_scenario": "higher", "market_gravity_weight": 75 }, "geometry": { "type": "Point", "coordinates": [ -82.733793172572106, 39.902109539651434 ] } },
{ "type": "Feature", "properties": { "id": "39_27", "growth_scenario": "higher", "market_gravity_weight": 75 }, "geometry": { "type": "Point", "coordinates": [ -83.123760002981228, 39.864918280652994 ] } },
{ "type": "Feature", "properties": { "id": "39_28", "growth_scenario": "higher", "market_gravity_weight": 75 }, "geometry": { "type": "Point", "coordinates": [ -82.849323025103985, 40.122396396732469 ] } },
{ "type": "Feature", "properties": { "id": "39_3", "growth_scenario": "higher", "market_gravity_weight": 75 }, "geometry": { "type": "Point", "coordinates": [ -82.802304083340758, 39.802228924603362 ] } },
{ "type": "Feature", "properties": { "id": "39_4", "growth_scenario": "higher", "market_gravity_weight": 75 }, "geometry": { "type": "Point", "coordinates": [ -82.782628463302842, 39.88034467020961 ] } },
{ "type": "Feature", "properties": { "id": "39_5", "growth_scenario": "higher", "market_gravity_weight": 75 }, "geometry": { "type": "Point", "coordinates": [ -83.062385294394147, 39.829117316732145 ] } },
{ "type": "Feature", "properties": { "id": "39_6", "growth_scenario": "higher", "market_gravity_weight": 75 }, "geometry": { "type": "Point", "coordinates": [ -83.065969296656391, 39.829038535986612 ] } },
{ "type": "Feature", "properties": { "id": "39_7", "growth_scenario": "higher", "market_gravity_weight": 75 }, "geometry": { "type": "Point", "coordinates": [ -83.120779858385518, 39.86362009043772 ] } },
{ "type": "Feature", "properties": { "id": "39_8", "growth_scenario": "higher", "market_gravity_weight": 75 }, "geometry": { "type": "Point", "coordinates": [ -82.730462898598688, 39.904639516644259 ] } },
{ "type": "Feature", "properties": { "id": "39_9", "growth_scenario": "higher", "market_gravity_weight": 75 }, "geometry": { "type": "Point", "coordinates": [ -82.727019242730861, 39.908419092727215 ] } },
{ "type": "Feature", "properties": { "id": "40_0", "growth_scenario": "higher", "market_gravity_weight": 75 }, "geometry": { "type": "Point", "coordinates": [ -97.031607047424203, 36.161428602947069 ] } },
{ "type": "Feature", "properties": { "id": "40_1", "growth_scenario": "higher", "market_gravity_weight": 75 }, "geometry": { "type": "Point", "coordinates": [ -97.035977814372941, 36.161122871129223 ] } },
{ "type": "Feature", "properties": { "id": "40_10", "growth_scenario": "higher", "market_gravity_weight": 75 }, "geometry": { "type": "Point", "coordinates": [ -97.723449280552401, 36.816391730024613 ] } },
{ "type": "Feature", "properties": { "id": "40_11", "growth_scenario": "higher", "market_gravity_weight": 75 }, "geometry": { "type": "Point", "coordinates": [ -97.036569224029904, 36.163350097433536 ] } },
{ "type": "Feature", "properties": { "id": "40_12", "growth_scenario": "higher", "market_gravity_weight": 75 }, "geometry": { "type": "Point", "coordinates": [ -97.030228191670176, 36.126079504054694 ] } },
{ "type": "Feature", "properties": { "id": "40_13", "growth_scenario": "higher", "market_gravity_weight": 75 }, "geometry": { "type": "Point", "coordinates": [ -97.017452836003216, 35.96812555824966 ] } },
{ "type": "Feature", "properties": { "id": "40_14", "growth_scenario": "higher", "market_gravity_weight": 75 }, "geometry": { "type": "Point", "coordinates": [ -97.726182868078169, 36.822065807156143 ] } },
{ "type": "Feature", "properties": { "id": "40_2", "growth_scenario": "higher", "market_gravity_weight": 75 }, "geometry": { "type": "Point", "coordinates": [ -97.054325308582634, 36.165605559893784 ] } },
{ "type": "Feature", "properties": { "id": "40_3", "growth_scenario": "higher", "market_gravity_weight": 75 }, "geometry": { "type": "Point", "coordinates": [ -97.728383957830687, 36.81935617966699 ] } },
{ "type": "Feature", "properties": { "id": "40_4", "growth_scenario": "higher", "market_gravity_weight": 75 }, "geometry": { "type": "Point", "coordinates": [ -97.035700919816748, 36.157285607004802 ] } },
{ "type": "Feature", "properties": { "id": "40_5", "growth_scenario": "higher", "market_gravity_weight": 75 }, "geometry": { "type": "Point", "coordinates": [ -97.013037291835502, 35.972628528405259 ] } },
{ "type": "Feature", "properties": { "id": "40_6", "growth_scenario": "higher", "market_gravity_weight": 75 }, "geometry": { "type": "Point", "coordinates": [ -97.014336931096821, 35.969402435501102 ] } },
{ "type": "Feature", "properties": { "id": "40_7", "growth_scenario": "higher", "market_gravity_weight": 75 }, "geometry": { "type": "Point", "coordinates": [ -97.017297344757239, 35.973217351815279 ] } },
{ "type": "Feature", "properties": { "id": "40_8", "growth_scenario": "higher", "market_gravity_weight": 75 }, "geometry": { "type": "Point", "coordinates": [ -97.027105894818618, 36.160395880646099 ] } },
{ "type": "Feature", "properties": { "id": "40_9", "growth_scenario": "higher", "market_gravity_weight": 75 }, "geometry": { "type": "Point", "coordinates": [ -97.058696224911714, 36.165298997246985 ] } },
{ "type": "Feature", "properties": { "id": "41_0", "growth_scenario": "higher", "market_gravity_weight": 75 }, "geometry": { "type": "Point", "coordinates": [ -122.941891262963765, 45.561354214952324 ] } },
{ "type": "Feature", "properties": { "id": "41_1", "growth_scenario": "higher", "market_gravity_weight": 75 }, "geometry": { "type": "Point", "coordinates": [ -122.937536584468262, 45.56243312066006 ] } },
{ "type": "Feature", "properties": { "id": "41_10", "growth_scenario": "higher", "market_gravity_weight": 75 }, "geometry": { "type": "Point", "coordinates": [ -120.864074251671937, 44.28281562052026 ] } },
{ "type": "Feature", "properties": { "id": "41_11", "growth_scenario": "higher", "market_gravity_weight": 75 }, "geometry": { "type": "Point", "coordinates": [ -120.866473797997642, 44.279848905930841 ] } },
{ "type": "Feature", "properties": { "id": "41_12", "growth_scenario": "higher", "market_gravity_weight": 75 }, "geometry": { "type": "Point", "coordinates": [ -120.883703682162263, 44.302190616567565 ] } },
{ "type": "Feature", "properties": { "id": "41_13", "growth_scenario": "higher", "market_gravity_weight": 75 }, "geometry": { "type": "Point", "coordinates": [ -122.944148533159108, 45.552643769982069 ] } },
{ "type": "Feature", "properties": { "id": "41_14", "growth_scenario": "higher", "market_gravity_weight": 75 }, "geometry": { "type": "Point", "coordinates": [ -122.823565533124977, 45.566123053069944 ] } },
{ "type": "Feature", "properties": { "id": "41_15", "growth_scenario": "higher", "market_gravity_weight": 75 }, "geometry": { "type": "Point", "coordinates": [ -123.09072408768867, 45.526007176923414 ] } },
{ "type": "Feature", "properties": { "id": "41_16", "growth_scenario": "higher", "market_gravity_weight": 75 }, "geometry": { "type": "Point", "coordinates": [ -122.890526235945387, 45.566798044377833 ] } },
{ "type": "Feature", "properties": { "id": "41_17", "growth_scenario": "higher", "market_gravity_weight": 75 }, "geometry": { "type": "Point", "coordinates": [ -122.822217450082661, 45.564148994962409 ] } },
{ "type": "Feature", "properties": { "id": "41_18", "growth_scenario": "higher", "market_gravity_weight": 75 }, "geometry": { "type": "Point", "coordinates": [ -122.944866456829317, 45.564025697489924 ] } },
{ "type": "Feature", "properties": { "id": "41_19", "growth_scenario": "higher", "market_gravity_weight": 75 }, "geometry": { "type": "Point", "coordinates": [ -120.865012272925853, 44.287744943418595 ] } },
{ "type": "Feature", "properties": { "id": "41_2", "growth_scenario": "higher", "market_gravity_weight": 75 }, "geometry": { "type": "Point", "coordinates": [ -122.902193236391966, 45.569849687906718 ] } },
{ "type": "Feature", "properties": { "id": "41_20", "growth_scenario": "higher", "market_gravity_weight": 75 }, "geometry": { "type": "Point", "coordinates": [ -122.897098953206807, 45.576232898814126 ] } },
{ "type": "Feature", "properties": { "id": "41_21", "growth_scenario": "higher", "market_gravity_weight": 75 }, "geometry": { "type": "Point", "coordinates": [ -122.888504319240013, 45.569647764746747 ] } },
{ "type": "Feature", "properties": { "id": "41_22", "growth_scenario": "higher", "market_gravity_weight": 75 }, "geometry": { "type": "Point", "coordinates": [ -122.892304664045056, 45.574963134437105 ] } },
{ "type": "Feature", "properties": { "id": "41_23", "growth_scenario": "higher", "market_gravity_weight": 75 }, "geometry": { "type": "Point", "coordinates": [ -120.871993962485959, 44.280000667055262 ] } },
{ "type": "Feature", "properties": { "id": "41_24", "growth_scenario": "higher", "market_gravity_weight": 75 }, "geometry": { "type": "Point", "coordinates": [ -120.874954470172526, 44.278877040059633 ] } },
{ "type": "Feature", "properties": { "id": "41_25", "growth_scenario": "higher", "market_gravity_weight": 75 }, "geometry": { "type": "Point", "coordinates": [ -123.116935422872217, 45.60641499815182 ] } },
{ "type": "Feature", "properties": { "id": "41_26", "growth_scenario": "higher", "market_gravity_weight": 75 }, "geometry": { "type": "Point", "coordinates": [ -122.823337950272986, 45.569448880777976 ] } },
{ "type": "Feature", "properties": { "id": "41_27", "growth_scenario": "higher", "market_gravity_weight": 75 }, "geometry": { "type": "Point", "coordinates": [ -122.948140564124998, 45.561949294742945 ] } },
{ "type": "Feature", "properties": { "id": "41_28", "growth_scenario": "higher", "market_gravity_weight": 75 }, "geometry": { "type": "Point", "coordinates": [ -122.948756735857685, 45.557323948602907 ] } },
{ "type": "Feature", "properties": { "id": "41_29", "growth_scenario": "higher", "market_gravity_weight": 75 }, "geometry": { "type": "Point", "coordinates": [ -122.896700651348311, 45.490849475070199 ] } },
{ "type": "Feature", "properties": { "id": "41_3", "growth_scenario": "higher", "market_gravity_weight": 75 }, "geometry": { "type": "Point", "coordinates": [ -122.900815666248477, 45.574255004607458 ] } },
{ "type": "Feature", "properties": { "id": "41_30", "growth_scenario": "higher", "market_gravity_weight": 75 }, "geometry": { "type": "Point", "coordinates": [ -120.883530981728939, 44.281973361625177 ] } },
{ "type": "Feature", "properties": { "id": "41_31", "growth_scenario": "higher", "market_gravity_weight": 75 }, "geometry": { "type": "Point", "coordinates": [ -120.861739495941933, 44.285955651982093 ] } },
{ "type": "Feature", "properties": { "id": "41_32", "growth_scenario": "higher", "market_gravity_weight": 75 }, "geometry": { "type": "Point", "coordinates": [ -119.631922630639295, 45.862953202248221 ] } },
{ "type": "Feature", "properties": { "id": "41_33", "growth_scenario": "higher", "market_gravity_weight": 75 }, "geometry": { "type": "Point", "coordinates": [ -119.626268709957046, 45.831623879813414 ] } },
{ "type": "Feature", "properties": { "id": "41_34", "growth_scenario": "higher", "market_gravity_weight": 75 }, "geometry": { "type": "Point", "coordinates": [ -123.108640815502511, 45.606060158507745 ] } },
{ "type": "Feature", "properties": { "id": "41_35", "growth_scenario": "higher", "market_gravity_weight": 75 }, "geometry": { "type": "Point", "coordinates": [ -122.740799178838088, 45.334882663692241 ] } },
{ "type": "Feature", "properties": { "id": "41_36", "growth_scenario": "higher", "market_gravity_weight": 75 }, "geometry": { "type": "Point", "coordinates": [ -120.874261432016368, 44.290899213424133 ] } },
{ "type": "Feature", "properties": { "id": "41_37", "growth_scenario": "higher", "market_gravity_weight": 75 }, "geometry": { "type": "Point", "coordinates": [ -120.861458341596617, 44.281736742079822 ] } },
{ "type": "Feature", "properties": { "id": "41_38", "growth_scenario": "higher", "market_gravity_weight": 75 }, "geometry": { "type": "Point", "coordinates": [ -123.158128411536268, 45.459399847789925 ] } },
{ "type": "Feature", "properties": { "id": "41_39", "growth_scenario": "higher", "market_gravity_weight": 75 }, "geometry": { "type": "Point", "coordinates": [ -119.646089785474288, 45.840548964848018 ] } },
{ "type": "Feature", "properties": { "id": "41_4", "growth_scenario": "higher", "market_gravity_weight": 75 }, "geometry": { "type": "Point", "coordinates": [ -120.879194144187267, 44.282896079597698 ] } },
{ "type": "Feature", "properties": { "id": "41_40", "growth_scenario": "higher", "market_gravity_weight": 75 }, "geometry": { "type": "Point", "coordinates": [ -120.863218611407021, 44.27879944811437 ] } },
{ "type": "Feature", "properties": { "id": "41_41", "growth_scenario": "higher", "market_gravity_weight": 75 }, "geometry": { "type": "Point", "coordinates": [ -119.371609591317593, 45.905885686536109 ] } },
{ "type": "Feature", "properties": { "id": "41_42", "growth_scenario": "higher", "market_gravity_weight": 75 }, "geometry": { "type": "Point", "coordinates": [ -122.89406417976727, 45.577602729181443 ] } },
{ "type": "Feature", "properties": { "id": "41_43", "growth_scenario": "higher", "market_gravity_weight": 75 }, "geometry": { "type": "Point", "coordinates": [ -119.372018539701628, 45.908135531378406 ] } },
{ "type": "Feature", "properties": { "id": "41_44", "growth_scenario": "higher", "market_gravity_weight": 75 }, "geometry": { "type": "Point", "coordinates": [ -119.62231475955592, 45.83901636368374 ] } },
{ "type": "Feature", "properties": { "id": "41_45", "growth_scenario": "higher", "market_gravity_weight": 75 }, "geometry": { "type": "Point", "coordinates": [ -122.896223043064367, 45.487761345169218 ] } },
{ "type": "Feature", "properties": { "id": "41_46", "growth_scenario": "higher", "market_gravity_weight": 75 }, "geometry": { "type": "Point", "coordinates": [ -123.117340510128443, 45.541526268909557 ] } },
{ "type": "Feature", "properties": { "id": "41_47", "growth_scenario": "higher", "market_gravity_weight": 75 }, "geometry": { "type": "Point", "coordinates": [ -119.626152863948718, 45.839356129495414 ] } },
{ "type": "Feature", "properties": { "id": "41_48", "growth_scenario": "higher", "market_gravity_weight": 75 }, "geometry": { "type": "Point", "coordinates": [ -119.634877510163193, 45.861219915556873 ] } },
{ "type": "Feature", "properties": { "id": "41_49", "growth_scenario": "higher", "market_gravity_weight": 75 }, "geometry": { "type": "Point", "coordinates": [ -122.739248410161707, 45.333045288122491 ] } },
{ "type": "Feature", "properties": { "id": "41_5", "growth_scenario": "higher", "market_gravity_weight": 75 }, "geometry": { "type": "Point", "coordinates": [ -120.873552353691707, 44.282767832845522 ] } },
{ "type": "Feature", "properties": { "id": "41_50", "growth_scenario": "higher", "market_gravity_weight": 75 }, "geometry": { "type": "Point", "coordinates": [ -120.878903736258692, 44.30292303683197 ] } },
{ "type": "Feature", "properties": { "id": "41_51", "growth_scenario": "higher", "market_gravity_weight": 75 }, "geometry": { "type": "Point", "coordinates": [ -120.892984929895647, 44.295026706902597 ] } },
{ "type": "Feature", "properties": { "id": "41_52", "growth_scenario": "higher", "market_gravity_weight": 75 }, "geometry": { "type": "Point", "coordinates": [ -122.761764636762564, 45.315724324820046 ] } },
{ "type": "Feature", "properties": { "id": "41_53", "growth_scenario": "higher", "market_gravity_weight": 75 }, "geometry": { "type": "Point", "coordinates": [ -120.882854279928196, 44.279130410642978 ] } },
{ "type": "Feature", "properties": { "id": "41_54", "growth_scenario": "higher", "market_gravity_weight": 75 }, "geometry": { "type": "Point", "coordinates": [ -120.879119804520201, 44.27715125873879 ] } },
{ "type": "Feature", "properties": { "id": "41_55", "growth_scenario": "higher", "market_gravity_weight": 75 }, "geometry": { "type": "Point", "coordinates": [ -122.741504217298157, 45.319760157123731 ] } },
{ "type": "Feature", "properties": { "id": "41_56", "growth_scenario": "higher", "market_gravity_weight": 75 }, "geometry": { "type": "Point", "coordinates": [ -122.939260706584051, 45.567235409033856 ] } },
{ "type": "Feature", "properties": { "id": "41_57", "growth_scenario": "higher", "market_gravity_weight": 75 }, "geometry": { "type": "Point", "coordinates": [ -122.482749049685651, 45.45911332196723 ] } },
{ "type": "Feature", "properties": { "id": "41_58", "growth_scenario": "higher", "market_gravity_weight": 75 }, "geometry": { "type": "Point", "coordinates": [ -123.153113671027597, 45.458561063158548 ] } },
{ "type": "Feature", "properties": { "id": "41_59", "growth_scenario": "higher", "market_gravity_weight": 75 }, "geometry": { "type": "Point", "coordinates": [ -119.642807349517454, 45.839181710090934 ] } },
{ "type": "Feature", "properties": { "id": "41_6", "growth_scenario": "higher", "market_gravity_weight": 75 }, "geometry": { "type": "Point", "coordinates": [ -120.869642350628723, 44.282401044861629 ] } },
{ "type": "Feature", "properties": { "id": "41_60", "growth_scenario": "higher", "market_gravity_weight": 75 }, "geometry": { "type": "Point", "coordinates": [ -120.86929961966618, 44.291197925459151 ] } },
{ "type": "Feature", "properties": { "id": "41_61", "growth_scenario": "higher", "market_gravity_weight": 75 }, "geometry": { "type": "Point", "coordinates": [ -120.867254227094392, 44.276727362075761 ] } },
{ "type": "Feature", "properties": { "id": "41_62", "growth_scenario": "higher", "market_gravity_weight": 75 }, "geometry": { "type": "Point", "coordinates": [ -122.898366691602831, 45.578972973690071 ] } },
{ "type": "Feature", "properties": { "id": "41_63", "growth_scenario": "higher", "market_gravity_weight": 75 }, "geometry": { "type": "Point", "coordinates": [ -122.942045022528362, 45.548856696041476 ] } },
{ "type": "Feature", "properties": { "id": "41_64", "growth_scenario": "higher", "market_gravity_weight": 75 }, "geometry": { "type": "Point", "coordinates": [ -122.887648949454217, 45.565324078041783 ] } },
{ "type": "Feature", "properties": { "id": "41_65", "growth_scenario": "higher", "market_gravity_weight": 75 }, "geometry": { "type": "Point", "coordinates": [ -122.81960826388611, 45.569459187545107 ] } },
{ "type": "Feature", "properties": { "id": "41_66", "growth_scenario": "higher", "market_gravity_weight": 75 }, "geometry": { "type": "Point", "coordinates": [ -122.818333029433532, 45.564753033809353 ] } },
{ "type": "Feature", "properties": { "id": "41_67", "growth_scenario": "higher", "market_gravity_weight": 75 }, "geometry": { "type": "Point", "coordinates": [ -122.781724155437004, 45.336183514576916 ] } },
{ "type": "Feature", "properties": { "id": "41_68", "growth_scenario": "higher", "market_gravity_weight": 75 }, "geometry": { "type": "Point", "coordinates": [ -122.885309479990241, 45.568051158397239 ] } },
{ "type": "Feature", "properties": { "id": "41_69", "growth_scenario": "higher", "market_gravity_weight": 75 }, "geometry": { "type": "Point", "coordinates": [ -119.367612289156668, 45.905101845662649 ] } },
{ "type": "Feature", "properties": { "id": "41_7", "growth_scenario": "higher", "market_gravity_weight": 75 }, "geometry": { "type": "Point", "coordinates": [ -122.940363532355406, 45.564103981688582 ] } },
{ "type": "Feature", "properties": { "id": "41_70", "growth_scenario": "higher", "market_gravity_weight": 75 }, "geometry": { "type": "Point", "coordinates": [ -119.367367398920535, 45.908859479487944 ] } },
{ "type": "Feature", "properties": { "id": "41_71", "growth_scenario": "higher", "market_gravity_weight": 75 }, "geometry": { "type": "Point", "coordinates": [ -122.885878693254739, 45.571683573838897 ] } },
{ "type": "Feature", "properties": { "id": "41_72", "growth_scenario": "higher", "market_gravity_weight": 75 }, "geometry": { "type": "Point", "coordinates": [ -122.983185242545161, 45.336411218663137 ] } },
{ "type": "Feature", "properties": { "id": "41_73", "growth_scenario": "higher", "market_gravity_weight": 75 }, "geometry": { "type": "Point", "coordinates": [ -123.111727141393658, 45.54118313329333 ] } },
{ "type": "Feature", "properties": { "id": "41_74", "growth_scenario": "higher", "market_gravity_weight": 75 }, "geometry": { "type": "Point", "coordinates": [ -122.982883511570861, 45.333756282435445 ] } },
{ "type": "Feature", "properties": { "id": "41_75", "growth_scenario": "higher", "market_gravity_weight": 75 }, "geometry": { "type": "Point", "coordinates": [ -122.746619351098715, 45.334820473291813 ] } },
{ "type": "Feature", "properties": { "id": "41_76", "growth_scenario": "higher", "market_gravity_weight": 75 }, "geometry": { "type": "Point", "coordinates": [ -123.110690492582236, 45.603293246795126 ] } },
{ "type": "Feature", "properties": { "id": "41_77", "growth_scenario": "higher", "market_gravity_weight": 75 }, "geometry": { "type": "Point", "coordinates": [ -123.121024413850392, 45.54236086230199 ] } },
{ "type": "Feature", "properties": { "id": "41_78", "growth_scenario": "higher", "market_gravity_weight": 75 }, "geometry": { "type": "Point", "coordinates": [ -122.746201484183288, 45.331535256722539 ] } },
{ "type": "Feature", "properties": { "id": "41_8", "growth_scenario": "higher", "market_gravity_weight": 75 }, "geometry": { "type": "Point", "coordinates": [ -122.945666886544302, 45.560487444580893 ] } },
{ "type": "Feature", "properties": { "id": "41_9", "growth_scenario": "higher", "market_gravity_weight": 75 }, "geometry": { "type": "Point", "coordinates": [ -120.87959482917762, 44.280497211584461 ] } },
{ "type": "Feature", "properties": { "id": "42_0", "growth_scenario": "higher", "market_gravity_weight": 75 }, "geometry": { "type": "Point", "coordinates": [ -77.704529417614864, 39.777045634132648 ] } },
{ "type": "Feature", "properties": { "id": "42_1", "growth_scenario": "higher", "market_gravity_weight": 75 }, "geometry": { "type": "Point", "coordinates": [ -77.687631919155493, 39.861290879402361 ] } },
{ "type": "Feature", "properties": { "id": "42_10", "growth_scenario": "higher", "market_gravity_weight": 75 }, "geometry": { "type": "Point", "coordinates": [ -77.64072709436013, 39.982759564880276 ] } },
{ "type": "Feature", "properties": { "id": "42_11", "growth_scenario": "higher", "market_gravity_weight": 75 }, "geometry": { "type": "Point", "coordinates": [ -77.635128891678022, 39.984387519827308 ] } },
{ "type": "Feature", "properties": { "id": "42_12", "growth_scenario": "higher", "market_gravity_weight": 75 }, "geometry": { "type": "Point", "coordinates": [ -77.61858026304418, 39.996672995763433 ] } },
{ "type": "Feature", "properties": { "id": "42_13", "growth_scenario": "higher", "market_gravity_weight": 75 }, "geometry": { "type": "Point", "coordinates": [ -77.614724679947457, 39.999467521228908 ] } },
{ "type": "Feature", "properties": { "id": "42_14", "growth_scenario": "higher", "market_gravity_weight": 75 }, "geometry": { "type": "Point", "coordinates": [ -77.707289797274811, 39.775180236343246 ] } },
{ "type": "Feature", "properties": { "id": "42_15", "growth_scenario": "higher", "market_gravity_weight": 75 }, "geometry": { "type": "Point", "coordinates": [ -77.703489607827564, 39.780619794301934 ] } },
{ "type": "Feature", "properties": { "id": "42_16", "growth_scenario": "higher", "market_gravity_weight": 75 }, "geometry": { "type": "Point", "coordinates": [ -77.005872390413543, 39.820106156361568 ] } },
{ "type": "Feature", "properties": { "id": "42_17", "growth_scenario": "higher", "market_gravity_weight": 75 }, "geometry": { "type": "Point", "coordinates": [ -77.697309049198878, 39.869902176359517 ] } },
{ "type": "Feature", "properties": { "id": "42_18", "growth_scenario": "higher", "market_gravity_weight": 75 }, "geometry": { "type": "Point", "coordinates": [ -77.706082747593044, 39.870832612203138 ] } },
{ "type": "Feature", "properties": { "id": "42_19", "growth_scenario": "higher", "market_gravity_weight": 75 }, "geometry": { "type": "Point", "coordinates": [ -77.682988452951733, 39.892338865405726 ] } },
{ "type": "Feature", "properties": { "id": "42_2", "growth_scenario": "higher", "market_gravity_weight": 75 }, "geometry": { "type": "Point", "coordinates": [ -77.686129804103061, 39.865251707527307 ] } },
{ "type": "Feature", "properties": { "id": "42_20", "growth_scenario": "higher", "market_gravity_weight": 75 }, "geometry": { "type": "Point", "coordinates": [ -77.569127322843329, 39.905762194758211 ] } },
{ "type": "Feature", "properties": { "id": "42_21", "growth_scenario": "higher", "market_gravity_weight": 75 }, "geometry": { "type": "Point", "coordinates": [ -77.684922178414752, 39.931905344530591 ] } },
{ "type": "Feature", "properties": { "id": "42_22", "growth_scenario": "higher", "market_gravity_weight": 75 }, "geometry": { "type": "Point", "coordinates": [ -77.606758312428582, 39.941538584850385 ] } },
{ "type": "Feature", "properties": { "id": "42_23", "growth_scenario": "higher", "market_gravity_weight": 75 }, "geometry": { "type": "Point", "coordinates": [ -77.689901965716373, 39.932185202490231 ] } },
{ "type": "Feature", "properties": { "id": "42_24", "growth_scenario": "higher", "market_gravity_weight": 75 }, "geometry": { "type": "Point", "coordinates": [ -77.642466051930498, 39.978833334115812 ] } },
{ "type": "Feature", "properties": { "id": "42_25", "growth_scenario": "higher", "market_gravity_weight": 75 }, "geometry": { "type": "Point", "coordinates": [ -77.636671544086084, 39.982614862201068 ] } },
{ "type": "Feature", "properties": { "id": "42_26", "growth_scenario": "higher", "market_gravity_weight": 75 }, "geometry": { "type": "Point", "coordinates": [ -77.630463429201313, 39.9828792847416 ] } },
{ "type": "Feature", "properties": { "id": "42_27", "growth_scenario": "higher", "market_gravity_weight": 75 }, "geometry": { "type": "Point", "coordinates": [ -77.615996866835232, 39.994562838216297 ] } },
{ "type": "Feature", "properties": { "id": "42_28", "growth_scenario": "higher", "market_gravity_weight": 75 }, "geometry": { "type": "Point", "coordinates": [ -77.612004965554547, 39.997882780029499 ] } },
{ "type": "Feature", "properties": { "id": "42_29", "growth_scenario": "higher", "market_gravity_weight": 75 }, "geometry": { "type": "Point", "coordinates": [ -77.61809490129167, 40.001330308592856 ] } },
{ "type": "Feature", "properties": { "id": "42_3", "growth_scenario": "higher", "market_gravity_weight": 75 }, "geometry": { "type": "Point", "coordinates": [ -77.699867110827853, 39.86837015977688 ] } },
{ "type": "Feature", "properties": { "id": "42_30", "growth_scenario": "higher", "market_gravity_weight": 75 }, "geometry": { "type": "Point", "coordinates": [ -77.702577513109162, 39.775302677412192 ] } },
{ "type": "Feature", "properties": { "id": "42_31", "growth_scenario": "higher", "market_gravity_weight": 75 }, "geometry": { "type": "Point", "coordinates": [ -77.006765824141183, 39.822610573284145 ] } },
{ "type": "Feature", "properties": { "id": "42_32", "growth_scenario": "higher", "market_gravity_weight": 75 }, "geometry": { "type": "Point", "coordinates": [ -77.702492774514795, 39.866575309908335 ] } },
{ "type": "Feature", "properties": { "id": "42_33", "growth_scenario": "higher", "market_gravity_weight": 75 }, "geometry": { "type": "Point", "coordinates": [ -77.707782121345971, 39.868901058885669 ] } },
{ "type": "Feature", "properties": { "id": "42_34", "growth_scenario": "higher", "market_gravity_weight": 75 }, "geometry": { "type": "Point", "coordinates": [ -77.701053989596517, 39.873091425960126 ] } },
{ "type": "Feature", "properties": { "id": "42_35", "growth_scenario": "higher", "market_gravity_weight": 75 }, "geometry": { "type": "Point", "coordinates": [ -77.684224709518475, 39.91643545527414 ] } },
{ "type": "Feature", "properties": { "id": "42_36", "growth_scenario": "higher", "market_gravity_weight": 75 }, "geometry": { "type": "Point", "coordinates": [ -77.604569943834647, 39.934666369525615 ] } },
{ "type": "Feature", "properties": { "id": "42_37", "growth_scenario": "higher", "market_gravity_weight": 75 }, "geometry": { "type": "Point", "coordinates": [ -77.599674380450224, 39.937305840134989 ] } },
{ "type": "Feature", "properties": { "id": "42_38", "growth_scenario": "higher", "market_gravity_weight": 75 }, "geometry": { "type": "Point", "coordinates": [ -77.61829667620367, 39.938336482913918 ] } },
{ "type": "Feature", "properties": { "id": "42_39", "growth_scenario": "higher", "market_gravity_weight": 75 }, "geometry": { "type": "Point", "coordinates": [ -77.623712589810367, 39.937865036928208 ] } },
{ "type": "Feature", "properties": { "id": "42_4", "growth_scenario": "higher", "market_gravity_weight": 75 }, "geometry": { "type": "Point", "coordinates": [ -77.703456166333225, 39.868899562709217 ] } },
{ "type": "Feature", "properties": { "id": "42_40", "growth_scenario": "higher", "market_gravity_weight": 75 }, "geometry": { "type": "Point", "coordinates": [ -77.62534373801239, 39.944108540144597 ] } },
{ "type": "Feature", "properties": { "id": "42_41", "growth_scenario": "higher", "market_gravity_weight": 75 }, "geometry": { "type": "Point", "coordinates": [ -77.619146099460963, 39.945737593858915 ] } },
{ "type": "Feature", "properties": { "id": "42_42", "growth_scenario": "higher", "market_gravity_weight": 75 }, "geometry": { "type": "Point", "coordinates": [ -77.66123971431054, 39.95232500180316 ] } },
{ "type": "Feature", "properties": { "id": "42_43", "growth_scenario": "higher", "market_gravity_weight": 75 }, "geometry": { "type": "Point", "coordinates": [ -77.664719463115816, 39.953293482052196 ] } },
{ "type": "Feature", "properties": { "id": "42_44", "growth_scenario": "higher", "market_gravity_weight": 75 }, "geometry": { "type": "Point", "coordinates": [ -77.677650228079756, 39.954474435859531 ] } },
{ "type": "Feature", "properties": { "id": "42_45", "growth_scenario": "higher", "market_gravity_weight": 75 }, "geometry": { "type": "Point", "coordinates": [ -77.668603143868339, 39.955958274408573 ] } },
{ "type": "Feature", "properties": { "id": "42_46", "growth_scenario": "higher", "market_gravity_weight": 75 }, "geometry": { "type": "Point", "coordinates": [ -77.699560304735854, 39.776766374590338 ] } },
{ "type": "Feature", "properties": { "id": "42_47", "growth_scenario": "higher", "market_gravity_weight": 75 }, "geometry": { "type": "Point", "coordinates": [ -77.680307461396652, 39.866392353674044 ] } },
{ "type": "Feature", "properties": { "id": "42_48", "growth_scenario": "higher", "market_gravity_weight": 75 }, "geometry": { "type": "Point", "coordinates": [ -77.684573021276677, 39.894118526099419 ] } },
{ "type": "Feature", "properties": { "id": "42_49", "growth_scenario": "higher", "market_gravity_weight": 75 }, "geometry": { "type": "Point", "coordinates": [ -77.570132414786244, 39.907912365052155 ] } },
{ "type": "Feature", "properties": { "id": "42_5", "growth_scenario": "higher", "market_gravity_weight": 75 }, "geometry": { "type": "Point", "coordinates": [ -77.679681634680549, 39.911673195518603 ] } },
{ "type": "Feature", "properties": { "id": "42_50", "growth_scenario": "higher", "market_gravity_weight": 75 }, "geometry": { "type": "Point", "coordinates": [ -77.683213481733318, 39.910103087252963 ] } },
{ "type": "Feature", "properties": { "id": "42_51", "growth_scenario": "higher", "market_gravity_weight": 75 }, "geometry": { "type": "Point", "coordinates": [ -77.686106591740057, 39.913803414664265 ] } },
{ "type": "Feature", "properties": { "id": "42_52", "growth_scenario": "higher", "market_gravity_weight": 75 }, "geometry": { "type": "Point", "coordinates": [ -77.680411488248367, 39.932603802533876 ] } },
{ "type": "Feature", "properties": { "id": "42_53", "growth_scenario": "higher", "market_gravity_weight": 75 }, "geometry": { "type": "Point", "coordinates": [ -77.685569231706225, 39.939184202068645 ] } },
{ "type": "Feature", "properties": { "id": "42_54", "growth_scenario": "higher", "market_gravity_weight": 75 }, "geometry": { "type": "Point", "coordinates": [ -77.614185987243729, 39.944912285107996 ] } },
{ "type": "Feature", "properties": { "id": "42_55", "growth_scenario": "higher", "market_gravity_weight": 75 }, "geometry": { "type": "Point", "coordinates": [ -77.667208510582469, 39.959026020310667 ] } },
{ "type": "Feature", "properties": { "id": "42_6", "growth_scenario": "higher", "market_gravity_weight": 75 }, "geometry": { "type": "Point", "coordinates": [ -77.603793137467306, 39.936733931700878 ] } },
{ "type": "Feature", "properties": { "id": "42_7", "growth_scenario": "higher", "market_gravity_weight": 75 }, "geometry": { "type": "Point", "coordinates": [ -77.607016917378502, 39.937757243813792 ] } },
{ "type": "Feature", "properties": { "id": "42_8", "growth_scenario": "higher", "market_gravity_weight": 75 }, "geometry": { "type": "Point", "coordinates": [ -77.603552485253431, 39.939517556802741 ] } },
{ "type": "Feature", "properties": { "id": "42_9", "growth_scenario": "higher", "market_gravity_weight": 75 }, "geometry": { "type": "Point", "coordinates": [ -77.637841093699507, 39.98042329087842 ] } },
{ "type": "Feature", "properties": { "id": "45_0", "growth_scenario": "higher", "market_gravity_weight": 75 }, "geometry": { "type": "Point", "coordinates": [ -80.044641812074801, 33.069837673823166 ] } },
{ "type": "Feature", "properties": { "id": "45_1", "growth_scenario": "higher", "market_gravity_weight": 75 }, "geometry": { "type": "Point", "coordinates": [ -80.04167915101867, 33.070965034065637 ] } },
{ "type": "Feature", "properties": { "id": "45_10", "growth_scenario": "higher", "market_gravity_weight": 75 }, "geometry": { "type": "Point", "coordinates": [ -81.917814346083063, 33.637161071663684 ] } },
{ "type": "Feature", "properties": { "id": "45_11", "growth_scenario": "higher", "market_gravity_weight": 75 }, "geometry": { "type": "Point", "coordinates": [ -80.043091368087516, 33.056533421298901 ] } },
{ "type": "Feature", "properties": { "id": "45_12", "growth_scenario": "higher", "market_gravity_weight": 75 }, "geometry": { "type": "Point", "coordinates": [ -81.918583593100593, 33.632911108242389 ] } },
{ "type": "Feature", "properties": { "id": "45_13", "growth_scenario": "higher", "market_gravity_weight": 75 }, "geometry": { "type": "Point", "coordinates": [ -80.076279746999546, 33.047575464805703 ] } },
{ "type": "Feature", "properties": { "id": "45_14", "growth_scenario": "higher", "market_gravity_weight": 75 }, "geometry": { "type": "Point", "coordinates": [ -80.074583648042733, 33.052153003168534 ] } },
{ "type": "Feature", "properties": { "id": "45_15", "growth_scenario": "higher", "market_gravity_weight": 75 }, "geometry": { "type": "Point", "coordinates": [ -80.080141893992987, 33.059749842049726 ] } },
{ "type": "Feature", "properties": { "id": "45_16", "growth_scenario": "higher", "market_gravity_weight": 75 }, "geometry": { "type": "Point", "coordinates": [ -81.83988487923861, 33.614232586038938 ] } },
{ "type": "Feature", "properties": { "id": "45_17", "growth_scenario": "higher", "market_gravity_weight": 75 }, "geometry": { "type": "Point", "coordinates": [ -80.040988231735184, 33.055055612441862 ] } },
{ "type": "Feature", "properties": { "id": "45_18", "growth_scenario": "higher", "market_gravity_weight": 75 }, "geometry": { "type": "Point", "coordinates": [ -80.042652586937052, 33.028663400942172 ] } },
{ "type": "Feature", "properties": { "id": "45_19", "growth_scenario": "higher", "market_gravity_weight": 75 }, "geometry": { "type": "Point", "coordinates": [ -80.073958976694527, 33.047703356625128 ] } },
{ "type": "Feature", "properties": { "id": "45_2", "growth_scenario": "higher", "market_gravity_weight": 75 }, "geometry": { "type": "Point", "coordinates": [ -80.036067344663095, 33.069537936976452 ] } },
{ "type": "Feature", "properties": { "id": "45_20", "growth_scenario": "higher", "market_gravity_weight": 75 }, "geometry": { "type": "Point", "coordinates": [ -80.073489719742341, 33.044638600738594 ] } },
{ "type": "Feature", "properties": { "id": "45_21", "growth_scenario": "higher", "market_gravity_weight": 75 }, "geometry": { "type": "Point", "coordinates": [ -81.911780329084436, 33.62926740952124 ] } },
{ "type": "Feature", "properties": { "id": "45_22", "growth_scenario": "higher", "market_gravity_weight": 75 }, "geometry": { "type": "Point", "coordinates": [ -80.062647786341827, 33.045293658001299 ] } },
{ "type": "Feature", "properties": { "id": "45_23", "growth_scenario": "higher", "market_gravity_weight": 75 }, "geometry": { "type": "Point", "coordinates": [ -80.042120235950478, 33.076843011814773 ] } },
{ "type": "Feature", "properties": { "id": "45_24", "growth_scenario": "higher", "market_gravity_weight": 75 }, "geometry": { "type": "Point", "coordinates": [ -81.921636195562058, 33.637269440224479 ] } },
{ "type": "Feature", "properties": { "id": "45_3", "growth_scenario": "higher", "market_gravity_weight": 75 }, "geometry": { "type": "Point", "coordinates": [ -81.833160773344474, 33.616206074759212 ] } },
{ "type": "Feature", "properties": { "id": "45_4", "growth_scenario": "higher", "market_gravity_weight": 75 }, "geometry": { "type": "Point", "coordinates": [ -80.032806485228789, 33.064625323906434 ] } },
{ "type": "Feature", "properties": { "id": "45_5", "growth_scenario": "higher", "market_gravity_weight": 75 }, "geometry": { "type": "Point", "coordinates": [ -80.032037178410661, 33.066788710356192 ] } },
{ "type": "Feature", "properties": { "id": "45_6", "growth_scenario": "higher", "market_gravity_weight": 75 }, "geometry": { "type": "Point", "coordinates": [ -80.040872171707804, 33.073850104502228 ] } },
{ "type": "Feature", "properties": { "id": "45_7", "growth_scenario": "higher", "market_gravity_weight": 75 }, "geometry": { "type": "Point", "coordinates": [ -81.837115866934084, 33.614975982432384 ] } },
{ "type": "Feature", "properties": { "id": "45_8", "growth_scenario": "higher", "market_gravity_weight": 75 }, "geometry": { "type": "Point", "coordinates": [ -80.072771153576412, 33.054078915841409 ] } },
{ "type": "Feature", "properties": { "id": "45_9", "growth_scenario": "higher", "market_gravity_weight": 75 }, "geometry": { "type": "Point", "coordinates": [ -80.044043870770551, 33.073842670018003 ] } },
{ "type": "Feature", "properties": { "id": "47_0", "growth_scenario": "higher", "market_gravity_weight": 75 }, "geometry": { "type": "Point", "coordinates": [ -87.269506384756284, 36.625237007282472 ] } },
{ "type": "Feature", "properties": { "id": "47_1", "growth_scenario": "higher", "market_gravity_weight": 75 }, "geometry": { "type": "Point", "coordinates": [ -87.269474006327087, 36.61967687105421 ] } },
{ "type": "Feature", "properties": { "id": "47_10", "growth_scenario": "higher", "market_gravity_weight": 75 }, "geometry": { "type": "Point", "coordinates": [ -87.266235626082249, 36.599809144768457 ] } },
{ "type": "Feature", "properties": { "id": "47_11", "growth_scenario": "higher", "market_gravity_weight": 75 }, "geometry": { "type": "Point", "coordinates": [ -87.272861833513488, 36.629515293309922 ] } },
{ "type": "Feature", "properties": { "id": "47_12", "growth_scenario": "higher", "market_gravity_weight": 75 }, "geometry": { "type": "Point", "coordinates": [ -87.277576360701431, 36.590954164400976 ] } },
{ "type": "Feature", "properties": { "id": "47_13", "growth_scenario": "higher", "market_gravity_weight": 75 }, "geometry": { "type": "Point", "coordinates": [ -87.248979145166146, 36.596218849170732 ] } },
{ "type": "Feature", "properties": { "id": "47_14", "growth_scenario": "higher", "market_gravity_weight": 75 }, "geometry": { "type": "Point", "coordinates": [ -87.250402265609935, 36.571401463787574 ] } },
{ "type": "Feature", "properties": { "id": "47_15", "growth_scenario": "higher", "market_gravity_weight": 75 }, "geometry": { "type": "Point", "coordinates": [ -87.272825824691111, 36.598675928562045 ] } },
{ "type": "Feature", "properties": { "id": "47_2", "growth_scenario": "higher", "market_gravity_weight": 75 }, "geometry": { "type": "Point", "coordinates": [ -87.269297791824982, 36.628000690987555 ] } },
{ "type": "Feature", "properties": { "id": "47_3", "growth_scenario": "higher", "market_gravity_weight": 75 }, "geometry": { "type": "Point", "coordinates": [ -87.272988959297294, 36.626476758420132 ] } },
{ "type": "Feature", "properties": { "id": "47_4", "growth_scenario": "higher", "market_gravity_weight": 75 }, "geometry": { "type": "Point", "coordinates": [ -87.265284062588108, 36.594361164447079 ] } },
{ "type": "Feature", "properties": { "id": "47_5", "growth_scenario": "higher", "market_gravity_weight": 75 }, "geometry": { "type": "Point", "coordinates": [ -87.265165294404369, 36.617749263338126 ] } },
{ "type": "Feature", "properties": { "id": "47_6", "growth_scenario": "higher", "market_gravity_weight": 75 }, "geometry": { "type": "Point", "coordinates": [ -87.26834442069908, 36.616726014011697 ] } },
{ "type": "Feature", "properties": { "id": "47_7", "growth_scenario": "higher", "market_gravity_weight": 75 }, "geometry": { "type": "Point", "coordinates": [ -87.253052868542795, 36.597233578033183 ] } },
{ "type": "Feature", "properties": { "id": "47_8", "growth_scenario": "higher", "market_gravity_weight": 75 }, "geometry": { "type": "Point", "coordinates": [ -87.269457436214637, 36.630522277245177 ] } },
{ "type": "Feature", "properties": { "id": "47_9", "growth_scenario": "higher", "market_gravity_weight": 75 }, "geometry": { "type": "Point", "coordinates": [ -87.250118220033499, 36.593254152018389 ] } },
{ "type": "Feature", "properties": { "id": "48_0", "growth_scenario": "higher", "market_gravity_weight": 75 }, "geometry": { "type": "Point", "coordinates": [ -98.720735556924893, 29.430211710265684 ] } },
{ "type": "Feature", "properties": { "id": "48_1", "growth_scenario": "higher", "market_gravity_weight": 75 }, "geometry": { "type": "Point", "coordinates": [ -96.957451313981664, 32.983181147474845 ] } },
{ "type": "Feature", "properties": { "id": "48_10", "growth_scenario": "higher", "market_gravity_weight": 75 }, "geometry": { "type": "Point", "coordinates": [ -96.972908855168996, 32.95320929828474 ] } },
{ "type": "Feature", "properties": { "id": "48_100", "growth_scenario": "higher", "market_gravity_weight": 75 }, "geometry": { "type": "Point", "coordinates": [ -98.785608161495205, 29.437321661439238 ] } },
{ "type": "Feature", "properties": { "id": "48_101", "growth_scenario": "higher", "market_gravity_weight": 75 }, "geometry": { "type": "Point", "coordinates": [ -97.050698788367981, 32.935492339894623 ] } },
{ "type": "Feature", "properties": { "id": "48_102", "growth_scenario": "higher", "market_gravity_weight": 75 }, "geometry": { "type": "Point", "coordinates": [ -97.724684105694564, 30.201408435172116 ] } },
{ "type": "Feature", "properties": { "id": "48_103", "growth_scenario": "higher", "market_gravity_weight": 75 }, "geometry": { "type": "Point", "coordinates": [ -98.784736504591635, 29.429761376851086 ] } },
{ "type": "Feature", "properties": { "id": "48_104", "growth_scenario": "higher", "market_gravity_weight": 75 }, "geometry": { "type": "Point", "coordinates": [ -97.061736662199436, 32.948205482236403 ] } },
{ "type": "Feature", "properties": { "id": "48_105", "growth_scenario": "higher", "market_gravity_weight": 75 }, "geometry": { "type": "Point", "coordinates": [ -97.049588487170425, 32.932903620559834 ] } },
{ "type": "Feature", "properties": { "id": "48_106", "growth_scenario": "higher", "market_gravity_weight": 75 }, "geometry": { "type": "Point", "coordinates": [ -98.686211519438743, 29.468802129804683 ] } },
{ "type": "Feature", "properties": { "id": "48_107", "growth_scenario": "higher", "market_gravity_weight": 75 }, "geometry": { "type": "Point", "coordinates": [ -98.683782632980254, 29.412717099793319 ] } },
{ "type": "Feature", "properties": { "id": "48_108", "growth_scenario": "higher", "market_gravity_weight": 75 }, "geometry": { "type": "Point", "coordinates": [ -97.044471889467943, 32.928380007165103 ] } },
{ "type": "Feature", "properties": { "id": "48_109", "growth_scenario": "higher", "market_gravity_weight": 75 }, "geometry": { "type": "Point", "coordinates": [ -97.062126177586308, 32.945154879839095 ] } },
{ "type": "Feature", "properties": { "id": "48_11", "growth_scenario": "higher", "market_gravity_weight": 75 }, "geometry": { "type": "Point", "coordinates": [ -96.955182581491712, 33.009276403235262 ] } },
{ "type": "Feature", "properties": { "id": "48_110", "growth_scenario": "higher", "market_gravity_weight": 75 }, "geometry": { "type": "Point", "coordinates": [ -97.056980547218643, 32.938570957122437 ] } },
{ "type": "Feature", "properties": { "id": "48_111", "growth_scenario": "higher", "market_gravity_weight": 75 }, "geometry": { "type": "Point", "coordinates": [ -97.035334822280248, 32.920755995757396 ] } },
{ "type": "Feature", "properties": { "id": "48_112", "growth_scenario": "higher", "market_gravity_weight": 75 }, "geometry": { "type": "Point", "coordinates": [ -97.052902030955906, 32.931259948507268 ] } },
{ "type": "Feature", "properties": { "id": "48_113", "growth_scenario": "higher", "market_gravity_weight": 75 }, "geometry": { "type": "Point", "coordinates": [ -98.786424021684908, 29.427822362537047 ] } },
{ "type": "Feature", "properties": { "id": "48_114", "growth_scenario": "higher", "market_gravity_weight": 75 }, "geometry": { "type": "Point", "coordinates": [ -98.682363798241155, 29.467814158356429 ] } },
{ "type": "Feature", "properties": { "id": "48_115", "growth_scenario": "higher", "market_gravity_weight": 75 }, "geometry": { "type": "Point", "coordinates": [ -97.003718015913037, 32.904637921637686 ] } },
{ "type": "Feature", "properties": { "id": "48_116", "growth_scenario": "higher", "market_gravity_weight": 75 }, "geometry": { "type": "Point", "coordinates": [ -98.681703941424175, 29.408977096490521 ] } },
{ "type": "Feature", "properties": { "id": "48_117", "growth_scenario": "higher", "market_gravity_weight": 75 }, "geometry": { "type": "Point", "coordinates": [ -98.784341075386521, 29.417945918560719 ] } },
{ "type": "Feature", "properties": { "id": "48_118", "growth_scenario": "higher", "market_gravity_weight": 75 }, "geometry": { "type": "Point", "coordinates": [ -97.055462404296591, 32.929623145307858 ] } },
{ "type": "Feature", "properties": { "id": "48_119", "growth_scenario": "higher", "market_gravity_weight": 75 }, "geometry": { "type": "Point", "coordinates": [ -98.783081561365293, 29.414186755950748 ] } },
{ "type": "Feature", "properties": { "id": "48_12", "growth_scenario": "higher", "market_gravity_weight": 75 }, "geometry": { "type": "Point", "coordinates": [ -98.714737987990759, 29.42332094256577 ] } },
{ "type": "Feature", "properties": { "id": "48_120", "growth_scenario": "higher", "market_gravity_weight": 75 }, "geometry": { "type": "Point", "coordinates": [ -97.078780844622003, 33.006473279857026 ] } },
{ "type": "Feature", "properties": { "id": "48_121", "growth_scenario": "higher", "market_gravity_weight": 75 }, "geometry": { "type": "Point", "coordinates": [ -97.058682496180339, 32.929055592738031 ] } },
{ "type": "Feature", "properties": { "id": "48_122", "growth_scenario": "higher", "market_gravity_weight": 75 }, "geometry": { "type": "Point", "coordinates": [ -97.076557249513897, 32.953891702228496 ] } },
{ "type": "Feature", "properties": { "id": "48_123", "growth_scenario": "higher", "market_gravity_weight": 75 }, "geometry": { "type": "Point", "coordinates": [ -98.785144141366288, 29.414224088973796 ] } },
{ "type": "Feature", "properties": { "id": "48_124", "growth_scenario": "higher", "market_gravity_weight": 75 }, "geometry": { "type": "Point", "coordinates": [ -98.782185806993965, 29.408973821378353 ] } },
{ "type": "Feature", "properties": { "id": "48_125", "growth_scenario": "higher", "market_gravity_weight": 75 }, "geometry": { "type": "Point", "coordinates": [ -97.727011568021766, 30.203263666977264 ] } },
{ "type": "Feature", "properties": { "id": "48_126", "growth_scenario": "higher", "market_gravity_weight": 75 }, "geometry": { "type": "Point", "coordinates": [ -97.72599441649524, 30.199405894417126 ] } },
{ "type": "Feature", "properties": { "id": "48_127", "growth_scenario": "higher", "market_gravity_weight": 75 }, "geometry": { "type": "Point", "coordinates": [ -97.694608926141356, 30.190706101288853 ] } },
{ "type": "Feature", "properties": { "id": "48_128", "growth_scenario": "higher", "market_gravity_weight": 75 }, "geometry": { "type": "Point", "coordinates": [ -97.085706248520495, 33.001031089503755 ] } },
{ "type": "Feature", "properties": { "id": "48_129", "growth_scenario": "higher", "market_gravity_weight": 75 }, "geometry": { "type": "Point", "coordinates": [ -96.9937172316193, 32.896211346153109 ] } },
{ "type": "Feature", "properties": { "id": "48_13", "growth_scenario": "higher", "market_gravity_weight": 75 }, "geometry": { "type": "Point", "coordinates": [ -96.957149123629563, 33.011589727009067 ] } },
{ "type": "Feature", "properties": { "id": "48_130", "growth_scenario": "higher", "market_gravity_weight": 75 }, "geometry": { "type": "Point", "coordinates": [ -98.794112258279583, 29.432679789434946 ] } },
{ "type": "Feature", "properties": { "id": "48_131", "growth_scenario": "higher", "market_gravity_weight": 75 }, "geometry": { "type": "Point", "coordinates": [ -98.791988932535745, 29.421631078587072 ] } },
{ "type": "Feature", "properties": { "id": "48_132", "growth_scenario": "higher", "market_gravity_weight": 75 }, "geometry": { "type": "Point", "coordinates": [ -97.085754226946165, 33.004525405542111 ] } },
{ "type": "Feature", "properties": { "id": "48_133", "growth_scenario": "higher", "market_gravity_weight": 75 }, "geometry": { "type": "Point", "coordinates": [ -96.994444070841723, 32.894143670981663 ] } },
{ "type": "Feature", "properties": { "id": "48_134", "growth_scenario": "higher", "market_gravity_weight": 75 }, "geometry": { "type": "Point", "coordinates": [ -98.789484333698155, 29.414563929712703 ] } },
{ "type": "Feature", "properties": { "id": "48_135", "growth_scenario": "higher", "market_gravity_weight": 75 }, "geometry": { "type": "Point", "coordinates": [ -96.902017842966274, 33.050299271891106 ] } },
{ "type": "Feature", "properties": { "id": "48_136", "growth_scenario": "higher", "market_gravity_weight": 75 }, "geometry": { "type": "Point", "coordinates": [ -97.690766960287021, 30.196080619903086 ] } },
{ "type": "Feature", "properties": { "id": "48_137", "growth_scenario": "higher", "market_gravity_weight": 75 }, "geometry": { "type": "Point", "coordinates": [ -98.791313629520246, 29.416863988400866 ] } },
{ "type": "Feature", "properties": { "id": "48_138", "growth_scenario": "higher", "market_gravity_weight": 75 }, "geometry": { "type": "Point", "coordinates": [ -98.676075137702099, 29.40379003716437 ] } },
{ "type": "Feature", "properties": { "id": "48_139", "growth_scenario": "higher", "market_gravity_weight": 75 }, "geometry": { "type": "Point", "coordinates": [ -97.090923851854086, 33.012361717558058 ] } },
{ "type": "Feature", "properties": { "id": "48_14", "growth_scenario": "higher", "market_gravity_weight": 75 }, "geometry": { "type": "Point", "coordinates": [ -96.966008735354023, 32.952192531502369 ] } },
{ "type": "Feature", "properties": { "id": "48_140", "growth_scenario": "higher", "market_gravity_weight": 75 }, "geometry": { "type": "Point", "coordinates": [ -98.793415674574206, 29.415004401304692 ] } },
{ "type": "Feature", "properties": { "id": "48_141", "growth_scenario": "higher", "market_gravity_weight": 75 }, "geometry": { "type": "Point", "coordinates": [ -98.673032429124703, 29.405309437985601 ] } },
{ "type": "Feature", "properties": { "id": "48_142", "growth_scenario": "higher", "market_gravity_weight": 75 }, "geometry": { "type": "Point", "coordinates": [ -97.004159860089061, 32.88859145699859 ] } },
{ "type": "Feature", "properties": { "id": "48_143", "growth_scenario": "higher", "market_gravity_weight": 75 }, "geometry": { "type": "Point", "coordinates": [ -96.993922859417992, 32.886888665654133 ] } },
{ "type": "Feature", "properties": { "id": "48_144", "growth_scenario": "higher", "market_gravity_weight": 75 }, "geometry": { "type": "Point", "coordinates": [ -98.78963922987397, 29.406886590547423 ] } },
{ "type": "Feature", "properties": { "id": "48_145", "growth_scenario": "higher", "market_gravity_weight": 75 }, "geometry": { "type": "Point", "coordinates": [ -98.797195780963861, 29.42014285144268 ] } },
{ "type": "Feature", "properties": { "id": "48_146", "growth_scenario": "higher", "market_gravity_weight": 75 }, "geometry": { "type": "Point", "coordinates": [ -98.673922387846659, 29.474701554340115 ] } },
{ "type": "Feature", "properties": { "id": "48_147", "growth_scenario": "higher", "market_gravity_weight": 75 }, "geometry": { "type": "Point", "coordinates": [ -98.79645055522883, 29.416370584575347 ] } },
{ "type": "Feature", "properties": { "id": "48_148", "growth_scenario": "higher", "market_gravity_weight": 75 }, "geometry": { "type": "Point", "coordinates": [ -96.95092803438979, 32.888330850108979 ] } },
{ "type": "Feature", "properties": { "id": "48_149", "growth_scenario": "higher", "market_gravity_weight": 75 }, "geometry": { "type": "Point", "coordinates": [ -98.6701984485791, 29.406913879080285 ] } },
{ "type": "Feature", "properties": { "id": "48_15", "growth_scenario": "higher", "market_gravity_weight": 75 }, "geometry": { "type": "Point", "coordinates": [ -97.020811499726349, 32.995804995921837 ] } },
{ "type": "Feature", "properties": { "id": "48_150", "growth_scenario": "higher", "market_gravity_weight": 75 }, "geometry": { "type": "Point", "coordinates": [ -96.99519281758279, 32.885264343189469 ] } },
{ "type": "Feature", "properties": { "id": "48_151", "growth_scenario": "higher", "market_gravity_weight": 75 }, "geometry": { "type": "Point", "coordinates": [ -98.675226784722923, 29.399838930061165 ] } },
{ "type": "Feature", "properties": { "id": "48_152", "growth_scenario": "higher", "market_gravity_weight": 75 }, "geometry": { "type": "Point", "coordinates": [ -97.001977695835706, 32.886101165927961 ] } },
{ "type": "Feature", "properties": { "id": "48_153", "growth_scenario": "higher", "market_gravity_weight": 75 }, "geometry": { "type": "Point", "coordinates": [ -97.004659953456226, 32.885629438093829 ] } },
{ "type": "Feature", "properties": { "id": "48_154", "growth_scenario": "higher", "market_gravity_weight": 75 }, "geometry": { "type": "Point", "coordinates": [ -98.672931036095463, 29.40215237890558 ] } },
{ "type": "Feature", "properties": { "id": "48_155", "growth_scenario": "higher", "market_gravity_weight": 75 }, "geometry": { "type": "Point", "coordinates": [ -98.669999979757748, 29.4039397678421 ] } },
{ "type": "Feature", "properties": { "id": "48_156", "growth_scenario": "higher", "market_gravity_weight": 75 }, "geometry": { "type": "Point", "coordinates": [ -98.793670150461594, 29.407234214694164 ] } },
{ "type": "Feature", "properties": { "id": "48_157", "growth_scenario": "higher", "market_gravity_weight": 75 }, "geometry": { "type": "Point", "coordinates": [ -97.687764361181863, 30.196757467820039 ] } },
{ "type": "Feature", "properties": { "id": "48_158", "growth_scenario": "higher", "market_gravity_weight": 75 }, "geometry": { "type": "Point", "coordinates": [ -98.801197265127499, 29.422657507885926 ] } },
{ "type": "Feature", "properties": { "id": "48_159", "growth_scenario": "higher", "market_gravity_weight": 75 }, "geometry": { "type": "Point", "coordinates": [ -98.667106375971443, 29.406899686784811 ] } },
{ "type": "Feature", "properties": { "id": "48_16", "growth_scenario": "higher", "market_gravity_weight": 75 }, "geometry": { "type": "Point", "coordinates": [ -96.972870297375906, 32.950073087854648 ] } },
{ "type": "Feature", "properties": { "id": "48_160", "growth_scenario": "higher", "market_gravity_weight": 75 }, "geometry": { "type": "Point", "coordinates": [ -97.715813940174584, 30.220015092609099 ] } },
{ "type": "Feature", "properties": { "id": "48_161", "growth_scenario": "higher", "market_gravity_weight": 75 }, "geometry": { "type": "Point", "coordinates": [ -96.977369606174548, 32.8786966429819 ] } },
{ "type": "Feature", "properties": { "id": "48_162", "growth_scenario": "higher", "market_gravity_weight": 75 }, "geometry": { "type": "Point", "coordinates": [ -98.671794231831811, 29.398840262059046 ] } },
{ "type": "Feature", "properties": { "id": "48_163", "growth_scenario": "higher", "market_gravity_weight": 75 }, "geometry": { "type": "Point", "coordinates": [ -98.669486843091804, 29.400792834260969 ] } },
{ "type": "Feature", "properties": { "id": "48_164", "growth_scenario": "higher", "market_gravity_weight": 75 }, "geometry": { "type": "Point", "coordinates": [ -97.074378612874483, 32.912329021193898 ] } },
{ "type": "Feature", "properties": { "id": "48_165", "growth_scenario": "higher", "market_gravity_weight": 75 }, "geometry": { "type": "Point", "coordinates": [ -98.667296767436966, 29.403193826033036 ] } },
{ "type": "Feature", "properties": { "id": "48_166", "growth_scenario": "higher", "market_gravity_weight": 75 }, "geometry": { "type": "Point", "coordinates": [ -97.689764539460668, 30.192852874224634 ] } },
{ "type": "Feature", "properties": { "id": "48_167", "growth_scenario": "higher", "market_gravity_weight": 75 }, "geometry": { "type": "Point", "coordinates": [ -98.665177762531911, 29.404600011937447 ] } },
{ "type": "Feature", "properties": { "id": "48_168", "growth_scenario": "higher", "market_gravity_weight": 75 }, "geometry": { "type": "Point", "coordinates": [ -97.077720054182549, 32.912835227946928 ] } },
{ "type": "Feature", "properties": { "id": "48_169", "growth_scenario": "higher", "market_gravity_weight": 75 }, "geometry": { "type": "Point", "coordinates": [ -97.731044520080829, 30.202119064461822 ] } },
{ "type": "Feature", "properties": { "id": "48_17", "growth_scenario": "higher", "market_gravity_weight": 75 }, "geometry": { "type": "Point", "coordinates": [ -97.020858920849761, 32.999478564229186 ] } },
{ "type": "Feature", "properties": { "id": "48_170", "growth_scenario": "higher", "market_gravity_weight": 75 }, "geometry": { "type": "Point", "coordinates": [ -97.07401341142284, 32.909195687911975 ] } },
{ "type": "Feature", "properties": { "id": "48_171", "growth_scenario": "higher", "market_gravity_weight": 75 }, "geometry": { "type": "Point", "coordinates": [ -96.875287787717127, 33.049611115024973 ] } },
{ "type": "Feature", "properties": { "id": "48_172", "growth_scenario": "higher", "market_gravity_weight": 75 }, "geometry": { "type": "Point", "coordinates": [ -97.686078992374121, 30.205882184716145 ] } },
{ "type": "Feature", "properties": { "id": "48_173", "growth_scenario": "higher", "market_gravity_weight": 75 }, "geometry": { "type": "Point", "coordinates": [ -96.877691933781719, 33.052639107993286 ] } },
{ "type": "Feature", "properties": { "id": "48_174", "growth_scenario": "higher", "market_gravity_weight": 75 }, "geometry": { "type": "Point", "coordinates": [ -98.805959471473855, 29.426325870958614 ] } },
{ "type": "Feature", "properties": { "id": "48_175", "growth_scenario": "higher", "market_gravity_weight": 75 }, "geometry": { "type": "Point", "coordinates": [ -96.878912013445969, 33.055765750134832 ] } },
{ "type": "Feature", "properties": { "id": "48_176", "growth_scenario": "higher", "market_gravity_weight": 75 }, "geometry": { "type": "Point", "coordinates": [ -98.667564087147966, 29.398673574231054 ] } },
{ "type": "Feature", "properties": { "id": "48_177", "growth_scenario": "higher", "market_gravity_weight": 75 }, "geometry": { "type": "Point", "coordinates": [ -97.713256736965405, 30.222126966674519 ] } },
{ "type": "Feature", "properties": { "id": "48_178", "growth_scenario": "higher", "market_gravity_weight": 75 }, "geometry": { "type": "Point", "coordinates": [ -96.879698180681629, 33.05862690599109 ] } },
{ "type": "Feature", "properties": { "id": "48_179", "growth_scenario": "higher", "market_gravity_weight": 75 }, "geometry": { "type": "Point", "coordinates": [ -96.873595617267071, 33.052491292340648 ] } },
{ "type": "Feature", "properties": { "id": "48_18", "growth_scenario": "higher", "market_gravity_weight": 75 }, "geometry": { "type": "Point", "coordinates": [ -97.021429683470302, 33.001982516740192 ] } },
{ "type": "Feature", "properties": { "id": "48_180", "growth_scenario": "higher", "market_gravity_weight": 75 }, "geometry": { "type": "Point", "coordinates": [ -96.875993826685971, 33.054981751199641 ] } },
{ "type": "Feature", "properties": { "id": "48_181", "growth_scenario": "higher", "market_gravity_weight": 75 }, "geometry": { "type": "Point", "coordinates": [ -97.094765683196286, 32.924234029963685 ] } },
{ "type": "Feature", "properties": { "id": "48_182", "growth_scenario": "higher", "market_gravity_weight": 75 }, "geometry": { "type": "Point", "coordinates": [ -97.096844244540478, 32.926723431419624 ] } },
{ "type": "Feature", "properties": { "id": "48_183", "growth_scenario": "higher", "market_gravity_weight": 75 }, "geometry": { "type": "Point", "coordinates": [ -97.090039065987298, 32.916930379930236 ] } },
{ "type": "Feature", "properties": { "id": "48_184", "growth_scenario": "higher", "market_gravity_weight": 75 }, "geometry": { "type": "Point", "coordinates": [ -96.869920434185559, 33.051444117413993 ] } },
{ "type": "Feature", "properties": { "id": "48_185", "growth_scenario": "higher", "market_gravity_weight": 75 }, "geometry": { "type": "Point", "coordinates": [ -96.899524540406787, 33.07737794656822 ] } },
{ "type": "Feature", "properties": { "id": "48_186", "growth_scenario": "higher", "market_gravity_weight": 75 }, "geometry": { "type": "Point", "coordinates": [ -96.873744970069311, 33.056253370160157 ] } },
{ "type": "Feature", "properties": { "id": "48_187", "growth_scenario": "higher", "market_gravity_weight": 75 }, "geometry": { "type": "Point", "coordinates": [ -97.087844801960472, 32.913814572571454 ] } },
{ "type": "Feature", "properties": { "id": "48_188", "growth_scenario": "higher", "market_gravity_weight": 75 }, "geometry": { "type": "Point", "coordinates": [ -96.876258007396984, 33.059370131327569 ] } },
{ "type": "Feature", "properties": { "id": "48_189", "growth_scenario": "higher", "market_gravity_weight": 75 }, "geometry": { "type": "Point", "coordinates": [ -96.87016551972637, 33.054130271056245 ] } },
{ "type": "Feature", "properties": { "id": "48_19", "growth_scenario": "higher", "market_gravity_weight": 75 }, "geometry": { "type": "Point", "coordinates": [ -96.970253720448952, 32.94731727523029 ] } },
{ "type": "Feature", "properties": { "id": "48_190", "growth_scenario": "higher", "market_gravity_weight": 75 }, "geometry": { "type": "Point", "coordinates": [ -97.018597145722907, 32.874033670783675 ] } },
{ "type": "Feature", "properties": { "id": "48_191", "growth_scenario": "higher", "market_gravity_weight": 75 }, "geometry": { "type": "Point", "coordinates": [ -96.846578320259198, 33.014971747778134 ] } },
{ "type": "Feature", "properties": { "id": "48_192", "growth_scenario": "higher", "market_gravity_weight": 75 }, "geometry": { "type": "Point", "coordinates": [ -97.097765168393551, 32.92330899945275 ] } },
{ "type": "Feature", "properties": { "id": "48_193", "growth_scenario": "higher", "market_gravity_weight": 75 }, "geometry": { "type": "Point", "coordinates": [ -97.096000674708463, 32.920189238280251 ] } },
{ "type": "Feature", "properties": { "id": "48_194", "growth_scenario": "higher", "market_gravity_weight": 75 }, "geometry": { "type": "Point", "coordinates": [ -97.100155302712608, 32.924988763102135 ] } },
{ "type": "Feature", "properties": { "id": "48_195", "growth_scenario": "higher", "market_gravity_weight": 75 }, "geometry": { "type": "Point", "coordinates": [ -97.088019273427363, 32.910855381981342 ] } },
{ "type": "Feature", "properties": { "id": "48_196", "growth_scenario": "higher", "market_gravity_weight": 75 }, "geometry": { "type": "Point", "coordinates": [ -97.090730247959385, 32.91244268678534 ] } },
{ "type": "Feature", "properties": { "id": "48_197", "growth_scenario": "higher", "market_gravity_weight": 75 }, "geometry": { "type": "Point", "coordinates": [ -96.896521975504001, 33.07874549374921 ] } },
{ "type": "Feature", "properties": { "id": "48_198", "growth_scenario": "higher", "market_gravity_weight": 75 }, "geometry": { "type": "Point", "coordinates": [ -96.898708174555125, 33.081416245622812 ] } },
{ "type": "Feature", "properties": { "id": "48_199", "growth_scenario": "higher", "market_gravity_weight": 75 }, "geometry": { "type": "Point", "coordinates": [ -97.088419910306115, 32.908700622466057 ] } },
{ "type": "Feature", "properties": { "id": "48_2", "growth_scenario": "higher", "market_gravity_weight": 75 }, "geometry": { "type": "Point", "coordinates": [ -96.956977350769179, 32.979600674621281 ] } },
{ "type": "Feature", "properties": { "id": "48_20", "growth_scenario": "higher", "market_gravity_weight": 75 }, "geometry": { "type": "Point", "coordinates": [ -97.709571097310629, 30.194978425518435 ] } },
{ "type": "Feature", "properties": { "id": "48_200", "growth_scenario": "higher", "market_gravity_weight": 75 }, "geometry": { "type": "Point", "coordinates": [ -97.08067397318483, 32.900708212744632 ] } },
{ "type": "Feature", "properties": { "id": "48_201", "growth_scenario": "higher", "market_gravity_weight": 75 }, "geometry": { "type": "Point", "coordinates": [ -97.686869722122296, 30.193708221442645 ] } },
{ "type": "Feature", "properties": { "id": "48_202", "growth_scenario": "higher", "market_gravity_weight": 75 }, "geometry": { "type": "Point", "coordinates": [ -97.078276443774016, 32.898400692054572 ] } },
{ "type": "Feature", "properties": { "id": "48_203", "growth_scenario": "higher", "market_gravity_weight": 75 }, "geometry": { "type": "Point", "coordinates": [ -97.076744170143584, 32.896443443484415 ] } },
{ "type": "Feature", "properties": { "id": "48_204", "growth_scenario": "higher", "market_gravity_weight": 75 }, "geometry": { "type": "Point", "coordinates": [ -97.102484386566672, 32.92227765937303 ] } },
{ "type": "Feature", "properties": { "id": "48_205", "growth_scenario": "higher", "market_gravity_weight": 75 }, "geometry": { "type": "Point", "coordinates": [ -96.867771936436469, 33.061854063772465 ] } },
{ "type": "Feature", "properties": { "id": "48_206", "growth_scenario": "higher", "market_gravity_weight": 75 }, "geometry": { "type": "Point", "coordinates": [ -97.716906695828584, 30.222520348513033 ] } },
{ "type": "Feature", "properties": { "id": "48_207", "growth_scenario": "higher", "market_gravity_weight": 75 }, "geometry": { "type": "Point", "coordinates": [ -97.084631957287428, 32.899147033298583 ] } },
{ "type": "Feature", "properties": { "id": "48_208", "growth_scenario": "higher", "market_gravity_weight": 75 }, "geometry": { "type": "Point", "coordinates": [ -97.06366954393097, 32.883839427010052 ] } },
{ "type": "Feature", "properties": { "id": "48_209", "growth_scenario": "higher", "market_gravity_weight": 75 }, "geometry": { "type": "Point", "coordinates": [ -96.864423586512061, 33.061162640298711 ] } },
{ "type": "Feature", "properties": { "id": "48_21", "growth_scenario": "higher", "market_gravity_weight": 75 }, "geometry": { "type": "Point", "coordinates": [ -97.024714197322552, 32.997831064771589 ] } },
{ "type": "Feature", "properties": { "id": "48_210", "growth_scenario": "higher", "market_gravity_weight": 75 }, "geometry": { "type": "Point", "coordinates": [ -97.037049754740423, 32.870999229275753 ] } },
{ "type": "Feature", "properties": { "id": "48_211", "growth_scenario": "higher", "market_gravity_weight": 75 }, "geometry": { "type": "Point", "coordinates": [ -97.122980430799629, 32.948963483643084 ] } },
{ "type": "Feature", "properties": { "id": "48_212", "growth_scenario": "higher", "market_gravity_weight": 75 }, "geometry": { "type": "Point", "coordinates": [ -96.866397604166238, 33.064283668623546 ] } },
{ "type": "Feature", "properties": { "id": "48_213", "growth_scenario": "higher", "market_gravity_weight": 75 }, "geometry": { "type": "Point", "coordinates": [ -97.088290586864431, 32.89929142349898 ] } },
{ "type": "Feature", "properties": { "id": "48_214", "growth_scenario": "higher", "market_gravity_weight": 75 }, "geometry": { "type": "Point", "coordinates": [ -97.711124843421771, 30.224682554738472 ] } },
{ "type": "Feature", "properties": { "id": "48_215", "growth_scenario": "higher", "market_gravity_weight": 75 }, "geometry": { "type": "Point", "coordinates": [ -97.037984348876748, 32.868481155245767 ] } },
{ "type": "Feature", "properties": { "id": "48_216", "growth_scenario": "higher", "market_gravity_weight": 75 }, "geometry": { "type": "Point", "coordinates": [ -96.863500768810027, 33.065470375729724 ] } },
{ "type": "Feature", "properties": { "id": "48_217", "growth_scenario": "higher", "market_gravity_weight": 75 }, "geometry": { "type": "Point", "coordinates": [ -96.859701755915736, 33.062990239269979 ] } },
{ "type": "Feature", "properties": { "id": "48_218", "growth_scenario": "higher", "market_gravity_weight": 75 }, "geometry": { "type": "Point", "coordinates": [ -97.070962304182245, 32.882426766748836 ] } },
{ "type": "Feature", "properties": { "id": "48_219", "growth_scenario": "higher", "market_gravity_weight": 75 }, "geometry": { "type": "Point", "coordinates": [ -98.64070277704397, 29.435438690934731 ] } },
{ "type": "Feature", "properties": { "id": "48_22", "growth_scenario": "higher", "market_gravity_weight": 75 }, "geometry": { "type": "Point", "coordinates": [ -96.989280052662338, 32.945630439988172 ] } },
{ "type": "Feature", "properties": { "id": "48_220", "growth_scenario": "higher", "market_gravity_weight": 75 }, "geometry": { "type": "Point", "coordinates": [ -96.854913784161312, 33.05872537858594 ] } },
{ "type": "Feature", "properties": { "id": "48_221", "growth_scenario": "higher", "market_gravity_weight": 75 }, "geometry": { "type": "Point", "coordinates": [ -97.070059837754627, 32.879298323962075 ] } },
{ "type": "Feature", "properties": { "id": "48_222", "growth_scenario": "higher", "market_gravity_weight": 75 }, "geometry": { "type": "Point", "coordinates": [ -98.637767049600853, 29.433885318733683 ] } },
{ "type": "Feature", "properties": { "id": "48_223", "growth_scenario": "higher", "market_gravity_weight": 75 }, "geometry": { "type": "Point", "coordinates": [ -97.050859754929206, 32.866570623615864 ] } },
{ "type": "Feature", "properties": { "id": "48_224", "growth_scenario": "higher", "market_gravity_weight": 75 }, "geometry": { "type": "Point", "coordinates": [ -97.140032525067497, 32.98222089129915 ] } },
{ "type": "Feature", "properties": { "id": "48_225", "growth_scenario": "higher", "market_gravity_weight": 75 }, "geometry": { "type": "Point", "coordinates": [ -97.683616840380239, 30.192316767996086 ] } },
{ "type": "Feature", "properties": { "id": "48_226", "growth_scenario": "higher", "market_gravity_weight": 75 }, "geometry": { "type": "Point", "coordinates": [ -96.817562064894119, 33.010702836451273 ] } },
{ "type": "Feature", "properties": { "id": "48_227", "growth_scenario": "higher", "market_gravity_weight": 75 }, "geometry": { "type": "Point", "coordinates": [ -96.815365779878718, 33.006596651485296 ] } },
{ "type": "Feature", "properties": { "id": "48_228", "growth_scenario": "higher", "market_gravity_weight": 75 }, "geometry": { "type": "Point", "coordinates": [ -96.814891646528309, 33.002388517931564 ] } },
{ "type": "Feature", "properties": { "id": "48_229", "growth_scenario": "higher", "market_gravity_weight": 75 }, "geometry": { "type": "Point", "coordinates": [ -96.84816850469943, 33.072842629570545 ] } },
{ "type": "Feature", "properties": { "id": "48_23", "growth_scenario": "higher", "market_gravity_weight": 75 }, "geometry": { "type": "Point", "coordinates": [ -97.024435295834081, 33.001238722197677 ] } },
{ "type": "Feature", "properties": { "id": "48_230", "growth_scenario": "higher", "market_gravity_weight": 75 }, "geometry": { "type": "Point", "coordinates": [ -97.033988159872536, 32.850591717252449 ] } },
{ "type": "Feature", "properties": { "id": "48_231", "growth_scenario": "higher", "market_gravity_weight": 75 }, "geometry": { "type": "Point", "coordinates": [ -96.925629737752104, 32.849103398558661 ] } },
{ "type": "Feature", "properties": { "id": "48_232", "growth_scenario": "higher", "market_gravity_weight": 75 }, "geometry": { "type": "Point", "coordinates": [ -97.033088683922117, 32.847552446667478 ] } },
{ "type": "Feature", "properties": { "id": "48_233", "growth_scenario": "higher", "market_gravity_weight": 75 }, "geometry": { "type": "Point", "coordinates": [ -96.931505730551251, 32.846097745331605 ] } },
{ "type": "Feature", "properties": { "id": "48_234", "growth_scenario": "higher", "market_gravity_weight": 75 }, "geometry": { "type": "Point", "coordinates": [ -97.684367575418932, 30.188341314598507 ] } },
{ "type": "Feature", "properties": { "id": "48_235", "growth_scenario": "higher", "market_gravity_weight": 75 }, "geometry": { "type": "Point", "coordinates": [ -97.15372060321134, 32.983248357530314 ] } },
{ "type": "Feature", "properties": { "id": "48_236", "growth_scenario": "higher", "market_gravity_weight": 75 }, "geometry": { "type": "Point", "coordinates": [ -97.153354265877169, 32.965508450845832 ] } },
{ "type": "Feature", "properties": { "id": "48_237", "growth_scenario": "higher", "market_gravity_weight": 75 }, "geometry": { "type": "Point", "coordinates": [ -97.034997303858276, 32.845563253409601 ] } },
{ "type": "Feature", "properties": { "id": "48_238", "growth_scenario": "higher", "market_gravity_weight": 75 }, "geometry": { "type": "Point", "coordinates": [ -97.03271023208606, 32.843253600659857 ] } },
{ "type": "Feature", "properties": { "id": "48_239", "growth_scenario": "higher", "market_gravity_weight": 75 }, "geometry": { "type": "Point", "coordinates": [ -96.825930644925023, 33.059207292682807 ] } },
{ "type": "Feature", "properties": { "id": "48_24", "growth_scenario": "higher", "market_gravity_weight": 75 }, "geometry": { "type": "Point", "coordinates": [ -98.707725740781797, 29.423225381182863 ] } },
{ "type": "Feature", "properties": { "id": "48_240", "growth_scenario": "higher", "market_gravity_weight": 75 }, "geometry": { "type": "Point", "coordinates": [ -97.037123092659996, 32.843751306773434 ] } },
{ "type": "Feature", "properties": { "id": "48_241", "growth_scenario": "higher", "market_gravity_weight": 75 }, "geometry": { "type": "Point", "coordinates": [ -98.794348612112046, 29.51336756757637 ] } },
{ "type": "Feature", "properties": { "id": "48_242", "growth_scenario": "higher", "market_gravity_weight": 75 }, "geometry": { "type": "Point", "coordinates": [ -97.035801950084789, 32.841343281903178 ] } },
{ "type": "Feature", "properties": { "id": "48_243", "growth_scenario": "higher", "market_gravity_weight": 75 }, "geometry": { "type": "Point", "coordinates": [ -97.032557235955352, 32.839759366353334 ] } },
{ "type": "Feature", "properties": { "id": "48_244", "growth_scenario": "higher", "market_gravity_weight": 75 }, "geometry": { "type": "Point", "coordinates": [ -98.63543105187243, 29.395938544494541 ] } },
{ "type": "Feature", "properties": { "id": "48_245", "growth_scenario": "higher", "market_gravity_weight": 75 }, "geometry": { "type": "Point", "coordinates": [ -96.820992525957024, 33.061034854969925 ] } },
{ "type": "Feature", "properties": { "id": "48_246", "growth_scenario": "higher", "market_gravity_weight": 75 }, "geometry": { "type": "Point", "coordinates": [ -98.804676136725661, 29.507505655569648 ] } },
{ "type": "Feature", "properties": { "id": "48_247", "growth_scenario": "higher", "market_gravity_weight": 75 }, "geometry": { "type": "Point", "coordinates": [ -97.083469776254617, 33.11287582946408 ] } },
{ "type": "Feature", "properties": { "id": "48_248", "growth_scenario": "higher", "market_gravity_weight": 75 }, "geometry": { "type": "Point", "coordinates": [ -98.803848702688811, 29.510505407197499 ] } },
{ "type": "Feature", "properties": { "id": "48_249", "growth_scenario": "higher", "market_gravity_weight": 75 }, "geometry": { "type": "Point", "coordinates": [ -96.817660382184911, 33.06186513206503 ] } },
{ "type": "Feature", "properties": { "id": "48_25", "growth_scenario": "higher", "market_gravity_weight": 75 }, "geometry": { "type": "Point", "coordinates": [ -96.969240313639617, 32.943651622367398 ] } },
{ "type": "Feature", "properties": { "id": "48_250", "growth_scenario": "higher", "market_gravity_weight": 75 }, "geometry": { "type": "Point", "coordinates": [ -98.808072108798299, 29.507237401231659 ] } },
{ "type": "Feature", "properties": { "id": "48_251", "growth_scenario": "higher", "market_gravity_weight": 75 }, "geometry": { "type": "Point", "coordinates": [ -96.876546994052006, 33.114559108298309 ] } },
{ "type": "Feature", "properties": { "id": "48_252", "growth_scenario": "higher", "market_gravity_weight": 75 }, "geometry": { "type": "Point", "coordinates": [ -98.806926373057053, 29.50997464771773 ] } },
{ "type": "Feature", "properties": { "id": "48_253", "growth_scenario": "higher", "market_gravity_weight": 75 }, "geometry": { "type": "Point", "coordinates": [ -96.872882748945301, 33.114766313850872 ] } },
{ "type": "Feature", "properties": { "id": "48_254", "growth_scenario": "higher", "market_gravity_weight": 75 }, "geometry": { "type": "Point", "coordinates": [ -96.863009454223757, 33.109286490294501 ] } },
{ "type": "Feature", "properties": { "id": "48_255", "growth_scenario": "higher", "market_gravity_weight": 75 }, "geometry": { "type": "Point", "coordinates": [ -96.814432234275543, 33.062336174056213 ] } },
{ "type": "Feature", "properties": { "id": "48_256", "growth_scenario": "higher", "market_gravity_weight": 75 }, "geometry": { "type": "Point", "coordinates": [ -98.619331285460049, 29.447510433725501 ] } },
{ "type": "Feature", "properties": { "id": "48_257", "growth_scenario": "higher", "market_gravity_weight": 75 }, "geometry": { "type": "Point", "coordinates": [ -97.098309778842008, 33.109867254909453 ] } },
{ "type": "Feature", "properties": { "id": "48_258", "growth_scenario": "higher", "market_gravity_weight": 75 }, "geometry": { "type": "Point", "coordinates": [ -96.867259816820891, 33.11337560678723 ] } },
{ "type": "Feature", "properties": { "id": "48_259", "growth_scenario": "higher", "market_gravity_weight": 75 }, "geometry": { "type": "Point", "coordinates": [ -97.105163929011582, 33.106486198274766 ] } },
{ "type": "Feature", "properties": { "id": "48_26", "growth_scenario": "higher", "market_gravity_weight": 75 }, "geometry": { "type": "Point", "coordinates": [ -96.961492809212231, 33.023381272746647 ] } },
{ "type": "Feature", "properties": { "id": "48_260", "growth_scenario": "higher", "market_gravity_weight": 75 }, "geometry": { "type": "Point", "coordinates": [ -98.811892632407989, 29.507319068921348 ] } },
{ "type": "Feature", "properties": { "id": "48_261", "growth_scenario": "higher", "market_gravity_weight": 75 }, "geometry": { "type": "Point", "coordinates": [ -96.870092978274954, 33.116041859723467 ] } },
{ "type": "Feature", "properties": { "id": "48_262", "growth_scenario": "higher", "market_gravity_weight": 75 }, "geometry": { "type": "Point", "coordinates": [ -97.12149602793464, 32.874591439167482 ] } },
{ "type": "Feature", "properties": { "id": "48_263", "growth_scenario": "higher", "market_gravity_weight": 75 }, "geometry": { "type": "Point", "coordinates": [ -98.805695730741718, 29.513255576139681 ] } },
{ "type": "Feature", "properties": { "id": "48_264", "growth_scenario": "higher", "market_gravity_weight": 75 }, "geometry": { "type": "Point", "coordinates": [ -97.101340015344746, 33.110644472918892 ] } },
{ "type": "Feature", "properties": { "id": "48_265", "growth_scenario": "higher", "market_gravity_weight": 75 }, "geometry": { "type": "Point", "coordinates": [ -96.889317226303774, 32.840877773908055 ] } },
{ "type": "Feature", "properties": { "id": "48_266", "growth_scenario": "higher", "market_gravity_weight": 75 }, "geometry": { "type": "Point", "coordinates": [ -97.110103329120562, 33.10500482797589 ] } },
{ "type": "Feature", "properties": { "id": "48_267", "growth_scenario": "higher", "market_gravity_weight": 75 }, "geometry": { "type": "Point", "coordinates": [ -96.866649229521769, 33.11669514726438 ] } },
{ "type": "Feature", "properties": { "id": "48_268", "growth_scenario": "higher", "market_gravity_weight": 75 }, "geometry": { "type": "Point", "coordinates": [ -98.808979689868522, 29.512719435668274 ] } },
{ "type": "Feature", "properties": { "id": "48_269", "growth_scenario": "higher", "market_gravity_weight": 75 }, "geometry": { "type": "Point", "coordinates": [ -97.097302533337668, 33.114983827959577 ] } },
{ "type": "Feature", "properties": { "id": "48_27", "growth_scenario": "higher", "market_gravity_weight": 75 }, "geometry": { "type": "Point", "coordinates": [ -96.967338468305911, 33.025751267152309 ] } },
{ "type": "Feature", "properties": { "id": "48_28", "growth_scenario": "higher", "market_gravity_weight": 75 }, "geometry": { "type": "Point", "coordinates": [ -96.963890718700398, 33.025690803976801 ] } },
{ "type": "Feature", "properties": { "id": "48_29", "growth_scenario": "higher", "market_gravity_weight": 75 }, "geometry": { "type": "Point", "coordinates": [ -96.956215269408787, 33.023425570137782 ] } },
{ "type": "Feature", "properties": { "id": "48_3", "growth_scenario": "higher", "market_gravity_weight": 75 }, "geometry": { "type": "Point", "coordinates": [ -96.955548249360575, 32.986064633452081 ] } },
{ "type": "Feature", "properties": { "id": "48_30", "growth_scenario": "higher", "market_gravity_weight": 75 }, "geometry": { "type": "Point", "coordinates": [ -96.991387125591871, 32.942027486818958 ] } },
{ "type": "Feature", "properties": { "id": "48_31", "growth_scenario": "higher", "market_gravity_weight": 75 }, "geometry": { "type": "Point", "coordinates": [ -98.707296438500066, 29.419535016259633 ] } },
{ "type": "Feature", "properties": { "id": "48_32", "growth_scenario": "higher", "market_gravity_weight": 75 }, "geometry": { "type": "Point", "coordinates": [ -96.952986279866664, 33.023631763377395 ] } },
{ "type": "Feature", "properties": { "id": "48_33", "growth_scenario": "higher", "market_gravity_weight": 75 }, "geometry": { "type": "Point", "coordinates": [ -96.960462569134819, 33.027242962845023 ] } },
{ "type": "Feature", "properties": { "id": "48_34", "growth_scenario": "higher", "market_gravity_weight": 75 }, "geometry": { "type": "Point", "coordinates": [ -96.968847319258799, 32.937919480694873 ] } },
{ "type": "Feature", "properties": { "id": "48_35", "growth_scenario": "higher", "market_gravity_weight": 75 }, "geometry": { "type": "Point", "coordinates": [ -96.949755120608486, 33.023658672562689 ] } },
{ "type": "Feature", "properties": { "id": "48_36", "growth_scenario": "higher", "market_gravity_weight": 75 }, "geometry": { "type": "Point", "coordinates": [ -96.955497071688427, 33.026388551359112 ] } },
{ "type": "Feature", "properties": { "id": "48_37", "growth_scenario": "higher", "market_gravity_weight": 75 }, "geometry": { "type": "Point", "coordinates": [ -97.702828273838193, 30.2109386193105 ] } },
{ "type": "Feature", "properties": { "id": "48_38", "growth_scenario": "higher", "market_gravity_weight": 75 }, "geometry": { "type": "Point", "coordinates": [ -96.957572846221296, 33.028790502389406 ] } },
{ "type": "Feature", "properties": { "id": "48_39", "growth_scenario": "higher", "market_gravity_weight": 75 }, "geometry": { "type": "Point", "coordinates": [ -96.952267959246043, 33.026594723369662 ] } },
{ "type": "Feature", "properties": { "id": "48_4", "growth_scenario": "higher", "market_gravity_weight": 75 }, "geometry": { "type": "Point", "coordinates": [ -96.955479561980198, 32.989291178673298 ] } },
{ "type": "Feature", "properties": { "id": "48_40", "growth_scenario": "higher", "market_gravity_weight": 75 }, "geometry": { "type": "Point", "coordinates": [ -96.94663166457147, 33.023684597903561 ] } },
{ "type": "Feature", "properties": { "id": "48_41", "growth_scenario": "higher", "market_gravity_weight": 75 }, "geometry": { "type": "Point", "coordinates": [ -96.949040981301593, 33.02697999592705 ] } },
{ "type": "Feature", "properties": { "id": "48_42", "growth_scenario": "higher", "market_gravity_weight": 75 }, "geometry": { "type": "Point", "coordinates": [ -98.703233051757621, 29.418192018890419 ] } },
{ "type": "Feature", "properties": { "id": "48_43", "growth_scenario": "higher", "market_gravity_weight": 75 }, "geometry": { "type": "Point", "coordinates": [ -96.954141193690049, 33.030073678045426 ] } },
{ "type": "Feature", "properties": { "id": "48_44", "growth_scenario": "higher", "market_gravity_weight": 75 }, "geometry": { "type": "Point", "coordinates": [ -98.725929605746074, 29.472325053720986 ] } },
{ "type": "Feature", "properties": { "id": "48_45", "growth_scenario": "higher", "market_gravity_weight": 75 }, "geometry": { "type": "Point", "coordinates": [ -96.968544419071165, 32.930752632413032 ] } },
{ "type": "Feature", "properties": { "id": "48_46", "growth_scenario": "higher", "market_gravity_weight": 75 }, "geometry": { "type": "Point", "coordinates": [ -96.951472068344899, 33.032067233368402 ] } },
{ "type": "Feature", "properties": { "id": "48_47", "growth_scenario": "higher", "market_gravity_weight": 75 }, "geometry": { "type": "Point", "coordinates": [ -98.706167461766881, 29.410174940641468 ] } },
{ "type": "Feature", "properties": { "id": "48_48", "growth_scenario": "higher", "market_gravity_weight": 75 }, "geometry": { "type": "Point", "coordinates": [ -98.700482243331649, 29.416003759791391 ] } },
{ "type": "Feature", "properties": { "id": "48_49", "growth_scenario": "higher", "market_gravity_weight": 75 }, "geometry": { "type": "Point", "coordinates": [ -98.730783123522741, 29.403419352684029 ] } },
{ "type": "Feature", "properties": { "id": "48_5", "growth_scenario": "higher", "market_gravity_weight": 75 }, "geometry": { "type": "Point", "coordinates": [ -96.954514483557617, 32.980696628358466 ] } },
{ "type": "Feature", "properties": { "id": "48_50", "growth_scenario": "higher", "market_gravity_weight": 75 }, "geometry": { "type": "Point", "coordinates": [ -96.969789392902129, 33.041142407205101 ] } },
{ "type": "Feature", "properties": { "id": "48_51", "growth_scenario": "higher", "market_gravity_weight": 75 }, "geometry": { "type": "Point", "coordinates": [ -96.952509538623687, 33.037703629540054 ] } },
{ "type": "Feature", "properties": { "id": "48_52", "growth_scenario": "higher", "market_gravity_weight": 75 }, "geometry": { "type": "Point", "coordinates": [ -96.966453081326691, 33.041439483573839 ] } },
{ "type": "Feature", "properties": { "id": "48_53", "growth_scenario": "higher", "market_gravity_weight": 75 }, "geometry": { "type": "Point", "coordinates": [ -97.049716626575318, 32.991241639127274 ] } },
{ "type": "Feature", "properties": { "id": "48_54", "growth_scenario": "higher", "market_gravity_weight": 75 }, "geometry": { "type": "Point", "coordinates": [ -96.963661948462942, 33.042269483515646 ] } },
{ "type": "Feature", "properties": { "id": "48_55", "growth_scenario": "higher", "market_gravity_weight": 75 }, "geometry": { "type": "Point", "coordinates": [ -96.959987137211556, 33.041314783092432 ] } },
{ "type": "Feature", "properties": { "id": "48_56", "growth_scenario": "higher", "market_gravity_weight": 75 }, "geometry": { "type": "Point", "coordinates": [ -97.051875784608995, 32.991669822786626 ] } },
{ "type": "Feature", "properties": { "id": "48_57", "growth_scenario": "higher", "market_gravity_weight": 75 }, "geometry": { "type": "Point", "coordinates": [ -96.956541967431804, 33.041522881186161 ] } },
{ "type": "Feature", "properties": { "id": "48_58", "growth_scenario": "higher", "market_gravity_weight": 75 }, "geometry": { "type": "Point", "coordinates": [ -97.052517321270173, 32.983240450184333 ] } },
{ "type": "Feature", "properties": { "id": "48_59", "growth_scenario": "higher", "market_gravity_weight": 75 }, "geometry": { "type": "Point", "coordinates": [ -97.05280417633827, 32.988614495270845 ] } },
{ "type": "Feature", "properties": { "id": "48_6", "growth_scenario": "higher", "market_gravity_weight": 75 }, "geometry": { "type": "Point", "coordinates": [ -98.721235549697852, 29.42658840672819 ] } },
{ "type": "Feature", "properties": { "id": "48_60", "growth_scenario": "higher", "market_gravity_weight": 75 }, "geometry": { "type": "Point", "coordinates": [ -97.054693002713037, 32.984922995985912 ] } },
{ "type": "Feature", "properties": { "id": "48_61", "growth_scenario": "higher", "market_gravity_weight": 75 }, "geometry": { "type": "Point", "coordinates": [ -97.04426737589074, 32.953654037900463 ] } },
{ "type": "Feature", "properties": { "id": "48_62", "growth_scenario": "higher", "market_gravity_weight": 75 }, "geometry": { "type": "Point", "coordinates": [ -97.056490761144744, 32.982486855077532 ] } },
{ "type": "Feature", "properties": { "id": "48_63", "growth_scenario": "higher", "market_gravity_weight": 75 }, "geometry": { "type": "Point", "coordinates": [ -97.056149898623516, 32.989210874584465 ] } },
{ "type": "Feature", "properties": { "id": "48_64", "growth_scenario": "higher", "market_gravity_weight": 75 }, "geometry": { "type": "Point", "coordinates": [ -97.044332412074795, 32.950427264472061 ] } },
{ "type": "Feature", "properties": { "id": "48_65", "growth_scenario": "higher", "market_gravity_weight": 75 }, "geometry": { "type": "Point", "coordinates": [ -97.046943372080008, 32.952554128854487 ] } },
{ "type": "Feature", "properties": { "id": "48_66", "growth_scenario": "higher", "market_gravity_weight": 75 }, "geometry": { "type": "Point", "coordinates": [ -98.700685152036471, 29.469887173901366 ] } },
{ "type": "Feature", "properties": { "id": "48_67", "growth_scenario": "higher", "market_gravity_weight": 75 }, "geometry": { "type": "Point", "coordinates": [ -97.058786150698197, 32.985064335036881 ] } },
{ "type": "Feature", "properties": { "id": "48_68", "growth_scenario": "higher", "market_gravity_weight": 75 }, "geometry": { "type": "Point", "coordinates": [ -97.044404538325423, 32.947738110228968 ] } },
{ "type": "Feature", "properties": { "id": "48_69", "growth_scenario": "higher", "market_gravity_weight": 75 }, "geometry": { "type": "Point", "coordinates": [ -97.047767451323168, 32.949768462959568 ] } },
{ "type": "Feature", "properties": { "id": "48_7", "growth_scenario": "higher", "market_gravity_weight": 75 }, "geometry": { "type": "Point", "coordinates": [ -96.954872554605458, 32.992522210805227 ] } },
{ "type": "Feature", "properties": { "id": "48_70", "growth_scenario": "higher", "market_gravity_weight": 75 }, "geometry": { "type": "Point", "coordinates": [ -97.044042724357908, 32.944784064807827 ] } },
{ "type": "Feature", "properties": { "id": "48_71", "growth_scenario": "higher", "market_gravity_weight": 75 }, "geometry": { "type": "Point", "coordinates": [ -98.717915382255569, 29.479566180712119 ] } },
{ "type": "Feature", "properties": { "id": "48_72", "growth_scenario": "higher", "market_gravity_weight": 75 }, "geometry": { "type": "Point", "coordinates": [ -97.047294345465787, 32.94654660715549 ] } },
{ "type": "Feature", "properties": { "id": "48_73", "growth_scenario": "higher", "market_gravity_weight": 75 }, "geometry": { "type": "Point", "coordinates": [ -97.051429544155155, 32.950003629881763 ] } },
{ "type": "Feature", "properties": { "id": "48_74", "growth_scenario": "higher", "market_gravity_weight": 75 }, "geometry": { "type": "Point", "coordinates": [ -97.046607273398521, 32.94341631380054 ] } },
{ "type": "Feature", "properties": { "id": "48_75", "growth_scenario": "higher", "market_gravity_weight": 75 }, "geometry": { "type": "Point", "coordinates": [ -97.050207847683637, 32.947147148301148 ] } },
{ "type": "Feature", "properties": { "id": "48_76", "growth_scenario": "higher", "market_gravity_weight": 75 }, "geometry": { "type": "Point", "coordinates": [ -98.698897586167504, 29.472007596183527 ] } },
{ "type": "Feature", "properties": { "id": "48_77", "growth_scenario": "higher", "market_gravity_weight": 75 }, "geometry": { "type": "Point", "coordinates": [ -98.715474315817787, 29.480620097678262 ] } },
{ "type": "Feature", "properties": { "id": "48_78", "growth_scenario": "higher", "market_gravity_weight": 75 }, "geometry": { "type": "Point", "coordinates": [ -97.043857121695197, 32.93887101002926 ] } },
{ "type": "Feature", "properties": { "id": "48_79", "growth_scenario": "higher", "market_gravity_weight": 75 }, "geometry": { "type": "Point", "coordinates": [ -97.050059822891058, 32.94410153225823 ] } },
{ "type": "Feature", "properties": { "id": "48_8", "growth_scenario": "higher", "market_gravity_weight": 75 }, "geometry": { "type": "Point", "coordinates": [ -98.718654767965674, 29.426472570436619 ] } },
{ "type": "Feature", "properties": { "id": "48_80", "growth_scenario": "higher", "market_gravity_weight": 75 }, "geometry": { "type": "Point", "coordinates": [ -98.78054927457481, 29.43402118963472 ] } },
{ "type": "Feature", "properties": { "id": "48_81", "growth_scenario": "higher", "market_gravity_weight": 75 }, "geometry": { "type": "Point", "coordinates": [ -98.779459525543501, 29.429174530454532 ] } },
{ "type": "Feature", "properties": { "id": "48_82", "growth_scenario": "higher", "market_gravity_weight": 75 }, "geometry": { "type": "Point", "coordinates": [ -98.78206973451708, 29.43632921653499 ] } },
{ "type": "Feature", "properties": { "id": "48_83", "growth_scenario": "higher", "market_gravity_weight": 75 }, "geometry": { "type": "Point", "coordinates": [ -97.053654625884121, 32.947384225105608 ] } },
{ "type": "Feature", "properties": { "id": "48_84", "growth_scenario": "higher", "market_gravity_weight": 75 }, "geometry": { "type": "Point", "coordinates": [ -97.064489813538358, 33.000872386883771 ] } },
{ "type": "Feature", "properties": { "id": "48_85", "growth_scenario": "higher", "market_gravity_weight": 75 }, "geometry": { "type": "Point", "coordinates": [ -97.044577129821519, 32.936355115058888 ] } },
{ "type": "Feature", "properties": { "id": "48_86", "growth_scenario": "higher", "market_gravity_weight": 75 }, "geometry": { "type": "Point", "coordinates": [ -97.050458093408579, 32.941678197027827 ] } },
{ "type": "Feature", "properties": { "id": "48_87", "growth_scenario": "higher", "market_gravity_weight": 75 }, "geometry": { "type": "Point", "coordinates": [ -97.034792509527819, 32.928647453692989 ] } },
{ "type": "Feature", "properties": { "id": "48_88", "growth_scenario": "higher", "market_gravity_weight": 75 }, "geometry": { "type": "Point", "coordinates": [ -98.691988079885576, 29.468839555493844 ] } },
{ "type": "Feature", "properties": { "id": "48_89", "growth_scenario": "higher", "market_gravity_weight": 75 }, "geometry": { "type": "Point", "coordinates": [ -97.047604938666197, 32.937492390738058 ] } },
{ "type": "Feature", "properties": { "id": "48_9", "growth_scenario": "higher", "market_gravity_weight": 75 }, "geometry": { "type": "Point", "coordinates": [ -98.719384393725505, 29.423565651384298 ] } },
{ "type": "Feature", "properties": { "id": "48_90", "growth_scenario": "higher", "market_gravity_weight": 75 }, "geometry": { "type": "Point", "coordinates": [ -98.782004283227238, 29.428206599611254 ] } },
{ "type": "Feature", "properties": { "id": "48_91", "growth_scenario": "higher", "market_gravity_weight": 75 }, "geometry": { "type": "Point", "coordinates": [ -97.053826870088955, 32.944156421598798 ] } },
{ "type": "Feature", "properties": { "id": "48_92", "growth_scenario": "higher", "market_gravity_weight": 75 }, "geometry": { "type": "Point", "coordinates": [ -97.056205938086663, 32.945030597380338 ] } },
{ "type": "Feature", "properties": { "id": "48_93", "growth_scenario": "higher", "market_gravity_weight": 75 }, "geometry": { "type": "Point", "coordinates": [ -98.7729573983394, 29.410383718800425 ] } },
{ "type": "Feature", "properties": { "id": "48_94", "growth_scenario": "higher", "market_gravity_weight": 75 }, "geometry": { "type": "Point", "coordinates": [ -97.052142645862162, 32.938884525531506 ] } },
{ "type": "Feature", "properties": { "id": "48_95", "growth_scenario": "higher", "market_gravity_weight": 75 }, "geometry": { "type": "Point", "coordinates": [ -97.046920303343924, 32.93454127089619 ] } },
{ "type": "Feature", "properties": { "id": "48_96", "growth_scenario": "higher", "market_gravity_weight": 75 }, "geometry": { "type": "Point", "coordinates": [ -98.783718212468074, 29.433217774843587 ] } },
{ "type": "Feature", "properties": { "id": "48_97", "growth_scenario": "higher", "market_gravity_weight": 75 }, "geometry": { "type": "Point", "coordinates": [ -98.774974051994761, 29.412137627753353 ] } },
{ "type": "Feature", "properties": { "id": "48_98", "growth_scenario": "higher", "market_gravity_weight": 75 }, "geometry": { "type": "Point", "coordinates": [ -97.055083377148406, 32.941545904517369 ] } },
{ "type": "Feature", "properties": { "id": "48_99", "growth_scenario": "higher", "market_gravity_weight": 75 }, "geometry": { "type": "Point", "coordinates": [ -97.034943223044195, 32.923717012054652 ] } },
{ "type": "Feature", "properties": { "id": "49_0", "growth_scenario": "higher", "market_gravity_weight": 75 }, "geometry": { "type": "Point", "coordinates": [ -111.905374634604314, 40.35870399632492 ] } },
{ "type": "Feature", "properties": { "id": "49_1", "growth_scenario": "higher", "market_gravity_weight": 75 }, "geometry": { "type": "Point", "coordinates": [ -111.958707093060696, 40.371929056570956 ] } },
{ "type": "Feature", "properties": { "id": "49_10", "growth_scenario": "higher", "market_gravity_weight": 75 }, "geometry": { "type": "Point", "coordinates": [ -111.912866095911511, 40.363093872316732 ] } },
{ "type": "Feature", "properties": { "id": "49_11", "growth_scenario": "higher", "market_gravity_weight": 75 }, "geometry": { "type": "Point", "coordinates": [ -111.918723722125506, 40.350580310495914 ] } },
{ "type": "Feature", "properties": { "id": "49_12", "growth_scenario": "higher", "market_gravity_weight": 75 }, "geometry": { "type": "Point", "coordinates": [ -111.873707338635853, 40.367337864998078 ] } },
{ "type": "Feature", "properties": { "id": "49_13", "growth_scenario": "higher", "market_gravity_weight": 75 }, "geometry": { "type": "Point", "coordinates": [ -111.873834003260455, 40.371123925191412 ] } },
{ "type": "Feature", "properties": { "id": "49_14", "growth_scenario": "higher", "market_gravity_weight": 75 }, "geometry": { "type": "Point", "coordinates": [ -111.95283756653906, 40.466115949222562 ] } },
{ "type": "Feature", "properties": { "id": "49_15", "growth_scenario": "higher", "market_gravity_weight": 75 }, "geometry": { "type": "Point", "coordinates": [ -111.958490917647538, 40.376845774819685 ] } },
{ "type": "Feature", "properties": { "id": "49_16", "growth_scenario": "higher", "market_gravity_weight": 75 }, "geometry": { "type": "Point", "coordinates": [ -111.921473617690893, 40.355843810364597 ] } },
{ "type": "Feature", "properties": { "id": "49_17", "growth_scenario": "higher", "market_gravity_weight": 75 }, "geometry": { "type": "Point", "coordinates": [ -111.929221616544012, 40.46784967908097 ] } },
{ "type": "Feature", "properties": { "id": "49_18", "growth_scenario": "higher", "market_gravity_weight": 75 }, "geometry": { "type": "Point", "coordinates": [ -111.901200096587431, 40.495035130597657 ] } },
{ "type": "Feature", "properties": { "id": "49_19", "growth_scenario": "higher", "market_gravity_weight": 75 }, "geometry": { "type": "Point", "coordinates": [ -111.921034506015673, 40.352821499846648 ] } },
{ "type": "Feature", "properties": { "id": "49_2", "growth_scenario": "higher", "market_gravity_weight": 75 }, "geometry": { "type": "Point", "coordinates": [ -111.869989678809446, 40.372244643180764 ] } },
{ "type": "Feature", "properties": { "id": "49_20", "growth_scenario": "higher", "market_gravity_weight": 75 }, "geometry": { "type": "Point", "coordinates": [ -111.906228637074491, 40.363574764861198 ] } },
{ "type": "Feature", "properties": { "id": "49_21", "growth_scenario": "higher", "market_gravity_weight": 75 }, "geometry": { "type": "Point", "coordinates": [ -111.912717052563664, 40.429383825340061 ] } },
{ "type": "Feature", "properties": { "id": "49_22", "growth_scenario": "higher", "market_gravity_weight": 75 }, "geometry": { "type": "Point", "coordinates": [ -111.955503005071591, 40.467768903426354 ] } },
{ "type": "Feature", "properties": { "id": "49_23", "growth_scenario": "higher", "market_gravity_weight": 75 }, "geometry": { "type": "Point", "coordinates": [ -111.919437219371602, 40.360176650651496 ] } },
{ "type": "Feature", "properties": { "id": "49_24", "growth_scenario": "higher", "market_gravity_weight": 75 }, "geometry": { "type": "Point", "coordinates": [ -111.955341826565203, 40.503917319513306 ] } },
{ "type": "Feature", "properties": { "id": "49_25", "growth_scenario": "higher", "market_gravity_weight": 75 }, "geometry": { "type": "Point", "coordinates": [ -111.89607099274437, 40.493693153838116 ] } },
{ "type": "Feature", "properties": { "id": "49_26", "growth_scenario": "higher", "market_gravity_weight": 75 }, "geometry": { "type": "Point", "coordinates": [ -111.902926755972288, 40.496808161659771 ] } },
{ "type": "Feature", "properties": { "id": "49_27", "growth_scenario": "higher", "market_gravity_weight": 75 }, "geometry": { "type": "Point", "coordinates": [ -111.915574038029874, 40.443144926284575 ] } },
{ "type": "Feature", "properties": { "id": "49_28", "growth_scenario": "higher", "market_gravity_weight": 75 }, "geometry": { "type": "Point", "coordinates": [ -111.952654713904352, 40.372337787351931 ] } },
{ "type": "Feature", "properties": { "id": "49_29", "growth_scenario": "higher", "market_gravity_weight": 75 }, "geometry": { "type": "Point", "coordinates": [ -111.918794319041368, 40.429065011899723 ] } },
{ "type": "Feature", "properties": { "id": "49_3", "growth_scenario": "higher", "market_gravity_weight": 75 }, "geometry": { "type": "Point", "coordinates": [ -111.914057566580851, 40.426769199381873 ] } },
{ "type": "Feature", "properties": { "id": "49_30", "growth_scenario": "higher", "market_gravity_weight": 75 }, "geometry": { "type": "Point", "coordinates": [ -111.909045867596021, 40.365389757813531 ] } },
{ "type": "Feature", "properties": { "id": "49_4", "growth_scenario": "higher", "market_gravity_weight": 75 }, "geometry": { "type": "Point", "coordinates": [ -111.910342979924508, 40.426335309876123 ] } },
{ "type": "Feature", "properties": { "id": "49_5", "growth_scenario": "higher", "market_gravity_weight": 75 }, "geometry": { "type": "Point", "coordinates": [ -111.958991084976262, 40.374790169062535 ] } },
{ "type": "Feature", "properties": { "id": "49_6", "growth_scenario": "higher", "market_gravity_weight": 75 }, "geometry": { "type": "Point", "coordinates": [ -111.872474665375208, 40.37419299834152 ] } },
{ "type": "Feature", "properties": { "id": "49_7", "growth_scenario": "higher", "market_gravity_weight": 75 }, "geometry": { "type": "Point", "coordinates": [ -111.907960678883768, 40.361634714683717 ] } },
{ "type": "Feature", "properties": { "id": "49_8", "growth_scenario": "higher", "market_gravity_weight": 75 }, "geometry": { "type": "Point", "coordinates": [ -111.792314540543387, 40.3507412027081 ] } },
{ "type": "Feature", "properties": { "id": "49_9", "growth_scenario": "higher", "market_gravity_weight": 75 }, "geometry": { "type": "Point", "coordinates": [ -111.952342468144835, 40.469800703066312 ] } },
{ "type": "Feature", "properties": { "id": "51_0", "growth_scenario": "higher", "market_gravity_weight": 75 }, "geometry": { "type": "Point", "coordinates": [ -77.466356678466425, 39.003919752973935 ] } },
{ "type": "Feature", "properties": { "id": "51_1", "growth_scenario": "higher", "market_gravity_weight": 75 }, "geometry": { "type": "Point", "coordinates": [ -77.462934704348314, 39.006130615322647 ] } },
{ "type": "Feature", "properties": { "id": "51_10", "growth_scenario": "higher", "market_gravity_weight": 75 }, "geometry": { "type": "Point", "coordinates": [ -77.415772888840081, 38.985436447366162 ] } },
{ "type": "Feature", "properties": { "id": "51_100", "growth_scenario": "higher", "market_gravity_weight": 75 }, "geometry": { "type": "Point", "coordinates": [ -78.842253905303807, 38.442875874572273 ] } },
{ "type": "Feature", "properties": { "id": "51_101", "growth_scenario": "higher", "market_gravity_weight": 75 }, "geometry": { "type": "Point", "coordinates": [ -78.255911758887109, 39.054325411387332 ] } },
{ "type": "Feature", "properties": { "id": "51_102", "growth_scenario": "higher", "market_gravity_weight": 75 }, "geometry": { "type": "Point", "coordinates": [ -77.275821085734236, 38.691007645927712 ] } },
{ "type": "Feature", "properties": { "id": "51_103", "growth_scenario": "higher", "market_gravity_weight": 75 }, "geometry": { "type": "Point", "coordinates": [ -77.206099979751457, 38.752806941152812 ] } },
{ "type": "Feature", "properties": { "id": "51_104", "growth_scenario": "higher", "market_gravity_weight": 75 }, "geometry": { "type": "Point", "coordinates": [ -77.203068762905957, 38.755798038706224 ] } },
{ "type": "Feature", "properties": { "id": "51_105", "growth_scenario": "higher", "market_gravity_weight": 75 }, "geometry": { "type": "Point", "coordinates": [ -77.272389015836865, 38.701944145851449 ] } },
{ "type": "Feature", "properties": { "id": "51_106", "growth_scenario": "higher", "market_gravity_weight": 75 }, "geometry": { "type": "Point", "coordinates": [ -77.208196848676053, 38.750217957703029 ] } },
{ "type": "Feature", "properties": { "id": "51_107", "growth_scenario": "higher", "market_gravity_weight": 75 }, "geometry": { "type": "Point", "coordinates": [ -77.520520376643248, 39.108306145386713 ] } },
{ "type": "Feature", "properties": { "id": "51_108", "growth_scenario": "higher", "market_gravity_weight": 75 }, "geometry": { "type": "Point", "coordinates": [ -78.36179413344361, 36.685957526949224 ] } },
{ "type": "Feature", "properties": { "id": "51_109", "growth_scenario": "higher", "market_gravity_weight": 75 }, "geometry": { "type": "Point", "coordinates": [ -77.438874000994431, 38.908903059969134 ] } },
{ "type": "Feature", "properties": { "id": "51_11", "growth_scenario": "higher", "market_gravity_weight": 75 }, "geometry": { "type": "Point", "coordinates": [ -77.221995346444913, 38.859070150327184 ] } },
{ "type": "Feature", "properties": { "id": "51_110", "growth_scenario": "higher", "market_gravity_weight": 75 }, "geometry": { "type": "Point", "coordinates": [ -78.863710084666991, 38.476456361220635 ] } },
{ "type": "Feature", "properties": { "id": "51_111", "growth_scenario": "higher", "market_gravity_weight": 75 }, "geometry": { "type": "Point", "coordinates": [ -78.360495393691025, 36.689488455198621 ] } },
{ "type": "Feature", "properties": { "id": "51_112", "growth_scenario": "higher", "market_gravity_weight": 75 }, "geometry": { "type": "Point", "coordinates": [ -77.743721631222698, 38.349584096574098 ] } },
{ "type": "Feature", "properties": { "id": "51_113", "growth_scenario": "higher", "market_gravity_weight": 75 }, "geometry": { "type": "Point", "coordinates": [ -77.769578552096519, 38.306660173518225 ] } },
{ "type": "Feature", "properties": { "id": "51_114", "growth_scenario": "higher", "market_gravity_weight": 75 }, "geometry": { "type": "Point", "coordinates": [ -78.352978575366166, 36.693549697955547 ] } },
{ "type": "Feature", "properties": { "id": "51_115", "growth_scenario": "higher", "market_gravity_weight": 75 }, "geometry": { "type": "Point", "coordinates": [ -78.365724477472938, 36.674734048878456 ] } },
{ "type": "Feature", "properties": { "id": "51_116", "growth_scenario": "higher", "market_gravity_weight": 75 }, "geometry": { "type": "Point", "coordinates": [ -78.364375972622483, 36.683797622008875 ] } },
{ "type": "Feature", "properties": { "id": "51_117", "growth_scenario": "higher", "market_gravity_weight": 75 }, "geometry": { "type": "Point", "coordinates": [ -78.850031398730223, 38.471630909099908 ] } },
{ "type": "Feature", "properties": { "id": "51_118", "growth_scenario": "higher", "market_gravity_weight": 75 }, "geometry": { "type": "Point", "coordinates": [ -77.281743569934761, 38.6996493094017 ] } },
{ "type": "Feature", "properties": { "id": "51_119", "growth_scenario": "higher", "market_gravity_weight": 75 }, "geometry": { "type": "Point", "coordinates": [ -77.278646913613045, 38.697900601774016 ] } },
{ "type": "Feature", "properties": { "id": "51_12", "growth_scenario": "higher", "market_gravity_weight": 75 }, "geometry": { "type": "Point", "coordinates": [ -77.786204649234278, 38.316788426068427 ] } },
{ "type": "Feature", "properties": { "id": "51_120", "growth_scenario": "higher", "market_gravity_weight": 75 }, "geometry": { "type": "Point", "coordinates": [ -77.26833029436402, 38.683853299356606 ] } },
{ "type": "Feature", "properties": { "id": "51_121", "growth_scenario": "higher", "market_gravity_weight": 75 }, "geometry": { "type": "Point", "coordinates": [ -77.275483753491017, 38.699598729726851 ] } },
{ "type": "Feature", "properties": { "id": "51_122", "growth_scenario": "higher", "market_gravity_weight": 75 }, "geometry": { "type": "Point", "coordinates": [ -78.357552014041971, 36.692684512277715 ] } },
{ "type": "Feature", "properties": { "id": "51_123", "growth_scenario": "higher", "market_gravity_weight": 75 }, "geometry": { "type": "Point", "coordinates": [ -78.846721266580033, 38.469714163195448 ] } },
{ "type": "Feature", "properties": { "id": "51_124", "growth_scenario": "higher", "market_gravity_weight": 75 }, "geometry": { "type": "Point", "coordinates": [ -77.523180473689081, 39.109524987970367 ] } },
{ "type": "Feature", "properties": { "id": "51_125", "growth_scenario": "higher", "market_gravity_weight": 75 }, "geometry": { "type": "Point", "coordinates": [ -78.349857395578397, 36.675739273480765 ] } },
{ "type": "Feature", "properties": { "id": "51_126", "growth_scenario": "higher", "market_gravity_weight": 75 }, "geometry": { "type": "Point", "coordinates": [ -77.742067696941106, 38.352880300759018 ] } },
{ "type": "Feature", "properties": { "id": "51_127", "growth_scenario": "higher", "market_gravity_weight": 75 }, "geometry": { "type": "Point", "coordinates": [ -77.772165400054732, 38.304321899754378 ] } },
{ "type": "Feature", "properties": { "id": "51_128", "growth_scenario": "higher", "market_gravity_weight": 75 }, "geometry": { "type": "Point", "coordinates": [ -78.893324657206776, 38.458125911639186 ] } },
{ "type": "Feature", "properties": { "id": "51_129", "growth_scenario": "higher", "market_gravity_weight": 75 }, "geometry": { "type": "Point", "coordinates": [ -78.346957324182682, 36.67585352023287 ] } },
{ "type": "Feature", "properties": { "id": "51_13", "growth_scenario": "higher", "market_gravity_weight": 75 }, "geometry": { "type": "Point", "coordinates": [ -77.526278541988674, 39.070707654358927 ] } },
{ "type": "Feature", "properties": { "id": "51_130", "growth_scenario": "higher", "market_gravity_weight": 75 }, "geometry": { "type": "Point", "coordinates": [ -78.832428318340007, 38.440675804578156 ] } },
{ "type": "Feature", "properties": { "id": "51_131", "growth_scenario": "higher", "market_gravity_weight": 75 }, "geometry": { "type": "Point", "coordinates": [ -78.253026557200528, 39.049186849164819 ] } },
{ "type": "Feature", "properties": { "id": "51_132", "growth_scenario": "higher", "market_gravity_weight": 75 }, "geometry": { "type": "Point", "coordinates": [ -78.356927715568546, 39.002064981446345 ] } },
{ "type": "Feature", "properties": { "id": "51_133", "growth_scenario": "higher", "market_gravity_weight": 75 }, "geometry": { "type": "Point", "coordinates": [ -77.511797372872621, 39.071072530102356 ] } },
{ "type": "Feature", "properties": { "id": "51_134", "growth_scenario": "higher", "market_gravity_weight": 75 }, "geometry": { "type": "Point", "coordinates": [ -77.510582809128877, 39.076709464499601 ] } },
{ "type": "Feature", "properties": { "id": "51_135", "growth_scenario": "higher", "market_gravity_weight": 75 }, "geometry": { "type": "Point", "coordinates": [ -77.207943797665806, 38.755729444000139 ] } },
{ "type": "Feature", "properties": { "id": "51_136", "growth_scenario": "higher", "market_gravity_weight": 75 }, "geometry": { "type": "Point", "coordinates": [ -78.878630180152769, 38.409813717379116 ] } },
{ "type": "Feature", "properties": { "id": "51_137", "growth_scenario": "higher", "market_gravity_weight": 75 }, "geometry": { "type": "Point", "coordinates": [ -77.280383173238064, 38.667507927292519 ] } },
{ "type": "Feature", "properties": { "id": "51_138", "growth_scenario": "higher", "market_gravity_weight": 75 }, "geometry": { "type": "Point", "coordinates": [ -77.536200261910636, 39.091296923202883 ] } },
{ "type": "Feature", "properties": { "id": "51_139", "growth_scenario": "higher", "market_gravity_weight": 75 }, "geometry": { "type": "Point", "coordinates": [ -78.250196791501892, 39.052954584761949 ] } },
{ "type": "Feature", "properties": { "id": "51_14", "growth_scenario": "higher", "market_gravity_weight": 75 }, "geometry": { "type": "Point", "coordinates": [ -78.371537067394328, 36.681227046173539 ] } },
{ "type": "Feature", "properties": { "id": "51_140", "growth_scenario": "higher", "market_gravity_weight": 75 }, "geometry": { "type": "Point", "coordinates": [ -78.342966488595422, 36.678621207626279 ] } },
{ "type": "Feature", "properties": { "id": "51_141", "growth_scenario": "higher", "market_gravity_weight": 75 }, "geometry": { "type": "Point", "coordinates": [ -78.339708862397529, 36.68458576808235 ] } },
{ "type": "Feature", "properties": { "id": "51_142", "growth_scenario": "higher", "market_gravity_weight": 75 }, "geometry": { "type": "Point", "coordinates": [ -77.241980585681247, 38.947117845349226 ] } },
{ "type": "Feature", "properties": { "id": "51_143", "growth_scenario": "higher", "market_gravity_weight": 75 }, "geometry": { "type": "Point", "coordinates": [ -78.355949387762806, 36.674282392867639 ] } },
{ "type": "Feature", "properties": { "id": "51_144", "growth_scenario": "higher", "market_gravity_weight": 75 }, "geometry": { "type": "Point", "coordinates": [ -77.786004883869268, 38.326482747266581 ] } },
{ "type": "Feature", "properties": { "id": "51_145", "growth_scenario": "higher", "market_gravity_weight": 75 }, "geometry": { "type": "Point", "coordinates": [ -77.789651150861815, 38.326484030829718 ] } },
{ "type": "Feature", "properties": { "id": "51_146", "growth_scenario": "higher", "market_gravity_weight": 75 }, "geometry": { "type": "Point", "coordinates": [ -78.360902115768198, 36.676652287229416 ] } },
{ "type": "Feature", "properties": { "id": "51_147", "growth_scenario": "higher", "market_gravity_weight": 75 }, "geometry": { "type": "Point", "coordinates": [ -77.766628617867596, 38.318395921505754 ] } },
{ "type": "Feature", "properties": { "id": "51_148", "growth_scenario": "higher", "market_gravity_weight": 75 }, "geometry": { "type": "Point", "coordinates": [ -77.763967222221723, 38.313543059425861 ] } },
{ "type": "Feature", "properties": { "id": "51_149", "growth_scenario": "higher", "market_gravity_weight": 75 }, "geometry": { "type": "Point", "coordinates": [ -78.888802194472859, 38.460846395117358 ] } },
{ "type": "Feature", "properties": { "id": "51_15", "growth_scenario": "higher", "market_gravity_weight": 75 }, "geometry": { "type": "Point", "coordinates": [ -77.477205262280307, 38.994100939712752 ] } },
{ "type": "Feature", "properties": { "id": "51_150", "growth_scenario": "higher", "market_gravity_weight": 75 }, "geometry": { "type": "Point", "coordinates": [ -77.50997545659942, 39.079527929421531 ] } },
{ "type": "Feature", "properties": { "id": "51_151", "growth_scenario": "higher", "market_gravity_weight": 75 }, "geometry": { "type": "Point", "coordinates": [ -78.881062190187066, 38.460757172124005 ] } },
{ "type": "Feature", "properties": { "id": "51_152", "growth_scenario": "higher", "market_gravity_weight": 75 }, "geometry": { "type": "Point", "coordinates": [ -80.039827026461211, 37.196361083321946 ] } },
{ "type": "Feature", "properties": { "id": "51_153", "growth_scenario": "higher", "market_gravity_weight": 75 }, "geometry": { "type": "Point", "coordinates": [ -78.36081487826344, 39.003622358196068 ] } },
{ "type": "Feature", "properties": { "id": "51_154", "growth_scenario": "higher", "market_gravity_weight": 75 }, "geometry": { "type": "Point", "coordinates": [ -78.340649377022174, 36.689811636431862 ] } },
{ "type": "Feature", "properties": { "id": "51_155", "growth_scenario": "higher", "market_gravity_weight": 75 }, "geometry": { "type": "Point", "coordinates": [ -78.359501469089679, 36.694154452981422 ] } },
{ "type": "Feature", "properties": { "id": "51_156", "growth_scenario": "higher", "market_gravity_weight": 75 }, "geometry": { "type": "Point", "coordinates": [ -78.354377935986932, 39.004240221524419 ] } },
{ "type": "Feature", "properties": { "id": "51_157", "growth_scenario": "higher", "market_gravity_weight": 75 }, "geometry": { "type": "Point", "coordinates": [ -78.247282851019222, 39.055620522550086 ] } },
{ "type": "Feature", "properties": { "id": "51_158", "growth_scenario": "higher", "market_gravity_weight": 75 }, "geometry": { "type": "Point", "coordinates": [ -77.37850373805064, 37.670142232973056 ] } },
{ "type": "Feature", "properties": { "id": "51_159", "growth_scenario": "higher", "market_gravity_weight": 75 }, "geometry": { "type": "Point", "coordinates": [ -78.357670875683297, 39.005803026222836 ] } },
{ "type": "Feature", "properties": { "id": "51_16", "growth_scenario": "higher", "market_gravity_weight": 75 }, "geometry": { "type": "Point", "coordinates": [ -77.775247429828283, 38.314054472365925 ] } },
{ "type": "Feature", "properties": { "id": "51_160", "growth_scenario": "higher", "market_gravity_weight": 75 }, "geometry": { "type": "Point", "coordinates": [ -78.826282249721842, 38.441805012505689 ] } },
{ "type": "Feature", "properties": { "id": "51_161", "growth_scenario": "higher", "market_gravity_weight": 75 }, "geometry": { "type": "Point", "coordinates": [ -78.351461128967159, 36.673343557311348 ] } },
{ "type": "Feature", "properties": { "id": "51_162", "growth_scenario": "higher", "market_gravity_weight": 75 }, "geometry": { "type": "Point", "coordinates": [ -78.35955027656145, 36.673636207732891 ] } },
{ "type": "Feature", "properties": { "id": "51_163", "growth_scenario": "higher", "market_gravity_weight": 75 }, "geometry": { "type": "Point", "coordinates": [ -78.249226583472989, 39.062166761732186 ] } },
{ "type": "Feature", "properties": { "id": "51_164", "growth_scenario": "higher", "market_gravity_weight": 75 }, "geometry": { "type": "Point", "coordinates": [ -78.363227938704526, 39.002970610563722 ] } },
{ "type": "Feature", "properties": { "id": "51_165", "growth_scenario": "higher", "market_gravity_weight": 75 }, "geometry": { "type": "Point", "coordinates": [ -78.253180776362001, 39.04712075247658 ] } },
{ "type": "Feature", "properties": { "id": "51_166", "growth_scenario": "higher", "market_gravity_weight": 75 }, "geometry": { "type": "Point", "coordinates": [ -77.43191925885705, 38.903209848380726 ] } },
{ "type": "Feature", "properties": { "id": "51_167", "growth_scenario": "higher", "market_gravity_weight": 75 }, "geometry": { "type": "Point", "coordinates": [ -78.366002933089845, 36.671142556588457 ] } },
{ "type": "Feature", "properties": { "id": "51_168", "growth_scenario": "higher", "market_gravity_weight": 75 }, "geometry": { "type": "Point", "coordinates": [ -77.786409250610845, 38.329088033006634 ] } },
{ "type": "Feature", "properties": { "id": "51_169", "growth_scenario": "higher", "market_gravity_weight": 75 }, "geometry": { "type": "Point", "coordinates": [ -78.859992991114325, 38.478745166349874 ] } },
{ "type": "Feature", "properties": { "id": "51_17", "growth_scenario": "higher", "market_gravity_weight": 75 }, "geometry": { "type": "Point", "coordinates": [ -77.788554453854772, 38.313051084094951 ] } },
{ "type": "Feature", "properties": { "id": "51_170", "growth_scenario": "higher", "market_gravity_weight": 75 }, "geometry": { "type": "Point", "coordinates": [ -80.041107614582046, 37.204315505478405 ] } },
{ "type": "Feature", "properties": { "id": "51_171", "growth_scenario": "higher", "market_gravity_weight": 75 }, "geometry": { "type": "Point", "coordinates": [ -78.93183179566941, 38.409934587190918 ] } },
{ "type": "Feature", "properties": { "id": "51_172", "growth_scenario": "higher", "market_gravity_weight": 75 }, "geometry": { "type": "Point", "coordinates": [ -77.50789487924358, 39.073758140287346 ] } },
{ "type": "Feature", "properties": { "id": "51_173", "growth_scenario": "higher", "market_gravity_weight": 75 }, "geometry": { "type": "Point", "coordinates": [ -77.507779576748106, 39.07974263884401 ] } },
{ "type": "Feature", "properties": { "id": "51_174", "growth_scenario": "higher", "market_gravity_weight": 75 }, "geometry": { "type": "Point", "coordinates": [ -78.898722411252336, 38.40384000470354 ] } },
{ "type": "Feature", "properties": { "id": "51_175", "growth_scenario": "higher", "market_gravity_weight": 75 }, "geometry": { "type": "Point", "coordinates": [ -77.536520596569304, 39.102529807554397 ] } },
{ "type": "Feature", "properties": { "id": "51_176", "growth_scenario": "higher", "market_gravity_weight": 75 }, "geometry": { "type": "Point", "coordinates": [ -78.247634954777752, 39.051313001838921 ] } },
{ "type": "Feature", "properties": { "id": "51_177", "growth_scenario": "higher", "market_gravity_weight": 75 }, "geometry": { "type": "Point", "coordinates": [ -78.864194483288131, 38.479879857171227 ] } },
{ "type": "Feature", "properties": { "id": "51_178", "growth_scenario": "higher", "market_gravity_weight": 75 }, "geometry": { "type": "Point", "coordinates": [ -78.345876458041317, 36.673149918863366 ] } },
{ "type": "Feature", "properties": { "id": "51_179", "growth_scenario": "higher", "market_gravity_weight": 75 }, "geometry": { "type": "Point", "coordinates": [ -78.834148871595943, 38.43738119855869 ] } },
{ "type": "Feature", "properties": { "id": "51_18", "growth_scenario": "higher", "market_gravity_weight": 75 }, "geometry": { "type": "Point", "coordinates": [ -77.782300498069063, 38.30938687074083 ] } },
{ "type": "Feature", "properties": { "id": "51_180", "growth_scenario": "higher", "market_gravity_weight": 75 }, "geometry": { "type": "Point", "coordinates": [ -78.89264092491014, 38.462019958483864 ] } },
{ "type": "Feature", "properties": { "id": "51_181", "growth_scenario": "higher", "market_gravity_weight": 75 }, "geometry": { "type": "Point", "coordinates": [ -78.830134137681014, 38.438448018582584 ] } },
{ "type": "Feature", "properties": { "id": "51_182", "growth_scenario": "higher", "market_gravity_weight": 75 }, "geometry": { "type": "Point", "coordinates": [ -78.341975857472846, 36.676021789176239 ] } },
{ "type": "Feature", "properties": { "id": "51_183", "growth_scenario": "higher", "market_gravity_weight": 75 }, "geometry": { "type": "Point", "coordinates": [ -77.737487830690839, 38.352373956909318 ] } },
{ "type": "Feature", "properties": { "id": "51_184", "growth_scenario": "higher", "market_gravity_weight": 75 }, "geometry": { "type": "Point", "coordinates": [ -77.738442655260229, 38.349518071724411 ] } },
{ "type": "Feature", "properties": { "id": "51_185", "growth_scenario": "higher", "market_gravity_weight": 75 }, "geometry": { "type": "Point", "coordinates": [ -77.739576966035187, 38.346416491589544 ] } },
{ "type": "Feature", "properties": { "id": "51_186", "growth_scenario": "higher", "market_gravity_weight": 75 }, "geometry": { "type": "Point", "coordinates": [ -79.916569728117992, 37.247977504732049 ] } },
{ "type": "Feature", "properties": { "id": "51_187", "growth_scenario": "higher", "market_gravity_weight": 75 }, "geometry": { "type": "Point", "coordinates": [ -78.884760566789041, 38.381837898890318 ] } },
{ "type": "Feature", "properties": { "id": "51_188", "growth_scenario": "higher", "market_gravity_weight": 75 }, "geometry": { "type": "Point", "coordinates": [ -77.764100679407179, 38.319561514138499 ] } },
{ "type": "Feature", "properties": { "id": "51_189", "growth_scenario": "higher", "market_gravity_weight": 75 }, "geometry": { "type": "Point", "coordinates": [ -77.791094552295021, 38.328699724063291 ] } },
{ "type": "Feature", "properties": { "id": "51_19", "growth_scenario": "higher", "market_gravity_weight": 75 }, "geometry": { "type": "Point", "coordinates": [ -77.288614962434153, 38.695062652152274 ] } },
{ "type": "Feature", "properties": { "id": "51_190", "growth_scenario": "higher", "market_gravity_weight": 75 }, "geometry": { "type": "Point", "coordinates": [ -77.761712797310196, 38.311750420298523 ] } },
{ "type": "Feature", "properties": { "id": "51_191", "growth_scenario": "higher", "market_gravity_weight": 75 }, "geometry": { "type": "Point", "coordinates": [ -78.928875444597224, 38.413510067068017 ] } },
{ "type": "Feature", "properties": { "id": "51_192", "growth_scenario": "higher", "market_gravity_weight": 75 }, "geometry": { "type": "Point", "coordinates": [ -78.362283975311485, 36.672770417534693 ] } },
{ "type": "Feature", "properties": { "id": "51_193", "growth_scenario": "higher", "market_gravity_weight": 75 }, "geometry": { "type": "Point", "coordinates": [ -77.374955858705576, 37.669411244347621 ] } },
{ "type": "Feature", "properties": { "id": "51_194", "growth_scenario": "higher", "market_gravity_weight": 75 }, "geometry": { "type": "Point", "coordinates": [ -78.82441342967627, 38.447708795899764 ] } },
{ "type": "Feature", "properties": { "id": "51_195", "growth_scenario": "higher", "market_gravity_weight": 75 }, "geometry": { "type": "Point", "coordinates": [ -77.374647108632729, 37.672456345282633 ] } },
{ "type": "Feature", "properties": { "id": "51_196", "growth_scenario": "higher", "market_gravity_weight": 75 }, "geometry": { "type": "Point", "coordinates": [ -78.887128071135464, 38.380266303728853 ] } },
{ "type": "Feature", "properties": { "id": "51_197", "growth_scenario": "higher", "market_gravity_weight": 75 }, "geometry": { "type": "Point", "coordinates": [ -78.895661551506308, 38.405858622335757 ] } },
{ "type": "Feature", "properties": { "id": "51_198", "growth_scenario": "higher", "market_gravity_weight": 75 }, "geometry": { "type": "Point", "coordinates": [ -78.928035931286431, 38.406591736341809 ] } },
{ "type": "Feature", "properties": { "id": "51_199", "growth_scenario": "higher", "market_gravity_weight": 75 }, "geometry": { "type": "Point", "coordinates": [ -77.383696405041292, 37.674038453677554 ] } },
{ "type": "Feature", "properties": { "id": "51_2", "growth_scenario": "higher", "market_gravity_weight": 75 }, "geometry": { "type": "Point", "coordinates": [ -77.463632233169719, 39.002507368449052 ] } },
{ "type": "Feature", "properties": { "id": "51_20", "growth_scenario": "higher", "market_gravity_weight": 75 }, "geometry": { "type": "Point", "coordinates": [ -77.271663678972772, 38.709293040827603 ] } },
{ "type": "Feature", "properties": { "id": "51_200", "growth_scenario": "higher", "market_gravity_weight": 75 }, "geometry": { "type": "Point", "coordinates": [ -78.82425165103615, 38.444421017299256 ] } },
{ "type": "Feature", "properties": { "id": "51_201", "growth_scenario": "higher", "market_gravity_weight": 75 }, "geometry": { "type": "Point", "coordinates": [ -78.363656731735716, 39.005574045994777 ] } },
{ "type": "Feature", "properties": { "id": "51_202", "growth_scenario": "higher", "market_gravity_weight": 75 }, "geometry": { "type": "Point", "coordinates": [ -78.935895675070725, 38.410141206234719 ] } },
{ "type": "Feature", "properties": { "id": "51_203", "growth_scenario": "higher", "market_gravity_weight": 75 }, "geometry": { "type": "Point", "coordinates": [ -78.836157171505945, 38.435850267661259 ] } },
{ "type": "Feature", "properties": { "id": "51_204", "growth_scenario": "higher", "market_gravity_weight": 75 }, "geometry": { "type": "Point", "coordinates": [ -78.244542024601898, 39.057585046785555 ] } },
{ "type": "Feature", "properties": { "id": "51_205", "growth_scenario": "higher", "market_gravity_weight": 75 }, "geometry": { "type": "Point", "coordinates": [ -78.350676229313393, 39.004343364029083 ] } },
{ "type": "Feature", "properties": { "id": "51_206", "growth_scenario": "higher", "market_gravity_weight": 75 }, "geometry": { "type": "Point", "coordinates": [ -80.04213428338953, 37.194224166855854 ] } },
{ "type": "Feature", "properties": { "id": "51_207", "growth_scenario": "higher", "market_gravity_weight": 75 }, "geometry": { "type": "Point", "coordinates": [ -78.353803904698239, 39.007062664064016 ] } },
{ "type": "Feature", "properties": { "id": "51_208", "growth_scenario": "higher", "market_gravity_weight": 75 }, "geometry": { "type": "Point", "coordinates": [ -78.925328634153999, 38.414101122521757 ] } },
{ "type": "Feature", "properties": { "id": "51_209", "growth_scenario": "higher", "market_gravity_weight": 75 }, "geometry": { "type": "Point", "coordinates": [ -78.88927729400973, 38.38310745303766 ] } },
{ "type": "Feature", "properties": { "id": "51_21", "growth_scenario": "higher", "market_gravity_weight": 75 }, "geometry": { "type": "Point", "coordinates": [ -77.531112587512652, 39.08380232706331 ] } },
{ "type": "Feature", "properties": { "id": "51_210", "growth_scenario": "higher", "market_gravity_weight": 75 }, "geometry": { "type": "Point", "coordinates": [ -78.879965686397412, 38.405648581803824 ] } },
{ "type": "Feature", "properties": { "id": "51_211", "growth_scenario": "higher", "market_gravity_weight": 75 }, "geometry": { "type": "Point", "coordinates": [ -78.245015187417181, 39.053749018659339 ] } },
{ "type": "Feature", "properties": { "id": "51_212", "growth_scenario": "higher", "market_gravity_weight": 75 }, "geometry": { "type": "Point", "coordinates": [ -77.310684270996376, 37.184770602180826 ] } },
{ "type": "Feature", "properties": { "id": "51_213", "growth_scenario": "higher", "market_gravity_weight": 75 }, "geometry": { "type": "Point", "coordinates": [ -78.88751298004226, 38.408522787012707 ] } },
{ "type": "Feature", "properties": { "id": "51_214", "growth_scenario": "higher", "market_gravity_weight": 75 }, "geometry": { "type": "Point", "coordinates": [ -78.923166050365992, 38.407813341172734 ] } },
{ "type": "Feature", "properties": { "id": "51_215", "growth_scenario": "higher", "market_gravity_weight": 75 }, "geometry": { "type": "Point", "coordinates": [ -78.362554047475896, 36.696787016684056 ] } },
{ "type": "Feature", "properties": { "id": "51_216", "growth_scenario": "higher", "market_gravity_weight": 75 }, "geometry": { "type": "Point", "coordinates": [ -77.320891974308793, 37.179268855081261 ] } },
{ "type": "Feature", "properties": { "id": "51_217", "growth_scenario": "higher", "market_gravity_weight": 75 }, "geometry": { "type": "Point", "coordinates": [ -77.315159563556833, 37.177644877891858 ] } },
{ "type": "Feature", "properties": { "id": "51_218", "growth_scenario": "higher", "market_gravity_weight": 75 }, "geometry": { "type": "Point", "coordinates": [ -78.339054895010975, 36.676223569802637 ] } },
{ "type": "Feature", "properties": { "id": "51_219", "growth_scenario": "higher", "market_gravity_weight": 75 }, "geometry": { "type": "Point", "coordinates": [ -78.872705245184108, 38.409524892215948 ] } },
{ "type": "Feature", "properties": { "id": "51_22", "growth_scenario": "higher", "market_gravity_weight": 75 }, "geometry": { "type": "Point", "coordinates": [ -77.19949580233893, 38.7495154743618 ] } },
{ "type": "Feature", "properties": { "id": "51_220", "growth_scenario": "higher", "market_gravity_weight": 75 }, "geometry": { "type": "Point", "coordinates": [ -78.348749574143909, 36.67121524493411 ] } },
{ "type": "Feature", "properties": { "id": "51_221", "growth_scenario": "higher", "market_gravity_weight": 75 }, "geometry": { "type": "Point", "coordinates": [ -78.888790662119433, 38.4653789050437 ] } },
{ "type": "Feature", "properties": { "id": "51_222", "growth_scenario": "higher", "market_gravity_weight": 75 }, "geometry": { "type": "Point", "coordinates": [ -78.371969806241623, 36.66730509751531 ] } },
{ "type": "Feature", "properties": { "id": "51_223", "growth_scenario": "higher", "market_gravity_weight": 75 }, "geometry": { "type": "Point", "coordinates": [ -78.875746608883503, 38.406597144963399 ] } },
{ "type": "Feature", "properties": { "id": "51_224", "growth_scenario": "higher", "market_gravity_weight": 75 }, "geometry": { "type": "Point", "coordinates": [ -77.46259094067419, 37.738420006601501 ] } },
{ "type": "Feature", "properties": { "id": "51_225", "growth_scenario": "higher", "market_gravity_weight": 75 }, "geometry": { "type": "Point", "coordinates": [ -78.899346715846519, 38.458517487988438 ] } },
{ "type": "Feature", "properties": { "id": "51_226", "growth_scenario": "higher", "market_gravity_weight": 75 }, "geometry": { "type": "Point", "coordinates": [ -78.893336984941541, 38.396282628516438 ] } },
{ "type": "Feature", "properties": { "id": "51_227", "growth_scenario": "higher", "market_gravity_weight": 75 }, "geometry": { "type": "Point", "coordinates": [ -77.736301134137818, 38.347742008581626 ] } },
{ "type": "Feature", "properties": { "id": "51_228", "growth_scenario": "higher", "market_gravity_weight": 75 }, "geometry": { "type": "Point", "coordinates": [ -78.928865827508716, 38.416047638916822 ] } },
{ "type": "Feature", "properties": { "id": "51_229", "growth_scenario": "higher", "market_gravity_weight": 75 }, "geometry": { "type": "Point", "coordinates": [ -78.24431060407484, 39.062364051202863 ] } },
{ "type": "Feature", "properties": { "id": "51_23", "growth_scenario": "higher", "market_gravity_weight": 75 }, "geometry": { "type": "Point", "coordinates": [ -77.474687058123166, 38.99281089024997 ] } },
{ "type": "Feature", "properties": { "id": "51_230", "growth_scenario": "higher", "market_gravity_weight": 75 }, "geometry": { "type": "Point", "coordinates": [ -78.831367981337578, 38.435719707203198 ] } },
{ "type": "Feature", "properties": { "id": "51_231", "growth_scenario": "higher", "market_gravity_weight": 75 }, "geometry": { "type": "Point", "coordinates": [ -77.315793339128177, 37.187025222529329 ] } },
{ "type": "Feature", "properties": { "id": "51_232", "growth_scenario": "higher", "market_gravity_weight": 75 }, "geometry": { "type": "Point", "coordinates": [ -78.247294208605879, 39.064702239969066 ] } },
{ "type": "Feature", "properties": { "id": "51_233", "growth_scenario": "higher", "market_gravity_weight": 75 }, "geometry": { "type": "Point", "coordinates": [ -78.890997492781807, 38.40919361755742 ] } },
{ "type": "Feature", "properties": { "id": "51_234", "growth_scenario": "higher", "market_gravity_weight": 75 }, "geometry": { "type": "Point", "coordinates": [ -78.821794033041357, 38.449334867018706 ] } },
{ "type": "Feature", "properties": { "id": "51_235", "growth_scenario": "higher", "market_gravity_weight": 75 }, "geometry": { "type": "Point", "coordinates": [ -78.183220313797221, 38.973600460797506 ] } },
{ "type": "Feature", "properties": { "id": "51_236", "growth_scenario": "higher", "market_gravity_weight": 75 }, "geometry": { "type": "Point", "coordinates": [ -78.347405031436381, 39.002692688784244 ] } },
{ "type": "Feature", "properties": { "id": "51_237", "growth_scenario": "higher", "market_gravity_weight": 75 }, "geometry": { "type": "Point", "coordinates": [ -77.323432060391383, 37.177482006894209 ] } },
{ "type": "Feature", "properties": { "id": "51_238", "growth_scenario": "higher", "market_gravity_weight": 75 }, "geometry": { "type": "Point", "coordinates": [ -78.890570087503008, 38.380115221739906 ] } },
{ "type": "Feature", "properties": { "id": "51_239", "growth_scenario": "higher", "market_gravity_weight": 75 }, "geometry": { "type": "Point", "coordinates": [ -78.888671594597483, 38.406599846357615 ] } },
{ "type": "Feature", "properties": { "id": "51_24", "growth_scenario": "higher", "market_gravity_weight": 75 }, "geometry": { "type": "Point", "coordinates": [ -77.790102272090309, 38.311101993329451 ] } },
{ "type": "Feature", "properties": { "id": "51_240", "growth_scenario": "higher", "market_gravity_weight": 75 }, "geometry": { "type": "Point", "coordinates": [ -77.38500089046768, 37.675331816054843 ] } },
{ "type": "Feature", "properties": { "id": "51_241", "growth_scenario": "higher", "market_gravity_weight": 75 }, "geometry": { "type": "Point", "coordinates": [ -78.336624378553253, 36.679677048392392 ] } },
{ "type": "Feature", "properties": { "id": "51_242", "growth_scenario": "higher", "market_gravity_weight": 75 }, "geometry": { "type": "Point", "coordinates": [ -78.821300829667166, 38.446453821070335 ] } },
{ "type": "Feature", "properties": { "id": "51_243", "growth_scenario": "higher", "market_gravity_weight": 75 }, "geometry": { "type": "Point", "coordinates": [ -78.93031021759333, 38.404915590003441 ] } },
{ "type": "Feature", "properties": { "id": "51_244", "growth_scenario": "higher", "market_gravity_weight": 75 }, "geometry": { "type": "Point", "coordinates": [ -77.458873345435194, 37.742486326725398 ] } },
{ "type": "Feature", "properties": { "id": "51_245", "growth_scenario": "higher", "market_gravity_weight": 75 }, "geometry": { "type": "Point", "coordinates": [ -78.354806274418394, 36.670388984336682 ] } },
{ "type": "Feature", "properties": { "id": "51_246", "growth_scenario": "higher", "market_gravity_weight": 75 }, "geometry": { "type": "Point", "coordinates": [ -78.888666618458927, 38.386195536632961 ] } },
{ "type": "Feature", "properties": { "id": "51_247", "growth_scenario": "higher", "market_gravity_weight": 75 }, "geometry": { "type": "Point", "coordinates": [ -78.822495876823865, 38.441906181638984 ] } },
{ "type": "Feature", "properties": { "id": "51_248", "growth_scenario": "higher", "market_gravity_weight": 75 }, "geometry": { "type": "Point", "coordinates": [ -78.861108738340107, 38.481985383638701 ] } },
{ "type": "Feature", "properties": { "id": "51_249", "growth_scenario": "higher", "market_gravity_weight": 75 }, "geometry": { "type": "Point", "coordinates": [ -78.24186605877675, 39.059286507617401 ] } },
{ "type": "Feature", "properties": { "id": "51_25", "growth_scenario": "higher", "market_gravity_weight": 75 }, "geometry": { "type": "Point", "coordinates": [ -77.520732719986412, 39.080239078573307 ] } },
{ "type": "Feature", "properties": { "id": "51_250", "growth_scenario": "higher", "market_gravity_weight": 75 }, "geometry": { "type": "Point", "coordinates": [ -80.045737536765927, 37.195699037426301 ] } },
{ "type": "Feature", "properties": { "id": "51_251", "growth_scenario": "higher", "market_gravity_weight": 75 }, "geometry": { "type": "Point", "coordinates": [ -78.823460938334975, 38.439321398690353 ] } },
{ "type": "Feature", "properties": { "id": "51_252", "growth_scenario": "higher", "market_gravity_weight": 75 }, "geometry": { "type": "Point", "coordinates": [ -77.308190539763189, 37.189112346288695 ] } },
{ "type": "Feature", "properties": { "id": "51_253", "growth_scenario": "higher", "market_gravity_weight": 75 }, "geometry": { "type": "Point", "coordinates": [ -77.309099130641755, 37.182793851967148 ] } },
{ "type": "Feature", "properties": { "id": "51_254", "growth_scenario": "higher", "market_gravity_weight": 75 }, "geometry": { "type": "Point", "coordinates": [ -78.82797464891901, 38.436148459187564 ] } },
{ "type": "Feature", "properties": { "id": "51_255", "growth_scenario": "higher", "market_gravity_weight": 75 }, "geometry": { "type": "Point", "coordinates": [ -78.358289225405457, 36.669271243537956 ] } },
{ "type": "Feature", "properties": { "id": "51_256", "growth_scenario": "higher", "market_gravity_weight": 75 }, "geometry": { "type": "Point", "coordinates": [ -78.945528565825711, 38.421645487105266 ] } },
{ "type": "Feature", "properties": { "id": "51_257", "growth_scenario": "higher", "market_gravity_weight": 75 }, "geometry": { "type": "Point", "coordinates": [ -78.923126377735954, 38.415968682278873 ] } },
{ "type": "Feature", "properties": { "id": "51_258", "growth_scenario": "higher", "market_gravity_weight": 75 }, "geometry": { "type": "Point", "coordinates": [ -78.919754684040328, 38.413319764603393 ] } },
{ "type": "Feature", "properties": { "id": "51_259", "growth_scenario": "higher", "market_gravity_weight": 75 }, "geometry": { "type": "Point", "coordinates": [ -80.044167757032412, 37.190150050772267 ] } },
{ "type": "Feature", "properties": { "id": "51_26", "growth_scenario": "higher", "market_gravity_weight": 75 }, "geometry": { "type": "Point", "coordinates": [ -77.527223699261427, 39.084126309377808 ] } },
{ "type": "Feature", "properties": { "id": "51_260", "growth_scenario": "higher", "market_gravity_weight": 75 }, "geometry": { "type": "Point", "coordinates": [ -77.458811507492328, 37.736746971269106 ] } },
{ "type": "Feature", "properties": { "id": "51_261", "growth_scenario": "higher", "market_gravity_weight": 75 }, "geometry": { "type": "Point", "coordinates": [ -78.883632137689332, 38.387120300530967 ] } },
{ "type": "Feature", "properties": { "id": "51_262", "growth_scenario": "higher", "market_gravity_weight": 75 }, "geometry": { "type": "Point", "coordinates": [ -78.919474959401853, 38.410016161763537 ] } },
{ "type": "Feature", "properties": { "id": "51_263", "growth_scenario": "higher", "market_gravity_weight": 75 }, "geometry": { "type": "Point", "coordinates": [ -77.465463129034561, 37.737224863741623 ] } },
{ "type": "Feature", "properties": { "id": "51_264", "growth_scenario": "higher", "market_gravity_weight": 75 }, "geometry": { "type": "Point", "coordinates": [ -78.918699102347617, 38.407821792020698 ] } },
{ "type": "Feature", "properties": { "id": "51_265", "growth_scenario": "higher", "market_gravity_weight": 75 }, "geometry": { "type": "Point", "coordinates": [ -78.364012694862438, 36.668395092173498 ] } },
{ "type": "Feature", "properties": { "id": "51_266", "growth_scenario": "higher", "market_gravity_weight": 75 }, "geometry": { "type": "Point", "coordinates": [ -77.371965330658441, 37.666492223727182 ] } },
{ "type": "Feature", "properties": { "id": "51_267", "growth_scenario": "higher", "market_gravity_weight": 75 }, "geometry": { "type": "Point", "coordinates": [ -79.86704516270278, 37.263784869703585 ] } },
{ "type": "Feature", "properties": { "id": "51_268", "growth_scenario": "higher", "market_gravity_weight": 75 }, "geometry": { "type": "Point", "coordinates": [ -79.861073195138985, 37.264159235036715 ] } },
{ "type": "Feature", "properties": { "id": "51_269", "growth_scenario": "higher", "market_gravity_weight": 75 }, "geometry": { "type": "Point", "coordinates": [ -77.491441006095201, 37.699202592943351 ] } },
{ "type": "Feature", "properties": { "id": "51_27", "growth_scenario": "higher", "market_gravity_weight": 75 }, "geometry": { "type": "Point", "coordinates": [ -77.266352530730686, 38.690100120818144 ] } },
{ "type": "Feature", "properties": { "id": "51_270", "growth_scenario": "higher", "market_gravity_weight": 75 }, "geometry": { "type": "Point", "coordinates": [ -78.886596149696416, 38.467700658625581 ] } },
{ "type": "Feature", "properties": { "id": "51_271", "growth_scenario": "higher", "market_gravity_weight": 75 }, "geometry": { "type": "Point", "coordinates": [ -77.369998003244064, 37.671008972473111 ] } },
{ "type": "Feature", "properties": { "id": "51_272", "growth_scenario": "higher", "market_gravity_weight": 75 }, "geometry": { "type": "Point", "coordinates": [ -78.877185380051017, 38.402990650947928 ] } },
{ "type": "Feature", "properties": { "id": "51_273", "growth_scenario": "higher", "market_gravity_weight": 75 }, "geometry": { "type": "Point", "coordinates": [ -78.892884969915585, 38.382254109996026 ] } },
{ "type": "Feature", "properties": { "id": "51_274", "growth_scenario": "higher", "market_gravity_weight": 75 }, "geometry": { "type": "Point", "coordinates": [ -78.35143554046175, 36.668616970532099 ] } },
{ "type": "Feature", "properties": { "id": "51_275", "growth_scenario": "higher", "market_gravity_weight": 75 }, "geometry": { "type": "Point", "coordinates": [ -77.313060914077511, 37.174950929788508 ] } },
{ "type": "Feature", "properties": { "id": "51_276", "growth_scenario": "higher", "market_gravity_weight": 75 }, "geometry": { "type": "Point", "coordinates": [ -77.377980696331903, 37.678612152744172 ] } },
{ "type": "Feature", "properties": { "id": "51_277", "growth_scenario": "higher", "market_gravity_weight": 75 }, "geometry": { "type": "Point", "coordinates": [ -78.368921289104065, 38.997161919282142 ] } },
{ "type": "Feature", "properties": { "id": "51_278", "growth_scenario": "higher", "market_gravity_weight": 75 }, "geometry": { "type": "Point", "coordinates": [ -78.925495116339022, 38.418386240887635 ] } },
{ "type": "Feature", "properties": { "id": "51_279", "growth_scenario": "higher", "market_gravity_weight": 75 }, "geometry": { "type": "Point", "coordinates": [ -78.926297912815087, 38.402993125696355 ] } },
{ "type": "Feature", "properties": { "id": "51_28", "growth_scenario": "higher", "market_gravity_weight": 75 }, "geometry": { "type": "Point", "coordinates": [ -77.472281822607073, 38.991083141090044 ] } },
{ "type": "Feature", "properties": { "id": "51_280", "growth_scenario": "higher", "market_gravity_weight": 75 }, "geometry": { "type": "Point", "coordinates": [ -80.045384195050417, 37.205879872136762 ] } },
{ "type": "Feature", "properties": { "id": "51_281", "growth_scenario": "higher", "market_gravity_weight": 75 }, "geometry": { "type": "Point", "coordinates": [ -78.900267356725081, 38.461095015885491 ] } },
{ "type": "Feature", "properties": { "id": "51_282", "growth_scenario": "higher", "market_gravity_weight": 75 }, "geometry": { "type": "Point", "coordinates": [ -78.891149620615337, 38.467342273505857 ] } },
{ "type": "Feature", "properties": { "id": "51_283", "growth_scenario": "higher", "market_gravity_weight": 75 }, "geometry": { "type": "Point", "coordinates": [ -78.24245289940211, 39.04874759605363 ] } },
{ "type": "Feature", "properties": { "id": "51_284", "growth_scenario": "higher", "market_gravity_weight": 75 }, "geometry": { "type": "Point", "coordinates": [ -78.872604513788858, 38.403978914493628 ] } },
{ "type": "Feature", "properties": { "id": "51_285", "growth_scenario": "higher", "market_gravity_weight": 75 }, "geometry": { "type": "Point", "coordinates": [ -77.36922971921004, 37.668070013134923 ] } },
{ "type": "Feature", "properties": { "id": "51_286", "growth_scenario": "higher", "market_gravity_weight": 75 }, "geometry": { "type": "Point", "coordinates": [ -79.981686601300865, 37.237855432310496 ] } },
{ "type": "Feature", "properties": { "id": "51_287", "growth_scenario": "higher", "market_gravity_weight": 75 }, "geometry": { "type": "Point", "coordinates": [ -78.216293631464652, 38.945347575859465 ] } },
{ "type": "Feature", "properties": { "id": "51_288", "growth_scenario": "higher", "market_gravity_weight": 75 }, "geometry": { "type": "Point", "coordinates": [ -77.305085007355714, 37.182621033620173 ] } },
{ "type": "Feature", "properties": { "id": "51_289", "growth_scenario": "higher", "market_gravity_weight": 75 }, "geometry": { "type": "Point", "coordinates": [ -77.366946908980765, 37.671992089241137 ] } },
{ "type": "Feature", "properties": { "id": "51_29", "growth_scenario": "higher", "market_gravity_weight": 75 }, "geometry": { "type": "Point", "coordinates": [ -77.488987901921249, 38.99769994194331 ] } },
{ "type": "Feature", "properties": { "id": "51_290", "growth_scenario": "higher", "market_gravity_weight": 75 }, "geometry": { "type": "Point", "coordinates": [ -77.30796012240684, 37.180886838661088 ] } },
{ "type": "Feature", "properties": { "id": "51_291", "growth_scenario": "higher", "market_gravity_weight": 75 }, "geometry": { "type": "Point", "coordinates": [ -77.368501033002019, 37.675052730141182 ] } },
{ "type": "Feature", "properties": { "id": "51_292", "growth_scenario": "higher", "market_gravity_weight": 75 }, "geometry": { "type": "Point", "coordinates": [ -78.179772331853385, 38.975551409293317 ] } },
{ "type": "Feature", "properties": { "id": "51_293", "growth_scenario": "higher", "market_gravity_weight": 75 }, "geometry": { "type": "Point", "coordinates": [ -77.325733539835454, 37.181663248385227 ] } },
{ "type": "Feature", "properties": { "id": "51_294", "growth_scenario": "higher", "market_gravity_weight": 75 }, "geometry": { "type": "Point", "coordinates": [ -78.881243630372097, 38.38877960125587 ] } },
{ "type": "Feature", "properties": { "id": "51_295", "growth_scenario": "higher", "market_gravity_weight": 75 }, "geometry": { "type": "Point", "coordinates": [ -78.823474206947395, 38.436783837836394 ] } },
{ "type": "Feature", "properties": { "id": "51_296", "growth_scenario": "higher", "market_gravity_weight": 75 }, "geometry": { "type": "Point", "coordinates": [ -77.375267056233653, 37.680102554856973 ] } },
{ "type": "Feature", "properties": { "id": "51_297", "growth_scenario": "higher", "market_gravity_weight": 75 }, "geometry": { "type": "Point", "coordinates": [ -77.326062375034226, 37.176710122720309 ] } },
{ "type": "Feature", "properties": { "id": "51_298", "growth_scenario": "higher", "market_gravity_weight": 75 }, "geometry": { "type": "Point", "coordinates": [ -78.469049065079474, 36.806964029183668 ] } },
{ "type": "Feature", "properties": { "id": "51_299", "growth_scenario": "higher", "market_gravity_weight": 75 }, "geometry": { "type": "Point", "coordinates": [ -77.463366719028542, 37.734901418969947 ] } },
{ "type": "Feature", "properties": { "id": "51_3", "growth_scenario": "higher", "market_gravity_weight": 75 }, "geometry": { "type": "Point", "coordinates": [ -77.466681353596726, 38.9980574791226 ] } },
{ "type": "Feature", "properties": { "id": "51_30", "growth_scenario": "higher", "market_gravity_weight": 75 }, "geometry": { "type": "Point", "coordinates": [ -78.372653014153798, 36.687659002853813 ] } },
{ "type": "Feature", "properties": { "id": "51_300", "growth_scenario": "higher", "market_gravity_weight": 75 }, "geometry": { "type": "Point", "coordinates": [ -78.903226958572375, 38.458517697684194 ] } },
{ "type": "Feature", "properties": { "id": "51_301", "growth_scenario": "higher", "market_gravity_weight": 75 }, "geometry": { "type": "Point", "coordinates": [ -78.830201772933904, 38.433197366339819 ] } },
{ "type": "Feature", "properties": { "id": "51_302", "growth_scenario": "higher", "market_gravity_weight": 75 }, "geometry": { "type": "Point", "coordinates": [ -78.891581330109105, 38.387783936159984 ] } },
{ "type": "Feature", "properties": { "id": "51_303", "growth_scenario": "higher", "market_gravity_weight": 75 }, "geometry": { "type": "Point", "coordinates": [ -77.483305494942698, 37.690312266394045 ] } },
{ "type": "Feature", "properties": { "id": "51_304", "growth_scenario": "higher", "market_gravity_weight": 75 }, "geometry": { "type": "Point", "coordinates": [ -80.047806977970382, 37.191991713366193 ] } },
{ "type": "Feature", "properties": { "id": "51_305", "growth_scenario": "higher", "market_gravity_weight": 75 }, "geometry": { "type": "Point", "coordinates": [ -78.894662599226635, 38.383682696663371 ] } },
{ "type": "Feature", "properties": { "id": "51_306", "growth_scenario": "higher", "market_gravity_weight": 75 }, "geometry": { "type": "Point", "coordinates": [ -78.934673386168782, 38.404348155711055 ] } },
{ "type": "Feature", "properties": { "id": "51_307", "growth_scenario": "higher", "market_gravity_weight": 75 }, "geometry": { "type": "Point", "coordinates": [ -77.30520280148346, 37.189919031142431 ] } },
{ "type": "Feature", "properties": { "id": "51_308", "growth_scenario": "higher", "market_gravity_weight": 75 }, "geometry": { "type": "Point", "coordinates": [ -80.017125477941008, 37.202118855361078 ] } },
{ "type": "Feature", "properties": { "id": "51_309", "growth_scenario": "higher", "market_gravity_weight": 75 }, "geometry": { "type": "Point", "coordinates": [ -78.917768081734636, 38.404789552596 ] } },
{ "type": "Feature", "properties": { "id": "51_31", "growth_scenario": "higher", "market_gravity_weight": 75 }, "geometry": { "type": "Point", "coordinates": [ -77.49016165499782, 39.000059762066073 ] } },
{ "type": "Feature", "properties": { "id": "51_310", "growth_scenario": "higher", "market_gravity_weight": 75 }, "geometry": { "type": "Point", "coordinates": [ -78.892003926203671, 38.393465599104331 ] } },
{ "type": "Feature", "properties": { "id": "51_311", "growth_scenario": "higher", "market_gravity_weight": 75 }, "geometry": { "type": "Point", "coordinates": [ -79.920046478258897, 37.339062700665501 ] } },
{ "type": "Feature", "properties": { "id": "51_312", "growth_scenario": "higher", "market_gravity_weight": 75 }, "geometry": { "type": "Point", "coordinates": [ -78.938002691613178, 38.404179812637047 ] } },
{ "type": "Feature", "properties": { "id": "51_313", "growth_scenario": "higher", "market_gravity_weight": 75 }, "geometry": { "type": "Point", "coordinates": [ -79.915454947523955, 37.339444128896659 ] } },
{ "type": "Feature", "properties": { "id": "51_314", "growth_scenario": "higher", "market_gravity_weight": 75 }, "geometry": { "type": "Point", "coordinates": [ -78.920562060938622, 38.417876139078281 ] } },
{ "type": "Feature", "properties": { "id": "51_315", "growth_scenario": "higher", "market_gravity_weight": 75 }, "geometry": { "type": "Point", "coordinates": [ -77.493492971234915, 37.701700652014061 ] } },
{ "type": "Feature", "properties": { "id": "51_316", "growth_scenario": "higher", "market_gravity_weight": 75 }, "geometry": { "type": "Point", "coordinates": [ -79.958527530924471, 37.229693106617674 ] } },
{ "type": "Feature", "properties": { "id": "51_317", "growth_scenario": "higher", "market_gravity_weight": 75 }, "geometry": { "type": "Point", "coordinates": [ -78.232177828070007, 38.94774141164153 ] } },
{ "type": "Feature", "properties": { "id": "51_318", "growth_scenario": "higher", "market_gravity_weight": 75 }, "geometry": { "type": "Point", "coordinates": [ -78.240378122327229, 39.050899139947312 ] } },
{ "type": "Feature", "properties": { "id": "51_319", "growth_scenario": "higher", "market_gravity_weight": 75 }, "geometry": { "type": "Point", "coordinates": [ -78.239298333199272, 39.060549574114837 ] } },
{ "type": "Feature", "properties": { "id": "51_32", "growth_scenario": "higher", "market_gravity_weight": 75 }, "geometry": { "type": "Point", "coordinates": [ -77.454699184847485, 39.003975374224858 ] } },
{ "type": "Feature", "properties": { "id": "51_320", "growth_scenario": "higher", "market_gravity_weight": 75 }, "geometry": { "type": "Point", "coordinates": [ -77.112099304406001, 37.029462725386452 ] } },
{ "type": "Feature", "properties": { "id": "51_321", "growth_scenario": "higher", "market_gravity_weight": 75 }, "geometry": { "type": "Point", "coordinates": [ -77.310093900713383, 37.173395035521963 ] } },
{ "type": "Feature", "properties": { "id": "51_322", "growth_scenario": "higher", "market_gravity_weight": 75 }, "geometry": { "type": "Point", "coordinates": [ -78.878396163361089, 38.400349639140899 ] } },
{ "type": "Feature", "properties": { "id": "51_323", "growth_scenario": "higher", "market_gravity_weight": 75 }, "geometry": { "type": "Point", "coordinates": [ -78.242316104035737, 39.045458958482151 ] } },
{ "type": "Feature", "properties": { "id": "51_324", "growth_scenario": "higher", "market_gravity_weight": 75 }, "geometry": { "type": "Point", "coordinates": [ -78.238702858555854, 39.05383487903493 ] } },
{ "type": "Feature", "properties": { "id": "51_325", "growth_scenario": "higher", "market_gravity_weight": 75 }, "geometry": { "type": "Point", "coordinates": [ -78.470066583195035, 36.809474480482095 ] } },
{ "type": "Feature", "properties": { "id": "51_326", "growth_scenario": "higher", "market_gravity_weight": 75 }, "geometry": { "type": "Point", "coordinates": [ -77.367183652739186, 37.666024808917108 ] } },
{ "type": "Feature", "properties": { "id": "51_327", "growth_scenario": "higher", "market_gravity_weight": 75 }, "geometry": { "type": "Point", "coordinates": [ -77.366044176931183, 37.66912324418908 ] } },
{ "type": "Feature", "properties": { "id": "51_328", "growth_scenario": "higher", "market_gravity_weight": 75 }, "geometry": { "type": "Point", "coordinates": [ -76.703967835496229, 37.297358621169572 ] } },
{ "type": "Feature", "properties": { "id": "51_329", "growth_scenario": "higher", "market_gravity_weight": 75 }, "geometry": { "type": "Point", "coordinates": [ -78.90218149195357, 38.463449153643936 ] } },
{ "type": "Feature", "properties": { "id": "51_33", "growth_scenario": "higher", "market_gravity_weight": 75 }, "geometry": { "type": "Point", "coordinates": [ -78.368574311690253, 36.681605002021058 ] } },
{ "type": "Feature", "properties": { "id": "51_330", "growth_scenario": "higher", "market_gravity_weight": 75 }, "geometry": { "type": "Point", "coordinates": [ -78.941570930861303, 38.406493026977437 ] } },
{ "type": "Feature", "properties": { "id": "51_331", "growth_scenario": "higher", "market_gravity_weight": 75 }, "geometry": { "type": "Point", "coordinates": [ -77.32649509854032, 37.184602942020668 ] } },
{ "type": "Feature", "properties": { "id": "51_332", "growth_scenario": "higher", "market_gravity_weight": 75 }, "geometry": { "type": "Point", "coordinates": [ -78.881200364720272, 38.479094722620268 ] } },
{ "type": "Feature", "properties": { "id": "51_333", "growth_scenario": "higher", "market_gravity_weight": 75 }, "geometry": { "type": "Point", "coordinates": [ -79.913714643262139, 37.342651297088238 ] } },
{ "type": "Feature", "properties": { "id": "51_334", "growth_scenario": "higher", "market_gravity_weight": 75 }, "geometry": { "type": "Point", "coordinates": [ -77.368954833973959, 37.677852031020514 ] } },
{ "type": "Feature", "properties": { "id": "51_335", "growth_scenario": "higher", "market_gravity_weight": 75 }, "geometry": { "type": "Point", "coordinates": [ -78.875258686463326, 38.387756744947829 ] } },
{ "type": "Feature", "properties": { "id": "51_336", "growth_scenario": "higher", "market_gravity_weight": 75 }, "geometry": { "type": "Point", "coordinates": [ -77.114708025059315, 37.02650755367182 ] } },
{ "type": "Feature", "properties": { "id": "51_337", "growth_scenario": "higher", "market_gravity_weight": 75 }, "geometry": { "type": "Point", "coordinates": [ -78.921086488652819, 38.401174401565818 ] } },
{ "type": "Feature", "properties": { "id": "51_338", "growth_scenario": "higher", "market_gravity_weight": 75 }, "geometry": { "type": "Point", "coordinates": [ -78.888686015301971, 38.469807663223087 ] } },
{ "type": "Feature", "properties": { "id": "51_339", "growth_scenario": "higher", "market_gravity_weight": 75 }, "geometry": { "type": "Point", "coordinates": [ -77.493852545430116, 37.695207941989509 ] } },
{ "type": "Feature", "properties": { "id": "51_34", "growth_scenario": "higher", "market_gravity_weight": 75 }, "geometry": { "type": "Point", "coordinates": [ -77.434708813609689, 39.016501465581321 ] } },
{ "type": "Feature", "properties": { "id": "51_340", "growth_scenario": "higher", "market_gravity_weight": 75 }, "geometry": { "type": "Point", "coordinates": [ -77.387479945580225, 37.680263466363783 ] } },
{ "type": "Feature", "properties": { "id": "51_341", "growth_scenario": "higher", "market_gravity_weight": 75 }, "geometry": { "type": "Point", "coordinates": [ -78.246963686039479, 39.068922101042965 ] } },
{ "type": "Feature", "properties": { "id": "51_342", "growth_scenario": "higher", "market_gravity_weight": 75 }, "geometry": { "type": "Point", "coordinates": [ -79.909448394381741, 37.003660876485142 ] } },
{ "type": "Feature", "properties": { "id": "51_343", "growth_scenario": "higher", "market_gravity_weight": 75 }, "geometry": { "type": "Point", "coordinates": [ -78.925997276423615, 38.399777317472278 ] } },
{ "type": "Feature", "properties": { "id": "51_344", "growth_scenario": "higher", "market_gravity_weight": 75 }, "geometry": { "type": "Point", "coordinates": [ -79.873879691283165, 37.266332737769133 ] } },
{ "type": "Feature", "properties": { "id": "51_345", "growth_scenario": "higher", "market_gravity_weight": 75 }, "geometry": { "type": "Point", "coordinates": [ -77.304402614054126, 37.193069688871951 ] } },
{ "type": "Feature", "properties": { "id": "51_346", "growth_scenario": "higher", "market_gravity_weight": 75 }, "geometry": { "type": "Point", "coordinates": [ -78.192921914158234, 38.969379308031698 ] } },
{ "type": "Feature", "properties": { "id": "51_347", "growth_scenario": "higher", "market_gravity_weight": 75 }, "geometry": { "type": "Point", "coordinates": [ -78.915556560239253, 38.41617685695882 ] } },
{ "type": "Feature", "properties": { "id": "51_348", "growth_scenario": "higher", "market_gravity_weight": 75 }, "geometry": { "type": "Point", "coordinates": [ -79.868602817149835, 37.333255060339141 ] } },
{ "type": "Feature", "properties": { "id": "51_349", "growth_scenario": "higher", "market_gravity_weight": 75 }, "geometry": { "type": "Point", "coordinates": [ -79.914060958694634, 37.337356471906027 ] } },
{ "type": "Feature", "properties": { "id": "51_35", "growth_scenario": "higher", "market_gravity_weight": 75 }, "geometry": { "type": "Point", "coordinates": [ -77.787311083279093, 38.319408092260552 ] } },
{ "type": "Feature", "properties": { "id": "51_350", "growth_scenario": "higher", "market_gravity_weight": 75 }, "geometry": { "type": "Point", "coordinates": [ -78.236225211521543, 39.056654536831864 ] } },
{ "type": "Feature", "properties": { "id": "51_351", "growth_scenario": "higher", "market_gravity_weight": 75 }, "geometry": { "type": "Point", "coordinates": [ -76.701864998664718, 37.294741660115676 ] } },
{ "type": "Feature", "properties": { "id": "51_352", "growth_scenario": "higher", "market_gravity_weight": 75 }, "geometry": { "type": "Point", "coordinates": [ -78.234664344954737, 38.945831696758006 ] } },
{ "type": "Feature", "properties": { "id": "51_353", "growth_scenario": "higher", "market_gravity_weight": 75 }, "geometry": { "type": "Point", "coordinates": [ -78.876415579403499, 38.389823811413891 ] } },
{ "type": "Feature", "properties": { "id": "51_354", "growth_scenario": "higher", "market_gravity_weight": 75 }, "geometry": { "type": "Point", "coordinates": [ -77.303900500200911, 37.179523911978833 ] } },
{ "type": "Feature", "properties": { "id": "51_355", "growth_scenario": "higher", "market_gravity_weight": 75 }, "geometry": { "type": "Point", "coordinates": [ -77.118367670193933, 37.033914872067704 ] } },
{ "type": "Feature", "properties": { "id": "51_356", "growth_scenario": "higher", "market_gravity_weight": 75 }, "geometry": { "type": "Point", "coordinates": [ -77.329278310597971, 37.18094315549704 ] } },
{ "type": "Feature", "properties": { "id": "51_357", "growth_scenario": "higher", "market_gravity_weight": 75 }, "geometry": { "type": "Point", "coordinates": [ -78.892697296391916, 38.390026399377781 ] } },
{ "type": "Feature", "properties": { "id": "51_358", "growth_scenario": "higher", "market_gravity_weight": 75 }, "geometry": { "type": "Point", "coordinates": [ -78.904540932480131, 38.461422378822135 ] } },
{ "type": "Feature", "properties": { "id": "51_359", "growth_scenario": "higher", "market_gravity_weight": 75 }, "geometry": { "type": "Point", "coordinates": [ -76.654188447128419, 37.265626156826251 ] } },
{ "type": "Feature", "properties": { "id": "51_36", "growth_scenario": "higher", "market_gravity_weight": 75 }, "geometry": { "type": "Point", "coordinates": [ -77.78991980538872, 38.316981863083193 ] } },
{ "type": "Feature", "properties": { "id": "51_360", "growth_scenario": "higher", "market_gravity_weight": 75 }, "geometry": { "type": "Point", "coordinates": [ -78.776629143215231, 38.62508969933387 ] } },
{ "type": "Feature", "properties": { "id": "51_361", "growth_scenario": "higher", "market_gravity_weight": 75 }, "geometry": { "type": "Point", "coordinates": [ -78.785531540866145, 38.628793491969354 ] } },
{ "type": "Feature", "properties": { "id": "51_362", "growth_scenario": "higher", "market_gravity_weight": 75 }, "geometry": { "type": "Point", "coordinates": [ -78.241045987682412, 39.042914395269165 ] } },
{ "type": "Feature", "properties": { "id": "51_363", "growth_scenario": "higher", "market_gravity_weight": 75 }, "geometry": { "type": "Point", "coordinates": [ -78.89692404985918, 38.467789792548921 ] } },
{ "type": "Feature", "properties": { "id": "51_364", "growth_scenario": "higher", "market_gravity_weight": 75 }, "geometry": { "type": "Point", "coordinates": [ -78.236701785731739, 39.051366131357398 ] } },
{ "type": "Feature", "properties": { "id": "51_365", "growth_scenario": "higher", "market_gravity_weight": 75 }, "geometry": { "type": "Point", "coordinates": [ -77.451617490269996, 37.743006526261439 ] } },
{ "type": "Feature", "properties": { "id": "51_366", "growth_scenario": "higher", "market_gravity_weight": 75 }, "geometry": { "type": "Point", "coordinates": [ -78.240612496136634, 39.066278568668224 ] } },
{ "type": "Feature", "properties": { "id": "51_367", "growth_scenario": "higher", "market_gravity_weight": 75 }, "geometry": { "type": "Point", "coordinates": [ -78.243766664227337, 39.069367915310266 ] } },
{ "type": "Feature", "properties": { "id": "51_368", "growth_scenario": "higher", "market_gravity_weight": 75 }, "geometry": { "type": "Point", "coordinates": [ -78.823126546558797, 38.433288455244146 ] } },
{ "type": "Feature", "properties": { "id": "51_369", "growth_scenario": "higher", "market_gravity_weight": 75 }, "geometry": { "type": "Point", "coordinates": [ -79.916096833954597, 37.334913093732773 ] } },
{ "type": "Feature", "properties": { "id": "51_37", "growth_scenario": "higher", "market_gravity_weight": 75 }, "geometry": { "type": "Point", "coordinates": [ -77.78571249101455, 38.308444450380172 ] } },
{ "type": "Feature", "properties": { "id": "51_370", "growth_scenario": "higher", "market_gravity_weight": 75 }, "geometry": { "type": "Point", "coordinates": [ -79.91073662309887, 36.999850327174983 ] } },
{ "type": "Feature", "properties": { "id": "51_371", "growth_scenario": "higher", "market_gravity_weight": 75 }, "geometry": { "type": "Point", "coordinates": [ -78.952923198687756, 38.421682907683667 ] } },
{ "type": "Feature", "properties": { "id": "51_372", "growth_scenario": "higher", "market_gravity_weight": 75 }, "geometry": { "type": "Point", "coordinates": [ -77.299404286889853, 37.189921972762114 ] } },
{ "type": "Feature", "properties": { "id": "51_373", "growth_scenario": "higher", "market_gravity_weight": 75 }, "geometry": { "type": "Point", "coordinates": [ -78.224210265045684, 38.953124315423295 ] } },
{ "type": "Feature", "properties": { "id": "51_374", "growth_scenario": "higher", "market_gravity_weight": 75 }, "geometry": { "type": "Point", "coordinates": [ -76.703816919990899, 37.299703070781653 ] } },
{ "type": "Feature", "properties": { "id": "51_375", "growth_scenario": "higher", "market_gravity_weight": 75 }, "geometry": { "type": "Point", "coordinates": [ -77.509297712218455, 38.010226370673116 ] } },
{ "type": "Feature", "properties": { "id": "51_376", "growth_scenario": "higher", "market_gravity_weight": 75 }, "geometry": { "type": "Point", "coordinates": [ -77.365425921165027, 37.675213398234078 ] } },
{ "type": "Feature", "properties": { "id": "51_377", "growth_scenario": "higher", "market_gravity_weight": 75 }, "geometry": { "type": "Point", "coordinates": [ -77.508856378555208, 38.012886957170366 ] } },
{ "type": "Feature", "properties": { "id": "51_378", "growth_scenario": "higher", "market_gravity_weight": 75 }, "geometry": { "type": "Point", "coordinates": [ -76.633091327855723, 37.232777334744789 ] } },
{ "type": "Feature", "properties": { "id": "51_379", "growth_scenario": "higher", "market_gravity_weight": 75 }, "geometry": { "type": "Point", "coordinates": [ -79.870213712865237, 37.336458964305706 ] } },
{ "type": "Feature", "properties": { "id": "51_38", "growth_scenario": "higher", "market_gravity_weight": 75 }, "geometry": { "type": "Point", "coordinates": [ -78.355016742147086, 36.681591330222076 ] } },
{ "type": "Feature", "properties": { "id": "51_380", "growth_scenario": "higher", "market_gravity_weight": 75 }, "geometry": { "type": "Point", "coordinates": [ -79.911698579013191, 37.341295115783787 ] } },
{ "type": "Feature", "properties": { "id": "51_381", "growth_scenario": "higher", "market_gravity_weight": 75 }, "geometry": { "type": "Point", "coordinates": [ -78.936554036018322, 38.401347334681326 ] } },
{ "type": "Feature", "properties": { "id": "51_382", "growth_scenario": "higher", "market_gravity_weight": 75 }, "geometry": { "type": "Point", "coordinates": [ -78.220968738173994, 38.953289953554481 ] } },
{ "type": "Feature", "properties": { "id": "51_383", "growth_scenario": "higher", "market_gravity_weight": 75 }, "geometry": { "type": "Point", "coordinates": [ -78.78521695212163, 38.624667622219079 ] } },
{ "type": "Feature", "properties": { "id": "51_384", "growth_scenario": "higher", "market_gravity_weight": 75 }, "geometry": { "type": "Point", "coordinates": [ -77.112174354189619, 37.024649613900955 ] } },
{ "type": "Feature", "properties": { "id": "51_385", "growth_scenario": "higher", "market_gravity_weight": 75 }, "geometry": { "type": "Point", "coordinates": [ -78.372820790426502, 39.009795524572397 ] } },
{ "type": "Feature", "properties": { "id": "51_386", "growth_scenario": "higher", "market_gravity_weight": 75 }, "geometry": { "type": "Point", "coordinates": [ -78.870866731860403, 38.384962574883566 ] } },
{ "type": "Feature", "properties": { "id": "51_387", "growth_scenario": "higher", "market_gravity_weight": 75 }, "geometry": { "type": "Point", "coordinates": [ -78.907872909802606, 38.451280132408122 ] } },
{ "type": "Feature", "properties": { "id": "51_388", "growth_scenario": "higher", "market_gravity_weight": 75 }, "geometry": { "type": "Point", "coordinates": [ -78.234329669409021, 39.058559562319971 ] } },
{ "type": "Feature", "properties": { "id": "51_389", "growth_scenario": "higher", "market_gravity_weight": 75 }, "geometry": { "type": "Point", "coordinates": [ -78.472327494465645, 36.805267507038728 ] } },
{ "type": "Feature", "properties": { "id": "51_39", "growth_scenario": "higher", "market_gravity_weight": 75 }, "geometry": { "type": "Point", "coordinates": [ -78.349539648891337, 36.68722656541798 ] } },
{ "type": "Feature", "properties": { "id": "51_390", "growth_scenario": "higher", "market_gravity_weight": 75 }, "geometry": { "type": "Point", "coordinates": [ -77.307104792252332, 37.171926586960424 ] } },
{ "type": "Feature", "properties": { "id": "51_391", "growth_scenario": "higher", "market_gravity_weight": 75 }, "geometry": { "type": "Point", "coordinates": [ -78.95008290014195, 38.428267230067384 ] } },
{ "type": "Feature", "properties": { "id": "51_392", "growth_scenario": "higher", "market_gravity_weight": 75 }, "geometry": { "type": "Point", "coordinates": [ -78.91659123510145, 38.420765162006063 ] } },
{ "type": "Feature", "properties": { "id": "51_393", "growth_scenario": "higher", "market_gravity_weight": 75 }, "geometry": { "type": "Point", "coordinates": [ -77.313299949597408, 37.168527756879733 ] } },
{ "type": "Feature", "properties": { "id": "51_394", "growth_scenario": "higher", "market_gravity_weight": 75 }, "geometry": { "type": "Point", "coordinates": [ -78.923463851792604, 38.398062009292865 ] } },
{ "type": "Feature", "properties": { "id": "51_395", "growth_scenario": "higher", "market_gravity_weight": 75 }, "geometry": { "type": "Point", "coordinates": [ -78.473637264559315, 36.80800251819057 ] } },
{ "type": "Feature", "properties": { "id": "51_396", "growth_scenario": "higher", "market_gravity_weight": 75 }, "geometry": { "type": "Point", "coordinates": [ -80.033771569662008, 37.334309341166779 ] } },
{ "type": "Feature", "properties": { "id": "51_397", "growth_scenario": "higher", "market_gravity_weight": 75 }, "geometry": { "type": "Point", "coordinates": [ -80.021864812485276, 37.337524209952171 ] } },
{ "type": "Feature", "properties": { "id": "51_398", "growth_scenario": "higher", "market_gravity_weight": 75 }, "geometry": { "type": "Point", "coordinates": [ -78.911937004556222, 38.414581071381306 ] } },
{ "type": "Feature", "properties": { "id": "51_399", "growth_scenario": "higher", "market_gravity_weight": 75 }, "geometry": { "type": "Point", "coordinates": [ -78.247295737098568, 39.071421726138823 ] } },
{ "type": "Feature", "properties": { "id": "51_4", "growth_scenario": "higher", "market_gravity_weight": 75 }, "geometry": { "type": "Point", "coordinates": [ -78.378871147101364, 36.678409304300885 ] } },
{ "type": "Feature", "properties": { "id": "51_40", "growth_scenario": "higher", "market_gravity_weight": 75 }, "geometry": { "type": "Point", "coordinates": [ -77.523893811896485, 39.069348280771912 ] } },
{ "type": "Feature", "properties": { "id": "51_400", "growth_scenario": "higher", "market_gravity_weight": 75 }, "geometry": { "type": "Point", "coordinates": [ -78.19457538157819, 38.966531885052817 ] } },
{ "type": "Feature", "properties": { "id": "51_401", "growth_scenario": "higher", "market_gravity_weight": 75 }, "geometry": { "type": "Point", "coordinates": [ -78.374927021760328, 39.002654301939693 ] } },
{ "type": "Feature", "properties": { "id": "51_402", "growth_scenario": "higher", "market_gravity_weight": 75 }, "geometry": { "type": "Point", "coordinates": [ -78.906962330668193, 38.459132226749503 ] } },
{ "type": "Feature", "properties": { "id": "51_403", "growth_scenario": "higher", "market_gravity_weight": 75 }, "geometry": { "type": "Point", "coordinates": [ -78.236424374724876, 38.949264755360836 ] } },
{ "type": "Feature", "properties": { "id": "51_404", "growth_scenario": "higher", "market_gravity_weight": 75 }, "geometry": { "type": "Point", "coordinates": [ -78.238361293472991, 39.045613270754096 ] } },
{ "type": "Feature", "properties": { "id": "51_405", "growth_scenario": "higher", "market_gravity_weight": 75 }, "geometry": { "type": "Point", "coordinates": [ -78.473599173149879, 36.8110839223542 ] } },
{ "type": "Feature", "properties": { "id": "51_406", "growth_scenario": "higher", "market_gravity_weight": 75 }, "geometry": { "type": "Point", "coordinates": [ -78.910282332187563, 38.41162859503001 ] } },
{ "type": "Feature", "properties": { "id": "51_407", "growth_scenario": "higher", "market_gravity_weight": 75 }, "geometry": { "type": "Point", "coordinates": [ -79.906678804381031, 37.246742372184094 ] } },
{ "type": "Feature", "properties": { "id": "51_408", "growth_scenario": "higher", "market_gravity_weight": 75 }, "geometry": { "type": "Point", "coordinates": [ -78.234453349966245, 39.054218912289208 ] } },
{ "type": "Feature", "properties": { "id": "51_409", "growth_scenario": "higher", "market_gravity_weight": 75 }, "geometry": { "type": "Point", "coordinates": [ -79.891120190296519, 37.369862718243525 ] } },
{ "type": "Feature", "properties": { "id": "51_41", "growth_scenario": "higher", "market_gravity_weight": 75 }, "geometry": { "type": "Point", "coordinates": [ -78.349117870844708, 36.684166796689134 ] } },
{ "type": "Feature", "properties": { "id": "51_410", "growth_scenario": "higher", "market_gravity_weight": 75 }, "geometry": { "type": "Point", "coordinates": [ -76.704056406012739, 37.291268698124171 ] } },
{ "type": "Feature", "properties": { "id": "51_411", "growth_scenario": "higher", "market_gravity_weight": 75 }, "geometry": { "type": "Point", "coordinates": [ -77.510531407094604, 38.014598035259667 ] } },
{ "type": "Feature", "properties": { "id": "51_412", "growth_scenario": "higher", "market_gravity_weight": 75 }, "geometry": { "type": "Point", "coordinates": [ -77.121708772547905, 37.032167966271324 ] } },
{ "type": "Feature", "properties": { "id": "51_413", "growth_scenario": "higher", "market_gravity_weight": 75 }, "geometry": { "type": "Point", "coordinates": [ -77.494871011310906, 37.704095089554045 ] } },
{ "type": "Feature", "properties": { "id": "51_414", "growth_scenario": "higher", "market_gravity_weight": 75 }, "geometry": { "type": "Point", "coordinates": [ -78.470329801382121, 36.802521996927716 ] } },
{ "type": "Feature", "properties": { "id": "51_415", "growth_scenario": "higher", "market_gravity_weight": 75 }, "geometry": { "type": "Point", "coordinates": [ -80.121555255299299, 37.293177366327711 ] } },
{ "type": "Feature", "properties": { "id": "51_416", "growth_scenario": "higher", "market_gravity_weight": 75 }, "geometry": { "type": "Point", "coordinates": [ -77.304054531448898, 37.17709113740468 ] } },
{ "type": "Feature", "properties": { "id": "51_417", "growth_scenario": "higher", "market_gravity_weight": 75 }, "geometry": { "type": "Point", "coordinates": [ -77.122050470341549, 37.027215097584055 ] } },
{ "type": "Feature", "properties": { "id": "51_418", "growth_scenario": "higher", "market_gravity_weight": 75 }, "geometry": { "type": "Point", "coordinates": [ -78.813145094125119, 38.265090827358165 ] } },
{ "type": "Feature", "properties": { "id": "51_419", "growth_scenario": "higher", "market_gravity_weight": 75 }, "geometry": { "type": "Point", "coordinates": [ -77.374105408902608, 37.683288572091257 ] } },
{ "type": "Feature", "properties": { "id": "51_42", "growth_scenario": "higher", "market_gravity_weight": 75 }, "geometry": { "type": "Point", "coordinates": [ -78.369921042519735, 36.67835362367186 ] } },
{ "type": "Feature", "properties": { "id": "51_43", "growth_scenario": "higher", "market_gravity_weight": 75 }, "geometry": { "type": "Point", "coordinates": [ -77.462126427158509, 38.995913482530781 ] } },
{ "type": "Feature", "properties": { "id": "51_44", "growth_scenario": "higher", "market_gravity_weight": 75 }, "geometry": { "type": "Point", "coordinates": [ -78.354799679668858, 36.686372653017905 ] } },
{ "type": "Feature", "properties": { "id": "51_45", "growth_scenario": "higher", "market_gravity_weight": 75 }, "geometry": { "type": "Point", "coordinates": [ -77.792096953636161, 38.314400037882727 ] } },
{ "type": "Feature", "properties": { "id": "51_46", "growth_scenario": "higher", "market_gravity_weight": 75 }, "geometry": { "type": "Point", "coordinates": [ -77.779022420881162, 38.30698664844509 ] } },
{ "type": "Feature", "properties": { "id": "51_47", "growth_scenario": "higher", "market_gravity_weight": 75 }, "geometry": { "type": "Point", "coordinates": [ -77.789420427783966, 38.307728078655273 ] } },
{ "type": "Feature", "properties": { "id": "51_48", "growth_scenario": "higher", "market_gravity_weight": 75 }, "geometry": { "type": "Point", "coordinates": [ -78.853428471505822, 38.468209135133243 ] } },
{ "type": "Feature", "properties": { "id": "51_49", "growth_scenario": "higher", "market_gravity_weight": 75 }, "geometry": { "type": "Point", "coordinates": [ -77.517756341274634, 39.073789051654025 ] } },
{ "type": "Feature", "properties": { "id": "51_5", "growth_scenario": "higher", "market_gravity_weight": 75 }, "geometry": { "type": "Point", "coordinates": [ -77.785906949484243, 38.313290309269263 ] } },
{ "type": "Feature", "properties": { "id": "51_50", "growth_scenario": "higher", "market_gravity_weight": 75 }, "geometry": { "type": "Point", "coordinates": [ -78.369475442086653, 36.685553055601346 ] } },
{ "type": "Feature", "properties": { "id": "51_51", "growth_scenario": "higher", "market_gravity_weight": 75 }, "geometry": { "type": "Point", "coordinates": [ -77.270091243820062, 38.705321618056651 ] } },
{ "type": "Feature", "properties": { "id": "51_52", "growth_scenario": "higher", "market_gravity_weight": 75 }, "geometry": { "type": "Point", "coordinates": [ -77.531900564362431, 39.086285178941644 ] } },
{ "type": "Feature", "properties": { "id": "51_53", "growth_scenario": "higher", "market_gravity_weight": 75 }, "geometry": { "type": "Point", "coordinates": [ -77.49347923211252, 39.001015422145628 ] } },
{ "type": "Feature", "properties": { "id": "51_54", "growth_scenario": "higher", "market_gravity_weight": 75 }, "geometry": { "type": "Point", "coordinates": [ -78.356930924777402, 36.683691884314108 ] } },
{ "type": "Feature", "properties": { "id": "51_55", "growth_scenario": "higher", "market_gravity_weight": 75 }, "geometry": { "type": "Point", "coordinates": [ -78.346355280645369, 36.686117952019671 ] } },
{ "type": "Feature", "properties": { "id": "51_56", "growth_scenario": "higher", "market_gravity_weight": 75 }, "geometry": { "type": "Point", "coordinates": [ -78.353667443368437, 36.689201697981822 ] } },
{ "type": "Feature", "properties": { "id": "51_57", "growth_scenario": "higher", "market_gravity_weight": 75 }, "geometry": { "type": "Point", "coordinates": [ -77.785312965373521, 38.321744077847242 ] } },
{ "type": "Feature", "properties": { "id": "51_58", "growth_scenario": "higher", "market_gravity_weight": 75 }, "geometry": { "type": "Point", "coordinates": [ -77.790711707646423, 38.319917852237673 ] } },
{ "type": "Feature", "properties": { "id": "51_59", "growth_scenario": "higher", "market_gravity_weight": 75 }, "geometry": { "type": "Point", "coordinates": [ -77.772558073557292, 38.311651518945027 ] } },
{ "type": "Feature", "properties": { "id": "51_6", "growth_scenario": "higher", "market_gravity_weight": 75 }, "geometry": { "type": "Point", "coordinates": [ -77.263532680097072, 38.697764321019378 ] } },
{ "type": "Feature", "properties": { "id": "51_60", "growth_scenario": "higher", "market_gravity_weight": 75 }, "geometry": { "type": "Point", "coordinates": [ -77.77321831571436, 38.30902408667265 ] } },
{ "type": "Feature", "properties": { "id": "51_61", "growth_scenario": "higher", "market_gravity_weight": 75 }, "geometry": { "type": "Point", "coordinates": [ -77.781937026437831, 38.306151491217335 ] } },
{ "type": "Feature", "properties": { "id": "51_62", "growth_scenario": "higher", "market_gravity_weight": 75 }, "geometry": { "type": "Point", "coordinates": [ -77.283765962234298, 38.693682172982165 ] } },
{ "type": "Feature", "properties": { "id": "51_63", "growth_scenario": "higher", "market_gravity_weight": 75 }, "geometry": { "type": "Point", "coordinates": [ -78.37363089440079, 36.69080098879337 ] } },
{ "type": "Feature", "properties": { "id": "51_64", "growth_scenario": "higher", "market_gravity_weight": 75 }, "geometry": { "type": "Point", "coordinates": [ -77.279699580061305, 38.708433428391231 ] } },
{ "type": "Feature", "properties": { "id": "51_65", "growth_scenario": "higher", "market_gravity_weight": 75 }, "geometry": { "type": "Point", "coordinates": [ -77.528976143436395, 39.087481846487393 ] } },
{ "type": "Feature", "properties": { "id": "51_66", "growth_scenario": "higher", "market_gravity_weight": 75 }, "geometry": { "type": "Point", "coordinates": [ -77.51775452001074, 39.109344713406877 ] } },
{ "type": "Feature", "properties": { "id": "51_67", "growth_scenario": "higher", "market_gravity_weight": 75 }, "geometry": { "type": "Point", "coordinates": [ -78.370258800082937, 36.689029522263134 ] } },
{ "type": "Feature", "properties": { "id": "51_68", "growth_scenario": "higher", "market_gravity_weight": 75 }, "geometry": { "type": "Point", "coordinates": [ -78.349217569503566, 36.678913883516671 ] } },
{ "type": "Feature", "properties": { "id": "51_69", "growth_scenario": "higher", "market_gravity_weight": 75 }, "geometry": { "type": "Point", "coordinates": [ -78.348067436615182, 36.689550997661314 ] } },
{ "type": "Feature", "properties": { "id": "51_7", "growth_scenario": "higher", "market_gravity_weight": 75 }, "geometry": { "type": "Point", "coordinates": [ -77.466811208998678, 38.995712570867923 ] } },
{ "type": "Feature", "properties": { "id": "51_70", "growth_scenario": "higher", "market_gravity_weight": 75 }, "geometry": { "type": "Point", "coordinates": [ -77.785644884267597, 38.30543523323739 ] } },
{ "type": "Feature", "properties": { "id": "51_71", "growth_scenario": "higher", "market_gravity_weight": 75 }, "geometry": { "type": "Point", "coordinates": [ -77.516008189700017, 39.071343242528116 ] } },
{ "type": "Feature", "properties": { "id": "51_72", "growth_scenario": "higher", "market_gravity_weight": 75 }, "geometry": { "type": "Point", "coordinates": [ -77.283649216455686, 38.688660597839736 ] } },
{ "type": "Feature", "properties": { "id": "51_73", "growth_scenario": "higher", "market_gravity_weight": 75 }, "geometry": { "type": "Point", "coordinates": [ -77.264194736474579, 38.703870625707388 ] } },
{ "type": "Feature", "properties": { "id": "51_74", "growth_scenario": "higher", "market_gravity_weight": 75 }, "geometry": { "type": "Point", "coordinates": [ -77.532641701532455, 39.088488171280531 ] } },
{ "type": "Feature", "properties": { "id": "51_75", "growth_scenario": "higher", "market_gravity_weight": 75 }, "geometry": { "type": "Point", "coordinates": [ -78.357331618045066, 36.688292406670961 ] } },
{ "type": "Feature", "properties": { "id": "51_76", "growth_scenario": "higher", "market_gravity_weight": 75 }, "geometry": { "type": "Point", "coordinates": [ -78.35125870563644, 36.691114672206012 ] } },
{ "type": "Feature", "properties": { "id": "51_77", "growth_scenario": "higher", "market_gravity_weight": 75 }, "geometry": { "type": "Point", "coordinates": [ -78.848131145644373, 38.466738399347967 ] } },
{ "type": "Feature", "properties": { "id": "51_78", "growth_scenario": "higher", "market_gravity_weight": 75 }, "geometry": { "type": "Point", "coordinates": [ -77.492960975264509, 38.996572093003557 ] } },
{ "type": "Feature", "properties": { "id": "51_79", "growth_scenario": "higher", "market_gravity_weight": 75 }, "geometry": { "type": "Point", "coordinates": [ -78.850415984304277, 38.469508469069844 ] } },
{ "type": "Feature", "properties": { "id": "51_8", "growth_scenario": "higher", "market_gravity_weight": 75 }, "geometry": { "type": "Point", "coordinates": [ -78.373368142018705, 36.68513131216941 ] } },
{ "type": "Feature", "properties": { "id": "51_80", "growth_scenario": "higher", "market_gravity_weight": 75 }, "geometry": { "type": "Point", "coordinates": [ -78.356738764084923, 36.678214080100588 ] } },
{ "type": "Feature", "properties": { "id": "51_81", "growth_scenario": "higher", "market_gravity_weight": 75 }, "geometry": { "type": "Point", "coordinates": [ -77.436159740900152, 38.90976473353323 ] } },
{ "type": "Feature", "properties": { "id": "51_82", "growth_scenario": "higher", "market_gravity_weight": 75 }, "geometry": { "type": "Point", "coordinates": [ -78.889351589351648, 38.457024167271953 ] } },
{ "type": "Feature", "properties": { "id": "51_83", "growth_scenario": "higher", "market_gravity_weight": 75 }, "geometry": { "type": "Point", "coordinates": [ -78.360199224974338, 36.682996253533126 ] } },
{ "type": "Feature", "properties": { "id": "51_84", "growth_scenario": "higher", "market_gravity_weight": 75 }, "geometry": { "type": "Point", "coordinates": [ -77.769760680286268, 38.316230341735888 ] } },
{ "type": "Feature", "properties": { "id": "51_85", "growth_scenario": "higher", "market_gravity_weight": 75 }, "geometry": { "type": "Point", "coordinates": [ -77.773878510629885, 38.306396650466127 ] } },
{ "type": "Feature", "properties": { "id": "51_86", "growth_scenario": "higher", "market_gravity_weight": 75 }, "geometry": { "type": "Point", "coordinates": [ -77.78978740865675, 38.305329325437881 ] } },
{ "type": "Feature", "properties": { "id": "51_87", "growth_scenario": "higher", "market_gravity_weight": 75 }, "geometry": { "type": "Point", "coordinates": [ -78.345150682573305, 36.6810345933525 ] } },
{ "type": "Feature", "properties": { "id": "51_88", "growth_scenario": "higher", "market_gravity_weight": 75 }, "geometry": { "type": "Point", "coordinates": [ -77.279014418451808, 38.704234377242848 ] } },
{ "type": "Feature", "properties": { "id": "51_89", "growth_scenario": "higher", "market_gravity_weight": 75 }, "geometry": { "type": "Point", "coordinates": [ -78.366609505256989, 36.686490264285915 ] } },
{ "type": "Feature", "properties": { "id": "51_9", "growth_scenario": "higher", "market_gravity_weight": 75 }, "geometry": { "type": "Point", "coordinates": [ -77.46444542659853, 38.999356345407016 ] } },
{ "type": "Feature", "properties": { "id": "51_90", "growth_scenario": "higher", "market_gravity_weight": 75 }, "geometry": { "type": "Point", "coordinates": [ -77.435605307951434, 38.907315981152408 ] } },
{ "type": "Feature", "properties": { "id": "51_91", "growth_scenario": "higher", "market_gravity_weight": 75 }, "geometry": { "type": "Point", "coordinates": [ -77.744348081541304, 38.355040632564524 ] } },
{ "type": "Feature", "properties": { "id": "51_92", "growth_scenario": "higher", "market_gravity_weight": 75 }, "geometry": { "type": "Point", "coordinates": [ -77.745277493889233, 38.351817358409917 ] } },
{ "type": "Feature", "properties": { "id": "51_93", "growth_scenario": "higher", "market_gravity_weight": 75 }, "geometry": { "type": "Point", "coordinates": [ -78.887677530221822, 38.449171804663671 ] } },
{ "type": "Feature", "properties": { "id": "51_94", "growth_scenario": "higher", "market_gravity_weight": 75 }, "geometry": { "type": "Point", "coordinates": [ -78.8554637097034, 38.473029802562252 ] } },
{ "type": "Feature", "properties": { "id": "51_95", "growth_scenario": "higher", "market_gravity_weight": 75 }, "geometry": { "type": "Point", "coordinates": [ -77.790458042633247, 38.32233359700475 ] } },
{ "type": "Feature", "properties": { "id": "51_96", "growth_scenario": "higher", "market_gravity_weight": 75 }, "geometry": { "type": "Point", "coordinates": [ -77.768257802594249, 38.31191499574237 ] } },
{ "type": "Feature", "properties": { "id": "51_97", "growth_scenario": "higher", "market_gravity_weight": 75 }, "geometry": { "type": "Point", "coordinates": [ -77.769484869024211, 38.309372637925634 ] } },
{ "type": "Feature", "properties": { "id": "51_98", "growth_scenario": "higher", "market_gravity_weight": 75 }, "geometry": { "type": "Point", "coordinates": [ -78.372690353708435, 36.672497838429258 ] } },
{ "type": "Feature", "properties": { "id": "51_99", "growth_scenario": "higher", "market_gravity_weight": 75 }, "geometry": { "type": "Point", "coordinates": [ -78.344951486955338, 36.690087335017793 ] } },
{ "type": "Feature", "properties": { "id": "53_0", "growth_scenario": "higher", "market_gravity_weight": 75 }, "geometry": { "type": "Point", "coordinates": [ -119.872788375372352, 47.243695566793072 ] } },
{ "type": "Feature", "properties": { "id": "53_1", "growth_scenario": "higher", "market_gravity_weight": 75 }, "geometry": { "type": "Point", "coordinates": [ -119.898922409550678, 47.237768248877998 ] } },
{ "type": "Feature", "properties": { "id": "53_10", "growth_scenario": "higher", "market_gravity_weight": 75 }, "geometry": { "type": "Point", "coordinates": [ -119.844559107163022, 47.217777588159983 ] } },
{ "type": "Feature", "properties": { "id": "53_11", "growth_scenario": "higher", "market_gravity_weight": 75 }, "geometry": { "type": "Point", "coordinates": [ -119.867364222170806, 47.2214990277418 ] } },
{ "type": "Feature", "properties": { "id": "53_12", "growth_scenario": "higher", "market_gravity_weight": 75 }, "geometry": { "type": "Point", "coordinates": [ -119.83486326092634, 47.250016809249658 ] } },
{ "type": "Feature", "properties": { "id": "53_13", "growth_scenario": "higher", "market_gravity_weight": 75 }, "geometry": { "type": "Point", "coordinates": [ -119.829580034346193, 47.250761782484091 ] } },
{ "type": "Feature", "properties": { "id": "53_14", "growth_scenario": "higher", "market_gravity_weight": 75 }, "geometry": { "type": "Point", "coordinates": [ -119.880285248880696, 47.241250347560531 ] } },
{ "type": "Feature", "properties": { "id": "53_15", "growth_scenario": "higher", "market_gravity_weight": 75 }, "geometry": { "type": "Point", "coordinates": [ -119.861081722664281, 47.217007264506606 ] } },
{ "type": "Feature", "properties": { "id": "53_16", "growth_scenario": "higher", "market_gravity_weight": 75 }, "geometry": { "type": "Point", "coordinates": [ -119.894380828845897, 47.242680037790336 ] } },
{ "type": "Feature", "properties": { "id": "53_17", "growth_scenario": "higher", "market_gravity_weight": 75 }, "geometry": { "type": "Point", "coordinates": [ -119.864044443276356, 47.245706958312361 ] } },
{ "type": "Feature", "properties": { "id": "53_18", "growth_scenario": "higher", "market_gravity_weight": 75 }, "geometry": { "type": "Point", "coordinates": [ -119.825882902095913, 47.235355943641672 ] } },
{ "type": "Feature", "properties": { "id": "53_19", "growth_scenario": "higher", "market_gravity_weight": 75 }, "geometry": { "type": "Point", "coordinates": [ -119.842399249897838, 47.222173104619905 ] } },
{ "type": "Feature", "properties": { "id": "53_2", "growth_scenario": "higher", "market_gravity_weight": 75 }, "geometry": { "type": "Point", "coordinates": [ -119.87789637787246, 47.230841665701654 ] } },
{ "type": "Feature", "properties": { "id": "53_20", "growth_scenario": "higher", "market_gravity_weight": 75 }, "geometry": { "type": "Point", "coordinates": [ -119.902720490416257, 47.238496985652603 ] } },
{ "type": "Feature", "properties": { "id": "53_21", "growth_scenario": "higher", "market_gravity_weight": 75 }, "geometry": { "type": "Point", "coordinates": [ -119.885868047422704, 47.24203760353263 ] } },
{ "type": "Feature", "properties": { "id": "53_22", "growth_scenario": "higher", "market_gravity_weight": 75 }, "geometry": { "type": "Point", "coordinates": [ -119.86004395315959, 47.243705736351984 ] } },
{ "type": "Feature", "properties": { "id": "53_23", "growth_scenario": "higher", "market_gravity_weight": 75 }, "geometry": { "type": "Point", "coordinates": [ -119.878476086261074, 47.245491710180907 ] } },
{ "type": "Feature", "properties": { "id": "53_24", "growth_scenario": "higher", "market_gravity_weight": 75 }, "geometry": { "type": "Point", "coordinates": [ -119.903553515742942, 47.235641692576998 ] } },
{ "type": "Feature", "properties": { "id": "53_25", "growth_scenario": "higher", "market_gravity_weight": 75 }, "geometry": { "type": "Point", "coordinates": [ -119.868403598034774, 47.216647295795909 ] } },
{ "type": "Feature", "properties": { "id": "53_26", "growth_scenario": "higher", "market_gravity_weight": 75 }, "geometry": { "type": "Point", "coordinates": [ -119.893476559577906, 47.231168235460167 ] } },
{ "type": "Feature", "properties": { "id": "53_27", "growth_scenario": "higher", "market_gravity_weight": 75 }, "geometry": { "type": "Point", "coordinates": [ -119.825338161714626, 47.250295983189204 ] } },
{ "type": "Feature", "properties": { "id": "53_28", "growth_scenario": "higher", "market_gravity_weight": 75 }, "geometry": { "type": "Point", "coordinates": [ -119.899328145444684, 47.230133163789837 ] } },
{ "type": "Feature", "properties": { "id": "53_29", "growth_scenario": "higher", "market_gravity_weight": 75 }, "geometry": { "type": "Point", "coordinates": [ -119.849049921858239, 47.221465948569524 ] } },
{ "type": "Feature", "properties": { "id": "53_3", "growth_scenario": "higher", "market_gravity_weight": 75 }, "geometry": { "type": "Point", "coordinates": [ -119.877623503279665, 47.242841213833167 ] } },
{ "type": "Feature", "properties": { "id": "53_30", "growth_scenario": "higher", "market_gravity_weight": 75 }, "geometry": { "type": "Point", "coordinates": [ -119.88245711230627, 47.2314360335915 ] } },
{ "type": "Feature", "properties": { "id": "53_31", "growth_scenario": "higher", "market_gravity_weight": 75 }, "geometry": { "type": "Point", "coordinates": [ -119.838315771681295, 47.221400040004013 ] } },
{ "type": "Feature", "properties": { "id": "53_32", "growth_scenario": "higher", "market_gravity_weight": 75 }, "geometry": { "type": "Point", "coordinates": [ -119.880139925486873, 47.22885785464554 ] } },
{ "type": "Feature", "properties": { "id": "53_33", "growth_scenario": "higher", "market_gravity_weight": 75 }, "geometry": { "type": "Point", "coordinates": [ -119.835838314813273, 47.252272287548251 ] } },
{ "type": "Feature", "properties": { "id": "53_34", "growth_scenario": "higher", "market_gravity_weight": 75 }, "geometry": { "type": "Point", "coordinates": [ -119.871818540164966, 47.217444254935721 ] } },
{ "type": "Feature", "properties": { "id": "53_35", "growth_scenario": "higher", "market_gravity_weight": 75 }, "geometry": { "type": "Point", "coordinates": [ -119.87779706940934, 47.226937794082005 ] } },
{ "type": "Feature", "properties": { "id": "53_36", "growth_scenario": "higher", "market_gravity_weight": 75 }, "geometry": { "type": "Point", "coordinates": [ -119.872229128596189, 47.227641714097302 ] } },
{ "type": "Feature", "properties": { "id": "53_37", "growth_scenario": "higher", "market_gravity_weight": 75 }, "geometry": { "type": "Point", "coordinates": [ -119.900388893559182, 47.244605463464808 ] } },
{ "type": "Feature", "properties": { "id": "53_38", "growth_scenario": "higher", "market_gravity_weight": 75 }, "geometry": { "type": "Point", "coordinates": [ -119.891755527382642, 47.244731667877637 ] } },
{ "type": "Feature", "properties": { "id": "53_39", "growth_scenario": "higher", "market_gravity_weight": 75 }, "geometry": { "type": "Point", "coordinates": [ -119.864593871067896, 47.214426263516188 ] } },
{ "type": "Feature", "properties": { "id": "53_4", "growth_scenario": "higher", "market_gravity_weight": 75 }, "geometry": { "type": "Point", "coordinates": [ -119.86481291737708, 47.217561800350694 ] } },
{ "type": "Feature", "properties": { "id": "53_40", "growth_scenario": "higher", "market_gravity_weight": 75 }, "geometry": { "type": "Point", "coordinates": [ -119.889875025704953, 47.230964823990732 ] } },
{ "type": "Feature", "properties": { "id": "53_41", "growth_scenario": "higher", "market_gravity_weight": 75 }, "geometry": { "type": "Point", "coordinates": [ -119.904093589474712, 47.242175901178015 ] } },
{ "type": "Feature", "properties": { "id": "53_42", "growth_scenario": "higher", "market_gravity_weight": 75 }, "geometry": { "type": "Point", "coordinates": [ -119.821962585635731, 47.24668986887653 ] } },
{ "type": "Feature", "properties": { "id": "53_43", "growth_scenario": "higher", "market_gravity_weight": 75 }, "geometry": { "type": "Point", "coordinates": [ -119.886146302098467, 47.230783810850923 ] } },
{ "type": "Feature", "properties": { "id": "53_44", "growth_scenario": "higher", "market_gravity_weight": 75 }, "geometry": { "type": "Point", "coordinates": [ -119.841524739477464, 47.224194568869414 ] } },
{ "type": "Feature", "properties": { "id": "53_45", "growth_scenario": "higher", "market_gravity_weight": 75 }, "geometry": { "type": "Point", "coordinates": [ -119.829201885279886, 47.232250029378882 ] } },
{ "type": "Feature", "properties": { "id": "53_46", "growth_scenario": "higher", "market_gravity_weight": 75 }, "geometry": { "type": "Point", "coordinates": [ -119.882224589674692, 47.244268987120698 ] } },
{ "type": "Feature", "properties": { "id": "53_47", "growth_scenario": "higher", "market_gravity_weight": 75 }, "geometry": { "type": "Point", "coordinates": [ -119.871761003034749, 47.221655748679964 ] } },
{ "type": "Feature", "properties": { "id": "53_48", "growth_scenario": "higher", "market_gravity_weight": 75 }, "geometry": { "type": "Point", "coordinates": [ -119.839294492278597, 47.250262192051373 ] } },
{ "type": "Feature", "properties": { "id": "53_49", "growth_scenario": "higher", "market_gravity_weight": 75 }, "geometry": { "type": "Point", "coordinates": [ -119.906442571889784, 47.237931797611793 ] } },
{ "type": "Feature", "properties": { "id": "53_5", "growth_scenario": "higher", "market_gravity_weight": 75 }, "geometry": { "type": "Point", "coordinates": [ -119.899722906139459, 47.234825393219815 ] } },
{ "type": "Feature", "properties": { "id": "53_50", "growth_scenario": "higher", "market_gravity_weight": 75 }, "geometry": { "type": "Point", "coordinates": [ -119.893924789001389, 47.228007699494761 ] } },
{ "type": "Feature", "properties": { "id": "53_51", "growth_scenario": "higher", "market_gravity_weight": 75 }, "geometry": { "type": "Point", "coordinates": [ -119.869880474080261, 47.214425740610913 ] } },
{ "type": "Feature", "properties": { "id": "53_52", "growth_scenario": "higher", "market_gravity_weight": 75 }, "geometry": { "type": "Point", "coordinates": [ -119.887683886907027, 47.245451555519153 ] } },
{ "type": "Feature", "properties": { "id": "53_53", "growth_scenario": "higher", "market_gravity_weight": 75 }, "geometry": { "type": "Point", "coordinates": [ -119.861156949384693, 47.247057189976331 ] } },
{ "type": "Feature", "properties": { "id": "53_54", "growth_scenario": "higher", "market_gravity_weight": 75 }, "geometry": { "type": "Point", "coordinates": [ -119.856972288871901, 47.216892875039633 ] } },
{ "type": "Feature", "properties": { "id": "53_55", "growth_scenario": "higher", "market_gravity_weight": 75 }, "geometry": { "type": "Point", "coordinates": [ -119.846433713713338, 47.224635158534532 ] } },
{ "type": "Feature", "properties": { "id": "53_56", "growth_scenario": "higher", "market_gravity_weight": 75 }, "geometry": { "type": "Point", "coordinates": [ -119.904332469714262, 47.230461607009737 ] } },
{ "type": "Feature", "properties": { "id": "53_57", "growth_scenario": "higher", "market_gravity_weight": 75 }, "geometry": { "type": "Point", "coordinates": [ -119.859496404799543, 47.214206459428247 ] } },
{ "type": "Feature", "properties": { "id": "53_58", "growth_scenario": "higher", "market_gravity_weight": 75 }, "geometry": { "type": "Point", "coordinates": [ -119.834640295033211, 47.231197407122188 ] } },
{ "type": "Feature", "properties": { "id": "53_59", "growth_scenario": "higher", "market_gravity_weight": 75 }, "geometry": { "type": "Point", "coordinates": [ -119.878412143937894, 47.248957815775064 ] } },
{ "type": "Feature", "properties": { "id": "53_6", "growth_scenario": "higher", "market_gravity_weight": 75 }, "geometry": { "type": "Point", "coordinates": [ -119.869460820941441, 47.245683978554332 ] } },
{ "type": "Feature", "properties": { "id": "53_60", "growth_scenario": "higher", "market_gravity_weight": 75 }, "geometry": { "type": "Point", "coordinates": [ -119.850511343426206, 47.217380287601102 ] } },
{ "type": "Feature", "properties": { "id": "53_61", "growth_scenario": "higher", "market_gravity_weight": 75 }, "geometry": { "type": "Point", "coordinates": [ -119.868102284145337, 47.22566332577879 ] } },
{ "type": "Feature", "properties": { "id": "53_62", "growth_scenario": "higher", "market_gravity_weight": 75 }, "geometry": { "type": "Point", "coordinates": [ -119.836106968601825, 47.223843588033247 ] } },
{ "type": "Feature", "properties": { "id": "53_63", "growth_scenario": "higher", "market_gravity_weight": 75 }, "geometry": { "type": "Point", "coordinates": [ -119.825695143257278, 47.231934894361316 ] } },
{ "type": "Feature", "properties": { "id": "53_7", "growth_scenario": "higher", "market_gravity_weight": 75 }, "geometry": { "type": "Point", "coordinates": [ -119.889975640807748, 47.241778257987022 ] } },
{ "type": "Feature", "properties": { "id": "53_8", "growth_scenario": "higher", "market_gravity_weight": 75 }, "geometry": { "type": "Point", "coordinates": [ -119.899379040533987, 47.242262904945385 ] } },
{ "type": "Feature", "properties": { "id": "53_9", "growth_scenario": "higher", "market_gravity_weight": 75 }, "geometry": { "type": "Point", "coordinates": [ -119.845224036409633, 47.221021034254811 ] } },
{ "type": "Feature", "properties": { "id": "55_0", "growth_scenario": "higher", "market_gravity_weight": 75 }, "geometry": { "type": "Point", "coordinates": [ -87.900463976107972, 42.504974747491119 ] } },
{ "type": "Feature", "properties": { "id": "56_0", "growth_scenario": "higher", "market_gravity_weight": 75 }, "geometry": { "type": "Point", "coordinates": [ -104.835057688910425, 41.10251738288185 ] } },
{ "type": "Feature", "properties": { "id": "56_1", "growth_scenario": "higher", "market_gravity_weight": 75 }, "geometry": { "type": "Point", "coordinates": [ -104.832913790390961, 41.108496728884901 ] } },
{ "type": "Feature", "properties": { "id": "56_10", "growth_scenario": "higher", "market_gravity_weight": 75 }, "geometry": { "type": "Point", "coordinates": [ -104.827162018702552, 41.100104859134014 ] } },
{ "type": "Feature", "properties": { "id": "56_11", "growth_scenario": "higher", "market_gravity_weight": 75 }, "geometry": { "type": "Point", "coordinates": [ -104.83946387665523, 41.114590512731553 ] } },
{ "type": "Feature", "properties": { "id": "56_12", "growth_scenario": "higher", "market_gravity_weight": 75 }, "geometry": { "type": "Point", "coordinates": [ -104.804335540260766, 41.194347871574983 ] } },
{ "type": "Feature", "properties": { "id": "56_13", "growth_scenario": "higher", "market_gravity_weight": 75 }, "geometry": { "type": "Point", "coordinates": [ -104.833608532559552, 41.097684355277359 ] } },
{ "type": "Feature", "properties": { "id": "56_14", "growth_scenario": "higher", "market_gravity_weight": 75 }, "geometry": { "type": "Point", "coordinates": [ -104.818244807740683, 41.761566476620565 ] } },
{ "type": "Feature", "properties": { "id": "56_15", "growth_scenario": "higher", "market_gravity_weight": 75 }, "geometry": { "type": "Point", "coordinates": [ -105.560020567077302, 41.333180841077208 ] } },
{ "type": "Feature", "properties": { "id": "56_16", "growth_scenario": "higher", "market_gravity_weight": 75 }, "geometry": { "type": "Point", "coordinates": [ -105.563915763609558, 41.334235884119003 ] } },
{ "type": "Feature", "properties": { "id": "56_17", "growth_scenario": "higher", "market_gravity_weight": 75 }, "geometry": { "type": "Point", "coordinates": [ -105.587985752933591, 41.334136318337116 ] } },
{ "type": "Feature", "properties": { "id": "56_18", "growth_scenario": "higher", "market_gravity_weight": 75 }, "geometry": { "type": "Point", "coordinates": [ -104.829565196487309, 41.097157507725058 ] } },
{ "type": "Feature", "properties": { "id": "56_19", "growth_scenario": "higher", "market_gravity_weight": 75 }, "geometry": { "type": "Point", "coordinates": [ -105.587271382390512, 41.336883652552515 ] } },
{ "type": "Feature", "properties": { "id": "56_2", "growth_scenario": "higher", "market_gravity_weight": 75 }, "geometry": { "type": "Point", "coordinates": [ -104.838736145152183, 41.107823625484109 ] } },
{ "type": "Feature", "properties": { "id": "56_20", "growth_scenario": "higher", "market_gravity_weight": 75 }, "geometry": { "type": "Point", "coordinates": [ -104.825861056465442, 41.097414327534956 ] } },
{ "type": "Feature", "properties": { "id": "56_21", "growth_scenario": "higher", "market_gravity_weight": 75 }, "geometry": { "type": "Point", "coordinates": [ -104.779460208113491, 41.108067029226355 ] } },
{ "type": "Feature", "properties": { "id": "56_22", "growth_scenario": "higher", "market_gravity_weight": 75 }, "geometry": { "type": "Point", "coordinates": [ -104.782441916057479, 41.151365479521402 ] } },
{ "type": "Feature", "properties": { "id": "56_3", "growth_scenario": "higher", "market_gravity_weight": 75 }, "geometry": { "type": "Point", "coordinates": [ -104.840227698254211, 41.105298123389616 ] } },
{ "type": "Feature", "properties": { "id": "56_4", "growth_scenario": "higher", "market_gravity_weight": 75 }, "geometry": { "type": "Point", "coordinates": [ -104.81554609149731, 41.107457711223347 ] } },
{ "type": "Feature", "properties": { "id": "56_5", "growth_scenario": "higher", "market_gravity_weight": 75 }, "geometry": { "type": "Point", "coordinates": [ -104.832648378044354, 41.114076666455802 ] } },
{ "type": "Feature", "properties": { "id": "56_6", "growth_scenario": "higher", "market_gravity_weight": 75 }, "geometry": { "type": "Point", "coordinates": [ -104.840340569656689, 41.110044517629376 ] } },
{ "type": "Feature", "properties": { "id": "56_7", "growth_scenario": "higher", "market_gravity_weight": 75 }, "geometry": { "type": "Point", "coordinates": [ -104.838673669537116, 41.112133681478895 ] } },
{ "type": "Feature", "properties": { "id": "56_8", "growth_scenario": "higher", "market_gravity_weight": 75 }, "geometry": { "type": "Point", "coordinates": [ -104.818355818330389, 41.105827961794709 ] } },
{ "type": "Feature", "properties": { "id": "56_9", "growth_scenario": "higher", "market_gravity_weight": 75 }, "geometry": { "type": "Point", "coordinates": [ -104.830888566524919, 41.10002585839549 ] } }
]
}
