{
"type": "FeatureCollection",
"name": "high_growth_100_market_gravity_epsg4326",
"crs": { "type": "name", "properties": { "name": "urn:ogc:def:crs:OGC:1.3:CRS84" } },
"features": [
{ "type": "Feature", "properties": { "id": "1_0", "growth_scenario": "high", "market_gravity_weight": 100 }, "geometry": { "type": "Polygon", "coordinates": [ [ [ -86.626433445298858, 34.834674343365954 ], [ -86.626324886171787, 34.835563920521828 ], [ -86.627421934305318, 34.835651945152449 ], [ -86.627313385212133, 34.836541522310874 ], [ -86.62841044839216, 34.836629537598036 ], [ -86.628301909333445, 34.837519114759132 ], [ -86.627204833612751, 34.837431098538076 ], [ -86.626107760398369, 34.837343072039523 ], [ -86.625999193751824, 34.838232646401707 ], [ -86.625890624598611, 34.839122219832973 ], [ -86.625782052938675, 34.840011792333584 ], [ -86.624684944607679, 34.83992375275507 ], [ -86.624793528808979, 34.83903418118868 ], [ -86.624902110503243, 34.838144608691522 ], [ -86.625010689690555, 34.837255035263524 ], [ -86.625119266371001, 34.836365460904361 ], [ -86.625227840544696, 34.835475885613938 ], [ -86.625336412211666, 34.834586309392108 ], [ -86.625444981372056, 34.833696732238565 ], [ -86.626542001919617, 34.833784765278459 ], [ -86.626433445298858, 34.834674343365954 ] ] ] } },
{ "type": "Feature", "properties": { "id": "1_1", "growth_scenario": "high", "market_gravity_weight": 100 }, "geometry": { "type": "Polygon", "coordinates": [ [ [ -86.637199755190252, 34.846317026452766 ], [ -86.63829696884477, 34.846404948294406 ], [ -86.639394185003255, 34.846492859857221 ], [ -86.639285758864759, 34.847382437987171 ], [ -86.640382990071444, 34.847470340204204 ], [ -86.640274573974025, 34.848359918338573 ], [ -86.639177330222523, 34.848272015188464 ], [ -86.63808008897486, 34.848184101759351 ], [ -86.636982850231306, 34.848096178051186 ], [ -86.635885613992173, 34.848008244064104 ], [ -86.635777145211279, 34.848897817536987 ], [ -86.634679898932077, 34.848809872337405 ], [ -86.634788380257717, 34.847920299798069 ], [ -86.63489685907841, 34.847030726330068 ], [ -86.635994080268361, 34.847118669662599 ], [ -86.636102544039957, 34.846229094332351 ], [ -86.636211005307032, 34.845339518073118 ], [ -86.637308203913335, 34.845427449260214 ], [ -86.637199755190252, 34.846317026452766 ] ] ] } },
{ "type": "Feature", "properties": { "id": "1_2", "growth_scenario": "high", "market_gravity_weight": 100 }, "geometry": { "type": "Polygon", "coordinates": [ [ [ -86.622925157556978, 34.836189358388566 ], [ -86.622816555795808, 34.837078930879173 ], [ -86.623913621489606, 34.837166988210022 ], [ -86.623805029761613, 34.838056560703826 ], [ -86.623696435526369, 34.838946132266692 ], [ -86.622599344751094, 34.838858073067072 ], [ -86.62150225648341, 34.838770003589879 ], [ -86.6204051707236, 34.838681923835225 ], [ -86.619308087471978, 34.838593833802946 ], [ -86.619416731870217, 34.837704265978267 ], [ -86.619525373760112, 34.836814697222472 ], [ -86.620622431930769, 34.836902785385377 ], [ -86.621719492609429, 34.836990863270934 ], [ -86.621828106910826, 34.836101291714698 ], [ -86.621936718704617, 34.835211719227104 ], [ -86.623033756810813, 34.835299784966551 ], [ -86.622925157556978, 34.836189358388566 ] ] ] } },
{ "type": "Feature", "properties": { "id": "1_3", "growth_scenario": "high", "market_gravity_weight": 100 }, "geometry": { "type": "Polygon", "coordinates": [ [ [ -86.638622269870268, 34.843736211129773 ], [ -86.638513838698913, 34.844625791113856 ], [ -86.639611029769341, 34.84471370081053 ], [ -86.640708223343267, 34.8448016002286 ], [ -86.641805419420379, 34.844889489368086 ], [ -86.641697023377162, 34.845779071221692 ], [ -86.640599814755987, 34.845691181149448 ], [ -86.640491403665408, 34.84658076114124 ], [ -86.639394185003255, 34.846492859857221 ], [ -86.63829696884477, 34.846404948294406 ], [ -86.637199755190252, 34.846317026452766 ], [ -86.637308203913335, 34.845427449260214 ], [ -86.636211005307032, 34.845339518073118 ], [ -86.636319464069686, 34.844449940884765 ], [ -86.637416650132266, 34.844537871138584 ], [ -86.637525093847145, 34.843648292087636 ], [ -86.637633535058043, 34.842758712107155 ], [ -86.638730698537941, 34.842846630216236 ], [ -86.638622269870268, 34.843736211129773 ] ] ] } },
{ "type": "Feature", "properties": { "id": "1_4", "growth_scenario": "high", "market_gravity_weight": 100 }, "geometry": { "type": "Polygon", "coordinates": [ [ [ -86.639489629115559, 34.83661953778126 ], [ -86.639381217971305, 34.837509125206203 ], [ -86.639272804323966, 34.838398711700336 ], [ -86.639164388173455, 34.839288297263892 ], [ -86.639055969519674, 34.840177881897112 ], [ -86.637958843667761, 34.840089966587037 ], [ -86.637850409968266, 34.840979549357044 ], [ -86.636753274077691, 34.840891622835876 ], [ -86.635656140691097, 34.840803686036573 ], [ -86.635764599475095, 34.839914105132706 ], [ -86.636861720319459, 34.840002040998897 ], [ -86.636970164057345, 34.839112458231611 ], [ -86.638067274863616, 34.839200382886752 ], [ -86.638175703555945, 34.838310798256018 ], [ -86.637078605291393, 34.838222874533869 ], [ -86.637187044021701, 34.837333289905494 ], [ -86.637295480248355, 34.836443704346266 ], [ -86.638392553430322, 34.8365316262026 ], [ -86.638500974612541, 34.835642038779511 ], [ -86.639598037756812, 34.835729949425442 ], [ -86.639489629115559, 34.83661953778126 ] ] ] } },
{ "type": "Feature", "properties": { "id": "1_5", "growth_scenario": "high", "market_gravity_weight": 100 }, "geometry": { "type": "Polygon", "coordinates": [ [ [ -85.753810711081769, 34.912388385831768 ], [ -85.754907810177812, 34.912484566297124 ], [ -85.756004912015257, 34.912580736493936 ], [ -85.757102016593848, 34.91267689642207 ], [ -85.758199123913272, 34.912773046081625 ], [ -85.758080426408114, 34.913661709716813 ], [ -85.756983306571271, 34.913565559035206 ], [ -85.756864593807762, 34.914454220715555 ], [ -85.755767464194307, 34.914358058743005 ], [ -85.755648736171906, 34.91524671846846 ], [ -85.754551596781994, 34.915150545204668 ], [ -85.754670337322182, 34.914261886501571 ], [ -85.753573213191643, 34.914165703991429 ], [ -85.753691963507606, 34.913277045378081 ], [ -85.752594854636257, 34.913180853621704 ], [ -85.752713614727426, 34.912292195097926 ], [ -85.752832372076625, 34.911403535640943 ], [ -85.753929455914246, 34.911499725352414 ], [ -85.753810711081769, 34.912388385831768 ] ] ] } },
{ "type": "Feature", "properties": { "id": "1_6", "growth_scenario": "high", "market_gravity_weight": 100 }, "geometry": { "type": "Polygon", "coordinates": [ [ [ -86.634112747070233, 34.835290293421046 ], [ -86.635209800200016, 34.835378245176749 ], [ -86.63510134139544, 34.836267829800981 ], [ -86.634992880086727, 34.837157413494097 ], [ -86.634884416273792, 34.838046996256288 ], [ -86.633787325521311, 34.837959041700877 ], [ -86.632690237273422, 34.837871076867756 ], [ -86.632798726168616, 34.836981495972218 ], [ -86.631701652966612, 34.83689352179492 ], [ -86.630604582269683, 34.836805537340126 ], [ -86.630713093741448, 34.835915957380486 ], [ -86.631810151897753, 34.836003940901776 ], [ -86.631918648323918, 34.835114359077402 ], [ -86.633015696444772, 34.835202331387897 ], [ -86.633124177825877, 34.834312747698739 ], [ -86.634221215911083, 34.834400708798668 ], [ -86.634112747070233, 34.835290293421046 ] ] ] } },
{ "type": "Feature", "properties": { "id": "1_7", "growth_scenario": "high", "market_gravity_weight": 100 }, "geometry": { "type": "Polygon", "coordinates": [ [ [ -86.631918648323918, 34.835114359077402 ], [ -86.631810151897753, 34.836003940901776 ], [ -86.630713093741448, 34.835915957380486 ], [ -86.630604582269683, 34.836805537340126 ], [ -86.629507514078099, 34.836717542607822 ], [ -86.62841044839216, 34.836629537598036 ], [ -86.627313385212133, 34.836541522310874 ], [ -86.627421934305318, 34.835651945152449 ], [ -86.626324886171787, 34.835563920521828 ], [ -86.626433445298858, 34.834674343365954 ], [ -86.627530480892375, 34.834762367062673 ], [ -86.628627518991919, 34.834850380482202 ], [ -86.628736050533135, 34.833960800527073 ], [ -86.629833078598537, 34.834048802735737 ], [ -86.630930109169299, 34.834136794667252 ], [ -86.630821602707968, 34.835026376489623 ], [ -86.631918648323918, 34.835114359077402 ] ] ] } },
{ "type": "Feature", "properties": { "id": "1_8", "growth_scenario": "high", "market_gravity_weight": 100 }, "geometry": { "type": "Polygon", "coordinates": [ [ [ -86.918742904388012, 33.4008605010034 ], [ -86.919820240581146, 33.400945939742783 ], [ -86.919716988179033, 33.401837365757601 ], [ -86.91863963988483, 33.401751926158006 ], [ -86.918536373040297, 33.402643350088688 ], [ -86.917459014986179, 33.40255789951275 ], [ -86.916381659273753, 33.402472438820745 ], [ -86.915304305903305, 33.402386968012642 ], [ -86.9154076090514, 33.401495546663163 ], [ -86.914330270124196, 33.401410066599567 ], [ -86.914433583030899, 33.400518644886525 ], [ -86.915510909857332, 33.400604124089597 ], [ -86.915614208321188, 33.399712700291715 ], [ -86.916691525389126, 33.399798168518508 ], [ -86.9177688447988, 33.399883626629475 ], [ -86.917665570536158, 33.400775052148049 ], [ -86.918742904388012, 33.4008605010034 ] ] ] } },
{ "type": "Feature", "properties": { "id": "4_0", "growth_scenario": "high", "market_gravity_weight": 100 }, "geometry": { "type": "Polygon", "coordinates": [ [ [ -111.800764232469305, 33.382421188307283 ], [ -111.800943309407543, 33.383304372762439 ], [ -111.801122390367468, 33.384187555824269 ], [ -111.801301475349192, 33.385070737493024 ], [ -111.800234340890739, 33.385218948632541 ], [ -111.799167202410587, 33.385367149823388 ], [ -111.798100059908947, 33.385515341065449 ], [ -111.797921009863657, 33.384632154964841 ], [ -111.797741963839428, 33.383748967471384 ], [ -111.797562921836132, 33.382865778584751 ], [ -111.798630029401679, 33.382717591774089 ], [ -111.79969713294615, 33.382569395014926 ], [ -111.799518071674072, 33.381686207689192 ], [ -111.800585159552625, 33.38153800245874 ], [ -111.800764232469305, 33.382421188307283 ] ] ] } },
{ "type": "Feature", "properties": { "id": "4_1", "growth_scenario": "high", "market_gravity_weight": 100 }, "geometry": { "type": "Polygon", "coordinates": [ [ [ -111.780046787206189, 33.469737532274614 ], [ -111.780225830283086, 33.470620639735984 ], [ -111.78040487738555, 33.471503745822083 ], [ -111.779336529454866, 33.471651744628488 ], [ -111.779515568909986, 33.472534850819507 ], [ -111.778447205280742, 33.47268284114741 ], [ -111.778268177498759, 33.471799733476416 ], [ -111.77719982151747, 33.471947712365655 ], [ -111.777020809433665, 33.471064601839771 ], [ -111.776841801374673, 33.47018148993881 ], [ -111.77791013401017, 33.470033514009138 ], [ -111.777731118303336, 33.469150402212584 ], [ -111.778799435241524, 33.469002417804354 ], [ -111.779867748154672, 33.468854423437797 ], [ -111.780936057042581, 33.468706419112983 ], [ -111.781115107766198, 33.469589526469846 ], [ -111.780046787206189, 33.469737532274614 ] ] ] } },
{ "type": "Feature", "properties": { "id": "4_10", "growth_scenario": "high", "market_gravity_weight": 100 }, "geometry": { "type": "Polygon", "coordinates": [ [ [ -111.720344621807769, 33.331820131253181 ], [ -111.720522681117203, 33.332703504940923 ], [ -111.720700744423439, 33.333586877227894 ], [ -111.720878811726664, 33.334470248114251 ], [ -111.721056883026961, 33.335353617600191 ], [ -111.719990271943445, 33.335501093457879 ], [ -111.718923656862955, 33.33564855936968 ], [ -111.71874560883758, 33.334765186948772 ], [ -111.717679001397997, 33.334912641447268 ], [ -111.71750096900665, 33.334029266158758 ], [ -111.718567564808808, 33.333881813127569 ], [ -111.718389524776498, 33.332998437905864 ], [ -111.718211488740536, 33.33211506128351 ], [ -111.719278057272362, 33.331967601241068 ], [ -111.719100013596062, 33.331084224685121 ], [ -111.720166566495038, 33.330936756164462 ], [ -111.720344621807769, 33.331820131253181 ] ] ] } },
{ "type": "Feature", "properties": { "id": "4_11", "growth_scenario": "high", "market_gravity_weight": 100 }, "geometry": { "type": "Polygon", "coordinates": [ [ [ -111.718211488740536, 33.33211506128351 ], [ -111.718389524776498, 33.332998437905864 ], [ -111.718567564808808, 33.333881813127569 ], [ -111.71750096900665, 33.334029266158758 ], [ -111.717679001397997, 33.334912641447268 ], [ -111.71661238996208, 33.335060085999864 ], [ -111.715545774530057, 33.335207520606467 ], [ -111.715367765413959, 33.334324142383608 ], [ -111.714301157623879, 33.334471565577161 ], [ -111.714123164141071, 33.333588184487056 ], [ -111.715189760293569, 33.333440762760439 ], [ -111.715011759168789, 33.332557381736812 ], [ -111.716078339688494, 33.332409951531361 ], [ -111.71714491621249, 33.332262511380272 ], [ -111.716966895809406, 33.331379131889896 ], [ -111.718033456700766, 33.331231683260263 ], [ -111.718211488740536, 33.33211506128351 ] ] ] } },
{ "type": "Feature", "properties": { "id": "4_12", "growth_scenario": "high", "market_gravity_weight": 100 }, "geometry": { "type": "Polygon", "coordinates": [ [ [ -111.718743938232222, 33.329317467369769 ], [ -111.719810467859105, 33.329170001783531 ], [ -111.719988515178855, 33.330053379674652 ], [ -111.721055052445237, 33.329905902675918 ], [ -111.721233115397453, 33.330789277698408 ], [ -111.720166566495038, 33.330936756164462 ], [ -111.719100013596062, 33.331084224685121 ], [ -111.719278057272362, 33.331967601241068 ], [ -111.718211488740536, 33.33211506128351 ], [ -111.718033456700766, 33.331231683260263 ], [ -111.716966895809406, 33.331379131889896 ], [ -111.715900330922224, 33.331526570574034 ], [ -111.715722326151521, 33.330643188215795 ], [ -111.716788879402145, 33.330495750998701 ], [ -111.716610866990564, 33.329612368706314 ], [ -111.717677404609304, 33.329464923010718 ], [ -111.717499384557328, 33.328581540784 ], [ -111.718565906544441, 33.328434086610066 ], [ -111.718743938232222, 33.329317467369769 ] ] ] } },
{ "type": "Feature", "properties": { "id": "4_13", "growth_scenario": "high", "market_gravity_weight": 100 }, "geometry": { "type": "Polygon", "coordinates": [ [ [ -111.714833762039476, 33.331673999312542 ], [ -111.715900330922224, 33.331526570574034 ], [ -111.716966895809406, 33.331379131889896 ], [ -111.71714491621249, 33.332262511380272 ], [ -111.716078339688494, 33.332409951531361 ], [ -111.715011759168789, 33.332557381736812 ], [ -111.715189760293569, 33.333440762760439 ], [ -111.714123164141071, 33.333588184487056 ], [ -111.714301157623879, 33.334471565577161 ], [ -111.715367765413959, 33.334324142383608 ], [ -111.715545774530057, 33.335207520606467 ], [ -111.714479155102168, 33.335354945267099 ], [ -111.713412531678642, 33.335502359981625 ], [ -111.713234545838318, 33.3346189788248 ], [ -111.713056563993234, 33.333735596267758 ], [ -111.712878586143248, 33.332852212310392 ], [ -111.712700612288216, 33.33196882695249 ], [ -111.713767189161388, 33.331821418105378 ], [ -111.713589207664228, 33.330938032813464 ], [ -111.714655768905473, 33.330790615487402 ], [ -111.714833762039476, 33.331673999312542 ] ] ] } },
{ "type": "Feature", "properties": { "id": "4_14", "growth_scenario": "high", "market_gravity_weight": 100 }, "geometry": { "type": "Polygon", "coordinates": [ [ [ -111.746394425743702, 33.477117919972962 ], [ -111.747462910024794, 33.476970228427078 ], [ -111.748531390287752, 33.476822526921111 ], [ -111.748710095185785, 33.477705674622953 ], [ -111.747641603245555, 33.477853377606451 ], [ -111.746573107287048, 33.478001070629716 ], [ -111.746751792848414, 33.478884219913631 ], [ -111.74568328119409, 33.479031904454075 ], [ -111.744614765521845, 33.47917957903406 ], [ -111.743546245831936, 33.479327243653607 ], [ -111.743367595304349, 33.478444089937817 ], [ -111.742299083275213, 33.4785917431198 ], [ -111.742120448442861, 33.47770858655435 ], [ -111.743188948794042, 33.477560934849414 ], [ -111.744257445128071, 33.477413273184183 ], [ -111.745325937444704, 33.47726560155867 ], [ -111.745147271596565, 33.476382448051723 ], [ -111.746215748218248, 33.476234767943268 ], [ -111.746394425743702, 33.477117919972962 ] ] ] } },
{ "type": "Feature", "properties": { "id": "4_15", "growth_scenario": "high", "market_gravity_weight": 100 }, "geometry": { "type": "Polygon", "coordinates": [ [ [ -111.694923794241291, 33.347135362956003 ], [ -111.695101602840069, 33.348018756590299 ], [ -111.695279415430988, 33.348902148827555 ], [ -111.695457232014206, 33.349785539668069 ], [ -111.694390377379648, 33.349932774504317 ], [ -111.693323518752919, 33.350079999392349 ], [ -111.692256656134276, 33.350227214332087 ], [ -111.691189789523932, 33.350374419323536 ], [ -111.691012019516805, 33.349491022619603 ], [ -111.692078874482917, 33.349343819093882 ], [ -111.691901096823116, 33.348460422459034 ], [ -111.692967936153849, 33.348313210450897 ], [ -111.692790150841859, 33.347429813884951 ], [ -111.693856974537468, 33.347282593394468 ], [ -111.693679181573799, 33.346399196897266 ], [ -111.694745989634541, 33.346251967924566 ], [ -111.694923794241291, 33.347135362956003 ] ] ] } },
{ "type": "Feature", "properties": { "id": "4_16", "growth_scenario": "high", "market_gravity_weight": 100 }, "geometry": { "type": "Polygon", "coordinates": [ [ [ -111.735706512119123, 33.473147683150344 ], [ -111.735885064467723, 33.47403085533665 ], [ -111.734816598408898, 33.474178439897088 ], [ -111.733748128335321, 33.474326014497301 ], [ -111.732679654247249, 33.474473579137296 ], [ -111.732501136930864, 33.473590402522895 ], [ -111.732322623628605, 33.472707224535242 ], [ -111.731254168881364, 33.472854776263254 ], [ -111.731075671270261, 33.47197159542646 ], [ -111.732144114340315, 33.471824045174216 ], [ -111.733212553396513, 33.471676484961904 ], [ -111.734280988438627, 33.471528914789594 ], [ -111.735349419466374, 33.471381334657373 ], [ -111.735527963785387, 33.472264509590673 ], [ -111.735706512119123, 33.473147683150344 ] ] ] } },
{ "type": "Feature", "properties": { "id": "4_17", "growth_scenario": "high", "market_gravity_weight": 100 }, "geometry": { "type": "Polygon", "coordinates": [ [ [ -111.695634981445835, 33.345221334041234 ], [ -111.695812793703411, 33.34610472900409 ], [ -111.694745989634541, 33.346251967924566 ], [ -111.693679181573799, 33.346399196897266 ], [ -111.693856974537468, 33.347282593394468 ], [ -111.692790150841859, 33.347429813884951 ], [ -111.692612369521413, 33.346546415922013 ], [ -111.691545553477638, 33.346693624998913 ], [ -111.691367787791677, 33.345810224173199 ], [ -111.692434592192342, 33.345663016561915 ], [ -111.69225681885456, 33.344779615804455 ], [ -111.693323607621238, 33.344632399710903 ], [ -111.69314582663209, 33.343748999021486 ], [ -111.694212599765066, 33.343601774445844 ], [ -111.695279368906554, 33.343454539922668 ], [ -111.695457173180259, 33.344337937680784 ], [ -111.695634981445835, 33.345221334041234 ] ] ] } },
{ "type": "Feature", "properties": { "id": "4_18", "growth_scenario": "high", "market_gravity_weight": 100 }, "geometry": { "type": "Polygon", "coordinates": [ [ [ -111.691723123494441, 33.353024601057754 ], [ -111.691900909468089, 33.353907992177206 ], [ -111.690833992286429, 33.354055193083376 ], [ -111.691011770606465, 33.3549385842731 ], [ -111.689944837787365, 33.355085776696392 ], [ -111.688877900976678, 33.355232959170756 ], [ -111.688700145948204, 33.354349565049468 ], [ -111.688522394910976, 33.353466169532645 ], [ -111.688344647864838, 33.352582772620167 ], [ -111.689411549738708, 33.352435594542861 ], [ -111.689233795038419, 33.351552197700087 ], [ -111.690300681276113, 33.35140501113986 ], [ -111.691367563522491, 33.351257814631111 ], [ -111.691545341512608, 33.352141208542449 ], [ -111.691723123494441, 33.353024601057754 ] ] ] } },
{ "type": "Feature", "properties": { "id": "4_19", "growth_scenario": "high", "market_gravity_weight": 100 }, "geometry": { "type": "Polygon", "coordinates": [ [ [ -111.731075671270261, 33.47197159542646 ], [ -111.731254168881364, 33.472854776263254 ], [ -111.732322623628605, 33.472707224535242 ], [ -111.732501136930864, 33.473590402522895 ], [ -111.731432670506209, 33.473737955726733 ], [ -111.731611176144924, 33.474621133817003 ], [ -111.7305426940286, 33.474768678536329 ], [ -111.730364200067683, 33.47388549897029 ], [ -111.729295725615543, 33.474033032253502 ], [ -111.729117247345954, 33.473149849838684 ], [ -111.728048780558254, 33.473297371686051 ], [ -111.727870317979495, 33.472414186422561 ], [ -111.72893877308961, 33.472266666050679 ], [ -111.728760302846368, 33.47138348088928 ], [ -111.729828742266179, 33.471235952032799 ], [ -111.730897177672759, 33.471088413216194 ], [ -111.731965609065881, 33.470940864439619 ], [ -111.732144114340315, 33.471824045174216 ], [ -111.731075671270261, 33.47197159542646 ] ] ] } },
{ "type": "Feature", "properties": { "id": "4_2", "growth_scenario": "high", "market_gravity_weight": 100 }, "geometry": { "type": "Polygon", "coordinates": [ [ [ -111.709866244768463, 33.383205371701074 ], [ -111.710044302724526, 33.384088696526788 ], [ -111.710222364680064, 33.384972019962277 ], [ -111.710400430635218, 33.385855342007588 ], [ -111.709333114728778, 33.386002708133709 ], [ -111.708265794822807, 33.386150064308175 ], [ -111.707198470917589, 33.386297410531036 ], [ -111.707020439922587, 33.385414084078334 ], [ -111.706842412926449, 33.384530756235627 ], [ -111.706664389929045, 33.383647427002913 ], [ -111.707731678874467, 33.383500085186967 ], [ -111.708798963821025, 33.383352733419727 ], [ -111.708620921516811, 33.382469405734426 ], [ -111.709688190811761, 33.382322045484905 ], [ -111.709866244768463, 33.383205371701074 ] ] ] } },
{ "type": "Feature", "properties": { "id": "4_20", "growth_scenario": "high", "market_gravity_weight": 100 }, "geometry": { "type": "Polygon", "coordinates": [ [ [ -111.736956462878936, 33.479329859622055 ], [ -111.736777886438347, 33.478446695672694 ], [ -111.737846406871569, 33.47829909377004 ], [ -111.738914923288888, 33.478151481906828 ], [ -111.739983435690036, 33.478003860083106 ], [ -111.741051944074769, 33.477856228298933 ], [ -111.742120448442861, 33.47770858655435 ], [ -111.742299083275213, 33.4785917431198 ], [ -111.743367595304349, 33.478444089937817 ], [ -111.743546245831936, 33.479327243653607 ], [ -111.742477722124605, 33.479474898312695 ], [ -111.741409194400106, 33.479622543011253 ], [ -111.740340662658667, 33.479770177749245 ], [ -111.739272126900559, 33.479917802526536 ], [ -111.738203587126037, 33.480065417343212 ], [ -111.738024994990781, 33.479182256242773 ], [ -111.736956462878936, 33.479329859622055 ] ] ] } },
{ "type": "Feature", "properties": { "id": "4_21", "growth_scenario": "high", "market_gravity_weight": 100 }, "geometry": { "type": "Polygon", "coordinates": [ [ [ -111.691545553477638, 33.346693624998913 ], [ -111.692612369521413, 33.346546415922013 ], [ -111.692790150841859, 33.347429813884951 ], [ -111.692967936153849, 33.348313210450897 ], [ -111.691901096823116, 33.348460422459034 ], [ -111.692078874482917, 33.349343819093882 ], [ -111.691012019516805, 33.349491022619603 ], [ -111.68994516055939, 33.349638216197036 ], [ -111.68976740618767, 33.348754816630944 ], [ -111.688700554883454, 33.348901998794531 ], [ -111.688522816146644, 33.348018596366387 ], [ -111.689589655806884, 33.347871415668195 ], [ -111.689411909416876, 33.346988013308689 ], [ -111.690478733442703, 33.346840824127781 ], [ -111.690300979399979, 33.345957421836644 ], [ -111.691367787791677, 33.345810224173199 ], [ -111.691545553477638, 33.346693624998913 ] ] ] } },
{ "type": "Feature", "properties": { "id": "4_22", "growth_scenario": "high", "market_gravity_weight": 100 }, "geometry": { "type": "Polygon", "coordinates": [ [ [ -111.694745980035307, 33.340804338260334 ], [ -111.694923772334221, 33.341687740212571 ], [ -111.695101568624594, 33.342571140766644 ], [ -111.694034811125064, 33.342718373824184 ], [ -111.692968049634189, 33.342865596934246 ], [ -111.691901284152209, 33.343012810096759 ], [ -111.690834514679352, 33.343160013311746 ], [ -111.690656764956657, 33.342276606895929 ], [ -111.691723522787385, 33.342129405146274 ], [ -111.691545765413295, 33.341245998797675 ], [ -111.692612507611557, 33.341098788565866 ], [ -111.692434742586585, 33.340215382284391 ], [ -111.69350146915265, 33.340068163570635 ], [ -111.694568191727754, 33.339920934909657 ], [ -111.695634910311668, 33.339773696301528 ], [ -111.695812710260313, 33.340657098186639 ], [ -111.694745980035307, 33.340804338260334 ] ] ] } },
{ "type": "Feature", "properties": { "id": "4_23", "growth_scenario": "high", "market_gravity_weight": 100 }, "geometry": { "type": "Polygon", "coordinates": [ [ [ -111.689945483286706, 33.344190613062494 ], [ -111.691012268392669, 33.344043418329825 ], [ -111.692079049507882, 33.343896213649437 ], [ -111.69314582663209, 33.343748999021486 ], [ -111.693323607621238, 33.344632399710903 ], [ -111.69225681885456, 33.344779615804455 ], [ -111.692434592192342, 33.345663016561915 ], [ -111.691367787791677, 33.345810224173199 ], [ -111.690300979399979, 33.345957421836644 ], [ -111.689234167017517, 33.346104609552107 ], [ -111.688167350644548, 33.346251787319645 ], [ -111.687989623878963, 33.345368380700727 ], [ -111.68781190110353, 33.344484972684484 ], [ -111.688878694190251, 33.344337797847395 ], [ -111.688700963762059, 33.343454389898788 ], [ -111.689767741215903, 33.343307206579127 ], [ -111.689945483286706, 33.344190613062494 ] ] ] } },
{ "type": "Feature", "properties": { "id": "4_24", "growth_scenario": "high", "market_gravity_weight": 100 }, "geometry": { "type": "Polygon", "coordinates": [ [ [ -111.695101534413851, 33.33712348225383 ], [ -111.695279322388558, 33.338006888335265 ], [ -111.695457114354454, 33.338890293017798 ], [ -111.695634910311668, 33.339773696301528 ], [ -111.694568191727754, 33.339920934909657 ], [ -111.69350146915265, 33.340068163570635 ], [ -111.692434742586585, 33.340215382284391 ], [ -111.691368012029812, 33.340362591050919 ], [ -111.691190262636781, 33.339479181905801 ], [ -111.692256981552305, 33.339331974604491 ], [ -111.692079224508618, 33.338448565525972 ], [ -111.693145927792699, 33.338301349742778 ], [ -111.692968163098826, 33.337417940730653 ], [ -111.694034850751734, 33.337270716465682 ], [ -111.693857078408172, 33.336387307519793 ], [ -111.694923750430192, 33.336240074773258 ], [ -111.695101534413851, 33.33712348225383 ] ] ] } },
{ "type": "Feature", "properties": { "id": "4_25", "growth_scenario": "high", "market_gravity_weight": 100 }, "geometry": { "type": "Polygon", "coordinates": [ [ [ -111.691368012029812, 33.340362591050919 ], [ -111.692434742586585, 33.340215382284391 ], [ -111.692612507611557, 33.341098788565866 ], [ -111.691545765413295, 33.341245998797675 ], [ -111.691723522787385, 33.342129405146274 ], [ -111.690656764956657, 33.342276606895929 ], [ -111.68959000313545, 33.342423798698022 ], [ -111.689412269045235, 33.341540389419023 ], [ -111.68834551487592, 33.341687569808549 ], [ -111.688167796417702, 33.340804157666454 ], [ -111.689234538945129, 33.340656978742032 ], [ -111.689056812834977, 33.339773566666729 ], [ -111.688879090714678, 33.338890153192978 ], [ -111.689945805969359, 33.338742967251122 ], [ -111.691012517234071, 33.338595771362101 ], [ -111.691190262636781, 33.339479181905801 ], [ -111.691368012029812, 33.340362591050919 ] ] ] } },
{ "type": "Feature", "properties": { "id": "4_26", "growth_scenario": "high", "market_gravity_weight": 100 }, "geometry": { "type": "Polygon", "coordinates": [ [ [ -111.692968163098826, 33.337417940730653 ], [ -111.693145927792699, 33.338301349742778 ], [ -111.692079224508618, 33.338448565525972 ], [ -111.692256981552305, 33.339331974604491 ], [ -111.691190262636781, 33.339479181905801 ], [ -111.691012517234071, 33.338595771362101 ], [ -111.689945805969359, 33.338742967251122 ], [ -111.688879090714678, 33.338890153192978 ], [ -111.688701372584077, 33.338006738320708 ], [ -111.688523658443046, 33.337123322049628 ], [ -111.689590350415941, 33.336976139037539 ], [ -111.690657038399124, 33.336828946078477 ], [ -111.69172372239241, 33.336681743172448 ], [ -111.692790402395502, 33.336534530319575 ], [ -111.693857078408172, 33.336387307519793 ], [ -111.694034850751734, 33.337270716465682 ], [ -111.692968163098826, 33.337417940730653 ] ] ] } },
{ "type": "Feature", "properties": { "id": "4_27", "growth_scenario": "high", "market_gravity_weight": 100 }, "geometry": { "type": "Polygon", "coordinates": [ [ [ -111.76793813336019, 33.279823407553131 ], [ -111.769003900562737, 33.279675474103939 ], [ -111.769182387718445, 33.280558838846446 ], [ -111.768116608898751, 33.280706773764621 ], [ -111.768295088440482, 33.281590138563601 ], [ -111.768473571985552, 33.282473501950214 ], [ -111.767407765927317, 33.282621429867774 ], [ -111.766341955865883, 33.282769347846475 ], [ -111.765276141801479, 33.282917255886332 ], [ -111.765097693110192, 33.282033888092904 ], [ -111.764919248421492, 33.281150518887266 ], [ -111.765985039250026, 33.281002613785077 ], [ -111.765806586946198, 33.280119244635827 ], [ -111.766872362154601, 33.279971331063713 ], [ -111.766693902236156, 33.279087961970696 ], [ -111.767759661824698, 33.278940039928948 ], [ -111.76793813336019, 33.279823407553131 ] ] ] } },
{ "type": "Feature", "properties": { "id": "4_28", "growth_scenario": "high", "market_gravity_weight": 100 }, "geometry": { "type": "Polygon", "coordinates": [ [ [ -111.770069663761973, 33.279527530716273 ], [ -111.771135422957656, 33.27937957739028 ], [ -111.771313933347301, 33.280262939194522 ], [ -111.771492447740883, 33.281146299586041 ], [ -111.770426665311149, 33.281294255850504 ], [ -111.770248162534727, 33.280410893989746 ], [ -111.769182387718445, 33.280558838846446 ], [ -111.769003900562737, 33.279675474103939 ], [ -111.76793813336019, 33.279823407553131 ], [ -111.767759661824698, 33.278940039928948 ], [ -111.766693902236156, 33.279087961970696 ], [ -111.766872362154601, 33.279971331063713 ], [ -111.765806586946198, 33.280119244635827 ], [ -111.765628138644956, 33.27923587407399 ], [ -111.765449694346131, 33.27835250209943 ], [ -111.766515446320398, 33.278204591464792 ], [ -111.767581194292134, 33.278056670891836 ], [ -111.768646938261071, 33.277908740380468 ], [ -111.769712678226981, 33.277760799930832 ], [ -111.769891168992757, 33.27864416603007 ], [ -111.770069663761973, 33.279527530716273 ] ] ] } },
{ "type": "Feature", "properties": { "id": "4_29", "growth_scenario": "high", "market_gravity_weight": 100 }, "geometry": { "type": "Polygon", "coordinates": [ [ [ -111.682120829991163, 33.354349037864118 ], [ -111.682298511151956, 33.355232442173289 ], [ -111.682476196302503, 33.356115845087395 ], [ -111.681409231557438, 33.356262957918076 ], [ -111.680342262822762, 33.356410060799448 ], [ -111.679275290098687, 33.356557153731508 ], [ -111.679097639888923, 33.355673746422191 ], [ -111.678919993668146, 33.354790337717986 ], [ -111.679986943098356, 33.354643247715863 ], [ -111.679809289219889, 33.353759839081349 ], [ -111.679631639330424, 33.352876429051484 ], [ -111.680698561478906, 33.352729332030023 ], [ -111.681765479638287, 33.352582225059564 ], [ -111.681943152819983, 33.353465632159541 ], [ -111.682120829991163, 33.354349037864118 ] ] ] } },
{ "type": "Feature", "properties": { "id": "4_3", "growth_scenario": "high", "market_gravity_weight": 100 }, "geometry": { "type": "Polygon", "coordinates": [ [ [ -111.77719982151747, 33.471947712365655 ], [ -111.778268177498759, 33.471799733476416 ], [ -111.778447205280742, 33.47268284114741 ], [ -111.778626237088048, 33.473565947443589 ], [ -111.777557857759959, 33.473713929292749 ], [ -111.777736881918955, 33.474597035694288 ], [ -111.776668486891779, 33.474745009064591 ], [ -111.776847503401953, 33.475628115571666 ], [ -111.775779092675421, 33.475776080462936 ], [ -111.775600087839521, 33.474892972475878 ], [ -111.775421087028448, 33.474009863114553 ], [ -111.77435269562551, 33.474157815087096 ], [ -111.774173710513068, 33.473274702871549 ], [ -111.775242090242102, 33.473126752378725 ], [ -111.776310465946551, 33.472978791927076 ], [ -111.776131461511227, 33.472095681296324 ], [ -111.775952461100601, 33.471212569290692 ], [ -111.777020809433665, 33.471064601839771 ], [ -111.77719982151747, 33.471947712365655 ] ] ] } },
{ "type": "Feature", "properties": { "id": "4_30", "growth_scenario": "high", "market_gravity_weight": 100 }, "geometry": { "type": "Polygon", "coordinates": [ [ [ -111.681765479638287, 33.352582225059564 ], [ -111.680698561478906, 33.352729332030023 ], [ -111.679631639330424, 33.352876429051484 ], [ -111.679809289219889, 33.353759839081349 ], [ -111.678742351436242, 33.353906927618638 ], [ -111.678564713193083, 33.353023516124018 ], [ -111.677497783067139, 33.353170593247476 ], [ -111.676430848952819, 33.353317660421858 ], [ -111.676253237990807, 33.35243424460257 ], [ -111.677320160458791, 33.352287178892723 ], [ -111.677142541838663, 33.351403763142379 ], [ -111.678209448672476, 33.351256688948155 ], [ -111.679276351517913, 33.351109604805025 ], [ -111.680343250374776, 33.350962510713103 ], [ -111.681410145242808, 33.35081540667241 ], [ -111.681587810445947, 33.351698816563903 ], [ -111.681765479638287, 33.352582225059564 ] ] ] } },
{ "type": "Feature", "properties": { "id": "4_31", "growth_scenario": "high", "market_gravity_weight": 100 }, "geometry": { "type": "Polygon", "coordinates": [ [ [ -111.84075970573555, 33.271507826422734 ], [ -111.840938978976979, 33.272391089708762 ], [ -111.83987344571284, 33.272539693353067 ], [ -111.838807908428791, 33.27268828706179 ], [ -111.838987162472336, 33.273571551881489 ], [ -111.83792160955943, 33.27372013712958 ], [ -111.837742367125088, 33.272836870835 ], [ -111.837563128710173, 33.271953603124196 ], [ -111.837383894314527, 33.271070333997002 ], [ -111.83720466393801, 33.270187063453179 ], [ -111.838270170415527, 33.27003848410429 ], [ -111.839335672873801, 33.269889894820118 ], [ -111.840401171312593, 33.269741295600639 ], [ -111.840580436514145, 33.270624561720048 ], [ -111.84075970573555, 33.271507826422734 ] ] ] } },
{ "type": "Feature", "properties": { "id": "4_32", "growth_scenario": "high", "market_gravity_weight": 100 }, "geometry": { "type": "Polygon", "coordinates": [ [ [ -111.679809289219889, 33.353759839081349 ], [ -111.679986943098356, 33.354643247715863 ], [ -111.678919993668146, 33.354790337717986 ], [ -111.679097639888923, 33.355673746422191 ], [ -111.678030674822892, 33.355820827939951 ], [ -111.676963705768102, 33.355967899508371 ], [ -111.675896732724794, 33.356114961127389 ], [ -111.67571912144524, 33.355231548028947 ], [ -111.675541514153821, 33.354348133535588 ], [ -111.675363910850407, 33.3534647176471 ], [ -111.676430848952819, 33.353317660421858 ], [ -111.677497783067139, 33.353170593247476 ], [ -111.678564713193083, 33.353023516124018 ], [ -111.678742351436242, 33.353906927618638 ], [ -111.679809289219889, 33.353759839081349 ] ] ] } },
{ "type": "Feature", "properties": { "id": "4_33", "growth_scenario": "high", "market_gravity_weight": 100 }, "geometry": { "type": "Polygon", "coordinates": [ [ [ -111.728765039491307, 33.482276675470047 ], [ -111.728943534539937, 33.483159847114308 ], [ -111.727874931253822, 33.483307365273411 ], [ -111.728053418635881, 33.484190537022471 ], [ -111.726984799654844, 33.484338046696109 ], [ -111.72591617665995, 33.484485546408223 ], [ -111.725737712639955, 33.48360237170732 ], [ -111.725559252633417, 33.482719195635305 ], [ -111.724490648987114, 33.48286668243432 ], [ -111.724312204674646, 33.481983503515544 ], [ -111.725380796640238, 33.481836018192176 ], [ -111.726449384592613, 33.48168852290749 ], [ -111.727517968531529, 33.481541017661549 ], [ -111.728586548456747, 33.481393502454424 ], [ -111.729655124368009, 33.481245977286079 ], [ -111.729833627082755, 33.482129148825727 ], [ -111.728765039491307, 33.482276675470047 ] ] ] } },
{ "type": "Feature", "properties": { "id": "4_34", "growth_scenario": "high", "market_gravity_weight": 100 }, "geometry": { "type": "Polygon", "coordinates": [ [ [ -111.675896732724794, 33.356114961127389 ], [ -111.676963705768102, 33.355967899508371 ], [ -111.677141332683377, 33.356851309747313 ], [ -111.677318963587282, 33.35773471859158 ], [ -111.676251967248831, 33.35788178314008 ], [ -111.675184966921861, 33.358028837738914 ], [ -111.675007359313454, 33.357145425965186 ], [ -111.673940366646164, 33.357292469149748 ], [ -111.672873369990938, 33.357439502384743 ], [ -111.672695789666264, 33.356556086287462 ], [ -111.673762774673634, 33.356409054516966 ], [ -111.673585186688896, 33.355525638489524 ], [ -111.673407602691796, 33.354642221067245 ], [ -111.674474560416684, 33.354495182276068 ], [ -111.675541514153821, 33.354348133535588 ], [ -111.67571912144524, 33.355231548028947 ], [ -111.675896732724794, 33.356114961127389 ] ] ] } },
{ "type": "Feature", "properties": { "id": "4_35", "growth_scenario": "high", "market_gravity_weight": 100 }, "geometry": { "type": "Polygon", "coordinates": [ [ [ -111.800610063594561, 33.268018003714779 ], [ -111.801675609675399, 33.267869764030756 ], [ -111.801854436424463, 33.268753093041646 ], [ -111.802033267183731, 33.269636420636566 ], [ -111.803098832476323, 33.26948816807348 ], [ -111.803277678857228, 33.270371492781173 ], [ -111.802212101953359, 33.270519746815779 ], [ -111.801146521039016, 33.270667990913928 ], [ -111.800080936114412, 33.270816225075528 ], [ -111.799902124567751, 33.269932895953566 ], [ -111.798836547244832, 33.270081118707324 ], [ -111.798657751319496, 33.269197786698498 ], [ -111.798478959403624, 33.268314453273945 ], [ -111.799544513503889, 33.268166233462473 ], [ -111.799365713986433, 33.267282900093093 ], [ -111.800431252466282, 33.267134671816493 ], [ -111.800610063594561, 33.268018003714779 ] ] ] } },
{ "type": "Feature", "properties": { "id": "4_36", "growth_scenario": "high", "market_gravity_weight": 100 }, "geometry": { "type": "Polygon", "coordinates": [ [ [ -111.802562317396635, 33.266838185454844 ], [ -111.803627843846627, 33.266689927369889 ], [ -111.803806689806564, 33.267573254854121 ], [ -111.804872223856407, 33.267424985361622 ], [ -111.805051085437455, 33.26830830995803 ], [ -111.80522995102946, 33.269191633138369 ], [ -111.804164393758313, 33.269339905574078 ], [ -111.803098832476323, 33.26948816807348 ], [ -111.802033267183731, 33.269636420636566 ], [ -111.801854436424463, 33.268753093041646 ], [ -111.801675609675399, 33.267869764030756 ], [ -111.800610063594561, 33.268018003714779 ], [ -111.800431252466282, 33.267134671816493 ], [ -111.801496786936426, 33.266986433603726 ], [ -111.801317968207414, 33.266103101760464 ], [ -111.802383487057298, 33.265954855082846 ], [ -111.802562317396635, 33.266838185454844 ] ] ] } },
{ "type": "Feature", "properties": { "id": "4_37", "growth_scenario": "high", "market_gravity_weight": 100 }, "geometry": { "type": "Polygon", "coordinates": [ [ [ -111.831160422118202, 33.267396685335989 ], [ -111.832225902254152, 33.267248161560865 ], [ -111.832405070124125, 33.268131443669652 ], [ -111.831339578380025, 33.268279968918762 ], [ -111.831518738659199, 33.269163251084642 ], [ -111.830453231289155, 33.269311767872473 ], [ -111.82938771990186, 33.269460274724757 ], [ -111.829208582839897, 33.268576989611034 ], [ -111.829029449794831, 33.267693703080454 ], [ -111.827963957607878, 33.267842197049696 ], [ -111.827784840187874, 33.266958907628428 ], [ -111.828850320766492, 33.266810415132866 ], [ -111.828671195754779, 33.265927125768151 ], [ -111.829736660708846, 33.265778624811091 ], [ -111.830802121646173, 33.265630113918874 ], [ -111.830981269873632, 33.266513400336109 ], [ -111.831160422118202, 33.267396685335989 ] ] ] } },
{ "type": "Feature", "properties": { "id": "4_4", "growth_scenario": "high", "market_gravity_weight": 100 }, "geometry": { "type": "Polygon", "coordinates": [ [ [ -111.782189496651398, 33.474888141730645 ], [ -111.781121106053433, 33.475036156416692 ], [ -111.781300173285601, 33.475919255628753 ], [ -111.78147924454413, 33.47680235346656 ], [ -111.780410826571739, 33.476950361154479 ], [ -111.7793424045731, 33.477098358883318 ], [ -111.77916335666319, 33.4762152580848 ], [ -111.778094942313089, 33.476363244374269 ], [ -111.777915910103289, 33.475480140721402 ], [ -111.778984312779144, 33.475332155912113 ], [ -111.778805272920806, 33.474449052365102 ], [ -111.779873659897063, 33.474301059077014 ], [ -111.779694612390671, 33.473417955635625 ], [ -111.7807629836676, 33.47326995386895 ], [ -111.781831350918594, 33.473121942143599 ], [ -111.78201042177183, 33.474005042624491 ], [ -111.782189496651398, 33.474888141730645 ] ] ] } },
{ "type": "Feature", "properties": { "id": "4_5", "growth_scenario": "high", "market_gravity_weight": 100 }, "geometry": { "type": "Polygon", "coordinates": [ [ [ -111.911540265144751, 33.430553621031834 ], [ -111.912607804468237, 33.430404385201889 ], [ -111.913675339737836, 33.430255139421959 ], [ -111.913855794154998, 33.431138087090737 ], [ -111.914036252626445, 33.432021033372209 ], [ -111.914216715152307, 33.432903978266538 ], [ -111.913149144933683, 33.433053228516449 ], [ -111.912081570660774, 33.433202468816091 ], [ -111.911013992333807, 33.433351699165392 ], [ -111.910833564758121, 33.43246874980116 ], [ -111.910653141236097, 33.431585799049998 ], [ -111.910472721767619, 33.430702846911664 ], [ -111.910292306352531, 33.42981989338606 ], [ -111.911359838080216, 33.429670668995854 ], [ -111.911540265144751, 33.430553621031834 ] ] ] } },
{ "type": "Feature", "properties": { "id": "4_6", "growth_scenario": "high", "market_gravity_weight": 100 }, "geometry": { "type": "Polygon", "coordinates": [ [ [ -111.738188476978607, 33.452832034407692 ], [ -111.739256646434228, 33.452684414076778 ], [ -111.739435192185923, 33.453567606191633 ], [ -111.739613741951374, 33.454450796929059 ], [ -111.739792295730766, 33.455333986289233 ], [ -111.73997085352417, 33.456217174272325 ], [ -111.738902637383489, 33.456364800505149 ], [ -111.738724091261702, 33.455481611046494 ], [ -111.737655882778867, 33.455629225845676 ], [ -111.737477352342395, 33.454746033534562 ], [ -111.736409151517648, 33.454893636900245 ], [ -111.73623063676601, 33.454010441736735 ], [ -111.736052126027403, 33.453127245196036 ], [ -111.737120303509585, 33.452979644780832 ], [ -111.736941785112947, 33.452096448337834 ], [ -111.738009946911205, 33.451948839439993 ], [ -111.738188476978607, 33.452832034407692 ] ] ] } },
{ "type": "Feature", "properties": { "id": "4_7", "growth_scenario": "high", "market_gravity_weight": 100 }, "geometry": { "type": "Polygon", "coordinates": [ [ [ -111.741039065650668, 33.456069538081373 ], [ -111.741217639129999, 33.45695272321187 ], [ -111.741396216623897, 33.457835906965514 ], [ -111.74157479813249, 33.458719089342559 ], [ -111.74050655099002, 33.458866729960825 ], [ -111.739438299832969, 33.459014360620756 ], [ -111.739259741668988, 33.458131175292124 ], [ -111.738191498170096, 33.458278794517902 ], [ -111.738012955692582, 33.457395606337172 ], [ -111.736944719852147, 33.457543214129046 ], [ -111.736766193060589, 33.456660023096227 ], [ -111.737834417228882, 33.456512416779809 ], [ -111.738902637383489, 33.456364800505149 ], [ -111.73997085352417, 33.456217174272325 ], [ -111.739792295730766, 33.455333986289233 ], [ -111.740860496185746, 33.455186351573921 ], [ -111.741039065650668, 33.456069538081373 ] ] ] } },
{ "type": "Feature", "properties": { "id": "4_8", "growth_scenario": "high", "market_gravity_weight": 100 }, "geometry": { "type": "Polygon", "coordinates": [ [ [ -111.719101708885049, 33.336531930390436 ], [ -111.720168335603333, 33.336384463011143 ], [ -111.720346403260336, 33.337267831164304 ], [ -111.720524474914583, 33.338151197917625 ], [ -111.720702550566202, 33.339034563271255 ], [ -111.719635888933098, 33.339182035053483 ], [ -111.718569223302723, 33.339329496889391 ], [ -111.717502553675345, 33.339476948779009 ], [ -111.717324512939669, 33.338593579022536 ], [ -111.717146476200639, 33.337710207866564 ], [ -111.716968443458128, 33.336826835310916 ], [ -111.718035078169905, 33.336679387823722 ], [ -111.717857037785706, 33.335796015335561 ], [ -111.718923656862955, 33.33564855936968 ], [ -111.719101708885049, 33.336531930390436 ] ] ] } },
{ "type": "Feature", "properties": { "id": "4_9", "growth_scenario": "high", "market_gravity_weight": 100 }, "geometry": { "type": "Polygon", "coordinates": [ [ [ -111.742110566747769, 33.46136862821556 ], [ -111.74228916431646, 33.462251805087703 ], [ -111.741220870482564, 33.462399451610054 ], [ -111.740152572633534, 33.462547088173615 ], [ -111.739084270769652, 33.462694714778351 ], [ -111.73890570822104, 33.461811533478176 ], [ -111.738727149686909, 33.460928350802178 ], [ -111.737658867155403, 33.46107596449648 ], [ -111.737480324308763, 33.460192778968818 ], [ -111.738548595167131, 33.460045166750263 ], [ -111.73961686201126, 33.459897544573046 ], [ -111.740685124840951, 33.459749912437339 ], [ -111.741753383655904, 33.45960227034314 ], [ -111.741931973194284, 33.460485449967408 ], [ -111.742110566747769, 33.46136862821556 ] ] ] } },
{ "type": "Feature", "properties": { "id": "6_0", "growth_scenario": "high", "market_gravity_weight": 100 }, "geometry": { "type": "Polygon", "coordinates": [ [ [ -121.489312710544141, 38.657207098481919 ], [ -121.490431241091002, 38.656970659131225 ], [ -121.491549764401142, 38.65673420965819 ], [ -121.491857207122067, 38.657594474142584 ], [ -121.492975735365349, 38.657358011753729 ], [ -121.493283197493895, 38.658218272717555 ], [ -121.492164657080238, 38.658454737899945 ], [ -121.492472114275856, 38.659315000930334 ], [ -121.491353554453866, 38.659551458783952 ], [ -121.491046109429078, 38.658691192959886 ], [ -121.489927554540714, 38.658927637897293 ], [ -121.488808992415315, 38.659164072712066 ], [ -121.488501578969803, 38.658303800574423 ], [ -121.487383021779024, 38.658540222473228 ], [ -121.487075627741135, 38.657679946815747 ], [ -121.488194172760771, 38.657443527710107 ], [ -121.487886773788006, 38.656583254118878 ], [ -121.489005299400731, 38.656346827683741 ], [ -121.489312710544141, 38.657207098481919 ] ] ] } },
{ "type": "Feature", "properties": { "id": "6_1", "growth_scenario": "high", "market_gravity_weight": 100 }, "geometry": { "type": "Polygon", "coordinates": [ [ [ -121.487075627741135, 38.657679946815747 ], [ -121.487383021779024, 38.658540222473228 ], [ -121.488501578969803, 38.658303800574423 ], [ -121.488808992415315, 38.659164072712066 ], [ -121.487690423053181, 38.659400497404114 ], [ -121.487997831563874, 38.660260771608584 ], [ -121.486879242793336, 38.660497188971057 ], [ -121.485760646786304, 38.660733596210541 ], [ -121.4854532626196, 38.659873316419613 ], [ -121.485145885688922, 38.65901303590244 ], [ -121.484838515994056, 38.658152754658992 ], [ -121.484531153534718, 38.657292472688958 ], [ -121.485649700854765, 38.657056076621579 ], [ -121.48676824093927, 38.656819670431517 ], [ -121.487886773788006, 38.656583254118878 ], [ -121.488194172760771, 38.657443527710107 ], [ -121.487075627741135, 38.657679946815747 ] ] ] } },
{ "type": "Feature", "properties": { "id": "6_10", "growth_scenario": "high", "market_gravity_weight": 100 }, "geometry": { "type": "Polygon", "coordinates": [ [ [ -121.489534982673788, 38.664562131740503 ], [ -121.490653625069214, 38.664325690286411 ], [ -121.49096108917729, 38.665185957341848 ], [ -121.491268560523864, 38.666046223671948 ], [ -121.490149893782103, 38.666282670714253 ], [ -121.490457360193929, 38.667142939113468 ], [ -121.489338674039871, 38.667379378826467 ], [ -121.488219980647301, 38.667615808415803 ], [ -121.487912538583316, 38.666755534428219 ], [ -121.48679385012673, 38.666991951099696 ], [ -121.486486427474816, 38.66613167359337 ], [ -121.487605103757346, 38.665895259715803 ], [ -121.487297676169163, 38.665034984278435 ], [ -121.488416333040348, 38.664798563071194 ], [ -121.488108900516394, 38.663938289702408 ], [ -121.489227537976774, 38.663701861165578 ], [ -121.489534982673788, 38.664562131740503 ] ] ] } },
{ "type": "Feature", "properties": { "id": "6_11", "growth_scenario": "high", "market_gravity_weight": 100 }, "geometry": { "type": "Polygon", "coordinates": [ [ [ -121.474463902094911, 38.659419581760098 ], [ -121.474771155000525, 38.660279888861851 ], [ -121.475078415139507, 38.661140195238076 ], [ -121.475385682512126, 38.662000500889064 ], [ -121.474267026327567, 38.662236804100964 ], [ -121.473959771129302, 38.661376495657699 ], [ -121.473652523164446, 38.660516186489389 ], [ -121.472533884095242, 38.660752473993135 ], [ -121.472226655537639, 38.659892161307468 ], [ -121.471919434212722, 38.659031847896443 ], [ -121.470800812259128, 38.659268119692847 ], [ -121.46968218307336, 38.659504381365359 ], [ -121.46937499332887, 38.658644061645695 ], [ -121.470493610340498, 38.658407802764607 ], [ -121.471612220120178, 38.658171533759848 ], [ -121.472730822667728, 38.657935254631397 ], [ -121.473849417982848, 38.657698965379439 ], [ -121.474156656422437, 38.658559273932667 ], [ -121.474463902094911, 38.659419581760098 ] ] ] } },
{ "type": "Feature", "properties": { "id": "6_12", "growth_scenario": "high", "market_gravity_weight": 100 }, "geometry": { "type": "Polygon", "coordinates": [ [ [ -121.490149893782103, 38.666282670714253 ], [ -121.491268560523864, 38.666046223671948 ], [ -121.492387220026885, 38.665809766506172 ], [ -121.492694710785472, 38.666670029316649 ], [ -121.493002208783352, 38.667530291402038 ], [ -121.491883524933542, 38.667766754156709 ], [ -121.490764833844494, 38.668003206787795 ], [ -121.489646135516409, 38.668239649295174 ], [ -121.488527429949599, 38.668476081678747 ], [ -121.48740871714422, 38.668712503938437 ], [ -121.487101280016461, 38.667852227881312 ], [ -121.485982572147577, 38.668088637222993 ], [ -121.484863857040878, 38.668325036440628 ], [ -121.484556451500481, 38.667464754071176 ], [ -121.485675154432386, 38.66722835764741 ], [ -121.48679385012673, 38.666991951099696 ], [ -121.487912538583316, 38.666755534428219 ], [ -121.488219980647301, 38.667615808415803 ], [ -121.489338674039871, 38.667379378826467 ], [ -121.490457360193929, 38.667142939113468 ], [ -121.490149893782103, 38.666282670714253 ] ] ] } },
{ "type": "Feature", "properties": { "id": "6_13", "growth_scenario": "high", "market_gravity_weight": 100 }, "geometry": { "type": "Polygon", "coordinates": [ [ [ -121.48220824023791, 38.664259992472559 ], [ -121.482515604656498, 38.665120280534282 ], [ -121.481396923774597, 38.665356648329542 ], [ -121.481704283254956, 38.66621693845979 ], [ -121.482011649971653, 38.667077227865356 ], [ -121.480892937503796, 38.66731359112336 ], [ -121.479774217799601, 38.667549944257203 ], [ -121.479466875433218, 38.666689649264853 ], [ -121.478348160668446, 38.666925989481186 ], [ -121.47804083771328, 38.666065690971472 ], [ -121.479159540302717, 38.665829353548204 ], [ -121.478852212407844, 38.664969057107086 ], [ -121.4785448917483, 38.664108759941215 ], [ -121.479663562752762, 38.66387241797991 ], [ -121.480782226521868, 38.663636065894721 ], [ -121.481089571530319, 38.664496357474583 ], [ -121.48220824023791, 38.664259992472559 ] ] ] } },
{ "type": "Feature", "properties": { "id": "6_14", "growth_scenario": "high", "market_gravity_weight": 100 }, "geometry": { "type": "Polygon", "coordinates": [ [ [ -122.267883737510616, 38.259813084081578 ], [ -122.268993677170158, 38.259569603915921 ], [ -122.270103609474731, 38.259326113721492 ], [ -122.270418493182149, 38.260184415747403 ], [ -122.270733384245048, 38.261042716913927 ], [ -122.26962342809982, 38.261286212766286 ], [ -122.269938314597752, 38.262144515902691 ], [ -122.268828339176153, 38.262388004555199 ], [ -122.267718356399058, 38.262631483178609 ], [ -122.267403493743188, 38.261773174384167 ], [ -122.267088638442374, 38.260914864730807 ], [ -122.265978672152571, 38.261158327667303 ], [ -122.265663836127473, 38.260300014326248 ], [ -122.266773790496302, 38.260056554218401 ], [ -122.266458949904759, 38.25919824284675 ], [ -122.267568884998582, 38.258954775538605 ], [ -122.267883737510616, 38.259813084081578 ] ] ] } },
{ "type": "Feature", "properties": { "id": "6_15", "growth_scenario": "high", "market_gravity_weight": 100 }, "geometry": { "type": "Polygon", "coordinates": [ [ [ -121.473959771129302, 38.661376495657699 ], [ -121.474267026327567, 38.662236804100964 ], [ -121.475385682512126, 38.662000500889064 ], [ -121.475692957118611, 38.66286080581493 ], [ -121.47457428875947, 38.663097111819106 ], [ -121.474881558425267, 38.663957418812451 ], [ -121.475188835325213, 38.66481772508115 ], [ -121.475496119459521, 38.665678030625308 ], [ -121.475803410828476, 38.666538335445154 ], [ -121.476110709432334, 38.667398639540821 ], [ -121.476418015271307, 38.668258942912516 ], [ -121.475299266624134, 38.668495255548635 ], [ -121.474991972961433, 38.667634949383967 ], [ -121.474684686533635, 38.666774642495454 ], [ -121.474377407340484, 38.665914334882913 ], [ -121.474070135381751, 38.665054026546152 ], [ -121.47376287065714, 38.664193717485006 ], [ -121.473455613166436, 38.663333407699277 ], [ -121.473148362909384, 38.662473097188879 ], [ -121.472841119885729, 38.661612785953487 ], [ -121.472533884095242, 38.660752473993135 ], [ -121.473652523164446, 38.660516186489389 ], [ -121.473959771129302, 38.661376495657699 ] ] ] } },
{ "type": "Feature", "properties": { "id": "6_16", "growth_scenario": "high", "market_gravity_weight": 100 }, "geometry": { "type": "Polygon", "coordinates": [ [ [ -122.265663836127473, 38.260300014326248 ], [ -122.265978672152571, 38.261158327667303 ], [ -122.267088638442374, 38.260914864730807 ], [ -122.267403493743188, 38.261773174384167 ], [ -122.26629351553224, 38.262016640149419 ], [ -122.266608366266667, 38.262874951772773 ], [ -122.265498368779248, 38.26311841033764 ], [ -122.265183529966478, 38.262260095885452 ], [ -122.264073537046173, 38.26250354159216 ], [ -122.26375871750966, 38.26164522345276 ], [ -122.263443905327208, 38.260786904454569 ], [ -122.262333928896226, 38.261030334474917 ], [ -122.262019135989064, 38.260172011789599 ], [ -122.263129100498588, 38.259928584597567 ], [ -122.264239057654521, 38.259685147376352 ], [ -122.265349007456649, 38.259441700126025 ], [ -122.266458949904759, 38.25919824284675 ], [ -122.266773790496302, 38.260056554218401 ], [ -122.265663836127473, 38.260300014326248 ] ] ] } },
{ "type": "Feature", "properties": { "id": "6_17", "growth_scenario": "high", "market_gravity_weight": 100 }, "geometry": { "type": "Polygon", "coordinates": [ [ [ -121.470824199686348, 38.669440404845417 ], [ -121.470516954731309, 38.668580087509831 ], [ -121.471635720140327, 38.668343818165553 ], [ -121.472754478315196, 38.668107538696404 ], [ -121.473873229255645, 38.667871249102561 ], [ -121.474991972961433, 38.667634949383967 ], [ -121.475299266624134, 38.668495255548635 ], [ -121.476418015271307, 38.668258942912516 ], [ -121.47672532834568, 38.669119245560438 ], [ -121.477032648655694, 38.669979547484651 ], [ -121.477339976201577, 38.670839848685439 ], [ -121.476221191024081, 38.67107616970106 ], [ -121.475913875655223, 38.670215865706993 ], [ -121.475606567521979, 38.669355560989587 ], [ -121.474487799462878, 38.669591866294027 ], [ -121.473369024168619, 38.669828161473603 ], [ -121.472250241639429, 38.670064446528201 ], [ -121.471942977272676, 38.669204132708572 ], [ -121.470824199686348, 38.669440404845417 ] ] ] } },
{ "type": "Feature", "properties": { "id": "6_18", "growth_scenario": "high", "market_gravity_weight": 100 }, "geometry": { "type": "Polygon", "coordinates": [ [ [ -121.532654139104039, 38.657290567134368 ], [ -121.532962067934747, 38.658150729288764 ], [ -121.531843657022122, 38.658387553632444 ], [ -121.532151580936173, 38.659247717855088 ], [ -121.532459512098086, 38.660107881348637 ], [ -121.531341069608004, 38.660344701167396 ], [ -121.531033150611108, 38.659484534876157 ], [ -121.530725238861862, 38.658624367855957 ], [ -121.529606813454237, 38.658861171959323 ], [ -121.529914713038409, 38.659721341776965 ], [ -121.528796268218329, 38.6599581385574 ], [ -121.528488380799416, 38.659097965942308 ], [ -121.528180500627428, 38.658237792598449 ], [ -121.527872627702067, 38.65737761852543 ], [ -121.52899103602698, 38.657140830136804 ], [ -121.530109437105281, 38.656904031628024 ], [ -121.531227830936672, 38.656667222999197 ], [ -121.531535740355693, 38.657527388680514 ], [ -121.532654139104039, 38.657290567134368 ] ] ] } },
{ "type": "Feature", "properties": { "id": "6_19", "growth_scenario": "high", "market_gravity_weight": 100 }, "geometry": { "type": "Polygon", "coordinates": [ [ [ -121.464111382258878, 38.670857825037466 ], [ -121.464418561377741, 38.671718158404374 ], [ -121.464725747729588, 38.672578491048903 ], [ -121.465032941314647, 38.673438822971306 ], [ -121.465340142133229, 38.674299154171635 ], [ -121.465647350185577, 38.67515948465018 ], [ -121.464528461066223, 38.675395699871522 ], [ -121.463409564713132, 38.675631904966757 ], [ -121.463102381021528, 38.674771568903125 ], [ -121.462795204563164, 38.673911232117923 ], [ -121.462488035337842, 38.673050894610952 ], [ -121.463606895150207, 38.672814697892861 ], [ -121.463299720977872, 38.671954362456056 ], [ -121.462180873345247, 38.672190556382013 ], [ -121.461873718585196, 38.671330217430963 ], [ -121.462992554038294, 38.671094026297091 ], [ -121.462685394331231, 38.670233689415618 ], [ -121.463804210372786, 38.669997490948063 ], [ -121.464111382258878, 38.670857825037466 ] ] ] } },
{ "type": "Feature", "properties": { "id": "6_2", "growth_scenario": "high", "market_gravity_weight": 100 }, "geometry": { "type": "Polygon", "coordinates": [ [ [ -121.492472114275856, 38.659315000930334 ], [ -121.492779578709218, 38.660175263234095 ], [ -121.493087050380566, 38.661035524811268 ], [ -121.491968466216107, 38.661271988252473 ], [ -121.492275932954072, 38.662132251897241 ], [ -121.491157329379817, 38.662368708009531 ], [ -121.490849874813676, 38.661508441570852 ], [ -121.489731276173472, 38.661744884766371 ], [ -121.489423841016929, 38.660884614807884 ], [ -121.489116413097605, 38.660024344123173 ], [ -121.487997831563874, 38.660260771608584 ], [ -121.487690423053181, 38.659400497404114 ], [ -121.488808992415315, 38.659164072712066 ], [ -121.489927554540714, 38.658927637897293 ], [ -121.491046109429078, 38.658691192959886 ], [ -121.491353554453866, 38.659551458783952 ], [ -121.492472114275856, 38.659315000930334 ] ] ] } },
{ "type": "Feature", "properties": { "id": "6_20", "growth_scenario": "high", "market_gravity_weight": 100 }, "geometry": { "type": "Polygon", "coordinates": [ [ [ -121.533270004013346, 38.659010890713773 ], [ -121.534388419842401, 38.658774053452369 ], [ -121.534696375333667, 38.659634211350358 ], [ -121.535004338073506, 38.660494368519203 ], [ -121.535312308062203, 38.661354524959087 ], [ -121.535620285300013, 38.662214680670168 ], [ -121.534501820811357, 38.662451529123622 ], [ -121.533383349073603, 38.66268836745666 ], [ -121.533075396166552, 38.661828206149238 ], [ -121.532767450508132, 38.660968044113297 ], [ -121.531648995852791, 38.661204866729847 ], [ -121.531341069608004, 38.660344701167396 ], [ -121.532459512098086, 38.660107881348637 ], [ -121.532151580936173, 38.659247717855088 ], [ -121.531843657022122, 38.658387553632444 ], [ -121.532962067934747, 38.658150729288764 ], [ -121.533270004013346, 38.659010890713773 ] ] ] } },
{ "type": "Feature", "properties": { "id": "6_21", "growth_scenario": "high", "market_gravity_weight": 100 }, "geometry": { "type": "Polygon", "coordinates": [ [ [ -121.472778140549082, 38.678279828395688 ], [ -121.473897047158147, 38.678043538452194 ], [ -121.474204371702939, 38.678903847841681 ], [ -121.474511703484652, 38.679764156509918 ], [ -121.473392772515012, 38.680000452041178 ], [ -121.473700099353223, 38.680860762782224 ], [ -121.474007433428653, 38.681721072802375 ], [ -121.474314774741529, 38.682581382101823 ], [ -121.474622123292079, 38.68344169068078 ], [ -121.473503136360421, 38.683677987262385 ], [ -121.473195799991501, 38.682817675889162 ], [ -121.472888470860028, 38.681957363795512 ], [ -121.472581148965759, 38.681097050981251 ], [ -121.471462191341317, 38.681333329053906 ], [ -121.471154888865144, 38.680473012725017 ], [ -121.47227383430841, 38.680236737446215 ], [ -121.471966526887783, 38.679376423190277 ], [ -121.471659226703579, 38.678516108213188 ], [ -121.471351933755585, 38.677655792514834 ], [ -121.472470835420907, 38.677419515490946 ], [ -121.472778140549082, 38.678279828395688 ] ] ] } },
{ "type": "Feature", "properties": { "id": "6_22", "growth_scenario": "high", "market_gravity_weight": 100 }, "geometry": { "type": "Polygon", "coordinates": [ [ [ -121.986938721347485, 37.495423020362445 ], [ -121.987247091128623, 37.496282166957847 ], [ -121.986147641700626, 37.496523135880174 ], [ -121.986456006897782, 37.497382284196618 ], [ -121.985356538615406, 37.497623245887176 ], [ -121.985048185137657, 37.496764094845368 ], [ -121.983948721439987, 37.497005043853356 ], [ -121.983640386816376, 37.496145889082193 ], [ -121.983332059327054, 37.495286733306699 ], [ -121.983023738971738, 37.494427576526753 ], [ -121.984123167511868, 37.494186635693978 ], [ -121.985222588917978, 37.493945684904205 ], [ -121.986322003189827, 37.493704724157524 ], [ -121.986630358701305, 37.494563872762349 ], [ -121.986938721347485, 37.495423020362445 ] ] ] } },
{ "type": "Feature", "properties": { "id": "6_23", "growth_scenario": "high", "market_gravity_weight": 100 }, "geometry": { "type": "Polygon", "coordinates": [ [ [ -121.53743563910426, 38.657203330714921 ], [ -121.538554013775169, 38.656966455772157 ], [ -121.538862010672744, 38.657826603207674 ], [ -121.539170014819632, 38.658686749913493 ], [ -121.538051615821871, 38.658923630452513 ], [ -121.53835961505456, 38.659783779226956 ], [ -121.53724119664345, 38.66002065244443 ], [ -121.537549190961442, 38.660880803287846 ], [ -121.5364307531365, 38.661117669183582 ], [ -121.536122770983027, 38.660257515541829 ], [ -121.535814796078654, 38.659397361171052 ], [ -121.535506828423138, 38.658537206071024 ], [ -121.535198868016181, 38.657677050241503 ], [ -121.536317257184507, 38.657440195538079 ], [ -121.536009291862342, 38.656580041776813 ], [ -121.537127661618797, 38.656343179751509 ], [ -121.53743563910426, 38.657203330714921 ] ] ] } },
{ "type": "Feature", "properties": { "id": "6_24", "growth_scenario": "high", "market_gravity_weight": 100 }, "geometry": { "type": "Polygon", "coordinates": [ [ [ -121.537046739191695, 38.662837974280436 ], [ -121.537354743093928, 38.66369812573587 ], [ -121.53766275424627, 38.664558276462927 ], [ -121.536544260510524, 38.664795143432293 ], [ -121.536852266747204, 38.665655296229914 ], [ -121.535733753595181, 38.665892155877316 ], [ -121.534615233193009, 38.666129005403874 ], [ -121.534307251288993, 38.665268847009102 ], [ -121.53399927663456, 38.66440868788635 ], [ -121.533691309229539, 38.663548528035612 ], [ -121.533383349073603, 38.66268836745666 ], [ -121.534501820811357, 38.662451529123622 ], [ -121.535620285300013, 38.662214680670168 ], [ -121.535928269787163, 38.663074835652615 ], [ -121.537046739191695, 38.662837974280436 ] ] ] } },
{ "type": "Feature", "properties": { "id": "6_25", "growth_scenario": "high", "market_gravity_weight": 100 }, "geometry": { "type": "Polygon", "coordinates": [ [ [ -121.527050248496749, 38.621463010024591 ], [ -121.528168110200468, 38.621226229469208 ], [ -121.528475834397199, 38.622086401386134 ], [ -121.529593701014349, 38.621849607921455 ], [ -121.529901444603624, 38.622709776307765 ], [ -121.528783565833493, 38.622946572566079 ], [ -121.529091304509606, 38.623806743009141 ], [ -121.527973406346192, 38.624043531945162 ], [ -121.526855500942943, 38.624280310764945 ], [ -121.526547786574, 38.623420134734616 ], [ -121.525429886085149, 38.623656900644711 ], [ -121.525122191109304, 38.622796721084448 ], [ -121.524814503372298, 38.621936540787537 ], [ -121.525932379553936, 38.621699780464027 ], [ -121.525624686902304, 38.62083960222342 ], [ -121.526742543692095, 38.620602834577141 ], [ -121.527050248496749, 38.621463010024591 ] ] ] } },
{ "type": "Feature", "properties": { "id": "6_26", "growth_scenario": "high", "market_gravity_weight": 100 }, "geometry": { "type": "Polygon", "coordinates": [ [ [ -121.800100509886121, 37.33706541481137 ], [ -121.800406065974201, 37.337925077752729 ], [ -121.80150377176227, 37.337685776164044 ], [ -121.80180934660622, 37.338545435386095 ], [ -121.802114928509582, 37.339405093581405 ], [ -121.801017199327376, 37.33964440055523 ], [ -121.7999194630858, 37.339883697579161 ], [ -121.798821719785039, 37.340122984653185 ], [ -121.798516172973947, 37.339263318380191 ], [ -121.797418434312149, 37.339502592811691 ], [ -121.797112906257411, 37.338642922820043 ], [ -121.798210633221572, 37.338403651080831 ], [ -121.797905100527601, 37.337543982754902 ], [ -121.799002808736077, 37.337304703757994 ], [ -121.798697271403412, 37.336445037097526 ], [ -121.799794960856701, 37.336205750843156 ], [ -121.800100509886121, 37.33706541481137 ] ] ] } },
{ "type": "Feature", "properties": { "id": "6_27", "growth_scenario": "high", "market_gravity_weight": 100 }, "geometry": { "type": "Polygon", "coordinates": [ [ [ -122.08270973413822, 37.316794009345543 ], [ -122.083018469140995, 37.317652962985711 ], [ -122.083327211268227, 37.318511915578839 ], [ -122.082230698942411, 37.318753767092375 ], [ -122.081921968463789, 37.317894811782281 ], [ -122.080825460662354, 37.318136650647446 ], [ -122.079728945736875, 37.318378479581064 ], [ -122.079420245680097, 37.317519517790601 ], [ -122.078323735279966, 37.317761334076025 ], [ -122.077227217756459, 37.318003140429752 ], [ -122.076918548121341, 37.317144172159558 ], [ -122.078015053995671, 37.316902368522214 ], [ -122.079111552746909, 37.316660554953273 ], [ -122.080208044374785, 37.31641873145292 ], [ -122.08130452887913, 37.316176898021141 ], [ -122.082401006259673, 37.315935054658134 ], [ -122.083497476516243, 37.315693201363871 ], [ -122.083806216042746, 37.316552153334499 ], [ -122.08270973413822, 37.316794009345543 ] ] ] } },
{ "type": "Feature", "properties": { "id": "6_28", "growth_scenario": "high", "market_gravity_weight": 100 }, "geometry": { "type": "Polygon", "coordinates": [ [ [ -122.085211449121701, 37.317169235598527 ], [ -122.085520214545539, 37.318028182757473 ], [ -122.084423716469345, 37.318270054133833 ], [ -122.084732477369954, 37.319129002962846 ], [ -122.083635960520198, 37.319370867125038 ], [ -122.082539436545503, 37.319612721355639 ], [ -122.08284818127332, 37.32047167457231 ], [ -122.081751638524537, 37.32071352158836 ], [ -122.081442905446053, 37.319854565654651 ], [ -122.080346367222091, 37.320096400021953 ], [ -122.080037652917454, 37.319237440324763 ], [ -122.081134179492082, 37.318995608674392 ], [ -122.082230698942411, 37.318753767092375 ], [ -122.083327211268227, 37.318511915578839 ], [ -122.083018469140995, 37.317652962985711 ], [ -122.08270973413822, 37.316794009345543 ], [ -122.083806216042746, 37.316552153334499 ], [ -122.084902690822815, 37.316310287392255 ], [ -122.085999158478202, 37.316068411518941 ], [ -122.086307928424816, 37.316927357008112 ], [ -122.085211449121701, 37.317169235598527 ] ] ] } },
{ "type": "Feature", "properties": { "id": "6_29", "growth_scenario": "high", "market_gravity_weight": 100 }, "geometry": { "type": "Polygon", "coordinates": [ [ [ -121.541956294321523, 38.639588715923402 ], [ -121.543074384884235, 38.639351800267256 ], [ -121.543382360756567, 38.640211935700648 ], [ -121.544500456229017, 38.639975007130531 ], [ -121.544808451505077, 38.640835139033143 ], [ -121.54369034387588, 38.641072070400178 ], [ -121.543998334242403, 38.641932204365972 ], [ -121.542880207208754, 38.642169128412689 ], [ -121.541762072927853, 38.642406042341918 ], [ -121.540643931399984, 38.642642946153558 ], [ -121.540335977505876, 38.641782803797192 ], [ -121.540028030858281, 38.640922660707353 ], [ -121.541146148070922, 38.640685762489198 ], [ -121.540838196512354, 38.639825621462386 ], [ -121.5405302522, 38.63896547970171 ], [ -121.541648337852408, 38.638728576959267 ], [ -121.541956294321523, 38.639588715923402 ] ] ] } },
{ "type": "Feature", "properties": { "id": "6_3", "growth_scenario": "high", "market_gravity_weight": 100 }, "geometry": { "type": "Polygon", "coordinates": [ [ [ -121.937860595924974, 37.424626813150724 ], [ -121.938168104723786, 37.425486103063086 ], [ -121.938475620632119, 37.426345391958961 ], [ -121.937377047673067, 37.426585925179992 ], [ -121.936278467604481, 37.426826448449006 ], [ -121.93597097510478, 37.425967154125367 ], [ -121.93566348971413, 37.425107858785559 ], [ -121.934564925945367, 37.425348366675109 ], [ -121.934257459367785, 37.424489067605506 ], [ -121.933949999898545, 37.423629767519465 ], [ -121.935048540259103, 37.423389265056741 ], [ -121.936147073511279, 37.423148752642334 ], [ -121.937245599654901, 37.422908230276256 ], [ -121.937553094235426, 37.423767522221894 ], [ -121.937860595924974, 37.424626813150724 ] ] ] } },
{ "type": "Feature", "properties": { "id": "6_30", "growth_scenario": "high", "market_gravity_weight": 100 }, "geometry": { "type": "Polygon", "coordinates": [ [ [ -121.532444955558489, 38.623096315505215 ], [ -121.53356282476021, 38.62285948610549 ], [ -121.533870619288734, 38.62371964463599 ], [ -121.534988493401897, 38.623482802326407 ], [ -121.53529630732443, 38.624342957325645 ], [ -121.534178421058556, 38.624579802429508 ], [ -121.534486230069874, 38.625439959486229 ], [ -121.533368324409309, 38.625676797268547 ], [ -121.532250411507206, 38.625913624934888 ], [ -121.531942626802518, 38.625053462289586 ], [ -121.530824718812781, 38.6252902770456 ], [ -121.530516953502584, 38.624430110869632 ], [ -121.53020919543296, 38.623569943957101 ], [ -121.531327079115997, 38.623333134789071 ], [ -121.53101931613368, 38.622472969933547 ], [ -121.532137180423447, 38.622236153443573 ], [ -121.532444955558489, 38.623096315505215 ] ] ] } },
{ "type": "Feature", "properties": { "id": "6_31", "growth_scenario": "high", "market_gravity_weight": 100 }, "geometry": { "type": "Polygon", "coordinates": [ [ [ -121.543268547594465, 38.636534472178063 ], [ -121.543576513883153, 38.637394607017811 ], [ -121.54388448741831, 38.638254741123049 ], [ -121.54419246820018, 38.639114874493885 ], [ -121.543074384884235, 38.639351800267256 ], [ -121.541956294321523, 38.639588715923402 ], [ -121.541648337852408, 38.638728576959267 ], [ -121.5405302522, 38.63896547970171 ], [ -121.540222315133647, 38.638105337207051 ], [ -121.53991438531304, 38.63724519397816 ], [ -121.53960646273795, 38.636385050014916 ], [ -121.540724511921539, 38.636148155661317 ], [ -121.54184255385961, 38.635911251190819 ], [ -121.542150500746558, 38.636771389561638 ], [ -121.543268547594465, 38.636534472178063 ] ] ] } },
{ "type": "Feature", "properties": { "id": "6_32", "growth_scenario": "high", "market_gravity_weight": 100 }, "geometry": { "type": "Polygon", "coordinates": [ [ [ -121.536414186348509, 38.624106102105991 ], [ -121.537532058130594, 38.623869236770659 ], [ -121.537839903600045, 38.6247293854438 ], [ -121.538147756311929, 38.62558953337993 ], [ -121.537029860224706, 38.62582640430459 ], [ -121.537337708026428, 38.626686554298779 ], [ -121.53621979254352, 38.626923417902361 ], [ -121.535101869818106, 38.627160271389876 ], [ -121.534794046323, 38.626300115806281 ], [ -121.533676128508986, 38.626536956383092 ], [ -121.533368324409309, 38.625676797268547 ], [ -121.534486230069874, 38.625439959486229 ], [ -121.534178421058556, 38.624579802429508 ], [ -121.53529630732443, 38.624342957325645 ], [ -121.534988493401897, 38.623482802326407 ], [ -121.536106360273536, 38.62324594990114 ], [ -121.536414186348509, 38.624106102105991 ] ] ] } },
{ "type": "Feature", "properties": { "id": "6_33", "growth_scenario": "high", "market_gravity_weight": 100 }, "geometry": { "type": "Polygon", "coordinates": [ [ [ -121.542846803666862, 38.631996873435575 ], [ -121.543154745881296, 38.632857009154691 ], [ -121.544272729617788, 38.632620082722916 ], [ -121.544580691231999, 38.633480214910385 ], [ -121.543462695341205, 38.633717144138281 ], [ -121.543770652046803, 38.63457727838653 ], [ -121.542652636755463, 38.63481420029418 ], [ -121.542344692204679, 38.633954063249739 ], [ -121.541226681822693, 38.634190972244696 ], [ -121.540108664195458, 38.634427871123023 ], [ -121.539800751200033, 38.633567727751533 ], [ -121.539492845449374, 38.632707583644752 ], [ -121.539184946943166, 38.631847438802723 ], [ -121.540302928105902, 38.631610548311741 ], [ -121.541420902024129, 38.631373647704351 ], [ -121.541728824839254, 38.63223378695502 ], [ -121.542846803666862, 38.631996873435575 ] ] ] } },
{ "type": "Feature", "properties": { "id": "6_34", "growth_scenario": "high", "market_gravity_weight": 100 }, "geometry": { "type": "Polygon", "coordinates": [ [ [ -121.545926551886808, 38.640598197548883 ], [ -121.547044645020847, 38.640361245947481 ], [ -121.547352671857553, 38.64122137152183 ], [ -121.547660705942491, 38.642081496362295 ], [ -121.546542588495242, 38.642318453558246 ], [ -121.546850617671637, 38.643178580462425 ], [ -121.545732480818998, 38.64341553033843 ], [ -121.544614336718141, 38.643652470096981 ], [ -121.544306331856433, 38.642792337598202 ], [ -121.543188192665284, 38.643029264441992 ], [ -121.542880207208754, 38.642169128412689 ], [ -121.543998334242403, 38.641932204365972 ], [ -121.54369034387588, 38.641072070400178 ], [ -121.544808451505077, 38.640835139033143 ], [ -121.544500456229017, 38.639975007130531 ], [ -121.545618544454271, 38.6397380684433 ], [ -121.545926551886808, 38.640598197548883 ] ] ] } },
{ "type": "Feature", "properties": { "id": "6_35", "growth_scenario": "high", "market_gravity_weight": 100 }, "geometry": { "type": "Polygon", "coordinates": [ [ [ -121.531521651874741, 38.620515827108527 ], [ -121.532639484619736, 38.620279006090477 ], [ -121.533757310124486, 38.620042174956936 ], [ -121.53406509508244, 38.620902332905594 ], [ -121.535182925498134, 38.620665488862826 ], [ -121.535490729848604, 38.621525643279789 ], [ -121.534372887281151, 38.621762490116552 ], [ -121.53468068672089, 38.622622646590131 ], [ -121.53356282476021, 38.62285948610549 ], [ -121.532444955558489, 38.623096315505215 ], [ -121.532137180423447, 38.622236153443573 ], [ -121.53101931613368, 38.622472969933547 ], [ -121.53071156039168, 38.621612804340927 ], [ -121.530403811889698, 38.620752638011091 ], [ -121.53009607062755, 38.619892470943768 ], [ -121.531213898460578, 38.619655662834795 ], [ -121.531521651874741, 38.620515827108527 ] ] ] } },
{ "type": "Feature", "properties": { "id": "6_36", "growth_scenario": "high", "market_gravity_weight": 100 }, "geometry": { "type": "Polygon", "coordinates": [ [ [ -121.825977104524014, 37.29344082958994 ], [ -121.824880129601539, 37.293680356317459 ], [ -121.823783147622493, 37.293919873101565 ], [ -121.824088800062356, 37.294779489538925 ], [ -121.822991799347136, 37.295018999069967 ], [ -121.821894791575545, 37.295258498657397 ], [ -121.820797776747838, 37.295497988301172 ], [ -121.820492159348404, 37.294638363792892 ], [ -121.821589162495712, 37.294398876839374 ], [ -121.821283540471768, 37.293539253984356 ], [ -121.8223805248833, 37.293299759777383 ], [ -121.8220748982353, 37.292440138575209 ], [ -121.823171863911526, 37.292200637114988 ], [ -121.824268822531906, 37.291961125711431 ], [ -121.825365774096227, 37.291721604364696 ], [ -121.825671435781857, 37.292581217496149 ], [ -121.825977104524014, 37.29344082958994 ] ] ] } },
{ "type": "Feature", "properties": { "id": "6_37", "growth_scenario": "high", "market_gravity_weight": 100 }, "geometry": { "type": "Polygon", "coordinates": [ [ [ -121.546930647414442, 38.636683785776796 ], [ -121.54581261015089, 38.636920736307175 ], [ -121.546120607997324, 38.637780864818993 ], [ -121.545002551331294, 38.638017808029424 ], [ -121.545310544269185, 38.638877938603514 ], [ -121.54419246820018, 38.639114874493885 ], [ -121.54388448741831, 38.638254741123049 ], [ -121.543576513883153, 38.637394607017811 ], [ -121.543268547594465, 38.636534472178063 ], [ -121.542150500746558, 38.636771389561638 ], [ -121.54184255385961, 38.635911251190819 ], [ -121.542960588551978, 38.63567433660355 ], [ -121.544078615998373, 38.635437411899581 ], [ -121.545196636198554, 38.635200477079032 ], [ -121.546314649152308, 38.634963532141974 ], [ -121.546622644659905, 38.635823659326888 ], [ -121.546930647414442, 38.636683785776796 ] ] ] } },
{ "type": "Feature", "properties": { "id": "6_38", "growth_scenario": "high", "market_gravity_weight": 100 }, "geometry": { "type": "Polygon", "coordinates": [ [ [ -121.548664728992023, 38.638167070231148 ], [ -121.548972765644351, 38.639027191679702 ], [ -121.549280809544854, 38.639887312393668 ], [ -121.548162730906938, 38.640124284229053 ], [ -121.547044645020847, 38.640361245947481 ], [ -121.545926551886808, 38.640598197548883 ], [ -121.545618544454271, 38.6397380684433 ], [ -121.544500456229017, 38.639975007130531 ], [ -121.543382360756567, 38.640211935700648 ], [ -121.543074384884235, 38.639351800267256 ], [ -121.54419246820018, 38.639114874493885 ], [ -121.545310544269185, 38.638877938603514 ], [ -121.545002551331294, 38.638017808029424 ], [ -121.546120607997324, 38.637780864818993 ], [ -121.547238657416159, 38.637543911491804 ], [ -121.547546674665327, 38.638404036472046 ], [ -121.548664728992023, 38.638167070231148 ] ] ] } },
{ "type": "Feature", "properties": { "id": "6_39", "growth_scenario": "high", "market_gravity_weight": 100 }, "geometry": { "type": "Polygon", "coordinates": [ [ [ -121.536608565174788, 38.621288786327547 ], [ -121.53772639325949, 38.621051919259983 ], [ -121.53803422915442, 38.621912067350799 ], [ -121.538342072291343, 38.622772214703986 ], [ -121.538649922670459, 38.623632361319707 ], [ -121.537532058130594, 38.623869236770659 ], [ -121.536414186348509, 38.624106102105991 ], [ -121.536106360273536, 38.62324594990114 ], [ -121.534988493401897, 38.623482802326407 ], [ -121.533870619288734, 38.62371964463599 ], [ -121.53356282476021, 38.62285948610549 ], [ -121.53468068672089, 38.622622646590131 ], [ -121.534372887281151, 38.621762490116552 ], [ -121.535490729848604, 38.621525643279789 ], [ -121.535182925498134, 38.620665488862826 ], [ -121.536300748672858, 38.620428634704709 ], [ -121.536608565174788, 38.621288786327547 ] ] ] } },
{ "type": "Feature", "properties": { "id": "6_4", "growth_scenario": "high", "market_gravity_weight": 100 }, "geometry": { "type": "Polygon", "coordinates": [ [ [ -121.929555767377408, 37.424591677850941 ], [ -121.929863180028221, 37.425450988789791 ], [ -121.930170599786493, 37.426310298712679 ], [ -121.930478026652494, 37.427169607619867 ], [ -121.930785460626396, 37.428028915511383 ], [ -121.93109290170851, 37.428888222387492 ], [ -121.929994267281344, 37.429128688656235 ], [ -121.929686837905322, 37.428269379066698 ], [ -121.929379415637285, 37.427410068461796 ], [ -121.92828079751439, 37.427650519351239 ], [ -121.927973394059933, 37.426791205017707 ], [ -121.926874780535655, 37.427031643241435 ], [ -121.926567395894395, 37.426172325179451 ], [ -121.927665997712751, 37.425931889668625 ], [ -121.928764592424102, 37.425691444205398 ], [ -121.9284571914785, 37.424832130553511 ], [ -121.92814979763989, 37.423972815885733 ], [ -121.929248361833814, 37.423732365895972 ], [ -121.930346918920762, 37.423491905954151 ], [ -121.930654336169098, 37.424351215196126 ], [ -121.929555767377408, 37.424591677850941 ] ] ] } },
{ "type": "Feature", "properties": { "id": "6_40", "growth_scenario": "high", "market_gravity_weight": 100 }, "geometry": { "type": "Polygon", "coordinates": [ [ [ -121.534259555891765, 38.618085021184932 ], [ -121.534567338519992, 38.618945177815561 ], [ -121.534875128388677, 38.619805333708143 ], [ -121.535992939412139, 38.619568482344043 ], [ -121.536300748672858, 38.620428634704709 ], [ -121.535182925498134, 38.620665488862826 ], [ -121.53406509508244, 38.620902332905594 ], [ -121.533757310124486, 38.620042174956936 ], [ -121.532639484619736, 38.620279006090477 ], [ -121.531521651874741, 38.620515827108527 ], [ -121.531213898460578, 38.619655662834795 ], [ -121.530906152286192, 38.618795497823349 ], [ -121.530598413351342, 38.617935332074012 ], [ -121.5317162096418, 38.617698519436452 ], [ -121.532833998692695, 38.617461696683797 ], [ -121.533141761929869, 38.618321856846229 ], [ -121.534259555891765, 38.618085021184932 ] ] ] } },
{ "type": "Feature", "properties": { "id": "6_41", "growth_scenario": "high", "market_gravity_weight": 100 }, "geometry": { "type": "Polygon", "coordinates": [ [ [ -121.541728824839254, 38.63223378695502 ], [ -121.541420902024129, 38.631373647704351 ], [ -121.542538868697633, 38.631136736980778 ], [ -121.543656828126188, 38.630899816140989 ], [ -121.544774780309524, 38.630662885185096 ], [ -121.545892725247441, 38.630425944113291 ], [ -121.547010662939684, 38.630188992925561 ], [ -121.547318646522825, 38.631049118196209 ], [ -121.54762663735211, 38.6319092427306 ], [ -121.546508675353437, 38.632146199510835 ], [ -121.545390706108591, 38.632383146174966 ], [ -121.545698679876878, 38.633243275566144 ], [ -121.544580691231999, 38.633480214910385 ], [ -121.544272729617788, 38.632620082722916 ], [ -121.543154745881296, 38.632857009154691 ], [ -121.542846803666862, 38.631996873435575 ], [ -121.541728824839254, 38.63223378695502 ] ] ] } },
{ "type": "Feature", "properties": { "id": "6_42", "growth_scenario": "high", "market_gravity_weight": 100 }, "geometry": { "type": "Polygon", "coordinates": [ [ [ -121.550170561992118, 38.632295417027763 ], [ -121.550478591621371, 38.633155534497078 ], [ -121.549360619809363, 38.633392517102415 ], [ -121.548242640750217, 38.633629489591669 ], [ -121.548550653319481, 38.634489611918674 ], [ -121.547432654859364, 38.634726577088465 ], [ -121.547124654444104, 38.633866451964842 ], [ -121.546006660891379, 38.634103404221776 ], [ -121.544888660092184, 38.634340346362364 ], [ -121.543770652046803, 38.63457727838653 ], [ -121.543462695341205, 38.633717144138281 ], [ -121.544580691231999, 38.633480214910385 ], [ -121.545698679876878, 38.633243275566144 ], [ -121.545390706108591, 38.632383146174966 ], [ -121.546508675353437, 38.632146199510835 ], [ -121.54762663735211, 38.6319092427306 ], [ -121.54874459210437, 38.631672275834426 ], [ -121.549052602333404, 38.632532396836403 ], [ -121.550170561992118, 38.632295417027763 ] ] ] } },
{ "type": "Feature", "properties": { "id": "6_43", "growth_scenario": "high", "market_gravity_weight": 100 }, "geometry": { "type": "Polygon", "coordinates": [ [ [ -121.539265645156419, 38.625352652339558 ], [ -121.540383526757935, 38.625115761183487 ], [ -121.541501401116236, 38.624878859911824 ], [ -121.542619268231078, 38.624641948524769 ], [ -121.542927176794919, 38.625502084543889 ], [ -121.544045048817765, 38.625265160246144 ], [ -121.5451629135964, 38.625028225833034 ], [ -121.545470853707769, 38.625888355524147 ], [ -121.545778801063804, 38.626748484478128 ], [ -121.544660911981595, 38.626985424482299 ], [ -121.543543015654706, 38.62722235437095 ], [ -121.5432350926027, 38.626362219825907 ], [ -121.542117201183771, 38.626599136803449 ], [ -121.540999302520873, 38.626836043665399 ], [ -121.539881396614291, 38.627072940411594 ], [ -121.539573517263747, 38.626212796743943 ], [ -121.539265645156419, 38.625352652339558 ] ] ] } },
{ "type": "Feature", "properties": { "id": "6_44", "growth_scenario": "high", "market_gravity_weight": 100 }, "geometry": { "type": "Polygon", "coordinates": [ [ [ -121.54774066252152, 38.635586701476761 ], [ -121.548858673135939, 38.635349733510154 ], [ -121.549166700199805, 38.636209854366399 ], [ -121.550284715721105, 38.635972873486544 ], [ -121.550592762187151, 38.636832990810483 ], [ -121.550900815901343, 38.637693107399407 ], [ -121.549782776070757, 38.637930093873535 ], [ -121.548664728992023, 38.638167070231148 ], [ -121.547546674665327, 38.638404036472046 ], [ -121.547238657416159, 38.637543911491804 ], [ -121.546120607997324, 38.637780864818993 ], [ -121.54581261015089, 38.636920736307175 ], [ -121.546930647414442, 38.636683785776796 ], [ -121.546622644659905, 38.635823659326888 ], [ -121.546314649152308, 38.634963532141974 ], [ -121.547432654859364, 38.634726577088465 ], [ -121.54774066252152, 38.635586701476761 ] ] ] } },
{ "type": "Feature", "properties": { "id": "6_45", "growth_scenario": "high", "market_gravity_weight": 100 }, "geometry": { "type": "Polygon", "coordinates": [ [ [ -121.550398880934353, 38.639650330441548 ], [ -121.551516945075193, 38.639413338372634 ], [ -121.551825020535333, 38.640273452757256 ], [ -121.55070694423901, 38.640510447623768 ], [ -121.551015014792597, 38.641370564071693 ], [ -121.549896919091395, 38.641607551618932 ], [ -121.550204984737917, 38.642467670130429 ], [ -121.549086869631324, 38.642704650358354 ], [ -121.547968747275831, 38.642941620468996 ], [ -121.547660705942491, 38.642081496362295 ], [ -121.547352671857553, 38.64122137152183 ], [ -121.547044645020847, 38.640361245947481 ], [ -121.548162730906938, 38.640124284229053 ], [ -121.549280809544854, 38.639887312393668 ], [ -121.548972765644351, 38.639027191679702 ], [ -121.550090824878353, 38.638790212524839 ], [ -121.550398880934353, 38.639650330441548 ] ] ] } },
{ "type": "Feature", "properties": { "id": "6_46", "growth_scenario": "high", "market_gravity_weight": 100 }, "geometry": { "type": "Polygon", "coordinates": [ [ [ -121.541387706410134, 38.621201397073598 ], [ -121.542505517676958, 38.620964486751049 ], [ -121.543623321700835, 38.620727566313555 ], [ -121.543931225592615, 38.621587699693158 ], [ -121.542813409418244, 38.62182462292558 ], [ -121.543121308402704, 38.622684758362183 ], [ -121.54200347283421, 38.622921674274423 ], [ -121.542311366910923, 38.623781811768325 ], [ -121.541193511947768, 38.624018720360354 ], [ -121.540075649741411, 38.624255618837019 ], [ -121.539767779967846, 38.62339547575332 ], [ -121.539459917437, 38.622535331932262 ], [ -121.539152062148631, 38.621675187373569 ], [ -121.540269887900607, 38.621438297281195 ], [ -121.539962027703467, 38.620578154779281 ], [ -121.541079834062259, 38.620341257366356 ], [ -121.541387706410134, 38.621201397073598 ] ] ] } },
{ "type": "Feature", "properties": { "id": "6_47", "growth_scenario": "high", "market_gravity_weight": 100 }, "geometry": { "type": "Polygon", "coordinates": [ [ [ -121.551710782614833, 38.636595997017153 ], [ -121.552828795794127, 38.636358993107585 ], [ -121.553136873817095, 38.637219104101767 ], [ -121.554254891901778, 38.636982087278476 ], [ -121.554562989327891, 38.637842194739981 ], [ -121.553444959088964, 38.638079214360836 ], [ -121.552326921600894, 38.638316223865331 ], [ -121.552635001967147, 38.639176336187056 ], [ -121.551516945075193, 38.639413338372634 ], [ -121.550398880934353, 38.639650330441548 ], [ -121.550090824878353, 38.638790212524839 ], [ -121.548972765644351, 38.639027191679702 ], [ -121.548664728992023, 38.638167070231148 ], [ -121.549782776070757, 38.637930093873535 ], [ -121.550900815901343, 38.637693107399407 ], [ -121.550592762187151, 38.636832990810483 ], [ -121.550284715721105, 38.635972873486544 ], [ -121.551402723994514, 38.635735882490401 ], [ -121.551710782614833, 38.636595997017153 ] ] ] } },
{ "type": "Feature", "properties": { "id": "6_48", "growth_scenario": "high", "market_gravity_weight": 100 }, "geometry": { "type": "Polygon", "coordinates": [ [ [ -121.554369258400286, 38.640659540728805 ], [ -121.554677372670142, 38.641519648048984 ], [ -121.553559286561665, 38.641756668744684 ], [ -121.552441193203308, 38.641993679323498 ], [ -121.55274929041164, 38.642853791505523 ], [ -121.553867395925948, 38.642616778128669 ], [ -121.554175512540354, 38.643476886778586 ], [ -121.553057394869853, 38.643713902953607 ], [ -121.553365506578231, 38.644574013667949 ], [ -121.552247369500918, 38.644811022523996 ], [ -121.55193926994923, 38.643950909011522 ], [ -121.551631177647451, 38.643090794765371 ], [ -121.551323092595325, 38.64223067978552 ], [ -121.550204984737917, 38.642467670130429 ], [ -121.549896919091395, 38.641607551618932 ], [ -121.551015014792597, 38.641370564071693 ], [ -121.55070694423901, 38.640510447623768 ], [ -121.551825020535333, 38.640273452757256 ], [ -121.552943089582513, 38.640036447774023 ], [ -121.553251184447262, 38.640896558626508 ], [ -121.554369258400286, 38.640659540728805 ] ] ] } },
{ "type": "Feature", "properties": { "id": "6_49", "growth_scenario": "high", "market_gravity_weight": 100 }, "geometry": { "type": "Polygon", "coordinates": [ [ [ -121.546394717510907, 38.628468740175173 ], [ -121.547512623652253, 38.628231784463857 ], [ -121.548630522547938, 38.627994818636978 ], [ -121.548938515943973, 38.628854939788276 ], [ -121.55005641974563, 38.628617961049812 ], [ -121.550364432539951, 38.629478078668022 ], [ -121.549246516586166, 38.629715060202834 ], [ -121.549554524474757, 38.6305751798808 ], [ -121.548436589121977, 38.630812154096397 ], [ -121.547318646522825, 38.631049118196209 ], [ -121.547010662939684, 38.630188992925561 ], [ -121.545892725247441, 38.630425944113291 ], [ -121.545584761063083, 38.629565815310286 ], [ -121.545276804124157, 38.628705685770896 ], [ -121.544968854430422, 38.627845555494986 ], [ -121.546086755664803, 38.627608612695077 ], [ -121.546394717510907, 38.628468740175173 ] ] ] } },
{ "type": "Feature", "properties": { "id": "6_5", "growth_scenario": "high", "market_gravity_weight": 100 }, "geometry": { "type": "Polygon", "coordinates": [ [ [ -121.489731276173472, 38.661744884766371 ], [ -121.490849874813676, 38.661508441570852 ], [ -121.491157329379817, 38.662368708009531 ], [ -121.490038718567547, 38.662605153998854 ], [ -121.49034616819938, 38.663465422505496 ], [ -121.489227537976774, 38.663701861165578 ], [ -121.488920100517518, 38.66284158986511 ], [ -121.487801475229986, 38.663078015608157 ], [ -121.487494057180811, 38.662217740788321 ], [ -121.486375436828851, 38.662454153614618 ], [ -121.486068038189302, 38.6615938752755 ], [ -121.485760646786304, 38.660733596210541 ], [ -121.486879242793336, 38.660497188971057 ], [ -121.487997831563874, 38.660260771608584 ], [ -121.489116413097605, 38.660024344123173 ], [ -121.489423841016929, 38.660884614807884 ], [ -121.489731276173472, 38.661744884766371 ] ] ] } },
{ "type": "Feature", "properties": { "id": "6_50", "growth_scenario": "high", "market_gravity_weight": 100 }, "geometry": { "type": "Polygon", "coordinates": [ [ [ -121.550284715721105, 38.635972873486544 ], [ -121.549166700199805, 38.636209854366399 ], [ -121.548858673135939, 38.635349733510154 ], [ -121.549976676502965, 38.635112755427301 ], [ -121.551094672622327, 38.634875767228223 ], [ -121.552212661493812, 38.634638768912993 ], [ -121.552520725019761, 38.635498881378034 ], [ -121.553638718796662, 38.635261870149584 ], [ -121.554756705324948, 38.635024848805074 ], [ -121.555874684604362, 38.634787817344659 ], [ -121.556182791839277, 38.635647920681912 ], [ -121.556490906323575, 38.636508023283461 ], [ -121.555372902737361, 38.636745060339024 ], [ -121.554254891901778, 38.636982087278476 ], [ -121.553136873817095, 38.637219104101767 ], [ -121.552828795794127, 38.636358993107585 ], [ -121.551710782614833, 38.636595997017153 ], [ -121.551402723994514, 38.635735882490401 ], [ -121.550284715721105, 38.635972873486544 ] ] ] } },
{ "type": "Feature", "properties": { "id": "6_51", "growth_scenario": "high", "market_gravity_weight": 100 }, "geometry": { "type": "Polygon", "coordinates": [ [ [ -121.551288514403652, 38.632058427103338 ], [ -121.552406459567834, 38.631821427063088 ], [ -121.552714513502991, 38.632681538938684 ], [ -121.553832463572107, 38.632444525985782 ], [ -121.554140536907937, 38.633304634328283 ], [ -121.554448617492127, 38.634164741934605 ], [ -121.55333064311715, 38.634401760481765 ], [ -121.552212661493812, 38.634638768912993 ], [ -121.551904605215967, 38.633778655712327 ], [ -121.550786628498031, 38.63401565123052 ], [ -121.54966864453246, 38.634252636632652 ], [ -121.548550653319481, 38.634489611918674 ], [ -121.548242640750217, 38.633629489591669 ], [ -121.549360619809363, 38.633392517102415 ], [ -121.550478591621371, 38.633155534497078 ], [ -121.550170561992118, 38.632295417027763 ], [ -121.54986253960999, 38.631435298822396 ], [ -121.550980479868713, 38.631198311694611 ], [ -121.551288514403652, 38.632058427103338 ] ] ] } },
{ "type": "Feature", "properties": { "id": "6_52", "growth_scenario": "high", "market_gravity_weight": 100 }, "geometry": { "type": "Polygon", "coordinates": [ [ [ -121.55148234124708, 38.629241087017704 ], [ -121.551790373440127, 38.630101201102761 ], [ -121.552908287052261, 38.629864196540439 ], [ -121.553216338644518, 38.630724307092088 ], [ -121.552098412880298, 38.630961314451142 ], [ -121.552406459567834, 38.631821427063088 ], [ -121.551288514403652, 38.632058427103338 ], [ -121.550980479868713, 38.631198311694611 ], [ -121.54986253960999, 38.631435298822396 ], [ -121.550170561992118, 38.632295417027763 ], [ -121.549052602333404, 38.632532396836403 ], [ -121.54874459210437, 38.631672275834426 ], [ -121.54762663735211, 38.6319092427306 ], [ -121.547318646522825, 38.631049118196209 ], [ -121.548436589121977, 38.630812154096397 ], [ -121.549554524474757, 38.6305751798808 ], [ -121.549246516586166, 38.629715060202834 ], [ -121.550364432539951, 38.629478078668022 ], [ -121.55005641974563, 38.628617961049812 ], [ -121.551174316300902, 38.628380972195927 ], [ -121.55148234124708, 38.629241087017704 ] ] ] } },
{ "type": "Feature", "properties": { "id": "6_53", "growth_scenario": "high", "market_gravity_weight": 100 }, "geometry": { "type": "Polygon", "coordinates": [ [ [ -121.800122646549198, 37.28055738214595 ], [ -121.800427971072665, 37.281417062359175 ], [ -121.801524843982705, 37.281177755754001 ], [ -121.801830187233648, 37.282037432241687 ], [ -121.802135537533232, 37.282897107690886 ], [ -121.801038641264569, 37.283136419670349 ], [ -121.800733302644389, 37.28227674153392 ], [ -121.799636411006716, 37.282516040882783 ], [ -121.799331091114425, 37.281656359021021 ], [ -121.798234204108198, 37.281895645739489 ], [ -121.798539512320801, 37.282755330288111 ], [ -121.797442606586856, 37.282994609749842 ], [ -121.797137310054197, 37.282134922514345 ], [ -121.796040408952635, 37.282374189345639 ], [ -121.795735131147438, 37.281514498385413 ], [ -121.796832020569056, 37.281275234240731 ], [ -121.796526738131234, 37.280415544928843 ], [ -121.797623608826044, 37.280176273527253 ], [ -121.798720472473619, 37.279936992182272 ], [ -121.799025778270149, 37.280796676120922 ], [ -121.800122646549198, 37.28055738214595 ] ] ] } },
{ "type": "Feature", "properties": { "id": "6_54", "growth_scenario": "high", "market_gravity_weight": 100 }, "geometry": { "type": "Polygon", "coordinates": [ [ [ -121.55671987430685, 38.643862926397198 ], [ -121.557028029734852, 38.644723027982671 ], [ -121.555909902253291, 38.644960069988464 ], [ -121.556218052776245, 38.645820173638867 ], [ -121.555099905886891, 38.646057208326177 ], [ -121.553981751746406, 38.646294232896203 ], [ -121.5542898852067, 38.647154341410427 ], [ -121.553171711657924, 38.647391358661658 ], [ -121.552863590355031, 38.646531247348889 ], [ -121.552555476302771, 38.64567113530309 ], [ -121.552247369500918, 38.644811022523996 ], [ -121.553365506578231, 38.644574013667949 ], [ -121.553057394869853, 38.643713902953607 ], [ -121.554175512540354, 38.643476886778586 ], [ -121.555293622960477, 38.643239860486638 ], [ -121.555601758981439, 38.644099965604404 ], [ -121.55671987430685, 38.643862926397198 ] ] ] } },
{ "type": "Feature", "properties": { "id": "6_55", "growth_scenario": "high", "market_gravity_weight": 100 }, "geometry": { "type": "Polygon", "coordinates": [ [ [ -121.540464111093613, 38.618620975737159 ], [ -121.541581885909707, 38.618384073798289 ], [ -121.542699653483623, 38.618147161744744 ], [ -121.543007535646609, 38.619007297339458 ], [ -121.544125308127576, 38.618770372376765 ], [ -121.544433209682992, 38.619630504438213 ], [ -121.543315425052256, 38.619867432195726 ], [ -121.543623321700835, 38.620727566313555 ], [ -121.542505517676958, 38.620964486751049 ], [ -121.541387706410134, 38.621201397073598 ], [ -121.541079834062259, 38.620341257366356 ], [ -121.539962027703467, 38.620578154779281 ], [ -121.539654174748563, 38.619718011539369 ], [ -121.539346329035567, 38.618857867561267 ], [ -121.539038490564309, 38.617997722844834 ], [ -121.540156260472344, 38.617760833814955 ], [ -121.540464111093613, 38.618620975737159 ] ] ] } },
{ "type": "Feature", "properties": { "id": "6_6", "growth_scenario": "high", "market_gravity_weight": 100 }, "geometry": { "type": "Polygon", "coordinates": [ [ [ -121.483055078327368, 38.63632402593413 ], [ -121.484173309620118, 38.636087643467285 ], [ -121.484480578722241, 38.636947925452617 ], [ -121.483362335264857, 38.637184310710019 ], [ -121.48366959943337, 38.638044594754859 ], [ -121.483976870833118, 38.638904878068828 ], [ -121.48285859581425, 38.63914125878722 ], [ -121.481740313564075, 38.639377629384875 ], [ -121.480622024082891, 38.639613989861779 ], [ -121.480314789179957, 38.638753698175947 ], [ -121.480007561507563, 38.637893405759506 ], [ -121.481125826657276, 38.637657050863524 ], [ -121.480818594049808, 38.636796760506748 ], [ -121.481936839803836, 38.636560398280615 ], [ -121.481629602261748, 38.635700109983084 ], [ -121.482747828620617, 38.635463740426964 ], [ -121.483055078327368, 38.63632402593413 ] ] ] } },
{ "type": "Feature", "properties": { "id": "6_7", "growth_scenario": "high", "market_gravity_weight": 100 }, "geometry": { "type": "Polygon", "coordinates": [ [ [ -121.928895625745966, 37.429369144972291 ], [ -121.929994267281344, 37.429128688656235 ], [ -121.93109290170851, 37.428888222387492 ], [ -121.932191529027264, 37.428647746166156 ], [ -121.933290149237351, 37.428407259992255 ], [ -121.934388762338571, 37.428166763866031 ], [ -121.934696245646649, 37.42902606158566 ], [ -121.935003736064047, 37.429885358289809 ], [ -121.93390509955141, 37.430125859843812 ], [ -121.932806455929381, 37.430366351445223 ], [ -121.931707805198229, 37.430606833093947 ], [ -121.930609147358197, 37.430847304789957 ], [ -121.929510482409484, 37.431087766533089 ], [ -121.929203050523626, 37.430228456260174 ], [ -121.928895625745966, 37.429369144972291 ] ] ] } },
{ "type": "Feature", "properties": { "id": "6_8", "growth_scenario": "high", "market_gravity_weight": 100 }, "geometry": { "type": "Polygon", "coordinates": [ [ [ -121.493394529290129, 38.661895785662047 ], [ -121.493702015438188, 38.662756045786622 ], [ -121.492583406930308, 38.66299251481589 ], [ -121.492890888145013, 38.663852777008643 ], [ -121.493198376598457, 38.664713038475639 ], [ -121.492079736507236, 38.664949502970394 ], [ -121.492387220026885, 38.665809766506172 ], [ -121.491268560523864, 38.666046223671948 ], [ -121.49096108917729, 38.665185957341848 ], [ -121.490653625069214, 38.664325690286411 ], [ -121.489534982673788, 38.664562131740503 ], [ -121.489227537976774, 38.663701861165578 ], [ -121.49034616819938, 38.663465422505496 ], [ -121.490038718567547, 38.662605153998854 ], [ -121.491157329379817, 38.662368708009531 ], [ -121.492275932954072, 38.662132251897241 ], [ -121.491968466216107, 38.661271988252473 ], [ -121.493087050380566, 38.661035524811268 ], [ -121.493394529290129, 38.661895785662047 ] ] ] } },
{ "type": "Feature", "properties": { "id": "6_9", "growth_scenario": "high", "market_gravity_weight": 100 }, "geometry": { "type": "Polygon", "coordinates": [ [ [ -121.486375436828851, 38.662454153614618 ], [ -121.487494057180811, 38.662217740788321 ], [ -121.487801475229986, 38.663078015608157 ], [ -121.488920100517518, 38.66284158986511 ], [ -121.489227537976774, 38.663701861165578 ], [ -121.488108900516394, 38.663938289702408 ], [ -121.488416333040348, 38.664798563071194 ], [ -121.487297676169163, 38.665034984278435 ], [ -121.487605103757346, 38.665895259715803 ], [ -121.486486427474816, 38.66613167359337 ], [ -121.486179012060447, 38.665271395362133 ], [ -121.485871603883353, 38.664411116405894 ], [ -121.484752944711133, 38.664647514572366 ], [ -121.484445555944646, 38.663787232097398 ], [ -121.485564202943294, 38.663550836724404 ], [ -121.485256809240042, 38.66269055631755 ], [ -121.484949422773354, 38.661830275185103 ], [ -121.486068038189302, 38.6615938752755 ], [ -121.486375436828851, 38.662454153614618 ] ] ] } },
{ "type": "Feature", "properties": { "id": "8_0", "growth_scenario": "high", "market_gravity_weight": 100 }, "geometry": { "type": "Polygon", "coordinates": [ [ [ -104.784177880840019, 38.984646204790245 ], [ -104.784285434214183, 38.985534595497938 ], [ -104.784392990214641, 38.986422986233904 ], [ -104.784500548841493, 38.987311376998456 ], [ -104.783340249844727, 38.987393725664859 ], [ -104.783447797053043, 38.988282117474924 ], [ -104.782287481385026, 38.988364456312212 ], [ -104.78217994822181, 38.987476063485516 ], [ -104.781019643973082, 38.987558390460428 ], [ -104.780912127480534, 38.986669996646128 ], [ -104.78080461361337, 38.985781602860513 ], [ -104.781964889772709, 38.985699277918442 ], [ -104.781857364486626, 38.98481088517768 ], [ -104.783017623976249, 38.984728550406615 ], [ -104.782910087271944, 38.983840158710564 ], [ -104.78407033009205, 38.983757814110739 ], [ -104.784177880840019, 38.984646204790245 ] ] ] } },
{ "type": "Feature", "properties": { "id": "8_1", "growth_scenario": "high", "market_gravity_weight": 100 }, "geometry": { "type": "Polygon", "coordinates": [ [ [ -105.016631020875764, 39.988863609887503 ], [ -105.015454799920334, 39.988948154910048 ], [ -105.015566721197686, 39.989836623374984 ], [ -105.0156786452456, 39.990725092117707 ], [ -105.014502392666401, 39.990809628311631 ], [ -105.013326137316909, 39.990894153512102 ], [ -105.012149879197423, 39.990978667719105 ], [ -105.012037998430301, 39.990090195729984 ], [ -105.013214242122743, 39.990005682604988 ], [ -105.013102349698443, 39.989117211975831 ], [ -105.012990460043895, 39.988228741624475 ], [ -105.014166672113674, 39.98814421967014 ], [ -105.0140547708029, 39.987255750678301 ], [ -105.015230965676878, 39.987171218813103 ], [ -105.016407157780606, 39.98708667595502 ], [ -105.016519087942839, 39.987975142782545 ], [ -105.016631020875764, 39.988863609887503 ] ] ] } },
{ "type": "Feature", "properties": { "id": "8_2", "growth_scenario": "high", "market_gravity_weight": 100 }, "geometry": { "type": "Polygon", "coordinates": [ [ [ -104.78174984182607, 38.983922492465133 ], [ -104.782910087271944, 38.983840158710564 ], [ -104.783017623976249, 38.984728550406615 ], [ -104.781857364486626, 38.98481088517768 ], [ -104.781964889772709, 38.985699277918442 ], [ -104.78080461361337, 38.985781602860513 ], [ -104.780912127480534, 38.986669996646128 ], [ -104.779751834651307, 38.986752311758941 ], [ -104.77964433482876, 38.985863916957086 ], [ -104.778484053419206, 38.985946220208042 ], [ -104.778376570265991, 38.985057824418575 ], [ -104.778269089737279, 38.984169428657452 ], [ -104.778161611832971, 38.983281032924516 ], [ -104.779321851110396, 38.983198732721696 ], [ -104.780482087763161, 38.983116421673742 ], [ -104.780589593754783, 38.98400481537449 ], [ -104.78174984182607, 38.983922492465133 ] ] ] } },
{ "type": "Feature", "properties": { "id": "8_3", "growth_scenario": "high", "market_gravity_weight": 100 }, "geometry": { "type": "Polygon", "coordinates": [ [ [ -104.78355534688761, 38.989170509314114 ], [ -104.784715673974745, 38.989088158614123 ], [ -104.785875998435188, 38.989005797068295 ], [ -104.785983578987356, 38.989894186902859 ], [ -104.784823240481316, 38.989976549465695 ], [ -104.784930809614679, 38.990864940346697 ], [ -104.783770454435853, 38.990947293080396 ], [ -104.783878012149714, 38.991835685008034 ], [ -104.782717640297903, 38.991918027912256 ], [ -104.782610096630492, 38.991029634967859 ], [ -104.781449736198951, 38.991111966009029 ], [ -104.781342209203927, 38.990223572077774 ], [ -104.78018186019284, 38.990305891256142 ], [ -104.780074349869565, 38.989417496337992 ], [ -104.781234684834686, 38.989335178176006 ], [ -104.782395017174153, 38.989252849168039 ], [ -104.782287481385026, 38.988364456312212 ], [ -104.783447797053043, 38.988282117474924 ], [ -104.78355534688761, 38.989170509314114 ] ] ] } },
{ "type": "Feature", "properties": { "id": "8_4", "growth_scenario": "high", "market_gravity_weight": 100 }, "geometry": { "type": "Polygon", "coordinates": [ [ [ -104.781019643973082, 38.987558390460428 ], [ -104.78217994822181, 38.987476063485516 ], [ -104.782287481385026, 38.988364456312212 ], [ -104.781127163091114, 38.988446784303669 ], [ -104.781234684834686, 38.989335178176006 ], [ -104.780074349869565, 38.989417496337992 ], [ -104.78018186019284, 38.990305891256142 ], [ -104.779021508556312, 38.990388199588395 ], [ -104.778914012279103, 38.989499803653885 ], [ -104.77880651862688, 38.988611407748778 ], [ -104.777646192457269, 38.988693703202379 ], [ -104.776485863663083, 38.988775987809966 ], [ -104.776378400726841, 38.987887589902037 ], [ -104.77753871547543, 38.987805306310413 ], [ -104.777431241118052, 38.986916909447523 ], [ -104.778591539197024, 38.986834616026108 ], [ -104.778699027599558, 38.987723011872944 ], [ -104.779859337098884, 38.987640706589588 ], [ -104.779751834651307, 38.986752311758941 ], [ -104.780912127480534, 38.986669996646128 ], [ -104.781019643973082, 38.987558390460428 ] ] ] } },
{ "type": "Feature", "properties": { "id": "8_5", "growth_scenario": "high", "market_gravity_weight": 100 }, "geometry": { "type": "Polygon", "coordinates": [ [ [ -105.013326137316909, 39.990894153512102 ], [ -105.014502392666401, 39.990809628311631 ], [ -105.014614305057805, 39.991698098414851 ], [ -105.013438035281013, 39.991782624697493 ], [ -105.01354993601521, 39.992671096161267 ], [ -105.012373649040612, 39.992755612532335 ], [ -105.011197359296204, 39.992840117909644 ], [ -105.010021066782329, 39.992924612293088 ], [ -105.009909209331667, 39.992036137583511 ], [ -105.008732928476732, 39.992120619891445 ], [ -105.008621088222768, 39.99123214437877 ], [ -105.009797354650004, 39.991147663152482 ], [ -105.00968550273727, 39.990259188999872 ], [ -105.010861751968363, 39.990174697861633 ], [ -105.012037998430301, 39.990090195729984 ], [ -105.012149879197423, 39.990978667719105 ], [ -105.013326137316909, 39.990894153512102 ] ] ] } },
{ "type": "Feature", "properties": { "id": "8_6", "growth_scenario": "high", "market_gravity_weight": 100 }, "geometry": { "type": "Polygon", "coordinates": [ [ [ -104.778484053419206, 38.985946220208042 ], [ -104.77964433482876, 38.985863916957086 ], [ -104.779751834651307, 38.986752311758941 ], [ -104.778591539197024, 38.986834616026108 ], [ -104.777431241118052, 38.986916909447523 ], [ -104.77753871547543, 38.987805306310413 ], [ -104.776378400726841, 38.987887589902037 ], [ -104.776485863663083, 38.988775987809966 ], [ -104.775325532244693, 38.98885826157148 ], [ -104.775218083354119, 38.987969862647702 ], [ -104.774057763357618, 38.988052124547458 ], [ -104.773950331136263, 38.987163724637085 ], [ -104.775110637087337, 38.987081463753114 ], [ -104.776270940414705, 38.986999192023205 ], [ -104.776163482726602, 38.986110794173214 ], [ -104.777323769385035, 38.986028512613423 ], [ -104.777216300276294, 38.985140115808029 ], [ -104.776056027662435, 38.985222396351944 ], [ -104.775948575222102, 38.984333998559094 ], [ -104.777108833791715, 38.984251719031008 ], [ -104.778269089737279, 38.984169428657452 ], [ -104.778376570265991, 38.985057824418575 ], [ -104.778484053419206, 38.985946220208042 ] ] ] } },
{ "type": "Feature", "properties": { "id": "8_7", "growth_scenario": "high", "market_gravity_weight": 100 }, "geometry": { "type": "Polygon", "coordinates": [ [ [ -104.781449736198951, 38.991111966009029 ], [ -104.782610096630492, 38.991029634967859 ], [ -104.782717640297903, 38.991918027912256 ], [ -104.783878012149714, 38.991835685008034 ], [ -104.783985572490195, 38.992724076965501 ], [ -104.782825186591609, 38.992806420886659 ], [ -104.782932735511693, 38.993694813891246 ], [ -104.783040287058256, 38.994583206926158 ], [ -104.781879870438488, 38.994665542034376 ], [ -104.781772332939497, 38.993777147982584 ], [ -104.780611927741134, 38.993859471227353 ], [ -104.780504406915597, 38.992971076189313 ], [ -104.780396888715771, 38.992082681181593 ], [ -104.779236508986088, 38.992164991546623 ], [ -104.779129007458621, 38.991276595552563 ], [ -104.780289373141542, 38.991194286203942 ], [ -104.78018186019284, 38.990305891256142 ], [ -104.781342209203927, 38.990223572077774 ], [ -104.781449736198951, 38.991111966009029 ] ] ] } },
{ "type": "Feature", "properties": { "id": "8_8", "growth_scenario": "high", "market_gravity_weight": 100 }, "geometry": { "type": "Polygon", "coordinates": [ [ [ -105.012095442506464, 39.981120988785968 ], [ -105.013271539178987, 39.981036475485965 ], [ -105.014447633082341, 39.980951951194086 ], [ -105.015623724216169, 39.980867415910268 ], [ -105.015735634986328, 39.981755880802382 ], [ -105.016911737773384, 39.981671333444673 ], [ -105.018087837790105, 39.981586775095025 ], [ -105.018199780177085, 39.982475238098701 ], [ -105.017023665737, 39.98255979753052 ], [ -105.015847548526466, 39.982644345970336 ], [ -105.014671428545867, 39.982728883417941 ], [ -105.013495305795516, 39.982813409873472 ], [ -105.013607193257798, 39.983701877481231 ], [ -105.012431053313932, 39.983786394026232 ], [ -105.012319180275782, 39.982897925336708 ], [ -105.011143051987005, 39.982982429807706 ], [ -105.011031196141758, 39.982093960312845 ], [ -105.012207310006644, 39.982009456923372 ], [ -105.012095442506464, 39.981120988785968 ] ] ] } },
{ "type": "Feature", "properties": { "id": "9_0", "growth_scenario": "high", "market_gravity_weight": 100 }, "geometry": { "type": "Polygon", "coordinates": [ [ [ -73.150714987372282, 41.378953272135149 ], [ -73.151885187930219, 41.379165999350008 ], [ -73.151598291898992, 41.380033669445552 ], [ -73.150428077797685, 41.379820939435525 ], [ -73.149257870762284, 41.379608198784389 ], [ -73.148970940578309, 41.380475863363863 ], [ -73.148684003327872, 41.381343528017837 ], [ -73.147513776272049, 41.381130771134572 ], [ -73.146343556283256, 41.380918003610098 ], [ -73.146630520620377, 41.38005034454752 ], [ -73.146917477890426, 41.379182685559165 ], [ -73.147204428093701, 41.378315026644877 ], [ -73.147491371230416, 41.377447367804479 ], [ -73.148661537048127, 41.377660124146679 ], [ -73.148374607453746, 41.378527785782452 ], [ -73.149544793880025, 41.378740534279217 ], [ -73.149831709931831, 41.377872869848233 ], [ -73.151001889881243, 41.378085604908925 ], [ -73.150714987372282, 41.378953272135149 ] ] ] } },
{ "type": "Feature", "properties": { "id": "12_0", "growth_scenario": "high", "market_gravity_weight": 100 }, "geometry": { "type": "Polygon", "coordinates": [ [ [ -80.306924826829601, 25.959018883763381 ], [ -80.306762194153393, 25.959917455911324 ], [ -80.305786303021662, 25.95976770277781 ], [ -80.30562365726216, 25.960666271035798 ], [ -80.304647759727757, 25.960516507486343 ], [ -80.303671865534, 25.960366734639628 ], [ -80.303834530779483, 25.959468168619157 ], [ -80.303997192684207, 25.958569599827285 ], [ -80.303021321316763, 25.958419819921048 ], [ -80.303183989623307, 25.957521249476333 ], [ -80.304159851248286, 25.957671028263782 ], [ -80.305135716213826, 25.957820797754209 ], [ -80.306111584519698, 25.957970557947654 ], [ -80.307087456165732, 25.958120308843956 ], [ -80.308063331151743, 25.95827005044309 ], [ -80.30790071155846, 25.959168626481045 ], [ -80.306924826829601, 25.959018883763381 ] ] ] } },
{ "type": "Feature", "properties": { "id": "12_1", "growth_scenario": "high", "market_gravity_weight": 100 }, "geometry": { "type": "Polygon", "coordinates": [ [ [ -80.301232012928466, 25.962762835774871 ], [ -80.302207929669635, 25.962912630573012 ], [ -80.302045241316605, 25.963811184390167 ], [ -80.301069314831963, 25.963661388472911 ], [ -80.300906613393821, 25.964559938400168 ], [ -80.300743908613967, 25.965458485556859 ], [ -80.299767965983619, 25.965308678103664 ], [ -80.298792026695295, 25.965158861353018 ], [ -80.298954750962551, 25.964260316434974 ], [ -80.299930680507245, 25.964410132066298 ], [ -80.300093391688932, 25.963511583258239 ], [ -80.299117471887712, 25.963361768746246 ], [ -80.299280189470863, 25.96246321828664 ], [ -80.299442903712119, 25.961564665055999 ], [ -80.299605614611565, 25.960666109054213 ], [ -80.30058150518353, 25.960815920208645 ], [ -80.301557399096993, 25.960965722065914 ], [ -80.301394707683443, 25.961864280305903 ], [ -80.301232012928466, 25.962762835774871 ] ] ] } },
{ "type": "Feature", "properties": { "id": "12_2", "growth_scenario": "high", "market_gravity_weight": 100 }, "geometry": { "type": "Polygon", "coordinates": [ [ [ -80.307250199785514, 25.962762902920367 ], [ -80.308226126827961, 25.962912640815222 ], [ -80.308063500278152, 25.963811204116471 ], [ -80.307087563491791, 25.963661465102902 ], [ -80.306924923857693, 25.964560024514764 ], [ -80.305948980667722, 25.964410275084855 ], [ -80.305786327948951, 25.965308830607423 ], [ -80.304810378355612, 25.96515907076104 ], [ -80.304973040818453, 25.964260516357449 ], [ -80.305135699940436, 25.963361959183285 ], [ -80.305298355721646, 25.962463399238345 ], [ -80.305461008162183, 25.961564836522612 ], [ -80.30562365726216, 25.960666271035798 ], [ -80.306599558137023, 25.960816025288025 ], [ -80.307575462352162, 25.960965770242925 ], [ -80.307412832738919, 25.961864337967128 ], [ -80.307250199785514, 25.962762902920367 ] ] ] } },
{ "type": "Feature", "properties": { "id": "12_3", "growth_scenario": "high", "market_gravity_weight": 100 }, "geometry": { "type": "Polygon", "coordinates": [ [ [ -80.304810378355612, 25.96515907076104 ], [ -80.30464771255177, 25.966057622394281 ], [ -80.304485043406885, 25.966956171257202 ], [ -80.303509077665993, 25.966806399875168 ], [ -80.303346395435383, 25.967704944848872 ], [ -80.302370423291407, 25.967555163049937 ], [ -80.302533115266471, 25.966656619195398 ], [ -80.302695803899965, 25.965758072570697 ], [ -80.301719854586153, 25.965608283712541 ], [ -80.30188254962215, 25.964709735436617 ], [ -80.302858489192019, 25.964859523175633 ], [ -80.303021171142703, 25.963960971010046 ], [ -80.303183849752145, 25.963062416073829 ], [ -80.304159773175812, 25.963212192277247 ], [ -80.305135699940436, 25.963361959183285 ], [ -80.304973040818453, 25.964260516357449 ], [ -80.304810378355612, 25.96515907076104 ] ] ] } },
{ "type": "Feature", "properties": { "id": "12_4", "growth_scenario": "high", "market_gravity_weight": 100 }, "geometry": { "type": "Polygon", "coordinates": [ [ [ -80.307738237157821, 25.965608322407324 ], [ -80.307575600587086, 25.966506877397308 ], [ -80.307412960675862, 25.967405429617159 ], [ -80.306436984912011, 25.967255686128258 ], [ -80.306274331915304, 25.968154234459256 ], [ -80.305298349747503, 25.968004480553567 ], [ -80.305461012488934, 25.967105933341593 ], [ -80.304485043406885, 25.966956171257202 ], [ -80.30464771255177, 25.966057622394281 ], [ -80.304810378355612, 25.96515907076104 ], [ -80.305786327948951, 25.965308830607423 ], [ -80.305948980667722, 25.964410275084855 ], [ -80.306924923857693, 25.964560024514764 ], [ -80.307900870388139, 25.964709764647139 ], [ -80.308876820258888, 25.964859495481793 ], [ -80.308714196772968, 25.965758054360762 ], [ -80.307738237157821, 25.965608322407324 ] ] ] } },
{ "type": "Feature", "properties": { "id": "12_5", "growth_scenario": "high", "market_gravity_weight": 100 }, "geometry": { "type": "Polygon", "coordinates": [ [ [ -80.19373901755425, 26.073655740362266 ], [ -80.194715988032584, 26.073806499540556 ], [ -80.194551988027243, 26.074704574296373 ], [ -80.195528971638225, 26.074855325303133 ], [ -80.195364978021772, 26.075753398436888 ], [ -80.195200981033395, 26.076651468817538 ], [ -80.194223977900393, 26.076500715548107 ], [ -80.193246978139626, 26.076349952975747 ], [ -80.193082958256738, 26.077248018340505 ], [ -80.192105952107283, 26.077097245333718 ], [ -80.192269981751267, 26.076199181100488 ], [ -80.19243400802263, 26.07530111411409 ], [ -80.192598030921516, 26.07440304437441 ], [ -80.19276205044801, 26.073504971881263 ], [ -80.192926066602212, 26.072606896634497 ], [ -80.193903023948124, 26.072757663984184 ], [ -80.19373901755425, 26.073655740362266 ] ] ] } },
{ "type": "Feature", "properties": { "id": "12_6", "growth_scenario": "high", "market_gravity_weight": 100 }, "geometry": { "type": "Polygon", "coordinates": [ [ [ -80.422293324974902, 25.997888451134703 ], [ -80.422131805381483, 25.998787095740465 ], [ -80.421155283717326, 25.998638451546878 ], [ -80.42017876537281, 25.998489798050642 ], [ -80.419202250348135, 25.998341135251675 ], [ -80.418225738643486, 25.998192463150108 ], [ -80.418387297275061, 25.997293822994155 ], [ -80.418548852586525, 25.996395180076295 ], [ -80.419525344772595, 25.996543849952847 ], [ -80.420501840278476, 25.996692510526824 ], [ -80.420663372751818, 25.995793862621991 ], [ -80.421639861818136, 25.995942512781088 ], [ -80.422616354203768, 25.996091153637682 ], [ -80.422454841248964, 25.996989803767139 ], [ -80.422293324974902, 25.997888451134703 ] ] ] } },
{ "type": "Feature", "properties": { "id": "12_7", "growth_scenario": "high", "market_gravity_weight": 100 }, "geometry": { "type": "Polygon", "coordinates": [ [ [ -80.418268644720072, 26.031433804170298 ], [ -80.417291764934816, 26.031285138508274 ], [ -80.417130132220763, 26.032183682153629 ], [ -80.416968496183685, 26.033082223043252 ], [ -80.415991600187553, 26.032933545847932 ], [ -80.415014707514743, 26.03278485934753 ], [ -80.41403781816544, 26.032636163542133 ], [ -80.414199483503182, 26.031737625995255 ], [ -80.415176363085706, 26.03188632068635 ], [ -80.415338015333262, 26.030987779269367 ], [ -80.414361145517333, 26.030839085692513 ], [ -80.414522804208019, 26.029940542633749 ], [ -80.415499664257524, 26.030089235096366 ], [ -80.416476527630223, 26.030237918254105 ], [ -80.417453394325946, 26.030386592107011 ], [ -80.418430264344479, 26.030535256654979 ], [ -80.419407137685653, 26.030683911898027 ], [ -80.419245527828039, 26.031582460527272 ], [ -80.418268644720072, 26.031433804170298 ] ] ] } },
{ "type": "Feature", "properties": { "id": "13_0", "growth_scenario": "high", "market_gravity_weight": 100 }, "geometry": { "type": "Polygon", "coordinates": [ [ [ -83.702651931511781, 33.599934816236569 ], [ -83.702511919254206, 33.600822592781199 ], [ -83.70237190382619, 33.601710368073739 ], [ -83.701295932923955, 33.601594836332808 ], [ -83.701155902349342, 33.602482609206099 ], [ -83.700079922642033, 33.602367066228062 ], [ -83.700219965192559, 33.601479294522164 ], [ -83.700360004571991, 33.600591521564198 ], [ -83.700500040780454, 33.599703747354077 ], [ -83.699424100170958, 33.599588197808579 ], [ -83.699564145183558, 33.598700423513392 ], [ -83.700640073818036, 33.598815971891568 ], [ -83.700780103684849, 33.597928195176486 ], [ -83.701856023515219, 33.59804373231799 ], [ -83.702931946515989, 33.598159259390194 ], [ -83.702791940598999, 33.599047038439579 ], [ -83.702651931511781, 33.599934816236569 ] ] ] } },
{ "type": "Feature", "properties": { "id": "13_1", "growth_scenario": "high", "market_gravity_weight": 100 }, "geometry": { "type": "Polygon", "coordinates": [ [ [ -83.70106015390661, 33.59615263798792 ], [ -83.702136049788024, 33.596268172795163 ], [ -83.703211948839652, 33.596383697533291 ], [ -83.703071949262835, 33.597271479088128 ], [ -83.702931946515989, 33.598159259390194 ], [ -83.701856023515219, 33.59804373231799 ], [ -83.700780103684849, 33.597928195176486 ], [ -83.700640073818036, 33.598815971891568 ], [ -83.699564145183558, 33.598700423513392 ], [ -83.699704187025134, 33.597812647965625 ], [ -83.698628273536343, 33.5976970906855 ], [ -83.698768324181387, 33.596809315052255 ], [ -83.698908371655349, 33.595921538166039 ], [ -83.699984261195624, 33.596037093111491 ], [ -83.700124293524752, 33.595149313804832 ], [ -83.701200174261757, 33.595264857514039 ], [ -83.70106015390661, 33.59615263798792 ] ] ] } },
{ "type": "Feature", "properties": { "id": "13_10", "growth_scenario": "high", "market_gravity_weight": 100 }, "geometry": { "type": "Polygon", "coordinates": [ [ [ -83.699188457090486, 33.594145980633826 ], [ -83.699328495051859, 33.593258199987481 ], [ -83.700404348671313, 33.593373751431372 ], [ -83.701480205461166, 33.593489292806439 ], [ -83.702556065421149, 33.593604824112717 ], [ -83.702416063380113, 33.594492608260175 ], [ -83.703491938483623, 33.594608130664433 ], [ -83.704567816756821, 33.594723642999682 ], [ -83.705643698199481, 33.594839145265908 ], [ -83.705503728910585, 33.595726931660458 ], [ -83.704427835493789, 33.595611428227535 ], [ -83.703351945246538, 33.595495914725454 ], [ -83.703211948839652, 33.596383697533291 ], [ -83.702136049788024, 33.596268172795163 ], [ -83.70106015390661, 33.59615263798792 ], [ -83.701200174261757, 33.595264857514039 ], [ -83.700124293524752, 33.595149313804832 ], [ -83.700264322683282, 33.594261533244847 ], [ -83.699188457090486, 33.594145980633826 ] ] ] } },
{ "type": "Feature", "properties": { "id": "13_11", "growth_scenario": "high", "market_gravity_weight": 100 }, "geometry": { "type": "Polygon", "coordinates": [ [ [ -83.693764225406184, 33.60078583219623 ], [ -83.693624111002435, 33.601673596895715 ], [ -83.693483993425914, 33.602561360343046 ], [ -83.694559966077662, 33.602676964907225 ], [ -83.694419857304069, 33.603564728270641 ], [ -83.693343872676536, 33.6034491225384 ], [ -83.692267891221988, 33.603333506736391 ], [ -83.692408023947067, 33.602445745709204 ], [ -83.691332057641333, 33.602330121005799 ], [ -83.691472199168572, 33.601442359894797 ], [ -83.690396248011453, 33.601326726290125 ], [ -83.689320300027873, 33.601211082616018 ], [ -83.689460462331624, 33.600323322589396 ], [ -83.69053639834037, 33.600438965095144 ], [ -83.690676545495819, 33.599551202647653 ], [ -83.691752472703314, 33.599666833915862 ], [ -83.692828403083894, 33.599782455114777 ], [ -83.692688279877899, 33.600670219898596 ], [ -83.693764225406184, 33.60078583219623 ] ] ] } },
{ "type": "Feature", "properties": { "id": "13_12", "growth_scenario": "high", "market_gravity_weight": 100 }, "geometry": { "type": "Polygon", "coordinates": [ [ [ -83.711915873780583, 33.60363748514014 ], [ -83.711775959802651, 33.604525268430976 ], [ -83.711636042656323, 33.605413050470659 ], [ -83.710560007296692, 33.605297605859484 ], [ -83.709483975105883, 33.605182151177992 ], [ -83.709344030835581, 33.606069929633421 ], [ -83.708267989836244, 33.605954463714781 ], [ -83.708407946084108, 33.605066686426149 ], [ -83.707331920231653, 33.604951211604039 ], [ -83.707471885287376, 33.604063434231108 ], [ -83.708547899162653, 33.604178907886407 ], [ -83.708687849071993, 33.603291128095378 ], [ -83.708827795812226, 33.602403347052906 ], [ -83.709903788902906, 33.602518808304637 ], [ -83.710979785162309, 33.602634259486365 ], [ -83.710839862375721, 33.603522042862025 ], [ -83.711915873780583, 33.60363748514014 ] ] ] } },
{ "type": "Feature", "properties": { "id": "13_13", "growth_scenario": "high", "market_gravity_weight": 100 }, "geometry": { "type": "Polygon", "coordinates": [ [ [ -83.711259621230184, 33.600858688980274 ], [ -83.712335596704904, 33.600974127759137 ], [ -83.712195692231589, 33.60186191480441 ], [ -83.713271682850859, 33.60197734467959 ], [ -83.713131787186285, 33.602865131639533 ], [ -83.712991888353756, 33.603752917348025 ], [ -83.711915873780583, 33.60363748514014 ], [ -83.710839862375721, 33.603522042862025 ], [ -83.710979785162309, 33.602634259486365 ], [ -83.709903788902906, 33.602518808304637 ], [ -83.708827795812226, 33.602403347052906 ], [ -83.708967739383468, 33.601515564758763 ], [ -83.709107679785816, 33.600627781212864 ], [ -83.710183648923746, 33.6007432401315 ], [ -83.710323574181345, 33.599855454167091 ], [ -83.711399534511699, 33.599970901849488 ], [ -83.711259621230184, 33.600858688980274 ] ] ] } },
{ "type": "Feature", "properties": { "id": "13_14", "growth_scenario": "high", "market_gravity_weight": 100 }, "geometry": { "type": "Polygon", "coordinates": [ [ [ -84.444880260150526, 33.845777587046122 ], [ -84.445960658729888, 33.845886133386117 ], [ -84.447041060310696, 33.845994669611244 ], [ -84.446909065921872, 33.846883030578063 ], [ -84.445828652241545, 33.846774493245306 ], [ -84.444748241562763, 33.846665945797561 ], [ -84.444616219973184, 33.847554303364667 ], [ -84.445696642751656, 33.847662851920248 ], [ -84.446777068531773, 33.84777139036067 ], [ -84.446645068140299, 33.848659748959285 ], [ -84.445564630260122, 33.848551209411077 ], [ -84.445432614766844, 33.849439565718079 ], [ -84.444352167788196, 33.849331014946777 ], [ -84.444484195381705, 33.848442659747697 ], [ -84.443403763505273, 33.848334099969165 ], [ -84.442323334631141, 33.848225530075474 ], [ -84.442455383422242, 33.847337175908478 ], [ -84.443535800196628, 33.84744574469407 ], [ -84.443667833885783, 33.846557388234864 ], [ -84.443799864572881, 33.845669030591296 ], [ -84.443931892258007, 33.844780671763147 ], [ -84.445012275736602, 33.84488922711023 ], [ -84.444880260150526, 33.845777587046122 ] ] ] } },
{ "type": "Feature", "properties": { "id": "13_15", "growth_scenario": "high", "market_gravity_weight": 100 }, "geometry": { "type": "Polygon", "coordinates": [ [ [ -84.450018363879309, 33.848096944991134 ], [ -84.449886399788625, 33.848985306912333 ], [ -84.450966849673108, 33.849093805999416 ], [ -84.450834894682473, 33.849982167844374 ], [ -84.450702936691314, 33.850870528505858 ], [ -84.450570975699563, 33.851758887984069 ], [ -84.449490489512073, 33.851650385574693 ], [ -84.448410006325574, 33.851541873049612 ], [ -84.447329526140336, 33.851433350408982 ], [ -84.447461523435592, 33.850544994253553 ], [ -84.447593517729416, 33.849656636914709 ], [ -84.448673973712815, 33.849765157340016 ], [ -84.44880595290482, 33.848876797709956 ], [ -84.448937929095862, 33.847988436896173 ], [ -84.44906990228607, 33.847100074898435 ], [ -84.450150324969414, 33.847208581885987 ], [ -84.450018363879309, 33.848096944991134 ] ] ] } },
{ "type": "Feature", "properties": { "id": "13_16", "growth_scenario": "high", "market_gravity_weight": 100 }, "geometry": { "type": "Polygon", "coordinates": [ [ [ -83.710743330944084, 33.597192088760508 ], [ -83.711819255347748, 33.597307532943987 ], [ -83.711679351570368, 33.598195323831504 ], [ -83.712755291117261, 33.598310759111655 ], [ -83.71383123383184, 33.598426184322093 ], [ -83.713691350837976, 33.599313976289537 ], [ -83.712615396147626, 33.599198549912934 ], [ -83.712475498010207, 33.600086339462024 ], [ -83.711399534511699, 33.599970901849488 ], [ -83.710323574181345, 33.599855454167091 ], [ -83.710463496270535, 33.598967666950621 ], [ -83.709387551084305, 33.59885221036491 ], [ -83.709527481980643, 33.5979644230625 ], [ -83.708451551938339, 33.597848957573717 ], [ -83.7085914916413, 33.596961170185203 ], [ -83.70966740970853, 33.597076634507559 ], [ -83.709807334268049, 33.596188844700002 ], [ -83.71088324352867, 33.596304297786595 ], [ -83.710743330944084, 33.597192088760508 ] ] ] } },
{ "type": "Feature", "properties": { "id": "13_17", "growth_scenario": "high", "market_gravity_weight": 100 }, "geometry": { "type": "Polygon", "coordinates": [ [ [ -84.442143265478961, 33.834682956249992 ], [ -84.443223506882504, 33.83479152975525 ], [ -84.44430375128735, 33.834900093146928 ], [ -84.444171744521185, 33.835788463909154 ], [ -84.444039734753915, 33.836676833484781 ], [ -84.442959466156978, 33.836568267878079 ], [ -84.442827441292039, 33.837456635159811 ], [ -84.441747163600226, 33.837348058331742 ], [ -84.441615123637078, 33.838236423319529 ], [ -84.440534836850631, 33.838127835269773 ], [ -84.440666888910286, 33.837239471389758 ], [ -84.440798937967827, 33.836351106323448 ], [ -84.440930984023339, 33.835462740070646 ], [ -84.44106302707695, 33.834574372631174 ], [ -84.441195067128731, 33.833686004004818 ], [ -84.442275293435287, 33.833794586516014 ], [ -84.442143265478961, 33.834682956249992 ] ] ] } },
{ "type": "Feature", "properties": { "id": "13_18", "growth_scenario": "high", "market_gravity_weight": 100 }, "geometry": { "type": "Polygon", "coordinates": [ [ [ -83.702696064292311, 33.592717038711648 ], [ -83.701620216305628, 33.592601508572301 ], [ -83.701760223980074, 33.591713723084339 ], [ -83.702836059993729, 33.59182925205684 ], [ -83.703911899177015, 33.591944770960673 ], [ -83.70498774152972, 33.592060279795753 ], [ -83.706063587051517, 33.592175778562087 ], [ -83.707139435742192, 33.592291267259661 ], [ -83.708215287601476, 33.592406745888354 ], [ -83.708075351766823, 33.593294538376043 ], [ -83.707935412763732, 33.594182329610163 ], [ -83.706859536957055, 33.594066848648673 ], [ -83.705783664319199, 33.593951357618103 ], [ -83.704707794850421, 33.593835856518552 ], [ -83.70363192855099, 33.593720345350114 ], [ -83.703771915448741, 33.592832558782241 ], [ -83.702696064292311, 33.592717038711648 ] ] ] } },
{ "type": "Feature", "properties": { "id": "13_19", "growth_scenario": "high", "market_gravity_weight": 100 }, "geometry": { "type": "Polygon", "coordinates": [ [ [ -84.459980458088822, 33.840080872703219 ], [ -84.459848620784555, 33.840969255323614 ], [ -84.459716780482751, 33.84185763675891 ], [ -84.458636418501982, 33.841749218438615 ], [ -84.457556059519106, 33.841640790003652 ], [ -84.457687924018373, 33.840752410780972 ], [ -84.456607580132243, 33.84064397333772 ], [ -84.456739453731743, 33.839755594036262 ], [ -84.456871324333022, 33.838867213549342 ], [ -84.457951644022813, 33.838975648779829 ], [ -84.458083499528186, 33.838087266001011 ], [ -84.459163810117957, 33.838195690010885 ], [ -84.460244123705223, 33.838304103906452 ], [ -84.460112292395678, 33.839192488897595 ], [ -84.459980458088822, 33.840080872703219 ] ] ] } },
{ "type": "Feature", "properties": { "id": "13_2", "growth_scenario": "high", "market_gravity_weight": 100 }, "geometry": { "type": "Polygon", "coordinates": [ [ [ -83.706439665012965, 33.596730211332321 ], [ -83.706299701360138, 33.597617996387669 ], [ -83.707375625064742, 33.597733482015407 ], [ -83.707235670217813, 33.598621266984736 ], [ -83.706159734538062, 33.598505780190294 ], [ -83.705083802027673, 33.59839028332641 ], [ -83.704007872686887, 33.598274776393005 ], [ -83.703867878744987, 33.599162556609407 ], [ -83.702791940598999, 33.599047038439579 ], [ -83.702931946515989, 33.598159259390194 ], [ -83.703071949262835, 33.597271479088128 ], [ -83.703211948839652, 33.596383697533291 ], [ -83.703351945246538, 33.595495914725454 ], [ -83.704427835493789, 33.595611428227535 ], [ -83.705503728910585, 33.595726931660458 ], [ -83.705363756452371, 33.596614716801938 ], [ -83.706439665012965, 33.596730211332321 ] ] ] } },
{ "type": "Feature", "properties": { "id": "13_20", "growth_scenario": "high", "market_gravity_weight": 100 }, "geometry": { "type": "Polygon", "coordinates": [ [ [ -83.710227088937586, 33.593525467759257 ], [ -83.711302962274985, 33.593640917347315 ], [ -83.712378838780054, 33.59375635686628 ], [ -83.712238947673342, 33.594644152765206 ], [ -83.712099053399129, 33.59553194741104 ], [ -83.711959155957302, 33.596419740803903 ], [ -83.71088324352867, 33.596304297786595 ], [ -83.711023152945288, 33.595416505559889 ], [ -83.70994725565933, 33.595301053639496 ], [ -83.709807334268049, 33.596188844700002 ], [ -83.708731428175653, 33.596073381544024 ], [ -83.708871361541512, 33.595185591649852 ], [ -83.709011291738946, 33.594297800502645 ], [ -83.707935412763732, 33.594182329610163 ], [ -83.708075351766823, 33.593294538376043 ], [ -83.709151218768113, 33.593410008102111 ], [ -83.709291142629098, 33.592522214448181 ], [ -83.710367000824789, 33.592637672939134 ], [ -83.710227088937586, 33.593525467759257 ] ] ] } },
{ "type": "Feature", "properties": { "id": "13_21", "growth_scenario": "high", "market_gravity_weight": 100 }, "geometry": { "type": "Polygon", "coordinates": [ [ [ -83.711216272205675, 33.608076389084687 ], [ -83.711076342384558, 33.608964166121602 ], [ -83.710936409394506, 33.609851941908296 ], [ -83.709860314143441, 33.609736491463615 ], [ -83.709720366005229, 33.610624264833369 ], [ -83.708644261944514, 33.610508803150978 ], [ -83.707568161053487, 33.610393331397638 ], [ -83.707708133149524, 33.609505560361818 ], [ -83.707848102075715, 33.608617788075847 ], [ -83.707988067832162, 33.607730014539477 ], [ -83.708128030418962, 33.606842239752488 ], [ -83.709204083396102, 33.606957706837996 ], [ -83.710280139542519, 33.607073163852952 ], [ -83.710140200911965, 33.607960940973598 ], [ -83.711216272205675, 33.608076389084687 ] ] ] } },
{ "type": "Feature", "properties": { "id": "13_22", "growth_scenario": "high", "market_gravity_weight": 100 }, "geometry": { "type": "Polygon", "coordinates": [ [ [ -83.714767308695855, 33.599429392596342 ], [ -83.715843269720963, 33.599544798833335 ], [ -83.715703407511995, 33.600432591880626 ], [ -83.715563542135925, 33.601320383676097 ], [ -83.714487557158023, 33.601204975107088 ], [ -83.714347676637956, 33.602092764484773 ], [ -83.713271682850859, 33.60197734467959 ], [ -83.712195692231589, 33.60186191480441 ], [ -83.712335596704904, 33.600974127759137 ], [ -83.711259621230184, 33.600858688980274 ], [ -83.711399534511699, 33.599970901849488 ], [ -83.712475498010207, 33.600086339462024 ], [ -83.712615396147626, 33.599198549912934 ], [ -83.713691350837976, 33.599313976289537 ], [ -83.71383123383184, 33.598426184322093 ], [ -83.714907179713819, 33.598541599462912 ], [ -83.714767308695855, 33.599429392596342 ] ] ] } },
{ "type": "Feature", "properties": { "id": "13_23", "growth_scenario": "high", "market_gravity_weight": 100 }, "geometry": { "type": "Polygon", "coordinates": [ [ [ -83.714067906094996, 33.603868339485608 ], [ -83.715143927004007, 33.603983751552974 ], [ -83.715004048958463, 33.604871538342721 ], [ -83.716080085012692, 33.604986941505864 ], [ -83.715940215777437, 33.605874728210807 ], [ -83.71486416774529, 33.605759323881543 ], [ -83.713788122880857, 33.605643909481671 ], [ -83.712712081184449, 33.605528485011412 ], [ -83.712572172847445, 33.606416266966633 ], [ -83.71149612234143, 33.606300831259375 ], [ -83.710420075004066, 33.606185385481652 ], [ -83.710560007296692, 33.605297605859484 ], [ -83.711636042656323, 33.605413050470659 ], [ -83.711775959802651, 33.604525268430976 ], [ -83.711915873780583, 33.60363748514014 ], [ -83.712991888353756, 33.603752917348025 ], [ -83.713131787186285, 33.602865131639533 ], [ -83.714207792950319, 33.602980552610894 ], [ -83.714067906094996, 33.603868339485608 ] ] ] } },
{ "type": "Feature", "properties": { "id": "13_24", "growth_scenario": "high", "market_gravity_weight": 100 }, "geometry": { "type": "Polygon", "coordinates": [ [ [ -83.705135967163159, 33.61193789133096 ], [ -83.704995961597945, 33.612825656282446 ], [ -83.703919834280384, 33.612710150814387 ], [ -83.703779813564779, 33.613597913348734 ], [ -83.702703677438791, 33.613482396642013 ], [ -83.701627544484253, 33.61336686986423 ], [ -83.701767589158706, 33.612479109665237 ], [ -83.700691471355114, 33.61236357398419 ], [ -83.700831524837, 33.611475813703173 ], [ -83.70190763066158, 33.611591348216422 ], [ -83.702047668992975, 33.610703585517676 ], [ -83.703123766010179, 33.610819108792505 ], [ -83.704199866198493, 33.610934621996471 ], [ -83.705275969557661, 33.611050125129665 ], [ -83.706352076087413, 33.611165618191933 ], [ -83.706212085672078, 33.612053385560579 ], [ -83.705135967163159, 33.61193789133096 ] ] ] } },
{ "type": "Feature", "properties": { "id": "13_25", "growth_scenario": "high", "market_gravity_weight": 100 }, "geometry": { "type": "Polygon", "coordinates": [ [ [ -83.713314839320176, 33.594759583381041 ], [ -83.714390734134227, 33.594875003927569 ], [ -83.714250863809369, 33.595762800905284 ], [ -83.714110990317437, 33.59665059663017 ], [ -83.715186912248427, 33.596766009439087 ], [ -83.715047047564639, 33.597653805077179 ], [ -83.714907179713819, 33.598541599462912 ], [ -83.71383123383184, 33.598426184322093 ], [ -83.712755291117261, 33.598310759111655 ], [ -83.712895182919226, 33.597422967057959 ], [ -83.711819255347748, 33.597307532943987 ], [ -83.711959155957302, 33.596419740803903 ], [ -83.712099053399129, 33.59553194741104 ], [ -83.712238947673342, 33.594644152765206 ], [ -83.712378838780054, 33.59375635686628 ], [ -83.71345471845251, 33.593871786316107 ], [ -83.713314839320176, 33.594759583381041 ] ] ] } },
{ "type": "Feature", "properties": { "id": "13_26", "growth_scenario": "high", "market_gravity_weight": 100 }, "geometry": { "type": "Polygon", "coordinates": [ [ [ -83.717575677003666, 33.602438963479464 ], [ -83.717435829247478, 33.603326755103673 ], [ -83.717295978324387, 33.60421454547663 ], [ -83.716219951080575, 33.604099153549967 ], [ -83.716080085012692, 33.604986941505864 ], [ -83.715004048958463, 33.604871538342721 ], [ -83.715143927004007, 33.603983751552974 ], [ -83.714067906094996, 33.603868339485608 ], [ -83.714207792950319, 33.602980552610894 ], [ -83.713131787186285, 33.602865131639533 ], [ -83.713271682850859, 33.60197734467959 ], [ -83.714347676637956, 33.602092764484773 ], [ -83.714487557158023, 33.601204975107088 ], [ -83.715563542135925, 33.601320383676097 ], [ -83.716639530281014, 33.601435782175002 ], [ -83.716499673714623, 33.602323573884732 ], [ -83.717575677003666, 33.602438963479464 ] ] ] } },
{ "type": "Feature", "properties": { "id": "13_27", "growth_scenario": "high", "market_gravity_weight": 100 }, "geometry": { "type": "Polygon", "coordinates": [ [ [ -83.715660467804383, 33.607650297868609 ], [ -83.715520589066358, 33.608538080821823 ], [ -83.714444505098825, 33.60842267299369 ], [ -83.714304611214033, 33.609310453530348 ], [ -83.713228518435699, 33.609195034464939 ], [ -83.712152428825789, 33.609079605328724 ], [ -83.712012507814634, 33.609967382282065 ], [ -83.710936409394506, 33.609851941908296 ], [ -83.711076342384558, 33.608964166121602 ], [ -83.711216272205675, 33.608076389084687 ], [ -83.711356198857928, 33.607188610797351 ], [ -83.712432261342073, 33.60730404767115 ], [ -83.712572172847445, 33.606416266966633 ], [ -83.71364822652184, 33.606531692603347 ], [ -83.714724283364347, 33.606647108169497 ], [ -83.714584395815564, 33.607534891206846 ], [ -83.715660467804383, 33.607650297868609 ] ] ] } },
{ "type": "Feature", "properties": { "id": "13_28", "growth_scenario": "high", "market_gravity_weight": 100 }, "geometry": { "type": "Polygon", "coordinates": [ [ [ -84.450728693666363, 33.976186824155818 ], [ -84.450596520965348, 33.977075039821379 ], [ -84.449514298884523, 33.976966555209771 ], [ -84.449382111032719, 33.977854768605425 ], [ -84.449249920170175, 33.978742980843762 ], [ -84.448167676819011, 33.978634483877116 ], [ -84.447085436478943, 33.978525976780475 ], [ -84.447217651622623, 33.977637766767515 ], [ -84.447349863755022, 33.976749555597124 ], [ -84.446267650706886, 33.976641040596114 ], [ -84.446399871967998, 33.97575282938093 ], [ -84.447482072876255, 33.975861343269159 ], [ -84.44761427898645, 33.974973129783471 ], [ -84.448696470766052, 33.97508163242945 ], [ -84.44977866555638, 33.975190124945847 ], [ -84.449646483725715, 33.976078340656635 ], [ -84.450728693666363, 33.976186824155818 ] ] ] } },
{ "type": "Feature", "properties": { "id": "13_29", "growth_scenario": "high", "market_gravity_weight": 100 }, "geometry": { "type": "Polygon", "coordinates": [ [ [ -84.888790666001782, 32.502296334086935 ], [ -84.888665839653555, 32.503186959699129 ], [ -84.888541010513407, 32.504077583866426 ], [ -84.888416178581281, 32.50496820658914 ], [ -84.887353397183404, 32.504863590094253 ], [ -84.887228550737689, 32.505754210356002 ], [ -84.886165760410762, 32.505649582866475 ], [ -84.885102972876538, 32.505544945398889 ], [ -84.885227842764976, 32.504654327170293 ], [ -84.884165069744924, 32.50454968074127 ], [ -84.884289948561474, 32.503659062084743 ], [ -84.88535270986057, 32.503763707497107 ], [ -84.886415473952425, 32.503868342931497 ], [ -84.886540326534458, 32.50297772079697 ], [ -84.887603081697918, 32.503082345236976 ], [ -84.887727919766874, 32.502191720641136 ], [ -84.887852755043795, 32.501301094600265 ], [ -84.888915489558201, 32.501405707029804 ], [ -84.888790666001782, 32.502296334086935 ] ] ] } },
{ "type": "Feature", "properties": { "id": "13_3", "growth_scenario": "high", "market_gravity_weight": 100 }, "geometry": { "type": "Polygon", "coordinates": [ [ [ -84.427620744097482, 33.895434209548149 ], [ -84.427488445216753, 33.896322491081783 ], [ -84.426407374517879, 33.896213779210612 ], [ -84.42627506051322, 33.897102058458216 ], [ -84.426142743498161, 33.897990336531443 ], [ -84.425061651581743, 33.897881612316965 ], [ -84.423980562676093, 33.897772877982199 ], [ -84.424112903919152, 33.896884602132289 ], [ -84.424245242151287, 33.895996325107916 ], [ -84.424377577372582, 33.895108046908895 ], [ -84.425458629937182, 33.895216777908679 ], [ -84.425590950034604, 33.894328497423139 ], [ -84.426671993496413, 33.894437217191452 ], [ -84.427753039968295, 33.894545926839818 ], [ -84.428834089450021, 33.894654626368187 ], [ -84.428701805692654, 33.895542910187842 ], [ -84.427620744097482, 33.895434209548149 ] ] ] } },
{ "type": "Feature", "properties": { "id": "13_30", "growth_scenario": "high", "market_gravity_weight": 100 }, "geometry": { "type": "Polygon", "coordinates": [ [ [ -83.707288207351439, 33.612168869719206 ], [ -83.708364332200972, 33.612284343806806 ], [ -83.709440460220421, 33.612399807823259 ], [ -83.709300502573598, 33.6132875774437 ], [ -83.708224362574384, 33.613172112260123 ], [ -83.708084389777795, 33.614059879463994 ], [ -83.707008240968705, 33.613944403042019 ], [ -83.70686825302181, 33.61483216782937 ], [ -83.705792095403041, 33.614716680168705 ], [ -83.705932095329999, 33.613828916548755 ], [ -83.704855952861934, 33.613713419984315 ], [ -83.703779813564779, 33.613597913348734 ], [ -83.703919834280384, 33.612710150814387 ], [ -83.704995961597945, 33.612825656282446 ], [ -83.705135967163159, 33.61193789133096 ], [ -83.706212085672078, 33.612053385560579 ], [ -83.706352076087413, 33.611165618191933 ], [ -83.707428185787506, 33.611281101183344 ], [ -83.707288207351439, 33.612168869719206 ] ] ] } },
{ "type": "Feature", "properties": { "id": "13_31", "growth_scenario": "high", "market_gravity_weight": 100 }, "geometry": { "type": "Polygon", "coordinates": [ [ [ -83.701627544484253, 33.61336686986423 ], [ -83.702703677438791, 33.613482396642013 ], [ -83.703779813564779, 33.613597913348734 ], [ -83.704855952861934, 33.613713419984315 ], [ -83.705932095329999, 33.613828916548755 ], [ -83.705792095403041, 33.614716680168705 ], [ -83.704715940955012, 33.614601182436793 ], [ -83.70457592587708, 33.615488943639967 ], [ -83.703499762619956, 33.615373434669209 ], [ -83.702423602534225, 33.615257915627105 ], [ -83.701347445620144, 33.615142386513739 ], [ -83.701487496638109, 33.61425462881369 ], [ -83.700411354875712, 33.614139090796996 ], [ -83.699335216285405, 33.614023542709177 ], [ -83.699475288090497, 33.613135786095555 ], [ -83.700551414701408, 33.613251333015405 ], [ -83.700691471355114, 33.61236357398419 ], [ -83.701767589158706, 33.612479109665237 ], [ -83.701627544484253, 33.61336686986423 ] ] ] } },
{ "type": "Feature", "properties": { "id": "13_32", "growth_scenario": "high", "market_gravity_weight": 100 }, "geometry": { "type": "Polygon", "coordinates": [ [ [ -83.715380707160548, 33.60942586252483 ], [ -83.716456806274962, 33.609541261448392 ], [ -83.717532908557033, 33.609656650300941 ], [ -83.717393047442116, 33.610544433086467 ], [ -83.716316933180593, 33.61042904306764 ], [ -83.715240822086812, 33.610313642977744 ], [ -83.714164714161058, 33.610198232816849 ], [ -83.714024813939815, 33.611086010853448 ], [ -83.712948697202933, 33.610970589454986 ], [ -83.711872583634701, 33.610855157985455 ], [ -83.710796473235376, 33.610739716444918 ], [ -83.709720366005229, 33.610624264833369 ], [ -83.709860314143441, 33.609736491463615 ], [ -83.710936409394506, 33.609851941908296 ], [ -83.712012507814634, 33.609967382282065 ], [ -83.712152428825789, 33.609079605328724 ], [ -83.713228518435699, 33.609195034464939 ], [ -83.714304611214033, 33.609310453530348 ], [ -83.714444505098825, 33.60842267299369 ], [ -83.715520589066358, 33.608538080821823 ], [ -83.715380707160548, 33.60942586252483 ] ] ] } },
{ "type": "Feature", "properties": { "id": "13_33", "growth_scenario": "high", "market_gravity_weight": 100 }, "geometry": { "type": "Polygon", "coordinates": [ [ [ -83.717198924878232, 33.597884602817949 ], [ -83.718274868284922, 33.597999986583794 ], [ -83.718135036361616, 33.598887784466825 ], [ -83.717995201271933, 33.599775581097724 ], [ -83.717855363015801, 33.600663376476668 ], [ -83.717715521593078, 33.601551170603869 ], [ -83.716639530281014, 33.601435782175002 ], [ -83.715563542135925, 33.601320383676097 ], [ -83.715703407511995, 33.600432591880626 ], [ -83.715843269720963, 33.599544798833335 ], [ -83.714767308695855, 33.599429392596342 ], [ -83.714907179713819, 33.598541599462912 ], [ -83.715983128762957, 33.598657004533969 ], [ -83.716122984638048, 33.597769208982406 ], [ -83.716262837346349, 33.596881412178426 ], [ -83.717338765610947, 33.596996804848274 ], [ -83.717198924878232, 33.597884602817949 ] ] ] } },
{ "type": "Feature", "properties": { "id": "13_34", "growth_scenario": "high", "market_gravity_weight": 100 }, "geometry": { "type": "Polygon", "coordinates": [ [ [ -84.485464725250694, 33.971550485103151 ], [ -84.485332955959834, 33.972438745617509 ], [ -84.484250749963053, 33.972330585032424 ], [ -84.483168546967661, 33.972222414317166 ], [ -84.482086346973958, 33.972114233471864 ], [ -84.482218152687309, 33.971225976284693 ], [ -84.481135967836138, 33.971117786418596 ], [ -84.481267782688036, 33.970229529182781 ], [ -84.482349955398846, 33.97033771793965 ], [ -84.482481755108637, 33.969449458436543 ], [ -84.483563918680986, 33.96955763595448 ], [ -84.484646085254667, 33.969665803342664 ], [ -84.485728254829439, 33.969773960600968 ], [ -84.485596491540534, 33.970662223431027 ], [ -84.485464725250694, 33.971550485103151 ] ] ] } },
{ "type": "Feature", "properties": { "id": "13_35", "growth_scenario": "high", "market_gravity_weight": 100 }, "geometry": { "type": "Polygon", "coordinates": [ [ [ -83.712668863295576, 33.612746139445839 ], [ -83.712528941588658, 33.613633912566989 ], [ -83.711452792080991, 33.613518477597189 ], [ -83.711312855224776, 33.614406248302238 ], [ -83.710236696906094, 33.614290802094189 ], [ -83.709160541757015, 33.614175345814743 ], [ -83.709300502573598, 33.6132875774437 ], [ -83.709440460220421, 33.612399807823259 ], [ -83.708364332200972, 33.612284343806806 ], [ -83.708504298657644, 33.611396574103779 ], [ -83.709580414697598, 33.611512036953208 ], [ -83.71065653390707, 33.611627489731653 ], [ -83.711732656285847, 33.611742932438993 ], [ -83.71280878183363, 33.61185836507525 ], [ -83.713884910550178, 33.611973787640302 ], [ -83.713745003992031, 33.612861563177596 ], [ -83.712668863295576, 33.612746139445839 ] ] ] } },
{ "type": "Feature", "properties": { "id": "13_36", "growth_scenario": "high", "market_gravity_weight": 100 }, "geometry": { "type": "Polygon", "coordinates": [ [ [ -83.716682376471681, 33.594218014250487 ], [ -83.71775826881111, 33.59433340342342 ], [ -83.7176184375773, 33.595221205151233 ], [ -83.718694345057727, 33.595336585420291 ], [ -83.718554522632871, 33.59622438706073 ], [ -83.718414697041965, 33.597112187448509 ], [ -83.717338765610947, 33.596996804848274 ], [ -83.716262837346349, 33.596881412178426 ], [ -83.716122984638048, 33.597769208982406 ], [ -83.715047047564639, 33.597653805077179 ], [ -83.715186912248427, 33.596766009439087 ], [ -83.71532677376527, 33.595878212548314 ], [ -83.715466632115294, 33.594990414404805 ], [ -83.715606487298587, 33.594102615008232 ], [ -83.715746339315274, 33.593214814358596 ], [ -83.716822216513933, 33.593330212435241 ], [ -83.716682376471681, 33.594218014250487 ] ] ] } },
{ "type": "Feature", "properties": { "id": "13_4", "growth_scenario": "high", "market_gravity_weight": 100 }, "geometry": { "type": "Polygon", "coordinates": [ [ [ -84.431945008535067, 33.895868951386007 ], [ -84.43302608216726, 33.895977611545014 ], [ -84.434107158808061, 33.896086261583747 ], [ -84.435188238457172, 33.896194901502213 ], [ -84.435056024374632, 33.897083190813063 ], [ -84.433974932611179, 33.896974549783891 ], [ -84.433842703405887, 33.897862836809828 ], [ -84.43276160253636, 33.897754184549328 ], [ -84.432629358207777, 33.898642469290216 ], [ -84.431548248232374, 33.898533805798266 ], [ -84.430467141266135, 33.89842513218575 ], [ -84.430599409823955, 33.89753684966702 ], [ -84.430731675372442, 33.896648565974104 ], [ -84.43086393791171, 33.895760281106796 ], [ -84.430996197441857, 33.894871995064904 ], [ -84.432077255951441, 33.894980664233131 ], [ -84.431945008535067, 33.895868951386007 ] ] ] } },
{ "type": "Feature", "properties": { "id": "13_5", "growth_scenario": "high", "market_gravity_weight": 100 }, "geometry": { "type": "Polygon", "coordinates": [ [ [ -84.440773625315217, 33.910279430635953 ], [ -84.441854910776655, 33.910388006245135 ], [ -84.441722748511495, 33.911276286849983 ], [ -84.441590583238778, 33.912164566283721 ], [ -84.440509273538751, 33.912055988453147 ], [ -84.439427966846637, 33.911947400500289 ], [ -84.438346663162719, 33.911838802425265 ], [ -84.437265362487253, 33.911730194228035 ], [ -84.436184064820509, 33.911621575908647 ], [ -84.435102770162757, 33.911512947467187 ], [ -84.434021478514254, 33.911404308903663 ], [ -84.434153728620842, 33.910516037247007 ], [ -84.435235008150528, 33.910624674699278 ], [ -84.436316290689362, 33.910733302029556 ], [ -84.437397576237089, 33.910841919237811 ], [ -84.438478864793424, 33.91095052632398 ], [ -84.439560156358127, 33.91105912328814 ], [ -84.439692342861505, 33.910170844904748 ], [ -84.439824526356915, 33.909282565349912 ], [ -84.440905796691837, 33.909391149970403 ], [ -84.440773625315217, 33.910279430635953 ] ] ] } },
{ "type": "Feature", "properties": { "id": "13_6", "growth_scenario": "high", "market_gravity_weight": 100 }, "geometry": { "type": "Polygon", "coordinates": [ [ [ -84.427507391044117, 33.859358550167045 ], [ -84.427375151967041, 33.86024687327987 ], [ -84.426294580638384, 33.860138155247895 ], [ -84.426162326451319, 33.861026476068751 ], [ -84.426030069256626, 33.861914795707762 ], [ -84.424949476730049, 33.861806065339387 ], [ -84.425081746027615, 33.860917746810564 ], [ -84.425214012317269, 33.860029427099882 ], [ -84.425346275599111, 33.859141106207197 ], [ -84.424265722388014, 33.859032369053367 ], [ -84.42318517218493, 33.858923621783688 ], [ -84.423317456662872, 33.858035301929242 ], [ -84.424397994764121, 33.858144048088683 ], [ -84.425478535873239, 33.858252784132333 ], [ -84.425610793139768, 33.857364460875075 ], [ -84.426691325154692, 33.857473185692875 ], [ -84.427771860176861, 33.857581900394948 ], [ -84.427639627114033, 33.858470225872132 ], [ -84.427507391044117, 33.859358550167045 ] ] ] } },
{ "type": "Feature", "properties": { "id": "13_7", "growth_scenario": "high", "market_gravity_weight": 100 }, "geometry": { "type": "Polygon", "coordinates": [ [ [ -83.708407946084108, 33.605066686426149 ], [ -83.708267989836244, 33.605954463714781 ], [ -83.708128030418962, 33.606842239752488 ], [ -83.707051980611354, 33.606726762596551 ], [ -83.705975933973548, 33.606611275370199 ], [ -83.704899890505772, 33.606495778073381 ], [ -83.703823850208323, 33.606380270706282 ], [ -83.703963857535797, 33.605492499336876 ], [ -83.704103861692801, 33.604604726716353 ], [ -83.705179878035736, 33.604720231749099 ], [ -83.705319867045517, 33.60383245671013 ], [ -83.706395874581588, 33.603947950505685 ], [ -83.707471885287376, 33.604063434231108 ], [ -83.707331920231653, 33.604951211604039 ], [ -83.708407946084108, 33.605066686426149 ] ] ] } },
{ "type": "Feature", "properties": { "id": "13_8", "growth_scenario": "high", "market_gravity_weight": 100 }, "geometry": { "type": "Polygon", "coordinates": [ [ [ -83.708451551938339, 33.597848957573717 ], [ -83.709527481980643, 33.5979644230625 ], [ -83.709387551084305, 33.59885221036491 ], [ -83.710463496270535, 33.598967666950621 ], [ -83.710323574181345, 33.599855454167091 ], [ -83.710183648923746, 33.6007432401315 ], [ -83.709107679785816, 33.600627781212864 ], [ -83.708031713816681, 33.600512312224481 ], [ -83.706955751016565, 33.600396833166236 ], [ -83.707095712201792, 33.59950905070162 ], [ -83.706019764546639, 33.599393562740481 ], [ -83.706159734538062, 33.598505780190294 ], [ -83.707235670217813, 33.598621266984736 ], [ -83.707375625064742, 33.597733482015407 ], [ -83.707515576742693, 33.596845695793441 ], [ -83.7085914916413, 33.596961170185203 ], [ -83.708451551938339, 33.597848957573717 ] ] ] } },
{ "type": "Feature", "properties": { "id": "13_9", "growth_scenario": "high", "market_gravity_weight": 100 }, "geometry": { "type": "Polygon", "coordinates": [ [ [ -83.699188457090486, 33.594145980633826 ], [ -83.700264322683282, 33.594261533244847 ], [ -83.700124293524752, 33.595149313804832 ], [ -83.699984261195624, 33.596037093111491 ], [ -83.698908371655349, 33.595921538166039 ], [ -83.698768324181387, 33.596809315052255 ], [ -83.697692425838056, 33.596693748870372 ], [ -83.696616530666077, 33.596578172619381 ], [ -83.696756602087973, 33.595690398068001 ], [ -83.695680722061397, 33.595574812915558 ], [ -83.69582080228534, 33.594687038278458 ], [ -83.696896670338376, 33.594802622263352 ], [ -83.697036735417385, 33.593914845205262 ], [ -83.69811259466843, 33.594030417953924 ], [ -83.698252644603031, 33.593142638474852 ], [ -83.699328495051859, 33.593258199987481 ], [ -83.699188457090486, 33.594145980633826 ] ] ] } },
{ "type": "Feature", "properties": { "id": "17_0", "growth_scenario": "high", "market_gravity_weight": 100 }, "geometry": { "type": "Polygon", "coordinates": [ [ [ -87.992128016254966, 42.030085489001813 ], [ -87.992025663733145, 42.030976303992261 ], [ -87.991923308601045, 42.031867119841962 ], [ -87.99071150517949, 42.031791870375585 ], [ -87.989499704368697, 42.031716609556781 ], [ -87.988287906169035, 42.031641337385636 ], [ -87.988390307325929, 42.030750524653264 ], [ -87.988492705871394, 42.029859712779988 ], [ -87.988595101805544, 42.028968901765509 ], [ -87.989806853981833, 42.029044170819006 ], [ -87.991018608768997, 42.02911942852063 ], [ -87.992230366166609, 42.029194674870297 ], [ -87.993442126174301, 42.029269909868013 ], [ -87.993339791603688, 42.030160725038215 ], [ -87.992128016254966, 42.030085489001813 ] ] ] } },
{ "type": "Feature", "properties": { "id": "17_1", "growth_scenario": "high", "market_gravity_weight": 100 }, "geometry": { "type": "Polygon", "coordinates": [ [ [ -87.989397315942156, 42.032607424187809 ], [ -87.989294924904371, 42.033498239678472 ], [ -87.989192531255242, 42.034389056029021 ], [ -87.987980687028781, 42.034313780739822 ], [ -87.987878275425174, 42.035204596911072 ], [ -87.986666418467578, 42.035129309229518 ], [ -87.986768845414133, 42.034238494097806 ], [ -87.985557006411725, 42.034163196103087 ], [ -87.985659446088519, 42.033272382871203 ], [ -87.985761883152804, 42.032381570499133 ], [ -87.986973691470709, 42.032456866414428 ], [ -87.987076110580915, 42.031566053862171 ], [ -87.988287906169035, 42.031641337385636 ], [ -87.989499704368697, 42.031716609556781 ], [ -87.99071150517949, 42.031791870375585 ], [ -87.990609132094932, 42.032682686045732 ], [ -87.989397315942156, 42.032607424187809 ] ] ] } },
{ "type": "Feature", "properties": { "id": "17_10", "growth_scenario": "high", "market_gravity_weight": 100 }, "geometry": { "type": "Polygon", "coordinates": [ [ [ -88.025945558229211, 42.043843777817749 ], [ -88.025843616852882, 42.044734634078218 ], [ -88.027055682584106, 42.044809555370762 ], [ -88.026953753957116, 42.045700413530206 ], [ -88.026851822730009, 42.046591272553826 ], [ -88.025639726299005, 42.046516349191272 ], [ -88.024427632468573, 42.046441414472923 ], [ -88.023215541239097, 42.046366468398958 ], [ -88.023317518516151, 42.045475612480871 ], [ -88.022105445237827, 42.045400656086748 ], [ -88.022207435263013, 42.044509802068248 ], [ -88.023419493191952, 42.044584757426904 ], [ -88.023521465266597, 42.04369390323685 ], [ -88.024733510447575, 42.043768846204898 ], [ -88.024835464572448, 42.04287799184322 ], [ -88.026047497005251, 42.042952922420966 ], [ -88.025945558229211, 42.043843777817749 ] ] ] } },
{ "type": "Feature", "properties": { "id": "17_11", "growth_scenario": "high", "market_gravity_weight": 100 }, "geometry": { "type": "Polygon", "coordinates": [ [ [ -88.024427632468573, 42.046441414472923 ], [ -88.024325667940445, 42.047332272290753 ], [ -88.023113561360717, 42.047257325181342 ], [ -88.021901457382427, 42.047182366716171 ], [ -88.021799459552014, 42.04807322332762 ], [ -88.020587342825095, 42.047998252470876 ], [ -88.02068935600596, 42.047107396895228 ], [ -88.019477257231713, 42.047032415718569 ], [ -88.019375228700497, 42.04792327025833 ], [ -88.018163117178602, 42.047848276689969 ], [ -88.018265161060071, 42.046957423186228 ], [ -88.018367202338567, 42.046066570547005 ], [ -88.019579283160326, 42.046141562043296 ], [ -88.019681306486433, 42.045250709232207 ], [ -88.020893374561112, 42.045325688337165 ], [ -88.022105445237827, 42.045400656086748 ], [ -88.023317518516151, 42.045475612480871 ], [ -88.023215541239097, 42.046366468398958 ], [ -88.024427632468573, 42.046441414472923 ] ] ] } },
{ "type": "Feature", "properties": { "id": "17_12", "growth_scenario": "high", "market_gravity_weight": 100 }, "geometry": { "type": "Polygon", "coordinates": [ [ [ -88.065229315489887, 42.063311780178587 ], [ -88.066441745818523, 42.063386333907573 ], [ -88.06634029255973, 42.064277242790951 ], [ -88.066238836712216, 42.065168152544885 ], [ -88.065026375663152, 42.065093596754629 ], [ -88.064924901865993, 42.065984506348499 ], [ -88.063712428045491, 42.065909938167522 ], [ -88.063813917203333, 42.0650190296045 ], [ -88.063915403771574, 42.064128121912162 ], [ -88.062702963261572, 42.064053544433321 ], [ -88.061490525341469, 42.063978955594898 ], [ -88.060278090011664, 42.063904355396957 ], [ -88.06037962006954, 42.063013451668382 ], [ -88.061592040039741, 42.063088050835013 ], [ -88.061693552147801, 42.062197146945195 ], [ -88.062905959348853, 42.062271733721452 ], [ -88.064118369139592, 42.062346309138405 ], [ -88.064016887750299, 42.063237215090211 ], [ -88.065229315489887, 42.063311780178587 ] ] ] } },
{ "type": "Feature", "properties": { "id": "17_13", "growth_scenario": "high", "market_gravity_weight": 100 }, "geometry": { "type": "Polygon", "coordinates": [ [ [ -88.068562338861966, 42.06620814273159 ], [ -88.068460908559302, 42.067099056288363 ], [ -88.067248411610592, 42.067024521156831 ], [ -88.067146963357914, 42.067915434554486 ], [ -88.065934453636189, 42.067840887032105 ], [ -88.065832987432699, 42.068731800270569 ], [ -88.064620464938173, 42.068657240356977 ], [ -88.06472194650361, 42.067766328149432 ], [ -88.064823425479517, 42.06687541681336 ], [ -88.06361093629792, 42.066800847601449 ], [ -88.062398449706137, 42.066726267029352 ], [ -88.06249995681469, 42.0658353586266 ], [ -88.063712428045491, 42.065909938167522 ], [ -88.064924901865993, 42.065984506348499 ], [ -88.065026375663152, 42.065093596754629 ], [ -88.066238836712216, 42.065168152544885 ], [ -88.067451300350115, 42.065242696975304 ], [ -88.067349857274635, 42.066133608630579 ], [ -88.068562338861966, 42.06620814273159 ] ] ] } },
{ "type": "Feature", "properties": { "id": "17_14", "growth_scenario": "high", "market_gravity_weight": 100 }, "geometry": { "type": "Polygon", "coordinates": [ [ [ -88.072098414933492, 42.067322593521311 ], [ -88.070885910221136, 42.067248092470621 ], [ -88.070784508054032, 42.06813900895942 ], [ -88.070683103299316, 42.069029926319914 ], [ -88.070581695956946, 42.069920844552357 ], [ -88.069369147745036, 42.069846329050527 ], [ -88.068156602121334, 42.069771802187965 ], [ -88.068258040189079, 42.068880886016316 ], [ -88.068359475668387, 42.067989970716539 ], [ -88.068460908559302, 42.067099056288363 ], [ -88.068562338861966, 42.06620814273159 ], [ -88.069774823037463, 42.066282665472492 ], [ -88.070987309800742, 42.066357176853295 ], [ -88.07219979915142, 42.066431676873904 ], [ -88.073412291089127, 42.066506165534328 ], [ -88.073310922232935, 42.067397083211631 ], [ -88.072098414933492, 42.067322593521311 ] ] ] } },
{ "type": "Feature", "properties": { "id": "17_15", "growth_scenario": "high", "market_gravity_weight": 100 }, "geometry": { "type": "Polygon", "coordinates": [ [ [ -88.068156602121334, 42.069771802187965 ], [ -88.069369147745036, 42.069846329050527 ], [ -88.070581695956946, 42.069920844552357 ], [ -88.07179424675661, 42.06999534869346 ], [ -88.071692852189642, 42.07088626882836 ], [ -88.07159145503519, 42.071777189835849 ], [ -88.070378873508687, 42.071702683634257 ], [ -88.069166294570167, 42.071628166071612 ], [ -88.069064864100213, 42.072519085890981 ], [ -88.06785227238629, 42.072444555936649 ], [ -88.067953718220025, 42.071553637147851 ], [ -88.068055161465011, 42.070662719231734 ], [ -88.066842603066931, 42.070588179977761 ], [ -88.065630047257912, 42.07051362936302 ], [ -88.065731518639979, 42.069622714380777 ], [ -88.066944059086183, 42.069697263964692 ], [ -88.067045512516458, 42.068806348823713 ], [ -88.068258040189079, 42.068880886016316 ], [ -88.068156602121334, 42.069771802187965 ] ] ] } },
{ "type": "Feature", "properties": { "id": "17_16", "growth_scenario": "high", "market_gravity_weight": 100 }, "geometry": { "type": "Polygon", "coordinates": [ [ [ -88.076745806352761, 42.069402328267465 ], [ -88.075533260569017, 42.069327870599416 ], [ -88.075431914678532, 42.070218792951692 ], [ -88.074219356117808, 42.070144322893142 ], [ -88.074117992277564, 42.071035245088076 ], [ -88.07290542094006, 42.070960762638755 ], [ -88.073006800143702, 42.07006984147376 ], [ -88.07179424675661, 42.06999534869346 ], [ -88.07189563873618, 42.069104429430823 ], [ -88.073108176760343, 42.06917892118107 ], [ -88.073209550790054, 42.068288001760443 ], [ -88.071997028128436, 42.06821351104017 ], [ -88.072098414933492, 42.067322593521311 ], [ -88.073310922232935, 42.067397083211631 ], [ -88.074523432119122, 42.067471561541524 ], [ -88.075735944591628, 42.067546028511082 ], [ -88.076948459650097, 42.067620484120127 ], [ -88.076847134294255, 42.068511405757796 ], [ -88.076745806352761, 42.069402328267465 ] ], [ [ -88.075634603873354, 42.068436949119267 ], [ -88.074422076038488, 42.068362481120161 ], [ -88.074320717371407, 42.06925340157057 ], [ -88.075533260569017, 42.069327870599416 ], [ -88.075634603873354, 42.068436949119267 ] ] ] } },
{ "type": "Feature", "properties": { "id": "17_17", "growth_scenario": "high", "market_gravity_weight": 100 }, "geometry": { "type": "Polygon", "coordinates": [ [ [ -88.131921920544883, 42.078160935905366 ], [ -88.130709164004045, 42.078086994739465 ], [ -88.130608509511703, 42.07897796954483 ], [ -88.129395740169826, 42.078904015992464 ], [ -88.128182973397401, 42.078830051076487 ], [ -88.128283658629584, 42.077939078317236 ], [ -88.127070909796757, 42.077865103060979 ], [ -88.127171607828629, 42.076974132200689 ], [ -88.127272303290482, 42.076083162215852 ], [ -88.128485021384918, 42.076157135425717 ], [ -88.12969774204889, 42.076231097272519 ], [ -88.130910465281985, 42.076305047756151 ], [ -88.132123191083849, 42.076378986876549 ], [ -88.132022557098594, 42.077269960953139 ], [ -88.131921920544883, 42.078160935905366 ] ] ] } },
{ "type": "Feature", "properties": { "id": "17_18", "growth_scenario": "high", "market_gravity_weight": 100 }, "geometry": { "type": "Polygon", "coordinates": [ [ [ -88.155056455833815, 42.067907088622135 ], [ -88.154956126682762, 42.068798071456321 ], [ -88.15374350839889, 42.068724347076824 ], [ -88.153643161320218, 42.06961532976527 ], [ -88.152430530230049, 42.069541593003763 ], [ -88.152330165222992, 42.070432575546498 ], [ -88.152229797654556, 42.071323558963321 ], [ -88.1510171383905, 42.071249808799671 ], [ -88.151117521326725, 42.070358826402732 ], [ -88.151217901701159, 42.06946784487986 ], [ -88.151318279513916, 42.068576864230813 ], [ -88.150105668913625, 42.0685031057644 ], [ -88.150206059531314, 42.067612127008807 ], [ -88.151418654765095, 42.067685884455379 ], [ -88.151519027454782, 42.066794905553223 ], [ -88.15273160988383, 42.066868650617984 ], [ -88.153944194873873, 42.06694238432069 ], [ -88.153843852916737, 42.067833365262082 ], [ -88.155056455833815, 42.067907088622135 ] ] ] } },
{ "type": "Feature", "properties": { "id": "17_19", "growth_scenario": "high", "market_gravity_weight": 100 }, "geometry": { "type": "Polygon", "coordinates": [ [ [ -88.158593996895434, 42.069019176420298 ], [ -88.157381370931432, 42.068945486128129 ], [ -88.15616874752709, 42.06887178447343 ], [ -88.156068431182916, 42.069762769200686 ], [ -88.154855794971311, 42.069689055164268 ], [ -88.15475546069932, 42.070580039746162 ], [ -88.153542811680651, 42.070506313327655 ], [ -88.153643161320218, 42.06961532976527 ], [ -88.15374350839889, 42.068724347076824 ], [ -88.154956126682762, 42.068798071456321 ], [ -88.155056455833815, 42.067907088622135 ], [ -88.153843852916737, 42.067833365262082 ], [ -88.153944194873873, 42.06694238432069 ], [ -88.155156782424527, 42.067016106661391 ], [ -88.156369372535409, 42.067089817639975 ], [ -88.157581965206148, 42.067163517256475 ], [ -88.158794560436334, 42.06723720551075 ], [ -88.158694279945465, 42.068128190528668 ], [ -88.158593996895434, 42.069019176420298 ] ] ] } },
{ "type": "Feature", "properties": { "id": "17_2", "growth_scenario": "high", "market_gravity_weight": 100 }, "geometry": { "type": "Polygon", "coordinates": [ [ [ -87.997777800187052, 42.034024841550554 ], [ -87.997675513939313, 42.034915665172726 ], [ -87.998887379046522, 42.034990849638362 ], [ -87.998785105533884, 42.035881675159196 ], [ -87.9986828294128, 42.036772501540909 ], [ -87.997470933617521, 42.036697314998705 ], [ -87.996259040431184, 42.03662211710315 ], [ -87.996361347240622, 42.035731292798197 ], [ -87.995149472007654, 42.035656084587941 ], [ -87.99525179155151, 42.034765262182205 ], [ -87.994039934271697, 42.034690043657406 ], [ -87.99414226654919, 42.033799223150744 ], [ -87.995354108485856, 42.033874440636858 ], [ -87.996565953031947, 42.033949646770218 ], [ -87.996668252014004, 42.033058825046538 ], [ -87.997880083826146, 42.033134018788665 ], [ -87.999091918246819, 42.033209201177982 ], [ -87.998989649950815, 42.034100024977981 ], [ -87.997777800187052, 42.034024841550554 ] ] ] } },
{ "type": "Feature", "properties": { "id": "17_20", "growth_scenario": "high", "market_gravity_weight": 100 }, "geometry": { "type": "Polygon", "coordinates": [ [ [ -88.153542811680651, 42.070506313327655 ], [ -88.15475546069932, 42.070580039746162 ], [ -88.155968112278615, 42.070653754801945 ], [ -88.155867790814057, 42.071544741277471 ], [ -88.1557674667892, 42.072435728627518 ], [ -88.154554784473405, 42.072362011532846 ], [ -88.153342104718391, 42.07228828307516 ], [ -88.153241747395526, 42.073179269260862 ], [ -88.152029054833093, 42.073105528420335 ], [ -88.150816364832338, 42.073031776216808 ], [ -88.1509167528924, 42.072140792070918 ], [ -88.1510171383905, 42.071249808799671 ], [ -88.152229797654556, 42.071323558963321 ], [ -88.152330165222992, 42.070432575546498 ], [ -88.152430530230049, 42.069541593003763 ], [ -88.153643161320218, 42.06961532976527 ], [ -88.153542811680651, 42.070506313327655 ] ] ] } },
{ "type": "Feature", "properties": { "id": "17_21", "growth_scenario": "high", "market_gravity_weight": 100 }, "geometry": { "type": "Polygon", "coordinates": [ [ [ -88.159305248619461, 42.073547803015558 ], [ -88.159204965581893, 42.074438795173208 ], [ -88.157992244847307, 42.074365110129698 ], [ -88.15677952667258, 42.074291413722662 ], [ -88.155566811058065, 42.074217705952258 ], [ -88.154354098004205, 42.074143986818484 ], [ -88.15314138751134, 42.074070256321441 ], [ -88.151928679579868, 42.073996514461108 ], [ -88.150715974210186, 42.07392276123754 ], [ -88.150816364832338, 42.073031776216808 ], [ -88.152029054833093, 42.073105528420335 ], [ -88.153241747395526, 42.073179269260862 ], [ -88.154454442519253, 42.073252998738191 ], [ -88.154554784473405, 42.072362011532846 ], [ -88.1557674667892, 42.072435728627518 ], [ -88.156980151665422, 42.072509434359141 ], [ -88.158192839101716, 42.0725831287277 ], [ -88.158092543254384, 42.073474118991093 ], [ -88.159305248619461, 42.073547803015558 ] ] ] } },
{ "type": "Feature", "properties": { "id": "17_22", "growth_scenario": "high", "market_gravity_weight": 100 }, "geometry": { "type": "Polygon", "coordinates": [ [ [ -88.159706355177008, 42.069983843134281 ], [ -88.160919001626823, 42.070057511720101 ], [ -88.160818744194216, 42.070948501397332 ], [ -88.160718484202917, 42.071839491949007 ], [ -88.159505807016572, 42.071765821325599 ], [ -88.15940552909764, 42.072656811733111 ], [ -88.158192839101716, 42.0725831287277 ], [ -88.156980151665422, 42.072509434359141 ], [ -88.157080460321751, 42.071618445989778 ], [ -88.157180766418122, 42.070727458495 ], [ -88.155968112278615, 42.070653754801945 ], [ -88.156068431182916, 42.069762769200686 ], [ -88.157281069954664, 42.069836471874503 ], [ -88.158493711286155, 42.069910163185675 ], [ -88.158593996895434, 42.069019176420298 ], [ -88.15980662541871, 42.069092855349957 ], [ -88.159706355177008, 42.069983843134281 ] ] ] } },
{ "type": "Feature", "properties": { "id": "17_23", "growth_scenario": "high", "market_gravity_weight": 100 }, "geometry": { "type": "Polygon", "coordinates": [ [ [ -88.240465005146632, 41.980682681056734 ], [ -88.241676187266279, 41.980755584764665 ], [ -88.24288737191192, 41.980828477123787 ], [ -88.242788287094626, 41.981719435950275 ], [ -88.242689199751609, 41.982610395627141 ], [ -88.241477984439086, 41.982537501258463 ], [ -88.241577087115729, 41.981646542586425 ], [ -88.240365889662939, 41.981573637873502 ], [ -88.239154694736627, 41.981500721811507 ], [ -88.239055561393002, 41.982391678473405 ], [ -88.237844353660208, 41.982318750057154 ], [ -88.237943502337174, 41.981427794400588 ], [ -88.238042648486882, 41.98053683959418 ], [ -88.238141792109445, 41.979645885637709 ], [ -88.238240933204935, 41.97875493253094 ], [ -88.239452079606664, 41.978827856926294 ], [ -88.24066322853497, 41.978900769973087 ], [ -88.240564118103947, 41.979791725090003 ], [ -88.240465005146632, 41.980682681056734 ] ] ] } },
{ "type": "Feature", "properties": { "id": "17_24", "growth_scenario": "high", "market_gravity_weight": 100 }, "geometry": { "type": "Polygon", "coordinates": [ [ [ -88.240861441818538, 41.97711886228759 ], [ -88.242072562609451, 41.977191761976222 ], [ -88.24328368592596, 41.977264650316577 ], [ -88.244494811767694, 41.977337527308578 ], [ -88.245705940134272, 41.97741039295223 ], [ -88.245606896082563, 41.978301350388513 ], [ -88.246818042305591, 41.978374205687828 ], [ -88.2467190110617, 41.97926516497774 ], [ -88.245507849506282, 41.9791923086742 ], [ -88.244296690475522, 41.979119441021872 ], [ -88.243085533969776, 41.979046562020962 ], [ -88.241874379989483, 41.978973671671355 ], [ -88.24066322853497, 41.978900769973087 ], [ -88.239452079606664, 41.978827856926294 ], [ -88.239551202843401, 41.977936903663846 ], [ -88.240762336439801, 41.978009815705676 ], [ -88.240861441818538, 41.97711886228759 ] ] ] } },
{ "type": "Feature", "properties": { "id": "17_25", "growth_scenario": "high", "market_gravity_weight": 100 }, "geometry": { "type": "Polygon", "coordinates": [ [ [ -88.218395465948859, 42.058286498429077 ], [ -88.219607970958293, 42.058359615734965 ], [ -88.21950847910864, 42.059250638256493 ], [ -88.219408984720147, 42.060141661650341 ], [ -88.21819644897819, 42.060068542322895 ], [ -88.216983915775572, 42.059995411633182 ], [ -88.215771385112674, 42.059922269581328 ], [ -88.214558856989882, 42.059849116167328 ], [ -88.214658412843619, 42.058958096817605 ], [ -88.213445902627384, 42.058884933052902 ], [ -88.213545471306418, 42.057993915586664 ], [ -88.214757966156967, 42.058067078340002 ], [ -88.215970463547805, 42.058140229731549 ], [ -88.217182963478564, 42.058213369761283 ], [ -88.217282483520734, 42.057322350133376 ], [ -88.218494970625429, 42.057395477790344 ], [ -88.218395465948859, 42.058286498429077 ] ] ] } },
{ "type": "Feature", "properties": { "id": "17_26", "growth_scenario": "high", "market_gravity_weight": 100 }, "geometry": { "type": "Polygon", "coordinates": [ [ [ -88.251563682522161, 41.979556476703998 ], [ -88.252774856695041, 41.97962927626336 ], [ -88.252675899592148, 41.980520241421971 ], [ -88.251464710086012, 41.980447440859145 ], [ -88.2502535231027, 41.980374628947189 ], [ -88.2501545328102, 41.981265592948816 ], [ -88.248943333016655, 41.981192768684075 ], [ -88.249042338642596, 41.980301805686274 ], [ -88.24783115670607, 41.980228971076293 ], [ -88.24661997729352, 41.980156125117446 ], [ -88.245408800405357, 41.980083267809633 ], [ -88.245507849506282, 41.9791923086742 ], [ -88.2467190110617, 41.97926516497774 ], [ -88.246818042305591, 41.978374205687828 ], [ -88.248029191052808, 41.978447049638625 ], [ -88.249240342323787, 41.97851988224069 ], [ -88.249141341744945, 41.97941084353856 ], [ -88.250352510871991, 41.979483665795719 ], [ -88.250451496118188, 41.978592703494172 ], [ -88.251662652435584, 41.978665513398852 ], [ -88.251563682522161, 41.979556476703998 ] ] ] } },
{ "type": "Feature", "properties": { "id": "17_27", "growth_scenario": "high", "market_gravity_weight": 100 }, "geometry": { "type": "Polygon", "coordinates": [ [ [ -88.232825713358693, 42.04928886258481 ], [ -88.231613351991044, 42.04921586999847 ], [ -88.231514026323069, 42.050106892026555 ], [ -88.23030165212694, 42.050033887070732 ], [ -88.229089280465487, 42.049960870754241 ], [ -88.229188636858751, 42.049069850743997 ], [ -88.227976283094875, 42.04899682407595 ], [ -88.228075652315255, 42.048105805944445 ], [ -88.228175019000361, 42.047214788682219 ], [ -88.229387342040397, 42.047287813332041 ], [ -88.230599667615238, 42.047360826621727 ], [ -88.231811995724456, 42.047433828551107 ], [ -88.233024326367683, 42.047506819120166 ], [ -88.232925021130043, 42.048397840417728 ], [ -88.232825713358693, 42.04928886258481 ] ] ] } },
{ "type": "Feature", "properties": { "id": "17_28", "growth_scenario": "high", "market_gravity_weight": 100 }, "geometry": { "type": "Polygon", "coordinates": [ [ [ -88.229924470904294, 42.064363362960087 ], [ -88.229825102139984, 42.065254399811849 ], [ -88.229725730839718, 42.066145437537791 ], [ -88.228513080049055, 42.066072414414556 ], [ -88.227300431794831, 42.065999379927867 ], [ -88.226087786077414, 42.065926334077702 ], [ -88.224875142897218, 42.065853276864168 ], [ -88.224974575675503, 42.064962243177909 ], [ -88.225074005916298, 42.064071210365746 ], [ -88.226286618358159, 42.064144265559015 ], [ -88.226386030692964, 42.063253232610656 ], [ -88.227598630303149, 42.063326275430917 ], [ -88.228811232449885, 42.063399306888186 ], [ -88.228711850852548, 42.064290341856257 ], [ -88.229924470904294, 42.064363362960087 ] ] ] } },
{ "type": "Feature", "properties": { "id": "17_29", "growth_scenario": "high", "market_gravity_weight": 100 }, "geometry": { "type": "Polygon", "coordinates": [ [ [ -88.228632479136365, 42.075946910299557 ], [ -88.228533077397145, 42.076837958536899 ], [ -88.227320242140479, 42.076764923293624 ], [ -88.226107409421417, 42.076691876685061 ], [ -88.226007974395714, 42.077582923779303 ], [ -88.224795128840142, 42.07750986479472 ], [ -88.224894579240342, 42.076618818711154 ], [ -88.223681751597638, 42.076545749372023 ], [ -88.223781214833465, 42.075654705176632 ], [ -88.223880675530623, 42.074763661858391 ], [ -88.225093472425712, 42.074836729176155 ], [ -88.226306271858974, 42.074909785128916 ], [ -88.227519073830038, 42.074982829716731 ], [ -88.228731878338479, 42.075055862939543 ], [ -88.229944685383956, 42.075128884797266 ], [ -88.229845301555855, 42.076019933167359 ], [ -88.228632479136365, 42.075946910299557 ] ] ] } },
{ "type": "Feature", "properties": { "id": "17_3", "growth_scenario": "high", "market_gravity_weight": 100 }, "geometry": { "type": "Polygon", "coordinates": [ [ [ -87.996361347240622, 42.035731292798197 ], [ -87.996259040431184, 42.03662211710315 ], [ -87.99615673101242, 42.037512942269117 ], [ -87.994944825090997, 42.037437731981541 ], [ -87.994842497717997, 42.038328556969979 ], [ -87.993630579061701, 42.03825333429014 ], [ -87.993732921779397, 42.037362510340557 ], [ -87.992521021077991, 42.037287277346152 ], [ -87.992623376529693, 42.03639645529659 ], [ -87.992725729370932, 42.035505634107864 ], [ -87.991513861967945, 42.035430391838197 ], [ -87.991616227542124, 42.034539572549001 ], [ -87.992828079601765, 42.034614813779704 ], [ -87.994039934271697, 42.034690043657406 ], [ -87.99525179155151, 42.034765262182205 ], [ -87.995149472007654, 42.035656084587941 ], [ -87.996361347240622, 42.035731292798197 ] ] ] } },
{ "type": "Feature", "properties": { "id": "17_30", "growth_scenario": "high", "market_gravity_weight": 100 }, "geometry": { "type": "Polygon", "coordinates": [ [ [ -88.230859381994918, 42.077875046062488 ], [ -88.2307600059316, 42.078766098075576 ], [ -88.229547134850776, 42.078693083543037 ], [ -88.228334266306959, 42.078620057644784 ], [ -88.228234856955808, 42.079511108515767 ], [ -88.227021975573933, 42.079438070241416 ], [ -88.227121400300547, 42.078547020380825 ], [ -88.227220822489357, 42.077655971398379 ], [ -88.226007974395714, 42.077582923779303 ], [ -88.226107409421417, 42.076691876685061 ], [ -88.227320242140479, 42.076764923293624 ], [ -88.228533077397145, 42.076837958536899 ], [ -88.228632479136365, 42.075946910299557 ], [ -88.229845301555855, 42.076019933167359 ], [ -88.231058126512053, 42.076092944669888 ], [ -88.230958755521712, 42.076983994927311 ], [ -88.230859381994918, 42.077875046062488 ] ] ] } },
{ "type": "Feature", "properties": { "id": "17_31", "growth_scenario": "high", "market_gravity_weight": 100 }, "geometry": { "type": "Polygon", "coordinates": [ [ [ -88.229447740875187, 42.079584135424312 ], [ -88.230660627331659, 42.079657150966973 ], [ -88.230561246194995, 42.080548204736793 ], [ -88.231774150564334, 42.080621209923493 ], [ -88.231674782267362, 42.081512265582113 ], [ -88.230461862521494, 42.081439259385341 ], [ -88.229248945312548, 42.08136624182233 ], [ -88.228036030640908, 42.081293212893186 ], [ -88.226823118506971, 42.081220172597902 ], [ -88.225610208911107, 42.081147120936521 ], [ -88.224397301853713, 42.081074057909063 ], [ -88.224496762408364, 42.080183008312993 ], [ -88.225709654089727, 42.080256070329646 ], [ -88.226922548309446, 42.080329120980345 ], [ -88.227021975573933, 42.079438070241416 ], [ -88.228234856955808, 42.079511108515767 ], [ -88.228334266306959, 42.078620057644784 ], [ -88.229547134850776, 42.078693083543037 ], [ -88.229447740875187, 42.079584135424312 ] ] ] } },
{ "type": "Feature", "properties": { "id": "17_32", "growth_scenario": "high", "market_gravity_weight": 100 }, "geometry": { "type": "Polygon", "coordinates": [ [ [ -88.232171598388831, 42.077056996074404 ], [ -88.232072240237017, 42.077948048219405 ], [ -88.233285101015269, 42.078021039010657 ], [ -88.234497964329279, 42.078094018436261 ], [ -88.234398634392335, 42.078985073478563 ], [ -88.234299301919933, 42.079876129399295 ], [ -88.233086407854415, 42.0798031479545 ], [ -88.231873516324868, 42.079730155143686 ], [ -88.231774150564334, 42.080621209923493 ], [ -88.230561246194995, 42.080548204736793 ], [ -88.230660627331659, 42.079657150966973 ], [ -88.229447740875187, 42.079584135424312 ], [ -88.229547134850776, 42.078693083543037 ], [ -88.2307600059316, 42.078766098075576 ], [ -88.230859381994918, 42.077875046062488 ], [ -88.230958755521712, 42.076983994927311 ], [ -88.231058126512053, 42.076092944669888 ], [ -88.232270954004591, 42.076165944807151 ], [ -88.232171598388831, 42.077056996074404 ] ] ] } },
{ "type": "Feature", "properties": { "id": "17_33", "growth_scenario": "high", "market_gravity_weight": 100 }, "geometry": { "type": "Polygon", "coordinates": [ [ [ -88.235512198520993, 42.079949099478064 ], [ -88.236725097657242, 42.080022058190835 ], [ -88.236625793402212, 42.080913117009111 ], [ -88.235412878889434, 42.080840157286943 ], [ -88.235313556722616, 42.081731215974777 ], [ -88.234100629368314, 42.081658243876866 ], [ -88.234001289288898, 42.082549302434217 ], [ -88.232788349093269, 42.082476317960193 ], [ -88.231575411433852, 42.082403322119738 ], [ -88.231674782267362, 42.081512265582113 ], [ -88.231774150564334, 42.080621209923493 ], [ -88.231873516324868, 42.079730155143686 ], [ -88.233086407854415, 42.0798031479545 ], [ -88.234299301919933, 42.079876129399295 ], [ -88.234398634392335, 42.078985073478563 ], [ -88.235611515617364, 42.079058042547878 ], [ -88.235512198520993, 42.079949099478064 ] ] ] } },
{ "type": "Feature", "properties": { "id": "17_34", "growth_scenario": "high", "market_gravity_weight": 100 }, "geometry": { "type": "Polygon", "coordinates": [ [ [ -88.242469790293725, 42.072294253212249 ], [ -88.24237057034145, 42.073185308165591 ], [ -88.241157784069699, 42.073112402985878 ], [ -88.24105854621115, 42.074003457807713 ], [ -88.239845747098528, 42.073930540254473 ], [ -88.238632950519261, 42.073857611336173 ], [ -88.238732219125154, 42.072966558531618 ], [ -88.238831485197423, 42.07207550660376 ], [ -88.238930748736152, 42.071184455552363 ], [ -88.240143499195725, 42.07125738144471 ], [ -88.240242744828578, 42.070366330260967 ], [ -88.241455482448643, 42.070439243780314 ], [ -88.242668222601267, 42.070512145935112 ], [ -88.242569007713641, 42.071403199135567 ], [ -88.242469790293725, 42.072294253212249 ] ] ] } },
{ "type": "Feature", "properties": { "id": "17_35", "growth_scenario": "high", "market_gravity_weight": 100 }, "geometry": { "type": "Polygon", "coordinates": [ [ [ -88.237122289330415, 42.076457831702442 ], [ -88.237022995213962, 42.077348887007361 ], [ -88.236923698563018, 42.078239943190262 ], [ -88.238136569481981, 42.078312888518539 ], [ -88.239349442935136, 42.078385822481025 ], [ -88.239250174501393, 42.079276881560247 ], [ -88.238037285672277, 42.07920394658877 ], [ -88.237937999328281, 42.08009500553748 ], [ -88.237838710449864, 42.080986065364932 ], [ -88.236625793402212, 42.080913117009111 ], [ -88.236725097657242, 42.080022058190835 ], [ -88.235512198520993, 42.079949099478064 ], [ -88.235611515617364, 42.079058042547878 ], [ -88.234398634392335, 42.078985073478563 ], [ -88.234497964329279, 42.078094018436261 ], [ -88.235710830178647, 42.078166986496093 ], [ -88.235810142204969, 42.077275931322461 ], [ -88.235909451696386, 42.076384877026747 ], [ -88.236008758653014, 42.075493823608653 ], [ -88.237221580912461, 42.075566777275178 ], [ -88.237122289330415, 42.076457831702442 ] ] ] } },
{ "type": "Feature", "properties": { "id": "17_36", "growth_scenario": "high", "market_gravity_weight": 100 }, "geometry": { "type": "Polygon", "coordinates": [ [ [ -88.242271347856715, 42.074076363995736 ], [ -88.243484152034839, 42.074149258818672 ], [ -88.243384942391813, 42.075040316534235 ], [ -88.242172122839392, 42.074967420703061 ], [ -88.242072895289425, 42.075858478287714 ], [ -88.240860062895067, 42.075785570082672 ], [ -88.240760817437376, 42.076676627536472 ], [ -88.239547972201294, 42.076603706957314 ], [ -88.238335129498836, 42.076530775012642 ], [ -88.238434405706215, 42.075639719576394 ], [ -88.238533679379643, 42.07474866501768 ], [ -88.238632950519261, 42.073857611336173 ], [ -88.239845747098528, 42.073930540254473 ], [ -88.24105854621115, 42.074003457807713 ], [ -88.241157784069699, 42.073112402985878 ], [ -88.24237057034145, 42.073185308165591 ], [ -88.242271347856715, 42.074076363995736 ] ] ] } },
{ "type": "Feature", "properties": { "id": "17_37", "growth_scenario": "high", "market_gravity_weight": 100 }, "geometry": { "type": "Polygon", "coordinates": [ [ [ -88.238952353996211, 42.081950064070071 ], [ -88.240165291489674, 42.08202299070232 ], [ -88.24006602829725, 42.082914054306222 ], [ -88.238853075426192, 42.082841126665016 ], [ -88.238753794321866, 42.083732190139528 ], [ -88.237540828607237, 42.083659250122487 ], [ -88.236327865427398, 42.083586298738659 ], [ -88.235114904782748, 42.08351333598813 ], [ -88.235214232020411, 42.082622275541738 ], [ -88.234001289288898, 42.082549302434217 ], [ -88.234100629368314, 42.081658243876866 ], [ -88.235313556722616, 42.081731215974777 ], [ -88.235412878889434, 42.080840157286943 ], [ -88.236625793402212, 42.080913117009111 ], [ -88.237838710449864, 42.080986065364932 ], [ -88.237739419036942, 42.081877126071433 ], [ -88.238952353996211, 42.081950064070071 ] ] ] } },
{ "type": "Feature", "properties": { "id": "17_38", "growth_scenario": "high", "market_gravity_weight": 100 }, "geometry": { "type": "Polygon", "coordinates": [ [ [ -88.243087298268733, 42.077713494946408 ], [ -88.241874432591104, 42.077640596090106 ], [ -88.241775197442564, 42.0785316563084 ], [ -88.24056231892213, 42.078458745077675 ], [ -88.240463065864418, 42.079349805165677 ], [ -88.239250174501393, 42.079276881560247 ], [ -88.239349442935136, 42.078385822481025 ], [ -88.238136569481981, 42.078312888518539 ], [ -88.238235850757462, 42.077421831326603 ], [ -88.238335129498836, 42.076530775012642 ], [ -88.239547972201294, 42.076603706957314 ], [ -88.240760817437376, 42.076676627536472 ], [ -88.240860062895067, 42.075785570082672 ], [ -88.242072895289425, 42.075858478287714 ], [ -88.243285730216527, 42.07593137512719 ], [ -88.243186515508867, 42.076822434597851 ], [ -88.243087298268733, 42.077713494946408 ] ] ] } },
{ "type": "Feature", "properties": { "id": "17_39", "growth_scenario": "high", "market_gravity_weight": 100 }, "geometry": { "type": "Polygon", "coordinates": [ [ [ -88.241675959760983, 42.079422717405066 ], [ -88.242888856190689, 42.079495618278351 ], [ -88.242789631352579, 42.080386681262198 ], [ -88.241576719546259, 42.080313779380383 ], [ -88.241477476798266, 42.081204842234612 ], [ -88.24026455214829, 42.081131927977722 ], [ -88.240165291489674, 42.08202299070232 ], [ -88.238952353996211, 42.081950064070071 ], [ -88.237739419036942, 42.081877126071433 ], [ -88.237838710449864, 42.080986065364932 ], [ -88.237937999328281, 42.08009500553748 ], [ -88.238037285672277, 42.07920394658877 ], [ -88.239250174501393, 42.079276881560247 ], [ -88.240463065864418, 42.079349805165677 ], [ -88.24056231892213, 42.078458745077675 ], [ -88.241775197442564, 42.0785316563084 ], [ -88.241675959760983, 42.079422717405066 ] ] ] } },
{ "type": "Feature", "properties": { "id": "17_4", "growth_scenario": "high", "market_gravity_weight": 100 }, "geometry": { "type": "Polygon", "coordinates": [ [ [ -87.986666418467578, 42.035129309229518 ], [ -87.986563988908713, 42.036020125221462 ], [ -87.986461556737439, 42.036910942074023 ], [ -87.986359121953654, 42.037801759787392 ], [ -87.987571024942383, 42.037877050588065 ], [ -87.988782930543337, 42.037952330035374 ], [ -87.989994838756118, 42.038027598129318 ], [ -87.989892447393473, 42.038918419822693 ], [ -87.988680523835995, 42.038843150689338 ], [ -87.988578114516727, 42.039733972204665 ], [ -87.98736617822621, 42.039658690677982 ], [ -87.986154244548118, 42.039583397797593 ], [ -87.986256684557247, 42.038692578361839 ], [ -87.985044768836744, 42.038617275167816 ], [ -87.985147221577535, 42.037726457633326 ], [ -87.985249671705333, 42.036835640959858 ], [ -87.985352119220224, 42.035944825147183 ], [ -87.985454564122321, 42.035054010195005 ], [ -87.985557006411725, 42.034163196103087 ], [ -87.986768845414133, 42.034238494097806 ], [ -87.986666418467578, 42.035129309229518 ] ] ] } },
{ "type": "Feature", "properties": { "id": "17_40", "growth_scenario": "high", "market_gravity_weight": 100 }, "geometry": { "type": "Polygon", "coordinates": [ [ [ -88.241258654446142, 41.874900096106877 ], [ -88.241159698826479, 41.875790945374639 ], [ -88.242369066975129, 41.875863833803244 ], [ -88.242270124124133, 41.876754684891786 ], [ -88.241060740688212, 41.876681795462233 ], [ -88.239851359770967, 41.876608894701846 ], [ -88.239752383826442, 41.877499744608514 ], [ -88.238542990140829, 41.877426831516061 ], [ -88.238641981372808, 41.876535982610676 ], [ -88.237432605494106, 41.87646305918863 ], [ -88.23753160949363, 41.875572212104601 ], [ -88.237630610973397, 41.874681365840182 ], [ -88.23772960993351, 41.873790520395318 ], [ -88.238938939952391, 41.873863440813459 ], [ -88.240148272490472, 41.873936349901278 ], [ -88.240049304102882, 41.874827197348509 ], [ -88.241258654446142, 41.874900096106877 ] ] ] } },
{ "type": "Feature", "properties": { "id": "17_41", "growth_scenario": "high", "market_gravity_weight": 100 }, "geometry": { "type": "Polygon", "coordinates": [ [ [ -88.238224566942662, 41.86933630545402 ], [ -88.239433820536206, 41.869409220866658 ], [ -88.239334849457208, 41.870300063218991 ], [ -88.239235875859421, 41.871190906389593 ], [ -88.238026591696894, 41.871117988974923 ], [ -88.237927600295166, 41.872008831962958 ], [ -88.237828606374066, 41.872899675769617 ], [ -88.23772960993351, 41.873790520395318 ], [ -88.236520282434171, 41.87371758864689 ], [ -88.236619294160477, 41.872826745022543 ], [ -88.236718303366928, 41.87193590221711 ], [ -88.235509008958431, 41.871862961141368 ], [ -88.23560803093001, 41.870972120155983 ], [ -88.235707050381549, 41.870081279989009 ], [ -88.236916314220693, 41.870154219061973 ], [ -88.237015315868177, 41.869263378711814 ], [ -88.237114314996219, 41.868372539179525 ], [ -88.238323550786859, 41.868445464920562 ], [ -88.238224566942662, 41.86933630545402 ] ] ] } },
{ "type": "Feature", "properties": { "id": "17_42", "growth_scenario": "high", "market_gravity_weight": 100 }, "geometry": { "type": "Polygon", "coordinates": [ [ [ -88.243804119171458, 42.082241702399614 ], [ -88.24370490211237, 42.083132769029653 ], [ -88.242491941640722, 42.08305987548858 ], [ -88.241278983702216, 42.082986970580755 ], [ -88.241179733353945, 42.083878036073266 ], [ -88.241080480472036, 42.084769102445648 ], [ -88.239867494310531, 42.084696184153238 ], [ -88.238654510683133, 42.084623254493863 ], [ -88.237441529590242, 42.084550313467595 ], [ -88.237540828607237, 42.083659250122487 ], [ -88.238753794321866, 42.083732190139528 ], [ -88.238853075426192, 42.082841126665016 ], [ -88.24006602829725, 42.082914054306222 ], [ -88.240165291489674, 42.08202299070232 ], [ -88.24026455214829, 42.081131927977722 ], [ -88.241477476798266, 42.081204842234612 ], [ -88.242690403981612, 42.081277745125078 ], [ -88.242591174077688, 42.082168809867099 ], [ -88.243804119171458, 42.082241702399614 ] ] ] } },
{ "type": "Feature", "properties": { "id": "17_43", "growth_scenario": "high", "market_gravity_weight": 100 }, "geometry": { "type": "Polygon", "coordinates": [ [ [ -88.245932450451434, 42.085060661944631 ], [ -88.245833256552146, 42.08595173323166 ], [ -88.245734060120583, 42.086842805399293 ], [ -88.244521033067656, 42.086769930558411 ], [ -88.243308008547487, 42.086697044350075 ], [ -88.242094986560446, 42.086624146774341 ], [ -88.242194229130575, 42.085733077632455 ], [ -88.242293469167265, 42.084842009370981 ], [ -88.242392706670614, 42.083950941989826 ], [ -88.243605682520538, 42.08402383653943 ], [ -88.244818660903292, 42.084096719722204 ], [ -88.246031641818547, 42.084169591537929 ], [ -88.24724462526585, 42.084242451986647 ], [ -88.247145449277696, 42.085133523401524 ], [ -88.245932450451434, 42.085060661944631 ] ] ] } },
{ "type": "Feature", "properties": { "id": "17_44", "growth_scenario": "high", "market_gravity_weight": 100 }, "geometry": { "type": "Polygon", "coordinates": [ [ [ -88.248358450635735, 42.085206373491197 ], [ -88.249571454525181, 42.085279212213642 ], [ -88.24947230676419, 42.086170286524883 ], [ -88.24937315647206, 42.087061361716934 ], [ -88.24816012182319, 42.086988520978615 ], [ -88.248060953619557, 42.08787959604367 ], [ -88.246847906122071, 42.087806742929587 ], [ -88.24563486115666, 42.087733878447864 ], [ -88.244421818723723, 42.087661002598509 ], [ -88.244521033067656, 42.086769930558411 ], [ -88.245734060120583, 42.086842805399293 ], [ -88.245833256552146, 42.08595173323166 ], [ -88.245932450451434, 42.085060661944631 ], [ -88.247145449277696, 42.085133523401524 ], [ -88.24724462526585, 42.084242451986647 ], [ -88.248457611244859, 42.084315301068322 ], [ -88.248358450635735, 42.085206373491197 ] ] ] } },
{ "type": "Feature", "properties": { "id": "17_5", "growth_scenario": "high", "market_gravity_weight": 100 }, "geometry": { "type": "Polygon", "coordinates": [ [ [ -87.992521021077991, 42.037287277346152 ], [ -87.993732921779397, 42.037362510340557 ], [ -87.993630579061701, 42.03825333429014 ], [ -87.992418663015698, 42.038178100256729 ], [ -87.992316302342715, 42.039068924028648 ], [ -87.992213939058956, 42.039959748662156 ], [ -87.991001994933484, 42.039884501196767 ], [ -87.991104373562507, 42.038993677602498 ], [ -87.991206749580371, 42.038102854869756 ], [ -87.989994838756118, 42.038027598129318 ], [ -87.99009722750732, 42.037136777297135 ], [ -87.988885334638823, 42.037061510242694 ], [ -87.988987736122581, 42.036170691310865 ], [ -87.990199613647164, 42.036245957325953 ], [ -87.990301997175735, 42.035355138215458 ], [ -87.991513861967945, 42.035430391838197 ], [ -87.992725729370932, 42.035505634107864 ], [ -87.992623376529693, 42.03639645529659 ], [ -87.992521021077991, 42.037287277346152 ] ] ] } },
{ "type": "Feature", "properties": { "id": "17_6", "growth_scenario": "high", "market_gravity_weight": 100 }, "geometry": { "type": "Polygon", "coordinates": [ [ [ -87.998478269344844, 42.038554156887606 ], [ -87.997266342859959, 42.038478968268734 ], [ -87.997164043567508, 42.039369796195913 ], [ -87.995952104346486, 42.039294595184771 ], [ -87.995849787099147, 42.040185422935053 ], [ -87.994637835142171, 42.040110209531356 ], [ -87.994740167735088, 42.039219382819802 ], [ -87.993528233733699, 42.039144159101099 ], [ -87.992316302342715, 42.039068924028648 ], [ -87.992418663015698, 42.038178100256729 ], [ -87.993630579061701, 42.03825333429014 ], [ -87.994842497717997, 42.038328556969979 ], [ -87.994944825090997, 42.037437731981541 ], [ -87.99615673101242, 42.037512942269117 ], [ -87.996259040431184, 42.03662211710315 ], [ -87.997470933617521, 42.036697314998705 ], [ -87.9986828294128, 42.036772501540909 ], [ -87.998580550683158, 42.03766332878358 ], [ -87.998478269344844, 42.038554156887606 ] ] ] } },
{ "type": "Feature", "properties": { "id": "17_7", "growth_scenario": "high", "market_gravity_weight": 100 }, "geometry": { "type": "Polygon", "coordinates": [ [ [ -87.991104373562507, 42.038993677602498 ], [ -87.991001994933484, 42.039884501196767 ], [ -87.992213939058956, 42.039959748662156 ], [ -87.993425885795304, 42.040034984773705 ], [ -87.993323535246418, 42.040925811308142 ], [ -87.992111573164308, 42.040850574157496 ], [ -87.992009204658686, 42.04174140051493 ], [ -87.990797229841505, 42.041666150970912 ], [ -87.98958525763581, 42.041590890072833 ], [ -87.989687656833411, 42.040700065794198 ], [ -87.988475702585404, 42.040624794581625 ], [ -87.987263750949538, 42.040549512015232 ], [ -87.98736617822621, 42.039658690677982 ], [ -87.988578114516727, 42.039733972204665 ], [ -87.988680523835995, 42.038843150689338 ], [ -87.989892447393473, 42.038918419822693 ], [ -87.989994838756118, 42.038027598129318 ], [ -87.991206749580371, 42.038102854869756 ], [ -87.991104373562507, 42.038993677602498 ] ] ] } },
{ "type": "Feature", "properties": { "id": "17_8", "growth_scenario": "high", "market_gravity_weight": 100 }, "geometry": { "type": "Polygon", "coordinates": [ [ [ -87.995849787099147, 42.040185422935053 ], [ -87.995747467242055, 42.041076251547338 ], [ -87.9969594371548, 42.041151454635767 ], [ -87.996857130034343, 42.042042285149059 ], [ -87.995645144775153, 42.041967081021902 ], [ -87.995542819698315, 42.042857911358894 ], [ -87.99433082170232, 42.042782694838529 ], [ -87.99311882631676, 42.042707466963755 ], [ -87.993221182086927, 42.041816638704759 ], [ -87.992009204658686, 42.04174140051493 ], [ -87.992111573164308, 42.040850574157496 ], [ -87.993323535246418, 42.040925811308142 ], [ -87.993425885795304, 42.040034984773705 ], [ -87.992213939058956, 42.039959748662156 ], [ -87.992316302342715, 42.039068924028648 ], [ -87.993528233733699, 42.039144159101099 ], [ -87.994740167735088, 42.039219382819802 ], [ -87.994637835142171, 42.040110209531356 ], [ -87.995849787099147, 42.040185422935053 ] ] ] } },
{ "type": "Feature", "properties": { "id": "17_9", "growth_scenario": "high", "market_gravity_weight": 100 }, "geometry": { "type": "Polygon", "coordinates": [ [ [ -88.023521465266597, 42.04369390323685 ], [ -88.023419493191952, 42.044584757426904 ], [ -88.022207435263013, 42.044509802068248 ], [ -88.022105445237827, 42.045400656086748 ], [ -88.020893374561112, 42.045325688337165 ], [ -88.019681306486433, 42.045250709232207 ], [ -88.018469241014159, 42.045175718771887 ], [ -88.018571277086963, 42.044284867860668 ], [ -88.018673310557091, 42.0433940178131 ], [ -88.018775341424586, 42.04250316862899 ], [ -88.01998736085072, 42.042578155981737 ], [ -88.021199382878962, 42.042653131979542 ], [ -88.022411407508912, 42.04272809662239 ], [ -88.022309422686675, 42.043618948913597 ], [ -88.023521465266597, 42.04369390323685 ] ] ] } },
{ "type": "Feature", "properties": { "id": "18_0", "growth_scenario": "high", "market_gravity_weight": 100 }, "geometry": { "type": "Polygon", "coordinates": [ [ [ -87.503501509815692, 41.642557875403703 ], [ -87.503393527213476, 41.643447907169985 ], [ -87.503285541873822, 41.644337939673733 ], [ -87.502080964334453, 41.644258145390133 ], [ -87.500876389532991, 41.644178339831811 ], [ -87.499671817469832, 41.644098522998753 ], [ -87.498467248145332, 41.644018694890967 ], [ -87.497262681559889, 41.643938855508544 ], [ -87.496058117713872, 41.643859004851485 ], [ -87.496166193925035, 41.642968978863948 ], [ -87.49737074262606, 41.643048828434551 ], [ -87.497478800952891, 41.642158802097889 ], [ -87.498683337248522, 41.642238639307841 ], [ -87.499887876283012, 41.64231846524347 ], [ -87.499779848245694, 41.643208493752432 ], [ -87.500984405163564, 41.643288309499546 ], [ -87.502188964819609, 41.643368113972066 ], [ -87.502296962566959, 41.642478083291429 ], [ -87.502404957576601, 41.641588053347952 ], [ -87.503609489680585, 41.64166784437473 ], [ -87.503501509815692, 41.642557875403703 ] ] ] } },
{ "type": "Feature", "properties": { "id": "19_0", "growth_scenario": "high", "market_gravity_weight": 100 }, "geometry": { "type": "Polygon", "coordinates": [ [ [ -93.587024316109222, 41.567046695312285 ], [ -93.586993644819387, 41.567939938546324 ], [ -93.586962972749973, 41.568833182585777 ], [ -93.585755252141979, 41.568810491203998 ], [ -93.584547532313962, 41.568787788471013 ], [ -93.583339813266335, 41.568765074386889 ], [ -93.582132094999452, 41.568742348951638 ], [ -93.582162828421119, 41.567849106149161 ], [ -93.582193561061658, 41.566955864152042 ], [ -93.583401248652876, 41.566978588968354 ], [ -93.583431965175066, 41.566085347466768 ], [ -93.584639638209737, 41.566108060623009 ], [ -93.585847312024683, 41.566130762428543 ], [ -93.585816626177049, 41.5670240045485 ], [ -93.587024316109222, 41.567046695312285 ] ] ] } },
{ "type": "Feature", "properties": { "id": "19_1", "growth_scenario": "high", "market_gravity_weight": 100 }, "geometry": { "type": "Polygon", "coordinates": [ [ [ -93.574804251071257, 41.641006597881031 ], [ -93.574773392016311, 41.641899906340065 ], [ -93.574742532176188, 41.642793215625517 ], [ -93.573533543417312, 41.642770407633712 ], [ -93.573564418627669, 41.641877098659748 ], [ -93.572355446024602, 41.641854279615629 ], [ -93.572386335819203, 41.640960971779606 ], [ -93.571177379371861, 41.640938141683527 ], [ -93.571208283749954, 41.640044834985403 ], [ -93.569999343458264, 41.640021993837593 ], [ -93.570030262419053, 41.639128688277061 ], [ -93.571239187341774, 41.639151529112993 ], [ -93.57244811305074, 41.639174358585663 ], [ -93.573657039545537, 41.639197176695042 ], [ -93.574865966825826, 41.639219983441095 ], [ -93.574835109341095, 41.640113290248138 ], [ -93.574804251071257, 41.641006597881031 ] ] ] } },
{ "type": "Feature", "properties": { "id": "19_10", "growth_scenario": "high", "market_gravity_weight": 100 }, "geometry": { "type": "Polygon", "coordinates": [ [ [ -93.550438229818312, 41.645908117034864 ], [ -93.550407058613928, 41.646801424196269 ], [ -93.550375886616379, 41.647694732185379 ], [ -93.549166821417401, 41.647671695030027 ], [ -93.549135633254295, 41.648565003532354 ], [ -93.547926553476557, 41.648541954697635 ], [ -93.546717474492823, 41.648518894498181 ], [ -93.546748693400559, 41.647625586625644 ], [ -93.546779911513937, 41.646732279580945 ], [ -93.546811128832985, 41.645838973363766 ], [ -93.546842345357746, 41.644945667973985 ], [ -93.548051362854608, 41.644968726913724 ], [ -93.549260381145359, 41.64499177448932 ], [ -93.549229195362898, 41.645885080508748 ], [ -93.550438229818312, 41.645908117034864 ] ] ] } },
{ "type": "Feature", "properties": { "id": "19_11", "growth_scenario": "high", "market_gravity_weight": 100 }, "geometry": { "type": "Polygon", "coordinates": [ [ [ -93.566993271312072, 41.656949228433014 ], [ -93.565784041298599, 41.656926347257993 ], [ -93.565753060468637, 41.657819668446017 ], [ -93.564543815866898, 41.657796775591933 ], [ -93.563334572053989, 41.657773871371361 ], [ -93.563365583637264, 41.656880550808985 ], [ -93.562156355990169, 41.656857635535069 ], [ -93.562187382160459, 41.65596431611641 ], [ -93.562218407541195, 41.655070997528014 ], [ -93.563427604436242, 41.655093912175822 ], [ -93.564636802120432, 41.655116815457696 ], [ -93.565846000593339, 41.655139707373543 ], [ -93.567055199854607, 41.655162587923328 ], [ -93.567024235977328, 41.656055907762955 ], [ -93.566993271312072, 41.656949228433014 ] ] ] } },
{ "type": "Feature", "properties": { "id": "19_12", "growth_scenario": "high", "market_gravity_weight": 100 }, "geometry": { "type": "Polygon", "coordinates": [ [ [ -93.557474883764925, 41.652299278252556 ], [ -93.557443799254344, 41.653192593097842 ], [ -93.557412713952743, 41.654085908772601 ], [ -93.556203536384501, 41.654062937608849 ], [ -93.556172434916562, 41.654956253799618 ], [ -93.554963242764501, 41.65493327095615 ], [ -93.554994359607676, 41.654039955079369 ], [ -93.553785183622693, 41.654016961184098 ], [ -93.553816315048877, 41.653123646451185 ], [ -93.553847445682848, 41.652230332547752 ], [ -93.552638301239298, 41.652207327915256 ], [ -93.552669446455127, 41.651314015155286 ], [ -93.553878575524664, 41.651337019473495 ], [ -93.555087705386327, 41.65136001242648 ], [ -93.556296836039735, 41.651382994014142 ], [ -93.556265736946045, 41.652276307716406 ], [ -93.557474883764925, 41.652299278252556 ] ] ] } },
{ "type": "Feature", "properties": { "id": "19_13", "growth_scenario": "high", "market_gravity_weight": 100 }, "geometry": { "type": "Polygon", "coordinates": [ [ [ -93.528221589364293, 41.62402949952476 ], [ -93.528190145309665, 41.624922780902139 ], [ -93.528158700455208, 41.625816063100778 ], [ -93.526950019206708, 41.625792817637709 ], [ -93.526918558189948, 41.626686100340564 ], [ -93.52570986237933, 41.626662843199483 ], [ -93.525741338758465, 41.625769560814014 ], [ -93.524532659110875, 41.625746292629664 ], [ -93.524564150051333, 41.624853011383152 ], [ -93.523355486566729, 41.624829732155852 ], [ -93.523386992067699, 41.623936452048191 ], [ -93.524595640190753, 41.623959730957843 ], [ -93.524627129529208, 41.623066451353466 ], [ -93.525835763092061, 41.62308971858527 ], [ -93.527044397455484, 41.623112974456923 ], [ -93.527012938839434, 41.624006254696155 ], [ -93.528221589364293, 41.62402949952476 ] ] ] } },
{ "type": "Feature", "properties": { "id": "19_14", "growth_scenario": "high", "market_gravity_weight": 100 }, "geometry": { "type": "Polygon", "coordinates": [ [ [ -93.524816048740945, 41.617706790952326 ], [ -93.524784564207764, 41.618600065636514 ], [ -93.524753078873772, 41.6194933411401 ], [ -93.524721592738956, 41.620386617463296 ], [ -93.523513006058181, 41.620363339824188 ], [ -93.523544507552586, 41.619470063818575 ], [ -93.523576008245783, 41.618576788632559 ], [ -93.523607508137786, 41.617683514265927 ], [ -93.522398968335764, 41.617660226220288 ], [ -93.522367453084982, 41.618553500269229 ], [ -93.521158898725773, 41.618530200546459 ], [ -93.521190429335292, 41.617636926815493 ], [ -93.521221959142892, 41.616743653903505 ], [ -93.521253488148588, 41.615850381810453 ], [ -93.52246199643271, 41.615873680579639 ], [ -93.523670505518339, 41.615896967989833 ], [ -93.524879015405048, 41.615920244041163 ], [ -93.524847532473359, 41.61681351708728 ], [ -93.524816048740945, 41.617706790952326 ] ] ] } },
{ "type": "Feature", "properties": { "id": "19_15", "growth_scenario": "high", "market_gravity_weight": 100 }, "geometry": { "type": "Polygon", "coordinates": [ [ [ -93.570497284065667, 41.660591098497214 ], [ -93.569287990179831, 41.660568250172439 ], [ -93.569257052330784, 41.661461575623207 ], [ -93.568047743853981, 41.661438715619163 ], [ -93.566838436164957, 41.661415844248005 ], [ -93.566869404770586, 41.660522519422166 ], [ -93.565660113247986, 41.660499636996541 ], [ -93.565691096443359, 41.659606313315116 ], [ -93.565722078850243, 41.658712990464977 ], [ -93.566931339617483, 41.658735872265261 ], [ -93.568140601172828, 41.658758742698893 ], [ -93.569349863515853, 41.658781601765902 ], [ -93.570559126646174, 41.658804449466217 ], [ -93.570528205749397, 41.659697773565973 ], [ -93.570497284065667, 41.660591098497214 ] ] ] } },
{ "type": "Feature", "properties": { "id": "19_16", "growth_scenario": "high", "market_gravity_weight": 100 }, "geometry": { "type": "Polygon", "coordinates": [ [ [ -93.538811180566157, 41.563450523762292 ], [ -93.53877989817623, 41.564343752103269 ], [ -93.538748614991235, 41.565236981248304 ], [ -93.538717331011171, 41.566130211197496 ], [ -93.537509672579702, 41.566107066408065 ], [ -93.536302014943729, 41.566083910268212 ], [ -93.536333329596019, 41.565190680949456 ], [ -93.535125688092009, 41.565167513774647 ], [ -93.535157017284106, 41.564274285575543 ], [ -93.535188345680012, 41.563381058180433 ], [ -93.535219673279727, 41.562487831589003 ], [ -93.536427268777871, 41.562510997817427 ], [ -93.537634865071794, 41.562534152696145 ], [ -93.537603568141904, 41.563427379918267 ], [ -93.538811180566157, 41.563450523762292 ] ] ] } },
{ "type": "Feature", "properties": { "id": "19_17", "growth_scenario": "high", "market_gravity_weight": 100 }, "geometry": { "type": "Polygon", "coordinates": [ [ [ -93.524658618066695, 41.622173172569752 ], [ -93.525867236268766, 41.622196439484064 ], [ -93.525835763092061, 41.62308971858527 ], [ -93.524627129529208, 41.623066451353466 ], [ -93.524595640190753, 41.623959730957843 ], [ -93.523386992067699, 41.623936452048191 ], [ -93.523418496767306, 41.623043172761435 ], [ -93.52220986480674, 41.623019882809288 ], [ -93.521001233647922, 41.622996581496992 ], [ -93.521032768267602, 41.622103303666655 ], [ -93.521064302085207, 41.621210026656648 ], [ -93.522272902523028, 41.621233327333101 ], [ -93.522304420178642, 41.62034005082532 ], [ -93.523513006058181, 41.620363339824188 ], [ -93.524721592738956, 41.620386617463296 ], [ -93.524690105803288, 41.621279894606438 ], [ -93.524658618066695, 41.622173172569752 ] ] ] } },
{ "type": "Feature", "properties": { "id": "19_18", "growth_scenario": "high", "market_gravity_weight": 100 }, "geometry": { "type": "Polygon", "coordinates": [ [ [ -93.523513006058181, 41.620363339824188 ], [ -93.522304420178642, 41.62034005082532 ], [ -93.522272902523028, 41.621233327333101 ], [ -93.521064302085207, 41.621210026656648 ], [ -93.521032768267602, 41.622103303666655 ], [ -93.521001233647922, 41.622996581496992 ], [ -93.519792603291208, 41.622973268824559 ], [ -93.519824153271585, 41.622079991312333 ], [ -93.519855702449462, 41.621186714620414 ], [ -93.518647103616161, 41.621163391224329 ], [ -93.518678667351466, 41.620270115670841 ], [ -93.519887250824894, 41.620293438748639 ], [ -93.519918798397896, 41.619400163696724 ], [ -93.521127367314264, 41.619423475096866 ], [ -93.521158898725773, 41.618530200546459 ], [ -93.522367453084982, 41.618553500269229 ], [ -93.523576008245783, 41.618576788632559 ], [ -93.523544507552586, 41.619470063818575 ], [ -93.523513006058181, 41.620363339824188 ] ] ] } },
{ "type": "Feature", "properties": { "id": "19_19", "growth_scenario": "high", "market_gravity_weight": 100 }, "geometry": { "type": "Polygon", "coordinates": [ [ [ -93.574063416986675, 41.662446229498684 ], [ -93.575272744775347, 41.662469032978542 ], [ -93.575241882247468, 41.663362361653093 ], [ -93.575211018934084, 41.664255691160164 ], [ -93.575180154835181, 41.665149021500049 ], [ -93.573970780907587, 41.665126217085266 ], [ -93.572761407765924, 41.665103401302687 ], [ -93.571552035410591, 41.665080574152256 ], [ -93.571582945649496, 41.664187244747787 ], [ -93.571613855101702, 41.66329391617613 ], [ -93.571644763767253, 41.662400588436881 ], [ -93.572854089983835, 41.662423414651428 ], [ -93.572884982483956, 41.661530087432496 ], [ -93.574094294107951, 41.661552901967973 ], [ -93.574063416986675, 41.662446229498684 ] ] ] } },
{ "type": "Feature", "properties": { "id": "19_2", "growth_scenario": "high", "market_gravity_weight": 100 }, "geometry": { "type": "Polygon", "coordinates": [ [ [ -93.547015067254662, 41.570758079740912 ], [ -93.548222808723779, 41.570781135296578 ], [ -93.548191642681388, 41.571674372593151 ], [ -93.549399400281388, 41.571697417111366 ], [ -93.549368248785967, 41.572590655527954 ], [ -93.548160475846842, 41.572567610695849 ], [ -93.548129308220069, 41.573460849604977 ], [ -93.546921520733676, 41.573437793107253 ], [ -93.545713734039893, 41.57341472525782 ], [ -93.545744932345599, 41.572521486976896 ], [ -93.544537161784248, 41.572498408090048 ], [ -93.544568374636, 41.571605170929921 ], [ -93.544599586694417, 41.570711934575819 ], [ -93.545807326578071, 41.570735012834014 ], [ -93.545838522504908, 41.569841776971501 ], [ -93.547046247843213, 41.569864843564297 ], [ -93.547015067254662, 41.570758079740912 ] ] ] } },
{ "type": "Feature", "properties": { "id": "19_20", "growth_scenario": "high", "market_gravity_weight": 100 }, "geometry": { "type": "Polygon", "coordinates": [ [ [ -93.565660113247986, 41.660499636996541 ], [ -93.566869404770586, 41.660522519422166 ], [ -93.566838436164957, 41.661415844248005 ], [ -93.565629129264096, 41.661392961509762 ], [ -93.564419823151781, 41.661370067404391 ], [ -93.563210517828438, 41.661347161931914 ], [ -93.562001213294408, 41.661324245092388 ], [ -93.562032243412915, 41.660430921518184 ], [ -93.56206327274171, 41.659537598775664 ], [ -93.562094301280823, 41.658644276864443 ], [ -93.563303559681515, 41.658667192764568 ], [ -93.564512818871449, 41.658690097298077 ], [ -93.565722078850243, 41.658712990464977 ], [ -93.565691096443359, 41.659606313315116 ], [ -93.565660113247986, 41.660499636996541 ] ] ] } },
{ "type": "Feature", "properties": { "id": "19_21", "growth_scenario": "high", "market_gravity_weight": 100 }, "geometry": { "type": "Polygon", "coordinates": [ [ [ -93.552513712450121, 41.655780587249772 ], [ -93.553722918393646, 41.655803593139382 ], [ -93.554932125129469, 41.655826587662908 ], [ -93.556141332657162, 41.655849570820315 ], [ -93.557350540976387, 41.655872542611739 ], [ -93.558559750086701, 41.65589550303703 ], [ -93.558528677787962, 41.656788821515562 ], [ -93.558497604698459, 41.657682140824654 ], [ -93.557288364835557, 41.657659179771976 ], [ -93.55607912576383, 41.657636207352866 ], [ -93.554869887483676, 41.657613223567395 ], [ -93.553660649995464, 41.657590228415508 ], [ -93.552451413299593, 41.657567221897338 ], [ -93.552482563271212, 41.656673904158318 ], [ -93.552513712450121, 41.655780587249772 ] ] ] } },
{ "type": "Feature", "properties": { "id": "19_22", "growth_scenario": "high", "market_gravity_weight": 100 }, "geometry": { "type": "Polygon", "coordinates": [ [ [ -93.523355486566729, 41.624829732155852 ], [ -93.524564150051333, 41.624853011383152 ], [ -93.524532659110875, 41.625746292629664 ], [ -93.525741338758465, 41.625769560814014 ], [ -93.52570986237933, 41.626662843199483 ], [ -93.524501167369394, 41.62663957469757 ], [ -93.524469674826832, 41.627532857587205 ], [ -93.523260965255247, 41.627509577406798 ], [ -93.522052256485168, 41.62748628586543 ], [ -93.520843548516964, 41.627462982963209 ], [ -93.520875087147587, 41.626569701027186 ], [ -93.520906624975964, 41.625676419912764 ], [ -93.522115302219248, 41.625699722179036 ], [ -93.522146823883531, 41.624806441568019 ], [ -93.522178344746024, 41.623913161778226 ], [ -93.523386992067699, 41.623936452048191 ], [ -93.523355486566729, 41.624829732155852 ] ] ] } },
{ "type": "Feature", "properties": { "id": "19_23", "growth_scenario": "high", "market_gravity_weight": 100 }, "geometry": { "type": "Polygon", "coordinates": [ [ [ -93.540734682239034, 41.646616811267016 ], [ -93.540703387266547, 41.647510116734679 ], [ -93.54067209149774, 41.648403423030167 ], [ -93.539463017286167, 41.648380294642493 ], [ -93.538253943871354, 41.648357154890199 ], [ -93.538285270384364, 41.647463849226604 ], [ -93.538316596100287, 41.646570544390826 ], [ -93.53710755422631, 41.646547393906225 ], [ -93.53713889451646, 41.645654090214038 ], [ -93.537170234009182, 41.644760787349107 ], [ -93.538379245140987, 41.644783937201389 ], [ -93.539588257069795, 41.644807075689691 ], [ -93.540797269795206, 41.644830202813907 ], [ -93.540765976415244, 41.645723506626837 ], [ -93.540734682239034, 41.646616811267016 ] ] ] } },
{ "type": "Feature", "properties": { "id": "19_24", "growth_scenario": "high", "market_gravity_weight": 100 }, "geometry": { "type": "Polygon", "coordinates": [ [ [ -93.560822955046774, 41.660407993624936 ], [ -93.560791909550133, 41.661301316885805 ], [ -93.560760863263383, 41.662194640978569 ], [ -93.559551544930727, 41.662171701091495 ], [ -93.558342227388607, 41.662148749837229 ], [ -93.558373304432322, 41.661255426371589 ], [ -93.557164003059583, 41.6612324640639 ], [ -93.557195094690442, 41.660339141743847 ], [ -93.557226185530041, 41.659445820255328 ], [ -93.55843545614708, 41.659468781935466 ], [ -93.55846653081818, 41.658575460964549 ], [ -93.559675786848771, 41.658598410964395 ], [ -93.560885043669771, 41.658621349597695 ], [ -93.560853999753306, 41.659514671195637 ], [ -93.560822955046774, 41.660407993624936 ] ] ] } },
{ "type": "Feature", "properties": { "id": "19_25", "growth_scenario": "high", "market_gravity_weight": 100 }, "geometry": { "type": "Polygon", "coordinates": [ [ [ -93.519792603291208, 41.622973268824559 ], [ -93.521001233647922, 41.622996581496992 ], [ -93.52220986480674, 41.623019882809288 ], [ -93.522178344746024, 41.623913161778226 ], [ -93.522146823883531, 41.624806441568019 ], [ -93.522115302219248, 41.625699722179036 ], [ -93.520906624975964, 41.625676419912764 ], [ -93.519697948534898, 41.625653106285959 ], [ -93.518489272896446, 41.625629781298585 ], [ -93.518520840646261, 41.624736501642005 ], [ -93.518552407593106, 41.623843222806542 ], [ -93.518583973737023, 41.622949944792012 ], [ -93.518615539078027, 41.622056667598017 ], [ -93.519824153271585, 41.622079991312333 ], [ -93.519792603291208, 41.622973268824559 ] ] ] } },
{ "type": "Feature", "properties": { "id": "19_26", "growth_scenario": "high", "market_gravity_weight": 100 }, "geometry": { "type": "Polygon", "coordinates": [ [ [ -93.572250163567972, 41.539954027006679 ], [ -93.572219316415072, 41.54084724217504 ], [ -93.571012081265565, 41.54082441286377 ], [ -93.569804846900183, 41.540801572206206 ], [ -93.568597613319298, 41.540778720202425 ], [ -93.568628506449073, 41.539885505966225 ], [ -93.567421288978665, 41.539862642927233 ], [ -93.567452196648759, 41.538969429799302 ], [ -93.568659398793983, 41.538992292527261 ], [ -93.56869029035407, 41.538099079885285 ], [ -93.569897477959316, 41.538121930956486 ], [ -93.571104666348987, 41.538144770681889 ], [ -93.572311855522699, 41.538167599061502 ], [ -93.572281009937171, 41.539060812635583 ], [ -93.572250163567972, 41.539954027006679 ] ] ] } },
{ "type": "Feature", "properties": { "id": "19_27", "growth_scenario": "high", "market_gravity_weight": 100 }, "geometry": { "type": "Polygon", "coordinates": [ [ [ -93.612488794223452, 41.671210376924591 ], [ -93.612458401505691, 41.672103722688611 ], [ -93.611248895730171, 41.672081268533034 ], [ -93.611218486854696, 41.672974614825435 ], [ -93.610008966469124, 41.67295214899351 ], [ -93.608799446858029, 41.67292967179219 ], [ -93.607589928021781, 41.672907183221518 ], [ -93.607620383049323, 41.672013837850926 ], [ -93.608829886501596, 41.672036326114188 ], [ -93.608860325370344, 41.671142981271487 ], [ -93.608890763464288, 41.670249637263751 ], [ -93.610100236924495, 41.670272113543255 ], [ -93.611309711159066, 41.670294578453849 ], [ -93.612519186167603, 41.670317031995552 ], [ -93.613728661949722, 41.670339474168294 ], [ -93.613698285388907, 41.671232819404082 ], [ -93.612488794223452, 41.671210376924591 ] ] ] } },
{ "type": "Feature", "properties": { "id": "19_28", "growth_scenario": "high", "market_gravity_weight": 100 }, "geometry": { "type": "Polygon", "coordinates": [ [ [ -93.614907777327559, 41.671255250514449 ], [ -93.614877415377279, 41.672148596891915 ], [ -93.614847052654127, 41.673041944104689 ], [ -93.614816689158104, 41.673935292153104 ], [ -93.614786324889153, 41.674828641037244 ], [ -93.613576771413136, 41.674806208700225 ], [ -93.613607151067015, 41.673912860122719 ], [ -93.612397613749238, 41.673890416722791 ], [ -93.612428008014291, 41.672997069287938 ], [ -93.611218486854696, 41.672974614825435 ], [ -93.611248895730171, 41.672081268533034 ], [ -93.612458401505691, 41.672103722688611 ], [ -93.612488794223452, 41.671210376924591 ], [ -93.613698285388907, 41.671232819404082 ], [ -93.613728661949722, 41.670339474168294 ], [ -93.614938138505025, 41.67036190497204 ], [ -93.616147615833114, 41.670384324406839 ], [ -93.616117270039041, 41.671277670255726 ], [ -93.614907777327559, 41.671255250514449 ] ] ] } },
{ "type": "Feature", "properties": { "id": "19_29", "growth_scenario": "high", "market_gravity_weight": 100 }, "geometry": { "type": "Polygon", "coordinates": [ [ [ -93.519426421139855, 41.564865307637135 ], [ -93.520634052262309, 41.564888622363831 ], [ -93.521841684185688, 41.564911925740411 ], [ -93.523049316909592, 41.564935217766951 ], [ -93.524256950433639, 41.564958498443332 ], [ -93.524225482422054, 41.565851724600556 ], [ -93.524194013610696, 41.566744951562121 ], [ -93.524162543999523, 41.567638179328256 ], [ -93.52295486446701, 41.567614897700814 ], [ -93.522986349414737, 41.566721670251695 ], [ -93.521778686018976, 41.566698377590832 ], [ -93.520571023423813, 41.56667507357961 ], [ -93.520602538243537, 41.565781847569554 ], [ -93.519394891785396, 41.565758532525429 ], [ -93.518187246128619, 41.565735206131087 ], [ -93.518218790818693, 41.564841981560406 ], [ -93.518250334707091, 41.563948757793781 ], [ -93.519457949692992, 41.563972083552883 ], [ -93.519426421139855, 41.564865307637135 ] ] ] } },
{ "type": "Feature", "properties": { "id": "19_3", "growth_scenario": "high", "market_gravity_weight": 100 }, "geometry": { "type": "Polygon", "coordinates": [ [ [ -93.528113514497946, 41.592741932971848 ], [ -93.529321627611239, 41.592765166707622 ], [ -93.530529741523296, 41.592788389088511 ], [ -93.531737856233704, 41.592811600114374 ], [ -93.532945971742066, 41.592834799785294 ], [ -93.532914601706906, 41.593728053529468 ], [ -93.534122733360974, 41.593751242161495 ], [ -93.534091377876706, 41.594644497034167 ], [ -93.534060021595195, 41.595537752719409 ], [ -93.532851859243749, 41.595514563455268 ], [ -93.532883230874162, 41.59462130808609 ], [ -93.531675084669232, 41.594598107782751 ], [ -93.53046693926234, 41.594574896124072 ], [ -93.529258794653884, 41.594551673110132 ], [ -93.528050650844222, 41.594528438740952 ], [ -93.528082083070657, 41.593635185450232 ], [ -93.528113514497946, 41.592741932971848 ] ] ] } },
{ "type": "Feature", "properties": { "id": "19_30", "growth_scenario": "high", "market_gravity_weight": 100 }, "geometry": { "type": "Polygon", "coordinates": [ [ [ -93.544297096979733, 41.544785349329089 ], [ -93.54550439141957, 41.544808429825196 ], [ -93.546711686651847, 41.544831498974538 ], [ -93.546680512914634, 41.545724712375701 ], [ -93.546649338385322, 41.546617926575713 ], [ -93.545442012497929, 41.546594856798571 ], [ -93.545410821848378, 41.547488071483649 ], [ -93.54420348142537, 41.547464990045349 ], [ -93.544234687403033, 41.54657177567438 ], [ -93.543027363101032, 41.546548683203099 ], [ -93.541820039592295, 41.546525579384742 ], [ -93.541851275432421, 41.545632366441374 ], [ -93.541882510478914, 41.544739154296629 ], [ -93.543089803332705, 41.544762257486255 ], [ -93.543121022258717, 41.543869045825602 ], [ -93.544328300578812, 41.543892137354277 ], [ -93.544297096979733, 41.544785349329089 ] ] ] } },
{ "type": "Feature", "properties": { "id": "19_31", "growth_scenario": "high", "market_gravity_weight": 100 }, "geometry": { "type": "Polygon", "coordinates": [ [ [ -93.508118427647872, 41.611127015003497 ], [ -93.508086733737059, 41.612020279500513 ], [ -93.508055039020192, 41.612913544814958 ], [ -93.506846586454827, 41.612890110698892 ], [ -93.505638134695928, 41.612866665224452 ], [ -93.505669860124854, 41.611973400549466 ], [ -93.504461424528799, 41.611949944036773 ], [ -93.504493164506485, 41.611056680499068 ], [ -93.504524903676995, 41.610163417778452 ], [ -93.505733308562242, 41.610186873651344 ], [ -93.505765031570775, 41.609293611427709 ], [ -93.506973421907958, 41.609317055623023 ], [ -93.508181813051479, 41.609340488460653 ], [ -93.508150120752674, 41.610233751323612 ], [ -93.508118427647872, 41.611127015003497 ] ] ] } },
{ "type": "Feature", "properties": { "id": "19_32", "growth_scenario": "high", "market_gravity_weight": 100 }, "geometry": { "type": "Polygon", "coordinates": [ [ [ -93.516996313900563, 41.633645995984701 ], [ -93.516964722753727, 41.634539283547731 ], [ -93.516933130803196, 41.63543257193475 ], [ -93.516901538048941, 41.636325861145849 ], [ -93.515692679645412, 41.636302509612825 ], [ -93.514483822046017, 41.636279146717385 ], [ -93.514515445533121, 41.635385858143977 ], [ -93.513306604104642, 41.635362484205302 ], [ -93.51333824215321, 41.634469196775093 ], [ -93.513369879396919, 41.633575910168737 ], [ -93.513401515835795, 41.632682624386014 ], [ -93.514610311167488, 41.632705997367566 ], [ -93.515819107303599, 41.632729358987277 ], [ -93.51578750159517, 41.633622645408025 ], [ -93.516996313900563, 41.633645995984701 ] ] ] } },
{ "type": "Feature", "properties": { "id": "19_33", "growth_scenario": "high", "market_gravity_weight": 100 }, "geometry": { "type": "Polygon", "coordinates": [ [ [ -93.512256022501447, 41.630872671585443 ], [ -93.512224372307756, 41.631765955402535 ], [ -93.512192721308907, 41.632659240042742 ], [ -93.510983927587205, 41.632635844337713 ], [ -93.511015593950802, 41.631742560016846 ], [ -93.509806816399404, 41.631719153269543 ], [ -93.50983849732178, 41.630825870091272 ], [ -93.508629735940616, 41.630802452302078 ], [ -93.508661431421004, 41.629909170266217 ], [ -93.509870177438259, 41.629932587735766 ], [ -93.511078924261383, 41.629955993844113 ], [ -93.512287671890007, 41.629979388591096 ], [ -93.513496420323733, 41.630002771976919 ], [ -93.514705169562163, 41.630026144001341 ], [ -93.514673550901634, 41.630919427633835 ], [ -93.514641931436756, 41.631812712089094 ], [ -93.514610311167488, 41.632705997367566 ], [ -93.513401515835795, 41.632682624386014 ], [ -93.513433151469869, 41.631789339426639 ], [ -93.513464786299167, 41.630896055290378 ], [ -93.512256022501447, 41.630872671585443 ] ] ] } },
{ "type": "Feature", "properties": { "id": "19_34", "growth_scenario": "high", "market_gravity_weight": 100 }, "geometry": { "type": "Polygon", "coordinates": [ [ [ -93.577259686519085, 41.675021291855614 ], [ -93.577228843761134, 41.675914632832182 ], [ -93.576019283671215, 41.675891847415784 ], [ -93.57598842474296, 41.676785188916988 ], [ -93.57477885005342, 41.67676239181916 ], [ -93.573569276149811, 41.676739583351598 ], [ -93.573600165848333, 41.675846242473924 ], [ -93.573631054760554, 41.674952902432402 ], [ -93.573661942886488, 41.674059563226727 ], [ -93.574871470635927, 41.674082370758867 ], [ -93.574902342591699, 41.673189032076969 ], [ -93.576111855742994, 41.673211827928043 ], [ -93.577321369679737, 41.673234612409956 ], [ -93.577290528491943, 41.674127951714944 ], [ -93.577259686519085, 41.675021291855614 ] ] ] } },
{ "type": "Feature", "properties": { "id": "19_35", "growth_scenario": "high", "market_gravity_weight": 100 }, "geometry": { "type": "Polygon", "coordinates": [ [ [ -93.534544786619051, 41.547279930040098 ], [ -93.535752120687818, 41.547303102255825 ], [ -93.535720806618627, 41.548196315223095 ], [ -93.536928156811314, 41.548219476406892 ], [ -93.538135507799311, 41.548242626243322 ], [ -93.538104223591802, 41.549135840640211 ], [ -93.536896857275124, 41.549112690488705 ], [ -93.535689491753743, 41.549089528989775 ], [ -93.534482127028085, 41.549066356143392 ], [ -93.53327476309849, 41.549043171949535 ], [ -93.533306108620607, 41.548149958813717 ], [ -93.532098760816098, 41.548126763588172 ], [ -93.530891413808405, 41.548103557015338 ], [ -93.530922789190441, 41.547210345310255 ], [ -93.530954163775277, 41.546317134404255 ], [ -93.53216148012703, 41.546340340345587 ], [ -93.532130120869965, 41.547233551567331 ], [ -93.533337453346306, 41.547256746477267 ], [ -93.533368797275557, 41.546363534939886 ], [ -93.534576115220474, 41.5463867181873 ], [ -93.534544786619051, 41.547279930040098 ] ] ] } },
{ "type": "Feature", "properties": { "id": "19_36", "growth_scenario": "high", "market_gravity_weight": 100 }, "geometry": { "type": "Polygon", "coordinates": [ [ [ -93.545566767171465, 41.543022006045781 ], [ -93.54553557969173, 41.543915217536352 ], [ -93.544328300578812, 41.543892137354277 ], [ -93.543121022258717, 41.543869045825602 ], [ -93.543089803332705, 41.544762257486255 ], [ -93.541882510478914, 41.544739154296629 ], [ -93.541913744731772, 41.543845942950391 ], [ -93.540706467998433, 41.54382282872853 ], [ -93.540737716784207, 41.542929618494931 ], [ -93.541944978191097, 41.542952732402263 ], [ -93.541976210856859, 41.54205952265216 ], [ -93.543183457731175, 41.54208262489874 ], [ -93.543214674277721, 41.54118941563199 ], [ -93.544421906619434, 41.54121250621823 ], [ -93.545629139753856, 41.541235585458239 ], [ -93.545597953858831, 41.54212879535315 ], [ -93.545566767171465, 41.543022006045781 ] ] ] } },
{ "type": "Feature", "properties": { "id": "19_4", "growth_scenario": "high", "market_gravity_weight": 100 }, "geometry": { "type": "Polygon", "coordinates": [ [ [ -93.539612260084084, 41.575085691570251 ], [ -93.539580982696592, 41.575978930698327 ], [ -93.540788811441644, 41.576002056251212 ], [ -93.54075754859997, 41.576895296501654 ], [ -93.539549704514059, 41.576872170633735 ], [ -93.53834186122323, 41.576849033413559 ], [ -93.537134018727883, 41.576825884841121 ], [ -93.535926177028387, 41.576802724916426 ], [ -93.534718336125138, 41.57677955363954 ], [ -93.53474967567081, 41.57588631496575 ], [ -93.535957501233327, 41.575909485927021 ], [ -93.535988824642033, 41.575016247744841 ], [ -93.536020147254561, 41.574123010369775 ], [ -93.537227942932915, 41.574146169348069 ], [ -93.538435739407049, 41.574169316974555 ], [ -93.53840444747452, 41.575062554980384 ], [ -93.539612260084084, 41.575085691570251 ] ] ] } },
{ "type": "Feature", "properties": { "id": "19_5", "growth_scenario": "high", "market_gravity_weight": 100 }, "geometry": { "type": "Polygon", "coordinates": [ [ [ -93.528724585484269, 41.609737108965298 ], [ -93.528693154223006, 41.610630377237726 ], [ -93.528661722162383, 41.611523646327377 ], [ -93.52863028930237, 41.612416916234345 ], [ -93.529838740960869, 41.612440145582326 ], [ -93.529807322658044, 41.613333416623838 ], [ -93.528598855642954, 41.613310186958991 ], [ -93.528567421184079, 41.614203458501542 ], [ -93.527358939611489, 41.614180217161206 ], [ -93.526150458838771, 41.614156964462133 ], [ -93.52618192401151, 41.613263693553783 ], [ -93.526213388384036, 41.612370423463368 ], [ -93.526244851956378, 41.611477154190503 ], [ -93.527453286659494, 41.61150040593801 ], [ -93.527484734075898, 41.610607137165395 ], [ -93.527516180692544, 41.609713869209934 ], [ -93.527547626509488, 41.608820602071319 ], [ -93.528756015946215, 41.60884384150976 ], [ -93.528724585484269, 41.609737108965298 ] ] ] } },
{ "type": "Feature", "properties": { "id": "19_6", "growth_scenario": "high", "market_gravity_weight": 100 }, "geometry": { "type": "Polygon", "coordinates": [ [ [ -93.536020147254561, 41.574123010369775 ], [ -93.535988824642033, 41.575016247744841 ], [ -93.535957501233327, 41.575909485927021 ], [ -93.53474967567081, 41.57588631496575 ], [ -93.533541850904925, 41.575863132652408 ], [ -93.533573204994312, 41.574969895101674 ], [ -93.532365396365705, 41.574946701752161 ], [ -93.532396764998026, 41.574053465324354 ], [ -93.531188972506641, 41.574030260939054 ], [ -93.5312203556811, 41.57313702563404 ], [ -93.53242813283299, 41.573160229703248 ], [ -93.533635910782195, 41.573183422420925 ], [ -93.534843689528302, 41.573206603786943 ], [ -93.536051469070927, 41.573229773801451 ], [ -93.537259249409686, 41.573252932464264 ], [ -93.537227942932915, 41.574146169348069 ], [ -93.536020147254561, 41.574123010369775 ] ] ] } },
{ "type": "Feature", "properties": { "id": "19_7", "growth_scenario": "high", "market_gravity_weight": 100 }, "geometry": { "type": "Polygon", "coordinates": [ [ [ -93.555149931946659, 41.649573388136439 ], [ -93.555118819062344, 41.650466699867081 ], [ -93.553909704574338, 41.650443707228234 ], [ -93.553878575524664, 41.651337019473495 ], [ -93.552669446455127, 41.651314015155286 ], [ -93.55270059087843, 41.650420703224185 ], [ -93.551491477975034, 41.650397687855083 ], [ -93.551522636979044, 41.649504377067096 ], [ -93.551553795190216, 41.648611067107481 ], [ -93.551584952608536, 41.647717757976032 ], [ -93.552794019393502, 41.647740772402109 ], [ -93.554003086970866, 41.647763775463524 ], [ -93.555212155340243, 41.647786767160305 ], [ -93.555181044039273, 41.648680077234303 ], [ -93.555149931946659, 41.649573388136439 ] ] ] } },
{ "type": "Feature", "properties": { "id": "19_8", "growth_scenario": "high", "market_gravity_weight": 100 }, "geometry": { "type": "Polygon", "coordinates": [ [ [ -93.559893179775244, 41.652345185228462 ], [ -93.559862126013769, 41.653238500700866 ], [ -93.559831071462042, 41.654131817002778 ], [ -93.558621892312075, 41.654108868570582 ], [ -93.557412713952743, 41.654085908772601 ], [ -93.557443799254344, 41.653192593097842 ], [ -93.557474883764925, 41.652299278252556 ], [ -93.556265736946045, 41.652276307716406 ], [ -93.556296836039735, 41.651382994014142 ], [ -93.556327934342065, 41.650489681140861 ], [ -93.557537050413103, 41.650512651049489 ], [ -93.558746167275089, 41.650535609592993 ], [ -93.559955284927597, 41.65055855677128 ], [ -93.559924232746511, 41.65145187058534 ], [ -93.559893179775244, 41.652345185228462 ] ] ] } },
{ "type": "Feature", "properties": { "id": "19_9", "growth_scenario": "high", "market_gravity_weight": 100 }, "geometry": { "type": "Polygon", "coordinates": [ [ [ -93.561075327156928, 41.548680317132323 ], [ -93.562282693968839, 41.54870324002021 ], [ -93.563490061567876, 41.548726151560523 ], [ -93.564697429953611, 41.548749051753276 ], [ -93.56590479912569, 41.548771940598421 ], [ -93.567112169083714, 41.548794818096042 ], [ -93.567081252774159, 41.549688040007403 ], [ -93.567050335679014, 41.55058126271885 ], [ -93.565842935061738, 41.550558384598553 ], [ -93.564635535230479, 41.550535495130426 ], [ -93.563428136185607, 41.550512594314398 ], [ -93.562220737927532, 41.550489682150406 ], [ -93.561013340456611, 41.550466758638635 ], [ -93.561044334200531, 41.549573537485522 ], [ -93.561075327156928, 41.548680317132323 ] ] ] } },
{ "type": "Feature", "properties": { "id": "21_0", "growth_scenario": "high", "market_gravity_weight": 100 }, "geometry": { "type": "Polygon", "coordinates": [ [ [ -87.522908091967381, 37.334543407879409 ], [ -87.524042955317825, 37.334622895684682 ], [ -87.523941466936648, 37.33551169622779 ], [ -87.522806590142181, 37.335432207497938 ], [ -87.521671715771973, 37.335352708152008 ], [ -87.520536843826363, 37.33527319818991 ], [ -87.520638372539366, 37.334384400420902 ], [ -87.519503516462436, 37.334304880767696 ], [ -87.51836866281063, 37.334225350498542 ], [ -87.51847021598563, 37.333336554218498 ], [ -87.519605056194067, 37.333416083562653 ], [ -87.519706593500644, 37.332527285996527 ], [ -87.520841422690992, 37.332606803800033 ], [ -87.521976254305983, 37.332686310987803 ], [ -87.523111088345317, 37.332765807559788 ], [ -87.523009591368393, 37.333654607900087 ], [ -87.522908091967381, 37.334543407879409 ] ] ] } },
{ "type": "Feature", "properties": { "id": "21_1", "growth_scenario": "high", "market_gravity_weight": 100 }, "geometry": { "type": "Polygon", "coordinates": [ [ [ -87.514252893933218, 37.340208240426733 ], [ -87.514151281015032, 37.341097031048093 ], [ -87.514049665669745, 37.341985821309962 ], [ -87.512914700720287, 37.341906240246246 ], [ -87.511779738198314, 37.341826648565608 ], [ -87.510644778104165, 37.341747046268182 ], [ -87.510746433786764, 37.340858258784209 ], [ -87.510848087041339, 37.339969470940709 ], [ -87.511983020244429, 37.340049071385927 ], [ -87.512084657625991, 37.339160282256628 ], [ -87.512186292579983, 37.33827149276739 ], [ -87.51332120132075, 37.338351080744332 ], [ -87.514456112488674, 37.338430658104961 ], [ -87.514354504424418, 37.33931944944576 ], [ -87.514252893933218, 37.340208240426733 ] ] ] } },
{ "type": "Feature", "properties": { "id": "21_2", "growth_scenario": "high", "market_gravity_weight": 100 }, "geometry": { "type": "Polygon", "coordinates": [ [ [ -87.348392748500771, 36.642879882532611 ], [ -87.348290116445341, 36.64376881130606 ], [ -87.347165876647509, 36.64368765472846 ], [ -87.346041639278297, 36.643606487631232 ], [ -87.345938978416598, 36.644495414041657 ], [ -87.347063228974761, 36.644576582059337 ], [ -87.346960578873322, 36.645465508868348 ], [ -87.345836315125922, 36.645384339930018 ], [ -87.344712053807612, 36.645303160471904 ], [ -87.344814730287439, 36.644414235504215 ], [ -87.343690484587597, 36.644333046447137 ], [ -87.343793171826889, 36.64344412187824 ], [ -87.343895856636649, 36.642555196787058 ], [ -87.345020075959283, 36.642636384002593 ], [ -87.345122745151471, 36.641747457468213 ], [ -87.346246953714996, 36.641828633243776 ], [ -87.347371164707269, 36.64190979849996 ], [ -87.34726852189165, 36.642798726875405 ], [ -87.348392748500771, 36.642879882532611 ] ] ] } },
{ "type": "Feature", "properties": { "id": "21_3", "growth_scenario": "high", "market_gravity_weight": 100 }, "geometry": { "type": "Polygon", "coordinates": [ [ [ -87.350435995220167, 36.644820022994153 ], [ -87.350333384686962, 36.645708952564227 ], [ -87.351457658147638, 36.645790079423072 ], [ -87.351355058376456, 36.646679009391619 ], [ -87.350230771725904, 36.646597881612614 ], [ -87.349106487503292, 36.646516743313612 ], [ -87.347982205708917, 36.646435594494541 ], [ -87.346857926343105, 36.646354435155544 ], [ -87.345733649406142, 36.646273265296607 ], [ -87.345836315125922, 36.645384339930018 ], [ -87.346960578873322, 36.645465508868348 ], [ -87.347063228974761, 36.644576582059337 ], [ -87.347165876647509, 36.64368765472846 ], [ -87.348290116445341, 36.64376881130606 ], [ -87.349414358671467, 36.643849957364004 ], [ -87.349311737376851, 36.644738886535663 ], [ -87.350435995220167, 36.644820022994153 ] ] ] } },
{ "type": "Feature", "properties": { "id": "21_4", "growth_scenario": "high", "market_gravity_weight": 100 }, "geometry": { "type": "Polygon", "coordinates": [ [ [ -87.351868032957668, 36.642234354330832 ], [ -87.351765442896181, 36.643123286387002 ], [ -87.351662850407408, 36.644012217920917 ], [ -87.350538603325603, 36.643931092902335 ], [ -87.350435995220167, 36.644820022994153 ], [ -87.349311737376851, 36.644738886535663 ], [ -87.349414358671467, 36.643849957364004 ], [ -87.348290116445341, 36.64376881130606 ], [ -87.348392748500771, 36.642879882532611 ], [ -87.34726852189165, 36.642798726875405 ], [ -87.347371164707269, 36.64190979849996 ], [ -87.348495378127993, 36.641990953236835 ], [ -87.348598005327077, 36.641102023418554 ], [ -87.349722207987739, 36.641183166715841 ], [ -87.350846413076127, 36.64126429949377 ], [ -87.350743812253484, 36.642153231152285 ], [ -87.351868032957668, 36.642234354330832 ] ] ] } },
{ "type": "Feature", "properties": { "id": "21_5", "growth_scenario": "high", "market_gravity_weight": 100 }, "geometry": { "type": "Polygon", "coordinates": [ [ [ -87.350743812253484, 36.642153231152285 ], [ -87.350846413076127, 36.64126429949377 ], [ -87.351970620591942, 36.641345421752312 ], [ -87.353094830534886, 36.641426533491533 ], [ -87.354219042904631, 36.641507634711346 ], [ -87.354116481647324, 36.642396569129431 ], [ -87.355240709632199, 36.642477660749428 ], [ -87.356364940043363, 36.642558741849761 ], [ -87.3562624027374, 36.643447677584824 ], [ -87.355138159137226, 36.643366595564892 ], [ -87.354013917963428, 36.643285503025247 ], [ -87.353911351852844, 36.644174436398941 ], [ -87.352787099916597, 36.644093332419835 ], [ -87.352684518189804, 36.644982264351732 ], [ -87.35156025549125, 36.644901148932867 ], [ -87.351662850407408, 36.644012217920917 ], [ -87.351765442896181, 36.643123286387002 ], [ -87.351868032957668, 36.642234354330832 ], [ -87.350743812253484, 36.642153231152285 ] ] ] } },
{ "type": "Feature", "properties": { "id": "21_6", "growth_scenario": "high", "market_gravity_weight": 100 }, "geometry": { "type": "Polygon", "coordinates": [ [ [ -87.355954776262763, 36.646114481658451 ], [ -87.354830493093715, 36.646033396879666 ], [ -87.353706212351327, 36.645952301580792 ], [ -87.353603638960195, 36.646841233389338 ], [ -87.352479347454661, 36.64676012665057 ], [ -87.351355058376456, 36.646679009391619 ], [ -87.351457658147638, 36.645790079423072 ], [ -87.350333384686962, 36.645708952564227 ], [ -87.350435995220167, 36.644820022994153 ], [ -87.350538603325603, 36.643931092902335 ], [ -87.351662850407408, 36.644012217920917 ], [ -87.35156025549125, 36.644901148932867 ], [ -87.352684518189804, 36.644982264351732 ], [ -87.353808783315515, 36.645063369250735 ], [ -87.353911351852844, 36.644174436398941 ], [ -87.355035606215878, 36.644255529858263 ], [ -87.35615986300536, 36.644336612797808 ], [ -87.356057320847171, 36.645225547488927 ], [ -87.355954776262763, 36.646114481658451 ] ] ] } },
{ "type": "Feature", "properties": { "id": "21_7", "growth_scenario": "high", "market_gravity_weight": 100 }, "geometry": { "type": "Polygon", "coordinates": [ [ [ -87.357489172880506, 36.642639812430538 ], [ -87.358613408143327, 36.642720872491637 ], [ -87.358510897215623, 36.643609810065406 ], [ -87.359635148093062, 36.643690860525986 ], [ -87.359532647929498, 36.644579798497041 ], [ -87.358408383862482, 36.64449874711719 ], [ -87.358305868083789, 36.645387683647243 ], [ -87.35718159325252, 36.645306620828087 ], [ -87.356057320847171, 36.645225547488927 ], [ -87.35615986300536, 36.644336612797808 ], [ -87.355035606215878, 36.644255529858263 ], [ -87.353911351852844, 36.644174436398941 ], [ -87.354013917963428, 36.643285503025247 ], [ -87.355138159137226, 36.643366595564892 ], [ -87.3562624027374, 36.643447677584824 ], [ -87.356364940043363, 36.642558741849761 ], [ -87.356467474923349, 36.641669805592585 ], [ -87.35759169457171, 36.641750875253969 ], [ -87.357489172880506, 36.642639812430538 ] ] ] } },
{ "type": "Feature", "properties": { "id": "21_8", "growth_scenario": "high", "market_gravity_weight": 100 }, "geometry": { "type": "Polygon", "coordinates": [ [ [ -87.362088597417937, 36.642075048703674 ], [ -87.361986128482727, 36.642963989556669 ], [ -87.361883657123087, 36.643852929887693 ], [ -87.360759401395669, 36.643771900466781 ], [ -87.360656914421739, 36.644660839356902 ], [ -87.359532647929498, 36.644579798497041 ], [ -87.359635148093062, 36.643690860525986 ], [ -87.358510897215623, 36.643609810065406 ], [ -87.358613408143327, 36.642720872491637 ], [ -87.357489172880506, 36.642639812430538 ], [ -87.35759169457171, 36.641750875253969 ], [ -87.35871591664565, 36.641831934395761 ], [ -87.358818422722692, 36.640942995777536 ], [ -87.359942634033274, 36.641024043480691 ], [ -87.36106684776874, 36.641105080664289 ], [ -87.360964368069077, 36.641994021120652 ], [ -87.362088597417937, 36.642075048703674 ] ] ] } },
{ "type": "Feature", "properties": { "id": "25_0", "growth_scenario": "high", "market_gravity_weight": 100 }, "geometry": { "type": "Polygon", "coordinates": [ [ [ -71.426595512910424, 42.685318841769146 ], [ -71.425408730861278, 42.685090043900935 ], [ -71.42509481008652, 42.685955045943807 ], [ -71.423908022094182, 42.685726234208374 ], [ -71.423594079694851, 42.686591233423059 ], [ -71.422407285759917, 42.686362407820141 ], [ -71.422721241942838, 42.685497411745445 ], [ -71.423035190284509, 42.684632415982129 ], [ -71.421848431757482, 42.68440358593174 ], [ -71.422162386040853, 42.683538593619467 ], [ -71.423349130785169, 42.68376742053001 ], [ -71.423663063445119, 42.682902425388846 ], [ -71.424849802247422, 42.683131238432736 ], [ -71.426036548889854, 42.683360040749378 ], [ -71.427223303372131, 42.683588832338749 ], [ -71.426909412061192, 42.684453836898236 ], [ -71.426595512910424, 42.685318841769146 ] ] ] } },
{ "type": "Feature", "properties": { "id": "25_1", "growth_scenario": "high", "market_gravity_weight": 100 }, "geometry": { "type": "Polygon", "coordinates": [ [ [ -71.41884695100569, 42.685675866646889 ], [ -71.418532945631227, 42.686540853612179 ], [ -71.418218932414035, 42.6874058408889 ], [ -71.417032142281357, 42.687176966095414 ], [ -71.415845359991991, 42.686948080574602 ], [ -71.414658585546235, 42.686719184326691 ], [ -71.413471818944373, 42.686490277351716 ], [ -71.413785887291979, 42.685625302638485 ], [ -71.414099947795691, 42.684760328236131 ], [ -71.415286686833497, 42.684989228929126 ], [ -71.415600725711982, 42.684124251696645 ], [ -71.416787458811243, 42.684353138522233 ], [ -71.417974199753232, 42.684582014620943 ], [ -71.417660188438788, 42.685446998134644 ], [ -71.41884695100569, 42.685675866646889 ] ] ] } },
{ "type": "Feature", "properties": { "id": "25_2", "growth_scenario": "high", "market_gravity_weight": 100 }, "geometry": { "type": "Polygon", "coordinates": [ [ [ -71.038524620145594, 42.504244545404205 ], [ -71.038206700667743, 42.505108391199933 ], [ -71.03938912111191, 42.505340653309531 ], [ -71.039707026941528, 42.504476804351256 ], [ -71.04088944164819, 42.504709052623582 ], [ -71.04057154946706, 42.505572904744184 ], [ -71.040253649375217, 42.506436757102335 ], [ -71.039071207371265, 42.506204502505113 ], [ -71.038753285719324, 42.507068351938294 ], [ -71.037570837977881, 42.50683608350333 ], [ -71.036388398148318, 42.506603804393393 ], [ -71.035205966230919, 42.506371514608574 ], [ -71.03552392882834, 42.505507674664024 ], [ -71.035841883513626, 42.504643834956582 ], [ -71.037024288134901, 42.504876118415609 ], [ -71.037342221260673, 42.504012275782436 ], [ -71.037660146475147, 42.503148433386151 ], [ -71.038842531712447, 42.503380699845401 ], [ -71.038524620145594, 42.504244545404205 ] ] ] } },
{ "type": "Feature", "properties": { "id": "25_3", "growth_scenario": "high", "market_gravity_weight": 100 }, "geometry": { "type": "Polygon", "coordinates": [ [ [ -71.323966777817105, 42.695112871004504 ], [ -71.323651544781512, 42.695977640698942 ], [ -71.322464920878943, 42.695747902460027 ], [ -71.322149666199877, 42.69661266930926 ], [ -71.321834403647827, 42.697477436466293 ], [ -71.320647760076056, 42.697247681198981 ], [ -71.320963036399192, 42.696382917195102 ], [ -71.319776414471761, 42.696153154358591 ], [ -71.320091696692174, 42.695288393815339 ], [ -71.320406971039347, 42.694423633579433 ], [ -71.321593565425999, 42.69465339010992 ], [ -71.321908818130254, 42.693788627028205 ], [ -71.322224062962093, 42.69292386425353 ], [ -71.323410637681278, 42.693153603756656 ], [ -71.324597220272295, 42.69338333253787 ], [ -71.324282002980596, 42.694248101617553 ], [ -71.323966777817105, 42.695112871004504 ] ] ] } },
{ "type": "Feature", "properties": { "id": "25_4", "growth_scenario": "high", "market_gravity_weight": 100 }, "geometry": { "type": "Polygon", "coordinates": [ [ [ -71.321352746844099, 42.691829354713072 ], [ -71.322539299921829, 42.692059101785553 ], [ -71.323725860871392, 42.692288838136349 ], [ -71.323410637681278, 42.693153603756656 ], [ -71.322224062962093, 42.69292386425353 ], [ -71.321908818130254, 42.693788627028205 ], [ -71.321593565425999, 42.69465339010992 ], [ -71.320406971039347, 42.694423633579433 ], [ -71.320091696692174, 42.695288393815339 ], [ -71.318905096408542, 42.695058623409864 ], [ -71.319220384525636, 42.694193866327019 ], [ -71.318033805885193, 42.693964088352665 ], [ -71.318349099898384, 42.693099334729737 ], [ -71.319535664769461, 42.693329109550994 ], [ -71.319850937140316, 42.692464353081711 ], [ -71.320166201638486, 42.69159959691892 ], [ -71.320481458264254, 42.690734841062401 ], [ -71.321667989701112, 42.690964595704038 ], [ -71.321352746844099, 42.691829354713072 ] ] ] } },
{ "type": "Feature", "properties": { "id": "25_5", "growth_scenario": "high", "market_gravity_weight": 100 }, "geometry": { "type": "Polygon", "coordinates": [ [ [ -71.326562515398237, 42.684505961328931 ], [ -71.327748960303055, 42.684735658593503 ], [ -71.327433821713626, 42.685600424612318 ], [ -71.326247363041503, 42.685370724196716 ], [ -71.325060912238584, 42.685141013060097 ], [ -71.32387446930521, 42.684911291202667 ], [ -71.322688034241622, 42.68468155862444 ], [ -71.321501607048134, 42.684451815325637 ], [ -71.321816814471219, 42.683587065063051 ], [ -71.323003227898553, 42.683816805210427 ], [ -71.323318413685669, 42.682952052100774 ], [ -71.323633591603283, 42.682087299295176 ], [ -71.324819985368407, 42.682317022419774 ], [ -71.326006387002494, 42.68254673482388 ], [ -71.327192796505201, 42.682776436507488 ], [ -71.326877659886051, 42.683641198765947 ], [ -71.326562515398237, 42.684505961328931 ] ], [ [ -71.325691236616876, 42.683411493931452 ], [ -71.324504821216664, 42.683181778376373 ], [ -71.324189649195688, 42.684046534637261 ], [ -71.325376078362353, 42.684276253343512 ], [ -71.325691236616876, 42.683411493931452 ] ] ] } },
{ "type": "Feature", "properties": { "id": "26_0", "growth_scenario": "high", "market_gravity_weight": 100 }, "geometry": { "type": "Polygon", "coordinates": [ [ [ -85.689761507939266, 42.851393508956342 ], [ -85.689628264720824, 42.85228321546618 ], [ -85.688404937993909, 42.852186302857113 ], [ -85.688271675784264, 42.853076009034062 ], [ -85.688138410143679, 42.853965716254358 ], [ -85.688005141071997, 42.854855424518192 ], [ -85.686781771092782, 42.854758496341667 ], [ -85.686915055725876, 42.853868789454147 ], [ -85.685691704739568, 42.853771851214802 ], [ -85.685825001502096, 42.852882146747078 ], [ -85.685958294832886, 42.851992443322459 ], [ -85.686091584732097, 42.85110274094081 ], [ -85.686224871199826, 42.850213039601769 ], [ -85.687448159944864, 42.850309972336092 ], [ -85.688671452120843, 42.850406893631934 ], [ -85.688538196772726, 42.851296597723177 ], [ -85.689761507939266, 42.851393508956342 ] ] ] } },
{ "type": "Feature", "properties": { "id": "26_1", "growth_scenario": "high", "market_gravity_weight": 100 }, "geometry": { "type": "Polygon", "coordinates": [ [ [ -85.758998719903403, 42.868562087413224 ], [ -85.757775008011393, 42.868465821939523 ], [ -85.756551299529093, 42.86836954502207 ], [ -85.756418883581489, 42.869259341961993 ], [ -85.755195162936445, 42.869163052232786 ], [ -85.753971445702021, 42.869066751059798 ], [ -85.752747731878586, 42.868970438443 ], [ -85.752880194544318, 42.868080645607627 ], [ -85.754103892795158, 42.868176956856082 ], [ -85.754236336477419, 42.867287163702137 ], [ -85.755460022566822, 42.867383462138854 ], [ -85.755592447266409, 42.866493668666251 ], [ -85.756816121194106, 42.866589954291598 ], [ -85.758039798531641, 42.866686228473526 ], [ -85.759263479278601, 42.866782491212028 ], [ -85.759131101295594, 42.867672288787759 ], [ -85.758998719903403, 42.868562087413224 ] ] ] } },
{ "type": "Feature", "properties": { "id": "26_2", "growth_scenario": "high", "market_gravity_weight": 100 }, "geometry": { "type": "Polygon", "coordinates": [ [ [ -85.714153659737534, 42.953257368465906 ], [ -85.714020534328426, 42.95414723654914 ], [ -85.713887405486787, 42.955037105706936 ], [ -85.712662223465642, 42.954940405216618 ], [ -85.712529075582438, 42.955830274070991 ], [ -85.711303881385589, 42.955733560744335 ], [ -85.711437044877584, 42.954843693268352 ], [ -85.710211869722983, 42.954746969862086 ], [ -85.710345045389744, 42.953857104839244 ], [ -85.710478217622793, 42.9529672408907 ], [ -85.711703361561305, 42.953063961540117 ], [ -85.711836514753287, 42.952174097287326 ], [ -85.713061646517403, 42.952270805100888 ], [ -85.714286781714193, 42.952367501456919 ], [ -85.715511920343289, 42.952464186355328 ], [ -85.715378813974468, 42.953354054742192 ], [ -85.714153659737534, 42.953257368465906 ] ] ] } },
{ "type": "Feature", "properties": { "id": "27_0", "growth_scenario": "high", "market_gravity_weight": 100 }, "geometry": { "type": "Polygon", "coordinates": [ [ [ -93.455859099097438, 44.897555402377193 ], [ -93.457126664538166, 44.897579445598822 ], [ -93.457092738794415, 44.898477560445315 ], [ -93.457058812145647, 44.899375677142935 ], [ -93.455791212914363, 44.899351633180345 ], [ -93.454523614588581, 44.899327577239596 ], [ -93.454489653242845, 44.900225695047546 ], [ -93.453222038927152, 44.900201626757742 ], [ -93.453256017168769, 44.899303509320632 ], [ -93.451988420655397, 44.899279429423572 ], [ -93.452022414886002, 44.898381314208997 ], [ -93.450754836174866, 44.898357222705016 ], [ -93.45078884639355, 44.89745910971277 ], [ -93.452056408209771, 44.897483200845514 ], [ -93.453323970932786, 44.897507280000539 ], [ -93.453289994503976, 44.89840539373504 ], [ -93.454557575028332, 44.898429461283101 ], [ -93.454591534562155, 44.897531347177754 ], [ -93.454625493190079, 44.896633234923264 ], [ -93.455893040830787, 44.896657289752021 ], [ -93.455859099097438, 44.897555402377193 ] ] ] } },
{ "type": "Feature", "properties": { "id": "27_1", "growth_scenario": "high", "market_gravity_weight": 100 }, "geometry": { "type": "Polygon", "coordinates": [ [ [ -93.458428138827955, 44.896705363476663 ], [ -93.459695689183548, 44.896729382372513 ], [ -93.45966179813415, 44.897627496108491 ], [ -93.459627906180657, 44.898525611695376 ], [ -93.458360322035247, 44.898501592059382 ], [ -93.457092738794415, 44.898477560445315 ], [ -93.457126664538166, 44.897579445598822 ], [ -93.455859099097438, 44.897555402377193 ], [ -93.455893040830787, 44.896657289752021 ], [ -93.454625493190079, 44.896633234923264 ], [ -93.454659450912146, 44.895735124519291 ], [ -93.455926981658706, 44.895759178977428 ], [ -93.455960921581266, 44.894861070053068 ], [ -93.457228436339506, 44.894885112163315 ], [ -93.458495952002608, 44.894909142296349 ], [ -93.458462045867535, 44.895807251961379 ], [ -93.458428138827955, 44.896705363476663 ] ] ] } },
{ "type": "Feature", "properties": { "id": "27_2", "growth_scenario": "high", "market_gravity_weight": 100 }, "geometry": { "type": "Polygon", "coordinates": [ [ [ -93.5380872912569, 45.0770777403769 ], [ -93.538054357627132, 45.07797625323375 ], [ -93.538021423116447, 45.078874768005178 ], [ -93.537988487724775, 45.079773284691527 ], [ -93.537955551452086, 45.080671803293136 ], [ -93.53668450215936, 45.08064851394662 ], [ -93.53541345374812, 45.080625212583925 ], [ -93.535446423997513, 45.079726694705236 ], [ -93.53547939336498, 45.078828178741666 ], [ -93.534208379811844, 45.078804866086216 ], [ -93.534241365284828, 45.077906352399232 ], [ -93.535512361850564, 45.077929664693038 ], [ -93.53678335929817, 45.077952964971232 ], [ -93.53681630991494, 45.077054452475664 ], [ -93.536849259650367, 45.076155941894406 ], [ -93.538120224005766, 45.076179229434345 ], [ -93.539391189242053, 45.076202504959021 ], [ -93.539358273479777, 45.077101016262645 ], [ -93.5380872912569, 45.0770777403769 ] ] ] } },
{ "type": "Feature", "properties": { "id": "27_3", "growth_scenario": "high", "market_gravity_weight": 100 }, "geometry": { "type": "Polygon", "coordinates": [ [ [ -93.538930288436603, 45.088781837526817 ], [ -93.537659085346732, 45.088758556945379 ], [ -93.536387883138232, 45.088735264345999 ], [ -93.53511668181153, 45.088711959728784 ], [ -93.53514965999976, 45.08781342459897 ], [ -93.536420844334046, 45.087836728854562 ], [ -93.537692029550087, 45.087860021092403 ], [ -93.53896321564747, 45.087883301312523 ], [ -93.540234402625714, 45.087906569514963 ], [ -93.541505590484377, 45.087929825699611 ], [ -93.541472697258612, 45.08882836263593 ], [ -93.542743902989841, 45.088851607163605 ], [ -93.542711025877139, 45.089750146379231 ], [ -93.542678147884843, 45.090648687513564 ], [ -93.541406908167048, 45.090625442264312 ], [ -93.541374012301176, 45.091523984957 ], [ -93.540102756469523, 45.091500727328459 ], [ -93.540135669329331, 45.090602184996783 ], [ -93.540168581308606, 45.089703644584226 ], [ -93.540201492407377, 45.088805106090348 ], [ -93.538930288436603, 45.088781837526817 ] ] ] } },
{ "type": "Feature", "properties": { "id": "27_4", "growth_scenario": "high", "market_gravity_weight": 100 }, "geometry": { "type": "Polygon", "coordinates": [ [ [ -93.535017741953098, 45.091407576629571 ], [ -93.536288994259777, 45.091430882331913 ], [ -93.537560247448383, 45.091454176015887 ], [ -93.537527299719372, 45.092352719544344 ], [ -93.537494351108862, 45.09325126499246 ], [ -93.53622306393126, 45.093227970585353 ], [ -93.536190097444035, 45.094126517591846 ], [ -93.53491879415327, 45.094103210804079 ], [ -93.53488580978842, 45.09500175936904 ], [ -93.533614490384579, 45.094978440200308 ], [ -93.533647491745, 45.094079891997353 ], [ -93.533680492222487, 45.093181345714669 ], [ -93.533713491817082, 45.092282801351878 ], [ -93.533746490528799, 45.091384258908697 ], [ -93.533779488357681, 45.090485718384805 ], [ -93.535050722788242, 45.0905090357437 ], [ -93.535017741953098, 45.091407576629571 ] ] ] } },
{ "type": "Feature", "properties": { "id": "29_0", "growth_scenario": "high", "market_gravity_weight": 100 }, "geometry": { "type": "Polygon", "coordinates": [ [ [ -94.593897771383851, 39.317689330822645 ], [ -94.593880451903772, 39.318581494009166 ], [ -94.593863131997054, 39.319473657400131 ], [ -94.593845811663698, 39.320365820995839 ], [ -94.592675309475425, 39.320352613680683 ], [ -94.591504807714188, 39.320339395377097 ], [ -94.590334306380313, 39.320326166084968 ], [ -94.589163805474186, 39.320312925804323 ], [ -94.589181183461321, 39.319420762872397 ], [ -94.590351669954046, 39.319434002986902 ], [ -94.59036903310006, 39.318541840093495 ], [ -94.5915395056074, 39.318555069053609 ], [ -94.591556853912991, 39.317662906198713 ], [ -94.592727312434931, 39.31767612400472 ], [ -94.592744645900808, 39.316783961188158 ], [ -94.593915090437307, 39.316797167840356 ], [ -94.593897771383851, 39.317689330822645 ] ] ] } },
{ "type": "Feature", "properties": { "id": "29_1", "growth_scenario": "high", "market_gravity_weight": 100 }, "geometry": { "type": "Polygon", "coordinates": [ [ [ -94.593932409064166, 39.315905005062142 ], [ -94.593915090437307, 39.316797167840356 ], [ -94.592744645900808, 39.316783961188158 ], [ -94.592727312434931, 39.31767612400472 ], [ -94.591556853912991, 39.317662906198713 ], [ -94.5915395056074, 39.318555069053609 ], [ -94.59036903310006, 39.318541840093495 ], [ -94.590386395818385, 39.317649677404589 ], [ -94.58921593815144, 39.317636437622319 ], [ -94.58923331485444, 39.316744275303762 ], [ -94.589250691129408, 39.315852113189159 ], [ -94.590421119971978, 39.315865352639193 ], [ -94.59043848140729, 39.314973190562249 ], [ -94.591608896265839, 39.314986418858425 ], [ -94.592779311551681, 39.314999636166867 ], [ -94.59276197893972, 39.315891798575656 ], [ -94.593932409064166, 39.315905005062142 ] ] ] } },
{ "type": "Feature", "properties": { "id": "29_2", "growth_scenario": "high", "market_gravity_weight": 100 }, "geometry": { "type": "Polygon", "coordinates": [ [ [ -94.590195382390817, 39.327463478265457 ], [ -94.589024766164513, 39.327450236655295 ], [ -94.58900738432402, 39.328342401439535 ], [ -94.587836754109318, 39.328329148673461 ], [ -94.586666124323216, 39.328315884917593 ], [ -94.586683534996894, 39.327423720466193 ], [ -94.585512920056303, 39.32741044588726 ], [ -94.585530344717284, 39.326518281809221 ], [ -94.585547768949013, 39.32562611793761 ], [ -94.586718355057528, 39.325639392183334 ], [ -94.58788894159494, 39.325652655439711 ], [ -94.589059528560881, 39.325665907706764 ], [ -94.590230115955023, 39.325679148984491 ], [ -94.590212749386836, 39.326571313521711 ], [ -94.590195382390817, 39.327463478265457 ] ] ] } },
{ "type": "Feature", "properties": { "id": "29_3", "growth_scenario": "high", "market_gravity_weight": 100 }, "geometry": { "type": "Polygon", "coordinates": [ [ [ -94.588115042803679, 39.314054539465793 ], [ -94.589285442395337, 39.314067789571084 ], [ -94.590455842414954, 39.314081028688825 ], [ -94.591626242862205, 39.314094256819082 ], [ -94.591608896265839, 39.314986418858425 ], [ -94.59043848140729, 39.314973190562249 ], [ -94.590421119971978, 39.315865352639193 ], [ -94.589250691129408, 39.315852113189159 ], [ -94.58808026271484, 39.315838862751384 ], [ -94.586909834728644, 39.315825601325777 ], [ -94.585739407171161, 39.315812328912337 ], [ -94.585756826252975, 39.314920167500695 ], [ -94.585774244905735, 39.314028006292538 ], [ -94.586944643640379, 39.314041278372933 ], [ -94.586962047453198, 39.313149117201547 ], [ -94.588132432205597, 39.313162378128027 ], [ -94.588115042803679, 39.314054539465793 ] ] ] } },
{ "type": "Feature", "properties": { "id": "29_4", "growth_scenario": "high", "market_gravity_weight": 100 }, "geometry": { "type": "Polygon", "coordinates": [ [ [ -94.583293856887991, 39.321138721877468 ], [ -94.583276405974217, 39.322030884386528 ], [ -94.583258954630551, 39.322923047100922 ], [ -94.583241502856993, 39.323815210020868 ], [ -94.583224050653484, 39.324707373146545 ], [ -94.583206598020055, 39.325599536478244 ], [ -94.582036013200337, 39.32558622926463 ], [ -94.582053480249229, 39.32469406609993 ], [ -94.58207094686783, 39.323801903141231 ], [ -94.580900391308958, 39.323788585272609 ], [ -94.580917871912007, 39.322896422686838 ], [ -94.579747331198476, 39.322883093996452 ], [ -94.579764825785261, 39.321990931783489 ], [ -94.580935352084424, 39.322004260306606 ], [ -94.580952831826266, 39.321112098131643 ], [ -94.582123344142019, 39.321125415498855 ], [ -94.582140809039586, 39.320233253361884 ], [ -94.583311307371886, 39.320246559573491 ], [ -94.583293856887991, 39.321138721877468 ] ] ] } },
{ "type": "Feature", "properties": { "id": "30_0", "growth_scenario": "high", "market_gravity_weight": 100 }, "geometry": { "type": "Polygon", "coordinates": [ [ [ -114.015389564764021, 46.89909720896754 ], [ -114.015143326861406, 46.898210013802 ], [ -114.016426659590849, 46.898039781306188 ], [ -114.017709985669512, 46.897869536922272 ], [ -114.018993305097013, 46.897699280650393 ], [ -114.019239593075866, 46.898586467471276 ], [ -114.020522922543336, 46.898416196529695 ], [ -114.021806245358505, 46.898245913700251 ], [ -114.022052573372889, 46.899133097030287 ], [ -114.020769233866005, 46.899303382641946 ], [ -114.021015551841231, 46.900190570827903 ], [ -114.019732188989437, 46.900360847333651 ], [ -114.018448819485243, 46.900531111951111 ], [ -114.017165443329091, 46.900701364680081 ], [ -114.016919175431795, 46.89981416814814 ], [ -114.016672914185804, 46.898926973690301 ], [ -114.015389564764021, 46.89909720896754 ] ] ] } },
{ "type": "Feature", "properties": { "id": "30_1", "growth_scenario": "high", "market_gravity_weight": 100 }, "geometry": { "type": "Polygon", "coordinates": [ [ [ -114.024865600478122, 46.899679669981623 ], [ -114.025111975182938, 46.900566851893508 ], [ -114.023828615598816, 46.900737166846483 ], [ -114.024074980265553, 46.901624353615155 ], [ -114.024321351586465, 46.902511542458193 ], [ -114.023037951962635, 46.902681851088666 ], [ -114.02279159733483, 46.901794659462745 ], [ -114.022545249360789, 46.900907469911232 ], [ -114.021261876469268, 46.901077761087727 ], [ -114.021015551841231, 46.900190570827903 ], [ -114.020769233866005, 46.899303382641946 ], [ -114.022052573372889, 46.899133097030287 ], [ -114.021806245358505, 46.898245913700251 ], [ -114.02308956152099, 46.898075618982972 ], [ -114.024372871030366, 46.897905312378086 ], [ -114.024619232427341, 46.898792490143215 ], [ -114.024865600478122, 46.899679669981623 ] ] ] } },
{ "type": "Feature", "properties": { "id": "30_2", "growth_scenario": "high", "market_gravity_weight": 100 }, "geometry": { "type": "Polygon", "coordinates": [ [ [ -114.021508207750358, 46.901964953421881 ], [ -114.02279159733483, 46.901794659462745 ], [ -114.023037951962635, 46.902681851088666 ], [ -114.024321351586465, 46.902511542458193 ], [ -114.025604744555821, 46.902341221939153 ], [ -114.025851139224415, 46.903228410073574 ], [ -114.024567729561795, 46.903398733375823 ], [ -114.024814114191855, 46.904285926368431 ], [ -114.023530681180603, 46.904456240565182 ], [ -114.022247241514791, 46.90462654287299 ], [ -114.022000890272864, 46.903739344314204 ], [ -114.021754545684814, 46.902852147830544 ], [ -114.020471132753372, 46.90302243268367 ], [ -114.020224811512563, 46.902135235492416 ], [ -114.019978496924665, 46.901248040375819 ], [ -114.018695110727407, 46.901418307775401 ], [ -114.018448819485243, 46.900531111951111 ], [ -114.019732188989437, 46.900360847333651 ], [ -114.021015551841231, 46.900190570827903 ], [ -114.021261876469268, 46.901077761087727 ], [ -114.021508207750358, 46.901964953421881 ] ] ] } },
{ "type": "Feature", "properties": { "id": "31_0", "growth_scenario": "high", "market_gravity_weight": 100 }, "geometry": { "type": "Polygon", "coordinates": [ [ [ -96.089881275500758, 41.142099954202443 ], [ -96.089882411234825, 41.14299312691405 ], [ -96.088681578119235, 41.142993966034439 ], [ -96.087480744975323, 41.142994793868759 ], [ -96.086279911803473, 41.14299561041701 ], [ -96.08627882158973, 41.142102437672079 ], [ -96.086277731403555, 41.141209265620226 ], [ -96.085076928550649, 41.141210070860851 ], [ -96.085075853564689, 41.140316899490976 ], [ -96.086276641244908, 41.140316094261216 ], [ -96.087477428897571, 41.140315277745827 ], [ -96.088678216522311, 41.140314449944796 ], [ -96.089879004118728, 41.140313610858186 ], [ -96.089880139795383, 41.141206782183929 ], [ -96.089881275500758, 41.142099954202443 ] ] ] } },
{ "type": "Feature", "properties": { "id": "31_1", "growth_scenario": "high", "market_gravity_weight": 100 }, "geometry": { "type": "Polygon", "coordinates": [ [ [ -96.101871432138267, 41.129586598772093 ], [ -96.103072037355872, 41.129585635698646 ], [ -96.103073339536962, 41.13047879859645 ], [ -96.104273959889724, 41.130477824226077 ], [ -96.104275277272151, 41.131370987800658 ], [ -96.10547591276007, 41.13137000213316 ], [ -96.105477245344616, 41.132263166384512 ], [ -96.104276594687875, 41.132264152065197 ], [ -96.103075943997851, 41.132265126461661 ], [ -96.101875293274915, 41.132266089573861 ], [ -96.100674642519451, 41.132267041401796 ], [ -96.100673370610224, 41.13137387709844 ], [ -96.100672098733114, 41.13048071348517 ], [ -96.100670826888148, 41.129587550561723 ], [ -96.100669555075314, 41.128694388327823 ], [ -96.101870145157761, 41.128693436550975 ], [ -96.101871432138267, 41.129586598772093 ] ] ] } },
{ "type": "Feature", "properties": { "id": "31_10", "growth_scenario": "high", "market_gravity_weight": 100 }, "geometry": { "type": "Polygon", "coordinates": [ [ [ -96.085054359548835, 41.122453617200478 ], [ -96.086254843855983, 41.122452812186594 ], [ -96.086255933463846, 41.123345969741806 ], [ -96.086257023099236, 41.124239127984751 ], [ -96.085056508461676, 41.124239933020235 ], [ -96.085057582958797, 41.125133091962098 ], [ -96.083857053128312, 41.125133885725283 ], [ -96.082656523271055, 41.125134668205476 ], [ -96.081455993387408, 41.125135439402605 ], [ -96.081454964387603, 41.124242280429279 ], [ -96.082655479105469, 41.124241509242466 ], [ -96.082654434966273, 41.123348350967596 ], [ -96.082653390853451, 41.122455193380482 ], [ -96.083853875214515, 41.122454410931816 ], [ -96.083852815963454, 41.121561254042803 ], [ -96.085053285133128, 41.121560460322137 ], [ -96.085054359548835, 41.122453617200478 ] ] ] } },
{ "type": "Feature", "properties": { "id": "31_11", "growth_scenario": "high", "market_gravity_weight": 100 }, "geometry": { "type": "Polygon", "coordinates": [ [ [ -96.105463921014177, 41.123331554893596 ], [ -96.106664419966251, 41.123330558062328 ], [ -96.106665767413176, 41.124223716098705 ], [ -96.105465253295733, 41.124224712943402 ], [ -96.104264739144611, 41.124225698505192 ], [ -96.10426605629408, 41.125118857256247 ], [ -96.104267373476816, 41.126012016695675 ], [ -96.103066828960522, 41.126012991000714 ], [ -96.103065526943922, 41.12511983154824 ], [ -96.103064224960235, 41.124226672784069 ], [ -96.103062923009432, 41.123333514708058 ], [ -96.101862423957527, 41.123334477691124 ], [ -96.101861137204622, 41.122441320289944 ], [ -96.103061621091527, 41.122440357319753 ], [ -96.103060319206506, 41.121547200619112 ], [ -96.104260787895896, 41.121546226379429 ], [ -96.105461256552033, 41.121545240857245 ], [ -96.105462588766272, 41.122438397531639 ], [ -96.105463921014177, 41.123331554893596 ] ] ] } },
{ "type": "Feature", "properties": { "id": "31_12", "growth_scenario": "high", "market_gravity_weight": 100 }, "geometry": { "type": "Polygon", "coordinates": [ [ [ -96.109070929087466, 41.126901166717865 ], [ -96.110271488600048, 41.126900135983107 ], [ -96.111472048077431, 41.12689909396498 ], [ -96.111473456328156, 41.127792254700204 ], [ -96.112674030936859, 41.127791201384582 ], [ -96.112675454390455, 41.128684362794786 ], [ -96.111474864614479, 41.128685416124476 ], [ -96.111476272936372, 41.129578578238139 ], [ -96.11027566795714, 41.129579620298166 ], [ -96.109075062942694, 41.129580651074406 ], [ -96.10907368495613, 41.128687488932975 ], [ -96.107873095074538, 41.128688508411749 ], [ -96.107871732290093, 41.127795346946044 ], [ -96.107870369540066, 41.126902186169296 ], [ -96.107869006824473, 41.126009026081448 ], [ -96.109069551205351, 41.126008006643694 ], [ -96.109070929087466, 41.126901166717865 ] ] ] } },
{ "type": "Feature", "properties": { "id": "31_13", "growth_scenario": "high", "market_gravity_weight": 100 }, "geometry": { "type": "Polygon", "coordinates": [ [ [ -96.094703693452672, 41.156387330883888 ], [ -96.094704890364397, 41.157280514671747 ], [ -96.093503814538778, 41.157281399126248 ], [ -96.093504996300823, 41.158174583623314 ], [ -96.092303905265354, 41.158175456800983 ], [ -96.092302738683273, 41.157282272292306 ], [ -96.091101662798295, 41.157283134169802 ], [ -96.091100511425267, 41.156389950346785 ], [ -96.091099360081358, 41.155496767220846 ], [ -96.091098208766539, 41.154603584791737 ], [ -96.092299239113956, 41.154602722948908 ], [ -96.093500269431885, 41.154601849818 ], [ -96.094701299719944, 41.154600965399069 ], [ -96.094702496571173, 41.155494147793107 ], [ -96.094703693452672, 41.156387330883888 ] ] ] } },
{ "type": "Feature", "properties": { "id": "31_14", "growth_scenario": "high", "market_gravity_weight": 100 }, "geometry": { "type": "Polygon", "coordinates": [ [ [ -96.115078087659057, 41.129575384355235 ], [ -96.115079541520686, 41.130468547115562 ], [ -96.115080995419063, 41.131361710565749 ], [ -96.11388036021124, 41.131362786506003 ], [ -96.113881798977545, 41.132255950660664 ], [ -96.112681148564548, 41.132257015331092 ], [ -96.112679724967066, 41.131363851162185 ], [ -96.111479089686938, 41.131364904534266 ], [ -96.111477681293863, 41.130471741041269 ], [ -96.110277061146562, 41.130472783115302 ], [ -96.11027566795714, 41.129579620298166 ], [ -96.111476272936372, 41.129578578238139 ], [ -96.111474864614479, 41.128685416124476 ], [ -96.112675454390455, 41.128684362794786 ], [ -96.113876044130492, 41.128683298181436 ], [ -96.113877482787714, 41.129576460266641 ], [ -96.115078087659057, 41.129575384355235 ] ] ] } },
{ "type": "Feature", "properties": { "id": "31_15", "growth_scenario": "high", "market_gravity_weight": 100 }, "geometry": { "type": "Polygon", "coordinates": [ [ [ -96.094655841778703, 41.120660548288413 ], [ -96.094657037481198, 41.121553704388873 ], [ -96.09585750639279, 41.121552809126271 ], [ -96.095858717290113, 41.122445965902038 ], [ -96.094658233213906, 41.122446861176698 ], [ -96.093457749107472, 41.122447745168749 ], [ -96.092257264971224, 41.12244861787822 ], [ -96.092258430404129, 41.123341775377213 ], [ -96.091057931073436, 41.1233426368156 ], [ -96.09105678080553, 41.122449479305082 ], [ -96.0910556305667, 41.121556322482171 ], [ -96.091054480356917, 41.120663166346553 ], [ -96.091053330176209, 41.119770010898087 ], [ -96.092253768849176, 41.119769149505856 ], [ -96.093454207492698, 41.119768276831451 ], [ -96.093455388001146, 41.12066143225676 ], [ -96.094655841778703, 41.120660548288413 ] ] ] } },
{ "type": "Feature", "properties": { "id": "31_16", "growth_scenario": "high", "market_gravity_weight": 100 }, "geometry": { "type": "Polygon", "coordinates": [ [ [ -96.09585750639279, 41.121552809126271 ], [ -96.095856295526062, 41.120659653037734 ], [ -96.097056749242824, 41.120658746504795 ], [ -96.098257202928622, 41.120657828689559 ], [ -96.099457656583056, 41.120656899592078 ], [ -96.100658110205742, 41.120655959212243 ], [ -96.100659381729415, 41.121549115251256 ], [ -96.101859850484217, 41.121548163576421 ], [ -96.101861137204622, 41.122441320289944 ], [ -96.100660653285203, 41.122442271977569 ], [ -96.100661924873108, 41.123335429391481 ], [ -96.099461425756573, 41.123336369809095 ], [ -96.09826092660829, 41.12333729894398 ], [ -96.098259685350371, 41.122444141504992 ], [ -96.097059201335725, 41.12244505934482 ], [ -96.097057975273799, 41.121551902581125 ], [ -96.09585750639279, 41.121552809126271 ] ] ] } },
{ "type": "Feature", "properties": { "id": "31_17", "growth_scenario": "high", "market_gravity_weight": 100 }, "geometry": { "type": "Polygon", "coordinates": [ [ [ -96.088653572596471, 41.12066485530729 ], [ -96.088654692477775, 41.12155801146546 ], [ -96.088655812387358, 41.122451168311038 ], [ -96.087455328135633, 41.122451995890152 ], [ -96.087456432908496, 41.123345153434343 ], [ -96.086255933463846, 41.123345969741806 ], [ -96.086254843855983, 41.122452812186594 ], [ -96.085054359548835, 41.122453617200478 ], [ -96.085053285133128, 41.121560460322137 ], [ -96.083852815963454, 41.121561254042803 ], [ -96.083851756739136, 41.12066809784114 ], [ -96.085052210744564, 41.120667304131111 ], [ -96.085051136383157, 41.119774148627172 ], [ -96.086251575197579, 41.119773343645626 ], [ -96.087452013984489, 41.11977252738194 ], [ -96.087453118673608, 41.120665682864185 ], [ -96.088653572596471, 41.12066485530729 ] ] ] } },
{ "type": "Feature", "properties": { "id": "31_18", "growth_scenario": "high", "market_gravity_weight": 100 }, "geometry": { "type": "Polygon", "coordinates": [ [ [ -96.075456203244002, 41.127818607341574 ], [ -96.07545715651122, 41.128711769119114 ], [ -96.074256565810359, 41.128712472655693 ], [ -96.074257503933964, 41.129605635131973 ], [ -96.073056898041685, 41.12960632739415 ], [ -96.071856292126085, 41.129607008372446 ], [ -96.071855384337894, 41.128713845877705 ], [ -96.071854476572639, 41.127820684072326 ], [ -96.071853568830321, 41.126927522956038 ], [ -96.073054129243957, 41.126926842005062 ], [ -96.073053206358011, 41.126033681586698 ], [ -96.074253751581779, 41.126032989361704 ], [ -96.075454296781842, 41.126032285853462 ], [ -96.075455250000886, 41.126925446253118 ], [ -96.075456203244002, 41.127818607341574 ] ] ] } },
{ "type": "Feature", "properties": { "id": "31_19", "growth_scenario": "high", "market_gravity_weight": 100 }, "geometry": { "type": "Polygon", "coordinates": [ [ [ -96.082650258673254, 41.119775724743782 ], [ -96.083850697541578, 41.119774942326551 ], [ -96.083851756739136, 41.12066809784114 ], [ -96.083852815963454, 41.121561254042803 ], [ -96.083853875214515, 41.122454410931816 ], [ -96.082653390853451, 41.122455193380482 ], [ -96.082654434966273, 41.123348350967596 ], [ -96.082655479105469, 41.124241509242466 ], [ -96.081454964387603, 41.124242280429279 ], [ -96.080254449643746, 41.124243040333148 ], [ -96.080253435835331, 41.123349882037729 ], [ -96.081453935413805, 41.123349122144006 ], [ -96.081452906465998, 41.122455964546589 ], [ -96.081451877544183, 41.121562807636813 ], [ -96.081450848648373, 41.120669651414268 ], [ -96.081449819778555, 41.119776495878909 ], [ -96.081448790934715, 41.118883341030291 ], [ -96.082649214665935, 41.118882569905523 ], [ -96.082650258673254, 41.119775724743782 ] ] ] } },
{ "type": "Feature", "properties": { "id": "31_2", "growth_scenario": "high", "market_gravity_weight": 100 }, "geometry": { "type": "Polygon", "coordinates": [ [ [ -96.10547191520844, 41.128690513518364 ], [ -96.105473247691975, 41.12958367570036 ], [ -96.106673852809735, 41.129582678775485 ], [ -96.106675200495005, 41.130475841633626 ], [ -96.107875820746756, 41.130474833411469 ], [ -96.107877183634514, 41.13136799694589 ], [ -96.106676548214324, 41.131369005181554 ], [ -96.106677895967692, 41.132262169419562 ], [ -96.105477245344616, 41.132263166384512 ], [ -96.10547591276007, 41.13137000213316 ], [ -96.104275277272151, 41.131370987800658 ], [ -96.104273959889724, 41.130477824226077 ], [ -96.103073339536962, 41.13047879859645 ], [ -96.103072037355872, 41.129585635698646 ], [ -96.10307073520768, 41.12869247349046 ], [ -96.104271325224715, 41.128691499146214 ], [ -96.104270007942134, 41.127798337640421 ], [ -96.105470582758571, 41.127797352025794 ], [ -96.10547191520844, 41.128690513518364 ] ] ] } },
{ "type": "Feature", "properties": { "id": "31_20", "growth_scenario": "high", "market_gravity_weight": 100 }, "geometry": { "type": "Polygon", "coordinates": [ [ [ -96.076651936947812, 41.123352094022259 ], [ -96.076652905260005, 41.124245252347357 ], [ -96.076653873596669, 41.125138411360503 ], [ -96.076654841957804, 41.126031571061979 ], [ -96.076655810343411, 41.126924731452107 ], [ -96.075455250000886, 41.126925446253118 ], [ -96.075454296781842, 41.126032285853462 ], [ -96.074253751581779, 41.126032989361704 ], [ -96.073053206358011, 41.126033681586698 ], [ -96.0730522834954, 41.12514052185692 ], [ -96.073051360656095, 41.124247362815467 ], [ -96.074251875547901, 41.124246670608983 ], [ -96.074250937566489, 41.12335351226492 ], [ -96.075451437269194, 41.123352808784979 ], [ -96.075450484146472, 41.122459651138165 ], [ -96.076650968660076, 41.122458936385051 ], [ -96.076651936947812, 41.123352094022259 ] ] ] } },
{ "type": "Feature", "properties": { "id": "31_21", "growth_scenario": "high", "market_gravity_weight": 100 }, "geometry": { "type": "Polygon", "coordinates": [ [ [ -96.109068173358054, 41.125114847258025 ], [ -96.110268702537965, 41.125113816550893 ], [ -96.11146923168269, 41.125112774560691 ], [ -96.112669760791846, 41.125111721287411 ], [ -96.112671184137554, 41.1260048806312 ], [ -96.113871728376878, 41.126003816060646 ], [ -96.11387316692506, 41.126896976078662 ], [ -96.112672607519229, 41.126898040663519 ], [ -96.112674030936859, 41.127791201384582 ], [ -96.111473456328156, 41.127792254700204 ], [ -96.111472048077431, 41.12689909396498 ], [ -96.110271488600048, 41.126900135983107 ], [ -96.109070929087466, 41.126901166717865 ], [ -96.109069551205351, 41.126008006643694 ], [ -96.107869006824473, 41.126009026081448 ], [ -96.107867644143312, 41.12511586668213 ], [ -96.107866281496584, 41.124222707971164 ], [ -96.109066795545559, 41.124221688560716 ], [ -96.109068173358054, 41.125114847258025 ] ] ] } },
{ "type": "Feature", "properties": { "id": "31_22", "growth_scenario": "high", "market_gravity_weight": 100 }, "geometry": { "type": "Polygon", "coordinates": [ [ [ -96.117473360875238, 41.126000554649899 ], [ -96.117474844922967, 41.126893714624174 ], [ -96.116274285627327, 41.126894813059025 ], [ -96.115073726294554, 41.126895900210535 ], [ -96.115075180045991, 41.12778906090297 ], [ -96.115076633834164, 41.128682222284461 ], [ -96.115078087659057, 41.129575384355235 ], [ -96.113877482787714, 41.129576460266641 ], [ -96.113876044130492, 41.128683298181436 ], [ -96.112675454390455, 41.128684362794786 ], [ -96.112674030936859, 41.127791201384582 ], [ -96.112672607519229, 41.126898040663519 ], [ -96.11387316692506, 41.126896976078662 ], [ -96.113871728376878, 41.126003816060646 ], [ -96.113870289865034, 41.125110656731181 ], [ -96.11507081890187, 41.125109580891845 ], [ -96.116271347902, 41.125108493769481 ], [ -96.116272816746104, 41.12600165306997 ], [ -96.117473360875238, 41.126000554649899 ] ] ] } },
{ "type": "Feature", "properties": { "id": "31_23", "growth_scenario": "high", "market_gravity_weight": 100 }, "geometry": { "type": "Polygon", "coordinates": [ [ [ -96.094706087306406, 41.158173699156883 ], [ -96.094707284278655, 41.159066884339552 ], [ -96.09470848128116, 41.159960070220016 ], [ -96.094709678313933, 41.160853256798497 ], [ -96.093508541766155, 41.160854141300511 ], [ -96.092307405188521, 41.160855014513402 ], [ -96.092306238517978, 41.159961827911332 ], [ -96.091105117091956, 41.159962689823523 ], [ -96.091103965631632, 41.159069503907922 ], [ -96.091102814200411, 41.158176318690074 ], [ -96.091101662798295, 41.157283134169802 ], [ -96.092302738683273, 41.157282272292306 ], [ -96.092303905265354, 41.158175456800983 ], [ -96.093504996300823, 41.158174583623314 ], [ -96.093503814538778, 41.157281399126248 ], [ -96.094704890364397, 41.157280514671747 ], [ -96.094706087306406, 41.158173699156883 ] ] ] } },
{ "type": "Feature", "properties": { "id": "31_3", "growth_scenario": "high", "market_gravity_weight": 100 }, "geometry": { "type": "Polygon", "coordinates": [ [ [ -96.103066828960522, 41.126012991000714 ], [ -96.104267373476816, 41.126012016695675 ], [ -96.10426869069282, 41.126905176823605 ], [ -96.104270007942134, 41.127798337640421 ], [ -96.104271325224715, 41.128691499146214 ], [ -96.10307073520768, 41.12869247349046 ], [ -96.103072037355872, 41.129585635698646 ], [ -96.101871432138267, 41.129586598772093 ], [ -96.101870145157761, 41.128693436550975 ], [ -96.100669555075314, 41.128694388327823 ], [ -96.100668283294624, 41.127801226783333 ], [ -96.100667011546051, 41.126908065927758 ], [ -96.101867571294292, 41.12690711417639 ], [ -96.101866284411329, 41.126013954022497 ], [ -96.101864997560881, 41.12512079455712 ], [ -96.103065526943922, 41.12511983154824 ], [ -96.103066828960522, 41.126012991000714 ] ] ] } },
{ "type": "Feature", "properties": { "id": "31_4", "growth_scenario": "high", "market_gravity_weight": 100 }, "geometry": { "type": "Polygon", "coordinates": [ [ [ -96.094660624769944, 41.124233176815359 ], [ -96.095861139176534, 41.124232281516676 ], [ -96.095862350165632, 41.12512544035598 ], [ -96.094661820593274, 41.125126335666643 ], [ -96.093461290990689, 41.125127219694257 ], [ -96.09346247167808, 41.126020379245716 ], [ -96.092261926879502, 41.126021252001983 ], [ -96.092260761358276, 41.1251280924388 ], [ -96.091060231696403, 41.125128953900301 ], [ -96.091059081370389, 41.124235795013902 ], [ -96.091057931073436, 41.1233426368156 ], [ -96.092258430404129, 41.123341775377213 ], [ -96.092257264971224, 41.12244861787822 ], [ -96.093457749107472, 41.122447745168749 ], [ -96.094658233213906, 41.122446861176698 ], [ -96.094659428976811, 41.123340018652137 ], [ -96.094660624769944, 41.124233176815359 ] ] ] } },
{ "type": "Feature", "properties": { "id": "31_5", "growth_scenario": "high", "market_gravity_weight": 100 }, "geometry": { "type": "Polygon", "coordinates": [ [ [ -96.109075062942694, 41.129580651074406 ], [ -96.11027566795714, 41.129579620298166 ], [ -96.110277061146562, 41.130472783115302 ], [ -96.111477681293863, 41.130471741041269 ], [ -96.111479089686938, 41.131364904534266 ], [ -96.112679724967066, 41.131363851162185 ], [ -96.112681148564548, 41.132257015331092 ], [ -96.111480498115583, 41.132258068717292 ], [ -96.110279847631034, 41.132259110819255 ], [ -96.109079197111285, 41.13226014163692 ], [ -96.107878546556719, 41.132261161170362 ], [ -96.107877183634514, 41.13136799694589 ], [ -96.107875820746756, 41.130474833411469 ], [ -96.107874457893431, 41.129581670566829 ], [ -96.107873095074538, 41.128688508411749 ], [ -96.10907368495613, 41.128687488932975 ], [ -96.109075062942694, 41.129580651074406 ] ] ] } },
{ "type": "Feature", "properties": { "id": "31_6", "growth_scenario": "high", "market_gravity_weight": 100 }, "geometry": { "type": "Polygon", "coordinates": [ [ [ -96.106668462409175, 41.126010034236053 ], [ -96.106669809958248, 41.126903194337459 ], [ -96.106671157541356, 41.127796355127643 ], [ -96.106672505158514, 41.12868951660689 ], [ -96.106673852809735, 41.129582678775485 ], [ -96.105473247691975, 41.12958367570036 ], [ -96.10547191520844, 41.128690513518364 ], [ -96.105470582758571, 41.127797352025794 ], [ -96.104270007942134, 41.127798337640421 ], [ -96.10426869069282, 41.126905176823605 ], [ -96.104267373476816, 41.126012016695675 ], [ -96.10426605629408, 41.125118857256247 ], [ -96.104264739144611, 41.124225698505192 ], [ -96.105465253295733, 41.124224712943402 ], [ -96.106665767413176, 41.124223716098705 ], [ -96.106667114894151, 41.125116874823235 ], [ -96.106668462409175, 41.126010034236053 ] ] ] } },
{ "type": "Feature", "properties": { "id": "31_7", "growth_scenario": "high", "market_gravity_weight": 100 }, "geometry": { "type": "Polygon", "coordinates": [ [ [ -96.101862423957527, 41.123334477691124 ], [ -96.103062923009432, 41.123333514708058 ], [ -96.103064224960235, 41.124226672784069 ], [ -96.103065526943922, 41.12511983154824 ], [ -96.101864997560881, 41.12512079455712 ], [ -96.101866284411329, 41.126013954022497 ], [ -96.101867571294292, 41.12690711417639 ], [ -96.100667011546051, 41.126908065927758 ], [ -96.100665739829623, 41.126014905761153 ], [ -96.100664468145325, 41.125121746283007 ], [ -96.099463938697639, 41.125122686725803 ], [ -96.098263409218205, 41.125123615885599 ], [ -96.098262167897573, 41.12423045707073 ], [ -96.099462682211225, 41.124229527923383 ], [ -96.099461425756573, 41.123336369809095 ], [ -96.100661924873108, 41.123335429391481 ], [ -96.100660653285203, 41.122442271977569 ], [ -96.101861137204622, 41.122441320289944 ], [ -96.101862423957527, 41.123334477691124 ] ] ] } },
{ "type": "Feature", "properties": { "id": "31_8", "growth_scenario": "high", "market_gravity_weight": 100 }, "geometry": { "type": "Polygon", "coordinates": [ [ [ -96.08985629661079, 41.122450329449357 ], [ -96.089857431713668, 41.123343486971244 ], [ -96.089858566845237, 41.124236645180957 ], [ -96.089859702005484, 41.125129804078774 ], [ -96.088659172285887, 41.125130642974163 ], [ -96.087458642537968, 41.125131470586524 ], [ -96.086258112762152, 41.125132286915814 ], [ -96.085057582958797, 41.125133091962098 ], [ -96.085056508461676, 41.124239933020235 ], [ -96.086257023099236, 41.124239127984751 ], [ -96.086255933463846, 41.123345969741806 ], [ -96.087456432908496, 41.123345153434343 ], [ -96.087455328135633, 41.122451995890152 ], [ -96.088655812387358, 41.122451168311038 ], [ -96.088654692477775, 41.12155801146546 ], [ -96.089855161536576, 41.121557172615077 ], [ -96.08985629661079, 41.122450329449357 ] ] ] } },
{ "type": "Feature", "properties": { "id": "31_9", "growth_scenario": "high", "market_gravity_weight": 100 }, "geometry": { "type": "Polygon", "coordinates": [ [ [ -96.097059201335725, 41.12244505934482 ], [ -96.098259685350371, 41.122444141504992 ], [ -96.09826092660829, 41.12333729894398 ], [ -96.099461425756573, 41.123336369809095 ], [ -96.099462682211225, 41.124229527923383 ], [ -96.098262167897573, 41.12423045707073 ], [ -96.098263409218205, 41.125123615885599 ], [ -96.097062879707423, 41.125124533762317 ], [ -96.095862350165632, 41.12512544035598 ], [ -96.095861139176534, 41.124232281516676 ], [ -96.094660624769944, 41.124233176815359 ], [ -96.094659428976811, 41.123340018652137 ], [ -96.094658233213906, 41.122446861176698 ], [ -96.095858717290113, 41.122445965902038 ], [ -96.09585750639279, 41.121552809126271 ], [ -96.097057975273799, 41.121551902581125 ], [ -96.097059201335725, 41.12244505934482 ] ] ] } },
{ "type": "Feature", "properties": { "id": "32_0", "growth_scenario": "high", "market_gravity_weight": 100 }, "geometry": { "type": "Polygon", "coordinates": [ [ [ -115.204322554110107, 36.078409103312531 ], [ -115.204547446952589, 36.079283875607906 ], [ -115.204772344990459, 36.08015864693607 ], [ -115.203674631598673, 36.080337866236583 ], [ -115.202576913011598, 36.080517075409865 ], [ -115.201479189229445, 36.080696274456031 ], [ -115.20125432763362, 36.079821497251515 ], [ -115.20015661080437, 36.080000684211676 ], [ -115.199931766550634, 36.079125904081742 ], [ -115.199706927491079, 36.078251122984767 ], [ -115.200804620025679, 36.078071939941509 ], [ -115.201902307365998, 36.077892746771212 ], [ -115.202999989511824, 36.077713543473948 ], [ -115.203224865012416, 36.078588318695402 ], [ -115.204322554110107, 36.078409103312531 ] ] ] } },
{ "type": "Feature", "properties": { "id": "32_1", "growth_scenario": "high", "market_gravity_weight": 100 }, "geometry": { "type": "Polygon", "coordinates": [ [ [ -115.240150638216065, 36.079846068891683 ], [ -115.240375949156586, 36.080720772665025 ], [ -115.239278311947658, 36.080900319609583 ], [ -115.238180669534259, 36.08107985642836 ], [ -115.237083021916618, 36.081259383121278 ], [ -115.236857747407015, 36.080384673461189 ], [ -115.235760106729401, 36.08056418806617 ], [ -115.234662460848227, 36.080743692545283 ], [ -115.234437215830098, 36.079868977993037 ], [ -115.235534849567358, 36.079689475475782 ], [ -115.236632478101257, 36.079509962832809 ], [ -115.237730101431509, 36.079330440064091 ], [ -115.237504825186065, 36.078455730429212 ], [ -115.238602431169326, 36.078276199496976 ], [ -115.239700031948615, 36.078096658439179 ], [ -115.239925332480169, 36.078971364149822 ], [ -115.240150638216065, 36.079846068891683 ] ] ] } },
{ "type": "Feature", "properties": { "id": "32_10", "growth_scenario": "high", "market_gravity_weight": 100 }, "geometry": { "type": "Polygon", "coordinates": [ [ [ -115.195821472666381, 36.014169139617863 ], [ -115.196918246391405, 36.013989984090507 ], [ -115.197142862653251, 36.014864810855997 ], [ -115.197367484099772, 36.015739636641101 ], [ -115.19846427689437, 36.015560467086651 ], [ -115.198688915653179, 36.016435289937654 ], [ -115.197592110731136, 36.016614461445926 ], [ -115.196495300624093, 36.016793622834186 ], [ -115.195398485332277, 36.016972774102491 ], [ -115.195173882956254, 36.016097945390257 ], [ -115.194077074607875, 36.016277084584878 ], [ -115.192980261075391, 36.016456213659403 ], [ -115.1927556881393, 36.015581380060283 ], [ -115.1938524895439, 36.015402252939083 ], [ -115.194949285764608, 36.015223115697943 ], [ -115.194724693757109, 36.014348285025399 ], [ -115.194500106933603, 36.013473453372448 ], [ -115.195596873715857, 36.013294309918315 ], [ -115.195821472666381, 36.014169139617863 ] ] ] } },
{ "type": "Feature", "properties": { "id": "32_11", "growth_scenario": "high", "market_gravity_weight": 100 }, "geometry": { "type": "Polygon", "coordinates": [ [ [ -115.205467541442488, 36.011681563454161 ], [ -115.206564256372559, 36.011502318806457 ], [ -115.206788976583468, 36.012377128966804 ], [ -115.20701370198114, 36.013251938145899 ], [ -115.20591696280033, 36.013431186702434 ], [ -115.206141681259226, 36.014305996854866 ], [ -115.207238432565816, 36.014126746343862 ], [ -115.207463168337625, 36.015001553560829 ], [ -115.206366404905054, 36.015180806026436 ], [ -115.205269636285394, 36.015360048372585 ], [ -115.205044924765772, 36.014485237246511 ], [ -115.204820218432772, 36.013610425139674 ], [ -115.203723468878763, 36.013789653457593 ], [ -115.203498779858094, 36.012914838415568 ], [ -115.203274096023463, 36.012040022392448 ], [ -115.204370821326023, 36.011860797982891 ], [ -115.204146130551891, 36.010985982932588 ], [ -115.205242838543185, 36.010806750358071 ], [ -115.205467541442488, 36.011681563454161 ] ] ] } },
{ "type": "Feature", "properties": { "id": "32_12", "growth_scenario": "high", "market_gravity_weight": 100 }, "geometry": { "type": "Polygon", "coordinates": [ [ [ -115.228525658997725, 36.012468603190214 ], [ -115.228750635514572, 36.013343371287966 ], [ -115.228975617223938, 36.01421813840367 ], [ -115.230072313230352, 36.01403867769352 ], [ -115.231169004043807, 36.013859206865021 ], [ -115.231394015192691, 36.014733969085242 ], [ -115.230297312255928, 36.014913441870618 ], [ -115.230522316474648, 36.015788205065974 ], [ -115.230747325886668, 36.016662967279771 ], [ -115.229650593509035, 36.016842433860482 ], [ -115.229425596221006, 36.015967669689765 ], [ -115.228328870774277, 36.016147124194994 ], [ -115.228103890803226, 36.015272357086033 ], [ -115.22700717228777, 36.015451799515986 ], [ -115.226782209633214, 36.014577029468846 ], [ -115.227878916024807, 36.014397588995472 ], [ -115.227653946438835, 36.013522819923189 ], [ -115.227428982045154, 36.012648049868929 ], [ -115.227204022843551, 36.011773278832578 ], [ -115.228300687673226, 36.011593834110307 ], [ -115.228525658997725, 36.012468603190214 ] ] ] } },
{ "type": "Feature", "properties": { "id": "32_13", "growth_scenario": "high", "market_gravity_weight": 100 }, "geometry": { "type": "Polygon", "coordinates": [ [ [ -115.27878997065099, 36.074430250889051 ], [ -115.279015711714194, 36.075304884950413 ], [ -115.279241457991276, 36.076179518040689 ], [ -115.278143978825483, 36.07635942327672 ], [ -115.278369718178624, 36.077234057361871 ], [ -115.277272221660851, 36.077413954439962 ], [ -115.276174719929386, 36.077593841394318 ], [ -115.275949004852777, 36.076719203377721 ], [ -115.275723294989461, 36.075844564390415 ], [ -115.275497590339256, 36.074969924432288 ], [ -115.275271890901976, 36.074095283503098 ], [ -115.276369344081559, 36.073915404410926 ], [ -115.277466792048145, 36.073735515195374 ], [ -115.277692515760435, 36.074610152193607 ], [ -115.27878997065099, 36.074430250889051 ] ] ] } },
{ "type": "Feature", "properties": { "id": "32_14", "growth_scenario": "high", "market_gravity_weight": 100 }, "geometry": { "type": "Polygon", "coordinates": [ [ [ -115.204146130551891, 36.010985982932588 ], [ -115.204370821326023, 36.011860797982891 ], [ -115.203274096023463, 36.012040022392448 ], [ -115.203498779858094, 36.012914838415568 ], [ -115.2024020372439, 36.013094054659973 ], [ -115.201305289443937, 36.013273260785063 ], [ -115.200208536458447, 36.013452456790723 ], [ -115.199111778287687, 36.013631642676877 ], [ -115.19888714295719, 36.012756818838106 ], [ -115.199983889001643, 36.012577634905725 ], [ -115.199759246729954, 36.011702812039758 ], [ -115.200855975463455, 36.011523619941727 ], [ -115.200631326251028, 36.010648798048308 ], [ -115.201728037673917, 36.010469597784819 ], [ -115.202824743911563, 36.010290387402328 ], [ -115.203049417374686, 36.011165205388103 ], [ -115.204146130551891, 36.010985982932588 ] ] ] } },
{ "type": "Feature", "properties": { "id": "32_15", "growth_scenario": "high", "market_gravity_weight": 100 }, "geometry": { "type": "Polygon", "coordinates": [ [ [ -115.273086361653512, 36.043457750113319 ], [ -115.272860783915249, 36.042583084901764 ], [ -115.273957786403756, 36.042403223946685 ], [ -115.275054783684212, 36.04222335287178 ], [ -115.276151775756347, 36.04204347167714 ], [ -115.277248762619934, 36.041863580362772 ], [ -115.277474388868171, 36.042738237721906 ], [ -115.278571382649972, 36.042558334324553 ], [ -115.2787970262345, 36.043432988742374 ], [ -115.279022675028486, 36.044307642182382 ], [ -115.277925656991826, 36.044487549506655 ], [ -115.276828633745808, 36.044667446711017 ], [ -115.276603009207122, 36.043792789344096 ], [ -115.275505992879928, 36.043972674465145 ], [ -115.274408971344045, 36.044152549466233 ], [ -115.274183376269775, 36.043277887195295 ], [ -115.273086361653512, 36.043457750113319 ] ] ] } },
{ "type": "Feature", "properties": { "id": "32_16", "growth_scenario": "high", "market_gravity_weight": 100 }, "geometry": { "type": "Polygon", "coordinates": [ [ [ -115.179941409875795, 36.001266579044042 ], [ -115.180165792540564, 36.002141445922796 ], [ -115.179069150654144, 36.002320448780637 ], [ -115.177972503589373, 36.00249944151939 ], [ -115.177748145174519, 36.001624570738542 ], [ -115.176651505056896, 36.00180355140732 ], [ -115.175554859761576, 36.00198252195699 ], [ -115.175330530774772, 36.001107646292276 ], [ -115.175106206965182, 36.000232769645244 ], [ -115.176202828010446, 36.000053802996888 ], [ -115.177299443878411, 35.999874826229636 ], [ -115.178396054568807, 35.999695839343502 ], [ -115.179492660081394, 35.999516842338629 ], [ -115.179717032389462, 36.000391711182679 ], [ -115.179941409875795, 36.001266579044042 ] ] ] } },
{ "type": "Feature", "properties": { "id": "32_17", "growth_scenario": "high", "market_gravity_weight": 100 }, "geometry": { "type": "Polygon", "coordinates": [ [ [ -115.179691774468338, 35.995838357811429 ], [ -115.179916138188347, 35.996713228637425 ], [ -115.180140507086165, 35.997588098479888 ], [ -115.180364881161935, 35.998462967339073 ], [ -115.179268292951363, 35.998641972511741 ], [ -115.17817169956291, 35.998820967565827 ], [ -115.177947349734637, 35.99794609480508 ], [ -115.176850763292535, 35.998125077789823 ], [ -115.175754171673248, 35.998304050655939 ], [ -115.175529851270184, 35.997429173011042 ], [ -115.176626430765523, 35.997250202095444 ], [ -115.176402103415541, 35.996375325417738 ], [ -115.177498665610344, 35.996196346334038 ], [ -115.178595222628019, 35.996017357131919 ], [ -115.178370876208547, 35.995142483371708 ], [ -115.179467415925956, 35.994963486001815 ], [ -115.179691774468338, 35.995838357811429 ] ] ] } },
{ "type": "Feature", "properties": { "id": "32_18", "growth_scenario": "high", "market_gravity_weight": 100 }, "geometry": { "type": "Polygon", "coordinates": [ [ [ -115.176177781242401, 35.995500447756669 ], [ -115.177274331313924, 35.995321470623331 ], [ -115.177498665610344, 35.996196346334038 ], [ -115.176402103415541, 35.996375325417738 ], [ -115.176626430765523, 35.997250202095444 ], [ -115.175529851270184, 35.997429173011042 ], [ -115.175754171673248, 35.998304050655939 ], [ -115.174657574876989, 35.998483013403273 ], [ -115.173560972904042, 35.998661966031875 ], [ -115.173336676749386, 35.997787084486376 ], [ -115.173112385771006, 35.996912201957834 ], [ -115.172888099968702, 35.996037318446149 ], [ -115.173984665569535, 35.995858371668128 ], [ -115.175081225994163, 35.995679414771587 ], [ -115.174856921120906, 35.994804534176744 ], [ -115.175953464245936, 35.99462556911201 ], [ -115.176177781242401, 35.995500447756669 ] ] ] } },
{ "type": "Feature", "properties": { "id": "32_19", "growth_scenario": "high", "market_gravity_weight": 100 }, "geometry": { "type": "Polygon", "coordinates": [ [ [ -115.179890869536081, 35.99215986303264 ], [ -115.180115224668612, 35.993034735843892 ], [ -115.180339584978512, 35.993909607670844 ], [ -115.18056395046591, 35.994784478513751 ], [ -115.180788321131033, 35.995659348372705 ], [ -115.179691774468338, 35.995838357811429 ], [ -115.179467415925956, 35.994963486001815 ], [ -115.178370876208547, 35.995142483371708 ], [ -115.177274331313924, 35.995321470623331 ], [ -115.177050002194477, 35.99444659392902 ], [ -115.17682567825176, 35.993571716250791 ], [ -115.177922198900987, 35.993392732899878 ], [ -115.177697868012544, 35.992517856187881 ], [ -115.178794371362756, 35.992338864669193 ], [ -115.178570033529112, 35.991463988923172 ], [ -115.179666519580721, 35.991284989236966 ], [ -115.179890869536081, 35.99215986303264 ] ] ] } },
{ "type": "Feature", "properties": { "id": "32_2", "growth_scenario": "high", "market_gravity_weight": 100 }, "geometry": { "type": "Polygon", "coordinates": [ [ [ -115.176677934897384, 36.0464613702718 ], [ -115.177775221303293, 36.046282395152673 ], [ -115.178872502525195, 36.046103409909335 ], [ -115.179097005628563, 36.04697825035791 ], [ -115.179321513916392, 36.047853089833637 ], [ -115.179546027388852, 36.048727928336547 ], [ -115.179770546046115, 36.049602765866908 ], [ -115.178673216265338, 36.049781758927153 ], [ -115.178448709748167, 36.048906919442437 ], [ -115.177351386922922, 36.049085900423819 ], [ -115.177126897730332, 36.048211058012434 ], [ -115.176902413721891, 36.047336214628537 ], [ -115.175805109992496, 36.047515181577239 ], [ -115.174707801079407, 36.047694138401503 ], [ -115.174483346534458, 36.04681929013708 ], [ -115.175580643307683, 36.04664033526663 ], [ -115.175356181806407, 36.045765487983189 ], [ -115.176453461256671, 36.045586524942209 ], [ -115.176677934897384, 36.0464613702718 ] ] ] } },
{ "type": "Feature", "properties": { "id": "32_3", "growth_scenario": "high", "market_gravity_weight": 100 }, "geometry": { "type": "Polygon", "coordinates": [ [ [ -115.177101779514715, 36.043657862105732 ], [ -115.177326254927181, 36.044532707428004 ], [ -115.177550735523312, 36.045407551776997 ], [ -115.176453461256671, 36.045586524942209 ], [ -115.175356181806407, 36.045765487983189 ], [ -115.175580643307683, 36.04664033526663 ], [ -115.174483346534458, 36.04681929013708 ], [ -115.174258897172805, 36.045944440899902 ], [ -115.173161607356121, 36.04612338369229 ], [ -115.172937175317088, 36.045248531528642 ], [ -115.174034452994221, 36.045069590689813 ], [ -115.173810013998519, 36.044194739506601 ], [ -115.173585580185602, 36.043319887350087 ], [ -115.174682828401885, 36.043140940293995 ], [ -115.175780071435355, 36.042961983113912 ], [ -115.176004529525827, 36.043836831363407 ], [ -115.177101779514715, 36.043657862105732 ] ] ] } },
{ "type": "Feature", "properties": { "id": "32_4", "growth_scenario": "high", "market_gravity_weight": 100 }, "geometry": { "type": "Polygon", "coordinates": [ [ [ -115.254946667938995, 36.057369576492455 ], [ -115.256043927056794, 36.057189882324586 ], [ -115.256269354122864, 36.058064570178736 ], [ -115.257366620169435, 36.057884863926198 ], [ -115.257592064575718, 36.058759548844087 ], [ -115.256494786394654, 36.05893925705913 ], [ -115.255397503007671, 36.059118955151703 ], [ -115.254300214415096, 36.059298643121714 ], [ -115.254525627622627, 36.060173332953319 ], [ -115.25342832168937, 36.060353012762995 ], [ -115.252331010550833, 36.06053268244986 ], [ -115.252105621614106, 36.059657988693779 ], [ -115.25320292061717, 36.05947832096907 ], [ -115.252977524750065, 36.05860362820188 ], [ -115.252752134087885, 36.05772893446111 ], [ -115.253849403615959, 36.057549260538011 ], [ -115.253624006023983, 36.056674567785542 ], [ -115.254721258212641, 36.056494885702158 ], [ -115.254946667938995, 36.057369576492455 ] ] ] } },
{ "type": "Feature", "properties": { "id": "32_5", "growth_scenario": "high", "market_gravity_weight": 100 }, "geometry": { "type": "Polygon", "coordinates": [ [ [ -115.258719364702714, 36.063132958831844 ], [ -115.258944840348448, 36.06400763791023 ], [ -115.257847489354788, 36.064187357901766 ], [ -115.258072958071409, 36.065062037970577 ], [ -115.25697558973431, 36.065241749802034 ], [ -115.255878216190339, 36.065421451510275 ], [ -115.254780837439768, 36.065601143095293 ], [ -115.253683453482836, 36.065780824556953 ], [ -115.253458033313294, 36.064906136636957 ], [ -115.253232618349685, 36.064031447744675 ], [ -115.2543299780328, 36.063851770208288 ], [ -115.254555405133203, 36.064726457137972 ], [ -115.255652771746895, 36.064546767515679 ], [ -115.25542733250991, 36.06367208254872 ], [ -115.255201898479157, 36.062797396609163 ], [ -115.256299235613838, 36.062617700789268 ], [ -115.257396567542216, 36.062437994846348 ], [ -115.257622025845123, 36.063312676860441 ], [ -115.258719364702714, 36.063132958831844 ] ] ] } },
{ "type": "Feature", "properties": { "id": "32_6", "growth_scenario": "high", "market_gravity_weight": 100 }, "geometry": { "type": "Polygon", "coordinates": [ [ [ -115.198517064494212, 36.024667019583923 ], [ -115.198741730853698, 36.025541836550694 ], [ -115.197644794270062, 36.025721007360033 ], [ -115.196547852500089, 36.025900168048338 ], [ -115.195450905544106, 36.026079318615551 ], [ -115.194353953402356, 36.026258459061602 ], [ -115.194129335565236, 36.025383634277468 ], [ -115.195226275576147, 36.025204495785637 ], [ -115.195001650793785, 36.024329671977597 ], [ -115.194777031196836, 36.023454847191175 ], [ -115.195873941761533, 36.023275702486622 ], [ -115.196970847140733, 36.023096547661211 ], [ -115.19806774733415, 36.022917382715065 ], [ -115.198292403321076, 36.023792201638805 ], [ -115.198517064494212, 36.024667019583923 ] ] ] } },
{ "type": "Feature", "properties": { "id": "32_7", "growth_scenario": "high", "market_gravity_weight": 100 }, "geometry": { "type": "Polygon", "coordinates": [ [ [ -115.193455513165304, 36.022759154056033 ], [ -115.194552416785143, 36.022580021426315 ], [ -115.194777031196836, 36.023454847191175 ], [ -115.195001650793785, 36.024329671977597 ], [ -115.195226275576147, 36.025204495785637 ], [ -115.194129335565236, 36.025383634277468 ], [ -115.194353953402356, 36.026258459061602 ], [ -115.19325699607505, 36.02643758938639 ], [ -115.193032390369012, 36.025562762648157 ], [ -115.19193543998766, 36.025741880897719 ], [ -115.190838484421491, 36.025920989025984 ], [ -115.190613908162618, 36.025046157402059 ], [ -115.191710851597648, 36.024867051227595 ], [ -115.192807789848018, 36.024687934932011 ], [ -115.192583194511982, 36.023813106237675 ], [ -115.192358604360649, 36.022938276564958 ], [ -115.192134019393905, 36.02206344591373 ], [ -115.193230916068529, 36.021884325358606 ], [ -115.193455513165304, 36.022759154056033 ] ] ] } },
{ "type": "Feature", "properties": { "id": "32_8", "growth_scenario": "high", "market_gravity_weight": 100 }, "geometry": { "type": "Polygon", "coordinates": [ [ [ -115.263243289433504, 36.049629232217292 ], [ -115.264340416769599, 36.049449460690667 ], [ -115.264565916586818, 36.050324137706646 ], [ -115.264791421610767, 36.051198813746872 ], [ -115.265016931841657, 36.052073488811622 ], [ -115.263919768111563, 36.052253266226138 ], [ -115.264145271417732, 36.053127942278195 ], [ -115.263048090348789, 36.053307711533996 ], [ -115.262822599174669, 36.052433033519257 ], [ -115.262597113207107, 36.051558354529234 ], [ -115.261499951195546, 36.051738109738395 ], [ -115.26127448256608, 36.050863427810555 ], [ -115.261049019142618, 36.049988744907175 ], [ -115.262146156891077, 36.049808993622825 ], [ -115.261920686542254, 36.048934311706091 ], [ -115.263017806953698, 36.048754552262949 ], [ -115.263243289433504, 36.049629232217292 ] ] ] } },
{ "type": "Feature", "properties": { "id": "32_9", "growth_scenario": "high", "market_gravity_weight": 100 }, "geometry": { "type": "Polygon", "coordinates": [ [ [ -115.27330264406632, 36.075329656176706 ], [ -115.273528324440335, 36.076204300065527 ], [ -115.273754010026906, 36.077078942983746 ], [ -115.272656504794682, 36.077258797600919 ], [ -115.271558994349945, 36.077438642094101 ], [ -115.270461478692937, 36.077618476463343 ], [ -115.270235829522804, 36.076743827649508 ], [ -115.270010185564473, 36.075869177865286 ], [ -115.271107676943743, 36.07568934742622 ], [ -115.270882026058601, 36.074814698636303 ], [ -115.270656380385191, 36.073940048875507 ], [ -115.271753842276212, 36.073760212242611 ], [ -115.27285129895543, 36.073580365486144 ], [ -115.273076968904775, 36.074455011316907 ], [ -115.27330264406632, 36.075329656176706 ] ] ] } },
{ "type": "Feature", "properties": { "id": "34_0", "growth_scenario": "high", "market_gravity_weight": 100 }, "geometry": { "type": "Polygon", "coordinates": [ [ [ -74.370586378007559, 40.583967211520864 ], [ -74.371747065186611, 40.584168653611862 ], [ -74.37147824744001, 40.585038419896151 ], [ -74.370317546845186, 40.584836975226196 ], [ -74.369156852817227, 40.584635519960742 ], [ -74.368888001672161, 40.58550528102932 ], [ -74.367727300795778, 40.58530381258921 ], [ -74.367996165356431, 40.584434054099923 ], [ -74.366835484463095, 40.584232577643888 ], [ -74.367104355871362, 40.583362821676154 ], [ -74.367373220712139, 40.582493065650375 ], [ -74.36853387477565, 40.58269453694794 ], [ -74.368802719634644, 40.581824778284854 ], [ -74.369963366850399, 40.582026236408389 ], [ -74.371124020632635, 40.582227683936857 ], [ -74.370855202603295, 40.583097447757858 ], [ -74.370586378007559, 40.583967211520864 ] ] ] } },
{ "type": "Feature", "properties": { "id": "34_1", "growth_scenario": "high", "market_gravity_weight": 100 }, "geometry": { "type": "Polygon", "coordinates": [ [ [ -74.162305060219921, 40.659490933802445 ], [ -74.162033397740188, 40.660360299206488 ], [ -74.163194737982195, 40.660563660250254 ], [ -74.162923082278368, 40.66143302821375 ], [ -74.162651419934889, 40.662302396127473 ], [ -74.16149005286141, 40.662099029864649 ], [ -74.161218370461896, 40.662968395119101 ], [ -74.160056996612667, 40.662765015651331 ], [ -74.160328692428109, 40.661895653006695 ], [ -74.159167338635271, 40.66169226555381 ], [ -74.159439041225653, 40.66082290546921 ], [ -74.15971073717553, 40.659953545334517 ], [ -74.160872064137877, 40.660156927567868 ], [ -74.161143740032671, 40.659287564773308 ], [ -74.161415409287713, 40.658418201928299 ], [ -74.162576716060201, 40.65862156834811 ], [ -74.163738029471901, 40.658824924173224 ], [ -74.163466387046626, 40.659694292236829 ], [ -74.162305060219921, 40.659490933802445 ] ] ] } },
{ "type": "Feature", "properties": { "id": "34_10", "growth_scenario": "high", "market_gravity_weight": 100 }, "geometry": { "type": "Polygon", "coordinates": [ [ [ -74.114301037266017, 40.793223116420904 ], [ -74.115464413543378, 40.793426933735788 ], [ -74.11662779649852, 40.793630740439241 ], [ -74.116355061628042, 40.794500092614321 ], [ -74.115191665213516, 40.794296283283195 ], [ -74.114918910205631, 40.795165632811482 ], [ -74.113755507009714, 40.79496181024102 ], [ -74.112592110492358, 40.794757977059149 ], [ -74.111428720653862, 40.794554133265855 ], [ -74.11115591858929, 40.79542347489096 ], [ -74.109992521970938, 40.795219617858123 ], [ -74.110265337494511, 40.794350278861309 ], [ -74.110538146338655, 40.793480939845125 ], [ -74.111701516039304, 40.793684791621494 ], [ -74.111974304745843, 40.792815449957644 ], [ -74.113137667666734, 40.793019288494868 ], [ -74.113410436236251, 40.792149944183471 ], [ -74.114573792376916, 40.792353769481771 ], [ -74.114301037266017, 40.793223116420904 ] ] ] } },
{ "type": "Feature", "properties": { "id": "34_11", "growth_scenario": "high", "market_gravity_weight": 100 }, "geometry": { "type": "Polygon", "coordinates": [ [ [ -74.108685032352895, 40.787653333638048 ], [ -74.108412223210891, 40.788522664891794 ], [ -74.108139407390027, 40.78939199612455 ], [ -74.106976118235977, 40.789188112417804 ], [ -74.106703282279412, 40.790057441001622 ], [ -74.105539986348433, 40.789853544056371 ], [ -74.105812835761313, 40.788984218100836 ], [ -74.104649559966333, 40.788780313173675 ], [ -74.104922416155347, 40.787910989825342 ], [ -74.103759160495912, 40.787707076916504 ], [ -74.104032023460448, 40.786837756175139 ], [ -74.105195265664605, 40.78704166645575 ], [ -74.105468108494364, 40.786172343064635 ], [ -74.1066313439228, 40.786376240107373 ], [ -74.107794586030209, 40.786580126540208 ], [ -74.10752177011112, 40.7874494551873 ], [ -74.108685032352895, 40.787653333638048 ] ] ] } },
{ "type": "Feature", "properties": { "id": "34_12", "growth_scenario": "high", "market_gravity_weight": 100 }, "geometry": { "type": "Polygon", "coordinates": [ [ [ -74.109302703223193, 40.789595869220932 ], [ -74.10902989418004, 40.790465203060968 ], [ -74.110193210149077, 40.790669068174843 ], [ -74.109920407884218, 40.79153840462255 ], [ -74.109647598940327, 40.792407741050106 ], [ -74.108484256056315, 40.792203870679984 ], [ -74.107320919851816, 40.7919999896991 ], [ -74.106157590327143, 40.791796098107504 ], [ -74.106430439643233, 40.790926769564798 ], [ -74.105267130255612, 40.790722869991157 ], [ -74.105539986348433, 40.789853544056371 ], [ -74.106703282279412, 40.790057441001622 ], [ -74.106976118235977, 40.789188112417804 ], [ -74.108139407390027, 40.78939199612455 ], [ -74.108412223210891, 40.788522664891794 ], [ -74.109575505587529, 40.788726535360226 ], [ -74.109302703223193, 40.789595869220932 ] ] ] } },
{ "type": "Feature", "properties": { "id": "34_13", "growth_scenario": "high", "market_gravity_weight": 100 }, "geometry": { "type": "Polygon", "coordinates": [ [ [ -74.419606826064268, 40.833476665729805 ], [ -74.419337650620776, 40.834346689428514 ], [ -74.419068468578118, 40.835216713134834 ], [ -74.41879927993601, 40.83608673684904 ], [ -74.417634339185867, 40.83588568893753 ], [ -74.417903541345396, 40.835015667821239 ], [ -74.418172736905206, 40.834145646712678 ], [ -74.417007829789114, 40.833944593362972 ], [ -74.415842929272813, 40.833743529379589 ], [ -74.414678035356559, 40.833542454762473 ], [ -74.413513148040678, 40.8333413695118 ], [ -74.413782391066007, 40.8324713588026 ], [ -74.414051627490934, 40.831601348100186 ], [ -74.415216487775325, 40.831802428154774 ], [ -74.416381354659606, 40.832003497576004 ], [ -74.416112145266126, 40.83287351347424 ], [ -74.417277032266057, 40.833074574859751 ], [ -74.418441925865551, 40.833275625611634 ], [ -74.418711108226631, 40.832405604518009 ], [ -74.419875994908807, 40.832606642038613 ], [ -74.419606826064268, 40.833476665729805 ] ] ] } },
{ "type": "Feature", "properties": { "id": "34_14", "growth_scenario": "high", "market_gravity_weight": 100 }, "geometry": { "type": "Polygon", "coordinates": [ [ [ -74.388794234061393, 40.485410888142255 ], [ -74.388525996532621, 40.486280633814971 ], [ -74.388257752460262, 40.487150379406629 ], [ -74.387098597826636, 40.486949101335249 ], [ -74.385939449737108, 40.486747812681379 ], [ -74.384780308192035, 40.486546513445184 ], [ -74.383621173191656, 40.486345203626691 ], [ -74.383889470787707, 40.485475468306788 ], [ -74.384157761839006, 40.484605732905365 ], [ -74.385316870078526, 40.484807037587736 ], [ -74.385585141205311, 40.483937299536841 ], [ -74.386744242608842, 40.484138591069389 ], [ -74.387903350556101, 40.484339872019959 ], [ -74.387635106190004, 40.485209615206251 ], [ -74.388794234061393, 40.485410888142255 ] ] ] } },
{ "type": "Feature", "properties": { "id": "34_15", "growth_scenario": "high", "market_gravity_weight": 100 }, "geometry": { "type": "Polygon", "coordinates": [ [ [ -74.101777242174933, 40.790111107608205 ], [ -74.102940531521156, 40.790315039012754 ], [ -74.104103827548158, 40.790518959807116 ], [ -74.103830951318486, 40.791388283092708 ], [ -74.10499426748261, 40.791592195905338 ], [ -74.104721398029213, 40.792461521799112 ], [ -74.104448521895165, 40.793330847672742 ], [ -74.103285178816805, 40.793126929602522 ], [ -74.102121842419635, 40.792923000921654 ], [ -74.102394745467976, 40.792053680305813 ], [ -74.101231429209051, 40.791849743643532 ], [ -74.10150433903263, 40.790980425636263 ], [ -74.100341042911481, 40.790776480992662 ], [ -74.09917775347192, 40.790572525738988 ], [ -74.099450683525887, 40.789703212968924 ], [ -74.100613959509744, 40.789907165593576 ], [ -74.10088686942666, 40.789037850173507 ], [ -74.102050138636187, 40.789241789559306 ], [ -74.101777242174933, 40.790111107608205 ] ] ] } },
{ "type": "Feature", "properties": { "id": "34_16", "growth_scenario": "high", "market_gravity_weight": 100 }, "geometry": { "type": "Polygon", "coordinates": [ [ [ -74.095889515081794, 40.785410087143013 ], [ -74.097052710521311, 40.785614071689963 ], [ -74.09821591264236, 40.785818045627686 ], [ -74.097942982405073, 40.786687353226057 ], [ -74.099106204661439, 40.786891319183312 ], [ -74.098833281197031, 40.787760629388629 ], [ -74.098560351051177, 40.788629939572232 ], [ -74.097397101885804, 40.788425968357004 ], [ -74.097670045486296, 40.787556660802487 ], [ -74.096506816457321, 40.787352681606755 ], [ -74.096233859402417, 40.7882219865322 ], [ -74.095070623601273, 40.788017994097821 ], [ -74.095343594110346, 40.787148691801612 ], [ -74.094180378445657, 40.786944691387184 ], [ -74.094453355726074, 40.786075391698255 ], [ -74.094726326324107, 40.785206091986964 ], [ -74.09499929024004, 40.7843367922531 ], [ -74.096162465544666, 40.784540784780141 ], [ -74.095889515081794, 40.785410087143013 ] ] ] } },
{ "type": "Feature", "properties": { "id": "34_17", "growth_scenario": "high", "market_gravity_weight": 100 }, "geometry": { "type": "Polygon", "coordinates": [ [ [ -74.390489797142195, 40.483872653771904 ], [ -74.390221586080585, 40.484742402174525 ], [ -74.389953368476142, 40.485612150495889 ], [ -74.388794234061393, 40.485410888142255 ], [ -74.387635106190004, 40.485209615206251 ], [ -74.387903350556101, 40.484339872019959 ], [ -74.386744242608842, 40.484138591069389 ], [ -74.387012493811682, 40.483268850369079 ], [ -74.388171588378768, 40.483470128752046 ], [ -74.388439819658245, 40.482600385402435 ], [ -74.387280738471048, 40.482399109586872 ], [ -74.387548976587155, 40.481529368722711 ], [ -74.388708044394761, 40.481730641970913 ], [ -74.389867118745073, 40.481931904637364 ], [ -74.391026199637835, 40.482133156721936 ], [ -74.390758001661197, 40.483002905287776 ], [ -74.390489797142195, 40.483872653771904 ] ] ] } },
{ "type": "Feature", "properties": { "id": "34_18", "growth_scenario": "high", "market_gravity_weight": 100 }, "geometry": { "type": "Polygon", "coordinates": [ [ [ -74.417634339185867, 40.83588568893753 ], [ -74.41879927993601, 40.83608673684904 ], [ -74.41853008469424, 40.836956760571276 ], [ -74.418260882852579, 40.837826784301861 ], [ -74.417095915066696, 40.837625731194215 ], [ -74.415930953881229, 40.837424667452254 ], [ -74.41566171840303, 40.838294685994747 ], [ -74.414496750300458, 40.838093609020135 ], [ -74.414227494703155, 40.838963624972443 ], [ -74.413062519683962, 40.838762534764982 ], [ -74.413331788799141, 40.83789252141132 ], [ -74.412166833899377, 40.837691423168437 ], [ -74.412436109930397, 40.836821412421692 ], [ -74.413601051312781, 40.837022508065928 ], [ -74.414765999296492, 40.837223593076175 ], [ -74.415035241691513, 40.836353577140351 ], [ -74.416200182758701, 40.836554648918131 ], [ -74.416469405035684, 40.835684630391974 ], [ -74.416738620712408, 40.834814611873668 ], [ -74.417903541345396, 40.835015667821239 ], [ -74.417634339185867, 40.83588568893753 ] ] ] } },
{ "type": "Feature", "properties": { "id": "34_19", "growth_scenario": "high", "market_gravity_weight": 100 }, "geometry": { "type": "Polygon", "coordinates": [ [ [ -74.324700078667817, 40.471514503953458 ], [ -74.324431111844206, 40.472384105932541 ], [ -74.323272377597959, 40.472182245679555 ], [ -74.323003390848015, 40.473051844997208 ], [ -74.321844649794144, 40.472849971593675 ], [ -74.322113649911074, 40.471980374849693 ], [ -74.320954928783877, 40.471778493442976 ], [ -74.319796214216638, 40.47157660145956 ], [ -74.3200652345066, 40.470707009774777 ], [ -74.321223935707607, 40.47090889918443 ], [ -74.321492936071607, 40.470039304837478 ], [ -74.322651630466169, 40.470241181097037 ], [ -74.322920610904802, 40.46937158408798 ], [ -74.324079298492421, 40.469573447197632 ], [ -74.325237992638748, 40.469775299730728 ], [ -74.324969038932593, 40.470644901886246 ], [ -74.324700078667817, 40.471514503953458 ] ] ] } },
{ "type": "Feature", "properties": { "id": "34_2", "growth_scenario": "high", "market_gravity_weight": 100 }, "geometry": { "type": "Polygon", "coordinates": [ [ [ -74.488658320252412, 40.613560734408011 ], [ -74.487496823854372, 40.613360358446705 ], [ -74.487229310376762, 40.614230386762124 ], [ -74.486067807074974, 40.614029997625984 ], [ -74.485800273615098, 40.614900023328509 ], [ -74.484638763410032, 40.614699621017323 ], [ -74.48347725974503, 40.614499208100213 ], [ -74.482315762620374, 40.614298784577329 ], [ -74.48258333640797, 40.613428766582601 ], [ -74.48374482009028, 40.613629187536105 ], [ -74.484012373895411, 40.612759166927844 ], [ -74.485173850675579, 40.612959574706466 ], [ -74.486335333995328, 40.613159971879519 ], [ -74.486602854376372, 40.612289946088801 ], [ -74.486870368218348, 40.611419920253788 ], [ -74.488031831192771, 40.611620301683494 ], [ -74.48919330070575, 40.611820672507513 ], [ -74.488925813748324, 40.612690703479821 ], [ -74.488658320252412, 40.613560734408011 ] ] ] } },
{ "type": "Feature", "properties": { "id": "34_20", "growth_scenario": "high", "market_gravity_weight": 100 }, "geometry": { "type": "Polygon", "coordinates": [ [ [ -74.319175566961249, 40.46963552058898 ], [ -74.318906539865594, 40.470505109788597 ], [ -74.317747851784887, 40.47030319922596 ], [ -74.317478804763184, 40.471172785762924 ], [ -74.317209751180641, 40.472042372211291 ], [ -74.316051042929203, 40.471840445924087 ], [ -74.316320109877537, 40.470970862049867 ], [ -74.315161421553029, 40.470768927760524 ], [ -74.315430495305549, 40.46989934637179 ], [ -74.315699562496903, 40.469029764894081 ], [ -74.316858224091135, 40.469231694035187 ], [ -74.317127271356853, 40.468362109894294 ], [ -74.317396312062158, 40.467492525664092 ], [ -74.318554953487435, 40.467694439081498 ], [ -74.319713601472586, 40.467896341922881 ], [ -74.319444587496847, 40.468765931300446 ], [ -74.319175566961249, 40.46963552058898 ] ] ] } },
{ "type": "Feature", "properties": { "id": "34_21", "growth_scenario": "high", "market_gravity_weight": 100 }, "geometry": { "type": "Polygon", "coordinates": [ [ [ -74.330141728486055, 40.469712991560257 ], [ -74.331300442054143, 40.469914788636565 ], [ -74.331031561740275, 40.470784403744325 ], [ -74.330762674869447, 40.471654018764248 ], [ -74.331921421729504, 40.47185581040852 ], [ -74.331652541669584, 40.472725427913254 ], [ -74.330493781441476, 40.472523633696312 ], [ -74.329335027770753, 40.472321828902054 ], [ -74.329603934566563, 40.471452216542737 ], [ -74.32844520082115, 40.471250403744108 ], [ -74.327286473633492, 40.471048580368425 ], [ -74.326127753003874, 40.470846746415781 ], [ -74.32639669334344, 40.469977141687146 ], [ -74.327555400606215, 40.470178973066787 ], [ -74.327824321021126, 40.469309365676949 ], [ -74.32898302147494, 40.469511183907024 ], [ -74.329251921965806, 40.468641573856019 ], [ -74.330410615610177, 40.468843378936704 ], [ -74.330141728486055, 40.469712991560257 ] ] ] } },
{ "type": "Feature", "properties": { "id": "34_22", "growth_scenario": "high", "market_gravity_weight": 100 }, "geometry": { "type": "Polygon", "coordinates": [ [ [ -74.326934554348483, 40.468237931964488 ], [ -74.328093234878466, 40.468439758198556 ], [ -74.327824321021126, 40.469309365676949 ], [ -74.327555400606215, 40.470178973066787 ], [ -74.32639669334344, 40.469977141687146 ], [ -74.326127753003874, 40.470846746415781 ], [ -74.325858806105998, 40.471716351056152 ], [ -74.324700078667817, 40.471514503953458 ], [ -74.324969038932593, 40.470644901886246 ], [ -74.325237992638748, 40.469775299730728 ], [ -74.324079298492421, 40.469573447197632 ], [ -74.322920610904802, 40.46937158408798 ], [ -74.323189584784458, 40.468501986990177 ], [ -74.324348259006257, 40.468703847526676 ], [ -74.324617212961655, 40.467834247766874 ], [ -74.325775880376099, 40.46803609515392 ], [ -74.326044814407808, 40.467166492732261 ], [ -74.327203475014443, 40.467368326970117 ], [ -74.326934554348483, 40.468237931964488 ] ] ] } },
{ "type": "Feature", "properties": { "id": "34_23", "growth_scenario": "high", "market_gravity_weight": 100 }, "geometry": { "type": "Polygon", "coordinates": [ [ [ -74.388085433190597, 40.479789886747398 ], [ -74.389244474239874, 40.479991154861281 ], [ -74.388976262588571, 40.480860898457301 ], [ -74.390135323559349, 40.481062158556604 ], [ -74.389867118745073, 40.481931904637364 ], [ -74.388708044394761, 40.481730641970913 ], [ -74.387548976587155, 40.481529368722711 ], [ -74.387280738471048, 40.482399109586872 ], [ -74.386121663827083, 40.482197823189523 ], [ -74.386389915322567, 40.481328084892759 ], [ -74.385230860601268, 40.481126790481227 ], [ -74.384071812423556, 40.480925485488193 ], [ -74.384340084133171, 40.480055752244027 ], [ -74.385499118932273, 40.480257054669508 ], [ -74.385767370719933, 40.479387318775181 ], [ -74.386926398683855, 40.479588608052012 ], [ -74.387194630550127, 40.47871886950756 ], [ -74.388353651678401, 40.478920145635875 ], [ -74.388085433190597, 40.479789886747398 ] ] ] } },
{ "type": "Feature", "properties": { "id": "34_3", "growth_scenario": "high", "market_gravity_weight": 100 }, "geometry": { "type": "Polygon", "coordinates": [ [ [ -74.437922872338021, 40.547988627205889 ], [ -74.439083163484028, 40.548189448121995 ], [ -74.438815303559991, 40.549059335914457 ], [ -74.438547437094996, 40.54992922364427 ], [ -74.438279564088816, 40.550799111311598 ], [ -74.437119232707403, 40.550598282690885 ], [ -74.4359589078677, 40.550397443476115 ], [ -74.434798589569994, 40.55019659366711 ], [ -74.433638277814609, 40.54999573326414 ], [ -74.433906204467732, 40.54912585587072 ], [ -74.43506650281175, 40.549326713705085 ], [ -74.435334409511441, 40.548456833680198 ], [ -74.436494700986188, 40.548657678352178 ], [ -74.436762587733014, 40.547787795695982 ], [ -74.437030467938541, 40.546917912976539 ], [ -74.43819073913258, 40.547118741918446 ], [ -74.437922872338021, 40.547988627205889 ] ] ] } },
{ "type": "Feature", "properties": { "id": "34_4", "growth_scenario": "high", "market_gravity_weight": 100 }, "geometry": { "type": "Polygon", "coordinates": [ [ [ -74.441850402903896, 40.543170914955226 ], [ -74.443010626665284, 40.543371699278481 ], [ -74.444170856965385, 40.54357247300824 ], [ -74.443903076512811, 40.544442368882834 ], [ -74.445063326762053, 40.544643134585961 ], [ -74.444795553181805, 40.545513032964038 ], [ -74.444527773062944, 40.546382931278863 ], [ -74.444259986405243, 40.547252829530628 ], [ -74.443099695922129, 40.547052056125878 ], [ -74.443367495991424, 40.54618216044144 ], [ -74.442207225459043, 40.545981379010129 ], [ -74.442475032400225, 40.545111485829821 ], [ -74.441314781818079, 40.544910696372071 ], [ -74.441582595630621, 40.544040805695566 ], [ -74.440422364998241, 40.543840008211639 ], [ -74.440690185681532, 40.542970120038639 ], [ -74.4409579998255, 40.542100231801491 ], [ -74.442118203638159, 40.542301024150923 ], [ -74.441850402903896, 40.543170914955226 ] ] ] } },
{ "type": "Feature", "properties": { "id": "34_5", "growth_scenario": "high", "market_gravity_weight": 100 }, "geometry": { "type": "Polygon", "coordinates": [ [ [ -74.341471332245007, 40.828215635538527 ], [ -74.342635931024788, 40.828417379475553 ], [ -74.34236583141363, 40.82928723671052 ], [ -74.341201219129644, 40.829085490167742 ], [ -74.340931099393842, 40.829955344799018 ], [ -74.339766480226018, 40.829753585021315 ], [ -74.340036613466083, 40.828883732996047 ], [ -74.338872014423245, 40.828681965195543 ], [ -74.338601867679145, 40.829551814614646 ], [ -74.337437261753522, 40.82935003357921 ], [ -74.337707422001415, 40.828480186766292 ], [ -74.337977575627988, 40.827610339955115 ], [ -74.336813003330718, 40.827408553503517 ], [ -74.335648437654797, 40.827206756423507 ], [ -74.335918611666003, 40.826336914826143 ], [ -74.337083163839196, 40.82653870929996 ], [ -74.338247722633511, 40.826740493145444 ], [ -74.339412288048635, 40.826942266362565 ], [ -74.339142154546337, 40.827812115778201 ], [ -74.340306740085424, 40.828013880972762 ], [ -74.340576860084312, 40.82714402895116 ], [ -74.341741438740215, 40.827345780911166 ], [ -74.341471332245007, 40.828215635538527 ] ] ] } },
{ "type": "Feature", "properties": { "id": "34_6", "growth_scenario": "high", "market_gravity_weight": 100 }, "geometry": { "type": "Polygon", "coordinates": [ [ [ -74.503831508129295, 40.596022217547336 ], [ -74.50499276764684, 40.596222441587955 ], [ -74.504725532349184, 40.597092496578071 ], [ -74.505886811836575, 40.597292712579524 ], [ -74.505619583447, 40.598162770087725 ], [ -74.504458290520404, 40.597962551520915 ], [ -74.50419104216023, 40.598832606416821 ], [ -74.503029742325751, 40.59863237467988 ], [ -74.501868449023178, 40.598432132338253 ], [ -74.502135724261649, 40.59756208257361 ], [ -74.500974450930073, 40.597361832193272 ], [ -74.501241733075076, 40.596491784947126 ], [ -74.50150900868806, 40.595621737653438 ], [ -74.502670255142931, 40.59582198290245 ], [ -74.502937510786211, 40.594951932995578 ], [ -74.504098750334407, 40.59515216507512 ], [ -74.503831508129295, 40.596022217547336 ] ] ] } },
{ "type": "Feature", "properties": { "id": "34_7", "growth_scenario": "high", "market_gravity_weight": 100 }, "geometry": { "type": "Polygon", "coordinates": [ [ [ -74.116555340087274, 40.78994953535058 ], [ -74.117718669207832, 40.790153331544708 ], [ -74.117445961045917, 40.791022683797877 ], [ -74.116282618467139, 40.790818884976638 ], [ -74.116009890169948, 40.791688234582679 ], [ -74.114846540809992, 40.79148442252297 ], [ -74.115119282565445, 40.790615075544316 ], [ -74.113955953341105, 40.79041125550112 ], [ -74.114228701876939, 40.789541911129717 ], [ -74.113065392787746, 40.789338083103182 ], [ -74.113338148103352, 40.788468741338832 ], [ -74.113610896741505, 40.787599399553741 ], [ -74.114774178916605, 40.787803222325664 ], [ -74.115937467768632, 40.78800703448703 ], [ -74.117100763297287, 40.788210836037841 ], [ -74.116828055030567, 40.789080185704407 ], [ -74.116555340087274, 40.78994953535058 ] ] ] } },
{ "type": "Feature", "properties": { "id": "34_8", "growth_scenario": "high", "market_gravity_weight": 100 }, "geometry": { "type": "Polygon", "coordinates": [ [ [ -74.381657072534409, 40.488753080993789 ], [ -74.381388735375452, 40.489622813421271 ], [ -74.380229559942066, 40.489421472164132 ], [ -74.379961202855341, 40.490291201942128 ], [ -74.379692839221846, 40.491160931639655 ], [ -74.378533643572084, 40.490959574662007 ], [ -74.378802020587159, 40.490089847533575 ], [ -74.377642844866031, 40.489888482542597 ], [ -74.376483675692214, 40.489687106969235 ], [ -74.376752072922173, 40.488817384898546 ], [ -74.377020463604751, 40.487947662746876 ], [ -74.378179606017156, 40.488149033181855 ], [ -74.378447976772321, 40.487279308379961 ], [ -74.379607112351096, 40.487480665663973 ], [ -74.380766254476214, 40.487682012365902 ], [ -74.380497910482291, 40.488551742305468 ], [ -74.381657072534409, 40.488753080993789 ] ] ] } },
{ "type": "Feature", "properties": { "id": "34_9", "growth_scenario": "high", "market_gravity_weight": 100 }, "geometry": { "type": "Polygon", "coordinates": [ [ [ -74.113683198127632, 40.791280599852243 ], [ -74.113410436236251, 40.792149944183471 ], [ -74.113137667666734, 40.793019288494868 ], [ -74.111974304745843, 40.792815449957644 ], [ -74.111701516039304, 40.793684791621494 ], [ -74.110538146338655, 40.793480939845125 ], [ -74.110810948503612, 40.792611600809352 ], [ -74.109647598940327, 40.792407741050106 ], [ -74.109920407884218, 40.79153840462255 ], [ -74.110193210149077, 40.790669068174843 ], [ -74.10902989418004, 40.790465203060968 ], [ -74.109302703223193, 40.789595869220932 ], [ -74.110466005735177, 40.789799731706879 ], [ -74.111629314925679, 40.790003583582283 ], [ -74.112792630794431, 40.79020742484704 ], [ -74.112519862123165, 40.791076766570598 ], [ -74.113683198127632, 40.791280599852243 ] ] ] } },
{ "type": "Feature", "properties": { "id": "35_0", "growth_scenario": "high", "market_gravity_weight": 100 }, "geometry": { "type": "Polygon", "coordinates": [ [ [ -106.785280864383168, 34.65060567625644 ], [ -106.784188171943541, 34.650706924447981 ], [ -106.784312705216806, 34.651595272586064 ], [ -106.785405410057166, 34.651494023329249 ], [ -106.785529958595262, 34.652382369402076 ], [ -106.784437241353913, 34.652483619724272 ], [ -106.784561780354963, 34.653371965862704 ], [ -106.783469047848286, 34.653473207024504 ], [ -106.783593577311706, 34.654361553228711 ], [ -106.782500829539529, 34.654462785229846 ], [ -106.782376312477865, 34.653574437960323 ], [ -106.782251798279674, 34.652686089691393 ], [ -106.783344521248623, 34.652584859820699 ], [ -106.783219997512617, 34.65169651161726 ], [ -106.783095476640156, 34.650808162413945 ], [ -106.782970958631182, 34.649919812210605 ], [ -106.782846443485553, 34.64903146100697 ], [ -106.783939113988126, 34.648930225171249 ], [ -106.785031781627154, 34.648828979110206 ], [ -106.785156321573211, 34.649717328183492 ], [ -106.785280864383168, 34.65060567625644 ] ] ] } },
{ "type": "Feature", "properties": { "id": "35_1", "growth_scenario": "high", "market_gravity_weight": 100 }, "geometry": { "type": "Polygon", "coordinates": [ [ [ -106.730787676680706, 35.013704088188696 ], [ -106.731885598314662, 35.01360337758608 ], [ -106.732983517071574, 35.01350265671347 ], [ -106.733108046442382, 35.014390720690976 ], [ -106.732010115164243, 35.01449144263762 ], [ -106.732134634890983, 35.015379506767019 ], [ -106.731036688214076, 35.015480219517521 ], [ -106.729938738660181, 35.015580921997739 ], [ -106.729814243976776, 35.014692855720547 ], [ -106.728716304068016, 35.014793546856723 ], [ -106.72859182478274, 35.013905478583773 ], [ -106.728467348373684, 35.013017409388567 ], [ -106.728342874840735, 35.012129339271006 ], [ -106.729440777185744, 35.012028651355742 ], [ -106.730538676654433, 35.01192795317062 ], [ -106.730663175229239, 35.012816021140907 ], [ -106.730787676680706, 35.013704088188696 ] ] ] } },
{ "type": "Feature", "properties": { "id": "36_0", "growth_scenario": "high", "market_gravity_weight": 100 }, "geometry": { "type": "Polygon", "coordinates": [ [ [ -74.028185826012049, 41.074431637636557 ], [ -74.029353578293509, 41.074636288460347 ], [ -74.030521337330555, 41.074840928636966 ], [ -74.030246460074423, 41.07571029060734 ], [ -74.031414239421338, 41.075914922801665 ], [ -74.031139368964617, 41.076784287484273 ], [ -74.030864491752411, 41.077653652214522 ], [ -74.029696685295377, 41.077449014689975 ], [ -74.029421787771966, 41.07831837680272 ], [ -74.028253974515664, 41.07811372596516 ], [ -74.028528885594326, 41.077244366517832 ], [ -74.028803789916694, 41.076375007118031 ], [ -74.027636010526663, 41.076170350963814 ], [ -74.027910921647418, 41.075300994276702 ], [ -74.026743162567911, 41.075096330140489 ], [ -74.027018080486442, 41.074226976165647 ], [ -74.027292991648821, 41.073357622237509 ], [ -74.028460723620839, 41.073562281043252 ], [ -74.028185826012049, 41.074431637636557 ] ] ] } },
{ "type": "Feature", "properties": { "id": "36_1", "growth_scenario": "high", "market_gravity_weight": 100 }, "geometry": { "type": "Polygon", "coordinates": [ [ [ -74.03058960778452, 41.078523016992563 ], [ -74.030314717060648, 41.079392381818593 ], [ -74.029146883492331, 41.079187738963277 ], [ -74.028871972456173, 41.080057101171988 ], [ -74.030039819580608, 41.08026174669277 ], [ -74.029764915344117, 41.081131111615427 ], [ -74.029490004350947, 41.082000476586607 ], [ -74.028322130113452, 41.081795825734488 ], [ -74.027154262633161, 41.081591164234091 ], [ -74.027429200739462, 41.080721804594489 ], [ -74.026261353572892, 41.080517135112096 ], [ -74.026536298477794, 41.079647778186754 ], [ -74.027704132088473, 41.07985244500329 ], [ -74.027979056680465, 41.078983085460273 ], [ -74.028253974515664, 41.07811372596516 ], [ -74.029421787771966, 41.07831837680272 ], [ -74.029696685295377, 41.077449014689975 ], [ -74.030864491752411, 41.077653652214522 ], [ -74.032032304965171, 41.077858279091366 ], [ -74.031757434553015, 41.078727646534546 ], [ -74.03058960778452, 41.078523016992563 ] ] ] } },
{ "type": "Feature", "properties": { "id": "36_10", "growth_scenario": "high", "market_gravity_weight": 100 }, "geometry": { "type": "Polygon", "coordinates": [ [ [ -74.185335539381299, 41.131216941276264 ], [ -74.184166402493815, 41.131013707801813 ], [ -74.183893196684764, 41.131883441268407 ], [ -74.1827240529216, 41.13168019447658 ], [ -74.181554915881065, 41.131476937020636 ], [ -74.180385785563431, 41.131273668900739 ], [ -74.180659032164954, 41.13040394339442 ], [ -74.180932272043506, 41.129534217957683 ], [ -74.182101375166937, 41.129737480770643 ], [ -74.182374594726127, 41.128867752750025 ], [ -74.183543690975085, 41.129071002246029 ], [ -74.184712793945934, 41.129274241078257 ], [ -74.185881903638361, 41.129477469246709 ], [ -74.185608724870605, 41.130347205226556 ], [ -74.185335539381299, 41.131216941276264 ] ] ] } },
{ "type": "Feature", "properties": { "id": "36_11", "growth_scenario": "high", "market_gravity_weight": 100 }, "geometry": { "type": "Polygon", "coordinates": [ [ [ -74.123380554291629, 41.120430874286129 ], [ -74.123106641723652, 41.121300469631962 ], [ -74.122832722417982, 41.1221700650419 ], [ -74.12166391503753, 41.121966261185051 ], [ -74.120495114395325, 41.121762446668981 ], [ -74.119326320491652, 41.121558621493755 ], [ -74.119600280552632, 41.120689034061876 ], [ -74.118431506972385, 41.120485200887181 ], [ -74.118705473879132, 41.119615616178486 ], [ -74.118979434047233, 41.118746031533263 ], [ -74.12014818045914, 41.118949859389133 ], [ -74.121316933609108, 41.119153676586336 ], [ -74.122485693496898, 41.119357483124702 ], [ -74.122211774081606, 41.120227075747628 ], [ -74.123380554291629, 41.120430874286129 ] ] ] } },
{ "type": "Feature", "properties": { "id": "36_12", "growth_scenario": "high", "market_gravity_weight": 100 }, "geometry": { "type": "Polygon", "coordinates": [ [ [ -74.180385785563431, 41.131273668900739 ], [ -74.181554915881065, 41.131476937020636 ], [ -74.1827240529216, 41.13168019447658 ], [ -74.18245082679222, 41.132549925359932 ], [ -74.181281676153887, 41.132346665250466 ], [ -74.180112532238709, 41.132143394476905 ], [ -74.179839272190534, 41.133013120123103 ], [ -74.178670121401225, 41.13280983603164 ], [ -74.178396841031457, 41.133679559094098 ], [ -74.177227683368486, 41.133476261684542 ], [ -74.177500977335882, 41.132606541276189 ], [ -74.176331839994845, 41.13240323585682 ], [ -74.176605140835065, 41.131533518172631 ], [ -74.17687843495095, 41.130663800558111 ], [ -74.178047545098082, 41.130867100669342 ], [ -74.179216661969008, 41.131070390116939 ], [ -74.179489922167519, 41.130200667264276 ], [ -74.180659032164954, 41.13040394339442 ], [ -74.180385785563431, 41.131273668900739 ] ] ] } },
{ "type": "Feature", "properties": { "id": "36_13", "growth_scenario": "high", "market_gravity_weight": 100 }, "geometry": { "type": "Polygon", "coordinates": [ [ [ -74.185062347170245, 41.132086677396082 ], [ -74.184789148237158, 41.132956413586278 ], [ -74.185958319043166, 41.133159641702875 ], [ -74.185685126986627, 41.13402938061683 ], [ -74.184515942581783, 41.133826149846861 ], [ -74.183346764899468, 41.133622908412384 ], [ -74.182177593939954, 41.133419656313549 ], [ -74.181904354364619, 41.134289387337674 ], [ -74.181631108065915, 41.135159118432483 ], [ -74.181357855043615, 41.136028849598212 ], [ -74.180188650011189, 41.135825578873344 ], [ -74.180461916632453, 41.134955850361663 ], [ -74.180735176529808, 41.134086121920795 ], [ -74.181008429703553, 41.133216393550441 ], [ -74.181281676153887, 41.132346665250466 ], [ -74.18245082679222, 41.132549925359932 ], [ -74.183619984153395, 41.132753174805238 ], [ -74.183893196684764, 41.131883441268407 ], [ -74.184166402493815, 41.131013707801813 ], [ -74.185335539381299, 41.131216941276264 ], [ -74.186504682990588, 41.131420164086585 ], [ -74.186231504377758, 41.132289902859497 ], [ -74.185062347170245, 41.132086677396082 ] ] ] } },
{ "type": "Feature", "properties": { "id": "36_14", "growth_scenario": "high", "market_gravity_weight": 100 }, "geometry": { "type": "Polygon", "coordinates": [ [ [ -74.176605140835065, 41.131533518172631 ], [ -74.176331839994845, 41.13240323585682 ], [ -74.176058532430034, 41.133272953610955 ], [ -74.175785218140405, 41.134142671435129 ], [ -74.176954382676556, 41.134345982163083 ], [ -74.176681075259864, 41.135215702712046 ], [ -74.176407761118128, 41.136085423331672 ], [ -74.175238569385698, 41.13588210729467 ], [ -74.174965234920137, 41.136751825330393 ], [ -74.173796036314926, 41.136548495974303 ], [ -74.174069384378825, 41.135678780593402 ], [ -74.174342725716883, 41.134809065283058 ], [ -74.17317356103365, 41.134605730572439 ], [ -74.173446909243623, 41.133736017987204 ], [ -74.174616060329328, 41.133939350043129 ], [ -74.174889388216414, 41.133069634873401 ], [ -74.175162709378384, 41.132199919773619 ], [ -74.175436023815465, 41.131330204743648 ], [ -74.175709331527926, 41.130460489783225 ], [ -74.17687843495095, 41.130663800558111 ], [ -74.176605140835065, 41.131533518172631 ] ] ] } },
{ "type": "Feature", "properties": { "id": "36_15", "growth_scenario": "high", "market_gravity_weight": 100 }, "geometry": { "type": "Polygon", "coordinates": [ [ [ -73.985037803296819, 41.086131896718406 ], [ -73.984762323202077, 41.087001168966346 ], [ -73.98593015723695, 41.087206219188225 ], [ -73.987097998042159, 41.087411258763559 ], [ -73.986822538282553, 41.088280536401591 ], [ -73.985654683924338, 41.088075494155063 ], [ -73.98537920384112, 41.088944769169821 ], [ -73.984211342700448, 41.088739713605186 ], [ -73.984486836336714, 41.087870441261856 ], [ -73.983318995519966, 41.087665377722097 ], [ -73.98215116147442, 41.087460303535842 ], [ -73.980983334200346, 41.087255218703156 ], [ -73.981258861722552, 41.086385954422262 ], [ -73.981534382473242, 41.085516690188506 ], [ -73.982702182643536, 41.085721769678031 ], [ -73.983869989584832, 41.085926838521353 ], [ -73.984145476461094, 41.085057568991928 ], [ -73.985313276621142, 41.08526262451786 ], [ -73.985037803296819, 41.086131896718406 ] ] ] } },
{ "type": "Feature", "properties": { "id": "36_16", "growth_scenario": "high", "market_gravity_weight": 100 }, "geometry": { "type": "Polygon", "coordinates": [ [ [ -74.195738863264808, 41.141279695914726 ], [ -74.196908203212871, 41.141482825284108 ], [ -74.196635113721527, 41.142352593886486 ], [ -74.195465760169895, 41.142149461864207 ], [ -74.195192650354016, 41.143019227887173 ], [ -74.194919533816943, 41.143888993983708 ], [ -74.193750159778745, 41.143685845988678 ], [ -74.19258079246228, 41.143482687327236 ], [ -74.192853936206944, 41.142612926537268 ], [ -74.191684589215953, 41.142409759862915 ], [ -74.191957739841953, 41.141540001799761 ], [ -74.192230883746092, 41.140670243809737 ], [ -74.193400203531127, 41.140873405177445 ], [ -74.194569530037455, 41.141076555879138 ], [ -74.194842640014684, 41.140206792655832 ], [ -74.196011959639009, 41.14040993003848 ], [ -74.195738863264808, 41.141279695914726 ] ] ] } },
{ "type": "Feature", "properties": { "id": "36_17", "growth_scenario": "high", "market_gravity_weight": 100 }, "geometry": { "type": "Polygon", "coordinates": [ [ [ -74.16568720006542, 41.138807094393243 ], [ -74.166856412700113, 41.139010498356704 ], [ -74.168025632063362, 41.139213891655935 ], [ -74.167752195969683, 41.14008359677026 ], [ -74.166582963007841, 41.139880200815085 ], [ -74.165413736774795, 41.139676794195594 ], [ -74.164244517270831, 41.139473376911802 ], [ -74.163971033652686, 41.140343074128992 ], [ -74.16369754330492, 41.141212771417386 ], [ -74.162528303333715, 41.141009338156479 ], [ -74.162801807279948, 41.140139643524584 ], [ -74.161632587637143, 41.139936202256017 ], [ -74.161906098451368, 41.139066510351732 ], [ -74.162179602535616, 41.138196818518288 ], [ -74.162453099890158, 41.137327126755402 ], [ -74.163622278740078, 41.137530560054778 ], [ -74.16334879498288, 41.138400254473929 ], [ -74.164517994159581, 41.138603679765652 ], [ -74.164791464319194, 41.137733982690293 ], [ -74.16596065662722, 41.137937394661868 ], [ -74.16568720006542, 41.138807094393243 ] ] ] } },
{ "type": "Feature", "properties": { "id": "36_18", "growth_scenario": "high", "market_gravity_weight": 100 }, "geometry": { "type": "Polygon", "coordinates": [ [ [ -74.197258302057392, 41.144295257974072 ], [ -74.198427696259031, 41.144498373969213 ], [ -74.198154613814609, 41.145368148099188 ], [ -74.197881524649375, 41.146237922303513 ], [ -74.19760842876309, 41.147107696582573 ], [ -74.196438993745744, 41.146904572627918 ], [ -74.195269565449962, 41.146701438006239 ], [ -74.194100143876071, 41.146498292717538 ], [ -74.194373280578219, 41.145628526398724 ], [ -74.193203879331307, 41.145425373096842 ], [ -74.193477022916028, 41.144555609505815 ], [ -74.194646410558434, 41.144758760154232 ], [ -74.195815804922518, 41.144961900135975 ], [ -74.196088914576592, 41.144092131312213 ], [ -74.196362017509514, 41.143222362562483 ], [ -74.197531391385908, 41.143425486571289 ], [ -74.197258302057392, 41.144295257974072 ] ] ] } },
{ "type": "Feature", "properties": { "id": "36_19", "growth_scenario": "high", "market_gravity_weight": 100 }, "geometry": { "type": "Polygon", "coordinates": [ [ [ -74.170439708969155, 41.143302860324461 ], [ -74.17016628676086, 41.144172573694206 ], [ -74.168996979214114, 41.143969199109065 ], [ -74.167827678396264, 41.143765813858813 ], [ -74.166658384307567, 41.143562417943599 ], [ -74.166384914568951, 41.144432123416905 ], [ -74.165215613609661, 41.144228714180215 ], [ -74.164046319380375, 41.14402529427857 ], [ -74.164319816318894, 41.143155594118447 ], [ -74.164593306527351, 41.14228589403028 ], [ -74.165762573557259, 41.142489308618714 ], [ -74.166931847316675, 41.142692712542441 ], [ -74.168101127805357, 41.142896105801398 ], [ -74.169270415022922, 41.143099488395414 ], [ -74.169543844103117, 41.142229777754046 ], [ -74.168374570485511, 41.142026397816103 ], [ -74.168648006436982, 41.141156689902687 ], [ -74.169817266454913, 41.141360067184685 ], [ -74.170986533201003, 41.141563433801856 ], [ -74.170713124449122, 41.142433147027077 ], [ -74.170439708969155, 41.143302860324461 ] ] ] } },
{ "type": "Feature", "properties": { "id": "36_2", "growth_scenario": "high", "market_gravity_weight": 100 }, "geometry": { "type": "Polygon", "coordinates": [ [ [ -74.031825773096443, 41.082409746346194 ], [ -74.031550882461019, 41.083279116697661 ], [ -74.031275985069001, 41.08414848709841 ], [ -74.031001080920177, 41.085017857548593 ], [ -74.029833152495812, 41.084813219995681 ], [ -74.030108070202715, 41.083943852211398 ], [ -74.028940162093548, 41.083739206675766 ], [ -74.029215086600828, 41.082869841606694 ], [ -74.028047198806362, 41.082665188088605 ], [ -74.028322130113452, 41.081795825734488 ], [ -74.029490004350947, 41.082000476586607 ], [ -74.029764915344117, 41.081131111615427 ], [ -74.030039819580608, 41.08026174669277 ], [ -74.031207673461495, 41.080466381565508 ], [ -74.03237553409852, 41.080671005790144 ], [ -74.03210065697553, 41.081540376043719 ], [ -74.031825773096443, 41.082409746346194 ] ] ] } },
{ "type": "Feature", "properties": { "id": "36_20", "growth_scenario": "high", "market_gravity_weight": 100 }, "geometry": { "type": "Polygon", "coordinates": [ [ [ -73.957416876477907, 41.087702652372357 ], [ -73.957141050845848, 41.088571866145344 ], [ -73.95686521843497, 41.0894410799648 ], [ -73.955697431814016, 41.089235763504192 ], [ -73.955973277774078, 41.088366552359446 ], [ -73.95480551148141, 41.088161227928467 ], [ -73.955081364211011, 41.087292019504702 ], [ -73.953913618246162, 41.087086687103572 ], [ -73.954189477744706, 41.086217481400439 ], [ -73.953021752107176, 41.086012141029315 ], [ -73.95329761837408, 41.085142938046531 ], [ -73.954465330464032, 41.085348275742973 ], [ -73.95563304933296, 41.085553602794882 ], [ -73.956800774980564, 41.085758919202185 ], [ -73.957968507406548, 41.085964224964762 ], [ -73.957692695331389, 41.086833438645591 ], [ -73.957416876477907, 41.087702652372357 ] ] ] } },
{ "type": "Feature", "properties": { "id": "36_21", "growth_scenario": "high", "market_gravity_weight": 100 }, "geometry": { "type": "Polygon", "coordinates": [ [ [ -74.212889535899663, 41.15342955827181 ], [ -74.212616596928285, 41.154299370069431 ], [ -74.213786200784213, 41.154502347266465 ], [ -74.213513268705441, 41.15537216179397 ], [ -74.21468289289065, 41.155575130974 ], [ -74.21440996770508, 41.156444948231631 ], [ -74.213240329908359, 41.156241976399258 ], [ -74.212070698830203, 41.156038993897553 ], [ -74.211797739703016, 41.15690880592841 ], [ -74.210628101732382, 41.156705810104761 ], [ -74.210901074470883, 41.155836000726552 ], [ -74.20973145683071, 41.155632996886368 ], [ -74.210004436460835, 41.15476319023864 ], [ -74.211174040490249, 41.154966191426183 ], [ -74.211446999790709, 41.15409638220342 ], [ -74.211719952372505, 41.153226573058078 ], [ -74.211992898235891, 41.152356763989872 ], [ -74.21316246815293, 41.152559746551447 ], [ -74.214332044787824, 41.152762718444187 ], [ -74.214059126144932, 41.153632532816623 ], [ -74.212889535899663, 41.15342955827181 ] ] ] } },
{ "type": "Feature", "properties": { "id": "36_22", "growth_scenario": "high", "market_gravity_weight": 100 }, "geometry": { "type": "Polygon", "coordinates": [ [ [ -73.955081364211011, 41.087292019504702 ], [ -73.95480551148141, 41.088161227928467 ], [ -73.955973277774078, 41.088366552359446 ], [ -73.955697431814016, 41.089235763504192 ], [ -73.954529651972408, 41.089030436398438 ], [ -73.953361878910457, 41.08882509864759 ], [ -73.953637751968159, 41.087955892852577 ], [ -73.952469999234609, 41.087750547131748 ], [ -73.951302253281071, 41.087545190766228 ], [ -73.950134514107802, 41.087339823756054 ], [ -73.948966781715129, 41.087134446101274 ], [ -73.949242702184293, 41.086265251052545 ], [ -73.950410421029531, 41.08647062603206 ], [ -73.950686321170934, 41.085601428353598 ], [ -73.951854033249163, 41.085806790013677 ], [ -73.953021752107176, 41.086012141029315 ], [ -73.954189477744706, 41.086217481400439 ], [ -73.953913618246162, 41.087086687103572 ], [ -73.955081364211011, 41.087292019504702 ] ] ] } },
{ "type": "Feature", "properties": { "id": "36_23", "growth_scenario": "high", "market_gravity_weight": 100 }, "geometry": { "type": "Polygon", "coordinates": [ [ [ -74.201075383216235, 41.159633495799113 ], [ -74.199905730957724, 41.159430401354257 ], [ -74.199632609003302, 41.16030018997288 ], [ -74.198462949856847, 41.160097082204587 ], [ -74.198736085422155, 41.15922729624036 ], [ -74.197566446609883, 41.159024180457457 ], [ -74.197293297433916, 41.159893963767225 ], [ -74.196123651734794, 41.159690834660829 ], [ -74.196396814521179, 41.158821054005664 ], [ -74.196669970583699, 41.157951273428253 ], [ -74.196943119922594, 41.157081492928462 ], [ -74.198112724791386, 41.157284614071443 ], [ -74.199282336383234, 41.157487724545724 ], [ -74.200451954697883, 41.157690824351263 ], [ -74.201621579735004, 41.157893913487939 ], [ -74.201348484836842, 41.158763704604468 ], [ -74.201075383216235, 41.159633495799113 ] ] ] } },
{ "type": "Feature", "properties": { "id": "36_3", "growth_scenario": "high", "market_gravity_weight": 100 }, "geometry": { "type": "Polygon", "coordinates": [ [ [ -74.028322130113452, 41.081795825734488 ], [ -74.028047198806362, 41.082665188088605 ], [ -74.027772260741813, 41.083534550491699 ], [ -74.02660436614778, 41.08332988365926 ], [ -74.026329407768202, 41.084199243445163 ], [ -74.025161506375113, 41.083994563298148 ], [ -74.025436478311761, 41.083125206178536 ], [ -74.024268597234041, 41.082920518049583 ], [ -74.024543575968934, 41.082051163645211 ], [ -74.024818547945472, 41.081181809289376 ], [ -74.023650700738614, 41.080977115845094 ], [ -74.023925679512743, 41.080107764203824 ], [ -74.025093513163881, 41.080312454981815 ], [ -74.026261353572892, 41.080517135112096 ], [ -74.027429200739462, 41.080721804594489 ], [ -74.027154262633161, 41.081591164234091 ], [ -74.028322130113452, 41.081795825734488 ] ] ] } },
{ "type": "Feature", "properties": { "id": "36_4", "growth_scenario": "high", "market_gravity_weight": 100 }, "geometry": { "type": "Polygon", "coordinates": [ [ [ -74.023650700738614, 41.080977115845094 ], [ -74.024818547945472, 41.081181809289376 ], [ -74.024543575968934, 41.082051163645211 ], [ -74.024268597234041, 41.082920518049583 ], [ -74.025436478311761, 41.083125206178536 ], [ -74.025161506375113, 41.083994563298148 ], [ -74.023993611740579, 41.083789872502756 ], [ -74.02371861948825, 41.084659227004877 ], [ -74.022550718055655, 41.084454522894667 ], [ -74.021382823382453, 41.084249808136171 ], [ -74.021657842748283, 41.083380458967504 ], [ -74.020489968391146, 41.083175736227837 ], [ -74.020764994553645, 41.082306389774679 ], [ -74.021932855354677, 41.082511109847609 ], [ -74.023100722914918, 41.0827158192726 ], [ -74.023375715206086, 41.081846467534589 ], [ -74.022207861201906, 41.081641760776179 ], [ -74.022482860290182, 41.080772411753109 ], [ -74.022757852619762, 41.079903062778115 ], [ -74.023925679512743, 41.080107764203824 ], [ -74.023650700738614, 41.080977115845094 ] ] ] } },
{ "type": "Feature", "properties": { "id": "36_5", "growth_scenario": "high", "market_gravity_weight": 100 }, "geometry": { "type": "Polygon", "coordinates": [ [ [ -74.028940162093548, 41.083739206675766 ], [ -74.028665230828864, 41.084608571794064 ], [ -74.029833152495812, 41.084813219995681 ], [ -74.031001080920177, 41.085017857548593 ], [ -74.030726170014248, 41.085887228048477 ], [ -74.029558228031561, 41.08568258782951 ], [ -74.02928329680968, 41.086551955713169 ], [ -74.028115348026219, 41.086347302179199 ], [ -74.026947406000914, 41.08614263799641 ], [ -74.025779470734051, 41.085937963164923 ], [ -74.026054442630368, 41.085068603280355 ], [ -74.026329407768202, 41.084199243445163 ], [ -74.02660436614778, 41.08332988365926 ], [ -74.027772260741813, 41.083534550491699 ], [ -74.028047198806362, 41.082665188088605 ], [ -74.029215086600828, 41.082869841606694 ], [ -74.028940162093548, 41.083739206675766 ] ] ] } },
{ "type": "Feature", "properties": { "id": "36_6", "growth_scenario": "high", "market_gravity_weight": 100 }, "geometry": { "type": "Polygon", "coordinates": [ [ [ -74.056217603794934, 41.094938173528782 ], [ -74.057385775697554, 41.095142571466639 ], [ -74.057111149760061, 41.096012006236727 ], [ -74.055942964291461, 41.095807605634846 ], [ -74.054774785574878, 41.095603194381205 ], [ -74.053606613610626, 41.095398772475889 ], [ -74.052438448398959, 41.095194339919047 ], [ -74.051270289940206, 41.094989896710715 ], [ -74.051544983705156, 41.094120475261967 ], [ -74.05271312859891, 41.094324915805785 ], [ -74.052987802046204, 41.093455491745779 ], [ -74.054155940127671, 41.093659918973998 ], [ -74.054430593257891, 41.092790492302917 ], [ -74.055598724526561, 41.092994906215736 ], [ -74.056766862546823, 41.093199309477249 ], [ -74.056492236546646, 41.094068741476292 ], [ -74.056217603794934, 41.094938173528782 ] ] ] } },
{ "type": "Feature", "properties": { "id": "36_7", "growth_scenario": "high", "market_gravity_weight": 100 }, "geometry": { "type": "Polygon", "coordinates": [ [ [ -74.134647477077834, 41.115973564357056 ], [ -74.134373720339525, 41.116843180522544 ], [ -74.133204967754025, 41.116639483206548 ], [ -74.13293119069688, 41.11750909677815 ], [ -74.132657406905579, 41.11837871041336 ], [ -74.133826186661835, 41.118582413044457 ], [ -74.133552409721943, 41.119452029401323 ], [ -74.132383616379855, 41.119248324112426 ], [ -74.131214829772418, 41.119044608164053 ], [ -74.130046049899903, 41.118840881556359 ], [ -74.13031986759654, 41.117971273173197 ], [ -74.130593678558171, 41.117101664853607 ], [ -74.130867482785064, 41.11623205659744 ], [ -74.132036221902439, 41.11643577523148 ], [ -74.132310005810368, 41.115566164380915 ], [ -74.133478738077258, 41.115769869698525 ], [ -74.13375250166682, 41.114900256253669 ], [ -74.134921227082742, 41.115103948254912 ], [ -74.134647477077834, 41.115973564357056 ] ] ] } },
{ "type": "Feature", "properties": { "id": "36_8", "growth_scenario": "high", "market_gravity_weight": 100 }, "geometry": { "type": "Polygon", "coordinates": [ [ [ -74.187597330229593, 41.127941209694974 ], [ -74.187324178501228, 41.128810948188253 ], [ -74.187051020052081, 41.129680686751158 ], [ -74.186777854881967, 41.130550425383909 ], [ -74.186504682990588, 41.131420164086585 ], [ -74.185335539381299, 41.131216941276264 ], [ -74.185608724870605, 41.130347205226556 ], [ -74.185881903638361, 41.129477469246709 ], [ -74.184712793945934, 41.129274241078257 ], [ -74.18498597958947, 41.128404507820981 ], [ -74.186155075684823, 41.128607733336572 ], [ -74.186428241010233, 41.127737997495821 ], [ -74.186701399614847, 41.126868261724432 ], [ -74.185532330712803, 41.126665041514237 ], [ -74.185259158511698, 41.127534774633013 ], [ -74.184090082734244, 41.127331541106571 ], [ -74.184363268531598, 41.1264618106405 ], [ -74.184636447607815, 41.125592080243273 ], [ -74.185805496193055, 41.12579530846434 ], [ -74.186974551498906, 41.125998526022052 ], [ -74.188143613525085, 41.126201732916257 ], [ -74.18787047523746, 41.127071471271066 ], [ -74.187597330229593, 41.127941209694974 ] ] ] } },
{ "type": "Feature", "properties": { "id": "36_9", "growth_scenario": "high", "market_gravity_weight": 100 }, "geometry": { "type": "Polygon", "coordinates": [ [ [ -74.180932272043506, 41.129534217957683 ], [ -74.180659032164954, 41.13040394339442 ], [ -74.179489922167519, 41.130200667264276 ], [ -74.179216661969008, 41.131070390116939 ], [ -74.178047545098082, 41.130867100669342 ], [ -74.17687843495095, 41.130663800558111 ], [ -74.175709331527926, 41.130460489783225 ], [ -74.175982632515982, 41.129590774892243 ], [ -74.177151722342742, 41.12979408301311 ], [ -74.177425003010683, 41.128924365537344 ], [ -74.177698276955027, 41.128054648130608 ], [ -74.178867346313496, 41.128257940280569 ], [ -74.180036422395034, 41.128461221767246 ], [ -74.181205505199344, 41.128664492590396 ], [ -74.182374594726127, 41.128867752750025 ], [ -74.182101375166937, 41.129737480770643 ], [ -74.180932272043506, 41.129534217957683 ] ] ] } },
{ "type": "Feature", "properties": { "id": "37_0", "growth_scenario": "high", "market_gravity_weight": 100 }, "geometry": { "type": "Polygon", "coordinates": [ [ [ -81.52780041434572, 35.318702399262193 ], [ -81.527632124615138, 35.319585554631686 ], [ -81.528728662290916, 35.319721092410099 ], [ -81.528560381031198, 35.320604248276339 ], [ -81.527463831000944, 35.320468709044043 ], [ -81.527295533502937, 35.321351862499462 ], [ -81.528392095887966, 35.321487403185671 ], [ -81.528223806861092, 35.322370557138306 ], [ -81.527127232121003, 35.322235014998085 ], [ -81.526030661264969, 35.322099462650499 ], [ -81.526198975001805, 35.321216311605966 ], [ -81.525102420384869, 35.321080750505132 ], [ -81.525270742592014, 35.320197599957915 ], [ -81.525439060914834, 35.319314448453625 ], [ -81.525607375353474, 35.318431295992028 ], [ -81.52670389290769, 35.318566852730569 ], [ -81.526872191108581, 35.317683697857639 ], [ -81.527968700192773, 35.3178192429354 ], [ -81.52780041434572, 35.318702399262193 ] ] ] } },
{ "type": "Feature", "properties": { "id": "37_1", "growth_scenario": "high", "market_gravity_weight": 100 }, "geometry": { "type": "Polygon", "coordinates": [ [ [ -81.52999346887205, 35.318973461704253 ], [ -81.528896939667248, 35.318837935586757 ], [ -81.52780041434572, 35.318702399262193 ], [ -81.527968700192773, 35.3178192429354 ], [ -81.526872191108581, 35.317683697857639 ], [ -81.52670389290769, 35.318566852730569 ], [ -81.525607375353474, 35.318431295992028 ], [ -81.525439060914834, 35.319314448453625 ], [ -81.525270742592014, 35.320197599957915 ], [ -81.524174204213907, 35.320062030104118 ], [ -81.524342534890835, 35.319178880053983 ], [ -81.524510861683297, 35.31829572904654 ], [ -81.524679184591406, 35.317412577081541 ], [ -81.52577568590803, 35.317548142573017 ], [ -81.525943992578675, 35.316664988196365 ], [ -81.5270404854258, 35.316800542027146 ], [ -81.52813698215644, 35.316936085651051 ], [ -81.529233482770337, 35.31707161906823 ], [ -81.530329987267208, 35.317207142278463 ], [ -81.530161730011045, 35.318090302470068 ], [ -81.52999346887205, 35.318973461704253 ] ] ] } },
{ "type": "Feature", "properties": { "id": "37_10", "growth_scenario": "high", "market_gravity_weight": 100 }, "geometry": { "type": "Polygon", "coordinates": [ [ [ -81.517422934627945, 35.308379379609534 ], [ -81.51725454786866, 35.309262528568624 ], [ -81.516158180328674, 35.309126882855324 ], [ -81.515061816674262, 35.308991226936442 ], [ -81.515230228133248, 35.308108080886214 ], [ -81.514133880714311, 35.307972416216423 ], [ -81.513037537181376, 35.307836741341355 ], [ -81.513205969453296, 35.306953597240351 ], [ -81.513374397839073, 35.306070452179085 ], [ -81.514470716673785, 35.306206124145014 ], [ -81.515567039394227, 35.306341785905779 ], [ -81.516663366000103, 35.306477437461389 ], [ -81.517759696491154, 35.306613078811729 ], [ -81.517591317502067, 35.307496229690649 ], [ -81.517422934627945, 35.308379379609534 ] ] ] } },
{ "type": "Feature", "properties": { "id": "37_11", "growth_scenario": "high", "market_gravity_weight": 100 }, "geometry": { "type": "Polygon", "coordinates": [ [ [ -81.546009513542543, 35.305584845324489 ], [ -81.545841462720404, 35.306468037322524 ], [ -81.545673408020676, 35.307351228361256 ], [ -81.545505349443204, 35.308234418440833 ], [ -81.545337286987916, 35.309117607561383 ], [ -81.544240871808171, 35.308982222809838 ], [ -81.544408946615633, 35.308099035140899 ], [ -81.543312547666176, 35.307963641634686 ], [ -81.542216152595131, 35.307828237922251 ], [ -81.542384248227862, 35.306945052197783 ], [ -81.542552339982052, 35.306061865513939 ], [ -81.543648710350141, 35.306197266322854 ], [ -81.543816785874853, 35.305314077227841 ], [ -81.544913147769833, 35.305449466379123 ], [ -81.545081207065607, 35.304566274872968 ], [ -81.546177560487251, 35.304701652366916 ], [ -81.546009513542543, 35.305584845324489 ] ] ] } },
{ "type": "Feature", "properties": { "id": "37_12", "growth_scenario": "high", "market_gravity_weight": 100 }, "geometry": { "type": "Polygon", "coordinates": [ [ [ -81.520794082314694, 35.302468547556536 ], [ -81.521890362714828, 35.302604151022003 ], [ -81.521722040193765, 35.303487311064828 ], [ -81.520625747445209, 35.303351706145747 ], [ -81.520457408691897, 35.304234863774134 ], [ -81.521553713789146, 35.304370470146942 ], [ -81.521385383500828, 35.305253628268538 ], [ -81.521217049328698, 35.306136785429807 ], [ -81.520120719533253, 35.30600117614933 ], [ -81.52028906605463, 35.305118020441952 ], [ -81.519192752492515, 35.304982402410204 ], [ -81.519024393622047, 35.30586555666364 ], [ -81.51792807159535, 35.305729926972681 ], [ -81.518096442814766, 35.304846774173221 ], [ -81.51826481014956, 35.303963620413313 ], [ -81.518433173599846, 35.303080465692624 ], [ -81.519529458580479, 35.30321609102166 ], [ -81.519697805798245, 35.302332933886213 ], [ -81.519866149132056, 35.301449775789813 ], [ -81.520962413300495, 35.301585388006416 ], [ -81.520794082314694, 35.302468547556536 ] ] ] } },
{ "type": "Feature", "properties": { "id": "37_13", "growth_scenario": "high", "market_gravity_weight": 100 }, "geometry": { "type": "Polygon", "coordinates": [ [ [ -78.302978451530919, 35.807179796486437 ], [ -78.302771736855064, 35.808057479206994 ], [ -78.302565017405939, 35.808935160962868 ], [ -78.301467809131339, 35.808769794856296 ], [ -78.30037060563042, 35.80860441859511 ], [ -78.299273406903467, 35.808439032179216 ], [ -78.298176212950736, 35.808273635608685 ], [ -78.298382981270933, 35.807395961034459 ], [ -78.298589744816823, 35.806518285495244 ], [ -78.299686914334757, 35.806683678474727 ], [ -78.299893660889495, 35.805806000175089 ], [ -78.300990822964152, 35.805971381204827 ], [ -78.302087989812307, 35.806136752080249 ], [ -78.301881267692067, 35.807014433970402 ], [ -78.302978451530919, 35.807179796486437 ] ] ] } },
{ "type": "Feature", "properties": { "id": "37_14", "growth_scenario": "high", "market_gravity_weight": 100 }, "geometry": { "type": "Polygon", "coordinates": [ [ [ -81.516577379930837, 35.301042877911669 ], [ -81.517673632446972, 35.301178520742411 ], [ -81.517505264417522, 35.302061675931107 ], [ -81.517336892503579, 35.30294483015868 ], [ -81.517168516704999, 35.303827983425357 ], [ -81.51607222714523, 35.303692336232501 ], [ -81.515903835113434, 35.304575487084222 ], [ -81.514807537090405, 35.304439828232205 ], [ -81.514975941470482, 35.303556678834731 ], [ -81.513879659681052, 35.303421011232153 ], [ -81.514048072523693, 35.302537862328144 ], [ -81.514216481480887, 35.301654712463019 ], [ -81.515312738574806, 35.301790377157033 ], [ -81.515481131299339, 35.300907224876404 ], [ -81.515649520138965, 35.300024071634269 ], [ -81.516745756423248, 35.300159723215529 ], [ -81.516577379930837, 35.301042877911669 ] ] ] } },
{ "type": "Feature", "properties": { "id": "37_15", "growth_scenario": "high", "market_gravity_weight": 100 }, "geometry": { "type": "Polygon", "coordinates": [ [ [ -78.30689003711656, 35.805042753002482 ], [ -78.306683373411431, 35.805920444002076 ], [ -78.306476704934326, 35.806798134036846 ], [ -78.305379518994926, 35.806632803779607 ], [ -78.304282337827942, 35.806467463367646 ], [ -78.303185161433646, 35.806302112801184 ], [ -78.303391866563445, 35.805424428150936 ], [ -78.303598566920456, 35.804546742535607 ], [ -78.304695718880225, 35.804712089512279 ], [ -78.304902402247734, 35.803834401136825 ], [ -78.305109080843067, 35.802956711795972 ], [ -78.30620621314138, 35.803122045028971 ], [ -78.307303350211455, 35.803287368107732 ], [ -78.30709669604984, 35.804165061037743 ], [ -78.30689003711656, 35.805042753002482 ] ] ] } },
{ "type": "Feature", "properties": { "id": "37_2", "growth_scenario": "high", "market_gravity_weight": 100 }, "geometry": { "type": "Polygon", "coordinates": [ [ [ -81.508400635404925, 35.314494738823036 ], [ -81.509497066078822, 35.314630455955502 ], [ -81.50932857412289, 35.315513588511827 ], [ -81.509160078278953, 35.316396720109601 ], [ -81.508063622902228, 35.316261000066092 ], [ -81.507895110818339, 35.317144129249854 ], [ -81.508991578546897, 35.317279850748967 ], [ -81.508823074926568, 35.318162980430159 ], [ -81.50772659484592, 35.3180272574754 ], [ -81.506630118653931, 35.317891524314255 ], [ -81.506798646978311, 35.317008397544534 ], [ -81.506967171413891, 35.316125269816489 ], [ -81.505870723814226, 35.315989529360749 ], [ -81.506039256712427, 35.315106402129942 ], [ -81.506207785721813, 35.31422327394035 ], [ -81.507304208619161, 35.31435901148464 ], [ -81.507472721389135, 35.313475880880539 ], [ -81.508569135824018, 35.31361160676343 ], [ -81.508400635404925, 35.314494738823036 ] ] ] } },
{ "type": "Feature", "properties": { "id": "37_3", "growth_scenario": "high", "market_gravity_weight": 100 }, "geometry": { "type": "Polygon", "coordinates": [ [ [ -81.539942896895468, 35.313875087063614 ], [ -81.541039374555908, 35.31401051114716 ], [ -81.542135856095939, 35.314145925023844 ], [ -81.541967741783949, 35.315029104532371 ], [ -81.541799623592496, 35.315912283083208 ], [ -81.540703117344592, 35.315776866301903 ], [ -81.540534982919212, 35.316660042442841 ], [ -81.539438468196977, 35.316524614001963 ], [ -81.539270317537103, 35.317407787732996 ], [ -81.538173794340793, 35.317272347632333 ], [ -81.538341957355001, 35.316389175353969 ], [ -81.538510116488652, 35.315506002118113 ], [ -81.538678271741915, 35.314622827924573 ], [ -81.538846423114904, 35.313739652773215 ], [ -81.539014570607748, 35.312856476663839 ], [ -81.540111032035057, 35.312991909501839 ], [ -81.539942896895468, 35.313875087063614 ] ] ] } },
{ "type": "Feature", "properties": { "id": "37_4", "growth_scenario": "high", "market_gravity_weight": 100 }, "geometry": { "type": "Polygon", "coordinates": [ [ [ -81.537581789488087, 35.314487381974807 ], [ -81.537413621881171, 35.315370554715706 ], [ -81.53724545039357, 35.316253726498857 ], [ -81.53707727502514, 35.317136897324431 ], [ -81.535980759590444, 35.317001436809427 ], [ -81.534884248036974, 35.31686596608737 ], [ -81.533787740365, 35.316730485158267 ], [ -81.532691236574749, 35.316594994022189 ], [ -81.532859461358683, 35.315711829008663 ], [ -81.533955952795239, 35.315847318691624 ], [ -81.534124161343854, 35.314964151267155 ], [ -81.535220644308495, 35.315099629290167 ], [ -81.53538883662236, 35.314216459454919 ], [ -81.536485311114816, 35.314351925818301 ], [ -81.536653487194457, 35.313468753572167 ], [ -81.537749953214472, 35.313604208276068 ], [ -81.537581789488087, 35.314487381974807 ] ] ] } },
{ "type": "Feature", "properties": { "id": "37_5", "growth_scenario": "high", "market_gravity_weight": 100 }, "geometry": { "type": "Polygon", "coordinates": [ [ [ -81.534460566796753, 35.313197813544392 ], [ -81.535557025055127, 35.313333288661589 ], [ -81.536653487194457, 35.313468753572167 ], [ -81.536485311114816, 35.314351925818301 ], [ -81.53538883662236, 35.314216459454919 ], [ -81.535220644308495, 35.315099629290167 ], [ -81.534124161343854, 35.314964151267155 ], [ -81.533955952795239, 35.315847318691624 ], [ -81.532859461358683, 35.315711829008663 ], [ -81.532691236574749, 35.316594994022189 ], [ -81.531594736666563, 35.316459492679186 ], [ -81.531762973804021, 35.315576329118933 ], [ -81.53193120705933, 35.314693164600847 ], [ -81.532099436432603, 35.313809999124651 ], [ -81.533195899280983, 35.313945496108076 ], [ -81.533364112419619, 35.313062328220632 ], [ -81.533532321676745, 35.312179159374843 ], [ -81.534628763701306, 35.31231464324572 ], [ -81.534460566796753, 35.313197813544392 ] ] ] } },
{ "type": "Feature", "properties": { "id": "37_6", "growth_scenario": "high", "market_gravity_weight": 100 }, "geometry": { "type": "Polygon", "coordinates": [ [ [ -81.512195317525439, 35.312252447449097 ], [ -81.512026861934018, 35.313135585792452 ], [ -81.510930448186983, 35.3129998919824 ], [ -81.509834038327242, 35.312864187966483 ], [ -81.509665554146906, 35.313747322440463 ], [ -81.509497066078822, 35.314630455955502 ], [ -81.508400635404925, 35.314494738823036 ], [ -81.508569135824018, 35.31361160676343 ], [ -81.507472721389135, 35.313475880880539 ], [ -81.507641230270835, 35.312592749317382 ], [ -81.508737632355107, 35.312728473744805 ], [ -81.508906124998333, 35.311845339767039 ], [ -81.509074613753825, 35.31096220482992 ], [ -81.510170995025291, 35.311097916141094 ], [ -81.51126738018408, 35.311233617246643 ], [ -81.512363769229921, 35.311369308146574 ], [ -81.513460162162559, 35.311504988840809 ], [ -81.513291722808674, 35.31238812959824 ], [ -81.512195317525439, 35.312252447449097 ] ] ] } },
{ "type": "Feature", "properties": { "id": "37_7", "growth_scenario": "high", "market_gravity_weight": 100 }, "geometry": { "type": "Polygon", "coordinates": [ [ [ -81.537157992149815, 35.310819231084267 ], [ -81.538254421111674, 35.310954681430502 ], [ -81.538086269026124, 35.311837858004068 ], [ -81.537918113060442, 35.312721033619205 ], [ -81.536821659393411, 35.312585580367966 ], [ -81.536653487194457, 35.313468753572167 ], [ -81.535557025055127, 35.313333288661589 ], [ -81.534460566796753, 35.313197813544392 ], [ -81.534628763701306, 35.31231464324572 ], [ -81.533532321676745, 35.312179159374843 ], [ -81.533700527052517, 35.311295989570539 ], [ -81.534796956724747, 35.31143147198857 ], [ -81.534965145867247, 35.310548299772734 ], [ -81.536061567068259, 35.310683770531696 ], [ -81.536229739977998, 35.309800595904456 ], [ -81.537326152707521, 35.309936055004535 ], [ -81.537157992149815, 35.310819231084267 ] ] ] } },
{ "type": "Feature", "properties": { "id": "37_8", "growth_scenario": "high", "market_gravity_weight": 100 }, "geometry": { "type": "Polygon", "coordinates": [ [ [ -81.544240871808171, 35.308982222809838 ], [ -81.545337286987916, 35.309117607561383 ], [ -81.545169220654614, 35.310000795723163 ], [ -81.545001150443213, 35.310883982926363 ], [ -81.544833076353541, 35.311767169171048 ], [ -81.543736624115681, 35.31163178006414 ], [ -81.543568533794385, 35.312514963898728 ], [ -81.542472073082081, 35.312379563133163 ], [ -81.542640175756489, 35.311496380750576 ], [ -81.542808274551973, 35.310613197409666 ], [ -81.541711842424391, 35.310477789341462 ], [ -81.541879949693538, 35.309594606493938 ], [ -81.542048053083732, 35.30871142268763 ], [ -81.543144460506696, 35.308846827851895 ], [ -81.543312547666176, 35.307963641634686 ], [ -81.544408946615633, 35.308099035140899 ], [ -81.544240871808171, 35.308982222809838 ] ] ] } },
{ "type": "Feature", "properties": { "id": "37_9", "growth_scenario": "high", "market_gravity_weight": 100 }, "geometry": { "type": "Polygon", "coordinates": [ [ [ -81.535469690010288, 35.307898777371776 ], [ -81.536566074156383, 35.30803424377298 ], [ -81.536397909007334, 35.308917420318316 ], [ -81.537494309385082, 35.309052877965861 ], [ -81.537326152707521, 35.309936055004535 ], [ -81.536229739977998, 35.309800595904456 ], [ -81.536061567068259, 35.310683770531696 ], [ -81.534965145867247, 35.310548299772734 ], [ -81.534796956724747, 35.31143147198857 ], [ -81.533700527052517, 35.311295989570539 ], [ -81.533868728547063, 35.310412818807556 ], [ -81.534036926160496, 35.309529647085689 ], [ -81.532940525073059, 35.309394157367088 ], [ -81.533108731156901, 35.308510986138906 ], [ -81.534205119892974, 35.30864647440476 ], [ -81.534373309744623, 35.307763300764584 ], [ -81.534541495715573, 35.306880126165012 ], [ -81.535637863630271, 35.307015601319662 ], [ -81.535469690010288, 35.307898777371776 ] ] ] } },
{ "type": "Feature", "properties": { "id": "38_0", "growth_scenario": "high", "market_gravity_weight": 100 }, "geometry": { "type": "Polygon", "coordinates": [ [ [ -96.825621193771696, 46.893744496975373 ], [ -96.825632545640602, 46.894647828578208 ], [ -96.824325920492427, 46.894655670570877 ], [ -96.823019295032609, 46.8946635001437 ], [ -96.823030611285915, 46.895566834611735 ], [ -96.821723967551023, 46.895574651894755 ], [ -96.820417323505424, 46.89558245675763 ], [ -96.820406043179915, 46.894679122029807 ], [ -96.820394763164614, 46.893775789906528 ], [ -96.821701371282884, 46.893767985303199 ], [ -96.821690073614832, 46.892864655914046 ], [ -96.82299666345952, 46.892856839021121 ], [ -96.824303252993062, 46.892849009708755 ], [ -96.825609842214959, 46.892841167976883 ], [ -96.826916431124729, 46.892833313825619 ], [ -96.826927800644341, 46.89373664269349 ], [ -96.825621193771696, 46.893744496975373 ] ] ] } },
{ "type": "Feature", "properties": { "id": "38_1", "growth_scenario": "high", "market_gravity_weight": 100 }, "geometry": { "type": "Polygon", "coordinates": [ [ [ -96.877800736477113, 46.887097427810289 ], [ -96.877812804547261, 46.888000735805939 ], [ -96.876506318000338, 46.888009073617901 ], [ -96.876518368442419, 46.888912384354064 ], [ -96.87521186360425, 46.888920709886186 ], [ -96.875223896417282, 46.889824023362962 ], [ -96.873917373287881, 46.889832336614987 ], [ -96.873905358435238, 46.88892902299996 ], [ -96.872598852935894, 46.888937323695302 ], [ -96.87258685637353, 46.888034012544473 ], [ -96.872574860141029, 46.88713070399541 ], [ -96.873881329721044, 46.887122403576122 ], [ -96.873869315859437, 46.886219097766613 ], [ -96.875175767150182, 46.886210785067519 ], [ -96.876482218110141, 46.886202459950702 ], [ -96.876494267889569, 46.88710576548354 ], [ -96.877800736477113, 46.887097427810289 ] ] ] } },
{ "type": "Feature", "properties": { "id": "38_10", "growth_scenario": "high", "market_gravity_weight": 100 }, "geometry": { "type": "Polygon", "coordinates": [ [ [ -96.85208130477703, 46.91887924790683 ], [ -96.852093024932827, 46.919782649919654 ], [ -96.850785902953916, 46.91979074407908 ], [ -96.850797605454687, 46.920694148841264 ], [ -96.850809308277391, 46.921597556218344 ], [ -96.849502150021152, 46.921605638221386 ], [ -96.849513835187352, 46.922509048348374 ], [ -96.848206658631199, 46.922517118059886 ], [ -96.848194991443464, 46.9216137077985 ], [ -96.848183324576681, 46.920710300152514 ], [ -96.84817165803085, 46.91980689512144 ], [ -96.848159991805929, 46.918903492704992 ], [ -96.848148325901931, 46.918000092902894 ], [ -96.849455412570734, 46.917992023863164 ], [ -96.850762498918115, 46.917983942398315 ], [ -96.850774200775064, 46.918887341931587 ], [ -96.85208130477703, 46.91887924790683 ] ] ] } },
{ "type": "Feature", "properties": { "id": "38_11", "growth_scenario": "high", "market_gravity_weight": 100 }, "geometry": { "type": "Polygon", "coordinates": [ [ [ -96.882023288974821, 46.909655811112756 ], [ -96.882035419259722, 46.910559183844406 ], [ -96.882047549878266, 46.911462559186816 ], [ -96.880740597211869, 46.911470937876757 ], [ -96.879433644212313, 46.911479304143114 ], [ -96.879421549538165, 46.910575928521993 ], [ -96.878114614178145, 46.910584282225777 ], [ -96.876807678485989, 46.91059262350614 ], [ -96.876795620087947, 46.909689250218051 ], [ -96.878102537808388, 46.909680909076393 ], [ -96.879409455196665, 46.909672555511676 ], [ -96.879397361187827, 46.908769185111808 ], [ -96.879385267511609, 46.90786581732214 ], [ -96.880692148625315, 46.907857451612706 ], [ -96.881999029405904, 46.90784907348052 ], [ -96.882011159023548, 46.908752440991613 ], [ -96.882023288974821, 46.909655811112756 ] ] ] } },
{ "type": "Feature", "properties": { "id": "38_12", "growth_scenario": "high", "market_gravity_weight": 100 }, "geometry": { "type": "Polygon", "coordinates": [ [ [ -96.856002614846517, 46.918854891280745 ], [ -96.857309717555921, 46.918846747554795 ], [ -96.85732150961941, 46.919750149026406 ], [ -96.857333302007277, 46.920653553112629 ], [ -96.856026163343586, 46.920661697109807 ], [ -96.856037938077961, 46.921565103946584 ], [ -96.854730781112465, 46.921573235653398 ], [ -96.853423623823545, 46.921581354934325 ], [ -96.853411885044963, 46.920677947826988 ], [ -96.85210474541104, 46.920686054546991 ], [ -96.852093024932827, 46.919782649919654 ], [ -96.853400146589323, 46.919774543334611 ], [ -96.853388408456581, 46.918871141456798 ], [ -96.854695511813247, 46.91886302258149 ], [ -96.854683756026972, 46.9179596234531 ], [ -96.855990841083837, 46.917951492287749 ], [ -96.856002614846517, 46.918854891280745 ] ] ] } },
{ "type": "Feature", "properties": { "id": "38_13", "growth_scenario": "high", "market_gravity_weight": 100 }, "geometry": { "type": "Polygon", "coordinates": [ [ [ -96.85210474541104, 46.920686054546991 ], [ -96.853411885044963, 46.920677947826988 ], [ -96.853423623823545, 46.921581354934325 ], [ -96.854730781112465, 46.921573235653398 ], [ -96.854742538192369, 46.922476645240863 ], [ -96.85343536292504, 46.922484764657007 ], [ -96.853447102349477, 46.923388176995296 ], [ -96.852139908780302, 46.923396284120258 ], [ -96.850832714888639, 46.923404378818908 ], [ -96.849525520675002, 46.923412461091104 ], [ -96.849513835187352, 46.922509048348374 ], [ -96.849502150021152, 46.921605638221386 ], [ -96.850809308277391, 46.921597556218344 ], [ -96.850797605454687, 46.920694148841264 ], [ -96.850785902953916, 46.91979074407908 ], [ -96.852093024932827, 46.919782649919654 ], [ -96.85210474541104, 46.920686054546991 ] ] ] } },
{ "type": "Feature", "properties": { "id": "38_14", "growth_scenario": "high", "market_gravity_weight": 100 }, "geometry": { "type": "Polygon", "coordinates": [ [ [ -96.900171531746182, 46.898696963345238 ], [ -96.900183909547692, 46.899600302802433 ], [ -96.898877195194927, 46.899608853571472 ], [ -96.898889555370772, 46.900512195777338 ], [ -96.89758282271201, 46.900520734267602 ], [ -96.897595165261208, 46.901424079222295 ], [ -96.896288414296436, 46.901432605433506 ], [ -96.896276089713837, 46.900529260336917 ], [ -96.896263765470181, 46.899625917847217 ], [ -96.896251441565411, 46.898722577963902 ], [ -96.896239117999556, 46.897819240686559 ], [ -96.897545797100918, 46.897810715042766 ], [ -96.898852475862924, 46.897802176978544 ], [ -96.900159154285035, 46.897793626494014 ], [ -96.901465832366796, 46.897785063589161 ], [ -96.901478227792992, 46.89868840029785 ], [ -96.900171531746182, 46.898696963345238 ] ] ] } },
{ "type": "Feature", "properties": { "id": "38_15", "growth_scenario": "high", "market_gravity_weight": 100 }, "geometry": { "type": "Polygon", "coordinates": [ [ [ -96.857345094719548, 46.921556959813813 ], [ -96.857356887756225, 46.922460369130249 ], [ -96.857368681117336, 46.92336378106237 ], [ -96.857380474802895, 46.924267195610526 ], [ -96.857392268812916, 46.925170612775077 ], [ -96.85608504025484, 46.925178757450283 ], [ -96.85607326422469, 46.924275340150103 ], [ -96.854766053322535, 46.924283472263255 ], [ -96.853458842096884, 46.924291591949732 ], [ -96.853447102349477, 46.923388176995296 ], [ -96.85343536292504, 46.922484764657007 ], [ -96.854742538192369, 46.922476645240863 ], [ -96.854730781112465, 46.921573235653398 ], [ -96.856037938077961, 46.921565103946584 ], [ -96.856026163343586, 46.920661697109807 ], [ -96.857333302007277, 46.920653553112629 ], [ -96.857345094719548, 46.921556959813813 ] ] ] } },
{ "type": "Feature", "properties": { "id": "38_16", "growth_scenario": "high", "market_gravity_weight": 100 }, "geometry": { "type": "Polygon", "coordinates": [ [ [ -96.901515416116922, 46.901398426061576 ], [ -96.902822165720977, 46.90138985016565 ], [ -96.902834580477787, 46.902293197157945 ], [ -96.901527812906707, 46.902301773196534 ], [ -96.900221044994694, 46.902310336813819 ], [ -96.898914276742232, 46.902318888009603 ], [ -96.897607508149832, 46.902327426784062 ], [ -96.896300739217978, 46.902335953137133 ], [ -96.896288414296436, 46.901432605433506 ], [ -96.897595165261208, 46.901424079222295 ], [ -96.89758282271201, 46.900520734267602 ], [ -96.898889555370772, 46.900512195777338 ], [ -96.898877195194927, 46.899608853571472 ], [ -96.900183909547692, 46.899600302802433 ], [ -96.901490623560065, 46.899591739612603 ], [ -96.901503019668041, 46.90049508153372 ], [ -96.901515416116922, 46.901398426061576 ] ] ] } },
{ "type": "Feature", "properties": { "id": "38_17", "growth_scenario": "high", "market_gravity_weight": 100 }, "geometry": { "type": "Polygon", "coordinates": [ [ [ -96.854766053322535, 46.924283472263255 ], [ -96.854777811372799, 46.925186889698836 ], [ -96.853470582167262, 46.925195009520529 ], [ -96.853482322560637, 46.926098429708098 ], [ -96.852175075051719, 46.926106537238098 ], [ -96.852186797787198, 46.927009960177855 ], [ -96.850879531974869, 46.927018055415651 ], [ -96.850867827220313, 46.92611463234109 ], [ -96.850856122787761, 46.925211211883671 ], [ -96.849548892614763, 46.925219294425148 ], [ -96.849537206484143, 46.924315876449874 ], [ -96.849525520675002, 46.923412461091104 ], [ -96.850832714888639, 46.923404378818908 ], [ -96.852139908780302, 46.923396284120258 ], [ -96.853447102349477, 46.923388176995296 ], [ -96.853458842096884, 46.924291591949732 ], [ -96.854766053322535, 46.924283472263255 ] ] ] } },
{ "type": "Feature", "properties": { "id": "38_18", "growth_scenario": "high", "market_gravity_weight": 100 }, "geometry": { "type": "Polygon", "coordinates": [ [ [ -96.85608504025484, 46.925178757450283 ], [ -96.857392268812916, 46.925170612775077 ], [ -96.857404063147385, 46.926074032556301 ], [ -96.857415857806359, 46.926977454954766 ], [ -96.856108593287061, 46.926985599901272 ], [ -96.856120370289176, 46.927889025052785 ], [ -96.854813087464535, 46.927897157707591 ], [ -96.85350580431637, 46.927905277935032 ], [ -96.853494063276997, 46.927001852512873 ], [ -96.852186797787198, 46.927009960177855 ], [ -96.852175075051719, 46.926106537238098 ], [ -96.853482322560637, 46.926098429708098 ], [ -96.853470582167262, 46.925195009520529 ], [ -96.854777811372799, 46.925186889698836 ], [ -96.854766053322535, 46.924283472263255 ], [ -96.85607326422469, 46.924275340150103 ], [ -96.85608504025484, 46.925178757450283 ] ] ] } },
{ "type": "Feature", "properties": { "id": "38_19", "growth_scenario": "high", "market_gravity_weight": 100 }, "geometry": { "type": "Polygon", "coordinates": [ [ [ -96.925872533923268, 46.867811447290542 ], [ -96.9258852591325, 46.868714695462138 ], [ -96.925897984691517, 46.869617946227784 ], [ -96.924591869834373, 46.869626740584529 ], [ -96.923285754627912, 46.869635522527396 ], [ -96.923273064966907, 46.868732271469725 ], [ -96.923260375654692, 46.86782902300606 ], [ -96.921954295996997, 46.867837792243641 ], [ -96.921941624981613, 46.866934546227832 ], [ -96.921928954314495, 46.866031302805325 ], [ -96.923234998076609, 46.866022533859145 ], [ -96.924541041489974, 46.86601375249991 ], [ -96.925847084554078, 46.866004958727721 ], [ -96.925859809063795, 46.866908201712484 ], [ -96.925872533923268, 46.867811447290542 ] ] ] } },
{ "type": "Feature", "properties": { "id": "38_2", "growth_scenario": "high", "market_gravity_weight": 100 }, "geometry": { "type": "Polygon", "coordinates": [ [ [ -96.879119290762375, 46.887992385575878 ], [ -96.880425776645168, 46.887984022927554 ], [ -96.880437880966866, 46.888887333247084 ], [ -96.881744384476704, 46.888878958041353 ], [ -96.881756507091552, 46.889782270823808 ], [ -96.880449985621382, 46.889790646168827 ], [ -96.880462090608717, 46.89069396169306 ], [ -96.879155550844885, 46.890702324758593 ], [ -96.879143463818366, 46.889799009095285 ], [ -96.877836941683029, 46.889807359603104 ], [ -96.876530419215825, 46.889815697692356 ], [ -96.875223896417282, 46.889824023362962 ], [ -96.87521186360425, 46.888920709886186 ], [ -96.876518368442419, 46.888912384354064 ], [ -96.876506318000338, 46.888009073617901 ], [ -96.877812804547261, 46.888000735805939 ], [ -96.877800736477113, 46.887097427810289 ], [ -96.879107204732861, 46.887089077719025 ], [ -96.879119290762375, 46.887992385575878 ] ] ] } },
{ "type": "Feature", "properties": { "id": "38_20", "growth_scenario": "high", "market_gravity_weight": 100 }, "geometry": { "type": "Polygon", "coordinates": [ [ [ -96.857427652789809, 46.927880879970601 ], [ -96.857439448097779, 46.92878430760431 ], [ -96.857451243730281, 46.929687737856234 ], [ -96.857463039687303, 46.930591170726679 ], [ -96.857474835968887, 46.931494606216106 ], [ -96.856167481537909, 46.931502751840952 ], [ -96.856155703239665, 46.930599316215883 ], [ -96.854848366467962, 46.930607449277069 ], [ -96.85483660647661, 46.92970401613546 ], [ -96.853529287364211, 46.92971213663337 ], [ -96.85351754567877, 46.928808705975101 ], [ -96.85350580431637, 46.927905277935032 ], [ -96.854813087464535, 46.927897157707591 ], [ -96.856120370289176, 46.927889025052785 ], [ -96.856108593287061, 46.926985599901272 ], [ -96.857415857806359, 46.926977454954766 ], [ -96.857427652789809, 46.927880879970601 ] ] ] } },
{ "type": "Feature", "properties": { "id": "38_21", "growth_scenario": "high", "market_gravity_weight": 100 }, "geometry": { "type": "Polygon", "coordinates": [ [ [ -96.931084049607833, 46.866872901906824 ], [ -96.931096846259209, 46.867776146898315 ], [ -96.929790768701608, 46.867784990616521 ], [ -96.929803547756265, 46.868688238348533 ], [ -96.928497451898963, 46.868697069800035 ], [ -96.928510213355935, 46.869600320272774 ], [ -96.927204099198875, 46.869609139457204 ], [ -96.927191355690866, 46.868705888837908 ], [ -96.92717861253314, 46.867802640812627 ], [ -96.92716586972567, 46.866899395380919 ], [ -96.927153127268454, 46.865996152542444 ], [ -96.928459169632589, 46.865987333944155 ], [ -96.929765211646, 46.865978502932855 ], [ -96.93107125330819, 46.865969659508558 ], [ -96.932377294618661, 46.865960803671264 ], [ -96.932390108865761, 46.866864045922433 ], [ -96.931084049607833, 46.866872901906824 ] ] ] } },
{ "type": "Feature", "properties": { "id": "38_22", "growth_scenario": "high", "market_gravity_weight": 100 }, "geometry": { "type": "Polygon", "coordinates": [ [ [ -96.824283861316005, 46.787169553612273 ], [ -96.82427254650257, 46.786266529386495 ], [ -96.825577019255491, 46.786258690603141 ], [ -96.826881491697293, 46.786250839424731 ], [ -96.828185963827494, 46.786242975851088 ], [ -96.828197332355103, 46.787145999686743 ], [ -96.829501822077916, 46.78713812358756 ], [ -96.830806311488118, 46.787130235093073 ], [ -96.830817716138199, 46.788033261229359 ], [ -96.832122223140473, 46.788025360208593 ], [ -96.832133646009311, 46.788928388776164 ], [ -96.830829121101374, 46.788936289927769 ], [ -96.829524595880343, 46.788944178683664 ], [ -96.829513208822817, 46.788041149854571 ], [ -96.828208701194825, 46.788049026084224 ], [ -96.82822007034666, 46.788952055043765 ], [ -96.826915544500864, 46.788959919008185 ], [ -96.826904193254705, 46.788056889918337 ], [ -96.82559968500297, 46.788064741356905 ], [ -96.825588351973664, 46.787161714699153 ], [ -96.824283861316005, 46.787169553612273 ] ] ] } },
{ "type": "Feature", "properties": { "id": "38_3", "growth_scenario": "high", "market_gravity_weight": 100 }, "geometry": { "type": "Polygon", "coordinates": [ [ [ -96.850668895649434, 46.910756840201877 ], [ -96.850680594931632, 46.911660218834143 ], [ -96.850692294535634, 46.912563600077782 ], [ -96.851999272712774, 46.912555506996185 ], [ -96.852010990612072, 46.913458890716875 ], [ -96.852022708833701, 46.914362277049527 ], [ -96.850715694709081, 46.914370370400519 ], [ -96.850727395278554, 46.915273759480399 ], [ -96.8494203628576, 46.915281840541702 ], [ -96.849408680262627, 46.914378451327238 ], [ -96.848101665494823, 46.914386519829698 ], [ -96.848090001195203, 46.913483133093479 ], [ -96.848078337216421, 46.9125797489693 ], [ -96.849385316036688, 46.912571680735489 ], [ -96.849373634405694, 46.911668299357309 ], [ -96.849361953096007, 46.91076492059053 ], [ -96.849350272107614, 46.909861544434818 ], [ -96.850657196689028, 46.909853464180586 ], [ -96.850668895649434, 46.910756840201877 ] ] ] } },
{ "type": "Feature", "properties": { "id": "38_4", "growth_scenario": "high", "market_gravity_weight": 100 }, "geometry": { "type": "Polygon", "coordinates": [ [ [ -96.85593197712808, 46.913434536523447 ], [ -96.855943749271574, 46.914337922450748 ], [ -96.854636736115438, 46.914346053074631 ], [ -96.854648490608312, 46.915249441749722 ], [ -96.853341459154407, 46.915257560084463 ], [ -96.852034427377646, 46.915265665994689 ], [ -96.850727395278554, 46.915273759480399 ], [ -96.850715694709081, 46.914370370400519 ], [ -96.852022708833701, 46.914362277049527 ], [ -96.852010990612072, 46.913458890716875 ], [ -96.851999272712774, 46.912555506996185 ], [ -96.853306250567613, 46.912547401490727 ], [ -96.854613228099652, 46.912539283561394 ], [ -96.855920205308394, 46.912531153208143 ], [ -96.857227182193355, 46.912523010431087 ], [ -96.857238971986476, 46.913426393610884 ], [ -96.85593197712808, 46.913434536523447 ] ] ] } },
{ "type": "Feature", "properties": { "id": "38_5", "growth_scenario": "high", "market_gravity_weight": 100 }, "geometry": { "type": "Polygon", "coordinates": [ [ [ -96.8494203628576, 46.915281840541702 ], [ -96.850727395278554, 46.915273759480399 ], [ -96.852034427377646, 46.915265665994689 ], [ -96.853341459154407, 46.915257560084463 ], [ -96.853353195995652, 46.916160951507479 ], [ -96.852046146243936, 46.916169057552665 ], [ -96.852057865432585, 46.91707245172374 ], [ -96.850750797383057, 46.917080545478967 ], [ -96.850762498918115, 46.917983942398315 ], [ -96.849455412570734, 46.917992023863164 ], [ -96.848148325901931, 46.918000092902894 ], [ -96.848136660318843, 46.917096695714619 ], [ -96.848124995056637, 46.916193301139913 ], [ -96.848113330115311, 46.915289909178384 ], [ -96.848101665494823, 46.914386519829698 ], [ -96.849408680262627, 46.914378451327238 ], [ -96.8494203628576, 46.915281840541702 ] ] ] } },
{ "type": "Feature", "properties": { "id": "38_6", "growth_scenario": "high", "market_gravity_weight": 100 }, "geometry": { "type": "Polygon", "coordinates": [ [ [ -96.857250762103902, 46.914329779402635 ], [ -96.857262552545635, 46.915233167806825 ], [ -96.857274343311701, 46.916136558823709 ], [ -96.857286134402088, 46.917039952453848 ], [ -96.857297925816823, 46.917943348697399 ], [ -96.857309717555921, 46.918846747554795 ], [ -96.856002614846517, 46.918854891280745 ], [ -96.855990841083837, 46.917951492287749 ], [ -96.855979067644995, 46.917048095908662 ], [ -96.854672000564065, 46.917056226938584 ], [ -96.854660245424512, 46.91615283303755 ], [ -96.853353195995652, 46.916160951507479 ], [ -96.853341459154407, 46.915257560084463 ], [ -96.854648490608312, 46.915249441749722 ], [ -96.854636736115438, 46.914346053074631 ], [ -96.855943749271574, 46.914337922450748 ], [ -96.85593197712808, 46.913434536523447 ], [ -96.857238971986476, 46.913426393610884 ], [ -96.857250762103902, 46.914329779402635 ] ] ] } },
{ "type": "Feature", "properties": { "id": "38_7", "growth_scenario": "high", "market_gravity_weight": 100 }, "geometry": { "type": "Polygon", "coordinates": [ [ [ -96.880680037311478, 46.906954086571922 ], [ -96.880692148625315, 46.907857451612706 ], [ -96.879385267511609, 46.90786581732214 ], [ -96.879397361187827, 46.908769185111808 ], [ -96.879409455196665, 46.909672555511676 ], [ -96.878102537808388, 46.909680909076393 ], [ -96.876795620087947, 46.909689250218051 ], [ -96.876783562021572, 46.908785879540318 ], [ -96.87677150428685, 46.907882511472799 ], [ -96.876759446883753, 46.906979146015019 ], [ -96.875452582743947, 46.906987474317638 ], [ -96.875440543642227, 46.906084111330657 ], [ -96.876747389812266, 46.906075783166607 ], [ -96.87805423565068, 46.906067442580273 ], [ -96.879361081157015, 46.906059089571571 ], [ -96.879373174168009, 46.906962452142118 ], [ -96.880680037311478, 46.906954086571922 ] ] ] } },
{ "type": "Feature", "properties": { "id": "38_8", "growth_scenario": "high", "market_gravity_weight": 100 }, "geometry": { "type": "Polygon", "coordinates": [ [ [ -96.874181783652617, 46.90970589523176 ], [ -96.875488702035867, 46.909697578936445 ], [ -96.875500742462137, 46.910600952363239 ], [ -96.875512783219605, 46.911504328400923 ], [ -96.874205828892315, 46.911512644973016 ], [ -96.872898874234352, 46.911520949121581 ], [ -96.871591919246171, 46.911529240846527 ], [ -96.870284963928299, 46.91153752014791 ], [ -96.870272995059977, 46.910634143557822 ], [ -96.870261026520851, 46.909730769578616 ], [ -96.87024905831089, 46.908827398209965 ], [ -96.871555959713348, 46.908819119321954 ], [ -96.872862860786142, 46.908810828010964 ], [ -96.872874864938694, 46.909714199103881 ], [ -96.874181783652617, 46.90970589523176 ] ] ] } },
{ "type": "Feature", "properties": { "id": "38_9", "growth_scenario": "high", "market_gravity_weight": 100 }, "geometry": { "type": "Polygon", "coordinates": [ [ [ -96.855979067644995, 46.917048095908662 ], [ -96.855990841083837, 46.917951492287749 ], [ -96.854683756026972, 46.9179596234531 ], [ -96.854695511813247, 46.91886302258149 ], [ -96.853388408456581, 46.918871141456798 ], [ -96.853400146589323, 46.919774543334611 ], [ -96.852093024932827, 46.919782649919654 ], [ -96.85208130477703, 46.91887924790683 ], [ -96.850774200775064, 46.918887341931587 ], [ -96.850762498918115, 46.917983942398315 ], [ -96.850750797383057, 46.917080545478967 ], [ -96.852057865432585, 46.91707245172374 ], [ -96.852046146243936, 46.916169057552665 ], [ -96.853353195995652, 46.916160951507479 ], [ -96.854660245424512, 46.91615283303755 ], [ -96.854672000564065, 46.917056226938584 ], [ -96.855979067644995, 46.917048095908662 ] ] ] } },
{ "type": "Feature", "properties": { "id": "39_0", "growth_scenario": "high", "market_gravity_weight": 100 }, "geometry": { "type": "Polygon", "coordinates": [ [ [ -82.921854031622843, 39.876538072293663 ], [ -82.920685498986344, 39.87641564024068 ], [ -82.91951697032998, 39.876293197324678 ], [ -82.919355107485572, 39.87717719222902 ], [ -82.920523650234671, 39.877299636698304 ], [ -82.920361797502707, 39.878183633292132 ], [ -82.920199940790312, 39.879067630022334 ], [ -82.919031369854721, 39.878945182446238 ], [ -82.918869495068009, 39.879829177759603 ], [ -82.917700914019733, 39.879706717766489 ], [ -82.917862802900046, 39.878822724006767 ], [ -82.918024687799118, 39.877938730383548 ], [ -82.91818656871709, 39.877054736896604 ], [ -82.91834844565409, 39.876170743545721 ], [ -82.918510318610302, 39.875286750330666 ], [ -82.919678829193913, 39.87540920255627 ], [ -82.92084734375787, 39.875531643919032 ], [ -82.922015862301819, 39.875654074418861 ], [ -82.923184384825433, 39.875776494055764 ], [ -82.923022568239162, 39.876660493483492 ], [ -82.921854031622843, 39.876538072293663 ] ] ] } },
{ "type": "Feature", "properties": { "id": "39_1", "growth_scenario": "high", "market_gravity_weight": 100 }, "geometry": { "type": "Polygon", "coordinates": [ [ [ -82.898679918267149, 39.879513818663064 ], [ -82.898517791948564, 39.880397787954493 ], [ -82.899686351530349, 39.880520426423303 ], [ -82.899524235317188, 39.881404397406975 ], [ -82.899362115117057, 39.882288368527227 ], [ -82.898193527349761, 39.882165726946418 ], [ -82.897024943569917, 39.882043074502491 ], [ -82.895856363777852, 39.881920411195502 ], [ -82.894687787973893, 39.88179773702538 ], [ -82.894849964544846, 39.880913772130071 ], [ -82.896018526256313, 39.881036444743714 ], [ -82.896180684746795, 39.880152478428357 ], [ -82.896342839249471, 39.879268512249077 ], [ -82.897511376764641, 39.87939117088743 ], [ -82.897673513187982, 39.878507203288017 ], [ -82.898842040598723, 39.878629849507668 ], [ -82.898679918267149, 39.879513818663064 ] ] ] } },
{ "type": "Feature", "properties": { "id": "39_10", "growth_scenario": "high", "market_gravity_weight": 100 }, "geometry": { "type": "Polygon", "coordinates": [ [ [ -82.98785933962094, 39.867219823213901 ], [ -82.987698337484929, 39.868103902423336 ], [ -82.987537331389575, 39.868987981768846 ], [ -82.987376321334722, 39.869872061250632 ], [ -82.986207785736383, 39.869750239070974 ], [ -82.986368809886656, 39.868866161134392 ], [ -82.985200292343578, 39.868744329635838 ], [ -82.985361326628947, 39.867860253380655 ], [ -82.984192827140816, 39.867738412563462 ], [ -82.984353871560643, 39.866854337989402 ], [ -82.98552235695432, 39.866976177261293 ], [ -82.98568338331981, 39.866092101277715 ], [ -82.985844405725587, 39.865208025429546 ], [ -82.987012866890908, 39.865329850747656 ], [ -82.9881813320155, 39.865451665202251 ], [ -82.988020337797735, 39.866335744140287 ], [ -82.98785933962094, 39.867219823213901 ] ] ] } },
{ "type": "Feature", "properties": { "id": "39_11", "growth_scenario": "high", "market_gravity_weight": 100 }, "geometry": { "type": "Polygon", "coordinates": [ [ [ -83.002567644318873, 39.871454760921267 ], [ -83.002406813562331, 39.872338860615656 ], [ -83.00123821241705, 39.87221717813172 ], [ -83.001077363607081, 39.873101276420101 ], [ -82.999908752319755, 39.872979581527396 ], [ -82.99974788545569, 39.873863678409698 ], [ -82.998579264026617, 39.873741971107997 ], [ -82.998740144988702, 39.872857875769583 ], [ -82.997571541614235, 39.872736159146818 ], [ -82.997732432717243, 39.871852065490039 ], [ -82.997893319863465, 39.8709679719706 ], [ -82.999061895043198, 39.871089685505495 ], [ -82.999222764135908, 39.870205590579353 ], [ -83.000391329174931, 39.870327291705657 ], [ -83.001559898169788, 39.870448981967371 ], [ -83.001399057271243, 39.8713330799809 ], [ -83.002567644318873, 39.871454760921267 ] ] ] } },
{ "type": "Feature", "properties": { "id": "39_12", "growth_scenario": "high", "market_gravity_weight": 100 }, "geometry": { "type": "Polygon", "coordinates": [ [ [ -82.993540933907653, 39.868712834909815 ], [ -82.994709465066578, 39.868834588814572 ], [ -82.994548543544767, 39.869718677427869 ], [ -82.995717092757133, 39.869840422012508 ], [ -82.995556181374255, 39.870724512306687 ], [ -82.99438761806546, 39.870602766177782 ], [ -82.994226688628501, 39.871486855064667 ], [ -82.993058115180716, 39.871365096526723 ], [ -82.991889545691038, 39.871243327124219 ], [ -82.992050503321096, 39.870359241326398 ], [ -82.990881951886209, 39.870237462603981 ], [ -82.991042919653935, 39.869353378487517 ], [ -82.991203883463186, 39.868469294507562 ], [ -82.992372406706409, 39.868591070140788 ], [ -82.992533352461976, 39.867706984752552 ], [ -82.993701865567743, 39.867828747977185 ], [ -82.993540933907653, 39.868712834909815 ] ] ] } },
{ "type": "Feature", "properties": { "id": "39_13", "growth_scenario": "high", "market_gravity_weight": 100 }, "geometry": { "type": "Polygon", "coordinates": [ [ [ -82.975328433458671, 39.864111108717509 ], [ -82.976496858975779, 39.864233031804694 ], [ -82.976335723823723, 39.865117095288277 ], [ -82.977504167395864, 39.865239009058527 ], [ -82.977343042374542, 39.866123074223069 ], [ -82.976174584709298, 39.866001158906748 ], [ -82.976013441632318, 39.866885222660351 ], [ -82.974844973836312, 39.866763294934429 ], [ -82.973676510003315, 39.866641356345141 ], [ -82.973837681266744, 39.865757295684261 ], [ -82.972669235490102, 39.865635347778209 ], [ -82.972830416882985, 39.864751288798864 ], [ -82.972991594312489, 39.863867229954117 ], [ -82.974160011904118, 39.863989174767276 ], [ -82.974321171278376, 39.863105114510724 ], [ -82.975489578740763, 39.863227046914709 ], [ -82.975328433458671, 39.864111108717509 ] ] ] } },
{ "type": "Feature", "properties": { "id": "39_2", "growth_scenario": "high", "market_gravity_weight": 100 }, "geometry": { "type": "Polygon", "coordinates": [ [ [ -82.990881951886209, 39.870237462603981 ], [ -82.992050503321096, 39.870359241326398 ], [ -82.991889545691038, 39.871243327124219 ], [ -82.993058115180716, 39.871365096526723 ], [ -82.992897167689023, 39.872249184006215 ], [ -82.994065755233763, 39.872370944088651 ], [ -82.993904817881088, 39.873255033249976 ], [ -82.992736216239081, 39.873133271622983 ], [ -82.99156761855545, 39.873011499131074 ], [ -82.99039902483058, 39.872889715774363 ], [ -82.989230435064783, 39.872767921552878 ], [ -82.989391428805718, 39.871883838570646 ], [ -82.989552418587394, 39.870999755725499 ], [ -82.989713404409954, 39.870115673017175 ], [ -82.989874386273542, 39.869231590445459 ], [ -82.991042919653935, 39.869353378487517 ], [ -82.990881951886209, 39.870237462603981 ] ] ] } },
{ "type": "Feature", "properties": { "id": "39_3", "growth_scenario": "high", "market_gravity_weight": 100 }, "geometry": { "type": "Polygon", "coordinates": [ [ [ -82.897673513187982, 39.878507203288017 ], [ -82.897511376764641, 39.87939117088743 ], [ -82.896342839249471, 39.879268512249077 ], [ -82.896180684746795, 39.880152478428357 ], [ -82.896018526256313, 39.881036444743714 ], [ -82.894849964544846, 39.880913772130071 ], [ -82.894687787973893, 39.88179773702538 ], [ -82.893519216158396, 39.881675051992289 ], [ -82.893681406821699, 39.880791088653538 ], [ -82.893843593496342, 39.879907125450984 ], [ -82.89400577618251, 39.879023162384428 ], [ -82.894167954880317, 39.878139199453685 ], [ -82.894330129589932, 39.877255236658392 ], [ -82.89549863094706, 39.877377913909413 ], [ -82.89666713629191, 39.877500580298083 ], [ -82.896504989764466, 39.878384546205766 ], [ -82.897673513187982, 39.878507203288017 ] ] ] } },
{ "type": "Feature", "properties": { "id": "39_4", "growth_scenario": "high", "market_gravity_weight": 100 }, "geometry": { "type": "Polygon", "coordinates": [ [ [ -82.979518868795125, 39.867250940657492 ], [ -82.979357764037232, 39.868135009184748 ], [ -82.980526261776177, 39.868256895002581 ], [ -82.980365167151007, 39.869140965211578 ], [ -82.979196655317509, 39.869019077847824 ], [ -82.978028147445997, 39.868897179620241 ], [ -82.97685964353677, 39.868775270528893 ], [ -82.975691143590197, 39.868653350573837 ], [ -82.97585229459267, 39.867769286549276 ], [ -82.974683812703034, 39.867647357276994 ], [ -82.974844973836312, 39.866763294934429 ], [ -82.976013441632318, 39.866885222660351 ], [ -82.976174584709298, 39.866001158906748 ], [ -82.977343042374542, 39.866123074223069 ], [ -82.978511504002, 39.866244978676107 ], [ -82.978350389112052, 39.867129045521949 ], [ -82.979518868795125, 39.867250940657492 ] ] ] } },
{ "type": "Feature", "properties": { "id": "39_5", "growth_scenario": "high", "market_gravity_weight": 100 }, "geometry": { "type": "Polygon", "coordinates": [ [ [ -82.898159898535425, 39.875855301303311 ], [ -82.897997774073247, 39.876739268496117 ], [ -82.897835645624156, 39.877623235824316 ], [ -82.899004158943441, 39.877745880488071 ], [ -82.898842040598723, 39.878629849507668 ], [ -82.897673513187982, 39.878507203288017 ], [ -82.896504989764466, 39.878384546205766 ], [ -82.89666713629191, 39.877500580298083 ], [ -82.89549863094706, 39.877377913909413 ], [ -82.894330129589932, 39.877255236658392 ], [ -82.894492300311498, 39.876371273998487 ], [ -82.894654467045157, 39.875487311473677 ], [ -82.894816629791052, 39.87460334908377 ], [ -82.895985088877154, 39.874726021666369 ], [ -82.897153551950538, 39.874848683386972 ], [ -82.896991417384797, 39.875732648888899 ], [ -82.898159898535425, 39.875855301303311 ] ] ] } },
{ "type": "Feature", "properties": { "id": "39_6", "growth_scenario": "high", "market_gravity_weight": 100 }, "geometry": { "type": "Polygon", "coordinates": [ [ [ -82.997732432717243, 39.871852065490039 ], [ -82.997571541614235, 39.872736159146818 ], [ -82.998740144988702, 39.872857875769583 ], [ -82.998579264026617, 39.873741971107997 ], [ -82.997410646554286, 39.873620252941116 ], [ -82.996242033039039, 39.873498523909127 ], [ -82.995073423481202, 39.873376784012066 ], [ -82.993904817881088, 39.873255033249976 ], [ -82.994065755233763, 39.872370944088651 ], [ -82.992897167689023, 39.872249184006215 ], [ -82.993058115180716, 39.871365096526723 ], [ -82.994226688628501, 39.871486855064667 ], [ -82.99438761806546, 39.870602766177782 ], [ -82.995556181374255, 39.870724512306687 ], [ -82.996724748640375, 39.870846247571002 ], [ -82.996563847397098, 39.871730339546367 ], [ -82.997732432717243, 39.871852065490039 ] ] ] } },
{ "type": "Feature", "properties": { "id": "39_7", "growth_scenario": "high", "market_gravity_weight": 100 }, "geometry": { "type": "Polygon", "coordinates": [ [ [ -82.971661989162413, 39.864629331576317 ], [ -82.972830416882985, 39.864751288798864 ], [ -82.972669235490102, 39.865635347778209 ], [ -82.973837681266744, 39.865757295684261 ], [ -82.973676510003315, 39.866641356345141 ], [ -82.974844973836312, 39.866763294934429 ], [ -82.974683812703034, 39.867647357276994 ], [ -82.97351533477655, 39.867525417141245 ], [ -82.972346860813559, 39.867403466142072 ], [ -82.971178390814401, 39.867281504279553 ], [ -82.97000992477939, 39.867159531553725 ], [ -82.97017114228575, 39.866275475397849 ], [ -82.97033235582775, 39.865391419376977 ], [ -82.970493565405562, 39.864507363490944 ], [ -82.970654771019298, 39.863623307739452 ], [ -82.971823180684098, 39.863745274278187 ], [ -82.971661989162413, 39.864629331576317 ] ] ] } },
{ "type": "Feature", "properties": { "id": "39_8", "growth_scenario": "high", "market_gravity_weight": 100 }, "geometry": { "type": "Polygon", "coordinates": [ [ [ -82.985361326628947, 39.867860253380655 ], [ -82.985200292343578, 39.868744329635838 ], [ -82.986368809886656, 39.868866161134392 ], [ -82.986207785736383, 39.869750239070974 ], [ -82.985039254098027, 39.869628406027211 ], [ -82.98387072641998, 39.869506562119305 ], [ -82.982702202702583, 39.869384707347372 ], [ -82.981533682946136, 39.869262841711446 ], [ -82.981694763476611, 39.868378769956671 ], [ -82.980526261776177, 39.868256895002581 ], [ -82.980687352439858, 39.867372824929504 ], [ -82.981855840045938, 39.86749469833785 ], [ -82.982016912654245, 39.86661062685468 ], [ -82.983185390127176, 39.866732487853845 ], [ -82.984353871560643, 39.866854337989402 ], [ -82.984192827140816, 39.867738412563462 ], [ -82.985361326628947, 39.867860253380655 ] ] ] } },
{ "type": "Feature", "properties": { "id": "39_9", "growth_scenario": "high", "market_gravity_weight": 100 }, "geometry": { "type": "Polygon", "coordinates": [ [ [ -82.982177981301675, 39.865726555507074 ], [ -82.982016912654245, 39.86661062685468 ], [ -82.981855840045938, 39.86749469833785 ], [ -82.980687352439858, 39.867372824929504 ], [ -82.980526261776177, 39.868256895002581 ], [ -82.979357764037232, 39.868135009184748 ], [ -82.979518868795125, 39.867250940657492 ], [ -82.978350389112052, 39.867129045521949 ], [ -82.978511504002, 39.866244978676107 ], [ -82.977343042374542, 39.866123074223069 ], [ -82.977504167395864, 39.865239009058527 ], [ -82.978672614930062, 39.86536091196561 ], [ -82.978833721896422, 39.864476845390101 ], [ -82.980002159299275, 39.864598735888201 ], [ -82.981170600663376, 39.864720615523076 ], [ -82.981009521883308, 39.865604685189943 ], [ -82.982177981301675, 39.865726555507074 ] ] ] } },
{ "type": "Feature", "properties": { "id": "40_0", "growth_scenario": "high", "market_gravity_weight": 100 }, "geometry": { "type": "Polygon", "coordinates": [ [ [ -97.009994240519646, 36.122234143546024 ], [ -97.010006155648128, 36.123127008400957 ], [ -97.011127241262031, 36.123117513475364 ], [ -97.012248326594502, 36.123108008016814 ], [ -97.012260268451811, 36.124000872102265 ], [ -97.0111391698955, 36.124010377667076 ], [ -97.011151098810402, 36.124903241301809 ], [ -97.011163028006777, 36.125796104379795 ], [ -97.010041902720346, 36.125805599623718 ], [ -97.010029986748464, 36.124912736439605 ], [ -97.010018071057729, 36.12401987269876 ], [ -97.008896971938825, 36.124029357197372 ], [ -97.007775872539113, 36.124038831162835 ], [ -97.00665477285888, 36.124048294595234 ], [ -97.005533672898451, 36.124057747494497 ], [ -97.005521810384394, 36.123164882773438 ], [ -97.006642897120912, 36.123155429979825 ], [ -97.007763983577249, 36.123145966653198 ], [ -97.008885069753092, 36.123136492793613 ], [ -97.008873167848165, 36.122243627832638 ], [ -97.008861266224045, 36.121350762314336 ], [ -97.009982325672269, 36.121341278133663 ], [ -97.009994240519646, 36.122234143546024 ] ] ] } },
{ "type": "Feature", "properties": { "id": "40_1", "growth_scenario": "high", "market_gravity_weight": 100 }, "geometry": { "type": "Polygon", "coordinates": [ [ [ -97.014514433306232, 36.124874692689055 ], [ -97.014526402175974, 36.125767555447986 ], [ -97.014538371328129, 36.126660417650363 ], [ -97.013417233662281, 36.126669944600735 ], [ -97.013429189871772, 36.127562806353211 ], [ -97.012308038698734, 36.127572322876532 ], [ -97.012296095714333, 36.126679461017702 ], [ -97.011174957484599, 36.126688966901177 ], [ -97.010053818973375, 36.126698462251248 ], [ -97.010041902720346, 36.125805599623718 ], [ -97.011163028006777, 36.125796104379795 ], [ -97.011151098810402, 36.124903241301809 ], [ -97.0111391698955, 36.124010377667076 ], [ -97.012260268451811, 36.124000872102265 ], [ -97.013381366726364, 36.123991356004353 ], [ -97.013393322089598, 36.124884219426519 ], [ -97.014514433306232, 36.124874692689055 ] ] ] } },
{ "type": "Feature", "properties": { "id": "40_2", "growth_scenario": "high", "market_gravity_weight": 100 }, "geometry": { "type": "Polygon", "coordinates": [ [ [ -97.020493201982262, 36.152505372055884 ], [ -97.019371682079097, 36.152514954780131 ], [ -97.018250161891999, 36.15252452696749 ], [ -97.017128641421252, 36.152534088617969 ], [ -97.016007120667183, 36.152543639731626 ], [ -97.015995130087234, 36.151650793689548 ], [ -97.017116637607501, 36.151641242682757 ], [ -97.018238144844474, 36.151631681139172 ], [ -97.019359651797799, 36.151622109058927 ], [ -97.020481158467192, 36.151612526441923 ], [ -97.021602664852324, 36.15160293328816 ], [ -97.022724170952898, 36.151593329597695 ], [ -97.023845676768602, 36.151583715370556 ], [ -97.023857759984907, 36.152476560662294 ], [ -97.023869843486423, 36.153369405403453 ], [ -97.022748311202932, 36.153379019845708 ], [ -97.02276038175529, 36.154271864144 ], [ -97.021638835952544, 36.154281468156753 ], [ -97.021626778634555, 36.153388623751027 ], [ -97.021614721601154, 36.152495778794865 ], [ -97.020493201982262, 36.152505372055884 ] ] ] } },
{ "type": "Feature", "properties": { "id": "40_3", "growth_scenario": "high", "market_gravity_weight": 100 }, "geometry": { "type": "Polygon", "coordinates": [ [ [ -97.014466560651044, 36.121303236083513 ], [ -97.015587618690617, 36.121293699239125 ], [ -97.015599599654067, 36.122186564119829 ], [ -97.015611580900185, 36.123079428443162 ], [ -97.014490496413885, 36.123088965500664 ], [ -97.014502464718873, 36.123981829373385 ], [ -97.013381366726364, 36.123991356004353 ], [ -97.013369411645215, 36.123098492025235 ], [ -97.013357456846137, 36.122205627488881 ], [ -97.012236385018937, 36.122215143374113 ], [ -97.012224443725117, 36.121322278174134 ], [ -97.012212502713012, 36.120429412416499 ], [ -97.012200561982638, 36.119536546101138 ], [ -97.013321594141104, 36.11952703053489 ], [ -97.014442626017583, 36.119517504436068 ], [ -97.014454593193136, 36.120410370538686 ], [ -97.014466560651044, 36.121303236083513 ] ] ] } },
{ "type": "Feature", "properties": { "id": "40_4", "growth_scenario": "high", "market_gravity_weight": 100 }, "geometry": { "type": "Polygon", "coordinates": [ [ [ -97.024991375484689, 36.153359780424211 ], [ -97.026112907197444, 36.153350144908082 ], [ -97.026125017452856, 36.154242988883368 ], [ -97.026137127994105, 36.155135832308446 ], [ -97.026149238821219, 36.156028675183521 ], [ -97.025027667404501, 36.156038311023032 ], [ -97.023906095702245, 36.156047936325301 ], [ -97.023894011345078, 36.155155093234704 ], [ -97.022772452592562, 36.155164707892105 ], [ -97.021650893555133, 36.155174312012264 ], [ -97.021638835952544, 36.154281468156753 ], [ -97.02276038175529, 36.154271864144 ], [ -97.022748311202932, 36.153379019845708 ], [ -97.023869843486423, 36.153369405403453 ], [ -97.023857759984907, 36.152476560662294 ], [ -97.024979278749143, 36.152466935790734 ], [ -97.024991375484689, 36.153359780424211 ] ] ] } },
{ "type": "Feature", "properties": { "id": "40_5", "growth_scenario": "high", "market_gravity_weight": 100 }, "geometry": { "type": "Polygon", "coordinates": [ [ [ -97.029574708316858, 36.160463908952678 ], [ -97.029586860569751, 36.161356748207702 ], [ -97.028465210595414, 36.161366416308091 ], [ -97.027343560334529, 36.161376073870535 ], [ -97.027331434555236, 36.160483234399265 ], [ -97.026209797244945, 36.160492881315712 ], [ -97.026221909787395, 36.161385720894934 ], [ -97.025100258954339, 36.161395357381394 ], [ -97.023978607835659, 36.161404983329774 ], [ -97.023966521766908, 36.160512143535009 ], [ -97.023954435983427, 36.159619303191462 ], [ -97.02507606062872, 36.159609677458484 ], [ -97.026197684988418, 36.159600041187694 ], [ -97.027319309062193, 36.15959039437918 ], [ -97.028440932849762, 36.159580737032869 ], [ -97.029562556350797, 36.159571069148797 ], [ -97.030684179565, 36.159561390726992 ], [ -97.030696344767534, 36.160454230422587 ], [ -97.029574708316858, 36.160463908952678 ] ] ] } },
{ "type": "Feature", "properties": { "id": "40_6", "growth_scenario": "high", "market_gravity_weight": 100 }, "geometry": { "type": "Polygon", "coordinates": [ [ [ -97.02729505893474, 36.157804712691757 ], [ -97.028416656250229, 36.157795055561522 ], [ -97.028428794406736, 36.158687896571791 ], [ -97.027307183855356, 36.158697553810043 ], [ -97.02618557301777, 36.158707200510634 ], [ -97.025063961894304, 36.158716836673641 ], [ -97.023942350485243, 36.158726462298915 ], [ -97.023930265272313, 36.157833620857176 ], [ -97.023918180344651, 36.156940778865994 ], [ -97.023906095702245, 36.156047936325301 ], [ -97.025027667404501, 36.156038311023032 ], [ -97.026149238821219, 36.156028675183521 ], [ -97.027270809952057, 36.156019028806668 ], [ -97.027282934300302, 36.156911871023986 ], [ -97.02729505893474, 36.157804712691757 ] ] ] } },
{ "type": "Feature", "properties": { "id": "41_0", "growth_scenario": "high", "market_gravity_weight": 100 }, "geometry": { "type": "Polygon", "coordinates": [ [ [ -120.87738498820022, 44.290208850698683 ], [ -120.877710215481599, 44.291075530942415 ], [ -120.878035451071483, 44.291942211934469 ], [ -120.87682155401167, 44.292174417405569 ], [ -120.877146783517688, 44.29304110252577 ], [ -120.875932863756347, 44.293273300416601 ], [ -120.875607648643367, 44.292406611916874 ], [ -120.874393734966887, 44.292638795468292 ], [ -120.874068542555094, 44.291772104338243 ], [ -120.872854634964057, 44.292004273550518 ], [ -120.872529465252853, 44.291137579790302 ], [ -120.873743358450881, 44.290905413956914 ], [ -120.873418182653907, 44.290038724324155 ], [ -120.874632053152297, 44.289806550909979 ], [ -120.875845915343433, 44.289574366536186 ], [ -120.876171119924862, 44.290441049411029 ], [ -120.87738498820022, 44.290208850698683 ] ] ] } },
{ "type": "Feature", "properties": { "id": "41_1", "growth_scenario": "high", "market_gravity_weight": 100 }, "geometry": { "type": "Polygon", "coordinates": [ [ [ -120.869776521318343, 44.290735178808383 ], [ -120.870990416736646, 44.290503038273492 ], [ -120.872204303848591, 44.290270886778757 ], [ -120.873418182653907, 44.290038724324155 ], [ -120.873743358450881, 44.290905413956914 ], [ -120.872529465252853, 44.291137579790302 ], [ -120.872854634964057, 44.292004273550518 ], [ -120.874068542555094, 44.291772104338243 ], [ -120.874393734966887, 44.292638795468292 ], [ -120.873179812982514, 44.292870968059745 ], [ -120.871965882690589, 44.293103129690955 ], [ -120.871640719065766, 44.292236431802792 ], [ -120.870426794860535, 44.292468579094958 ], [ -120.870101653936274, 44.291601878577161 ], [ -120.868887735818362, 44.291834011530412 ], [ -120.867673809394418, 44.292066133523377 ], [ -120.867348705564083, 44.291199426997885 ], [ -120.86856261759408, 44.290967308383209 ], [ -120.868237507675474, 44.290100605984883 ], [ -120.869451397006429, 44.28986847978836 ], [ -120.869776521318343, 44.290735178808383 ] ] ] } },
{ "type": "Feature", "properties": { "id": "41_10", "growth_scenario": "high", "market_gravity_weight": 100 }, "geometry": { "type": "Polygon", "coordinates": [ [ [ -122.91572069861877, 45.567084048858909 ], [ -122.916078611044526, 45.567948105510979 ], [ -122.914848873493085, 45.568199586147102 ], [ -122.915206780616657, 45.569063647605105 ], [ -122.915564697003191, 45.569927710051935 ], [ -122.915922622653042, 45.570791773487713 ], [ -122.916280557566566, 45.571655837912829 ], [ -122.915050752488781, 45.571907322802886 ], [ -122.914692832141668, 45.571043254559747 ], [ -122.91346303236692, 45.571294724614191 ], [ -122.913105135849577, 45.570430653542765 ], [ -122.91274724859494, 45.569566583460769 ], [ -122.912389370602654, 45.568702514367942 ], [ -122.913619126679023, 45.568451055766154 ], [ -122.913261243383232, 45.567586991479324 ], [ -122.914490975632134, 45.567335525677592 ], [ -122.914133087033406, 45.566471466196433 ], [ -122.91536279545555, 45.56621999319497 ], [ -122.91572069861877, 45.567084048858909 ] ] ] } },
{ "type": "Feature", "properties": { "id": "41_11", "growth_scenario": "high", "market_gravity_weight": 100 }, "geometry": { "type": "Polygon", "coordinates": [ [ [ -120.867587312754139, 44.288367203434085 ], [ -120.866373443904138, 44.288599311914709 ], [ -120.866698522819235, 44.289466016193778 ], [ -120.867023610039112, 44.290332721221375 ], [ -120.868237507675474, 44.290100605984883 ], [ -120.86856261759408, 44.290967308383209 ], [ -120.867348705564083, 44.291199426997885 ], [ -120.866134785228724, 44.29143153465229 ], [ -120.865809704097686, 44.290564825497739 ], [ -120.865484631271443, 44.289698117092172 ], [ -120.865159566749654, 44.288831409435403 ], [ -120.863945681291057, 44.289063495996118 ], [ -120.863620639466731, 44.288196785710383 ], [ -120.863295605945936, 44.287330076173149 ], [ -120.864509462618201, 44.287097996367244 ], [ -120.865723310986951, 44.286865905601523 ], [ -120.866937151051857, 44.286633803876136 ], [ -120.867262227750771, 44.287500503281102 ], [ -120.867587312754139, 44.288367203434085 ] ] ] } },
{ "type": "Feature", "properties": { "id": "41_12", "growth_scenario": "high", "market_gravity_weight": 100 }, "geometry": { "type": "Polygon", "coordinates": [ [ [ -122.922787460994883, 45.571262294523571 ], [ -122.923145487266524, 45.572126341834334 ], [ -122.921915699381657, 45.572377889448589 ], [ -122.920685902230872, 45.572629426045594 ], [ -122.920327905090105, 45.571765371097108 ], [ -122.919098113239642, 45.572016892858038 ], [ -122.91786831212417, 45.572268403601484 ], [ -122.917510353380322, 45.571404342005209 ], [ -122.916280557566566, 45.571655837912829 ], [ -122.915922622653042, 45.570791773487713 ], [ -122.917152403900772, 45.570540281398245 ], [ -122.918382175884517, 45.570288778291449 ], [ -122.918740139929767, 45.57115283508012 ], [ -122.919969917214587, 45.570901317137789 ], [ -122.919611938604007, 45.570037264167489 ], [ -122.920841692058914, 45.569785739026457 ], [ -122.922071436248928, 45.569534202868546 ], [ -122.922429443989117, 45.570398248201776 ], [ -122.922787460994883, 45.571262294523571 ] ] ] } },
{ "type": "Feature", "properties": { "id": "41_13", "growth_scenario": "high", "market_gravity_weight": 100 }, "geometry": { "type": "Polygon", "coordinates": [ [ [ -122.94410784415274, 45.551902265537507 ], [ -122.945337171405427, 45.551650529509132 ], [ -122.945695384256098, 45.552514473225074 ], [ -122.946924716793376, 45.552262722365889 ], [ -122.948154040062633, 45.55201096049484 ], [ -122.948512291285198, 45.552874897553629 ], [ -122.94728295346404, 45.553126663243852 ], [ -122.947641199403066, 45.553990605102854 ], [ -122.946411837760976, 45.554242363600373 ], [ -122.946053606374505, 45.55337841792209 ], [ -122.944824250016921, 45.553630161588202 ], [ -122.944466042451126, 45.552766213072289 ], [ -122.943236691378758, 45.553017941907335 ], [ -122.942007331039292, 45.553269659730091 ], [ -122.940777961433014, 45.55352136654043 ], [ -122.940419806793642, 45.552657407550036 ], [ -122.940061661420415, 45.551793449541222 ], [ -122.941291001920263, 45.551541750367555 ], [ -122.94252033315405, 45.551290040181719 ], [ -122.942878507633026, 45.55215399055389 ], [ -122.94410784415274, 45.551902265537507 ] ] ] } },
{ "type": "Feature", "properties": { "id": "41_14", "growth_scenario": "high", "market_gravity_weight": 100 }, "geometry": { "type": "Polygon", "coordinates": [ [ [ -122.94523127082131, 45.561045300478561 ], [ -122.945589532697667, 45.561909265477432 ], [ -122.946819038584053, 45.561657509459415 ], [ -122.947177324287054, 45.562521471621864 ], [ -122.945947803844291, 45.562773231460454 ], [ -122.946306084261579, 45.563637198427706 ], [ -122.945076539991149, 45.563888951073139 ], [ -122.94543481512207, 45.564752922845742 ], [ -122.944205247023248, 45.565004668297853 ], [ -122.943846986450026, 45.56414069270464 ], [ -122.943488735147156, 45.563276718096297 ], [ -122.942259186893423, 45.563528444893329 ], [ -122.941900959418007, 45.562664467449537 ], [ -122.943130493114339, 45.562412744472667 ], [ -122.942772260351177, 45.561548771833444 ], [ -122.944001770221064, 45.56129704166279 ], [ -122.943643532170753, 45.560433073827653 ], [ -122.944873018214878, 45.560181336463415 ], [ -122.94523127082131, 45.561045300478561 ] ] ] } },
{ "type": "Feature", "properties": { "id": "41_15", "growth_scenario": "high", "market_gravity_weight": 100 }, "geometry": { "type": "Polygon", "coordinates": [ [ [ -122.928064546140433, 45.571120041207578 ], [ -122.928422639937068, 45.571984074229697 ], [ -122.928780743001539, 45.572848108240407 ], [ -122.927550963054856, 45.57309970756166 ], [ -122.927909060822728, 45.573963746381253 ], [ -122.926679257043048, 45.574215338505446 ], [ -122.926321173840307, 45.573351295865976 ], [ -122.925091375358235, 45.573602873153263 ], [ -122.924733315988234, 45.572738827683494 ], [ -122.92350352280441, 45.572990390134166 ], [ -122.923145487266524, 45.572126341834334 ], [ -122.924375265885146, 45.571874783202908 ], [ -122.924017225048587, 45.571010739711291 ], [ -122.925246979836089, 45.570759173882195 ], [ -122.926476725357091, 45.570507597036304 ], [ -122.926834795322392, 45.571371632889417 ], [ -122.928064546140433, 45.571120041207578 ] ] ] } },
{ "type": "Feature", "properties": { "id": "41_16", "growth_scenario": "high", "market_gravity_weight": 100 }, "geometry": { "type": "Polygon", "coordinates": [ [ [ -122.948203133726395, 45.55856210671999 ], [ -122.948561420728552, 45.559426058291265 ], [ -122.948919717001203, 45.560290010845613 ], [ -122.947690244211699, 45.56054178506978 ], [ -122.948048535199831, 45.561405742427922 ], [ -122.946819038584053, 45.561657509459415 ], [ -122.945589532697667, 45.561909265477432 ], [ -122.94523127082131, 45.561045300478561 ], [ -122.944873018214878, 45.560181336463415 ], [ -122.943643532170753, 45.560433073827653 ], [ -122.943285303389729, 45.559569106976248 ], [ -122.944514774878058, 45.559317373431888 ], [ -122.945744237097145, 45.559065628874322 ], [ -122.946973690046676, 45.558813873303599 ], [ -122.946615426869144, 45.557949918895105 ], [ -122.94784485599439, 45.557698156131501 ], [ -122.948203133726395, 45.55856210671999 ] ] ] } },
{ "type": "Feature", "properties": { "id": "41_17", "growth_scenario": "high", "market_gravity_weight": 100 }, "geometry": { "type": "Polygon", "coordinates": [ [ [ -122.932111880475517, 45.571229221625941 ], [ -122.933341608784573, 45.570977582058696 ], [ -122.933699770103416, 45.571841600789135 ], [ -122.934057940691659, 45.572705620507726 ], [ -122.932828183256149, 45.57295726771563 ], [ -122.933186348550464, 45.57382129224326 ], [ -122.93195656728146, 45.574072932255199 ], [ -122.930726776742958, 45.574324561250485 ], [ -122.930368640577086, 45.573460529081927 ], [ -122.930010513680045, 45.572596497902403 ], [ -122.928780743001539, 45.572848108240407 ], [ -122.928422639937068, 45.571984074229697 ], [ -122.929652396051452, 45.57173246771157 ], [ -122.930882142897701, 45.571480850176961 ], [ -122.930524019973774, 45.570616824794442 ], [ -122.931753742988491, 45.570365200063421 ], [ -122.932111880475517, 45.571229221625941 ] ] ] } },
{ "type": "Feature", "properties": { "id": "41_18", "growth_scenario": "high", "market_gravity_weight": 100 }, "geometry": { "type": "Polygon", "coordinates": [ [ [ -122.939490111288052, 45.569719218984041 ], [ -122.939848345416991, 45.570583218611404 ], [ -122.938618648894931, 45.570834917078521 ], [ -122.938976877733182, 45.571698921514241 ], [ -122.93774715737851, 45.571950612786623 ], [ -122.938105380925464, 45.572814622031053 ], [ -122.936875636737483, 45.573066306108494 ], [ -122.936517427753159, 45.572202293042999 ], [ -122.935287688857429, 45.57245396228344 ], [ -122.934929503706158, 45.571589946385423 ], [ -122.9345713278246, 45.570725931475408 ], [ -122.935801037595269, 45.570474269876165 ], [ -122.935442856420991, 45.569610259774201 ], [ -122.936672542360284, 45.569358590979533 ], [ -122.937902219029922, 45.569106911169285 ], [ -122.9382604293273, 45.569970913630307 ], [ -122.939490111288052, 45.569719218984041 ] ] ] } },
{ "type": "Feature", "properties": { "id": "41_19", "growth_scenario": "high", "market_gravity_weight": 100 }, "geometry": { "type": "Polygon", "coordinates": [ [ [ -122.941087727898605, 45.547834248499484 ], [ -122.942316991659652, 45.547582542573743 ], [ -122.943546246155378, 45.547330825636521 ], [ -122.943904412672779, 45.548194764450891 ], [ -122.944262588456127, 45.549058704245127 ], [ -122.944620773505775, 45.549922645019365 ], [ -122.943391475356776, 45.550174373410783 ], [ -122.942162167941461, 45.550426090790417 ], [ -122.940932851260072, 45.550677797158038 ], [ -122.940574709865629, 45.54981384492946 ], [ -122.940216577736564, 45.548949893681375 ], [ -122.939858454872535, 45.548085943413689 ], [ -122.939500341273231, 45.547221994126097 ], [ -122.94072959974811, 45.546970303029362 ], [ -122.941087727898605, 45.547834248499484 ] ] ] } },
{ "type": "Feature", "properties": { "id": "41_2", "growth_scenario": "high", "market_gravity_weight": 100 }, "geometry": { "type": "Polygon", "coordinates": [ [ [ -120.886532497826209, 44.290316466773824 ], [ -120.886857842465147, 44.291183124853731 ], [ -120.885643989182952, 44.291415410420186 ], [ -120.885318658934565, 44.290548748959779 ], [ -120.884104811732271, 44.290781020186884 ], [ -120.882890956219583, 44.291013280454877 ], [ -120.881677092396842, 44.291245529763842 ], [ -120.880463220264389, 44.291477768113488 ], [ -120.880137955890646, 44.29061109388072 ], [ -120.881351813631653, 44.290378858910906 ], [ -120.881026543175892, 44.289512188805809 ], [ -120.882240378216622, 44.289279946256563 ], [ -120.883454204947924, 44.289047692748461 ], [ -120.884668023369485, 44.288815428281609 ], [ -120.885881833481037, 44.288583152856027 ], [ -120.886207161498291, 44.289449809441344 ], [ -120.886532497826209, 44.290316466773824 ] ] ] } },
{ "type": "Feature", "properties": { "id": "41_20", "growth_scenario": "high", "market_gravity_weight": 100 }, "geometry": { "type": "Polygon", "coordinates": [ [ [ -122.946151393197326, 45.566480869346059 ], [ -122.946509696142371, 45.56734484407432 ], [ -122.945280084368662, 45.567596600989376 ], [ -122.945638382026871, 45.568460580524722 ], [ -122.944408746422098, 45.568712330246498 ], [ -122.944767038792875, 45.569576314589384 ], [ -122.943537379356357, 45.569828057117633 ], [ -122.943179101545553, 45.568964068953477 ], [ -122.941949447397462, 45.569215796645466 ], [ -122.94159119341812, 45.568351805646792 ], [ -122.941232948709612, 45.567487815634564 ], [ -122.942462573738069, 45.567236095584384 ], [ -122.942104323740708, 45.566372110378978 ], [ -122.943333924939324, 45.566120383134837 ], [ -122.944563516867191, 45.565868644876211 ], [ -122.944921795982239, 45.566732622440036 ], [ -122.946151393197326, 45.566480869346059 ] ] ] } },
{ "type": "Feature", "properties": { "id": "41_21", "growth_scenario": "high", "market_gravity_weight": 100 }, "geometry": { "type": "Polygon", "coordinates": [ [ [ -120.875672046953895, 44.282176582875721 ], [ -120.87599721386178, 44.28304325301734 ], [ -120.874783469017586, 44.283275435659249 ], [ -120.875108629842217, 44.284142109925128 ], [ -120.873894862302734, 44.284374284986647 ], [ -120.872681086457575, 44.284606449089488 ], [ -120.87235595441247, 44.283739768067683 ], [ -120.871142184652115, 44.283971917833874 ], [ -120.869928406587007, 44.284204056641251 ], [ -120.869603311627074, 44.283337369610692 ], [ -120.870817075301986, 44.283105234180852 ], [ -120.870491974256311, 44.282238551274247 ], [ -120.871705715237141, 44.282006408263243 ], [ -120.872919447913517, 44.281774254293737 ], [ -120.874133172285141, 44.281542089365892 ], [ -120.874458316498689, 44.282408762139667 ], [ -120.875672046953895, 44.282176582875721 ] ] ] } },
{ "type": "Feature", "properties": { "id": "41_22", "growth_scenario": "high", "market_gravity_weight": 100 }, "geometry": { "type": "Polygon", "coordinates": [ [ [ -120.87809948294688, 44.281712191473368 ], [ -120.879313188484062, 44.281479979335174 ], [ -120.87963839855702, 44.282346639342009 ], [ -120.880852110175283, 44.282114412867458 ], [ -120.881177342943218, 44.282981070241213 ], [ -120.882391060641964, 44.282748829430091 ], [ -120.882716316105515, 44.283615484170546 ], [ -120.881502584018719, 44.283847728360648 ], [ -120.880288843624044, 44.284079961592624 ], [ -120.879075094921816, 44.28431218386639 ], [ -120.877861337912336, 44.284544395181861 ], [ -120.877536140002817, 44.283677726926385 ], [ -120.877210950399942, 44.282811059417043 ], [ -120.876885769103396, 44.281944392653543 ], [ -120.876560596112839, 44.281077726635694 ], [ -120.877774295568301, 44.280845528833602 ], [ -120.87809948294688, 44.281712191473368 ] ] ] } },
{ "type": "Feature", "properties": { "id": "41_23", "growth_scenario": "high", "market_gravity_weight": 100 }, "geometry": { "type": "Polygon", "coordinates": [ [ [ -122.930726776742958, 45.574324561250485 ], [ -122.93195656728146, 45.574072932255199 ], [ -122.933186348550464, 45.57382129224326 ], [ -122.934416120549656, 45.573569641214718 ], [ -122.934774309677749, 45.574433662910423 ], [ -122.935132508076279, 45.575297685595054 ], [ -122.9339027069488, 45.575549344265262 ], [ -122.932672896550798, 45.575800991918811 ], [ -122.932314727281209, 45.574936961592407 ], [ -122.931084922178044, 45.575188594408125 ], [ -122.929855107805338, 45.575440216206971 ], [ -122.929496976935312, 45.574576179228814 ], [ -122.928267167858792, 45.574827786190149 ], [ -122.927909060822728, 45.573963746381253 ], [ -122.927550963054856, 45.57309970756166 ], [ -122.928780743001539, 45.572848108240407 ], [ -122.930010513680045, 45.572596497902403 ], [ -122.930368640577086, 45.573460529081927 ], [ -122.930726776742958, 45.574324561250485 ] ] ] } },
{ "type": "Feature", "properties": { "id": "41_24", "growth_scenario": "high", "market_gravity_weight": 100 }, "geometry": { "type": "Polygon", "coordinates": [ [ [ -122.935287688857429, 45.57245396228344 ], [ -122.936517427753159, 45.572202293042999 ], [ -122.936875636737483, 45.573066306108494 ], [ -122.938105380925464, 45.572814622031053 ], [ -122.938463613743437, 45.573678632263658 ], [ -122.937233854992499, 45.573930320162262 ], [ -122.937592082518577, 45.57479433520453 ], [ -122.936362299932995, 45.575046015908086 ], [ -122.936720522166596, 45.575910035760565 ], [ -122.93549071574563, 45.576161709268781 ], [ -122.935132508076279, 45.575297685595054 ], [ -122.934774309677749, 45.574433662910423 ], [ -122.934416120549656, 45.573569641214718 ], [ -122.933186348550464, 45.57382129224326 ], [ -122.932828183256149, 45.57295726771563 ], [ -122.934057940691659, 45.572705620507726 ], [ -122.933699770103416, 45.571841600789135 ], [ -122.934929503706158, 45.571589946385423 ], [ -122.935287688857429, 45.57245396228344 ] ] ] } },
{ "type": "Feature", "properties": { "id": "41_25", "growth_scenario": "high", "market_gravity_weight": 100 }, "geometry": { "type": "Polygon", "coordinates": [ [ [ -122.949123463791082, 45.563997620405495 ], [ -122.949481791864912, 45.564861581699923 ], [ -122.94984012921104, 45.565725543978985 ], [ -122.948610559812067, 45.565977330115402 ], [ -122.948252237023169, 45.565113364014955 ], [ -122.947022672909441, 45.565365135316199 ], [ -122.945793099523996, 45.56561689560327 ], [ -122.944563516867191, 45.565868644876211 ], [ -122.944205247023248, 45.565004668297853 ], [ -122.94543481512207, 45.564752922845742 ], [ -122.945076539991149, 45.563888951073139 ], [ -122.946306084261579, 45.563637198427706 ], [ -122.945947803844291, 45.562773231460454 ], [ -122.947177324287054, 45.562521471621864 ], [ -122.948406835458883, 45.562269700769768 ], [ -122.948765144989181, 45.563133660095559 ], [ -122.949123463791082, 45.563997620405495 ] ] ] } },
{ "type": "Feature", "properties": { "id": "41_26", "growth_scenario": "high", "market_gravity_weight": 100 }, "geometry": { "type": "Polygon", "coordinates": [ [ [ -122.94835771908761, 45.555718491765319 ], [ -122.949587100566347, 45.555466714616486 ], [ -122.949945388865729, 45.556330655600469 ], [ -122.951174775627535, 45.556078863619398 ], [ -122.951533087750065, 45.556942801765096 ], [ -122.950303686435163, 45.557194597566344 ], [ -122.95066199327502, 45.558058540514452 ], [ -122.949432568135947, 45.5583103291236 ], [ -122.949790869692492, 45.559174276874465 ], [ -122.948561420728552, 45.559426058291265 ], [ -122.948203133726395, 45.55856210671999 ], [ -122.94784485599439, 45.557698156131501 ], [ -122.946615426869144, 45.557949918895105 ], [ -122.946257172961097, 45.557085965469305 ], [ -122.947486587532211, 45.556834206525558 ], [ -122.947128328339446, 45.555970257901869 ], [ -122.946770078415852, 45.555106310260228 ], [ -122.947999454610809, 45.554854547943272 ], [ -122.94835771908761, 45.555718491765319 ] ] ] } },
{ "type": "Feature", "properties": { "id": "41_27", "growth_scenario": "high", "market_gravity_weight": 100 }, "geometry": { "type": "Polygon", "coordinates": [ [ [ -122.921043908637287, 45.573493481983633 ], [ -122.921401924309677, 45.574357538911379 ], [ -122.920172088760438, 45.574609072129029 ], [ -122.920530099132293, 45.575473133865955 ], [ -122.919300239749774, 45.57572465988499 ], [ -122.918942243945168, 45.574860594328882 ], [ -122.917712389864178, 45.57511210551089 ], [ -122.916482526517768, 45.575363605674795 ], [ -122.915252653906279, 45.575615094820591 ], [ -122.914894711070218, 45.574751018798565 ], [ -122.914536777498611, 45.573886943767164 ], [ -122.91576662097448, 45.573635462258473 ], [ -122.916996455185938, 45.573383969731829 ], [ -122.918226280132686, 45.573132466187396 ], [ -122.918584257406252, 45.573996529763114 ], [ -122.919814087654601, 45.573745011382229 ], [ -122.919456095814468, 45.572880951625258 ], [ -122.920685902230872, 45.572629426045594 ], [ -122.921043908637287, 45.573493481983633 ] ] ] } },
{ "type": "Feature", "properties": { "id": "41_28", "growth_scenario": "high", "market_gravity_weight": 100 }, "geometry": { "type": "Polygon", "coordinates": [ [ [ -122.951020309385626, 45.558922484444956 ], [ -122.952249739807655, 45.558670681002752 ], [ -122.952608079743413, 45.559534622095235 ], [ -122.95137863476738, 45.559786429358148 ], [ -122.951736969420608, 45.560650375254191 ], [ -122.952095313345623, 45.561514322133483 ], [ -122.950865829988487, 45.561766126025439 ], [ -122.950507500618428, 45.560902175325218 ], [ -122.949278022544718, 45.561153964383145 ], [ -122.949636337359479, 45.562017918904203 ], [ -122.948406835458883, 45.562269700769768 ], [ -122.947177324287054, 45.562521471621864 ], [ -122.946819038584053, 45.561657509459415 ], [ -122.948048535199831, 45.561405742427922 ], [ -122.947690244211699, 45.56054178506978 ], [ -122.948919717001203, 45.560290010845613 ], [ -122.948561420728552, 45.559426058291265 ], [ -122.949790869692492, 45.559174276874465 ], [ -122.949432568135947, 45.5583103291236 ], [ -122.95066199327502, 45.558058540514452 ], [ -122.951020309385626, 45.558922484444956 ] ] ] } },
{ "type": "Feature", "properties": { "id": "41_29", "growth_scenario": "high", "market_gravity_weight": 100 }, "geometry": { "type": "Polygon", "coordinates": [ [ [ -122.947739298644009, 45.567093076144772 ], [ -122.948968891873264, 45.566841297200938 ], [ -122.950198475829836, 45.566589507242995 ], [ -122.950556831721613, 45.5674534714922 ], [ -122.9493272332072, 45.567705265271869 ], [ -122.94968558381413, 45.568569234328358 ], [ -122.948455961468127, 45.568821020915493 ], [ -122.948814306789643, 45.569684994779799 ], [ -122.947584660611383, 45.56993677417428 ], [ -122.946355005159973, 45.570188542553986 ], [ -122.94599668895718, 45.56932456104618 ], [ -122.945638382026871, 45.568460580524722 ], [ -122.945280084368662, 45.567596600989376 ], [ -122.946509696142371, 45.56734484407432 ], [ -122.946151393197326, 45.566480869346059 ], [ -122.947380981140697, 45.566229105237824 ], [ -122.947739298644009, 45.567093076144772 ] ] ] } },
{ "type": "Feature", "properties": { "id": "41_3", "growth_scenario": "high", "market_gravity_weight": 100 }, "geometry": { "type": "Polygon", "coordinates": [ [ [ -122.939955018423902, 45.561188219838719 ], [ -122.940313212803773, 45.562052199133312 ], [ -122.939083675126824, 45.562303896262279 ], [ -122.939441864217585, 45.563167880361149 ], [ -122.938212302714092, 45.56341957029553 ], [ -122.938570486515104, 45.564283559199161 ], [ -122.937340901184342, 45.564535241938884 ], [ -122.936982731942123, 45.563671249215574 ], [ -122.935753151902077, 45.563922917120969 ], [ -122.935395006486871, 45.563058921563595 ], [ -122.935036870339147, 45.562194926991438 ], [ -122.936266421261806, 45.561943266724647 ], [ -122.935908279822954, 45.561079276956526 ], [ -122.937137806920276, 45.560827609494545 ], [ -122.938367324750175, 45.560575931018427 ], [ -122.938725495304482, 45.561439913148149 ], [ -122.939955018423902, 45.561188219838719 ] ] ] } },
{ "type": "Feature", "properties": { "id": "41_30", "growth_scenario": "high", "market_gravity_weight": 100 }, "geometry": { "type": "Polygon", "coordinates": [ [ [ -122.94599668895718, 45.56932456104618 ], [ -122.946355005159973, 45.570188542553986 ], [ -122.947584660611383, 45.56993677417428 ], [ -122.948814306789643, 45.569684994779799 ], [ -122.950043943694467, 45.569433204370661 ], [ -122.950402312848567, 45.570297175399155 ], [ -122.94917266138458, 45.570548969630401 ], [ -122.949531025253307, 45.571412945467486 ], [ -122.949889398396181, 45.572276922291337 ], [ -122.948659708538528, 45.572528713152423 ], [ -122.948301349955784, 45.571664732506157 ], [ -122.947071665384385, 45.571916508529867 ], [ -122.946713330635589, 45.571052525048472 ], [ -122.945483651351196, 45.571304286235055 ], [ -122.94512534043578, 45.570440299918801 ], [ -122.943895666439076, 45.570692046268576 ], [ -122.943537379356357, 45.569828057117633 ], [ -122.944767038792875, 45.569576314589384 ], [ -122.944408746422098, 45.568712330246498 ], [ -122.945638382026871, 45.568460580524722 ], [ -122.94599668895718, 45.56932456104618 ] ] ] } },
{ "type": "Feature", "properties": { "id": "41_31", "growth_scenario": "high", "market_gravity_weight": 100 }, "geometry": { "type": "Polygon", "coordinates": [ [ [ -122.945483651351196, 45.571304286235055 ], [ -122.945841971539494, 45.572168273538381 ], [ -122.944612268421395, 45.572420027531628 ], [ -122.944970583321734, 45.573284019644284 ], [ -122.943740856369217, 45.57353576644401 ], [ -122.944099165981029, 45.574399763366465 ], [ -122.942869415193414, 45.574651502972472 ], [ -122.942511120143763, 45.573787502228008 ], [ -122.941281374645669, 45.574039226996241 ], [ -122.940923103430876, 45.573175223418247 ], [ -122.940564841488055, 45.572311220828311 ], [ -122.941794557862067, 45.572059503703237 ], [ -122.941436290629312, 45.571195505922333 ], [ -122.94266598317013, 45.57094378160312 ], [ -122.943895666439076, 45.570692046268576 ], [ -122.944253962793965, 45.571556036406513 ], [ -122.945483651351196, 45.571304286235055 ] ] ] } },
{ "type": "Feature", "properties": { "id": "41_32", "growth_scenario": "high", "market_gravity_weight": 100 }, "geometry": { "type": "Polygon", "coordinates": [ [ [ -120.868628076570971, 44.280737312997424 ], [ -120.869841797077072, 44.280505187699362 ], [ -120.870166881514777, 44.281371869113855 ], [ -120.871380608106335, 44.281139729480181 ], [ -120.871705715237141, 44.282006408263243 ], [ -120.870491974256311, 44.282238551274247 ], [ -120.870817075301986, 44.283105234180852 ], [ -120.869603311627074, 44.283337369610692 ], [ -120.869928406587007, 44.284204056641251 ], [ -120.868714620217446, 44.28443618448965 ], [ -120.868389539648049, 44.28356949408164 ], [ -120.868064467382496, 44.282702804420381 ], [ -120.867739403420472, 44.281836115505598 ], [ -120.866525651918337, 44.28206822226349 ], [ -120.866200610649429, 44.281201530718121 ], [ -120.867414347761667, 44.280969427337041 ], [ -120.867089300405738, 44.280102739914533 ], [ -120.868303014825784, 44.279870628951699 ], [ -120.868628076570971, 44.280737312997424 ] ] ] } },
{ "type": "Feature", "properties": { "id": "41_33", "growth_scenario": "high", "market_gravity_weight": 100 }, "geometry": { "type": "Polygon", "coordinates": [ [ [ -122.905524868762072, 45.568231468726147 ], [ -122.905882655399495, 45.569095554924814 ], [ -122.90465285832336, 45.569346943603605 ], [ -122.905010639653256, 45.57021103460832 ], [ -122.903780818749382, 45.570462416085348 ], [ -122.903423051987403, 45.56959832126433 ], [ -122.902193236391994, 45.569849687906718 ], [ -122.900963411537347, 45.570101043530755 ], [ -122.900605683171221, 45.569236942067498 ], [ -122.901835493457511, 45.56898559025943 ], [ -122.901477759781869, 45.568121493602035 ], [ -122.902707546241615, 45.567870134591601 ], [ -122.90234980725711, 45.567006042739429 ], [ -122.903579569891036, 45.566754676526834 ], [ -122.904809323266207, 45.566503299296436 ], [ -122.905167091384442, 45.567367383516753 ], [ -122.905524868762072, 45.568231468726147 ] ] ] } },
{ "type": "Feature", "properties": { "id": "41_34", "growth_scenario": "high", "market_gravity_weight": 100 }, "geometry": { "type": "Polygon", "coordinates": [ [ [ -122.954041532207725, 45.562990396294758 ], [ -122.954399918505871, 45.56385434230333 ], [ -122.953170400755127, 45.564106168672595 ], [ -122.953528781770942, 45.564970119486944 ], [ -122.952299240190797, 45.565221938664614 ], [ -122.952657615923655, 45.566085894285202 ], [ -122.9514280505134, 45.566337706271028 ], [ -122.951069689337402, 45.565473746828665 ], [ -122.950711337434356, 45.564609788371044 ], [ -122.950352994803922, 45.563745830897929 ], [ -122.949994661445743, 45.562881874409094 ], [ -122.951224168630404, 45.562630077709251 ], [ -122.952453666542837, 45.562378269996124 ], [ -122.953683155182773, 45.562126451269897 ], [ -122.954912634549856, 45.561874621530748 ], [ -122.955271026129722, 45.562738562734026 ], [ -122.954041532207725, 45.562990396294758 ] ] ] } },
{ "type": "Feature", "properties": { "id": "41_35", "growth_scenario": "high", "market_gravity_weight": 100 }, "geometry": { "type": "Polygon", "coordinates": [ [ [ -120.863534368696662, 44.284497882374723 ], [ -120.863859391700842, 44.285364586291216 ], [ -120.864184423007913, 44.286231290955335 ], [ -120.865398256984278, 44.285999203566881 ], [ -120.865723310986951, 44.286865905601523 ], [ -120.864509462618201, 44.287097996367244 ], [ -120.863295605945936, 44.287330076173149 ], [ -120.863620639466731, 44.288196785710383 ], [ -120.862406760097926, 44.288428857933553 ], [ -120.862081740970439, 44.287562145019123 ], [ -120.860867867692036, 44.287794202904983 ], [ -120.86054287126079, 44.286927487361979 ], [ -120.861756730145856, 44.286695432852994 ], [ -120.861431727623867, 44.285828721435074 ], [ -120.861106733404171, 44.284962010764993 ], [ -120.862320555201549, 44.284729952049609 ], [ -120.86199555489172, 44.283863245503781 ], [ -120.863209353995074, 44.28363117920555 ], [ -120.863534368696662, 44.284497882374723 ] ] ] } },
{ "type": "Feature", "properties": { "id": "41_36", "growth_scenario": "high", "market_gravity_weight": 100 }, "geometry": { "type": "Polygon", "coordinates": [ [ [ -122.941281374645669, 45.574039226996241 ], [ -122.941639655132789, 45.574903231562516 ], [ -122.942869415193414, 45.574651502972472 ], [ -122.944099165981029, 45.574399763366465 ], [ -122.943740856369217, 45.57353576644401 ], [ -122.944970583321734, 45.573284019644284 ], [ -122.946200301000999, 45.573032261828985 ], [ -122.946558639736068, 45.573896251107179 ], [ -122.946916987745027, 45.574760241373141 ], [ -122.945687240942547, 45.575012006832971 ], [ -122.94445748486612, 45.575263761277029 ], [ -122.943227719516017, 45.57551550470523 ], [ -122.94199794489262, 45.575767237117319 ], [ -122.940768160996157, 45.576018958513181 ], [ -122.93953836782697, 45.576270668892761 ], [ -122.939180107193835, 45.575406655694259 ], [ -122.940409885799497, 45.575154949136518 ], [ -122.940051619875234, 45.574290940748497 ], [ -122.939693363222972, 45.573426933348969 ], [ -122.940923103430876, 45.573175223418247 ], [ -122.941281374645669, 45.574039226996241 ] ] ] } },
{ "type": "Feature", "properties": { "id": "41_37", "growth_scenario": "high", "market_gravity_weight": 100 }, "geometry": { "type": "Polygon", "coordinates": [ [ [ -120.87591027504854, 44.279344396835967 ], [ -120.876235431428, 44.280211061363268 ], [ -120.876560596112839, 44.281077726635694 ], [ -120.8753468883517, 44.281309913479859 ], [ -120.875672046953895, 44.282176582875721 ], [ -120.874458316498689, 44.282408762139667 ], [ -120.874133172285141, 44.281542089365892 ], [ -120.872919447913517, 44.281774254293737 ], [ -120.871705715237141, 44.282006408263243 ], [ -120.871380608106335, 44.281139729480181 ], [ -120.872594326393752, 44.280907578888183 ], [ -120.872269213178413, 44.280040904228166 ], [ -120.871944108267215, 44.2791742303136 ], [ -120.87315778947378, 44.278942075518096 ], [ -120.874371462376203, 44.278709909764665 ], [ -120.874696596063174, 44.27957657692459 ], [ -120.87591027504854, 44.279344396835967 ] ] ] } },
{ "type": "Feature", "properties": { "id": "41_38", "growth_scenario": "high", "market_gravity_weight": 100 }, "geometry": { "type": "Polygon", "coordinates": [ [ [ -122.919658244820454, 45.57658872643173 ], [ -122.920888118770506, 45.576337196593364 ], [ -122.921246147675419, 45.577201260311362 ], [ -122.921604185847443, 45.578065325020269 ], [ -122.920374282761429, 45.57831686249785 ], [ -122.920016259157549, 45.577452793969243 ], [ -122.918786361372938, 45.577704316608859 ], [ -122.919144370408304, 45.578568388957073 ], [ -122.91950238871047, 45.579432462296701 ], [ -122.918272452521379, 45.579683981557054 ], [ -122.917914448788366, 45.578819904397783 ], [ -122.916684517901942, 45.579071408819807 ], [ -122.916326538004611, 45.578207328832875 ], [ -122.915968567373113, 45.577343249837462 ], [ -122.915610606007149, 45.576479171833519 ], [ -122.916840493186896, 45.576227678868918 ], [ -122.918070371101209, 45.575976174886037 ], [ -122.918428361604015, 45.576840245251979 ], [ -122.919658244820454, 45.57658872643173 ] ] ] } },
{ "type": "Feature", "properties": { "id": "41_4", "growth_scenario": "high", "market_gravity_weight": 100 }, "geometry": { "type": "Polygon", "coordinates": [ [ [ -122.933138716988424, 45.567269881710303 ], [ -122.933496855794644, 45.568133892670829 ], [ -122.932267180440959, 45.568385531794135 ], [ -122.932625313953707, 45.569249547561498 ], [ -122.931395614769855, 45.569501179488718 ], [ -122.930165906317967, 45.569752800399947 ], [ -122.928936188598328, 45.570004410295084 ], [ -122.928578098773073, 45.569140383068905 ], [ -122.92822001821493, 45.568276356830488 ], [ -122.9278619469235, 45.567412331579547 ], [ -122.929091620955504, 45.567160733142323 ], [ -122.930321285720808, 45.566909123689349 ], [ -122.931550941219115, 45.566657503220753 ], [ -122.931909056196204, 45.567521517013915 ], [ -122.933138716988424, 45.567269881710303 ] ] ] } },
{ "type": "Feature", "properties": { "id": "41_5", "growth_scenario": "high", "market_gravity_weight": 100 }, "geometry": { "type": "Polygon", "coordinates": [ [ [ -122.942055822632469, 45.559820829507217 ], [ -122.942414036857329, 45.560684800178343 ], [ -122.943643532170753, 45.560433073827653 ], [ -122.944001770221064, 45.56129704166279 ], [ -122.942772260351177, 45.561548771833444 ], [ -122.943130493114339, 45.562412744472667 ], [ -122.941900959418007, 45.562664467449537 ], [ -122.942259186893423, 45.563528444893329 ], [ -122.94102962936995, 45.563780160676266 ], [ -122.940671416452332, 45.562916179412412 ], [ -122.939441864217585, 45.563167880361149 ], [ -122.939083675126824, 45.562303896262279 ], [ -122.940313212803773, 45.562052199133312 ], [ -122.939955018423902, 45.561188219838719 ], [ -122.939596833312393, 45.560324241528434 ], [ -122.940826332606576, 45.560072541024645 ], [ -122.940468142206527, 45.559208567517707 ], [ -122.941697617676212, 45.558956859819723 ], [ -122.942055822632469, 45.559820829507217 ] ] ] } },
{ "type": "Feature", "properties": { "id": "41_6", "growth_scenario": "high", "market_gravity_weight": 100 }, "geometry": { "type": "Polygon", "coordinates": [ [ [ -122.928578098773073, 45.569140383068905 ], [ -122.928936188598328, 45.570004410295084 ], [ -122.930165906317967, 45.569752800399947 ], [ -122.931395614769855, 45.569501179488718 ], [ -122.931753742988491, 45.570365200063421 ], [ -122.930524019973774, 45.570616824794442 ], [ -122.930882142897701, 45.571480850176961 ], [ -122.929652396051452, 45.57173246771157 ], [ -122.928422639937068, 45.571984074229697 ], [ -122.928064546140433, 45.571120041207578 ], [ -122.926834795322392, 45.571371632889417 ], [ -122.926476725357091, 45.570507597036304 ], [ -122.925246979836089, 45.570759173882195 ], [ -122.924888933701496, 45.569895135198259 ], [ -122.926118664658603, 45.569643562171493 ], [ -122.927348386349237, 45.569391978128401 ], [ -122.926990320353966, 45.568527948070773 ], [ -122.92822001821493, 45.568276356830488 ], [ -122.928578098773073, 45.569140383068905 ] ] ] } },
{ "type": "Feature", "properties": { "id": "41_7", "growth_scenario": "high", "market_gravity_weight": 100 }, "geometry": { "type": "Polygon", "coordinates": [ [ [ -122.942259186893423, 45.563528444893329 ], [ -122.943488735147156, 45.563276718096297 ], [ -122.943846986450026, 45.56414069270464 ], [ -122.944205247023248, 45.565004668297853 ], [ -122.94297566965372, 45.565256402735756 ], [ -122.941746083013797, 45.565508126159273 ], [ -122.94051648710375, 45.565759838568333 ], [ -122.9401582702057, 45.564895851513889 ], [ -122.938928679584947, 45.565147549088145 ], [ -122.937699079695051, 45.56539923564776 ], [ -122.937340901184342, 45.564535241938884 ], [ -122.938570486515104, 45.564283559199161 ], [ -122.938212302714092, 45.56341957029553 ], [ -122.939441864217585, 45.563167880361149 ], [ -122.940671416452332, 45.562916179412412 ], [ -122.94102962936995, 45.563780160676266 ], [ -122.942259186893423, 45.563528444893329 ] ] ] } },
{ "type": "Feature", "properties": { "id": "41_8", "growth_scenario": "high", "market_gravity_weight": 100 }, "geometry": { "type": "Polygon", "coordinates": [ [ [ -122.935956178696813, 45.567630581377614 ], [ -122.935598010768629, 45.566766578056779 ], [ -122.936827643756033, 45.566514909707116 ], [ -122.938057267474562, 45.566263230342379 ], [ -122.939286881923906, 45.566011539962773 ], [ -122.94051648710375, 45.565759838568333 ], [ -122.940874713271612, 45.566623826608463 ], [ -122.942104323740708, 45.566372110378978 ], [ -122.942462573738069, 45.567236095584384 ], [ -122.941232948709612, 45.567487815634564 ], [ -122.94159119341812, 45.568351805646792 ], [ -122.940361544559167, 45.568603518502812 ], [ -122.939131886429664, 45.568855220343664 ], [ -122.938773670841542, 45.567991222690161 ], [ -122.937544018002527, 45.568242909695279 ], [ -122.937185826244672, 45.567378909207918 ], [ -122.935956178696813, 45.567630581377614 ] ] ] } },
{ "type": "Feature", "properties": { "id": "41_9", "growth_scenario": "high", "market_gravity_weight": 100 }, "geometry": { "type": "Polygon", "coordinates": [ [ [ -122.936314355893913, 45.568494585685094 ], [ -122.936672542360284, 45.569358590979533 ], [ -122.935442856420991, 45.569610259774201 ], [ -122.935801037595269, 45.570474269876165 ], [ -122.9345713278246, 45.570725931475408 ], [ -122.934929503706158, 45.571589946385423 ], [ -122.933699770103416, 45.571841600789135 ], [ -122.933341608784573, 45.570977582058696 ], [ -122.932111880475517, 45.571229221625941 ], [ -122.931753742988491, 45.570365200063421 ], [ -122.931395614769855, 45.569501179488718 ], [ -122.932625313953707, 45.569249547561498 ], [ -122.932267180440959, 45.568385531794135 ], [ -122.933496855794644, 45.568133892670829 ], [ -122.934726521880037, 45.567882242531915 ], [ -122.935084684516042, 45.568746250659515 ], [ -122.936314355893913, 45.568494585685094 ] ] ] } },
{ "type": "Feature", "properties": { "id": "42_0", "growth_scenario": "high", "market_gravity_weight": 100 }, "geometry": { "type": "Polygon", "coordinates": [ [ [ -77.551993517820634, 39.727865532294082 ], [ -77.551766417286359, 39.728741151058045 ], [ -77.551539311231053, 39.729616769711541 ], [ -77.5503841457231, 39.729444615706612 ], [ -77.549228985736676, 39.729272451069903 ], [ -77.548073831272049, 39.72910027580145 ], [ -77.548300977822436, 39.728224663603562 ], [ -77.547145842377873, 39.72805247985557 ], [ -77.547372996904016, 39.727176869699015 ], [ -77.548528118850911, 39.727349051294986 ], [ -77.549683246319518, 39.72752122225954 ], [ -77.549910368328696, 39.726645607688248 ], [ -77.551065487820949, 39.726817765869583 ], [ -77.55222061283412, 39.72698991341953 ], [ -77.553375743367894, 39.727162050337917 ], [ -77.553148661852575, 39.728037671363971 ], [ -77.551993517820634, 39.727865532294082 ] ] ] } },
{ "type": "Feature", "properties": { "id": "42_1", "growth_scenario": "high", "market_gravity_weight": 100 }, "geometry": { "type": "Polygon", "coordinates": [ [ [ -77.564927352272747, 39.72888283477117 ], [ -77.563772166549484, 39.728710804172245 ], [ -77.563545206526513, 39.72958644455624 ], [ -77.562390012820885, 39.729414401174601 ], [ -77.562163033779882, 39.730290039298318 ], [ -77.561007832092315, 39.730117983133688 ], [ -77.56123482463336, 39.729242347160621 ], [ -77.560079641964236, 39.729070282514357 ], [ -77.560306642486438, 39.728194648582054 ], [ -77.561461811656031, 39.728366711077612 ], [ -77.561688793160485, 39.727491074884483 ], [ -77.561915769146964, 39.726615438581085 ], [ -77.563070916836153, 39.726787486143685 ], [ -77.564226070042849, 39.726959523074328 ], [ -77.565381228766725, 39.727131549372956 ], [ -77.565154293278297, 39.728007192127031 ], [ -77.564927352272747, 39.72888283477117 ] ] ] } },
{ "type": "Feature", "properties": { "id": "42_10", "growth_scenario": "high", "market_gravity_weight": 100 }, "geometry": { "type": "Polygon", "coordinates": [ [ [ -77.55708817750363, 39.731353009557331 ], [ -77.55686112790454, 39.73222863874858 ], [ -77.558016353535606, 39.732400733263553 ], [ -77.557789311917062, 39.733276364496732 ], [ -77.556634072785343, 39.733104267830413 ], [ -77.556407012145868, 39.733979896803142 ], [ -77.556179945985875, 39.734855525666859 ], [ -77.555024685372629, 39.734683414064719 ], [ -77.55525176503366, 39.733807787352625 ], [ -77.554096523442269, 39.733635667269468 ], [ -77.554323611083078, 39.732760042600006 ], [ -77.553168388513129, 39.732587914036124 ], [ -77.553395484133119, 39.731712291409032 ], [ -77.554550693202984, 39.731884417821213 ], [ -77.554777769802214, 39.731008792932883 ], [ -77.555932970892826, 39.731180906561249 ], [ -77.556160028471879, 39.730305279411745 ], [ -77.557315221582826, 39.730477380256531 ], [ -77.55708817750363, 39.731353009557331 ] ] ] } },
{ "type": "Feature", "properties": { "id": "42_11", "growth_scenario": "high", "market_gravity_weight": 100 }, "geometry": { "type": "Polygon", "coordinates": [ [ [ -77.702258846337912, 39.721977200410635 ], [ -77.702033591016018, 39.722853088257196 ], [ -77.700878175772971, 39.722682321543914 ], [ -77.700652901459932, 39.723558207150695 ], [ -77.69949747818103, 39.723387427665045 ], [ -77.699272184876236, 39.72426331103194 ], [ -77.698116753561877, 39.724092518773666 ], [ -77.698342060380341, 39.723216637541697 ], [ -77.698567361720265, 39.722340756204545 ], [ -77.698792657581919, 39.721464874762034 ], [ -77.699017947965444, 39.720588993213951 ], [ -77.700173325227013, 39.720759776932873 ], [ -77.701328707966169, 39.720930550014522 ], [ -77.702484096182616, 39.721101312458792 ], [ -77.703639489876082, 39.72127206426557 ], [ -77.703414253544722, 39.72214795435179 ], [ -77.702258846337912, 39.721977200410635 ] ] ] } },
{ "type": "Feature", "properties": { "id": "42_12", "growth_scenario": "high", "market_gravity_weight": 100 }, "geometry": { "type": "Polygon", "coordinates": [ [ [ -77.705950293692794, 39.721613535966512 ], [ -77.707105703815444, 39.721784255860477 ], [ -77.706880508025279, 39.722660152349022 ], [ -77.708035937137851, 39.722830863739055 ], [ -77.709191371726106, 39.723001564491163 ], [ -77.710346811789734, 39.723172254605217 ], [ -77.710121651067453, 39.724048157390484 ], [ -77.708966197488991, 39.723877465142628 ], [ -77.708741017776305, 39.724753365689551 ], [ -77.707585556158506, 39.724582660669618 ], [ -77.707810749386113, 39.72370676225669 ], [ -77.706655306759117, 39.723536048732612 ], [ -77.705499869608317, 39.723365324570537 ], [ -77.704344437933983, 39.723194589770578 ], [ -77.704569666228409, 39.722318697655318 ], [ -77.703414253544722, 39.72214795435179 ], [ -77.703639489876082, 39.72127206426557 ], [ -77.704794889046241, 39.721442805434862 ], [ -77.705020106387678, 39.720566913109131 ], [ -77.706175497520803, 39.720737641506695 ], [ -77.705950293692794, 39.721613535966512 ] ] ] } },
{ "type": "Feature", "properties": { "id": "42_13", "growth_scenario": "high", "market_gravity_weight": 100 }, "geometry": { "type": "Polygon", "coordinates": [ [ [ -77.579286317194359, 39.738295524714573 ], [ -77.579059515582756, 39.739171196480576 ], [ -77.580214905572618, 39.739343086926645 ], [ -77.579988111952005, 39.740218760735452 ], [ -77.579761312816643, 39.741094434437898 ], [ -77.578605895814789, 39.740922539692889 ], [ -77.578379077658042, 39.741798211139546 ], [ -77.577223652665182, 39.741626303610047 ], [ -77.577450484328182, 39.740750634313144 ], [ -77.57629507835712, 39.74057871829875 ], [ -77.576521918010314, 39.739703051045275 ], [ -77.57674875214785, 39.738827383685106 ], [ -77.576975580769926, 39.737951716218149 ], [ -77.578130946224661, 39.738123625783508 ], [ -77.578357755826659, 39.737247956060003 ], [ -77.579513113291313, 39.737419852841647 ], [ -77.579286317194359, 39.738295524714573 ] ] ] } },
{ "type": "Feature", "properties": { "id": "42_14", "growth_scenario": "high", "market_gravity_weight": 100 }, "geometry": { "type": "Polygon", "coordinates": [ [ [ -77.565442733919227, 39.740782291103145 ], [ -77.564287356111819, 39.740610264444598 ], [ -77.564060364854896, 39.741485909872566 ], [ -77.565215756166964, 39.74165793868228 ], [ -77.564988772895532, 39.742533586154806 ], [ -77.563833368078505, 39.74236155519381 ], [ -77.563606365782448, 39.743237200408473 ], [ -77.562450952980015, 39.743065156661658 ], [ -77.562677968781145, 39.742189513598525 ], [ -77.56152257500375, 39.742017461369151 ], [ -77.56174959878949, 39.741141820350826 ], [ -77.560594224036734, 39.740969759638951 ], [ -77.560821255806459, 39.740094120665276 ], [ -77.561976617055151, 39.740266179225586 ], [ -77.563131983823695, 39.740438227152069 ], [ -77.563358983065527, 39.73956258376829 ], [ -77.564514341849488, 39.739734618909615 ], [ -77.565669706152519, 39.739906643417065 ], [ -77.566825075974322, 39.740078657290532 ], [ -77.566598117245576, 39.740954307127531 ], [ -77.565442733919227, 39.740782291103145 ] ] ] } },
{ "type": "Feature", "properties": { "id": "42_15", "growth_scenario": "high", "market_gravity_weight": 100 }, "geometry": { "type": "Polygon", "coordinates": [ [ [ -77.539590014209892, 39.743296712619703 ], [ -77.538434657860762, 39.743124447585892 ], [ -77.538207344366967, 39.744000047055387 ], [ -77.537051980042449, 39.743827769234024 ], [ -77.536824647518742, 39.744703366441705 ], [ -77.535669275219206, 39.744531075832519 ], [ -77.535896621245428, 39.743655480779381 ], [ -77.536123961743826, 39.742779885618788 ], [ -77.534968621976603, 39.742607588685637 ], [ -77.535195970449109, 39.741731995571833 ], [ -77.536351296714614, 39.741904290350448 ], [ -77.536578626158018, 39.741028694974219 ], [ -77.537733944449343, 39.74120097696558 ], [ -77.538889268267567, 39.74137324832413 ], [ -77.540044597612393, 39.741545509049722 ], [ -77.539817308674401, 39.742421110888522 ], [ -77.539590014209892, 39.743296712619703 ] ] ] } },
{ "type": "Feature", "properties": { "id": "42_16", "growth_scenario": "high", "market_gravity_weight": 100 }, "geometry": { "type": "Polygon", "coordinates": [ [ [ -77.5698373766038, 39.742345947578386 ], [ -77.568681963216918, 39.742173961305951 ], [ -77.56845502046157, 39.743049615231598 ], [ -77.567299599087363, 39.742877616173807 ], [ -77.567072637307717, 39.743753267842266 ], [ -77.565917207946598, 39.743581255998755 ], [ -77.566144183231913, 39.742705606481479 ], [ -77.566371152998173, 39.741829956857799 ], [ -77.565215756166964, 39.74165793868228 ], [ -77.565442733919227, 39.740782291103145 ], [ -77.566598117245576, 39.740954307127531 ], [ -77.566825075974322, 39.740078657290532 ], [ -77.567980451314583, 39.740250660529931 ], [ -77.569135832173004, 39.740422653135198 ], [ -77.570291218549286, 39.740594635106213 ], [ -77.570064300335432, 39.741470291395565 ], [ -77.5698373766038, 39.742345947578386 ] ] ] } },
{ "type": "Feature", "properties": { "id": "42_17", "growth_scenario": "high", "market_gravity_weight": 100 }, "geometry": { "type": "Polygon", "coordinates": [ [ [ -77.543283370372663, 39.7429378357281 ], [ -77.543056116416267, 39.743813443921077 ], [ -77.541900743487943, 39.743641210787374 ], [ -77.541673470502559, 39.744516816719205 ], [ -77.540518089597327, 39.744344570798049 ], [ -77.540290797582344, 39.745220174468827 ], [ -77.539135408700616, 39.745047915759919 ], [ -77.537980025345988, 39.744875646417512 ], [ -77.538207344366967, 39.744000047055387 ], [ -77.538434657860762, 39.743124447585892 ], [ -77.539590014209892, 39.743296712619703 ], [ -77.539817308674401, 39.742421110888522 ], [ -77.540044597612393, 39.741545509049722 ], [ -77.541199932483508, 39.741717759142219 ], [ -77.542355272880641, 39.741889998601593 ], [ -77.542128010947238, 39.742765604748215 ], [ -77.543283370372663, 39.7429378357281 ] ] ] } },
{ "type": "Feature", "properties": { "id": "42_18", "growth_scenario": "high", "market_gravity_weight": 100 }, "geometry": { "type": "Polygon", "coordinates": [ [ [ -77.535669275219206, 39.744531075832519 ], [ -77.536824647518742, 39.744703366441705 ], [ -77.537980025345988, 39.744875646417512 ], [ -77.537752700797597, 39.74575124567253 ], [ -77.536597309467354, 39.74557896354213 ], [ -77.536369965888042, 39.746454560535561 ], [ -77.535214566582596, 39.746282265616962 ], [ -77.534059172805527, 39.746109960064857 ], [ -77.534286543390863, 39.745234367381023 ], [ -77.533131168645227, 39.745062053350495 ], [ -77.533358547204443, 39.74418646271441 ], [ -77.533585920235069, 39.74331087197082 ], [ -77.533813287737289, 39.742435281119526 ], [ -77.534968621976603, 39.742607588685637 ], [ -77.536123961743826, 39.742779885618788 ], [ -77.535896621245428, 39.743655480779381 ], [ -77.535669275219206, 39.744531075832519 ] ] ] } },
{ "type": "Feature", "properties": { "id": "42_19", "growth_scenario": "high", "market_gravity_weight": 100 }, "geometry": { "type": "Polygon", "coordinates": [ [ [ -77.545594105799992, 39.74328226578767 ], [ -77.545366878849975, 39.74415787828795 ], [ -77.545139646374778, 39.745033490681266 ], [ -77.544912408374188, 39.745909102967801 ], [ -77.544685164848019, 39.746784715147761 ], [ -77.543529740356732, 39.7466124968198 ], [ -77.542374321391506, 39.746440267857899 ], [ -77.542601591925887, 39.745564659985774 ], [ -77.542828856934065, 39.744689052006912 ], [ -77.541673470502559, 39.744516816719205 ], [ -77.541900743487943, 39.743641210787374 ], [ -77.543056116416267, 39.743813443921077 ], [ -77.543283370372663, 39.7429378357281 ], [ -77.544438735323681, 39.743110056074606 ], [ -77.544665970251685, 39.742234445620682 ], [ -77.545821327225013, 39.742406653180218 ], [ -77.545594105799992, 39.74328226578767 ] ] ] } },
{ "type": "Feature", "properties": { "id": "42_2", "growth_scenario": "high", "market_gravity_weight": 100 }, "geometry": { "type": "Polygon", "coordinates": [ [ [ -77.556614127070205, 39.728554024782937 ], [ -77.556387080530925, 39.729429652152369 ], [ -77.555231906439346, 39.729257542826701 ], [ -77.555004840880926, 39.730133167934746 ], [ -77.553849658810265, 39.729961045825682 ], [ -77.552694482260208, 39.729788913084583 ], [ -77.55292157481675, 39.728913292279429 ], [ -77.551766417286359, 39.728741151058045 ], [ -77.551993517820634, 39.727865532294082 ], [ -77.553148661852575, 39.728037671363971 ], [ -77.553375743367894, 39.727162050337917 ], [ -77.554530879421975, 39.727334176624737 ], [ -77.555686020996063, 39.727506292279884 ], [ -77.556841168089861, 39.727678397303244 ], [ -77.557996320703054, 39.727850491694731 ], [ -77.557769293182346, 39.728726121325465 ], [ -77.556614127070205, 39.728554024782937 ] ] ] } },
{ "type": "Feature", "properties": { "id": "42_20", "growth_scenario": "high", "market_gravity_weight": 100 }, "geometry": { "type": "Polygon", "coordinates": [ [ [ -77.566144183231913, 39.742705606481479 ], [ -77.565917207946598, 39.743581255998755 ], [ -77.567072637307717, 39.743753267842266 ], [ -77.568228072187779, 39.743925269051111 ], [ -77.56800111839533, 39.744800922764611 ], [ -77.566845670009087, 39.744628919404633 ], [ -77.566618697191316, 39.745504570861101 ], [ -77.565463240817976, 39.745332554715084 ], [ -77.564307789964275, 39.745160527934274 ], [ -77.564534789794379, 39.74428488078059 ], [ -77.563379357966525, 39.74411284551676 ], [ -77.562223931658721, 39.743940799618365 ], [ -77.562450952980015, 39.743065156661658 ], [ -77.563606365782448, 39.743237200408473 ], [ -77.563833368078505, 39.74236155519381 ], [ -77.564988772895532, 39.742533586154806 ], [ -77.565215756166964, 39.74165793868228 ], [ -77.566371152998173, 39.741829956857799 ], [ -77.566144183231913, 39.742705606481479 ] ] ] } },
{ "type": "Feature", "properties": { "id": "42_21", "growth_scenario": "high", "market_gravity_weight": 100 }, "geometry": { "type": "Polygon", "coordinates": [ [ [ -77.60123941305757, 39.74155958378882 ], [ -77.601012868085121, 39.742435296372918 ], [ -77.599857378879634, 39.742263597360541 ], [ -77.598701895183552, 39.742091887712292 ], [ -77.598475317683381, 39.742967595896666 ], [ -77.598248734673305, 39.743843303976199 ], [ -77.597093229468584, 39.743671579396853 ], [ -77.595937729774306, 39.743499844181557 ], [ -77.596164339802826, 39.742624140397588 ], [ -77.596390944320831, 39.741748436508551 ], [ -77.59661754332852, 39.740872732514276 ], [ -77.597773002496353, 39.741044461286364 ], [ -77.597999582485713, 39.7401687550391 ], [ -77.599155033654966, 39.740340471028162 ], [ -77.600310490333513, 39.740512176381742 ], [ -77.600083937361191, 39.741387886923704 ], [ -77.60123941305757, 39.74155958378882 ] ] ] } },
{ "type": "Feature", "properties": { "id": "42_22", "growth_scenario": "high", "market_gravity_weight": 100 }, "geometry": { "type": "Polygon", "coordinates": [ [ [ -77.595235477154787, 39.741576694953231 ], [ -77.596390944320831, 39.741748436508551 ], [ -77.596164339802826, 39.742624140397588 ], [ -77.595937729774306, 39.743499844181557 ], [ -77.595711114235058, 39.744375547860784 ], [ -77.594555606542258, 39.744203799861587 ], [ -77.594328971982577, 39.745079501287982 ], [ -77.593173456291666, 39.744907740504672 ], [ -77.593400104360668, 39.744032041226504 ], [ -77.592244607690589, 39.743860271955654 ], [ -77.59247126375692, 39.74298457472095 ], [ -77.5926979143116, 39.742108877381092 ], [ -77.59385338396433, 39.74228064235556 ], [ -77.594080015499372, 39.74140494276233 ], [ -77.594306641523488, 39.740529243063619 ], [ -77.595462089670789, 39.740700993106671 ], [ -77.595235477154787, 39.741576694953231 ] ] ] } },
{ "type": "Feature", "properties": { "id": "42_23", "growth_scenario": "high", "market_gravity_weight": 100 }, "geometry": { "type": "Polygon", "coordinates": [ [ [ -77.542374321391506, 39.746440267857899 ], [ -77.542147045330736, 39.747315875623521 ], [ -77.540991618387835, 39.74714363387352 ], [ -77.54076432329606, 39.748019239378465 ], [ -77.539608888375824, 39.747846984840194 ], [ -77.539836196971791, 39.746971381489686 ], [ -77.538680781082945, 39.74679911847204 ], [ -77.538908097655423, 39.745923517169352 ], [ -77.537752700797597, 39.74575124567253 ], [ -77.537980025345988, 39.744875646417512 ], [ -77.539135408700616, 39.745047915759919 ], [ -77.540290797582344, 39.745220174468827 ], [ -77.540518089597327, 39.744344570798049 ], [ -77.541673470502559, 39.744516816719205 ], [ -77.542828856934065, 39.744689052006912 ], [ -77.542601591925887, 39.745564659985774 ], [ -77.542374321391506, 39.746440267857899 ] ] ] } },
{ "type": "Feature", "properties": { "id": "42_24", "growth_scenario": "high", "market_gravity_weight": 100 }, "geometry": { "type": "Polygon", "coordinates": [ [ [ -77.604252858802923, 39.743826048514926 ], [ -77.603097339561003, 39.743654379263518 ], [ -77.602870810590176, 39.744530095932703 ], [ -77.601715283346849, 39.744358413897864 ], [ -77.600559761612729, 39.744186721226797 ], [ -77.599404245388101, 39.744015017919544 ], [ -77.59963081488867, 39.743139307692445 ], [ -77.599857378879634, 39.742263597360541 ], [ -77.601012868085121, 39.742435296372918 ], [ -77.60123941305757, 39.74155958378882 ], [ -77.602394894262858, 39.741731270018107 ], [ -77.603550380976756, 39.741902945611514 ], [ -77.604705873198952, 39.742074610568864 ], [ -77.604479368755051, 39.742950329594215 ], [ -77.604252858802923, 39.743826048514926 ] ] ] } },
{ "type": "Feature", "properties": { "id": "42_25", "growth_scenario": "high", "market_gravity_weight": 100 }, "geometry": { "type": "Polygon", "coordinates": [ [ [ -77.539836196971791, 39.746971381489686 ], [ -77.539608888375824, 39.747846984840194 ], [ -77.538453458982971, 39.747674719668019 ], [ -77.538226131355302, 39.748550320757644 ], [ -77.537070693986024, 39.748378042796915 ], [ -77.536843347326041, 39.749253641625437 ], [ -77.535687901980765, 39.749081350875869 ], [ -77.53591526214494, 39.748205754202274 ], [ -77.534759835832361, 39.7480334549738 ], [ -77.534987203971781, 39.74715786034875 ], [ -77.535214566582596, 39.746282265616962 ], [ -77.536369965888042, 39.746454560535561 ], [ -77.536597309467354, 39.74557896354213 ], [ -77.537752700797597, 39.74575124567253 ], [ -77.538908097655423, 39.745923517169352 ], [ -77.538680781082945, 39.74679911847204 ], [ -77.539836196971791, 39.746971381489686 ] ] ] } },
{ "type": "Feature", "properties": { "id": "42_26", "growth_scenario": "high", "market_gravity_weight": 100 }, "geometry": { "type": "Polygon", "coordinates": [ [ [ -77.534987203971781, 39.74715786034875 ], [ -77.534759835832361, 39.7480334549738 ], [ -77.53591526214494, 39.748205754202274 ], [ -77.535687901980765, 39.749081350875869 ], [ -77.536843347326041, 39.749253641625437 ], [ -77.537070693986024, 39.748378042796915 ], [ -77.538226131355302, 39.748550320757644 ], [ -77.537998798199737, 39.74942592174105 ], [ -77.539154254601513, 39.749598191222532 ], [ -77.538926929422772, 39.750473794254731 ], [ -77.53777145951608, 39.750301522618443 ], [ -77.536615995137666, 39.750129240347945 ], [ -77.536388637420714, 39.751004838964477 ], [ -77.535233165066089, 39.750832543904764 ], [ -77.535460536287871, 39.749956947443316 ], [ -77.534305082966952, 39.749784643904675 ], [ -77.534532462164151, 39.748909049492411 ], [ -77.533377027876568, 39.74873673747507 ], [ -77.533604415048586, 39.747861145111621 ], [ -77.533831796691516, 39.746985552641647 ], [ -77.534059172805527, 39.746109960064857 ], [ -77.535214566582596, 39.746282265616962 ], [ -77.534987203971781, 39.74715786034875 ] ] ] } },
{ "type": "Feature", "properties": { "id": "42_27", "growth_scenario": "high", "market_gravity_weight": 100 }, "geometry": { "type": "Polygon", "coordinates": [ [ [ -77.599404245388101, 39.744015017919544 ], [ -77.600559761612729, 39.744186721226797 ], [ -77.601715283346849, 39.744358413897864 ], [ -77.601488735356696, 39.745234128315488 ], [ -77.60033320011236, 39.74506243349694 ], [ -77.6001066331023, 39.745938145662812 ], [ -77.598951089857337, 39.745766438060329 ], [ -77.598724503826759, 39.746642147974391 ], [ -77.597568952581582, 39.746470427587724 ], [ -77.597795552122591, 39.74559471982149 ], [ -77.596640019898345, 39.745422990946466 ], [ -77.596866627438772, 39.744547285223938 ], [ -77.595711114235058, 39.744375547860784 ], [ -77.595937729774306, 39.743499844181557 ], [ -77.597093229468584, 39.743671579396853 ], [ -77.598248734673305, 39.743843303976199 ], [ -77.598475317683381, 39.742967595896666 ], [ -77.59963081488867, 39.743139307692445 ], [ -77.599404245388101, 39.744015017919544 ] ] ] } },
{ "type": "Feature", "properties": { "id": "42_3", "growth_scenario": "high", "market_gravity_weight": 100 }, "geometry": { "type": "Polygon", "coordinates": [ [ [ -77.549228985736676, 39.729272451069903 ], [ -77.549001847162657, 39.730148065309308 ], [ -77.547846679199552, 39.729975887888777 ], [ -77.547619521604744, 39.730851499865814 ], [ -77.546464345665385, 39.730679309661234 ], [ -77.546237169049206, 39.73155491937576 ], [ -77.54508198513399, 39.731382716386932 ], [ -77.545309175248846, 39.730507108824909 ], [ -77.544154010355399, 39.730334897356855 ], [ -77.544381208445316, 39.729459291837017 ], [ -77.544608401012013, 39.72858368620664 ], [ -77.545763538909426, 39.728755893369765 ], [ -77.545990712455534, 39.727880285476168 ], [ -77.547145842377873, 39.72805247985557 ], [ -77.548300977822436, 39.728224663603562 ], [ -77.548073831272049, 39.72910027580145 ], [ -77.549228985736676, 39.729272451069903 ] ] ] } },
{ "type": "Feature", "properties": { "id": "42_4", "growth_scenario": "high", "market_gravity_weight": 100 }, "geometry": { "type": "Polygon", "coordinates": [ [ [ -77.566309471018798, 39.728179209943484 ], [ -77.567464654276108, 39.72835121712761 ], [ -77.568619843049888, 39.728523213679281 ], [ -77.568392942545074, 39.729398862773373 ], [ -77.568166036523877, 39.73027451175787 ], [ -77.567010820748905, 39.730102510906384 ], [ -77.566783895710088, 39.730978157631526 ], [ -77.56562867195116, 39.730806143997157 ], [ -77.56447345370961, 39.730634119730141 ], [ -77.564700405749917, 39.729758477305438 ], [ -77.563545206526513, 39.72958644455624 ], [ -77.563772166549484, 39.728710804172245 ], [ -77.564927352272747, 39.72888283477117 ], [ -77.565154293278297, 39.728007192127031 ], [ -77.565381228766725, 39.727131549372956 ], [ -77.56653639300751, 39.727303565039328 ], [ -77.566309471018798, 39.728179209943484 ] ] ] } },
{ "type": "Feature", "properties": { "id": "42_5", "growth_scenario": "high", "market_gravity_weight": 100 }, "geometry": { "type": "Polygon", "coordinates": [ [ [ -77.56123482463336, 39.729242347160621 ], [ -77.561007832092315, 39.730117983133688 ], [ -77.55985263592332, 39.72994591633676 ], [ -77.55962562436352, 39.730821550049335 ], [ -77.558470420213482, 39.730649470469089 ], [ -77.558243389634328, 39.731525101921065 ], [ -77.55708817750363, 39.731353009557331 ], [ -77.557315221582826, 39.730477380256531 ], [ -77.556160028471879, 39.730305279411745 ], [ -77.556387080530925, 39.729429652152369 ], [ -77.556614127070205, 39.728554024782937 ], [ -77.557769293182346, 39.728726121325465 ], [ -77.557996320703054, 39.727850491694731 ], [ -77.559151478835346, 39.728022575454389 ], [ -77.560306642486438, 39.728194648582054 ], [ -77.560079641964236, 39.729070282514357 ], [ -77.56123482463336, 39.729242347160621 ] ] ] } },
{ "type": "Feature", "properties": { "id": "42_6", "growth_scenario": "high", "market_gravity_weight": 100 }, "geometry": { "type": "Polygon", "coordinates": [ [ [ -77.552694482260208, 39.729788913084583 ], [ -77.553849658810265, 39.729961045825682 ], [ -77.555004840880926, 39.730133167934746 ], [ -77.556160028471879, 39.730305279411745 ], [ -77.555932970892826, 39.731180906561249 ], [ -77.554777769802214, 39.731008792932883 ], [ -77.554550693202984, 39.731884417821213 ], [ -77.553395484133119, 39.731712291409032 ], [ -77.553168388513129, 39.732587914036124 ], [ -77.552013171464395, 39.732415774839843 ], [ -77.550857959937161, 39.732243625011364 ], [ -77.551085082556654, 39.731368006687987 ], [ -77.551312199654561, 39.730492388254731 ], [ -77.551539311231053, 39.729616769711541 ], [ -77.551766417286359, 39.728741151058045 ], [ -77.55292157481675, 39.728913292279429 ], [ -77.552694482260208, 39.729788913084583 ] ] ] } },
{ "type": "Feature", "properties": { "id": "42_7", "growth_scenario": "high", "market_gravity_weight": 100 }, "geometry": { "type": "Polygon", "coordinates": [ [ [ -77.544154010355399, 39.730334897356855 ], [ -77.545309175248846, 39.730507108824909 ], [ -77.54508198513399, 39.731382716386932 ], [ -77.546237169049206, 39.73155491937576 ], [ -77.546009986910022, 39.732430528980309 ], [ -77.547165189847405, 39.73260272348972 ], [ -77.548320398307723, 39.73277490736703 ], [ -77.548093237644466, 39.733650521166773 ], [ -77.546938015684489, 39.733478335136972 ], [ -77.545782799247618, 39.733306138475037 ], [ -77.544627588334151, 39.733133931180888 ], [ -77.54485478949583, 39.732258323838877 ], [ -77.543699597605141, 39.732086108065474 ], [ -77.542544411238254, 39.731913881660269 ], [ -77.542771633873784, 39.731038278513857 ], [ -77.541616466529405, 39.730866043629746 ], [ -77.541843697139086, 39.729990442525917 ], [ -77.54299885098537, 39.730162675257191 ], [ -77.543226062573268, 39.729287071889949 ], [ -77.544381208445316, 39.729459291837017 ], [ -77.544154010355399, 39.730334897356855 ] ] ] } },
{ "type": "Feature", "properties": { "id": "42_8", "growth_scenario": "high", "market_gravity_weight": 100 }, "geometry": { "type": "Polygon", "coordinates": [ [ [ -77.550157020647745, 39.730320232097988 ], [ -77.549929890050677, 39.731195848379208 ], [ -77.549702753931712, 39.732071464550572 ], [ -77.549475612290621, 39.732947080612185 ], [ -77.549248465127249, 39.733822696564275 ], [ -77.549021312441369, 39.734698312407033 ], [ -77.547866071458415, 39.734526134857113 ], [ -77.548093237644466, 39.733650521166773 ], [ -77.548320398307723, 39.73277490736703 ], [ -77.547165189847405, 39.73260272348972 ], [ -77.547392358487429, 39.73172711173271 ], [ -77.546237169049206, 39.73155491937576 ], [ -77.546464345665385, 39.730679309661234 ], [ -77.547619521604744, 39.730851499865814 ], [ -77.547846679199552, 39.729975887888777 ], [ -77.549001847162657, 39.730148065309308 ], [ -77.549228985736676, 39.729272451069903 ], [ -77.5503841457231, 39.729444615706612 ], [ -77.550157020647745, 39.730320232097988 ] ] ] } },
{ "type": "Feature", "properties": { "id": "42_9", "growth_scenario": "high", "market_gravity_weight": 100 }, "geometry": { "type": "Polygon", "coordinates": [ [ [ -77.560780834032656, 39.730993618997175 ], [ -77.560553830454225, 39.731869254751075 ], [ -77.560326821356796, 39.732744890395772 ], [ -77.560099806740183, 39.73362052593135 ], [ -77.559872786604188, 39.734496161358059 ], [ -77.559645760948598, 39.735371796676056 ], [ -77.558490483774165, 39.735199716972609 ], [ -77.558717522931417, 39.734324083805895 ], [ -77.55894455656879, 39.733448450530403 ], [ -77.557789311917062, 39.733276364496732 ], [ -77.558016353535606, 39.732400733263553 ], [ -77.55686112790454, 39.73222863874858 ], [ -77.55708817750363, 39.731353009557331 ], [ -77.558243389634328, 39.731525101921065 ], [ -77.558470420213482, 39.730649470469089 ], [ -77.55962562436352, 39.730821550049335 ], [ -77.55985263592332, 39.72994591633676 ], [ -77.561007832092315, 39.730117983133688 ], [ -77.560780834032656, 39.730993618997175 ] ] ] } },
{ "type": "Feature", "properties": { "id": "45_0", "growth_scenario": "high", "market_gravity_weight": 100 }, "geometry": { "type": "Polygon", "coordinates": [ [ [ -80.045904276368901, 33.068470718853497 ], [ -80.04572419657103, 33.069354070036901 ], [ -80.045544112746128, 33.070237419760311 ], [ -80.04536402489407, 33.071120768024002 ], [ -80.046426628434773, 33.071270472940739 ], [ -80.046246548095652, 33.072153821219473 ], [ -80.045183933014698, 33.072004114828104 ], [ -80.044121321961185, 33.071854398525858 ], [ -80.044301425380681, 33.070971053196523 ], [ -80.043238829894833, 33.07082132845818 ], [ -80.043418940826527, 33.069937983143994 ], [ -80.042356360908073, 33.069788249969854 ], [ -80.042536479351483, 33.068904904670482 ], [ -80.043599047730567, 33.069054636369884 ], [ -80.043779150607079, 33.068171288135666 ], [ -80.044841711474405, 33.068321008449836 ], [ -80.045021798784518, 33.067437657280884 ], [ -80.046084352139857, 33.067587366210027 ], [ -80.045904276368901, 33.068470718853497 ] ] ] } },
{ "type": "Feature", "properties": { "id": "45_1", "growth_scenario": "high", "market_gravity_weight": 100 }, "geometry": { "type": "Polygon", "coordinates": [ [ [ -80.042356360908073, 33.069788249969854 ], [ -80.043418940826527, 33.069937983143994 ], [ -80.043238829894833, 33.07082132845818 ], [ -80.043058714935356, 33.071704672312713 ], [ -80.042878595947954, 33.072588014707669 ], [ -80.041815981409925, 33.072438277108787 ], [ -80.041635846854135, 33.073321616569345 ], [ -80.040573224804206, 33.073171867584456 ], [ -80.040753370900219, 33.072288529599035 ], [ -80.040933512967683, 33.071405190154131 ], [ -80.039870918026352, 33.071255434208773 ], [ -80.040051067604992, 33.070372094779245 ], [ -80.040231213155124, 33.069488753889857 ], [ -80.04129378501753, 33.069638506885106 ], [ -80.041473915000168, 33.068755163060679 ], [ -80.042536479351483, 33.068904904670482 ], [ -80.042356360908073, 33.069788249969854 ] ] ] } },
{ "type": "Feature", "properties": { "id": "45_10", "growth_scenario": "high", "market_gravity_weight": 100 }, "geometry": { "type": "Polygon", "coordinates": [ [ [ -80.043220744445847, 33.076271103283652 ], [ -80.042158079716415, 33.076121369695457 ], [ -80.041977940587401, 33.077004704795193 ], [ -80.043040616858264, 33.077154439858617 ], [ -80.044103297157619, 33.077304165010688 ], [ -80.043923177083386, 33.078187501602358 ], [ -80.042860485242215, 33.078037774975115 ], [ -80.042680349597532, 33.078921108633253 ], [ -80.04161765024304, 33.078771370619258 ], [ -80.040554954917539, 33.078621622693746 ], [ -80.040735113645937, 33.077738291986286 ], [ -80.040915268345259, 33.076854959820466 ], [ -80.041095419015605, 33.075971626196043 ], [ -80.0400327623436, 33.075821872785376 ], [ -80.040212920526031, 33.074938539177445 ], [ -80.041275565657088, 33.07508829111277 ], [ -80.042338214816851, 33.075238033137005 ], [ -80.043400868005079, 33.075387765250049 ], [ -80.044463525221516, 33.075537487451939 ], [ -80.044283413203615, 33.076420826960621 ], [ -80.043220744445847, 33.076271103283652 ] ] ] } },
{ "type": "Feature", "properties": { "id": "45_11", "growth_scenario": "high", "market_gravity_weight": 100 }, "geometry": { "type": "Polygon", "coordinates": [ [ [ -80.049596817409238, 33.077169296674306 ], [ -80.048534128513353, 33.077019622554559 ], [ -80.048354058635013, 33.077902966504219 ], [ -80.047291362224158, 33.07775328099811 ], [ -80.047111276776192, 33.078636622014834 ], [ -80.046048572850623, 33.078486925122235 ], [ -80.046228669840815, 33.077603585580498 ], [ -80.045165981485212, 33.077453880251319 ], [ -80.045346085989507, 33.07657054072623 ], [ -80.046408762803253, 33.076720244580457 ], [ -80.046588851738065, 33.0758369021219 ], [ -80.046768936645393, 33.074953558204783 ], [ -80.047831594403533, 33.07510324919803 ], [ -80.048894256188774, 33.07525293027998 ], [ -80.049956922000874, 33.075402601450548 ], [ -80.049776871718421, 33.076285949791639 ], [ -80.049596817409238, 33.077169296674306 ] ] ] } },
{ "type": "Feature", "properties": { "id": "45_2", "growth_scenario": "high", "market_gravity_weight": 100 }, "geometry": { "type": "Polygon", "coordinates": [ [ [ -80.044175381453897, 33.05550483037883 ], [ -80.045237772745807, 33.055654549872919 ], [ -80.045057714704811, 33.056537917091589 ], [ -80.044877652637936, 33.057421282847791 ], [ -80.04381523827459, 33.057271560405773 ], [ -80.043635160645607, 33.058154923225572 ], [ -80.042572738772606, 33.058005189400056 ], [ -80.041510320926236, 33.057855445665169 ], [ -80.040447907106753, 33.057705692020974 ], [ -80.040628019343174, 33.056822333623856 ], [ -80.041690421626967, 33.056972085793745 ], [ -80.041870518300982, 33.056088724459848 ], [ -80.042050610948351, 33.055205361663269 ], [ -80.043112994188007, 33.055355100975575 ], [ -80.043293071273808, 33.054471735242167 ], [ -80.044355447004492, 33.054621463171451 ], [ -80.044175381453897, 33.05550483037883 ] ] ] } },
{ "type": "Feature", "properties": { "id": "45_3", "growth_scenario": "high", "market_gravity_weight": 100 }, "geometry": { "type": "Polygon", "coordinates": [ [ [ -80.036161153668573, 33.068006306355777 ], [ -80.037223697877423, 33.068156097517331 ], [ -80.037043521739179, 33.069039435441397 ], [ -80.038106081515693, 33.069189218167963 ], [ -80.039168645321098, 33.069338990984157 ], [ -80.038988488231766, 33.070222330398416 ], [ -80.037925912887275, 33.070072556107043 ], [ -80.036863341571816, 33.069922771905176 ], [ -80.03580077428559, 33.069772977792915 ], [ -80.035620578549924, 33.070656311321159 ], [ -80.035440378784642, 33.071539643389464 ], [ -80.035260174989602, 33.072422973997917 ], [ -80.034197577115393, 33.072273165548474 ], [ -80.034377792449831, 33.071389836415683 ], [ -80.03455800375427, 33.070506505823019 ], [ -80.034738211028852, 33.069623173770282 ], [ -80.03491841427369, 33.068739840257336 ], [ -80.035098613488941, 33.067856505283977 ], [ -80.035278808674732, 33.066973168850119 ], [ -80.036341337316159, 33.067122968446547 ], [ -80.036161153668573, 33.068006306355777 ] ] ] } },
{ "type": "Feature", "properties": { "id": "45_4", "growth_scenario": "high", "market_gravity_weight": 100 }, "geometry": { "type": "Polygon", "coordinates": [ [ [ -80.034756880057245, 33.064173345702876 ], [ -80.034576685421726, 33.065056685044162 ], [ -80.03439648675689, 33.065940022924366 ], [ -80.034216284062623, 33.06682335934358 ], [ -80.033153763480087, 33.066673539927052 ], [ -80.033333977712033, 33.065790204983266 ], [ -80.032271472696848, 33.065640377132333 ], [ -80.031208971711607, 33.065490539371552 ], [ -80.031389204988344, 33.06460720591776 ], [ -80.030326719570297, 33.064457359722809 ], [ -80.03050696035379, 33.063574026283341 ], [ -80.031569434235053, 33.063723871002701 ], [ -80.031749659451862, 33.062840534626126 ], [ -80.032812125826339, 33.062990367960417 ], [ -80.033874596230334, 33.063140191385187 ], [ -80.033694394087021, 33.064023530712525 ], [ -80.034756880057245, 33.064173345702876 ] ] ] } },
{ "type": "Feature", "properties": { "id": "45_5", "growth_scenario": "high", "market_gravity_weight": 100 }, "geometry": { "type": "Polygon", "coordinates": [ [ [ -80.043293071273808, 33.054471735242167 ], [ -80.043112994188007, 33.055355100975575 ], [ -80.042050610948351, 33.055205361663269 ], [ -80.041870518300982, 33.056088724459848 ], [ -80.041690421626967, 33.056972085793745 ], [ -80.040628019343174, 33.056822333623856 ], [ -80.039565621086368, 33.05667257154483 ], [ -80.039745740831094, 33.055789213159557 ], [ -80.038683358136709, 33.055639442645806 ], [ -80.038863485389271, 33.054756084272114 ], [ -80.039925856548734, 33.054905853311446 ], [ -80.040105968239402, 33.054022492000449 ], [ -80.040286075903225, 33.053139129226366 ], [ -80.041348428020271, 33.053288885408357 ], [ -80.042410784163778, 33.053438631681523 ], [ -80.042230699569231, 33.05432199740391 ], [ -80.043293071273808, 33.054471735242167 ] ] ] } },
{ "type": "Feature", "properties": { "id": "45_6", "growth_scenario": "high", "market_gravity_weight": 100 }, "geometry": { "type": "Polygon", "coordinates": [ [ [ -80.031208971711607, 33.065490539371552 ], [ -80.032271472696848, 33.065640377132333 ], [ -80.033333977712033, 33.065790204983266 ], [ -80.033153763480087, 33.066673539927052 ], [ -80.034216284062623, 33.06682335934358 ], [ -80.034036077338783, 33.067706694302032 ], [ -80.033855866585228, 33.0685900277999 ], [ -80.032793322926608, 33.06844020543226 ], [ -80.031730783298059, 33.068290373154518 ], [ -80.03066824769985, 33.068140530966659 ], [ -80.030848493067495, 33.067257201895842 ], [ -80.0310287344047, 33.066373871364142 ], [ -80.029966225912332, 33.066224022217838 ], [ -80.030146474756506, 33.065340691700953 ], [ -80.030326719570297, 33.064457359722809 ], [ -80.031389204988344, 33.06460720591776 ], [ -80.031208971711607, 33.065490539371552 ] ] ] } },
{ "type": "Feature", "properties": { "id": "45_7", "growth_scenario": "high", "market_gravity_weight": 100 }, "geometry": { "type": "Polygon", "coordinates": [ [ [ -80.040753370900219, 33.072288529599035 ], [ -80.040573224804206, 33.073171867584456 ], [ -80.041635846854135, 33.073321616569345 ], [ -80.042698472932486, 33.073471355643285 ], [ -80.043761103039031, 33.073621084806241 ], [ -80.043580987536089, 33.074504425757638 ], [ -80.042518345888837, 33.074354695119688 ], [ -80.042338214816851, 33.075238033137005 ], [ -80.041275565657088, 33.07508829111277 ], [ -80.040212920526031, 33.074938539177445 ], [ -80.0400327623436, 33.075821872785376 ], [ -80.038970109700671, 33.075672109463589 ], [ -80.039150279423907, 33.074788777331058 ], [ -80.039330445117955, 33.073905443739527 ], [ -80.039510606782969, 33.073022108688761 ], [ -80.039690764419049, 33.072138772178498 ], [ -80.039870918026352, 33.071255434208773 ], [ -80.040933512967683, 33.071405190154131 ], [ -80.040753370900219, 33.072288529599035 ] ] ] } },
{ "type": "Feature", "properties": { "id": "45_8", "growth_scenario": "high", "market_gravity_weight": 100 }, "geometry": { "type": "Polygon", "coordinates": [ [ [ -80.043941214514021, 33.072737742395717 ], [ -80.045003837107885, 33.07288746017278 ], [ -80.046066463729346, 33.07303716803888 ], [ -80.045886375335712, 33.073920513399074 ], [ -80.045706282914608, 33.07480385730026 ], [ -80.045526186465921, 33.075687199742589 ], [ -80.044463525221516, 33.075537487451939 ], [ -80.043400868005079, 33.075387765250049 ], [ -80.042338214816851, 33.075238033137005 ], [ -80.042518345888837, 33.074354695119688 ], [ -80.043580987536089, 33.074504425757638 ], [ -80.043761103039031, 33.073621084806241 ], [ -80.042698472932486, 33.073471355643285 ], [ -80.041635846854135, 33.073321616569345 ], [ -80.041815981409925, 33.072438277108787 ], [ -80.042878595947954, 33.072588014707669 ], [ -80.043058714935356, 33.071704672312713 ], [ -80.044121321961185, 33.071854398525858 ], [ -80.043941214514021, 33.072737742395717 ] ] ] } },
{ "type": "Feature", "properties": { "id": "45_9", "growth_scenario": "high", "market_gravity_weight": 100 }, "geometry": { "type": "Polygon", "coordinates": [ [ [ -80.039403842984186, 33.052106000372397 ], [ -80.040466179540331, 33.052255764988985 ], [ -80.040286075903225, 33.053139129226366 ], [ -80.039223727812868, 33.05298936313558 ], [ -80.039043608614605, 33.053872724435465 ], [ -80.037981253016909, 33.053722946961599 ], [ -80.036918901446526, 33.053573159578981 ], [ -80.036738755152214, 33.05445651646675 ], [ -80.035676396075104, 33.054306717700882 ], [ -80.035856553903699, 33.053423362287646 ], [ -80.034794210388682, 33.053273555087678 ], [ -80.03497437572338, 33.052390199685668 ], [ -80.036036707704483, 33.052540005411075 ], [ -80.036216857477598, 33.051656647070978 ], [ -80.03727918195257, 33.051806441413319 ], [ -80.038341510454856, 33.051956225847128 ], [ -80.038521633133186, 33.051072863094646 ], [ -80.039583954128702, 33.051222636145674 ], [ -80.039403842984186, 33.052106000372397 ] ] ] } },
{ "type": "Feature", "properties": { "id": "47_0", "growth_scenario": "high", "market_gravity_weight": 100 }, "geometry": { "type": "Polygon", "coordinates": [ [ [ -87.262041715197668, 36.634822402604762 ], [ -87.261938072767165, 36.635711261220791 ], [ -87.260814047233225, 36.635629296588263 ], [ -87.260710389169219, 36.636518153749464 ], [ -87.259586352905657, 36.63643617767071 ], [ -87.258462319094534, 36.636354191075014 ], [ -87.257338287736147, 36.636272193962427 ], [ -87.257441985344897, 36.635383339589652 ], [ -87.258566003521793, 36.635465335772658 ], [ -87.258669685496386, 36.634576479944542 ], [ -87.258773365018413, 36.63368762359049 ], [ -87.259897359285716, 36.633769607397909 ], [ -87.261021356005187, 36.63385158068867 ], [ -87.262145355176528, 36.633933543462817 ], [ -87.263269356799441, 36.634015495720355 ], [ -87.263165730001816, 36.634904355791299 ], [ -87.262041715197668, 36.634822402604762 ] ] ] } },
{ "type": "Feature", "properties": { "id": "47_1", "growth_scenario": "high", "market_gravity_weight": 100 }, "geometry": { "type": "Polygon", "coordinates": [ [ [ -87.252651951025996, 36.627862384187871 ], [ -87.252548207144585, 36.628751238124252 ], [ -87.252444460809301, 36.629640091533261 ], [ -87.251320536434207, 36.629558037831146 ], [ -87.250196614513413, 36.629475973613175 ], [ -87.250300387206266, 36.628587122064239 ], [ -87.24917648091872, 36.628505048260664 ], [ -87.249280264335425, 36.627616197114506 ], [ -87.249384045297418, 36.626727345440692 ], [ -87.25050792522859, 36.626809417383917 ], [ -87.250611690558202, 36.625920564252112 ], [ -87.251735559765876, 36.626002624749894 ], [ -87.252859431427467, 36.62608467473224 ], [ -87.25275569245359, 36.626973529723934 ], [ -87.252651951025996, 36.627862384187871 ] ] ] } },
{ "type": "Feature", "properties": { "id": "47_2", "growth_scenario": "high", "market_gravity_weight": 100 }, "geometry": { "type": "Polygon", "coordinates": [ [ [ -87.268490337707348, 36.628121138347851 ], [ -87.26961425932042, 36.628203031523412 ], [ -87.269510715576516, 36.629091899922322 ], [ -87.270634652818288, 36.629173783509955 ], [ -87.270531119805085, 36.630062652310059 ], [ -87.270427584342912, 36.630951520583494 ], [ -87.269303620740985, 36.630869635139604 ], [ -87.269200069649202, 36.631758501958252 ], [ -87.268076095316232, 36.6316766050697 ], [ -87.268179659588441, 36.630787739179333 ], [ -87.267055700885606, 36.630705832702674 ], [ -87.26715927588819, 36.629816967214126 ], [ -87.267262848440865, 36.628928101198717 ], [ -87.26736641854373, 36.628039234656264 ], [ -87.267469986196858, 36.627150367586616 ], [ -87.268593892181357, 36.627232270349907 ], [ -87.268490337707348, 36.628121138347851 ] ] ] } },
{ "type": "Feature", "properties": { "id": "47_3", "growth_scenario": "high", "market_gravity_weight": 100 }, "geometry": { "type": "Polygon", "coordinates": [ [ [ -87.265413766963817, 36.635068230613975 ], [ -87.265310164078187, 36.635957092017023 ], [ -87.265206558741738, 36.636845952894546 ], [ -87.264082512671479, 36.636764018883817 ], [ -87.263978891701797, 36.637652878307129 ], [ -87.262854834900523, 36.637570932850338 ], [ -87.262958469052435, 36.636682074356052 ], [ -87.261834427884921, 36.636600119311254 ], [ -87.261938072767165, 36.635711261220791 ], [ -87.262041715197668, 36.634822402604762 ], [ -87.263165730001816, 36.634904355791299 ], [ -87.263269356799441, 36.634015495720355 ], [ -87.264393360873612, 36.634097437461193 ], [ -87.265517367398715, 36.634179368685295 ], [ -87.26664137637448, 36.634261289392647 ], [ -87.26653778912106, 36.635150152250048 ], [ -87.265413766963817, 36.635068230613975 ] ] ] } },
{ "type": "Feature", "properties": { "id": "47_4", "growth_scenario": "high", "market_gravity_weight": 100 }, "geometry": { "type": "Polygon", "coordinates": [ [ [ -87.252963167947726, 36.625195819212536 ], [ -87.252859431427467, 36.62608467473224 ], [ -87.251735559765876, 36.626002624749894 ], [ -87.250611690558202, 36.625920564252112 ], [ -87.25050792522859, 36.626809417383917 ], [ -87.249384045297418, 36.626727345440692 ], [ -87.249487823804785, 36.625838493238952 ], [ -87.248363959505909, 36.625756411710476 ], [ -87.248467748736076, 36.624867559910861 ], [ -87.249591599857609, 36.624949640509151 ], [ -87.24969537345595, 36.624060787251132 ], [ -87.250819213854825, 36.624142856404113 ], [ -87.250922971821979, 36.62325400168762 ], [ -87.252046801498011, 36.623336059395641 ], [ -87.253170633627704, 36.623418106588609 ], [ -87.253066902014453, 36.62430696316472 ], [ -87.252963167947726, 36.625195819212536 ] ] ] } },
{ "type": "Feature", "properties": { "id": "47_5", "growth_scenario": "high", "market_gravity_weight": 100 }, "geometry": { "type": "Polygon", "coordinates": [ [ [ -87.270324046431639, 36.631840388330353 ], [ -87.271448025663247, 36.63192226418591 ], [ -87.271344498483742, 36.632811132334574 ], [ -87.270220506071226, 36.632729255550949 ], [ -87.270116963261557, 36.633618122245402 ], [ -87.268992960117146, 36.633536234016766 ], [ -87.268889401676702, 36.63442509925698 ], [ -87.26776538780058, 36.634343199583228 ], [ -87.26664137637448, 36.634261289392647 ], [ -87.266744961177551, 36.633372426009423 ], [ -87.266848543530372, 36.632483562100155 ], [ -87.266952123433029, 36.631594697664646 ], [ -87.268076095316232, 36.6316766050697 ], [ -87.269200069649202, 36.631758501958252 ], [ -87.269303620740985, 36.630869635139604 ], [ -87.270427584342912, 36.630951520583494 ], [ -87.270324046431639, 36.631840388330353 ] ] ] } },
{ "type": "Feature", "properties": { "id": "47_6", "growth_scenario": "high", "market_gravity_weight": 100 }, "geometry": { "type": "Polygon", "coordinates": [ [ [ -87.26880099378144, 36.62545453277167 ], [ -87.269924875857768, 36.62553642316292 ], [ -87.271048760382982, 36.625618303038472 ], [ -87.270945237164852, 36.626507173947367 ], [ -87.272069137317374, 36.626589044235047 ], [ -87.27196562482969, 36.627477915544361 ], [ -87.270841711498079, 36.627396044328826 ], [ -87.270738183382605, 36.628284914182956 ], [ -87.26961425932042, 36.628203031523412 ], [ -87.268490337707348, 36.628121138347851 ], [ -87.268593892181357, 36.627232270349907 ], [ -87.267469986196858, 36.627150367586616 ], [ -87.267573551400332, 36.626261499989489 ], [ -87.267677114154267, 36.625372631864757 ], [ -87.26778067445872, 36.624483763212226 ], [ -87.268904540907684, 36.624565663190957 ], [ -87.26880099378144, 36.62545453277167 ] ] ] } },
{ "type": "Feature", "properties": { "id": "47_7", "growth_scenario": "high", "market_gravity_weight": 100 }, "geometry": { "type": "Polygon", "coordinates": [ [ [ -87.261834427884921, 36.636600119311254 ], [ -87.261730780550849, 36.637488976876348 ], [ -87.261627130764865, 36.638377833916174 ], [ -87.26050306568473, 36.638295866495781 ], [ -87.259379003056907, 36.638213888558184 ], [ -87.258254942881706, 36.63813190010341 ], [ -87.258151251095953, 36.639020753829811 ], [ -87.257027180191244, 36.638938753928208 ], [ -87.257130885159398, 36.638049901131524 ], [ -87.257234587674347, 36.63716104780967 ], [ -87.257338287736147, 36.636272193962427 ], [ -87.258462319094534, 36.636354191075014 ], [ -87.259586352905657, 36.63643617767071 ], [ -87.260710389169219, 36.636518153749464 ], [ -87.260814047233225, 36.635629296588263 ], [ -87.261938072767165, 36.635711261220791 ], [ -87.261834427884921, 36.636600119311254 ] ] ] } },
{ "type": "Feature", "properties": { "id": "48_0", "growth_scenario": "high", "market_gravity_weight": 100 }, "geometry": { "type": "Polygon", "coordinates": [ [ [ -98.721512348574009, 29.428747925868304 ], [ -98.722542328995416, 29.428722084325074 ], [ -98.722571844598647, 29.429624033377703 ], [ -98.721541853023226, 29.429649875145817 ], [ -98.721571358112001, 29.430551822486898 ], [ -98.721600863840365, 29.431453767891714 ], [ -98.721630370208317, 29.432355711360454 ], [ -98.720600344529828, 29.432381544025731 ], [ -98.719570318211979, 29.432407366913619 ], [ -98.71954083415352, 29.431505422995375 ], [ -98.71951135073418, 29.430603477141126 ], [ -98.719481867953959, 29.429701529350609 ], [ -98.719452385812801, 29.42879957962375 ], [ -98.720482367513043, 29.428773757634559 ], [ -98.720452874857145, 29.427871806195689 ], [ -98.721482844764324, 29.427845974654208 ], [ -98.721512348574009, 29.428747925868304 ] ] ] } },
{ "type": "Feature", "properties": { "id": "48_1", "growth_scenario": "high", "market_gravity_weight": 100 }, "geometry": { "type": "Polygon", "coordinates": [ [ [ -96.959070411559679, 32.983526001796456 ], [ -96.959081276096668, 32.98442201883384 ], [ -96.959092140879804, 32.985318034642866 ], [ -96.958015610455917, 32.985327072621281 ], [ -96.958004757866277, 32.984431056722237 ], [ -96.956928239390024, 32.984440084460616 ], [ -96.956917399239487, 32.983544067243301 ], [ -96.955840892710867, 32.983553084741793 ], [ -96.954764385936954, 32.983562092090374 ], [ -96.954753570417907, 32.98266607346509 ], [ -96.955830064998864, 32.982657066206194 ], [ -96.955819237532168, 32.981761046441868 ], [ -96.956895719675131, 32.981752029122944 ], [ -96.957972201572545, 32.981743001654266 ], [ -96.959048683224111, 32.981733964035868 ], [ -96.959059547268822, 32.982629983530536 ], [ -96.959070411559679, 32.983526001796456 ] ] ] } },
{ "type": "Feature", "properties": { "id": "48_10", "growth_scenario": "high", "market_gravity_weight": 100 }, "geometry": { "type": "Polygon", "coordinates": [ [ [ -96.974853547452355, 32.953820009208265 ], [ -96.974864586631838, 32.95471606552394 ], [ -96.973788474348879, 32.954725252644536 ], [ -96.972712361816164, 32.954734429618533 ], [ -96.972701347004659, 32.953838373120256 ], [ -96.971625246406489, 32.953847539856419 ], [ -96.970549145559161, 32.953856696445968 ], [ -96.970538155364551, 32.952960638530733 ], [ -96.970527165418815, 32.952064579380718 ], [ -96.971603241898961, 32.952055422973245 ], [ -96.972679318129948, 32.952046256419429 ], [ -96.973755394111507, 32.952037079719304 ], [ -96.97483146984338, 32.952027892872771 ], [ -96.974842508522869, 32.952923951657908 ], [ -96.974853547452355, 32.953820009208265 ] ] ] } },
{ "type": "Feature", "properties": { "id": "48_100", "growth_scenario": "high", "market_gravity_weight": 100 }, "geometry": { "type": "Polygon", "coordinates": [ [ [ -97.036867716276134, 32.922803336254361 ], [ -97.036879453072842, 32.923699429185987 ], [ -97.035803769829784, 32.92370920150357 ], [ -97.035815494717809, 32.924605293291371 ], [ -97.03689119013525, 32.924595520876679 ], [ -97.036902927463373, 32.925491611326628 ], [ -97.03582721987128, 32.92550138383843 ], [ -97.034751512013742, 32.925511146206972 ], [ -97.034739799034924, 32.924615055562896 ], [ -97.033664103086878, 32.924624807691302 ], [ -97.032588406873955, 32.924634549676561 ], [ -97.032576718509105, 32.923738457598098 ], [ -97.033652402547617, 32.923728715709643 ], [ -97.033640702273246, 32.922832622487014 ], [ -97.033629002263737, 32.921936528023359 ], [ -97.034704661689403, 32.921926776185593 ], [ -97.035780320849966, 32.92191701420505 ], [ -97.03579204520716, 32.922813108474848 ], [ -97.036867716276134, 32.922803336254361 ] ] ] } },
{ "type": "Feature", "properties": { "id": "48_101", "growth_scenario": "high", "market_gravity_weight": 100 }, "geometry": { "type": "Polygon", "coordinates": [ [ [ -97.051006072670702, 32.934324469220932 ], [ -97.052081898278061, 32.934314553718707 ], [ -97.052093809016213, 32.935210629161922 ], [ -97.053169646531444, 32.935200703416882 ], [ -97.053181569717083, 32.93609677752287 ], [ -97.052105720024031, 32.936106703366569 ], [ -97.052117631301542, 32.937002776332761 ], [ -97.051041769160676, 32.937012692130615 ], [ -97.049965906750415, 32.937022597783987 ], [ -97.049954019829116, 32.936126524620754 ], [ -97.048878169327836, 32.936136420031218 ], [ -97.047802318557686, 32.936146305297335 ], [ -97.047790456261239, 32.935250230699069 ], [ -97.048866294853525, 32.935240345531255 ], [ -97.049942133176984, 32.935230450219116 ], [ -97.049930246793949, 32.934334374578874 ], [ -97.049918360680053, 32.933438297699837 ], [ -97.050994174379511, 32.933428392440348 ], [ -97.051006072670702, 32.934324469220932 ] ] ] } },
{ "type": "Feature", "properties": { "id": "48_102", "growth_scenario": "high", "market_gravity_weight": 100 }, "geometry": { "type": "Polygon", "coordinates": [ [ [ -97.72434760464995, 30.200242581084364 ], [ -97.725387486916929, 30.200226233553646 ], [ -97.725406368910711, 30.201126816266445 ], [ -97.726446262139518, 30.201110458734071 ], [ -97.72748615495486, 30.201094091346501 ], [ -97.727505060112492, 30.201994671982135 ], [ -97.726465155921872, 30.202011039516456 ], [ -97.726484050117691, 30.202911618515103 ], [ -97.725444134138002, 30.202927976340824 ], [ -97.725425251317731, 30.202027397195483 ], [ -97.724385346300352, 30.20204374501931 ], [ -97.724404217745032, 30.202944324311236 ], [ -97.723364300939068, 30.202960662426335 ], [ -97.723345440869977, 30.202060082987916 ], [ -97.722305535026848, 30.202076411101306 ], [ -97.722286686745861, 30.201175829732875 ], [ -97.723326581213627, 30.201159501765879 ], [ -97.723307721970016, 30.200258918760039 ], [ -97.723288863139132, 30.199358333970185 ], [ -97.724328734444228, 30.199341996440975 ], [ -97.72434760464995, 30.200242581084364 ] ] ] } },
{ "type": "Feature", "properties": { "id": "48_103", "growth_scenario": "high", "market_gravity_weight": 100 }, "geometry": { "type": "Polygon", "coordinates": [ [ [ -98.785430308320088, 29.428931130547163 ], [ -98.786460270924408, 29.428904682382722 ], [ -98.786490479344252, 29.429806613456911 ], [ -98.787520452446927, 29.429780155285542 ], [ -98.787550672674968, 29.430682084192814 ], [ -98.786520688418889, 29.430708542594388 ], [ -98.785490703507989, 29.430734991219069 ], [ -98.784460717942508, 29.430761430066834 ], [ -98.78343073172266, 29.430787859137666 ], [ -98.782400744848715, 29.430814278431612 ], [ -98.782370580387862, 29.429912348374209 ], [ -98.78234041658088, 29.42901041638012 ], [ -98.783370381148089, 29.42898399754592 ], [ -98.784400345061243, 29.428957568934905 ], [ -98.784370159602076, 29.428055635463764 ], [ -98.785400111707972, 29.42802919730606 ], [ -98.785430308320088, 29.428931130547163 ] ] ] } },
{ "type": "Feature", "properties": { "id": "48_104", "growth_scenario": "high", "market_gravity_weight": 100 }, "geometry": { "type": "Polygon", "coordinates": [ [ [ -97.052058077610781, 32.932522399115747 ], [ -97.052069987809588, 32.933418477036732 ], [ -97.052081898278061, 32.934314553718707 ], [ -97.051006072670702, 32.934324469220932 ], [ -97.050994174379511, 32.933428392440348 ], [ -97.049918360680053, 32.933438297699837 ], [ -97.049930246793949, 32.934334374578874 ], [ -97.048854420648084, 32.934344269792632 ], [ -97.048842546711484, 32.933448192815277 ], [ -97.047766732474074, 32.933458077786597 ], [ -97.046690917968121, 32.933467952613768 ], [ -97.046679068654413, 32.932571874201081 ], [ -97.04775487098334, 32.932561999471993 ], [ -97.047743009761149, 32.931665919918309 ], [ -97.048818799644749, 32.931656035143483 ], [ -97.049894589259551, 32.93164614022475 ], [ -97.050970378605271, 32.931636235162109 ], [ -97.050982276357701, 32.93253231442079 ], [ -97.052058077610781, 32.932522399115747 ] ] ] } },
{ "type": "Feature", "properties": { "id": "48_105", "growth_scenario": "high", "market_gravity_weight": 100 }, "geometry": { "type": "Polygon", "coordinates": [ [ [ -97.061932626046172, 32.946769788783989 ], [ -97.06194465019297, 32.947665846011297 ], [ -97.061956674612048, 32.948561902002552 ], [ -97.063032692382833, 32.948551883464994 ], [ -97.06302065578214, 32.94765582757335 ], [ -97.064096661098759, 32.94764579898969 ], [ -97.064108709881026, 32.948541854781624 ], [ -97.064120758936141, 32.949437909337576 ], [ -97.063044729256077, 32.949447938120699 ], [ -97.061968699303435, 32.949457956757904 ], [ -97.061980724267116, 32.950354010277572 ], [ -97.060904681859995, 32.950364018868427 ], [ -97.06089266907847, 32.949467965249241 ], [ -97.060880656568969, 32.948571910394357 ], [ -97.05980463825388, 32.948581908640378 ], [ -97.059792638198033, 32.947685852450157 ], [ -97.059780638413912, 32.946789795023903 ], [ -97.06085663236604, 32.946779796976728 ], [ -97.060844620672583, 32.945883738413606 ], [ -97.061920602171654, 32.945873730320393 ], [ -97.061932626046172, 32.946769788783989 ] ] ] } },
{ "type": "Feature", "properties": { "id": "48_106", "growth_scenario": "high", "market_gravity_weight": 100 }, "geometry": { "type": "Polygon", "coordinates": [ [ [ -98.684909585644917, 29.412508667455349 ], [ -98.684938687703905, 29.41341066136664 ], [ -98.6849677903936, 29.414312653338555 ], [ -98.684996893714043, 29.415214643371293 ], [ -98.683967068864391, 29.415240129390106 ], [ -98.68393797669458, 29.414338139135786 ], [ -98.682908162365067, 29.414363615157157 ], [ -98.682879081976182, 29.413461622742123 ], [ -98.682850002217535, 29.412559628387807 ], [ -98.68182020955841, 29.41258509419043 ], [ -98.681791141579936, 29.411683097675148 ], [ -98.682820923089096, 29.411657632093874 ], [ -98.682791844590881, 29.410755633860298 ], [ -98.683821614320152, 29.410730158724967 ], [ -98.68485138341903, 29.410704673814084 ], [ -98.684880484216634, 29.411606671604545 ], [ -98.684909585644917, 29.412508667455349 ] ] ] } },
{ "type": "Feature", "properties": { "id": "48_107", "growth_scenario": "high", "market_gravity_weight": 100 }, "geometry": { "type": "Polygon", "coordinates": [ [ [ -98.688805234736108, 29.469279475140237 ], [ -98.68777474167041, 29.469304994035237 ], [ -98.68674424797247, 29.469330503149205 ], [ -98.68571375364256, 29.469356002482183 ], [ -98.685742884311622, 29.470257874773115 ], [ -98.684712378184557, 29.47028336454721 ], [ -98.683681871425961, 29.470308844540142 ], [ -98.683652763087707, 29.469406971805064 ], [ -98.683623655380714, 29.468505097141339 ], [ -98.684654139808728, 29.468479617592433 ], [ -98.685684623605241, 29.468454128262582 ], [ -98.685655494199651, 29.46755225211416 ], [ -98.686685966199548, 29.467526753225563 ], [ -98.687716437567502, 29.467501244556065 ], [ -98.688746908303258, 29.467475726105789 ], [ -98.688776071203449, 29.468377601587445 ], [ -98.688805234736108, 29.469279475140237 ] ] ] } },
{ "type": "Feature", "properties": { "id": "48_108", "growth_scenario": "high", "market_gravity_weight": 100 }, "geometry": { "type": "Polygon", "coordinates": [ [ [ -97.046631674082249, 32.928987548157011 ], [ -97.045555920190509, 32.928997412349929 ], [ -97.045567756255224, 32.929893495818291 ], [ -97.044491989919564, 32.929903349965528 ], [ -97.043416223316214, 32.929913193969007 ], [ -97.043404411603419, 32.929017110304855 ], [ -97.042328656908623, 32.929026944066933 ], [ -97.042316857638923, 32.928130859065206 ], [ -97.042305058636373, 32.927234772823446 ], [ -97.043380788980045, 32.92722493925686 ], [ -97.044456519056325, 32.927215095546835 ], [ -97.045532248864944, 32.927205241693386 ], [ -97.046607978405618, 32.927195377696513 ], [ -97.046619826109833, 32.928091463546792 ], [ -97.046631674082249, 32.928987548157011 ] ] ] } },
{ "type": "Feature", "properties": { "id": "48_109", "growth_scenario": "high", "market_gravity_weight": 100 }, "geometry": { "type": "Polygon", "coordinates": [ [ [ -97.062972512104963, 32.944071591644168 ], [ -97.064048468697976, 32.944061563459464 ], [ -97.064060516388949, 32.944957624196761 ], [ -97.064072564352728, 32.945853683697464 ], [ -97.064084612589326, 32.946749741961717 ], [ -97.063008619454038, 32.946759770445631 ], [ -97.062996583398473, 32.945863712081632 ], [ -97.061920602171654, 32.945873730320393 ], [ -97.060844620672583, 32.945883738413606 ], [ -97.06085663236604, 32.946779796976728 ], [ -97.059780638413912, 32.946789795023903 ], [ -97.059768638901517, 32.945893736361342 ], [ -97.059756639660847, 32.9449976764624 ], [ -97.060832609251122, 32.944987678614062 ], [ -97.060820598101643, 32.944091617577875 ], [ -97.061896555239429, 32.944081609683685 ], [ -97.061884532181693, 32.943185547510168 ], [ -97.062960476867005, 32.943175529570347 ], [ -97.062972512104963, 32.944071591644168 ] ] ] } },
{ "type": "Feature", "properties": { "id": "48_11", "growth_scenario": "high", "market_gravity_weight": 100 }, "geometry": { "type": "Polygon", "coordinates": [ [ [ -96.955056497600495, 33.007754131195213 ], [ -96.956133333688939, 33.007745121423511 ], [ -96.956144168272729, 33.008641105629891 ], [ -96.957221016316339, 33.008632085615616 ], [ -96.957231863346649, 33.00952806850875 ], [ -96.956155003102069, 33.009537088612873 ], [ -96.956165838176972, 33.010433070372713 ], [ -96.956176673497424, 33.011329050909502 ], [ -96.955099788604514, 33.011338061040441 ], [ -96.954022903466296, 33.011347061018334 ], [ -96.954012092548922, 33.010451080301976 ], [ -96.954001281876543, 33.009555098362668 ], [ -96.953990471449188, 33.00865911520016 ], [ -96.953979661266786, 33.00776313081424 ], [ -96.953968851329392, 33.006867145204808 ], [ -96.955045675462657, 33.006858145675501 ], [ -96.955056497600495, 33.007754131195213 ] ] ] } },
{ "type": "Feature", "properties": { "id": "48_110", "growth_scenario": "high", "market_gravity_weight": 100 }, "geometry": { "type": "Polygon", "coordinates": [ [ [ -97.036844243479791, 32.921011146667567 ], [ -97.036855979745113, 32.921907242081616 ], [ -97.036867716276134, 32.922803336254361 ], [ -97.03579204520716, 32.922813108474848 ], [ -97.035780320849966, 32.92191701420505 ], [ -97.034704661689403, 32.921926776185593 ], [ -97.033629002263737, 32.921936528023359 ], [ -97.033617302519062, 32.921040432318371 ], [ -97.033605603039263, 32.920144335371901 ], [ -97.033593903824283, 32.919248237183858 ], [ -97.034669526730099, 32.919238485636754 ], [ -97.035745149370811, 32.919228723947064 ], [ -97.036820771746122, 32.919218952114917 ], [ -97.036832507480113, 32.920115050012065 ], [ -97.036844243479791, 32.921011146667567 ] ] ] } },
{ "type": "Feature", "properties": { "id": "48_111", "growth_scenario": "high", "market_gravity_weight": 100 }, "geometry": { "type": "Polygon", "coordinates": [ [ [ -97.056444997957314, 32.938755153123537 ], [ -97.057520883103891, 32.938745186405072 ], [ -97.057508910393821, 32.937849116409538 ], [ -97.058584783090694, 32.937839139645561 ], [ -97.058596767979353, 32.938735209541868 ], [ -97.059672652583473, 32.938725222534025 ], [ -97.060748536915924, 32.938715225381465 ], [ -97.060760546433698, 32.939611293841246 ], [ -97.059684649922374, 32.939621291093168 ], [ -97.058608753139396, 32.939631278200345 ], [ -97.057532856085032, 32.939641255162677 ], [ -97.056456958759583, 32.93965122198027 ], [ -97.055381061163317, 32.939661178653083 ], [ -97.055369112539935, 32.938765109697343 ], [ -97.05429322685201, 32.938775056126495 ], [ -97.054281290677807, 32.937878985834054 ], [ -97.054269354773865, 32.936982914303499 ], [ -97.055345216104811, 32.936972968072176 ], [ -97.056421077165226, 32.936963011696307 ], [ -97.056433037425862, 32.937859083028968 ], [ -97.056444997957314, 32.938755153123537 ] ] ] } },
{ "type": "Feature", "properties": { "id": "48_112", "growth_scenario": "high", "market_gravity_weight": 100 }, "geometry": { "type": "Polygon", "coordinates": [ [ [ -97.055261587102862, 32.930700433369338 ], [ -97.055273533291682, 32.93159651347262 ], [ -97.055285479750992, 32.932492592336494 ], [ -97.054209679307689, 32.932502538073557 ], [ -97.053133878594195, 32.932512473666634 ], [ -97.053121956488312, 32.931616394605172 ], [ -97.05204616768161, 32.931626319955562 ], [ -97.052058077610781, 32.932522399115747 ], [ -97.050982276357701, 32.93253231442079 ], [ -97.050970378605271, 32.931636235162109 ], [ -97.049894589259551, 32.93164614022475 ], [ -97.04988270395296, 32.930750059628316 ], [ -97.050958481122194, 32.930740154664122 ], [ -97.05203425802209, 32.930730239556127 ], [ -97.052022348632207, 32.929834157917142 ], [ -97.053098113086278, 32.929824232763977 ], [ -97.054173877270472, 32.929814297467139 ], [ -97.054185811012701, 32.930710378908707 ], [ -97.055261587102862, 32.930700433369338 ] ] ] } },
{ "type": "Feature", "properties": { "id": "48_113", "growth_scenario": "high", "market_gravity_weight": 100 }, "geometry": { "type": "Polygon", "coordinates": [ [ [ -98.787429795692972, 29.427074356942693 ], [ -98.788459734681922, 29.427047889685312 ], [ -98.788489964097536, 29.427949824173027 ], [ -98.788520194168413, 29.428851756723624 ], [ -98.787490232873921, 29.428878224441547 ], [ -98.787520452446927, 29.429780155285542 ], [ -98.786490479344252, 29.429806613456911 ], [ -98.786460270924408, 29.428904682382722 ], [ -98.785430308320088, 29.428931130547163 ], [ -98.785400111707972, 29.42802919730606 ], [ -98.784370159602076, 29.428055635463764 ], [ -98.784339974797192, 29.427153700055584 ], [ -98.784309790646574, 29.426251762710219 ], [ -98.785339720447283, 29.426225325012464 ], [ -98.786369649593496, 29.42619887753823 ], [ -98.786399856049044, 29.427100814423554 ], [ -98.787429795692972, 29.427074356942693 ] ] ] } },
{ "type": "Feature", "properties": { "id": "48_114", "growth_scenario": "high", "market_gravity_weight": 100 }, "geometry": { "type": "Polygon", "coordinates": [ [ [ -98.684654139808728, 29.468479617592433 ], [ -98.683623655380714, 29.468505097141339 ], [ -98.683652763087707, 29.469406971805064 ], [ -98.682622266863248, 29.469432441794964 ], [ -98.682593170321454, 29.468530566909287 ], [ -98.681562684631189, 29.468556026896305 ], [ -98.680532198310161, 29.46858147710234 ], [ -98.679501711358611, 29.468606917527421 ], [ -98.679472648942806, 29.467705040047722 ], [ -98.680503124729341, 29.467679599844292 ], [ -98.680474051779015, 29.466777720657284 ], [ -98.6815045157703, 29.466752270894776 ], [ -98.682534979130864, 29.466726811351414 ], [ -98.683565441860452, 29.46670134202731 ], [ -98.684595903958837, 29.466675862922411 ], [ -98.684625021568039, 29.467577741221906 ], [ -98.684654139808728, 29.468479617592433 ] ] ] } },
{ "type": "Feature", "properties": { "id": "48_115", "growth_scenario": "high", "market_gravity_weight": 100 }, "geometry": { "type": "Polygon", "coordinates": [ [ [ -97.003271949301649, 32.903387134632872 ], [ -97.004347360446886, 32.903377668770482 ], [ -97.004358726355335, 32.904273791915124 ], [ -97.005434149411641, 32.904264315817855 ], [ -97.00544552774592, 32.90516043762355 ], [ -97.006520962713267, 32.905150951291176 ], [ -97.006532353473901, 32.906047071757989 ], [ -97.005456906337713, 32.906056558184567 ], [ -97.004381458943982, 32.906066034469994 ], [ -97.003306011292992, 32.906075500614328 ], [ -97.003294657038907, 32.905179379865181 ], [ -97.002219221299811, 32.905188835774489 ], [ -97.001143785303995, 32.905198281542781 ], [ -97.001132455644068, 32.90430215936135 ], [ -97.002207879471271, 32.904292713686857 ], [ -97.002196537899451, 32.903396590354411 ], [ -97.002185196584307, 32.902500465776967 ], [ -97.00326059581846, 32.902491010149284 ], [ -97.003271949301649, 32.903387134632872 ] ] ] } },
{ "type": "Feature", "properties": { "id": "48_116", "growth_scenario": "high", "market_gravity_weight": 100 }, "geometry": { "type": "Polygon", "coordinates": [ [ [ -98.68273368948492, 29.408951631573466 ], [ -98.682762766722817, 29.409853633686904 ], [ -98.683792525302636, 29.409828158772982 ], [ -98.683821614320152, 29.410730158724967 ], [ -98.682791844590881, 29.410755633860298 ], [ -98.682820923089096, 29.411657632093874 ], [ -98.681791141579936, 29.411683097675148 ], [ -98.681762074231415, 29.410781099220227 ], [ -98.681733007512833, 29.409879098825339 ], [ -98.681703941424175, 29.408977096490521 ], [ -98.68067419273352, 29.409002551632273 ], [ -98.679644443413224, 29.40902799699867 ], [ -98.679615400252501, 29.408125992281136 ], [ -98.679586357721163, 29.407223985623283 ], [ -98.680616084743633, 29.407198540699273 ], [ -98.681645811136491, 29.407173086000093 ], [ -98.682675536899495, 29.40714762152572 ], [ -98.682704612877146, 29.408049627519748 ], [ -98.68273368948492, 29.408951631573466 ] ] ] } },
{ "type": "Feature", "properties": { "id": "48_117", "growth_scenario": "high", "market_gravity_weight": 100 }, "geometry": { "type": "Polygon", "coordinates": [ [ [ -98.783977808164877, 29.41633032400637 ], [ -98.785007615304252, 29.416303888837767 ], [ -98.785037803409239, 29.417205847273884 ], [ -98.785067992168479, 29.418107803770916 ], [ -98.786097820953472, 29.418081358366805 ], [ -98.786128021517285, 29.418983312694937 ], [ -98.786158222735665, 29.419885265084265 ], [ -98.785128371649876, 29.419911710948288 ], [ -98.784098519909747, 29.419938147036437 ], [ -98.784068340992448, 29.419036194187214 ], [ -98.783038499748798, 29.419062620269663 ], [ -98.783008332635887, 29.418160665251861 ], [ -98.78297816617679, 29.417258708295208 ], [ -98.782948000371476, 29.416356749399419 ], [ -98.782917835219934, 29.415454788564386 ], [ -98.783947631863725, 29.415428363401091 ], [ -98.783977808164877, 29.41633032400637 ] ] ] } },
{ "type": "Feature", "properties": { "id": "48_118", "growth_scenario": "high", "market_gravity_weight": 100 }, "geometry": { "type": "Polygon", "coordinates": [ [ [ -97.057389198201264, 32.928888348329906 ], [ -97.057401168200911, 32.92978443071442 ], [ -97.057413138471546, 32.930680511859229 ], [ -97.056337362922577, 32.930690477686163 ], [ -97.056349321287811, 32.931586557690494 ], [ -97.055273533291682, 32.93159651347262 ], [ -97.055261587102862, 32.930700433369338 ], [ -97.054185811012701, 32.930710378908707 ], [ -97.054173877270472, 32.929814297467139 ], [ -97.053098113086278, 32.929824232763977 ], [ -97.053086191790129, 32.928928149983882 ], [ -97.054161943798434, 32.92891821478576 ], [ -97.054150010596544, 32.928022130864534 ], [ -97.055225750159096, 32.928012185621625 ], [ -97.056301489451201, 32.928002230235279 ], [ -97.056313447004271, 32.928898313958776 ], [ -97.057389198201264, 32.928888348329906 ] ] ] } },
{ "type": "Feature", "properties": { "id": "48_119", "growth_scenario": "high", "market_gravity_weight": 100 }, "geometry": { "type": "Polygon", "coordinates": [ [ [ -98.782827343687643, 29.412748894421942 ], [ -98.783857106884085, 29.412722469947941 ], [ -98.783887281223343, 29.413624436372022 ], [ -98.784917054914729, 29.413598001893021 ], [ -98.784947241057026, 29.414499966147517 ], [ -98.784977427853534, 29.41540192846238 ], [ -98.783947631863725, 29.415428363401091 ], [ -98.782917835219934, 29.415454788564386 ], [ -98.782948000371476, 29.416356749399419 ], [ -98.781918191924319, 29.416383165016917 ], [ -98.781888037922386, 29.415481203952144 ], [ -98.781857884573967, 29.414579240948008 ], [ -98.781827731879019, 29.41367727600424 ], [ -98.78179757983753, 29.412775309120715 ], [ -98.781767428449484, 29.411873340297205 ], [ -98.78279718115094, 29.411846925828076 ], [ -98.782827343687643, 29.412748894421942 ] ] ] } },
{ "type": "Feature", "properties": { "id": "48_12", "growth_scenario": "high", "market_gravity_weight": 100 }, "geometry": { "type": "Polygon", "coordinates": [ [ [ -98.714096500994643, 29.422614832739384 ], [ -98.715126407815504, 29.422589061204736 ], [ -98.716156313998425, 29.422563279893687 ], [ -98.717186219543152, 29.422537488806125 ], [ -98.717215674906583, 29.423439452541583 ], [ -98.717245130908481, 29.424341414339494 ], [ -98.716215203058667, 29.424367205875701 ], [ -98.715185274570644, 29.424392987635269 ], [ -98.714155345444638, 29.424418759618227 ], [ -98.713125415680878, 29.424444521824501 ], [ -98.713096004289739, 29.423542559129771 ], [ -98.712066085041215, 29.423568311335416 ], [ -98.712036685440054, 29.422666346479154 ], [ -98.713066593536084, 29.422640594497494 ], [ -98.713037183419885, 29.421738627927489 ], [ -98.71406707972622, 29.421712866393428 ], [ -98.714096500994643, 29.422614832739384 ] ] ] } },
{ "type": "Feature", "properties": { "id": "48_120", "growth_scenario": "high", "market_gravity_weight": 100 }, "geometry": { "type": "Polygon", "coordinates": [ [ [ -97.07994330170429, 33.00484933010533 ], [ -97.079955538756238, 33.005745305758424 ], [ -97.07996777608551, 33.006641280187267 ], [ -97.079980013692079, 33.007537253392087 ], [ -97.079992251576002, 33.008433225373011 ], [ -97.080004489737263, 33.009329196130309 ], [ -97.078927647097302, 33.009339373742158 ], [ -97.078915421136273, 33.008443402883408 ], [ -97.078903195452313, 33.007547430801012 ], [ -97.077826376935477, 33.007557598057566 ], [ -97.077814163728277, 33.006661624650064 ], [ -97.076737357134363, 33.006671781652976 ], [ -97.076725156403356, 33.005775806920127 ], [ -97.076712955948807, 33.00487983096312 ], [ -97.077789738144148, 33.00486967416262 ], [ -97.07780195079782, 33.005765650018418 ], [ -97.078878744915556, 33.005755482964524 ], [ -97.078866520062732, 33.004859507210021 ], [ -97.078854295486948, 33.003963530231104 ], [ -97.079931064929653, 33.003953353227864 ], [ -97.07994330170429, 33.00484933010533 ] ] ] } },
{ "type": "Feature", "properties": { "id": "48_121", "growth_scenario": "high", "market_gravity_weight": 100 }, "geometry": { "type": "Polygon", "coordinates": [ [ [ -97.077081877444101, 32.952900973612252 ], [ -97.078157952285238, 32.952890812528771 ], [ -97.078170161086092, 32.953786859601976 ], [ -97.079246247833865, 32.953776688271098 ], [ -97.079258469094583, 32.954672734008298 ], [ -97.078182370163432, 32.954682905440357 ], [ -97.077106270955767, 32.954693066725945 ], [ -97.077118468125917, 32.955589111430726 ], [ -97.076042356458359, 32.955599262670866 ], [ -97.076030171471871, 32.954703217865124 ], [ -97.074954071712028, 32.954713358857845 ], [ -97.073877971676538, 32.954723489704122 ], [ -97.073865811332851, 32.953827443462067 ], [ -97.074941899184935, 32.953817312716581 ], [ -97.07492972693349, 32.952921265340464 ], [ -97.076005802326762, 32.952911124549473 ], [ -97.075993618168098, 32.952015076039174 ], [ -97.077069681102586, 32.952004925202893 ], [ -97.077081877444101, 32.952900973612252 ] ] ] } },
{ "type": "Feature", "properties": { "id": "48_122", "growth_scenario": "high", "market_gravity_weight": 100 }, "geometry": { "type": "Polygon", "coordinates": [ [ [ -97.059516711893949, 32.927076218549118 ], [ -97.059528705702192, 32.92797230321532 ], [ -97.059540699781977, 32.928868386641383 ], [ -97.059552694133316, 32.929764468827585 ], [ -97.059564688756183, 32.930660549774011 ], [ -97.059576683650633, 32.931556629480895 ], [ -97.059588678816638, 32.93245270794835 ], [ -97.058512879456899, 32.932462694261389 ], [ -97.058500896467564, 32.931566615694642 ], [ -97.058488913749514, 32.930670535888503 ], [ -97.058476931302749, 32.92977445484285 ], [ -97.057401168200911, 32.92978443071442 ], [ -97.057389198201264, 32.928888348329906 ], [ -97.057377228472603, 32.927992264705438 ], [ -97.057365259014944, 32.92709617984093 ], [ -97.058440985590067, 32.927086204266722 ], [ -97.058429004228344, 32.92619011826099 ], [ -97.059504718357218, 32.926180132642678 ], [ -97.059516711893949, 32.927076218549118 ] ] ] } },
{ "type": "Feature", "properties": { "id": "48_123", "growth_scenario": "high", "market_gravity_weight": 100 }, "geometry": { "type": "Polygon", "coordinates": [ [ [ -98.785916631314961, 29.412669591674284 ], [ -98.785946827951904, 29.413571557638676 ], [ -98.785977025243298, 29.414473521663236 ], [ -98.787006808775118, 29.414447067403589 ], [ -98.787037017870247, 29.415349029258483 ], [ -98.787067227620071, 29.416250989173957 ], [ -98.786037421789402, 29.41627744389363 ], [ -98.785007615304252, 29.416303888837767 ], [ -98.783977808164877, 29.41633032400637 ], [ -98.783947631863725, 29.415428363401091 ], [ -98.784977427853534, 29.41540192846238 ], [ -98.784947241057026, 29.414499966147517 ], [ -98.784917054914729, 29.413598001893021 ], [ -98.783887281223343, 29.413624436372022 ], [ -98.783857106884085, 29.412722469947941 ], [ -98.782827343687643, 29.412748894421942 ], [ -98.78279718115094, 29.411846925828076 ], [ -98.783826933198739, 29.411820501583826 ], [ -98.78485668459264, 29.411794067564475 ], [ -98.7848868694266, 29.412696035698737 ], [ -98.785916631314961, 29.412669591674284 ] ] ] } },
{ "type": "Feature", "properties": { "id": "48_124", "growth_scenario": "high", "market_gravity_weight": 100 }, "geometry": { "type": "Polygon", "coordinates": [ [ [ -98.783706244996154, 29.408212608724401 ], [ -98.784735951798012, 29.408186175624216 ], [ -98.784766134015527, 29.409088151520095 ], [ -98.783736416066034, 29.409114584850048 ], [ -98.783766587789728, 29.410016559035075 ], [ -98.782736858038476, 29.410042982819903 ], [ -98.781707127633624, 29.41006939682973 ], [ -98.781737277714853, 29.410971369533609 ], [ -98.780707535508427, 29.410997773998034 ], [ -98.780677396575385, 29.410095801064589 ], [ -98.780647258295474, 29.40919382619068 ], [ -98.780617120668694, 29.408291849376162 ], [ -98.780586983694988, 29.407389870620907 ], [ -98.781616681310084, 29.40736346707461 ], [ -98.782646378271863, 29.407337053753601 ], [ -98.782676537540496, 29.408239032049799 ], [ -98.783706244996154, 29.408212608724401 ] ] ] } },
{ "type": "Feature", "properties": { "id": "48_125", "growth_scenario": "high", "market_gravity_weight": 100 }, "geometry": { "type": "Polygon", "coordinates": [ [ [ -97.728544963889377, 30.201978294592671 ], [ -97.728563880836319, 30.202878873297777 ], [ -97.728582798197266, 30.203779450219397 ], [ -97.728601715972232, 30.204680025357632 ], [ -97.72756177806798, 30.204696403187661 ], [ -97.726521839749921, 30.204712771162185 ], [ -97.725481901018341, 30.204729129281262 ], [ -97.725463017371524, 30.203828553702657 ], [ -97.724423089602737, 30.203844901819672 ], [ -97.724404217745032, 30.202944324311236 ], [ -97.725444134138002, 30.202927976340824 ], [ -97.726484050117691, 30.202911618515103 ], [ -97.726465155921872, 30.202011039516456 ], [ -97.727505060112492, 30.201994671982135 ], [ -97.72748615495486, 30.201094091346501 ], [ -97.728526047356453, 30.201077714103874 ], [ -97.728544963889377, 30.201978294592671 ] ] ] } },
{ "type": "Feature", "properties": { "id": "48_126", "growth_scenario": "high", "market_gravity_weight": 100 }, "geometry": { "type": "Polygon", "coordinates": [ [ [ -97.726408475815262, 30.199309291817706 ], [ -97.727448345880731, 30.199292924723665 ], [ -97.728488215532494, 30.199276547774627 ], [ -97.728507131237492, 30.2001771318313 ], [ -97.727467250210921, 30.200193508927093 ], [ -97.72748615495486, 30.201094091346501 ], [ -97.726446262139518, 30.201110458734071 ], [ -97.725406368910711, 30.201126816266445 ], [ -97.725387486916929, 30.200226233553646 ], [ -97.72434760464995, 30.200242581084364 ], [ -97.724328734444228, 30.199341996440975 ], [ -97.724309864651445, 30.198441410013437 ], [ -97.724290995271616, 30.197540821801525 ], [ -97.725330843414824, 30.19752447471047 ], [ -97.726370691144837, 30.19750811776461 ], [ -97.726389583273331, 30.198408705683345 ], [ -97.726408475815262, 30.199309291817706 ] ] ] } },
{ "type": "Feature", "properties": { "id": "48_127", "growth_scenario": "high", "market_gravity_weight": 100 }, "geometry": { "type": "Polygon", "coordinates": [ [ [ -97.696047898001666, 30.189873058603247 ], [ -97.696066456613821, 30.19077366680375 ], [ -97.696085015632093, 30.191674273218524 ], [ -97.697124795221185, 30.191658193217307 ], [ -97.697143366018537, 30.192558797702343 ], [ -97.696103575056483, 30.192574877847754 ], [ -97.695063783688298, 30.192590948138722 ], [ -97.695045235636883, 30.19169034336549 ], [ -97.694005455235811, 30.191706403658159 ], [ -97.693986918962992, 30.190805796955409 ], [ -97.692947149529033, 30.190821847249889 ], [ -97.691907379689724, 30.19083788769019 ], [ -97.691888866567538, 30.189937278914165 ], [ -97.692928625034341, 30.1899212386176 ], [ -97.692910100944999, 30.189020628199437 ], [ -97.693949847634187, 30.189004578192581 ], [ -97.694989593917811, 30.188988518331687 ], [ -97.695008140751654, 30.189889128462138 ], [ -97.696047898001666, 30.189873058603247 ] ] ] } },
{ "type": "Feature", "properties": { "id": "48_128", "growth_scenario": "high", "market_gravity_weight": 100 }, "geometry": { "type": "Polygon", "coordinates": [ [ [ -97.087419157375692, 33.000297913042481 ], [ -97.087431478425188, 33.001193894106784 ], [ -97.088508209047149, 33.001183636194369 ], [ -97.088520542573775, 33.002079615931301 ], [ -97.087443799753885, 33.002089873945941 ], [ -97.08636705665478, 33.002100121808802 ], [ -97.08529031327673, 33.002110359519946 ], [ -97.084213569620033, 33.002120587079318 ], [ -97.08313682568496, 33.002130804486889 ], [ -97.083124553148153, 33.001234824239873 ], [ -97.084201284885253, 33.001224606934102 ], [ -97.084189000428822, 33.000328625563789 ], [ -97.084176716250752, 32.999432642968124 ], [ -97.085253423314342, 32.99942241571447 ], [ -97.086330130099327, 32.999412178309349 ], [ -97.086342438672219, 33.000308160701159 ], [ -97.087419157375692, 33.000297913042481 ] ] ] } },
{ "type": "Feature", "properties": { "id": "48_129", "growth_scenario": "high", "market_gravity_weight": 100 }, "geometry": { "type": "Polygon", "coordinates": [ [ [ -98.79170086864363, 29.43147807886686 ], [ -98.792730860775478, 29.431451571350276 ], [ -98.793760852251026, 29.431425054056763 ], [ -98.794790843070032, 29.431398526986349 ], [ -98.79482114268481, 29.432300450406878 ], [ -98.795851144000764, 29.432273913328594 ], [ -98.796881144659665, 29.432247366473362 ], [ -98.796911467239127, 29.433149287495699 ], [ -98.795881455426297, 29.433175834581924 ], [ -98.795911767508898, 29.434077753899189 ], [ -98.794881743884801, 29.434104291439247 ], [ -98.793851719603879, 29.434130819202121 ], [ -98.793821429829677, 29.433228899423135 ], [ -98.792791416046384, 29.433255417178096 ], [ -98.791761401606749, 29.433281925155953 ], [ -98.791731134797146, 29.432380002979478 ], [ -98.79170086864363, 29.43147807886686 ] ] ] } },
{ "type": "Feature", "properties": { "id": "48_13", "growth_scenario": "high", "market_gravity_weight": 100 }, "geometry": { "type": "Polygon", "coordinates": [ [ [ -96.957242710622779, 33.010424050178628 ], [ -96.958319582822767, 33.010415019831584 ], [ -96.958330442546256, 33.011311000188449 ], [ -96.959407326701637, 33.011301959598313 ], [ -96.959418198873038, 33.012197938642217 ], [ -96.959429071290828, 33.01309391646344 ], [ -96.958352162731614, 33.013102957233819 ], [ -96.957275253926255, 33.013111987850969 ], [ -96.957264405912568, 33.012216009849553 ], [ -96.95618750906344, 33.012225030223455 ], [ -96.955110611968706, 33.012234040444234 ], [ -96.954033714628693, 33.01224304051177 ], [ -96.954022903466296, 33.011347061018334 ], [ -96.955099788604514, 33.011338061040441 ], [ -96.956176673497424, 33.011329050909502 ], [ -96.956165838176972, 33.010433070372713 ], [ -96.956155003102069, 33.009537088612873 ], [ -96.957231863346649, 33.00952806850875 ], [ -96.957242710622779, 33.010424050178628 ] ] ] } },
{ "type": "Feature", "properties": { "id": "48_130", "growth_scenario": "high", "market_gravity_weight": 100 }, "geometry": { "type": "Polygon", "coordinates": [ [ [ -96.993492050890069, 32.895406698291914 ], [ -96.994567354834956, 32.895397324534549 ], [ -96.995642658525142, 32.895387940637271 ], [ -96.995653924791924, 32.896284075742379 ], [ -96.996729240393066, 32.896274681611892 ], [ -96.996740519080987, 32.897170815377265 ], [ -96.995665191313677, 32.897180209601004 ], [ -96.994589863291409, 32.897189593684537 ], [ -96.993514535014441, 32.897198967628 ], [ -96.992439206483041, 32.897208331431251 ], [ -96.991363877697523, 32.897217685094418 ], [ -96.991352659840516, 32.896321550863824 ], [ -96.991341442237399, 32.895425415386747 ], [ -96.992416746690807, 32.895416061909309 ], [ -96.992405517175868, 32.894519925278495 ], [ -96.993480809209515, 32.894510561754025 ], [ -96.993492050890069, 32.895406698291914 ] ] ] } },
{ "type": "Feature", "properties": { "id": "48_131", "growth_scenario": "high", "market_gravity_weight": 100 }, "geometry": { "type": "Polygon", "coordinates": [ [ [ -98.789308243370186, 29.421609766418811 ], [ -98.789278007389754, 29.42070781859708 ], [ -98.79030786700649, 29.420681333399244 ], [ -98.791337725967665, 29.420654838425452 ], [ -98.792367584273038, 29.420628333675737 ], [ -98.793397441922366, 29.420601819150139 ], [ -98.794427298915423, 29.420575294848593 ], [ -98.794457590650239, 29.421477241517781 ], [ -98.794487883041612, 29.422379186248602 ], [ -98.79345800374665, 29.422405711011542 ], [ -98.792428123795361, 29.422432225998339 ], [ -98.791398243187984, 29.422458731209108 ], [ -98.791428502781898, 29.423360674693672 ], [ -98.790398610367305, 29.423387170358737 ], [ -98.790368361924777, 29.422485226643801 ], [ -98.790338114137839, 29.421583280990671 ], [ -98.789308243370186, 29.421609766418811 ] ] ] } },
{ "type": "Feature", "properties": { "id": "48_132", "growth_scenario": "high", "market_gravity_weight": 100 }, "geometry": { "type": "Polygon", "coordinates": [ [ [ -97.087480765415251, 33.00477780611417 ], [ -97.087493087860835, 33.005673781054448 ], [ -97.08641629596714, 33.005684029325842 ], [ -97.085339503794472, 33.005694267445058 ], [ -97.085351802120613, 33.006590241365259 ], [ -97.08427499746989, 33.006600469434218 ], [ -97.084262711343115, 33.005704495412118 ], [ -97.08425042549473, 33.004808520165746 ], [ -97.084238139924764, 33.003912543694931 ], [ -97.084225854633218, 33.003016565999502 ], [ -97.085302610488156, 33.003006338338238 ], [ -97.086379366064435, 33.00299610052511 ], [ -97.087456121361782, 33.002985852560094 ], [ -97.087468443248909, 33.003881829949464 ], [ -97.087480765415251, 33.00477780611417 ] ] ] } },
{ "type": "Feature", "properties": { "id": "48_14", "growth_scenario": "high", "market_gravity_weight": 100 }, "geometry": { "type": "Polygon", "coordinates": [ [ [ -96.966211916048167, 32.951205042798527 ], [ -96.966222857012198, 32.952101103546873 ], [ -96.967298934486209, 32.952091987724863 ], [ -96.968375011712155, 32.952082861756502 ], [ -96.968385977290964, 32.952978921088395 ], [ -96.969462066452053, 32.952969784882761 ], [ -96.96947304446293, 32.953865842889009 ], [ -96.96839694311808, 32.953874979185478 ], [ -96.967320841524881, 32.953884105335405 ], [ -96.967309887881513, 32.952988047147542 ], [ -96.966233798224025, 32.952997163060139 ], [ -96.965157708318728, 32.953006268826321 ], [ -96.964081618165949, 32.953015364446067 ], [ -96.964070701321134, 32.95211930475169 ], [ -96.964059784723545, 32.951223243822348 ], [ -96.962983718690268, 32.951232329114838 ], [ -96.962972814522857, 32.950336266859978 ], [ -96.964048868373169, 32.950327181657862 ], [ -96.965124921976269, 32.950318086309579 ], [ -96.965135850509597, 32.951214148383613 ], [ -96.966211916048167, 32.951205042798527 ] ] ] } },
{ "type": "Feature", "properties": { "id": "48_15", "growth_scenario": "high", "market_gravity_weight": 100 }, "geometry": { "type": "Polygon", "coordinates": [ [ [ -97.02275760902458, 32.996414850737011 ], [ -97.0227691968838, 32.997310843876193 ], [ -97.021692510724804, 32.997320482050824 ], [ -97.020615824303505, 32.997330110074124 ], [ -97.020604260837985, 32.996434116743004 ], [ -97.019527586351529, 32.996443734519133 ], [ -97.018450911603324, 32.996453342143937 ], [ -97.018439372793026, 32.995557347395312 ], [ -97.018427834244164, 32.994661351420497 ], [ -97.019504484599437, 32.994651743987077 ], [ -97.020581134692975, 32.99464212640261 ], [ -97.021657784524535, 32.994632498667073 ], [ -97.022734434093806, 32.994622860780481 ], [ -97.02274602142792, 32.995518856371795 ], [ -97.02275760902458, 32.996414850737011 ] ] ] } },
{ "type": "Feature", "properties": { "id": "48_16", "growth_scenario": "high", "market_gravity_weight": 100 }, "geometry": { "type": "Polygon", "coordinates": [ [ [ -96.972646276688621, 32.949358072105277 ], [ -96.97372231612151, 32.949348895678909 ], [ -96.974798355304728, 32.949339709106518 ], [ -96.975874394237991, 32.94933051238808 ], [ -96.975885444350169, 32.950226574787322 ], [ -96.97480939323431, 32.950235771597271 ], [ -96.974820431413846, 32.95113183285261 ], [ -96.973744367865152, 32.951141019607739 ], [ -96.972668304066758, 32.951150196216652 ], [ -96.971592240018936, 32.951159362679306 ], [ -96.970516175721968, 32.951168518995686 ], [ -96.970505186273996, 32.950272457375434 ], [ -96.970494197074885, 32.949376394519859 ], [ -96.971570237006304, 32.949367238385612 ], [ -96.971559235873698, 32.948471174385503 ], [ -96.972635263373647, 32.948462008196373 ], [ -96.972646276688621, 32.949358072105277 ] ] ] } },
{ "type": "Feature", "properties": { "id": "48_17", "growth_scenario": "high", "market_gravity_weight": 100 }, "geometry": { "type": "Polygon", "coordinates": [ [ [ -97.020627388031031, 32.998226102179373 ], [ -97.021704086649464, 32.998216474060186 ], [ -97.022780785005608, 32.998206835789532 ], [ -97.022792373390004, 32.999102826477227 ], [ -97.022803962036974, 32.999998815939414 ], [ -97.021727239285752, 33.000008454402163 ], [ -97.021738815997381, 33.00090444273512 ], [ -97.020662080785868, 33.000914071142169 ], [ -97.020673645561587, 33.001810058345995 ], [ -97.019596897889755, 33.001819676697018 ], [ -97.019585345312294, 33.000923689397368 ], [ -97.01957379299661, 33.000027700872629 ], [ -97.019562240942705, 32.999131711122615 ], [ -97.019550689150563, 32.99823572014715 ], [ -97.019539137620157, 32.997339727946063 ], [ -97.020615824303505, 32.997330110074124 ], [ -97.020627388031031, 32.998226102179373 ] ] ] } },
{ "type": "Feature", "properties": { "id": "48_18", "growth_scenario": "high", "market_gravity_weight": 100 }, "geometry": { "type": "Polygon", "coordinates": [ [ [ -97.023915488636845, 33.002677128072264 ], [ -97.022838729553541, 33.002686776975118 ], [ -97.022850319250978, 33.003582761537302 ], [ -97.021773547706289, 33.003592400384228 ], [ -97.021761970207635, 33.002696415725957 ], [ -97.020685210599353, 33.002706044324853 ], [ -97.01960845072901, 33.002715662771799 ], [ -97.018531690596873, 33.002725271066765 ], [ -97.018520149956146, 33.001829284896225 ], [ -97.018508609576955, 33.00093329750085 ], [ -97.019585345312294, 33.000923689397368 ], [ -97.019596897889755, 33.001819676697018 ], [ -97.020673645561587, 33.001810058345995 ], [ -97.020662080785868, 33.000914071142169 ], [ -97.021738815997381, 33.00090444273512 ], [ -97.022815550946547, 33.000894804176369 ], [ -97.02389228563311, 33.000885155465795 ], [ -97.023903887003527, 33.001781142381517 ], [ -97.023915488636845, 33.002677128072264 ] ] ] } },
{ "type": "Feature", "properties": { "id": "48_19", "growth_scenario": "high", "market_gravity_weight": 100 }, "geometry": { "type": "Polygon", "coordinates": [ [ [ -96.970450242766873, 32.945792130740273 ], [ -96.97152623397055, 32.945782974970214 ], [ -96.971537234355822, 32.946679042678014 ], [ -96.971548234990209, 32.947575109149746 ], [ -96.971559235873698, 32.948471174385503 ], [ -96.971570237006304, 32.949367238385612 ], [ -96.970494197074885, 32.949376394519859 ], [ -96.969418156894591, 32.949385540508032 ], [ -96.969407180126694, 32.948489476326003 ], [ -96.96939620360736, 32.947593410908183 ], [ -96.968320187542957, 32.947602546568575 ], [ -96.968309223454014, 32.946706479824016 ], [ -96.969385227336588, 32.94669734425446 ], [ -96.969374251314363, 32.945801276364662 ], [ -96.969363275540701, 32.944905207238556 ], [ -96.970439254811936, 32.94489606170513 ], [ -96.970450242766873, 32.945792130740273 ] ] ] } },
{ "type": "Feature", "properties": { "id": "48_2", "growth_scenario": "high", "market_gravity_weight": 100 }, "geometry": { "type": "Polygon", "coordinates": [ [ [ -96.959026955873014, 32.979941921359675 ], [ -96.957950498605967, 32.979950958798121 ], [ -96.957961349966325, 32.980846980840745 ], [ -96.956884880261327, 32.980856008219526 ], [ -96.956895719675131, 32.981752029122944 ], [ -96.955819237532168, 32.981761046441868 ], [ -96.955808410310752, 32.980865025448693 ], [ -96.955797583334629, 32.979969003226394 ], [ -96.954721125330906, 32.979978010216243 ], [ -96.954710310791924, 32.979081986675048 ], [ -96.955786756603771, 32.97907297977487 ], [ -96.955775930118193, 32.978176955093915 ], [ -96.956852363493198, 32.978167938134085 ], [ -96.957928796622681, 32.978158911024899 ], [ -96.959005229506346, 32.978149873766434 ], [ -96.959016092566642, 32.979045898177773 ], [ -96.959026955873014, 32.979941921359675 ] ] ] } },
{ "type": "Feature", "properties": { "id": "48_20", "growth_scenario": "high", "market_gravity_weight": 100 }, "geometry": { "type": "Polygon", "coordinates": [ [ [ -97.710679330507944, 30.193249459883813 ], [ -97.710698049971811, 30.194150058916605 ], [ -97.711737857968131, 30.194133840519669 ], [ -97.711756589215156, 30.195034437621956 ], [ -97.710716769845305, 30.195050656164288 ], [ -97.710735490128457, 30.19595125162704 ], [ -97.709695658975178, 30.195967460460057 ], [ -97.709714368293959, 30.196868054283243 ], [ -97.70867452535721, 30.196884253406857 ], [ -97.70763468201126, 30.196900442675634 ], [ -97.707615995440563, 30.195999848562128 ], [ -97.707597309278782, 30.195099252663805 ], [ -97.708637129876863, 30.195083063685221 ], [ -97.708618432750455, 30.194182466147122 ], [ -97.709658241565819, 30.194166267459085 ], [ -97.709639533475254, 30.193265668281057 ], [ -97.709620825794048, 30.192365067317667 ], [ -97.710660611453719, 30.19234885906571 ], [ -97.710679330507944, 30.193249459883813 ] ] ] } },
{ "type": "Feature", "properties": { "id": "48_21", "growth_scenario": "high", "market_gravity_weight": 100 }, "geometry": { "type": "Polygon", "coordinates": [ [ [ -97.024910956160909, 32.996395544125974 ], [ -97.024922568413828, 32.997291537072805 ], [ -97.025999253784278, 32.997281868444105 ], [ -97.026010878497416, 32.998177860068758 ], [ -97.027087575801559, 32.998168181192241 ], [ -97.027099212975457, 32.999064171494801 ], [ -97.026022503473953, 32.999073850467738 ], [ -97.026034128713917, 32.999969839641274 ], [ -97.024957406751327, 32.999979508558987 ], [ -97.024945793709023, 32.999083519289101 ], [ -97.023869083680935, 32.999093177958962 ], [ -97.023857483099164, 32.99819718736741 ], [ -97.022780785005608, 32.998206835789532 ], [ -97.0227691968838, 32.997310843876193 ], [ -97.02275760902458, 32.996414850737011 ], [ -97.023834282724167, 32.996405202507134 ], [ -97.023822682930927, 32.995509208238047 ], [ -97.024899344171132, 32.995499549953138 ], [ -97.024910956160909, 32.996395544125974 ] ] ] } },
{ "type": "Feature", "properties": { "id": "48_22", "growth_scenario": "high", "market_gravity_weight": 100 }, "geometry": { "type": "Polygon", "coordinates": [ [ [ -96.990894032774165, 32.945616436205789 ], [ -96.990905252425435, 32.946512502257526 ], [ -96.989829253566299, 32.946521840741703 ], [ -96.989840461289987, 32.947417905650155 ], [ -96.988764449995401, 32.947427234081395 ], [ -96.987688438447307, 32.947436552366838 ], [ -96.987677255086936, 32.946540487272934 ], [ -96.987666071979802, 32.945644420942941 ], [ -96.987654889125906, 32.944748353376525 ], [ -96.988730864129849, 32.944739035369082 ], [ -96.988719669348342, 32.943842966658828 ], [ -96.989795631917943, 32.943833638598605 ], [ -96.990871594233781, 32.943824300393004 ], [ -96.990882813376956, 32.944720368917658 ], [ -96.990894032774165, 32.945616436205789 ] ] ] } },
{ "type": "Feature", "properties": { "id": "48_23", "growth_scenario": "high", "market_gravity_weight": 100 }, "geometry": { "type": "Polygon", "coordinates": [ [ [ -97.023880684525594, 32.999989167325012 ], [ -97.024957406751327, 32.999979508558987 ], [ -97.024969020056787, 33.000875496603527 ], [ -97.026045754217321, 33.000865827589486 ], [ -97.027122488114401, 33.000856148423658 ], [ -97.027134126079432, 33.001752135050303 ], [ -97.026057379984152, 33.001761814312573 ], [ -97.026069006014424, 33.002657799810748 ], [ -97.02499224745722, 33.002667469017496 ], [ -97.025003861552193, 33.003563453387294 ], [ -97.02392709053305, 33.003573112538319 ], [ -97.023915488636845, 33.002677128072264 ], [ -97.023903887003527, 33.001781142381517 ], [ -97.02389228563311, 33.000885155465795 ], [ -97.022815550946547, 33.000894804176369 ], [ -97.021738815997381, 33.00090444273512 ], [ -97.021727239285752, 33.000008454402163 ], [ -97.022803962036974, 32.999998815939414 ], [ -97.022792373390004, 32.999102826477227 ], [ -97.023869083680935, 32.999093177958962 ], [ -97.023880684525594, 32.999989167325012 ] ] ] } },
{ "type": "Feature", "properties": { "id": "48_24", "growth_scenario": "high", "market_gravity_weight": 100 }, "geometry": { "type": "Polygon", "coordinates": [ [ [ -98.708917591822569, 29.421841576299649 ], [ -98.708946957329616, 29.422743543765041 ], [ -98.708976323473166, 29.423645509292761 ], [ -98.709005690253221, 29.424547472883024 ], [ -98.709035057669823, 29.425449434535931 ], [ -98.708005113567893, 29.425475148082526 ], [ -98.706975168829658, 29.425500851852362 ], [ -98.706945823719195, 29.424598889752172 ], [ -98.706916479244811, 29.423696925714701 ], [ -98.706887135406447, 29.422794959739793 ], [ -98.70685779220409, 29.421892991827125 ], [ -98.705827891440748, 29.421918684926187 ], [ -98.705798560026523, 29.421016714852289 ], [ -98.70682844963774, 29.420991021976668 ], [ -98.707858338612979, 29.420965319324669 ], [ -98.707887692331454, 29.421867288951603 ], [ -98.708917591822569, 29.421841576299649 ] ] ] } },
{ "type": "Feature", "properties": { "id": "48_25", "growth_scenario": "high", "market_gravity_weight": 100 }, "geometry": { "type": "Polygon", "coordinates": [ [ [ -96.970417279648515, 32.943103919925257 ], [ -96.970428267105817, 32.943999991433493 ], [ -96.970439254811936, 32.94489606170513 ], [ -96.969363275540701, 32.944905207238556 ], [ -96.969374251314363, 32.945801276364662 ], [ -96.969385227336588, 32.94669734425446 ], [ -96.968309223454014, 32.946706479824016 ], [ -96.96829825961332, 32.945810411843375 ], [ -96.968287296020918, 32.944914342626483 ], [ -96.968276332676766, 32.944018272173068 ], [ -96.968265369580877, 32.943122200483103 ], [ -96.968254406733223, 32.942226127556268 ], [ -96.968243444133805, 32.941330053392448 ], [ -96.969319374931288, 32.941320918367836 ], [ -96.970395305480253, 32.941311773198116 ], [ -96.970406292439975, 32.942207847180207 ], [ -96.970417279648515, 32.943103919925257 ] ] ] } },
{ "type": "Feature", "properties": { "id": "48_26", "growth_scenario": "high", "market_gravity_weight": 100 }, "geometry": { "type": "Polygon", "coordinates": [ [ [ -96.959548684151756, 33.022949591854164 ], [ -96.958471641351622, 33.022958633616149 ], [ -96.958460778427906, 33.022062669141896 ], [ -96.959537809022947, 33.022053627470044 ], [ -96.960614839371488, 33.022044575643967 ], [ -96.961691869473256, 33.02203551366361 ], [ -96.962768899327955, 33.022026441528951 ], [ -96.962779811072025, 33.022922405641992 ], [ -96.963856852884476, 33.0229133232625 ], [ -96.963867777081219, 33.023809286064484 ], [ -96.962790723063421, 33.023818368534535 ], [ -96.962801635302171, 33.024714330206798 ], [ -96.962812547788261, 33.025610290658939 ], [ -96.961735469111574, 33.025619363155471 ], [ -96.961724568831386, 33.024723402612857 ], [ -96.960647502113545, 33.024732464864286 ], [ -96.960636614286074, 33.023836503011218 ], [ -96.960625726705388, 33.022940539937828 ], [ -96.959548684151756, 33.022949591854164 ] ] ] } },
{ "type": "Feature", "properties": { "id": "48_27", "growth_scenario": "high", "market_gravity_weight": 100 }, "geometry": { "type": "Polygon", "coordinates": [ [ [ -96.968186963940212, 33.024668815857986 ], [ -96.969264028922737, 33.024659682524572 ], [ -96.969275014644083, 33.025555642431705 ], [ -96.968197937455727, 33.025564775856239 ], [ -96.968208911219975, 33.026460734634554 ], [ -96.969286000614474, 33.026451601118872 ], [ -96.969296986833868, 33.027347558586342 ], [ -96.968219885232969, 33.027356692193059 ], [ -96.967142783383295, 33.027365815644906 ], [ -96.966065681285144, 33.027374928941903 ], [ -96.966054731684977, 33.026478971201492 ], [ -96.966043782333031, 33.025583012241313 ], [ -96.964966704399274, 33.02559211520186 ], [ -96.96495576750138, 33.024696154930965 ], [ -96.966032833229264, 33.024687052061203 ], [ -96.967109898708969, 33.024677939036856 ], [ -96.967098937647791, 33.023781977727566 ], [ -96.968175990673458, 33.023772854639638 ], [ -96.968186963940212, 33.024668815857986 ] ] ] } },
{ "type": "Feature", "properties": { "id": "48_28", "growth_scenario": "high", "market_gravity_weight": 100 }, "geometry": { "type": "Polygon", "coordinates": [ [ [ -96.964966704399274, 33.02559211520186 ], [ -96.966043782333031, 33.025583012241313 ], [ -96.966054731684977, 33.026478971201492 ], [ -96.964977641545062, 33.026488074252818 ], [ -96.964988578938772, 33.027384032084043 ], [ -96.963911476344492, 33.027393125071306 ], [ -96.962834373502545, 33.027402207903677 ], [ -96.962823460521719, 33.026506249891185 ], [ -96.96174636963886, 33.026515322478197 ], [ -96.961735469111574, 33.025619363155471 ], [ -96.962812547788261, 33.025610290658939 ], [ -96.962801635302171, 33.024714330206798 ], [ -96.962790723063421, 33.023818368534535 ], [ -96.963867777081219, 33.023809286064484 ], [ -96.964944830851394, 33.023800193439932 ], [ -96.96495576750138, 33.024696154930965 ], [ -96.964966704399274, 33.02559211520186 ] ] ] } },
{ "type": "Feature", "properties": { "id": "48_29", "growth_scenario": "high", "market_gravity_weight": 100 }, "geometry": { "type": "Polygon", "coordinates": [ [ [ -96.957394598305243, 33.022967665223732 ], [ -96.9574054492698, 33.023863628567668 ], [ -96.957416300480304, 33.024759590691261 ], [ -96.957427151936798, 33.025655551594838 ], [ -96.956350072027448, 33.02566457331794 ], [ -96.956339232776926, 33.024768612324415 ], [ -96.955262164827843, 33.02477762380299 ], [ -96.955251338028688, 33.023881661499537 ], [ -96.954174282039887, 33.023890662733727 ], [ -96.954163467691544, 33.022994699120254 ], [ -96.954152653588338, 33.022098734286303 ], [ -96.955229685166586, 33.022089733231617 ], [ -96.956306716499455, 33.022080722022658 ], [ -96.957383747586661, 33.022071700659438 ], [ -96.958460778427906, 33.022062669141896 ], [ -96.958471641351622, 33.022958633616149 ], [ -96.957394598305243, 33.022967665223732 ] ] ] } },
{ "type": "Feature", "properties": { "id": "48_3", "growth_scenario": "high", "market_gravity_weight": 100 }, "geometry": { "type": "Polygon", "coordinates": [ [ [ -96.956949920427903, 32.986232115210349 ], [ -96.956960761315258, 32.987128128743159 ], [ -96.95697160244822, 32.988024141048207 ], [ -96.955895034950672, 32.988033158995705 ], [ -96.954818467207772, 32.988042166792816 ], [ -96.954807650463493, 32.987146154308256 ], [ -96.954796833964281, 32.986250140595928 ], [ -96.953720290364743, 32.986259138063389 ], [ -96.95370948630439, 32.985363123033466 ], [ -96.953698682488806, 32.984467106775426 ], [ -96.954775201701011, 32.984458109487186 ], [ -96.955851720668178, 32.984449102048863 ], [ -96.956928239390024, 32.984440084460616 ], [ -96.956939079786167, 32.985336100449537 ], [ -96.956949920427903, 32.986232115210349 ] ] ] } },
{ "type": "Feature", "properties": { "id": "48_30", "growth_scenario": "high", "market_gravity_weight": 100 }, "geometry": { "type": "Polygon", "coordinates": [ [ [ -96.993001031857304, 32.942013453157941 ], [ -96.993012274852902, 32.942909523970251 ], [ -96.99193632522595, 32.94291888237359 ], [ -96.991947556295599, 32.943814952042025 ], [ -96.990871594233781, 32.943824300393004 ], [ -96.989795631917943, 32.943833638598605 ], [ -96.989784425209379, 32.942937568744426 ], [ -96.989773218754564, 32.942041497653285 ], [ -96.989762012553498, 32.941145425325061 ], [ -96.990837938328539, 32.941136087397986 ], [ -96.990826720201497, 32.940240013925376 ], [ -96.991902633542821, 32.940230665946125 ], [ -96.992978546629857, 32.940221307821908 ], [ -96.992989789116294, 32.941117381108576 ], [ -96.993001031857304, 32.942013453157941 ] ] ] } },
{ "type": "Feature", "properties": { "id": "48_31", "growth_scenario": "high", "market_gravity_weight": 100 }, "geometry": { "type": "Polygon", "coordinates": [ [ [ -98.708800136158942, 29.418233687057562 ], [ -98.708829499120199, 29.419135662275469 ], [ -98.708858862717889, 29.420037635554969 ], [ -98.708888226951998, 29.42093960689634 ], [ -98.707858338612979, 29.420965319324669 ], [ -98.70682844963774, 29.420991021976668 ], [ -98.705798560026523, 29.421016714852289 ], [ -98.705769229248034, 29.420114742840358 ], [ -98.704739350153019, 29.420140425716209 ], [ -98.704710031161923, 29.419238451542746 ], [ -98.705739899105268, 29.419212768890223 ], [ -98.706769766412933, 29.419187076461483 ], [ -98.706740425754433, 29.418285100796513 ], [ -98.707770281274762, 29.418259398815056 ], [ -98.707740930101011, 29.41735742143501 ], [ -98.708770773834075, 29.417331709901106 ], [ -98.708800136158942, 29.418233687057562 ] ] ] } },
{ "type": "Feature", "properties": { "id": "48_32", "growth_scenario": "high", "market_gravity_weight": 100 }, "geometry": { "type": "Polygon", "coordinates": [ [ [ -96.954174282039887, 33.023890662733727 ], [ -96.955251338028688, 33.023881661499537 ], [ -96.955262164827843, 33.02477762380299 ], [ -96.954185096633353, 33.024786625126964 ], [ -96.954195911471956, 33.025682586300157 ], [ -96.953118830826355, 33.025691577559158 ], [ -96.953108028193725, 33.024795616296338 ], [ -96.95203095950923, 33.024804597311096 ], [ -96.952020169327156, 33.023908634738639 ], [ -96.950943112603781, 33.023917605509347 ], [ -96.950932334871737, 33.023021641627203 ], [ -96.950921557383978, 33.022125676524567 ], [ -96.951998589696743, 33.022116705932781 ], [ -96.953075621764967, 33.022107725186679 ], [ -96.954152653588338, 33.022098734286303 ], [ -96.954163467691544, 33.022994699120254 ], [ -96.954174282039887, 33.023890662733727 ] ] ] } },
{ "type": "Feature", "properties": { "id": "48_33", "growth_scenario": "high", "market_gravity_weight": 100 }, "geometry": { "type": "Polygon", "coordinates": [ [ [ -96.962823460521719, 33.026506249891185 ], [ -96.962834373502545, 33.027402207903677 ], [ -96.961757270413216, 33.027411280581177 ], [ -96.961768171434684, 33.028307237464603 ], [ -96.960691055891516, 33.028316300077663 ], [ -96.960701944953072, 33.029212255832142 ], [ -96.959624816956037, 33.029221308380478 ], [ -96.959613940101519, 33.028325352535695 ], [ -96.958536824064964, 33.028334394838723 ], [ -96.958525959663746, 33.027438437684431 ], [ -96.958515095508815, 33.026542479310564 ], [ -96.959592187132117, 33.026533437187879 ], [ -96.959581311017246, 33.025637477684477 ], [ -96.960658390187817, 33.025628425497338 ], [ -96.961735469111574, 33.025619363155471 ], [ -96.96174636963886, 33.026515322478197 ], [ -96.962823460521719, 33.026506249891185 ] ] ] } },
{ "type": "Feature", "properties": { "id": "48_34", "growth_scenario": "high", "market_gravity_weight": 100 }, "geometry": { "type": "Polygon", "coordinates": [ [ [ -96.969253531472035, 32.935944447942369 ], [ -96.96926450476073, 32.936840529441298 ], [ -96.969275478297888, 32.937736609702043 ], [ -96.969286452083509, 32.938632688724965 ], [ -96.970362346093665, 32.938623543827966 ], [ -96.970373332307105, 32.939519621522194 ], [ -96.96929742611762, 32.939528766510065 ], [ -96.969308400400195, 32.940424843057677 ], [ -96.969319374931288, 32.941320918367836 ], [ -96.968243444133805, 32.941330053392448 ], [ -96.968232481782621, 32.940433977991404 ], [ -96.968221519679645, 32.939537901353056 ], [ -96.968210557824875, 32.938641823477056 ], [ -96.968199596218312, 32.937745744363411 ], [ -96.967123713890544, 32.937754868879971 ], [ -96.967112764710976, 32.936858788437704 ], [ -96.968188634859942, 32.936849664011824 ], [ -96.96817767374975, 32.935953582422066 ], [ -96.968166712887751, 32.935057499594095 ], [ -96.969242558431802, 32.935048365205198 ], [ -96.97031840372739, 32.935039220671833 ], [ -96.970329388945871, 32.935935303318082 ], [ -96.969253531472035, 32.935944447942369 ] ] ] } },
{ "type": "Feature", "properties": { "id": "48_35", "growth_scenario": "high", "market_gravity_weight": 100 }, "geometry": { "type": "Polygon", "coordinates": [ [ [ -96.950943112603781, 33.023917605509347 ], [ -96.952020169327156, 33.023908634738639 ], [ -96.95203095950923, 33.024804597311096 ], [ -96.950953890580138, 33.024813568171275 ], [ -96.950964668800793, 33.025709529613131 ], [ -96.949887587421415, 33.025718490408089 ], [ -96.949876821406747, 33.024822528876825 ], [ -96.948799751989327, 33.024831479427803 ], [ -96.948788998424419, 33.02393551658723 ], [ -96.947711940968986, 33.023944456894434 ], [ -96.947701199853284, 33.023048492744508 ], [ -96.947690458981057, 33.022152527374153 ], [ -96.948767492025866, 33.022143587245218 ], [ -96.949844524826929, 33.022134636962079 ], [ -96.950921557383978, 33.022125676524567 ], [ -96.950932334871737, 33.023021641627203 ], [ -96.950943112603781, 33.023917605509347 ] ] ] } },
{ "type": "Feature", "properties": { "id": "48_36", "growth_scenario": "high", "market_gravity_weight": 100 }, "geometry": { "type": "Polygon", "coordinates": [ [ [ -96.957427151936798, 33.025655551594838 ], [ -96.95743800363924, 33.02655151127847 ], [ -96.957448855587685, 33.027447469742398 ], [ -96.956371751265621, 33.027456491645502 ], [ -96.956382591253274, 33.028352448979867 ], [ -96.95530547447872, 33.028361460817948 ], [ -96.955294646697837, 33.027465503393678 ], [ -96.954217541884617, 33.027474504986984 ], [ -96.954206726555711, 33.026578546253411 ], [ -96.953129633703867, 33.026587537602104 ], [ -96.953118830826355, 33.025691577559158 ], [ -96.954195911471956, 33.025682586300157 ], [ -96.954185096633353, 33.024786625126964 ], [ -96.955262164827843, 33.02477762380299 ], [ -96.956339232776926, 33.024768612324415 ], [ -96.956350072027448, 33.02566457331794 ], [ -96.957427151936798, 33.025655551594838 ] ] ] } },
{ "type": "Feature", "properties": { "id": "48_37", "growth_scenario": "high", "market_gravity_weight": 100 }, "geometry": { "type": "Polygon", "coordinates": [ [ [ -97.705835000451344, 30.21044149364959 ], [ -97.705853670810541, 30.21134205952076 ], [ -97.704813644219158, 30.211358221543684 ], [ -97.704832303608683, 30.212258785778058 ], [ -97.703792265230533, 30.212274938089617 ], [ -97.703773617219355, 30.211374373710409 ], [ -97.702733589811402, 30.21139051602097 ], [ -97.702752226444233, 30.212291080544961 ], [ -97.70171218725001, 30.212307213143948 ], [ -97.70169356199554, 30.211406648475283 ], [ -97.700653533772027, 30.211422771073394 ], [ -97.699613505141087, 30.211438883815248 ], [ -97.699594903050567, 30.210538317075699 ], [ -97.699576301367188, 30.209637748554179 ], [ -97.700616307242058, 30.209621636101339 ], [ -97.700634920303344, 30.210522204478337 ], [ -97.701674937148738, 30.210506082024821 ], [ -97.702714953586479, 30.210489949715196 ], [ -97.703754969616313, 30.210473807549441 ], [ -97.704794985238024, 30.21045765552757 ], [ -97.704776326665296, 30.209557087729497 ], [ -97.705816330500781, 30.209540925996485 ], [ -97.705835000451344, 30.21044149364959 ] ] ] } },
{ "type": "Feature", "properties": { "id": "48_38", "growth_scenario": "high", "market_gravity_weight": 100 }, "geometry": { "type": "Polygon", "coordinates": [ [ [ -96.958525959663746, 33.027438437684431 ], [ -96.958536824064964, 33.028334394838723 ], [ -96.959613940101519, 33.028325352535695 ], [ -96.959624816956037, 33.029221308380478 ], [ -96.958547688712443, 33.029230350773702 ], [ -96.95855855360621, 33.03012630548951 ], [ -96.958569418746279, 33.031022258986326 ], [ -96.957492265841481, 33.031031291404673 ], [ -96.957481412909004, 33.030135337817725 ], [ -96.956404271965781, 33.030144359990821 ], [ -96.956393431486674, 33.02924840509494 ], [ -96.955316302505025, 33.029257417022897 ], [ -96.95530547447872, 33.028361460817948 ], [ -96.956382591253274, 33.028352448979867 ], [ -96.956371751265621, 33.027456491645502 ], [ -96.957448855587685, 33.027447469742398 ], [ -96.95743800363924, 33.02655151127847 ], [ -96.958515095508815, 33.026542479310564 ], [ -96.958525959663746, 33.027438437684431 ] ] ] } },
{ "type": "Feature", "properties": { "id": "48_39", "growth_scenario": "high", "market_gravity_weight": 100 }, "geometry": { "type": "Polygon", "coordinates": [ [ [ -96.953129633703867, 33.026587537602104 ], [ -96.954206726555711, 33.026578546253411 ], [ -96.954217541884617, 33.027474504986984 ], [ -96.954228357458703, 33.028370462501016 ], [ -96.953151240193506, 33.028379454029107 ], [ -96.952074122683428, 33.028388435402171 ], [ -96.952063331522965, 33.027492477708854 ], [ -96.950986225975086, 33.027501448837469 ], [ -96.950975447265776, 33.026605489835156 ], [ -96.949898353680112, 33.026614450719492 ], [ -96.949887587421415, 33.025718490408089 ], [ -96.950964668800793, 33.025709529613131 ], [ -96.950953890580138, 33.024813568171275 ], [ -96.95203095950923, 33.024804597311096 ], [ -96.953108028193725, 33.024795616296338 ], [ -96.953118830826355, 33.025691577559158 ], [ -96.953129633703867, 33.026587537602104 ] ] ] } },
{ "type": "Feature", "properties": { "id": "48_4", "growth_scenario": "high", "market_gravity_weight": 100 }, "geometry": { "type": "Polygon", "coordinates": [ [ [ -96.954818467207772, 32.988042166792816 ], [ -96.955895034950672, 32.988033158995705 ], [ -96.95697160244822, 32.988024141048207 ], [ -96.956982443826817, 32.988920152125601 ], [ -96.956993285451048, 32.989816161975604 ], [ -96.957004127320928, 32.990712170598371 ], [ -96.957014969436443, 32.991608177994067 ], [ -96.955938353158771, 32.991617196300894 ], [ -96.955927523238699, 32.990721188815357 ], [ -96.954850918911106, 32.990730196881607 ], [ -96.954840101431571, 32.989834188079307 ], [ -96.953763509054056, 32.989843185905201 ], [ -96.953752704014533, 32.988947175786052 ], [ -96.953741899219793, 32.988051164439476 ], [ -96.953731094669877, 32.987155151865295 ], [ -96.954807650463493, 32.987146154308256 ], [ -96.954818467207772, 32.988042166792816 ] ] ] } },
{ "type": "Feature", "properties": { "id": "48_40", "growth_scenario": "high", "market_gravity_weight": 100 }, "geometry": { "type": "Polygon", "coordinates": [ [ [ -96.947711940968986, 33.023944456894434 ], [ -96.948788998424419, 33.02393551658723 ], [ -96.948799751989327, 33.024831479427803 ], [ -96.948810505797979, 33.02572744104836 ], [ -96.947733423930785, 33.025736381533854 ], [ -96.947722682328134, 33.024840419824137 ], [ -96.946645612423481, 33.0248493500659 ], [ -96.945568542275609, 33.02485827015299 ], [ -96.945557825327967, 33.023962307045302 ], [ -96.944480767142934, 33.023971216888903 ], [ -96.944470062643674, 33.023075252472097 ], [ -96.944459358387064, 33.022179286834906 ], [ -96.945536392161387, 33.022170377168955 ], [ -96.946613425692817, 33.02216145734868 ], [ -96.947690458981057, 33.022152527374153 ], [ -96.947701199853284, 33.023048492744508 ], [ -96.947711940968986, 33.023944456894434 ] ] ] } },
{ "type": "Feature", "properties": { "id": "48_41", "growth_scenario": "high", "market_gravity_weight": 100 }, "geometry": { "type": "Polygon", "coordinates": [ [ [ -96.949887587421415, 33.025718490408089 ], [ -96.949898353680112, 33.026614450719492 ], [ -96.950975447265776, 33.026605489835156 ], [ -96.950986225975086, 33.027501448837469 ], [ -96.950997004928723, 33.02839740662025 ], [ -96.949919886929678, 33.028406367683317 ], [ -96.948842768686561, 33.028415318591342 ], [ -96.947765650199671, 33.028424259344398 ], [ -96.947754907866539, 33.027528301293749 ], [ -96.946677801342972, 33.027537231802732 ], [ -96.946667071459927, 33.026641272443513 ], [ -96.947744165776911, 33.026632342023632 ], [ -96.947733423930785, 33.025736381533854 ], [ -96.948810505797979, 33.02572744104836 ], [ -96.948799751989327, 33.024831479427803 ], [ -96.949876821406747, 33.024822528876825 ], [ -96.949887587421415, 33.025718490408089 ] ] ] } },
{ "type": "Feature", "properties": { "id": "48_42", "growth_scenario": "high", "market_gravity_weight": 100 }, "geometry": { "type": "Polygon", "coordinates": [ [ [ -98.70465139508606, 29.417434497380626 ], [ -98.704680712806265, 29.418336475430941 ], [ -98.705710569598182, 29.418310793001744 ], [ -98.705739899105268, 29.419212768890223 ], [ -98.704710031161923, 29.419238451542746 ], [ -98.704739350153019, 29.420140425716209 ], [ -98.703709470422524, 29.420166098815837 ], [ -98.703680162583126, 29.419264124419044 ], [ -98.702650293369118, 29.419289787519165 ], [ -98.702620997316401, 29.418387810960905 ], [ -98.701591138618923, 29.418413464061679 ], [ -98.700561279286759, 29.418439107386309 ], [ -98.700532006171514, 29.417537128443492 ], [ -98.70156185435242, 29.417511485341883 ], [ -98.701532570720588, 29.416609504683358 ], [ -98.702562407115792, 29.41658385202874 ], [ -98.703592242876084, 29.416558189598149 ], [ -98.70362154880992, 29.417460169810408 ], [ -98.70465139508606, 29.417434497380626 ] ] ] } },
{ "type": "Feature", "properties": { "id": "48_43", "growth_scenario": "high", "market_gravity_weight": 100 }, "geometry": { "type": "Polygon", "coordinates": [ [ [ -96.955316302505025, 33.029257417022897 ], [ -96.956393431486674, 33.02924840509494 ], [ -96.956404271965781, 33.030144359990821 ], [ -96.956415112690635, 33.03104031366771 ], [ -96.955337959294056, 33.031049325775506 ], [ -96.954260805651998, 33.031058327727955 ], [ -96.954271622206804, 33.031954280365788 ], [ -96.953194456111632, 33.031963272252646 ], [ -96.953183651764732, 33.031067319525093 ], [ -96.952106497632556, 33.031076301166955 ], [ -96.952095705738216, 33.030180347131065 ], [ -96.953172847662742, 33.030171365578767 ], [ -96.953162043805676, 33.029275410413533 ], [ -96.952084914088502, 33.029284391876175 ], [ -96.952074122683428, 33.028388435402171 ], [ -96.953151240193506, 33.028379454029107 ], [ -96.954228357458703, 33.028370462501016 ], [ -96.954239173277955, 33.029266418795785 ], [ -96.955316302505025, 33.029257417022897 ] ] ] } },
{ "type": "Feature", "properties": { "id": "48_44", "growth_scenario": "high", "market_gravity_weight": 100 }, "geometry": { "type": "Polygon", "coordinates": [ [ [ -98.726992186673613, 29.470132124791398 ], [ -98.727021765224407, 29.471033984270623 ], [ -98.725991262226927, 29.471059865734166 ], [ -98.726020830253901, 29.471961723510461 ], [ -98.72705134441668, 29.471935841821374 ], [ -98.727080924250458, 29.472837697443719 ], [ -98.727110504725758, 29.473739551137914 ], [ -98.726079968231673, 29.47376543327815 ], [ -98.726109538182527, 29.474667285269902 ], [ -98.726139108774674, 29.475569135333917 ], [ -98.725108549306967, 29.475595008143852 ], [ -98.725078989881084, 29.474693157854372 ], [ -98.725049431096295, 29.473791305637114 ], [ -98.725019872952558, 29.472889451491891 ], [ -98.724990315449872, 29.471987595418494 ], [ -98.724960758588196, 29.47108573741675 ], [ -98.724931202367529, 29.470183877486573 ], [ -98.725961694841189, 29.470158006029454 ], [ -98.725932128096659, 29.469256144395956 ], [ -98.726962608764282, 29.469230263383476 ], [ -98.726992186673613, 29.470132124791398 ] ] ] } },
{ "type": "Feature", "properties": { "id": "48_45", "growth_scenario": "high", "market_gravity_weight": 100 }, "geometry": { "type": "Polygon", "coordinates": [ [ [ -96.969154783053071, 32.927879658707184 ], [ -96.969165754106015, 32.928775751357307 ], [ -96.969176725407337, 32.929671842767647 ], [ -96.96918769695705, 32.93056793293843 ], [ -96.969198668755169, 32.931464021869843 ], [ -96.969209640801679, 32.932360109562033 ], [ -96.969220613096624, 32.933256196015193 ], [ -96.969231585640003, 32.93415228122953 ], [ -96.969242558431802, 32.935048365205198 ], [ -96.968166712887751, 32.935057499594095 ], [ -96.968155752273901, 32.934161415527647 ], [ -96.968144791908216, 32.933265330222525 ], [ -96.968133831790681, 32.932369243678579 ], [ -96.968122871921281, 32.931473155895588 ], [ -96.968111912300017, 32.93057706687344 ], [ -96.968100952926889, 32.929680976611863 ], [ -96.968089993801883, 32.928784885110765 ], [ -96.967014233249628, 32.928794008720494 ], [ -96.96700328654876, 32.927897915888927 ], [ -96.968079034924969, 32.927888792369906 ], [ -96.968068076296163, 32.9269926983891 ], [ -96.969143812248504, 32.926983564817128 ], [ -96.969154783053071, 32.927879658707184 ] ] ] } },
{ "type": "Feature", "properties": { "id": "48_46", "growth_scenario": "high", "market_gravity_weight": 100 }, "geometry": { "type": "Polygon", "coordinates": [ [ [ -96.952106497632556, 33.031076301166955 ], [ -96.953183651764732, 33.031067319525093 ], [ -96.953194456111632, 33.031963272252646 ], [ -96.953205260703484, 33.032859223761548 ], [ -96.953216065540246, 33.033755174052061 ], [ -96.952138874783486, 33.033764155962714 ], [ -96.951061683782044, 33.033773127717723 ], [ -96.95105090336223, 33.032877177248118 ], [ -96.949973724324892, 33.032886138758123 ], [ -96.949962956357652, 33.031990186980728 ], [ -96.948885789284432, 33.031999138245901 ], [ -96.948875033769255, 33.031103185160603 ], [ -96.949952188634541, 33.031094233984675 ], [ -96.951029343255726, 33.031085272653492 ], [ -96.951018563569036, 33.030189318528095 ], [ -96.952095705738216, 33.030180347131065 ], [ -96.952106497632556, 33.031076301166955 ] ] ] } },
{ "type": "Feature", "properties": { "id": "48_47", "growth_scenario": "high", "market_gravity_weight": 100 }, "geometry": { "type": "Polygon", "coordinates": [ [ [ -98.705417309485767, 29.409290927469961 ], [ -98.706447054141137, 29.409265237498467 ], [ -98.706476388441445, 29.410167232556599 ], [ -98.707506143610104, 29.410141532586444 ], [ -98.707476798160798, 29.409239537751787 ], [ -98.708506541544509, 29.409213828229753 ], [ -98.70853589814277, 29.410115822840957 ], [ -98.708565255377238, 29.411017815512029 ], [ -98.708594613247939, 29.411919806243159 ], [ -98.707564836416609, 29.411945516435704 ], [ -98.70753548969536, 29.411043525481027 ], [ -98.706505723377489, 29.411069225674641 ], [ -98.705475956423882, 29.411094916092789 ], [ -98.70444618883478, 29.411120596735522 ], [ -98.704416876197229, 29.410218603170893 ], [ -98.703387119122141, 29.410244273815021 ], [ -98.703357818268898, 29.409342278087127 ], [ -98.704387564194946, 29.409316607666181 ], [ -98.704358252827859, 29.408414610221257 ], [ -98.70538798696991, 29.408388930248293 ], [ -98.705417309485767, 29.409290927469961 ] ] ] } },
{ "type": "Feature", "properties": { "id": "48_48", "growth_scenario": "high", "market_gravity_weight": 100 }, "geometry": { "type": "Polygon", "coordinates": [ [ [ -98.702562407115792, 29.41658385202874 ], [ -98.701532570720588, 29.416609504683358 ], [ -98.70156185435242, 29.417511485341883 ], [ -98.700532006171514, 29.417537128443492 ], [ -98.699502157356164, 29.417562761769066 ], [ -98.699472896026435, 29.416660780664678 ], [ -98.698443057727971, 29.416686403991367 ], [ -98.698413808183247, 29.415784420725348 ], [ -98.698384559272441, 29.414882435520376 ], [ -98.699414375269484, 29.414856812639307 ], [ -98.700444190632382, 29.414831179982414 ], [ -98.701474005360893, 29.414805537549739 ], [ -98.70250381945479, 29.414779885341268 ], [ -98.702533112967856, 29.415681869654527 ], [ -98.702562407115792, 29.41658385202874 ] ] ] } },
{ "type": "Feature", "properties": { "id": "48_49", "growth_scenario": "high", "market_gravity_weight": 100 }, "geometry": { "type": "Polygon", "coordinates": [ [ [ -98.730953539473376, 29.402331763569645 ], [ -98.731983190131132, 29.402305830796774 ], [ -98.732012798658076, 29.403207833831072 ], [ -98.733042459821036, 29.403181891058182 ], [ -98.733072080136594, 29.40408389192547 ], [ -98.732042407826626, 29.404109834923833 ], [ -98.732072017636796, 29.405011834075214 ], [ -98.731042333537928, 29.405037767524348 ], [ -98.730012648797654, 29.405063691198656 ], [ -98.729983061282041, 29.404161691596546 ], [ -98.728953387047909, 29.404187605270916 ], [ -98.728923811320527, 29.403285603502219 ], [ -98.728894236234041, 29.402383599791989 ], [ -98.72992388817427, 29.402357686568088 ], [ -98.729894302582039, 29.401455681141421 ], [ -98.730923942734577, 29.401429758368238 ], [ -98.730953539473376, 29.402331763569645 ] ] ] } },
{ "type": "Feature", "properties": { "id": "48_5", "growth_scenario": "high", "market_gravity_weight": 100 }, "geometry": { "type": "Polygon", "coordinates": [ [ [ -96.954699496497923, 32.978185961904423 ], [ -96.954710310791924, 32.979081986675048 ], [ -96.954721125330906, 32.979978010216243 ], [ -96.955797583334629, 32.979969003226394 ], [ -96.955808410310752, 32.980865025448693 ], [ -96.955819237532168, 32.981761046441868 ], [ -96.955830064998864, 32.982657066206194 ], [ -96.954753570417907, 32.98266607346509 ], [ -96.954764385936954, 32.983562092090374 ], [ -96.953687878917989, 32.983571089289022 ], [ -96.953677075591926, 32.982675070574153 ], [ -96.953666272510617, 32.981779050630536 ], [ -96.953655469674032, 32.980883029458084 ], [ -96.953644667082187, 32.97998700705655 ], [ -96.953633864735068, 32.979090983425785 ], [ -96.953623062632673, 32.97819495856556 ], [ -96.953612260774975, 32.977298932475733 ], [ -96.954688682448904, 32.977289935904167 ], [ -96.954699496497923, 32.978185961904423 ] ] ] } },
{ "type": "Feature", "properties": { "id": "48_50", "growth_scenario": "high", "market_gravity_weight": 100 }, "geometry": { "type": "Polygon", "coordinates": [ [ [ -96.971627393353629, 33.041664411729393 ], [ -96.971638408230035, 33.042560348306466 ], [ -96.970561099576472, 33.042569503775589 ], [ -96.969483790673436, 33.042578649088085 ], [ -96.968406481521242, 33.042587784244041 ], [ -96.96839550327816, 33.041691847393224 ], [ -96.968384525283966, 33.040795909325745 ], [ -96.967307240304834, 33.040805034142949 ], [ -96.967296274770106, 33.039909094767609 ], [ -96.968373547538675, 33.039899970041432 ], [ -96.96945082005837, 33.039890835158957 ], [ -96.970528092328905, 33.039881690120239 ], [ -96.971605364349998, 33.039872534925188 ], [ -96.971616378726949, 33.040768473935707 ], [ -96.971627393353629, 33.041664411729393 ] ] ] } },
{ "type": "Feature", "properties": { "id": "48_51", "growth_scenario": "high", "market_gravity_weight": 100 }, "geometry": { "type": "Polygon", "coordinates": [ [ [ -96.954347344956759, 33.038225914719945 ], [ -96.954358163473458, 33.039121857614134 ], [ -96.953280899705035, 33.039130850218704 ], [ -96.952203635691632, 33.039139832667033 ], [ -96.951126371433489, 33.039148804959169 ], [ -96.9511155895472, 33.038252861796174 ], [ -96.951104807905324, 33.037356917415835 ], [ -96.950027567822772, 33.037365879372857 ], [ -96.950016798634934, 33.036469933685609 ], [ -96.951094026507889, 33.036460971817981 ], [ -96.952171254136431, 33.036451999794416 ], [ -96.953248481520276, 33.036443017614957 ], [ -96.954325708659141, 33.036434025279526 ], [ -96.954336526685324, 33.037329970608489 ], [ -96.954347344956759, 33.038225914719945 ] ] ] } },
{ "type": "Feature", "properties": { "id": "48_52", "growth_scenario": "high", "market_gravity_weight": 100 }, "geometry": { "type": "Polygon", "coordinates": [ [ [ -96.968384525283966, 33.040795909325745 ], [ -96.96839550327816, 33.041691847393224 ], [ -96.968406481521242, 33.042587784244041 ], [ -96.967329172120131, 33.04259690924335 ], [ -96.967340138400715, 33.04349284496886 ], [ -96.966262816539583, 33.043501959902585 ], [ -96.966251862470401, 33.042606024086155 ], [ -96.965174552572321, 33.042615128772383 ], [ -96.965163610962634, 33.041719191648646 ], [ -96.965152669600997, 33.040823253308261 ], [ -96.96407538387686, 33.040832347656377 ], [ -96.964064454973879, 33.039936408008501 ], [ -96.965141728487438, 33.039927313751171 ], [ -96.966219001752933, 33.039918209337543 ], [ -96.967296274770106, 33.039909094767609 ], [ -96.967307240304834, 33.040805034142949 ], [ -96.968384525283966, 33.040795909325745 ] ] ] } },
{ "type": "Feature", "properties": { "id": "48_53", "growth_scenario": "high", "market_gravity_weight": 100 }, "geometry": { "type": "Polygon", "coordinates": [ [ [ -97.051768124044145, 32.991670814511664 ], [ -97.05069151824712, 32.991680726179482 ], [ -97.050703421872669, 32.99257672291904 ], [ -97.049626803610707, 32.992586624534766 ], [ -97.049638695310463, 32.993482620146175 ], [ -97.048562064583535, 32.993492511709618 ], [ -97.048550185079307, 32.992596515999701 ], [ -97.048538305844232, 32.991700519062931 ], [ -97.048526426878311, 32.990804520899104 ], [ -97.04744983246799, 32.990814402016426 ], [ -97.047437965965912, 32.989918402527024 ], [ -97.048514548181529, 32.989908521508106 ], [ -97.049591130128022, 32.98989863033875 ], [ -97.050667711805119, 32.989888729018908 ], [ -97.051744293212522, 32.989878817548579 ], [ -97.051756208493345, 32.990774816643771 ], [ -97.051768124044145, 32.991670814511664 ] ] ] } },
{ "type": "Feature", "properties": { "id": "48_54", "growth_scenario": "high", "market_gravity_weight": 100 }, "geometry": { "type": "Polygon", "coordinates": [ [ [ -96.96407538387686, 33.040832347656377 ], [ -96.965152669600997, 33.040823253308261 ], [ -96.965163610962634, 33.041719191648646 ], [ -96.965174552572321, 33.042615128772383 ], [ -96.965185494430074, 33.043511064679656 ], [ -96.9641081720725, 33.043520159300037 ], [ -96.964119101966631, 33.044416094081825 ], [ -96.963041767149534, 33.04442517863616 ], [ -96.963030849467103, 33.043529243763714 ], [ -96.961953526614181, 33.043538318070645 ], [ -96.961942621390719, 33.042642381891419 ], [ -96.961931716414497, 33.041746444495708 ], [ -96.963009014844815, 33.04173737036983 ], [ -96.962998097904944, 33.040841431848122 ], [ -96.962987181212569, 33.039945492109581 ], [ -96.964064454973879, 33.039936408008501 ], [ -96.96407538387686, 33.040832347656377 ] ] ] } },
{ "type": "Feature", "properties": { "id": "48_55", "growth_scenario": "high", "market_gravity_weight": 100 }, "geometry": { "type": "Polygon", "coordinates": [ [ [ -96.961931716414497, 33.041746444495708 ], [ -96.96085441773694, 33.041755508465044 ], [ -96.960865310501987, 33.042651445951236 ], [ -96.960876203514019, 33.043547382220936 ], [ -96.959798880166872, 33.043556436214487 ], [ -96.959787999366313, 33.042660499854435 ], [ -96.958710687983924, 33.042669543601029 ], [ -96.958699819641254, 33.041773605934289 ], [ -96.958688951544985, 33.04087766705095 ], [ -96.957611664338302, 33.040886700460639 ], [ -96.95760080869907, 33.039990760270378 ], [ -96.958678083695105, 33.039981726950792 ], [ -96.959755358444738, 33.039972683474922 ], [ -96.960832632947714, 33.039963629842795 ], [ -96.961909907203747, 33.039954566054327 ], [ -96.961920811685502, 33.040850505883391 ], [ -96.961931716414497, 33.041746444495708 ] ] ] } },
{ "type": "Feature", "properties": { "id": "48_56", "growth_scenario": "high", "market_gravity_weight": 100 }, "geometry": { "type": "Polygon", "coordinates": [ [ [ -97.052820874349962, 32.989868895927849 ], [ -97.053897455217168, 32.989858964156625 ], [ -97.053909394887299, 32.990754963054023 ], [ -97.05392133482799, 32.991650960724193 ], [ -97.052844729571191, 32.991660892693311 ], [ -97.052856657587185, 32.99255688923531 ], [ -97.051780039864923, 32.992566811152578 ], [ -97.051791955955679, 32.993462806566612 ], [ -97.050715325767925, 32.993472718431825 ], [ -97.050727229932917, 32.994368712717915 ], [ -97.049650587279658, 32.994378614530881 ], [ -97.049638695310463, 32.993482620146175 ], [ -97.049626803610707, 32.992586624534766 ], [ -97.050703421872669, 32.99257672291904 ], [ -97.05069151824712, 32.991680726179482 ], [ -97.051768124044145, 32.991670814511664 ], [ -97.051756208493345, 32.990774816643771 ], [ -97.051744293212522, 32.989878817548579 ], [ -97.051732378201649, 32.98898281722601 ], [ -97.052808947144712, 32.98897289570403 ], [ -97.052820874349962, 32.989868895927849 ] ] ] } },
{ "type": "Feature", "properties": { "id": "48_57", "growth_scenario": "high", "market_gravity_weight": 100 }, "geometry": { "type": "Polygon", "coordinates": [ [ [ -96.958688951544985, 33.04087766705095 ], [ -96.958699819641254, 33.041773605934289 ], [ -96.958710687983924, 33.042669543601029 ], [ -96.957633376355147, 33.042678577191005 ], [ -96.95655606448021, 33.04268760062439 ], [ -96.955478752359411, 33.042696613901178 ], [ -96.954401439993049, 33.042705617021333 ], [ -96.954390620495204, 33.041809678994596 ], [ -96.954379801242681, 33.040913739751218 ], [ -96.955457089186879, 33.040904736810766 ], [ -96.955446257968958, 33.040008796440539 ], [ -96.956523533456917, 33.039999783433615 ], [ -96.95760080869907, 33.039990760270378 ], [ -96.957611664338302, 33.040886700460639 ], [ -96.958688951544985, 33.04087766705095 ] ] ] } },
{ "type": "Feature", "properties": { "id": "48_58", "growth_scenario": "high", "market_gravity_weight": 100 }, "geometry": { "type": "Polygon", "coordinates": [ [ [ -97.054878430643171, 32.982680987644841 ], [ -97.054890380341888, 32.983576996267821 ], [ -97.053813885099999, 32.983586937496447 ], [ -97.053825822876732, 32.984482944989679 ], [ -97.052749315171653, 32.984492876167472 ], [ -97.052761241025877, 32.985388882531112 ], [ -97.051684720857608, 32.985398803657837 ], [ -97.051672807196411, 32.984502797195411 ], [ -97.051660893805121, 32.983606789504492 ], [ -97.050584397752687, 32.983616700283868 ], [ -97.050572496823747, 32.982720691265556 ], [ -97.050560596164431, 32.981824681018338 ], [ -97.051637067832203, 32.981814770436344 ], [ -97.052713539230098, 32.981804849704766 ], [ -97.053790010357844, 32.981794918823667 ], [ -97.053801947593698, 32.982690928774488 ], [ -97.054878430643171, 32.982680987644841 ] ] ] } },
{ "type": "Feature", "properties": { "id": "48_59", "growth_scenario": "high", "market_gravity_weight": 100 }, "geometry": { "type": "Polygon", "coordinates": [ [ [ -97.053885515817527, 32.988962964031707 ], [ -97.054962084219852, 32.988953022209074 ], [ -97.05603865235139, 32.988943070236061 ], [ -97.056050616139757, 32.989839070162837 ], [ -97.054974035813856, 32.989849022234935 ], [ -97.053897455217168, 32.989858964156625 ], [ -97.052820874349962, 32.989868895927849 ], [ -97.052808947144712, 32.98897289570403 ], [ -97.051732378201649, 32.98898281722601 ], [ -97.051744293212522, 32.989878817548579 ], [ -97.050667711805119, 32.989888729018908 ], [ -97.050655808988637, 32.988992728597594 ], [ -97.050643906441849, 32.98809672694869 ], [ -97.050632004164726, 32.987200724071982 ], [ -97.051708548989765, 32.987190812897843 ], [ -97.05278509354487, 32.987180891573516 ], [ -97.053861637829769, 32.98717096009905 ], [ -97.053873576688389, 32.988066962679284 ], [ -97.053885515817527, 32.988962964031707 ] ] ] } },
{ "type": "Feature", "properties": { "id": "48_6", "growth_scenario": "high", "market_gravity_weight": 100 }, "geometry": { "type": "Polygon", "coordinates": [ [ [ -98.722424272980135, 29.425114268746565 ], [ -98.722453786024374, 29.426016225546675 ], [ -98.722483299708315, 29.426918180409704 ], [ -98.722512814031987, 29.427820133335754 ], [ -98.722542328995416, 29.428722084325074 ], [ -98.721512348574009, 29.428747925868304 ], [ -98.721482844764324, 29.427845974654208 ], [ -98.720452874857145, 29.427871806195689 ], [ -98.71942290431069, 29.427897627960274 ], [ -98.719393423447627, 29.426995674360054 ], [ -98.71936394322357, 29.426093718822905 ], [ -98.720393891463146, 29.426067897507618 ], [ -98.720364400725018, 29.425165940257983 ], [ -98.721394337172299, 29.425140109390593 ], [ -98.721364835920554, 29.424238150428423 ], [ -98.722394760575597, 29.424212310009075 ], [ -98.722424272980135, 29.425114268746565 ] ] ] } },
{ "type": "Feature", "properties": { "id": "48_60", "growth_scenario": "high", "market_gravity_weight": 100 }, "geometry": { "type": "Polygon", "coordinates": [ [ [ -97.057067318994257, 32.985349096524722 ], [ -97.055990799908415, 32.985359058251234 ], [ -97.056002762612593, 32.986255063089502 ], [ -97.054926231062481, 32.986265014765188 ], [ -97.054914280551543, 32.985369009827792 ], [ -97.05383776092394, 32.985378951254447 ], [ -97.05384969924161, 32.986274956290799 ], [ -97.052773167150264, 32.986284887666379 ], [ -97.051696634788726, 32.986294808891884 ], [ -97.051684720857608, 32.985398803657837 ], [ -97.052761241025877, 32.985388882531112 ], [ -97.052749315171653, 32.984492876167472 ], [ -97.053825822876732, 32.984482944989679 ], [ -97.053813885099999, 32.983586937496447 ], [ -97.054890380341888, 32.983576996267821 ], [ -97.055966875313075, 32.983567044889455 ], [ -97.057043370013261, 32.983557083361347 ], [ -97.057055344368109, 32.984453090557331 ], [ -97.057067318994257, 32.985349096524722 ] ] ] } },
{ "type": "Feature", "properties": { "id": "48_61", "growth_scenario": "high", "market_gravity_weight": 100 }, "geometry": { "type": "Polygon", "coordinates": [ [ [ -97.043711603070534, 32.952314883155559 ], [ -97.04478767416262, 32.952305036705091 ], [ -97.044799505014382, 32.953201088099412 ], [ -97.045875588021687, 32.953191231404567 ], [ -97.045887431324772, 32.954087281465938 ], [ -97.046963526247254, 32.954077414526687 ], [ -97.046975382002216, 32.954973463255136 ], [ -97.045899274896072, 32.954983330292592 ], [ -97.044823167521685, 32.954993187183447 ], [ -97.043747059879337, 32.955003033927767 ], [ -97.042670951969328, 32.955012870525564 ], [ -97.042659144949099, 32.954116821405108 ], [ -97.042647338196261, 32.953220771049928 ], [ -97.042635531710786, 32.952324719459845 ], [ -97.042623725492689, 32.951428666634698 ], [ -97.043699784669556, 32.951418830428246 ], [ -97.043711603070534, 32.952314883155559 ] ] ] } },
{ "type": "Feature", "properties": { "id": "48_62", "growth_scenario": "high", "market_gravity_weight": 100 }, "geometry": { "type": "Polygon", "coordinates": [ [ [ -97.057019422117364, 32.981765065283099 ], [ -97.05594295180174, 32.981775026612802 ], [ -97.055954913421928, 32.982671036365588 ], [ -97.057031395929684, 32.98266107493663 ], [ -97.058107878166155, 32.982651103358116 ], [ -97.059184360131113, 32.982641121629911 ], [ -97.059196358599507, 32.983537129855918 ], [ -97.058119864442148, 32.983547111683507 ], [ -97.058131850989696, 32.984443118780163 ], [ -97.057055344368109, 32.984453090557331 ], [ -97.057043370013261, 32.983557083361347 ], [ -97.055966875313075, 32.983567044889455 ], [ -97.054890380341888, 32.983576996267821 ], [ -97.054878430643171, 32.982680987644841 ], [ -97.053801947593698, 32.982690928774488 ], [ -97.053790010357844, 32.981794918823667 ], [ -97.054866481215143, 32.981784977793033 ], [ -97.054854532057831, 32.980888966712023 ], [ -97.055930990452552, 32.980879015630947 ], [ -97.057007448576314, 32.980869054400394 ], [ -97.05808390642882, 32.98085908302042 ], [ -97.058095892161731, 32.98175509380377 ], [ -97.057019422117364, 32.981765065283099 ] ] ] } },
{ "type": "Feature", "properties": { "id": "48_63", "growth_scenario": "high", "market_gravity_weight": 100 }, "geometry": { "type": "Polygon", "coordinates": [ [ [ -97.058191787801036, 32.988923135839009 ], [ -97.05711522021187, 32.988933108112725 ], [ -97.0571271961946, 32.989829107940238 ], [ -97.057139172448643, 32.990725106540289 ], [ -97.056062580199182, 32.99073506886208 ], [ -97.054985987678648, 32.99074502103332 ], [ -97.054997939814228, 32.991641018604497 ], [ -97.05392133482799, 32.991650960724193 ], [ -97.053909394887299, 32.990754963054023 ], [ -97.053897455217168, 32.989858964156625 ], [ -97.054974035813856, 32.989849022234935 ], [ -97.056050616139757, 32.989839070162837 ], [ -97.05603865235139, 32.988943070236061 ], [ -97.054962084219852, 32.988953022209074 ], [ -97.054950132896622, 32.988057020955665 ], [ -97.056026688834081, 32.988047069081738 ], [ -97.056014725587829, 32.987151066699617 ], [ -97.057091269060436, 32.987141104774722 ], [ -97.058167812261729, 32.987131132699631 ], [ -97.058179799895584, 32.988027134883225 ], [ -97.058191787801036, 32.988923135839009 ] ] ] } },
{ "type": "Feature", "properties": { "id": "48_64", "growth_scenario": "high", "market_gravity_weight": 100 }, "geometry": { "type": "Polygon", "coordinates": [ [ [ -97.045828217491334, 32.949607018808216 ], [ -97.045840059721641, 32.950503073810324 ], [ -97.046916105912217, 32.950493207263591 ], [ -97.04692796059328, 32.951389260932132 ], [ -97.045851902220136, 32.951399127576984 ], [ -97.044775843578805, 32.95140898407567 ], [ -97.04478767416262, 32.952305036705091 ], [ -97.043711603070534, 32.952314883155559 ], [ -97.043699784669556, 32.951418830428246 ], [ -97.042623725492689, 32.951428666634698 ], [ -97.04261191954194, 32.950532612574264 ], [ -97.042600113858541, 32.949636557278346 ], [ -97.042588308442504, 32.948740500746887 ], [ -97.043664331072435, 32.94873066483391 ], [ -97.044740353434761, 32.948720818775101 ], [ -97.044752183214882, 32.949616875110863 ], [ -97.045828217491334, 32.949607018808216 ] ] ] } },
{ "type": "Feature", "properties": { "id": "48_65", "growth_scenario": "high", "market_gravity_weight": 100 }, "geometry": { "type": "Polygon", "coordinates": [ [ [ -97.049103835433272, 32.953161600442236 ], [ -97.048027753231409, 32.953171487576029 ], [ -97.048039620901264, 32.95406753744097 ], [ -97.046963526247254, 32.954077414526687 ], [ -97.045887431324772, 32.954087281465938 ], [ -97.045875588021687, 32.953191231404567 ], [ -97.044799505014382, 32.953201088099412 ], [ -97.04478767416262, 32.952305036705091 ], [ -97.044775843578805, 32.95140898407567 ], [ -97.045851902220136, 32.951399127576984 ], [ -97.04692796059328, 32.951389260932132 ], [ -97.048004018697966, 32.95137938414112 ], [ -97.049080076533897, 32.951369497204041 ], [ -97.049091955849065, 32.952265549440668 ], [ -97.049103835433272, 32.953161600442236 ] ] ] } },
{ "type": "Feature", "properties": { "id": "48_66", "growth_scenario": "high", "market_gravity_weight": 100 }, "geometry": { "type": "Polygon", "coordinates": [ [ [ -98.702230896259323, 29.469848708163003 ], [ -98.702260206207526, 29.470750574960022 ], [ -98.701229699052519, 29.470776221454333 ], [ -98.701258998470834, 29.471678086546341 ], [ -98.700228479514848, 29.471703723482978 ], [ -98.699197959923637, 29.47172935063848 ], [ -98.699168682836472, 29.470827485099743 ], [ -98.699139406384248, 29.469925617632537 ], [ -98.699110130566936, 29.469023748236776 ], [ -98.700140616662097, 29.468998121751284 ], [ -98.700111330314812, 29.468096250649999 ], [ -98.701141804609975, 29.468070614606933 ], [ -98.702172278269799, 29.468044968783012 ], [ -98.702201586946757, 29.468946839437422 ], [ -98.702230896259323, 29.469848708163003 ] ] ] } },
{ "type": "Feature", "properties": { "id": "48_67", "growth_scenario": "high", "market_gravity_weight": 100 }, "geometry": { "type": "Polygon", "coordinates": [ [ [ -97.061361369223974, 32.984413142549727 ], [ -97.061373392621888, 32.985309148119299 ], [ -97.060296874622907, 32.985319150445576 ], [ -97.060308886100017, 32.98621515488643 ], [ -97.059232355635672, 32.986225147162237 ], [ -97.058155824899472, 32.986235129288033 ], [ -97.05707929389169, 32.986245101263791 ], [ -97.056002762612593, 32.986255063089502 ], [ -97.055990799908415, 32.985359058251234 ], [ -97.057067318994257, 32.985349096524722 ], [ -97.057055344368109, 32.984453090557331 ], [ -97.058131850989696, 32.984443118780163 ], [ -97.058119864442148, 32.983547111683507 ], [ -97.059196358599507, 32.983537129855918 ], [ -97.060272852485028, 32.983527137878589 ], [ -97.060284863417905, 32.984423144776343 ], [ -97.061361369223974, 32.984413142549727 ] ] ] } },
{ "type": "Feature", "properties": { "id": "48_68", "growth_scenario": "high", "market_gravity_weight": 100 }, "geometry": { "type": "Polygon", "coordinates": [ [ [ -97.045792692409378, 32.94691884638727 ], [ -97.045804533835209, 32.947814905096834 ], [ -97.046880543479745, 32.947805038844486 ], [ -97.046892397355464, 32.948701096219963 ], [ -97.045816375529185, 32.948710962570452 ], [ -97.045828217491334, 32.949607018808216 ], [ -97.044752183214882, 32.949616875110863 ], [ -97.044740353434761, 32.948720818775101 ], [ -97.043664331072435, 32.94873066483391 ], [ -97.042588308442504, 32.948740500746887 ], [ -97.042576503293787, 32.947844442979545 ], [ -97.042564698412392, 32.946948383976213 ], [ -97.04255289379833, 32.946052323736673 ], [ -97.043628879883784, 32.946042488117158 ], [ -97.044704865701661, 32.946032642352044 ], [ -97.044716694678158, 32.946928702395908 ], [ -97.045792692409378, 32.94691884638727 ] ] ] } },
{ "type": "Feature", "properties": { "id": "48_69", "growth_scenario": "high", "market_gravity_weight": 100 }, "geometry": { "type": "Polygon", "coordinates": [ [ [ -97.047968418913314, 32.948691219723671 ], [ -97.049044440202437, 32.948681333081531 ], [ -97.049056318710583, 32.949577389024611 ], [ -97.050132351912708, 32.949567492138236 ], [ -97.050144242872136, 32.950463546747237 ], [ -97.049068197487742, 32.950473443732058 ], [ -97.049080076533897, 32.951369497204041 ], [ -97.048004018697966, 32.95137938414112 ], [ -97.04692796059328, 32.951389260932132 ], [ -97.046916105912217, 32.950493207263591 ], [ -97.045840059721641, 32.950503073810324 ], [ -97.045828217491334, 32.949607018808216 ], [ -97.045816375529185, 32.948710962570452 ], [ -97.046892397355464, 32.948701096219963 ], [ -97.046880543479745, 32.947805038844486 ], [ -97.047956552855865, 32.94779516244639 ], [ -97.047968418913314, 32.948691219723671 ] ] ] } },
{ "type": "Feature", "properties": { "id": "48_7", "growth_scenario": "high", "market_gravity_weight": 100 }, "geometry": { "type": "Polygon", "coordinates": [ [ [ -96.954850918911106, 32.990730196881607 ], [ -96.955927523238699, 32.990721188815357 ], [ -96.955938353158771, 32.991617196300894 ], [ -96.95594918332425, 32.992513202559536 ], [ -96.955960013735108, 32.99340920759149 ], [ -96.955970844391359, 32.994305211396956 ], [ -96.955981675293032, 32.995201213976131 ], [ -96.954905009985396, 32.995210222491075 ], [ -96.954894191280289, 32.994314219822193 ], [ -96.953817537924095, 32.994323218096156 ], [ -96.953806731660407, 32.993427214111335 ], [ -96.953795925641572, 32.992531208900026 ], [ -96.953785119867561, 32.991635202462 ], [ -96.953774314338403, 32.99073919479715 ], [ -96.953763509054056, 32.989843185905201 ], [ -96.954840101431571, 32.989834188079307 ], [ -96.954850918911106, 32.990730196881607 ] ] ] } },
{ "type": "Feature", "properties": { "id": "48_70", "growth_scenario": "high", "market_gravity_weight": 100 }, "geometry": { "type": "Polygon", "coordinates": [ [ [ -97.043593431103375, 32.943354300273015 ], [ -97.044669380379304, 32.943344454801625 ], [ -97.044681208552248, 32.944240518555127 ], [ -97.04575716974071, 32.944230662840539 ], [ -97.045769010362136, 32.945126725259279 ], [ -97.045780851251692, 32.946022786441468 ], [ -97.045792692409378, 32.94691884638727 ], [ -97.044716694678158, 32.946928702395908 ], [ -97.044704865701661, 32.946032642352044 ], [ -97.043628879883784, 32.946042488117158 ], [ -97.04255289379833, 32.946052323736673 ], [ -97.042541089451547, 32.945156262260788 ], [ -97.042529285372083, 32.944260199548346 ], [ -97.042517481559898, 32.943364135599197 ], [ -97.04250567801499, 32.942468070413135 ], [ -97.043581615378358, 32.942458235184716 ], [ -97.043593431103375, 32.943354300273015 ] ] ] } },
{ "type": "Feature", "properties": { "id": "48_71", "growth_scenario": "high", "market_gravity_weight": 100 }, "geometry": { "type": "Polygon", "coordinates": [ [ [ -98.719043155153841, 29.479357426882054 ], [ -98.719072650780092, 29.480259268886552 ], [ -98.719102147046087, 29.481161108964354 ], [ -98.719131643951854, 29.482062947115633 ], [ -98.718101001829766, 29.482088753030094 ], [ -98.71807151609211, 29.48118691465384 ], [ -98.717040884498587, 29.481212710561348 ], [ -98.717011410568361, 29.480310870033669 ], [ -98.71698193727741, 29.479409027579379 ], [ -98.715951327380196, 29.479434813255263 ], [ -98.715921865895922, 29.478532968649322 ], [ -98.716952464625706, 29.478507183198161 ], [ -98.716922992613235, 29.477605336889983 ], [ -98.717953579536612, 29.477579541881919 ], [ -98.718984165820544, 29.477553737092204 ], [ -98.719013660167334, 29.478455582950652 ], [ -98.719043155153841, 29.479357426882054 ] ] ] } },
{ "type": "Feature", "properties": { "id": "48_72", "growth_scenario": "high", "market_gravity_weight": 100 }, "geometry": { "type": "Polygon", "coordinates": [ [ [ -97.046844983463117, 32.945116859301244 ], [ -97.047920956295698, 32.945106983197753 ], [ -97.047932821547064, 32.946003044183612 ], [ -97.049008806291866, 32.945993157836419 ], [ -97.049020683993078, 32.946889217487602 ], [ -97.049032561963273, 32.947785275902582 ], [ -97.049044440202437, 32.948681333081531 ], [ -97.047968418913314, 32.948691219723671 ], [ -97.047956552855865, 32.94779516244639 ], [ -97.046880543479745, 32.947805038844486 ], [ -97.045804533835209, 32.947814905096834 ], [ -97.045792692409378, 32.94691884638727 ], [ -97.045780851251692, 32.946022786441468 ], [ -97.045769010362136, 32.945126725259279 ], [ -97.04575716974071, 32.944230662840539 ], [ -97.046833130661057, 32.944220796980602 ], [ -97.046844983463117, 32.945116859301244 ] ] ] } },
{ "type": "Feature", "properties": { "id": "48_73", "growth_scenario": "high", "market_gravity_weight": 100 }, "geometry": { "type": "Polygon", "coordinates": [ [ [ -97.052272502454784, 32.94865161228018 ], [ -97.053348522666312, 32.94864168505476 ], [ -97.053360449902357, 32.949537740603589 ], [ -97.053372377408493, 32.950433794916655 ], [ -97.052296332832782, 32.95044372233955 ], [ -97.052308248426527, 32.951339775515891 ], [ -97.051232191398455, 32.951349692891412 ], [ -97.051244095079255, 32.952245744931091 ], [ -97.050168025598808, 32.952255652258984 ], [ -97.050156134100817, 32.951359600120774 ], [ -97.049080076533897, 32.951369497204041 ], [ -97.049068197487742, 32.950473443732058 ], [ -97.050144242872136, 32.950463546747237 ], [ -97.051220287987235, 32.950453639616413 ], [ -97.051208384845566, 32.949557585105914 ], [ -97.050132351912708, 32.949567492138236 ], [ -97.050120461222576, 32.948671436293566 ], [ -97.051196481973449, 32.948661529359782 ], [ -97.051184579370883, 32.94776547237776 ], [ -97.052260587670517, 32.947755555396782 ], [ -97.052272502454784, 32.94865161228018 ] ] ] } },
{ "type": "Feature", "properties": { "id": "48_74", "growth_scenario": "high", "market_gravity_weight": 100 }, "geometry": { "type": "Polygon", "coordinates": [ [ [ -97.043593431103375, 32.943354300273015 ], [ -97.043581615378358, 32.942458235184716 ], [ -97.044657552474177, 32.942448389811254 ], [ -97.045733489302179, 32.94243853429262 ], [ -97.046809425862079, 32.942428668628857 ], [ -97.047885362153622, 32.942418792819957 ], [ -97.048961298176494, 32.942408906865978 ], [ -97.04897317480193, 32.943304971463824 ], [ -97.048985051696292, 32.944201034824736 ], [ -97.047909091313002, 32.944210920975323 ], [ -97.047920956295698, 32.945106983197753 ], [ -97.046844983463117, 32.945116859301244 ], [ -97.046833130661057, 32.944220796980602 ], [ -97.04575716974071, 32.944230662840539 ], [ -97.044681208552248, 32.944240518555127 ], [ -97.044669380379304, 32.943344454801625 ], [ -97.043593431103375, 32.943354300273015 ] ] ] } },
{ "type": "Feature", "properties": { "id": "48_75", "growth_scenario": "high", "market_gravity_weight": 100 }, "geometry": { "type": "Polygon", "coordinates": [ [ [ -97.051172677037826, 32.94686941415975 ], [ -97.052248673156058, 32.946859497277373 ], [ -97.052260587670517, 32.947755555396782 ], [ -97.051184579370883, 32.94776547237776 ], [ -97.051196481973449, 32.948661529359782 ], [ -97.050120461222576, 32.948671436293566 ], [ -97.050132351912708, 32.949567492138236 ], [ -97.049056318710583, 32.949577389024611 ], [ -97.049044440202437, 32.948681333081531 ], [ -97.049032561963273, 32.947785275902582 ], [ -97.049020683993078, 32.946889217487602 ], [ -97.049008806291866, 32.945993157836419 ], [ -97.048996928859609, 32.945097096948913 ], [ -97.050072901154564, 32.945087200554568 ], [ -97.051148873180281, 32.945077294014865 ], [ -97.051160774974292, 32.94597335470548 ], [ -97.051172677037826, 32.94686941415975 ] ] ] } },
{ "type": "Feature", "properties": { "id": "48_76", "growth_scenario": "high", "market_gravity_weight": 100 }, "geometry": { "type": "Polygon", "coordinates": [ [ [ -98.699197959923637, 29.47172935063848 ], [ -98.700228479514848, 29.471703723482978 ], [ -98.701258998470834, 29.471678086546341 ], [ -98.701288298524588, 29.472579949710092 ], [ -98.700257768402793, 29.472605586870174 ], [ -98.700287057925962, 29.473507448329219 ], [ -98.699256516002862, 29.473533075931378 ], [ -98.69928579499495, 29.474434935685899 ], [ -98.698255241270516, 29.474460553729966 ], [ -98.698225973444764, 29.473558693752171 ], [ -98.698196706253754, 29.472656831846525 ], [ -98.6981674396975, 29.471754968012785 ], [ -98.697136918836634, 29.471780575605884 ], [ -98.697107664080704, 29.470878709620774 ], [ -98.697078409959232, 29.469976841707226 ], [ -98.698108908489075, 29.469951234560387 ], [ -98.699139406384248, 29.469925617632537 ], [ -98.699168682836472, 29.470827485099743 ], [ -98.699197959923637, 29.47172935063848 ] ] ] } },
{ "type": "Feature", "properties": { "id": "48_77", "growth_scenario": "high", "market_gravity_weight": 100 }, "geometry": { "type": "Polygon", "coordinates": [ [ [ -98.715951327380196, 29.479434813255263 ], [ -98.71698193727741, 29.479409027579379 ], [ -98.717011410568361, 29.480310870033669 ], [ -98.717040884498587, 29.481212710561348 ], [ -98.717070359068117, 29.482114549162457 ], [ -98.716039715667151, 29.4821403355127 ], [ -98.715009071627094, 29.482166112080936 ], [ -98.713978426948231, 29.48219187886707 ], [ -98.713948985883249, 29.481290039591784 ], [ -98.713919545456818, 29.480388198390063 ], [ -98.713890105668966, 29.479486355261656 ], [ -98.714920716843949, 29.479460589149404 ], [ -98.714891266527147, 29.478558744318754 ], [ -98.715921865895922, 29.478532968649322 ], [ -98.715951327380196, 29.479434813255263 ] ] ] } },
{ "type": "Feature", "properties": { "id": "48_78", "growth_scenario": "high", "market_gravity_weight": 100 }, "geometry": { "type": "Polygon", "coordinates": [ [ [ -97.045674292897388, 32.937958191270134 ], [ -97.045686131642213, 32.938854262349913 ], [ -97.045697970655084, 32.939750332191934 ], [ -97.044622070365719, 32.939760187416617 ], [ -97.044633897467392, 32.940656256118899 ], [ -97.043557984730953, 32.9406661012966 ], [ -97.042482071726965, 32.940675936329434 ], [ -97.042470268983848, 32.939779867431497 ], [ -97.042458466507966, 32.938883797295908 ], [ -97.042446664299305, 32.937987725922454 ], [ -97.042434862357894, 32.937091653311001 ], [ -97.043510726646375, 32.937081818669256 ], [ -97.044586590667379, 32.937071973883015 ], [ -97.044598416965712, 32.937968046298863 ], [ -97.045674292897388, 32.937958191270134 ] ] ] } },
{ "type": "Feature", "properties": { "id": "48_79", "growth_scenario": "high", "market_gravity_weight": 100 }, "geometry": { "type": "Polygon", "coordinates": [ [ [ -97.052201017796079, 32.943275252435647 ], [ -97.052212931231409, 32.944171315501038 ], [ -97.052224844936504, 32.9450673773297 ], [ -97.051148873180281, 32.945077294014865 ], [ -97.050072901154564, 32.945087200554568 ], [ -97.048996928859609, 32.945097096948913 ], [ -97.049008806291866, 32.945993157836419 ], [ -97.047932821547064, 32.946003044183612 ], [ -97.047920956295698, 32.945106983197753 ], [ -97.047909091313002, 32.944210920975323 ], [ -97.048985051696292, 32.944201034824736 ], [ -97.04897317480193, 32.943304971463824 ], [ -97.048961298176494, 32.942408906865978 ], [ -97.050037233930453, 32.94239901076687 ], [ -97.051113169415231, 32.942389104522611 ], [ -97.051125070400758, 32.943285168923587 ], [ -97.052201017796079, 32.943275252435647 ] ] ] } },
{ "type": "Feature", "properties": { "id": "48_8", "growth_scenario": "high", "market_gravity_weight": 100 }, "geometry": { "type": "Polygon", "coordinates": [ [ [ -98.719334463638504, 29.425191761348653 ], [ -98.720364400725018, 29.425165940257983 ], [ -98.720393891463146, 29.426067897507618 ], [ -98.71936394322357, 29.426093718822905 ], [ -98.719393423447627, 29.426995674360054 ], [ -98.71942290431069, 29.427897627960274 ], [ -98.720452874857145, 29.427871806195689 ], [ -98.720482367513043, 29.428773757634559 ], [ -98.719452385812801, 29.42879957962375 ], [ -98.718422403473483, 29.42882539183589 ], [ -98.718392933125202, 29.427923439947861 ], [ -98.718363463415713, 29.427021486123106 ], [ -98.717333502745035, 29.427047288109296 ], [ -98.717304044827671, 29.426145332123152 ], [ -98.716274094671846, 29.42617112410807 ], [ -98.716244648546123, 29.425269165960508 ], [ -98.717274587548829, 29.425243374199965 ], [ -98.718304525913041, 29.425217572662689 ], [ -98.718275058119801, 29.424315613026671 ], [ -98.719304984692428, 29.424289801937171 ], [ -98.719334463638504, 29.425191761348653 ] ] ] } },
{ "type": "Feature", "properties": { "id": "48_80", "growth_scenario": "high", "market_gravity_weight": 100 }, "geometry": { "type": "Polygon", "coordinates": [ [ [ -98.782521409230938, 29.434421979298055 ], [ -98.781491377086695, 29.434448389734218 ], [ -98.781521533662371, 29.435350310340738 ], [ -98.780491489709675, 29.435376711229384 ], [ -98.780521635784098, 29.436278630130001 ], [ -98.779491580022935, 29.436305021470954 ], [ -98.779461445103522, 29.435403102340661 ], [ -98.779431310837339, 29.434501181274818 ], [ -98.7794011772244, 29.433599258273134 ], [ -98.778371154274296, 29.433625639147905 ], [ -98.778341032468845, 29.432723713980781 ], [ -98.77937104426465, 29.43269733333555 ], [ -98.780401055407282, 29.432670942913205 ], [ -98.781431065896484, 29.43264454271371 ], [ -98.782461075732016, 29.432618132737151 ], [ -98.782491242154506, 29.433520056985579 ], [ -98.782521409230938, 29.434421979298055 ] ] ] } },
{ "type": "Feature", "properties": { "id": "48_81", "growth_scenario": "high", "market_gravity_weight": 100 }, "geometry": { "type": "Polygon", "coordinates": [ [ [ -98.779190260222236, 29.427285743045552 ], [ -98.779220389263216, 29.428187679602434 ], [ -98.780250344638105, 29.428161290328017 ], [ -98.780280485485221, 29.429063224718337 ], [ -98.781310451359829, 29.429036825437652 ], [ -98.781340604013579, 29.429938757661461 ], [ -98.781370757320914, 29.430840687948624 ], [ -98.780340769139485, 29.430867087688682 ], [ -98.779310780304684, 29.430893477651843 ], [ -98.778280790816737, 29.430919857837992 ], [ -98.778250670970039, 29.43001792686206 ], [ -98.778220551776215, 29.429115993949459 ], [ -98.778190433235252, 29.428214059100068 ], [ -98.778160315347108, 29.427312122313722 ], [ -98.778130198111796, 29.426410183590239 ], [ -98.779160131834303, 29.426383804551509 ], [ -98.779190260222236, 29.427285743045552 ] ] ] } },
{ "type": "Feature", "properties": { "id": "48_82", "growth_scenario": "high", "market_gravity_weight": 100 }, "geometry": { "type": "Polygon", "coordinates": [ [ [ -98.782551576961311, 29.435323899674724 ], [ -98.783581619606281, 29.435297479231359 ], [ -98.783611799145561, 29.43619939744249 ], [ -98.784641852291244, 29.436172966991819 ], [ -98.784672043639901, 29.437074883037493 ], [ -98.783641979339066, 29.437101313718177 ], [ -98.782611914383978, 29.437127734621363 ], [ -98.782642084076329, 29.438029649191655 ], [ -98.781612007311793, 29.438056060547179 ], [ -98.781581848774891, 29.437154145747062 ], [ -98.780551782512021, 29.437180547095195 ], [ -98.779521715595621, 29.43720693866582 ], [ -98.779491580022935, 29.436305021470954 ], [ -98.780521635784098, 29.436278630130001 ], [ -98.780491489709675, 29.435376711229384 ], [ -98.781521533662371, 29.435350310340738 ], [ -98.781491377086695, 29.434448389734218 ], [ -98.782521409230938, 29.434421979298055 ], [ -98.782551576961311, 29.435323899674724 ] ] ] } },
{ "type": "Feature", "properties": { "id": "48_83", "growth_scenario": "high", "market_gravity_weight": 100 }, "geometry": { "type": "Polygon", "coordinates": [ [ [ -97.053312742578697, 32.945953510992453 ], [ -97.05438872597594, 32.94594357391771 ], [ -97.054400664582857, 32.94683963307584 ], [ -97.055476659890871, 32.946829685756633 ], [ -97.055488610949524, 32.947725743579589 ], [ -97.055500562278809, 32.948621800166542 ], [ -97.054424542607734, 32.94863174768355 ], [ -97.054436482025736, 32.949527803133499 ], [ -97.053360449902357, 32.949537740603589 ], [ -97.053348522666312, 32.94864168505476 ], [ -97.052272502454784, 32.94865161228018 ], [ -97.052260587670517, 32.947755555396782 ], [ -97.052248673156058, 32.946859497277373 ], [ -97.052236758911391, 32.945963437921741 ], [ -97.052224844936504, 32.9450673773297 ], [ -97.053300816422961, 32.945057450499128 ], [ -97.053312742578697, 32.945953510992453 ] ] ] } },
{ "type": "Feature", "properties": { "id": "48_84", "growth_scenario": "high", "market_gravity_weight": 100 }, "geometry": { "type": "Polygon", "coordinates": [ [ [ -97.065884730627744, 33.000500937414635 ], [ -97.065896807721828, 33.00139692050189 ], [ -97.065908885089598, 33.002292902364104 ], [ -97.064832136464346, 33.002302947190977 ], [ -97.063755387565678, 33.002312981866055 ], [ -97.062678638393891, 33.002323006389268 ], [ -97.062666597620606, 33.001427024227105 ], [ -97.06265455712014, 33.000531040839938 ], [ -97.062642516892524, 32.999635056227454 ], [ -97.063719229470649, 32.99962503200382 ], [ -97.064795941775671, 32.999614997628747 ], [ -97.065872653807318, 32.999604953102121 ], [ -97.066949365565307, 32.999594898423943 ], [ -97.066961454583321, 33.000490882636292 ], [ -97.065884730627744, 33.000500937414635 ] ] ] } },
{ "type": "Feature", "properties": { "id": "48_85", "growth_scenario": "high", "market_gravity_weight": 100 }, "geometry": { "type": "Polygon", "coordinates": [ [ [ -97.044562938874009, 32.935279825336572 ], [ -97.045638778271211, 32.935269970601702 ], [ -97.045650616211887, 32.93616604539622 ], [ -97.046726467518937, 32.936156180418962 ], [ -97.04673831790582, 32.937052253876956 ], [ -97.046750168561019, 32.937948326096766 ], [ -97.045674292897388, 32.937958191270134 ], [ -97.044598416965712, 32.937968046298863 ], [ -97.044586590667379, 32.937071973883015 ], [ -97.043510726646375, 32.937081818669256 ], [ -97.042434862357894, 32.937091653311001 ], [ -97.042423060683674, 32.936195579461341 ], [ -97.042411259276662, 32.935299504373319 ], [ -97.043487099209074, 32.935289669927101 ], [ -97.043475285891631, 32.934393593698289 ], [ -97.044551113378944, 32.934383749205594 ], [ -97.044562938874009, 32.935279825336572 ] ] ] } },
{ "type": "Feature", "properties": { "id": "48_86", "growth_scenario": "high", "market_gravity_weight": 100 }, "geometry": { "type": "Polygon", "coordinates": [ [ [ -97.047861634068809, 32.940626659716152 ], [ -97.0489375457324, 32.940616773958723 ], [ -97.050013457127079, 32.940606878056371 ], [ -97.051089368252576, 32.940596972009125 ], [ -97.052165279108607, 32.940587055816941 ], [ -97.052177191734685, 32.941483122593773 ], [ -97.053253114500478, 32.941473196158036 ], [ -97.053265039576033, 32.942369261598834 ], [ -97.052189104630514, 32.942379188133295 ], [ -97.052201017796079, 32.943275252435647 ], [ -97.051125070400758, 32.943285168923587 ], [ -97.051113169415231, 32.942389104522611 ], [ -97.050037233930453, 32.94239901076687 ], [ -97.048961298176494, 32.942408906865978 ], [ -97.047885362153622, 32.942418792819957 ], [ -97.047873497976894, 32.94152272688671 ], [ -97.047861634068809, 32.940626659716152 ] ] ] } },
{ "type": "Feature", "properties": { "id": "48_87", "growth_scenario": "high", "market_gravity_weight": 100 }, "geometry": { "type": "Polygon", "coordinates": [ [ [ -97.036938141042086, 32.928179875233852 ], [ -97.036949879433138, 32.929075960722649 ], [ -97.036961618089947, 32.92997204497162 ], [ -97.035885849620456, 32.929981817968972 ], [ -97.034810080885478, 32.929991580822595 ], [ -97.033734311885283, 32.930001333532417 ], [ -97.033722609756595, 32.929105248992364 ], [ -97.032646852667511, 32.92911499146166 ], [ -97.032635162979531, 32.928218905584991 ], [ -97.0326234735562, 32.927322818468376 ], [ -97.033699206293988, 32.927313076192689 ], [ -97.034774938766859, 32.927303323773586 ], [ -97.035850670974554, 32.927293561211023 ], [ -97.035862396924387, 32.928189648036948 ], [ -97.036938141042086, 32.928179875233852 ] ] ] } },
{ "type": "Feature", "properties": { "id": "48_88", "growth_scenario": "high", "market_gravity_weight": 100 }, "geometry": { "type": "Polygon", "coordinates": [ [ [ -98.691809120953494, 29.466497235326933 ], [ -98.691838316714936, 29.467399112070062 ], [ -98.691867513109557, 29.468300986884103 ], [ -98.691896710137357, 29.469202859769329 ], [ -98.69292720067169, 29.469177301750388 ], [ -98.692956409497938, 29.470079172484215 ], [ -98.693986910564064, 29.470053604461508 ], [ -98.695017410996471, 29.470028026657783 ], [ -98.695046642787105, 29.470929895017377 ], [ -98.694016131189244, 29.470955473043983 ], [ -98.69298561895765, 29.470981041289463 ], [ -98.691955106092578, 29.471006599753807 ], [ -98.69192590779835, 29.470104730725801 ], [ -98.69089540546554, 29.47013027918641 ], [ -98.690866218969816, 29.469228408007293 ], [ -98.690837033107044, 29.468326534899479 ], [ -98.689806552471595, 29.468352073133907 ], [ -98.689777378406575, 29.467450197874708 ], [ -98.690807847877224, 29.467424659862761 ], [ -98.690778663280312, 29.466522782897073 ], [ -98.690749479316295, 29.465620904002119 ], [ -98.691779925825173, 29.465595356654575 ], [ -98.691809120953494, 29.466497235326933 ] ] ] } },
{ "type": "Feature", "properties": { "id": "48_89", "growth_scenario": "high", "market_gravity_weight": 100 }, "geometry": { "type": "Polygon", "coordinates": [ [ [ -97.047802318557686, 32.936146305297335 ], [ -97.048878169327836, 32.936136420031218 ], [ -97.049954019829116, 32.936126524620754 ], [ -97.049965906750415, 32.937022597783987 ], [ -97.048890044070987, 32.937032493292804 ], [ -97.048901919083022, 32.937928565316163 ], [ -97.048913794363926, 32.938824636101522 ], [ -97.047837907058536, 32.938834521662358 ], [ -97.046762019484532, 32.938844397078498 ], [ -97.04677387067639, 32.939740466822407 ], [ -97.045697970655084, 32.939750332191934 ], [ -97.045686131642213, 32.938854262349913 ], [ -97.045674292897388, 32.937958191270134 ], [ -97.046750168561019, 32.937948326096766 ], [ -97.04673831790582, 32.937052253876956 ], [ -97.046726467518937, 32.936156180418962 ], [ -97.046714617400369, 32.935260105722556 ], [ -97.047790456261239, 32.935250230699069 ], [ -97.047802318557686, 32.936146305297335 ] ] ] } },
{ "type": "Feature", "properties": { "id": "48_9", "growth_scenario": "high", "market_gravity_weight": 100 }, "geometry": { "type": "Polygon", "coordinates": [ [ [ -98.7202759323458, 29.422460056884752 ], [ -98.720305421166358, 29.423362019946754 ], [ -98.721335335308268, 29.423336189528737 ], [ -98.721364835920554, 29.424238150428423 ], [ -98.721394337172299, 29.425140109390593 ], [ -98.720364400725018, 29.425165940257983 ], [ -98.719334463638504, 29.425191761348653 ], [ -98.719304984692428, 29.424289801937171 ], [ -98.718275058119801, 29.424315613026671 ], [ -98.717245130908481, 29.424341414339494 ], [ -98.717215674906583, 29.423439452541583 ], [ -98.717186219543152, 29.422537488806125 ], [ -98.718216124449455, 29.422511687942155 ], [ -98.719246028717095, 29.422485877301664 ], [ -98.719216551687794, 29.421583912077345 ], [ -98.720246444164388, 29.421558091885014 ], [ -98.7202759323458, 29.422460056884752 ] ] ] } },
{ "type": "Feature", "properties": { "id": "48_90", "growth_scenario": "high", "market_gravity_weight": 100 }, "geometry": { "type": "Polygon", "coordinates": [ [ [ -98.779220389263216, 29.428187679602434 ], [ -98.779190260222236, 29.427285743045552 ], [ -98.780220204444305, 29.427259354000732 ], [ -98.781250148013072, 29.427232955179331 ], [ -98.782280090928296, 29.427206546581328 ], [ -98.783310033189764, 29.427180128206768 ], [ -98.784339974797192, 29.427153700055584 ], [ -98.784370159602076, 29.428055635463764 ], [ -98.784400345061243, 29.428957568934905 ], [ -98.783370381148089, 29.42898399754592 ], [ -98.78234041658088, 29.42901041638012 ], [ -98.782370580387862, 29.429912348374209 ], [ -98.781340604013579, 29.429938757661461 ], [ -98.781310451359829, 29.429036825437652 ], [ -98.780280485485221, 29.429063224718337 ], [ -98.780250344638105, 29.428161290328017 ], [ -98.779220389263216, 29.428187679602434 ] ] ] } },
{ "type": "Feature", "properties": { "id": "48_91", "growth_scenario": "high", "market_gravity_weight": 100 }, "geometry": { "type": "Polygon", "coordinates": [ [ [ -97.05542885836239, 32.94324544210059 ], [ -97.055440808338602, 32.944141504869606 ], [ -97.055452758585403, 32.945037566401801 ], [ -97.055464709102836, 32.945933626697403 ], [ -97.05438872597594, 32.94594357391771 ], [ -97.053312742578697, 32.945953510992453 ], [ -97.053300816422961, 32.945057450499128 ], [ -97.052224844936504, 32.9450673773297 ], [ -97.052212931231409, 32.944171315501038 ], [ -97.052201017796079, 32.943275252435647 ], [ -97.052189104630514, 32.942379188133295 ], [ -97.053265039576033, 32.942369261598834 ], [ -97.054340974251545, 32.942359324919266 ], [ -97.054352911777173, 32.943255389024145 ], [ -97.05542885836239, 32.94324544210059 ] ] ] } },
{ "type": "Feature", "properties": { "id": "48_92", "growth_scenario": "high", "market_gravity_weight": 100 }, "geometry": { "type": "Polygon", "coordinates": [ [ [ -97.056504804677019, 32.943235485031806 ], [ -97.057580750720774, 32.943225517817865 ], [ -97.057592725057546, 32.944121580388803 ], [ -97.057604699665433, 32.945017641722885 ], [ -97.057616674544505, 32.945913701820388 ], [ -97.056540691959114, 32.945923669331627 ], [ -97.056552654928254, 32.946819728291842 ], [ -97.056564618168295, 32.94771578601577 ], [ -97.055488610949524, 32.947725743579589 ], [ -97.055476659890871, 32.946829685756633 ], [ -97.054400664582857, 32.94683963307584 ], [ -97.05438872597594, 32.94594357391771 ], [ -97.055464709102836, 32.945933626697403 ], [ -97.055452758585403, 32.945037566401801 ], [ -97.055440808338602, 32.944141504869606 ], [ -97.05542885836239, 32.94324544210059 ], [ -97.055416908656767, 32.94234937809459 ], [ -97.056492842791386, 32.942339421124856 ], [ -97.056504804677019, 32.943235485031806 ] ] ] } },
{ "type": "Feature", "properties": { "id": "48_93", "growth_scenario": "high", "market_gravity_weight": 100 }, "geometry": { "type": "Polygon", "coordinates": [ [ [ -98.773439200649861, 29.40937838053032 ], [ -98.774468925126868, 29.40935204494944 ], [ -98.774498996518588, 29.410254021198782 ], [ -98.775528731492003, 29.410227675613957 ], [ -98.775558814683748, 29.411129649693851 ], [ -98.774529068562003, 29.411155995507773 ], [ -98.773499321788549, 29.41118233154651 ], [ -98.773529383335074, 29.412084304144212 ], [ -98.772499624761551, 29.412110630636743 ], [ -98.772469574363626, 29.411208657810182 ], [ -98.771439826287491, 29.41123497429869 ], [ -98.770410077560356, 29.411261281012038 ], [ -98.770380050110461, 29.410359305787743 ], [ -98.77140978768918, 29.41033299930308 ], [ -98.771379749741826, 29.409431022367187 ], [ -98.772409475521428, 29.409404706336204 ], [ -98.772379427077126, 29.40850272768856 ], [ -98.77340914105767, 29.408476402111511 ], [ -98.773439200649861, 29.40937838053032 ] ] ] } },
{ "type": "Feature", "properties": { "id": "48_94", "growth_scenario": "high", "market_gravity_weight": 100 }, "geometry": { "type": "Polygon", "coordinates": [ [ [ -97.049977793940826, 32.937918669708978 ], [ -97.051053668529505, 32.937908763957125 ], [ -97.052129542848732, 32.937898848060705 ], [ -97.053205416898265, 32.93788892201966 ], [ -97.054281290677807, 32.937878985834054 ], [ -97.05429322685201, 32.938775056126495 ], [ -97.055369112539935, 32.938765109697343 ], [ -97.055381061163317, 32.939661178653083 ], [ -97.054305163296476, 32.939671125181029 ], [ -97.053229265159374, 32.939681061564194 ], [ -97.052153366752265, 32.939690987802607 ], [ -97.051077468075434, 32.939700903896224 ], [ -97.050001569129165, 32.939710809845003 ], [ -97.048925669913714, 32.939720705648931 ], [ -97.048913794363926, 32.938824636101522 ], [ -97.049989681400419, 32.938814740395884 ], [ -97.049977793940826, 32.937918669708978 ] ] ] } },
{ "type": "Feature", "properties": { "id": "48_95", "growth_scenario": "high", "market_gravity_weight": 100 }, "geometry": { "type": "Polygon", "coordinates": [ [ [ -97.044539288151626, 32.933487671835799 ], [ -97.045615103193882, 32.93347781729684 ], [ -97.046690917968121, 32.933467952613768 ], [ -97.047766732474074, 32.933458077786597 ], [ -97.048842546711484, 32.933448192815277 ], [ -97.048854420648084, 32.934344269792632 ], [ -97.049930246793949, 32.934334374578874 ], [ -97.049942133176984, 32.935230450219116 ], [ -97.048866294853525, 32.935240345531255 ], [ -97.047790456261239, 32.935250230699069 ], [ -97.046714617400369, 32.935260105722556 ], [ -97.046726467518937, 32.936156180418962 ], [ -97.045650616211887, 32.93616604539622 ], [ -97.045638778271211, 32.935269970601702 ], [ -97.044562938874009, 32.935279825336572 ], [ -97.044551113378944, 32.934383749205594 ], [ -97.044539288151626, 32.933487671835799 ] ] ] } },
{ "type": "Feature", "properties": { "id": "48_96", "growth_scenario": "high", "market_gravity_weight": 100 }, "geometry": { "type": "Polygon", "coordinates": [ [ [ -98.785551101314226, 29.432538844144858 ], [ -98.785581301199286, 29.433440767703392 ], [ -98.785611501738998, 29.434342689325923 ], [ -98.784581471557331, 29.434369129093888 ], [ -98.783551440721226, 29.434395559084582 ], [ -98.783581619606281, 29.435297479231359 ], [ -98.782551576961311, 29.435323899674724 ], [ -98.782521409230938, 29.434421979298055 ], [ -98.782491242154506, 29.433520056985579 ], [ -98.782461075732016, 29.432618132737151 ], [ -98.781431065896484, 29.43264454271371 ], [ -98.781400911281878, 29.431742616299299 ], [ -98.782430909963423, 29.431716206552547 ], [ -98.783460907991085, 29.431689787028766 ], [ -98.783491084913649, 29.432591712983466 ], [ -98.784521093441143, 29.432565283452711 ], [ -98.784490905364635, 29.431663357727913 ], [ -98.785520902083817, 29.431636918650117 ], [ -98.785551101314226, 29.432538844144858 ] ] ] } },
{ "type": "Feature", "properties": { "id": "48_97", "growth_scenario": "high", "market_gravity_weight": 100 }, "geometry": { "type": "Polygon", "coordinates": [ [ [ -98.776588560153542, 29.411103294104887 ], [ -98.777618304971142, 29.411076928740812 ], [ -98.777648411111898, 29.411978900422142 ], [ -98.776618655145768, 29.41200526601542 ], [ -98.775588898527431, 29.41203162183356 ], [ -98.77561898302308, 29.412933592033177 ], [ -98.775649068170722, 29.413835560292906 ], [ -98.774619288602565, 29.41386190679394 ], [ -98.773589508382614, 29.413888243519647 ], [ -98.773559445533095, 29.412986274801842 ], [ -98.772529675810716, 29.413012601523299 ], [ -98.772499624761551, 29.412110630636743 ], [ -98.773529383335074, 29.412084304144212 ], [ -98.773499321788549, 29.41118233154651 ], [ -98.774529068562003, 29.411155995507773 ], [ -98.775558814683748, 29.411129649693851 ], [ -98.775528731492003, 29.410227675613957 ], [ -98.776558465813508, 29.410201320254099 ], [ -98.776588560153542, 29.411103294104887 ] ] ] } },
{ "type": "Feature", "properties": { "id": "48_98", "growth_scenario": "high", "market_gravity_weight": 100 }, "geometry": { "type": "Polygon", "coordinates": [ [ [ -97.052177191734685, 32.941483122593773 ], [ -97.052165279108607, 32.940587055816941 ], [ -97.053241189694916, 32.940577129479891 ], [ -97.054317100011204, 32.940567192997889 ], [ -97.05539301005723, 32.940557246371057 ], [ -97.056468919832682, 32.940547289599252 ], [ -97.057544829337303, 32.94053732268258 ], [ -97.057556802860674, 32.941433388964981 ], [ -97.05756877665516, 32.942329454010014 ], [ -97.056492842791386, 32.942339421124856 ], [ -97.055416908656767, 32.94234937809459 ], [ -97.05542885836239, 32.94324544210059 ], [ -97.054352911777173, 32.943255389024145 ], [ -97.054340974251545, 32.942359324919266 ], [ -97.053265039576033, 32.942369261598834 ], [ -97.053253114500478, 32.941473196158036 ], [ -97.052177191734685, 32.941483122593773 ] ] ] } },
{ "type": "Feature", "properties": { "id": "48_99", "growth_scenario": "high", "market_gravity_weight": 100 }, "geometry": { "type": "Polygon", "coordinates": [ [ [ -98.785671904782447, 29.436146526763668 ], [ -98.786701956618941, 29.436120076758165 ], [ -98.786732170277844, 29.437021992343528 ], [ -98.787762232614469, 29.436995532330354 ], [ -98.787792458083672, 29.437897445750128 ], [ -98.787822684208109, 29.438799357234771 ], [ -98.786792599560584, 29.438825817708533 ], [ -98.785762514258039, 29.438852268404595 ], [ -98.785732310444757, 29.437950356459488 ], [ -98.784702235643053, 29.437976797147783 ], [ -98.783672160186825, 29.438003228058523 ], [ -98.782642084076329, 29.438029649191655 ], [ -98.782611914383978, 29.437127734621363 ], [ -98.783641979339066, 29.437101313718177 ], [ -98.784672043639901, 29.437074883037493 ], [ -98.784641852291244, 29.436172966991819 ], [ -98.784611661597069, 29.435271049010641 ], [ -98.785641702933376, 29.435244609012628 ], [ -98.785671904782447, 29.436146526763668 ] ] ] } },
{ "type": "Feature", "properties": { "id": "49_0", "growth_scenario": "high", "market_gravity_weight": 100 }, "geometry": { "type": "Polygon", "coordinates": [ [ [ -111.925882858278584, 40.342789578553521 ], [ -111.927053609065794, 40.342640679866534 ], [ -111.92725168057072, 40.343520823599157 ], [ -111.92744975695598, 40.34440096748304 ], [ -111.92862053088362, 40.344252054141208 ], [ -111.928818626160194, 40.345132196263812 ], [ -111.927647838221802, 40.345281111518347 ], [ -111.926477045402677, 40.345430015942853 ], [ -111.925306247703205, 40.345578909537373 ], [ -111.925108194459497, 40.344698761676938 ], [ -111.923937405891266, 40.34484764252899 ], [ -111.923739371538431, 40.343967492907908 ], [ -111.923541342064965, 40.34308734343842 ], [ -111.924712102611522, 40.342938466410786 ], [ -111.924514064006914, 40.342058319004622 ], [ -111.925684805663806, 40.341909433059584 ], [ -111.925882858278584, 40.342789578553521 ] ] ] } },
{ "type": "Feature", "properties": { "id": "49_1", "growth_scenario": "high", "market_gravity_weight": 100 }, "geometry": { "type": "Polygon", "coordinates": [ [ [ -111.924316030281645, 40.341178171749426 ], [ -111.924514064006914, 40.342058319004622 ], [ -111.924712102611522, 40.342938466410786 ], [ -111.923541342064965, 40.34308734343842 ], [ -111.923739371538431, 40.343967492907908 ], [ -111.922568592101811, 40.344116361017704 ], [ -111.922370576639182, 40.343236209636139 ], [ -111.921199806334542, 40.343385065004 ], [ -111.921001809761492, 40.342504911861859 ], [ -111.919831048589188, 40.34265375448804 ], [ -111.919633070905036, 40.341773599585558 ], [ -111.920803818066801, 40.341624758870978 ], [ -111.920605831250285, 40.340744606031102 ], [ -111.921776559523806, 40.34059575639855 ], [ -111.922947282918997, 40.340446895936481 ], [ -111.923145297755411, 40.341327044952877 ], [ -111.924316030281645, 40.341178171749426 ] ] ] } },
{ "type": "Feature", "properties": { "id": "49_10", "growth_scenario": "high", "market_gravity_weight": 100 }, "geometry": { "type": "Polygon", "coordinates": [ [ [ -111.951934395330724, 40.367540405379216 ], [ -111.952132842511318, 40.368420523242911 ], [ -111.95233129458299, 40.369300641263216 ], [ -111.951160159500205, 40.369449776436888 ], [ -111.950961721446362, 40.36856965649941 ], [ -111.949790595490654, 40.368718778923316 ], [ -111.949592176345277, 40.367838657225548 ], [ -111.948421059516988, 40.367987766900065 ], [ -111.948222659279438, 40.367107643442125 ], [ -111.947051551578937, 40.367256740367395 ], [ -111.946853170248559, 40.366376615149413 ], [ -111.948024263931643, 40.366227520140662 ], [ -111.949195352725155, 40.366078414299587 ], [ -111.950366436628741, 40.365929297626266 ], [ -111.951537515642116, 40.365780170120779 ], [ -111.951735953041066, 40.36666028767192 ], [ -111.951934395330724, 40.367540405379216 ] ] ] } },
{ "type": "Feature", "properties": { "id": "49_11", "growth_scenario": "high", "market_gravity_weight": 100 }, "geometry": { "type": "Polygon", "coordinates": [ [ [ -111.948024263931643, 40.366227520140662 ], [ -111.946853170248559, 40.366376615149413 ], [ -111.947051551578937, 40.367256740367395 ], [ -111.947249937798787, 40.368136865741953 ], [ -111.946078811190958, 40.368285953751247 ], [ -111.945880438989022, 40.367405826460171 ], [ -111.944709321510004, 40.367554901720389 ], [ -111.944510968214942, 40.366674772669633 ], [ -111.9443126198085, 40.365794643775402 ], [ -111.94314152547625, 40.365943704370743 ], [ -111.942943195975531, 40.36506357371676 ], [ -111.944114276290506, 40.364914515037427 ], [ -111.945285351717217, 40.36476544552584 ], [ -111.946456422255366, 40.364616365182009 ], [ -111.947627487904612, 40.364467274006095 ], [ -111.94782587347342, 40.365347396995318 ], [ -111.948024263931643, 40.366227520140662 ] ] ] } },
{ "type": "Feature", "properties": { "id": "49_12", "growth_scenario": "high", "market_gravity_weight": 100 }, "geometry": { "type": "Polygon", "coordinates": [ [ [ -111.958583955616689, 40.37031502024201 ], [ -111.959755089381474, 40.370165816237687 ], [ -111.959953640236677, 40.371045923221949 ], [ -111.9601521959856, 40.371926030363191 ], [ -111.960350756628486, 40.372806137661627 ], [ -111.960549322165477, 40.373686245117462 ], [ -111.959378132327728, 40.373835456795007 ], [ -111.958206937596032, 40.373984657639532 ], [ -111.958008400096659, 40.373104546346916 ], [ -111.956837214490392, 40.373253734440212 ], [ -111.956638695903237, 40.372373621387084 ], [ -111.957809867490752, 40.372224435211919 ], [ -111.95761133977814, 40.371344324234244 ], [ -111.957412816958623, 40.370464213413811 ], [ -111.957214299032046, 40.36958410275021 ], [ -111.958385423672496, 40.36943491149637 ], [ -111.958583955616689, 40.37031502024201 ] ] ] } },
{ "type": "Feature", "properties": { "id": "49_13", "growth_scenario": "high", "market_gravity_weight": 100 }, "geometry": { "type": "Polygon", "coordinates": [ [ [ -111.92651229658243, 40.356289601487248 ], [ -111.926710399265247, 40.357169753252002 ], [ -111.925539409627007, 40.357318650053003 ], [ -111.925737503175839, 40.358198803885934 ], [ -111.926908506830131, 40.358049905171484 ], [ -111.927106619277225, 40.358930057245985 ], [ -111.925935601606582, 40.359078957873926 ], [ -111.926133704919394, 40.359959112017187 ], [ -111.924962668349806, 40.360108003726509 ], [ -111.924764579053843, 40.359227847669764 ], [ -111.923593551619348, 40.359376726633378 ], [ -111.923395481221874, 40.358496568818744 ], [ -111.924566494639663, 40.358347691768365 ], [ -111.92436841510704, 40.357467536022149 ], [ -111.924170340455831, 40.356587380430831 ], [ -111.923972270685852, 40.355707224994198 ], [ -111.925143237174353, 40.355558342851459 ], [ -111.926314198781483, 40.355409449877016 ], [ -111.927485155506915, 40.355260546071058 ], [ -111.927683267323076, 40.356140695767941 ], [ -111.92651229658243, 40.356289601487248 ] ] ] } },
{ "type": "Feature", "properties": { "id": "49_14", "growth_scenario": "high", "market_gravity_weight": 100 }, "geometry": { "type": "Polygon", "coordinates": [ [ [ -111.948421059516988, 40.367987766900065 ], [ -111.949592176345277, 40.367838657225548 ], [ -111.949790595490654, 40.368718778923316 ], [ -111.950961721446362, 40.36856965649941 ], [ -111.951160159500205, 40.369449776436888 ], [ -111.949989019526456, 40.369598900777831 ], [ -111.950187448452908, 40.370479022789354 ], [ -111.949016289569997, 40.370628138214542 ], [ -111.948817874662097, 40.369748014286053 ], [ -111.948619464644494, 40.368867890514593 ], [ -111.947448328908209, 40.369016991273256 ], [ -111.946277188282153, 40.369166081199104 ], [ -111.94647557026282, 40.370046208803991 ], [ -111.945304410728539, 40.370195289813552 ], [ -111.945106042766611, 40.369315160292103 ], [ -111.944907679693813, 40.36843503092777 ], [ -111.944709321510004, 40.367554901720389 ], [ -111.945880438989022, 40.367405826460171 ], [ -111.946078811190958, 40.368285953751247 ], [ -111.947249937798787, 40.368136865741953 ], [ -111.947051551578937, 40.367256740367395 ], [ -111.948222659279438, 40.367107643442125 ], [ -111.948421059516988, 40.367987766900065 ] ] ] } },
{ "type": "Feature", "properties": { "id": "49_2", "growth_scenario": "high", "market_gravity_weight": 100 }, "geometry": { "type": "Polygon", "coordinates": [ [ [ -111.984944317786159, 40.369670230449117 ], [ -111.983773244811843, 40.369819667682577 ], [ -111.983972090685569, 40.370699736743632 ], [ -111.984170941460079, 40.37157980596065 ], [ -111.985342042464609, 40.371430364885008 ], [ -111.986513138567844, 40.371280912977767 ], [ -111.986712022274375, 40.372160978508276 ], [ -111.985540912155727, 40.372310432336853 ], [ -111.984369797135585, 40.372459875333703 ], [ -111.984568657712217, 40.37333994486319 ], [ -111.98339752377484, 40.37348937894938 ], [ -111.98319867721429, 40.372609307498806 ], [ -111.98299983555458, 40.371729236204594 ], [ -111.982800998795526, 40.370849165066595 ], [ -111.982602166936928, 40.369969094084603 ], [ -111.982403339978632, 40.369089023258354 ], [ -111.982204517920451, 40.368208952587736 ], [ -111.983375567766075, 40.368059530027296 ], [ -111.984546612711441, 40.367910096635676 ], [ -111.984745462798415, 40.368790163464695 ], [ -111.984944317786159, 40.369670230449117 ] ] ] } },
{ "type": "Feature", "properties": { "id": "49_3", "growth_scenario": "high", "market_gravity_weight": 100 }, "geometry": { "type": "Polygon", "coordinates": [ [ [ -111.9231626677647, 40.346756816072904 ], [ -111.922964637664393, 40.345876664235952 ], [ -111.924135445123667, 40.34572779230173 ], [ -111.925306247703205, 40.345578909537373 ], [ -111.926477045402677, 40.345430015942853 ], [ -111.927647838221802, 40.345281111518347 ], [ -111.928818626160194, 40.345132196263812 ], [ -111.929016726317784, 40.346012338537925 ], [ -111.930187523386081, 40.345863410540552 ], [ -111.93038564243615, 40.346743551053507 ], [ -111.929214831356603, 40.346892480963888 ], [ -111.92804401539567, 40.347041400044141 ], [ -111.926873194553693, 40.347190308294195 ], [ -111.925702368830969, 40.347339205713922 ], [ -111.924531538227811, 40.34748809230323 ], [ -111.924333489235792, 40.346607942226413 ], [ -111.9231626677647, 40.346756816072904 ] ] ] } },
{ "type": "Feature", "properties": { "id": "49_4", "growth_scenario": "high", "market_gravity_weight": 100 }, "geometry": { "type": "Polygon", "coordinates": [ [ [ -111.924729592099922, 40.348368242532437 ], [ -111.925900436715366, 40.348219354030448 ], [ -111.926098509480354, 40.349099502499548 ], [ -111.926296587126146, 40.349979651121288 ], [ -111.926494669652854, 40.350859799896028 ], [ -111.926692757060692, 40.351739948823877 ], [ -111.925521856392848, 40.351888844977182 ], [ -111.925323782998603, 40.351008694136318 ], [ -111.924152891463564, 40.351157577545749 ], [ -111.923954836963546, 40.350277424945432 ], [ -111.922783954561638, 40.350426295611193 ], [ -111.922585918955221, 40.34954614125143 ], [ -111.922387888228599, 40.348665987044619 ], [ -111.923558742604229, 40.348517120203852 ], [ -111.923360702744588, 40.347636968062176 ], [ -111.924531538227811, 40.34748809230323 ], [ -111.924729592099922, 40.348368242532437 ] ] ] } },
{ "type": "Feature", "properties": { "id": "49_5", "growth_scenario": "high", "market_gravity_weight": 100 }, "geometry": { "type": "Polygon", "coordinates": [ [ [ -111.982425222381366, 40.374518875732122 ], [ -111.981254064625489, 40.37466829007532 ], [ -111.980082901969055, 40.374817693586252 ], [ -111.980281716280459, 40.375697771113707 ], [ -111.980480535492234, 40.376577848798469 ], [ -111.980679359604594, 40.377457926640801 ], [ -111.980878188617709, 40.378338004640888 ], [ -111.98107702253175, 40.379218082798971 ], [ -111.97990578488448, 40.379367485082788 ], [ -111.97873454233644, 40.379516876533486 ], [ -111.978535736460117, 40.378636794533193 ], [ -111.979706964989219, 40.378487405003497 ], [ -111.979508149994558, 40.377607325082259 ], [ -111.979309339900325, 40.376727245318918 ], [ -111.979110534706336, 40.375847165713211 ], [ -111.978911734412421, 40.374967086264952 ], [ -111.978712939018394, 40.374087006973873 ], [ -111.979884092557882, 40.373937616215933 ], [ -111.981055241197325, 40.373788214625833 ], [ -111.982226384936425, 40.373638802203665 ], [ -111.98339752377484, 40.37348937894938 ], [ -111.983596375236388, 40.374369450556649 ], [ -111.982425222381366, 40.374518875732122 ] ] ] } },
{ "type": "Feature", "properties": { "id": "49_6", "growth_scenario": "high", "market_gravity_weight": 100 }, "geometry": { "type": "Polygon", "coordinates": [ [ [ -111.926692757060692, 40.351739948823877 ], [ -111.926890849349846, 40.35262009790511 ], [ -111.92708894652047, 40.353500247139856 ], [ -111.927287048572779, 40.354380396528477 ], [ -111.926116105862221, 40.354529298421106 ], [ -111.924945158270162, 40.354678189482364 ], [ -111.923774205796903, 40.354827069712094 ], [ -111.923576145788843, 40.353946914584235 ], [ -111.923378090661458, 40.353066759610407 ], [ -111.9245490151052, 40.352917883206537 ], [ -111.924350950844044, 40.352037730299386 ], [ -111.923180040414579, 40.352186604790461 ], [ -111.922981995048033, 40.351306450124113 ], [ -111.924152891463564, 40.351157577545749 ], [ -111.925323782998603, 40.351008694136318 ], [ -111.925521856392848, 40.351888844977182 ], [ -111.926692757060692, 40.351739948823877 ] ] ] } },
{ "type": "Feature", "properties": { "id": "49_7", "growth_scenario": "high", "market_gravity_weight": 100 }, "geometry": { "type": "Polygon", "coordinates": [ [ [ -111.918677312017294, 40.348232362792125 ], [ -111.919848167017619, 40.348083530355638 ], [ -111.921019017139159, 40.347934687088447 ], [ -111.921217028973345, 40.348814843054704 ], [ -111.921415045686814, 40.349694999173842 ], [ -111.920244167538954, 40.349843846265365 ], [ -111.920442175118239, 40.350724004449837 ], [ -111.920640187576865, 40.351604162787609 ], [ -111.919469276521852, 40.351753002872577 ], [ -111.919271278077403, 40.350872842622536 ], [ -111.918100376157554, 40.351021669964062 ], [ -111.917902396606095, 40.350141507955414 ], [ -111.917704421933138, 40.3492613461001 ], [ -111.917506452138497, 40.348381184397795 ], [ -111.917308487222002, 40.347501022848384 ], [ -111.91847933308776, 40.347352203154479 ], [ -111.918677312017294, 40.348232362792125 ] ] ] } },
{ "type": "Feature", "properties": { "id": "49_8", "growth_scenario": "high", "market_gravity_weight": 100 }, "geometry": { "type": "Polygon", "coordinates": [ [ [ -111.922783954561638, 40.350426295611193 ], [ -111.923954836963546, 40.350277424945432 ], [ -111.924152891463564, 40.351157577545749 ], [ -111.922981995048033, 40.351306450124113 ], [ -111.923180040414579, 40.352186604790461 ], [ -111.923378090661458, 40.353066759610407 ], [ -111.923576145788843, 40.353946914584235 ], [ -111.922405202449809, 40.354095782069564 ], [ -111.921234254230427, 40.354244638723387 ], [ -111.921036227132774, 40.353364479924181 ], [ -111.920838204914972, 40.352484321279036 ], [ -111.919667279845498, 40.35263316327633 ], [ -111.919469276521852, 40.351753002872577 ], [ -111.920640187576865, 40.351604162787609 ], [ -111.921811093752368, 40.351455311871455 ], [ -111.921613067279765, 40.350575155446023 ], [ -111.921415045686814, 40.349694999173842 ], [ -111.922585918955221, 40.34954614125143 ], [ -111.922783954561638, 40.350426295611193 ] ] ] } },
{ "type": "Feature", "properties": { "id": "49_9", "growth_scenario": "high", "market_gravity_weight": 100 }, "geometry": { "type": "Polygon", "coordinates": [ [ [ -111.930025194157452, 40.355842851834431 ], [ -111.931196150250528, 40.35569391362047 ], [ -111.931394308994427, 40.356574057730612 ], [ -111.931592472621674, 40.357454201995154 ], [ -111.930421488498268, 40.357603144036915 ], [ -111.929250499491658, 40.357752075246914 ], [ -111.92807950560217, 40.35790099562518 ], [ -111.928277632065459, 40.358781145786004 ], [ -111.927106619277225, 40.358930057245985 ], [ -111.926908506830131, 40.358049905171484 ], [ -111.925737503175839, 40.358198803885934 ], [ -111.925539409627007, 40.357318650053003 ], [ -111.926710399265247, 40.357169753252002 ], [ -111.92651229658243, 40.356289601487248 ], [ -111.927683267323076, 40.356140695767941 ], [ -111.927881384021433, 40.357020845619203 ], [ -111.929052363895238, 40.356871927154678 ], [ -111.928854233181525, 40.355991779216978 ], [ -111.928656107350321, 40.355111631433608 ], [ -111.929827054311389, 40.354962705964766 ], [ -111.930025194157452, 40.355842851834431 ] ] ] } },
{ "type": "Feature", "properties": { "id": "51_0", "growth_scenario": "high", "market_gravity_weight": 100 }, "geometry": { "type": "Polygon", "coordinates": [ [ [ -77.477763589033003, 38.990092937908265 ], [ -77.47890684520425, 38.990265726089135 ], [ -77.478681167400239, 38.991141035697034 ], [ -77.477537898011335, 38.990968245413917 ], [ -77.477312201559386, 38.991843552628524 ], [ -77.477086499676972, 38.992718859552305 ], [ -77.475943209282519, 38.992546054538849 ], [ -77.474799924319029, 38.992373238999768 ], [ -77.475025652637356, 38.991497936281114 ], [ -77.473882386322757, 38.991325112319252 ], [ -77.47410812242741, 38.990449811412169 ], [ -77.474333853100887, 38.989574510213799 ], [ -77.475477092981023, 38.989747329970541 ], [ -77.476620338291838, 38.989920139202027 ], [ -77.4768460371006, 38.989044833507293 ], [ -77.477989274624605, 38.989217630111334 ], [ -77.477763589033003, 38.990092937908265 ] ] ] } },
{ "type": "Feature", "properties": { "id": "51_1", "growth_scenario": "high", "market_gravity_weight": 100 }, "geometry": { "type": "Polygon", "coordinates": [ [ [ -77.47410812242741, 38.990449811412169 ], [ -77.473882386322757, 38.991325112319252 ], [ -77.475025652637356, 38.991497936281114 ], [ -77.474799924319029, 38.992373238999768 ], [ -77.4736566447868, 38.992200412935134 ], [ -77.47343089781927, 38.993075713260119 ], [ -77.4722876105008, 38.992902874567115 ], [ -77.471144328614344, 38.992730025348635 ], [ -77.47137010201719, 38.991854729229644 ], [ -77.470226838780448, 38.991681871588916 ], [ -77.470452619968242, 38.990806577281859 ], [ -77.470678395723837, 38.989931282683372 ], [ -77.471821632526726, 38.990104136118077 ], [ -77.472964874761345, 38.990276979027719 ], [ -77.473190618651714, 38.989401679931973 ], [ -77.474333853100887, 38.989574510213799 ], [ -77.47410812242741, 38.990449811412169 ] ] ] } },
{ "type": "Feature", "properties": { "id": "51_10", "growth_scenario": "high", "market_gravity_weight": 100 }, "geometry": { "type": "Polygon", "coordinates": [ [ [ -77.468420393694842, 38.998684215578322 ], [ -77.46819456360835, 38.99955950727157 ], [ -77.467051186838859, 38.999386620172949 ], [ -77.466825338098388, 39.000261909472648 ], [ -77.465681953543736, 39.000089009743732 ], [ -77.464538574424026, 38.999916099488615 ], [ -77.464764449603507, 38.999040814397453 ], [ -77.463621089138243, 38.998867895720601 ], [ -77.463846972101663, 38.997992612444001 ], [ -77.46499031934799, 38.998165529016447 ], [ -77.465216183657617, 38.997290243345617 ], [ -77.466359523119948, 38.997463147288066 ], [ -77.467502868016638, 38.997636040704698 ], [ -77.468646218347374, 38.997808923595429 ], [ -77.469789574111886, 38.997981795960158 ], [ -77.469563762678774, 38.998857090046798 ], [ -77.468420393694842, 38.998684215578322 ] ] ] } },
{ "type": "Feature", "properties": { "id": "51_100", "growth_scenario": "high", "market_gravity_weight": 100 }, "geometry": { "type": "Polygon", "coordinates": [ [ [ -77.792377869061923, 38.315623581715776 ], [ -77.791244384793785, 38.315453687488521 ], [ -77.790110905770732, 38.315283782813253 ], [ -77.789891013020124, 38.316159623920484 ], [ -77.789671115024021, 38.31703546459299 ], [ -77.788537615225138, 38.316865545432741 ], [ -77.788757526231947, 38.315989706778936 ], [ -77.788977431992976, 38.315113867690208 ], [ -77.787843963460844, 38.314943942119299 ], [ -77.786710500174621, 38.314774006100699 ], [ -77.786930426709731, 38.313898170614067 ], [ -77.7880638769862, 38.314068104614073 ], [ -77.788283785265818, 38.31319226667344 ], [ -77.789417227778344, 38.313362188207343 ], [ -77.789197332508365, 38.314238028166386 ], [ -77.790330793275984, 38.31440794127105 ], [ -77.79055067553611, 38.313532099293681 ], [ -77.791684128538819, 38.313701999932299 ], [ -77.792817586786228, 38.313871890123202 ], [ -77.792597730546362, 38.314747736136944 ], [ -77.792377869061923, 38.315623581715776 ] ] ] } },
{ "type": "Feature", "properties": { "id": "51_101", "growth_scenario": "high", "market_gravity_weight": 100 }, "geometry": { "type": "Polygon", "coordinates": [ [ [ -77.787150347998832, 38.313022334692036 ], [ -77.788283785265818, 38.31319226667344 ], [ -77.7880638769862, 38.314068104614073 ], [ -77.786930426709731, 38.313898170614067 ], [ -77.786710500174621, 38.314774006100699 ], [ -77.785577042134577, 38.314604059634334 ], [ -77.784443589341009, 38.314434102720476 ], [ -77.7846635418951, 38.313558271271489 ], [ -77.784883489202613, 38.312682439386933 ], [ -77.783750067673921, 38.312512476063375 ], [ -77.783970022743688, 38.311636645761766 ], [ -77.785103431263721, 38.311806607066529 ], [ -77.785323368078636, 38.310930774310172 ], [ -77.786456768836345, 38.311100723149103 ], [ -77.787590174839778, 38.311270661540881 ], [ -77.787370264042124, 38.312146498334378 ], [ -77.787150347998832, 38.313022334692036 ] ] ] } },
{ "type": "Feature", "properties": { "id": "51_102", "growth_scenario": "high", "market_gravity_weight": 100 }, "geometry": { "type": "Polygon", "coordinates": [ [ [ -77.770809736379519, 38.307844681801797 ], [ -77.771943055910839, 38.308014764427497 ], [ -77.773076380691407, 38.308184836607161 ], [ -77.772856306044019, 38.309060647588971 ], [ -77.772636226147469, 38.309936458133663 ], [ -77.771502875354543, 38.309766381914372 ], [ -77.771282777202032, 38.31064219000212 ], [ -77.770149418652352, 38.310472101316357 ], [ -77.769016065352758, 38.31030200218423 ], [ -77.769236189517912, 38.309426198136762 ], [ -77.768102854474762, 38.3092560905786 ], [ -77.768322986395447, 38.308380288114087 ], [ -77.769456308432851, 38.308550393652006 ], [ -77.76967642209776, 38.307674588729952 ], [ -77.769896530512824, 38.306798783370255 ], [ -77.771029831789221, 38.306968874422147 ], [ -77.770809736379519, 38.307844681801797 ] ] ] } },
{ "type": "Feature", "properties": { "id": "51_103", "growth_scenario": "high", "market_gravity_weight": 100 }, "geometry": { "type": "Polygon", "coordinates": [ [ [ -77.79417088826338, 38.313165921399403 ], [ -77.793951050278011, 38.31404176986635 ], [ -77.793731207048552, 38.314917617898125 ], [ -77.793511358574804, 38.31579346549502 ], [ -77.792377869061923, 38.315623581715776 ], [ -77.792597730546362, 38.314747736136944 ], [ -77.792817586786228, 38.313871890123202 ], [ -77.791684128538819, 38.313701999932299 ], [ -77.79055067553611, 38.313532099293681 ], [ -77.790770552551265, 38.312656256880899 ], [ -77.790990424321663, 38.311780414032604 ], [ -77.792123851305178, 38.311950310634955 ], [ -77.792343704821789, 38.311074465332958 ], [ -77.793477124040251, 38.311244349470009 ], [ -77.794610548502533, 38.311414223159524 ], [ -77.794390721004831, 38.31229007249722 ], [ -77.79417088826338, 38.313165921399403 ] ] ] } },
{ "type": "Feature", "properties": { "id": "51_104", "growth_scenario": "high", "market_gravity_weight": 100 }, "geometry": { "type": "Polygon", "coordinates": [ [ [ -77.775783127523766, 38.306773318273834 ], [ -77.775563089385599, 38.307649134169431 ], [ -77.776696416905978, 38.30781917299084 ], [ -77.776476386525886, 38.308694990468467 ], [ -77.775343045999222, 38.308524949627682 ], [ -77.775122997364434, 38.309400764648785 ], [ -77.774902943481052, 38.310276579232919 ], [ -77.773769582189729, 38.310106523906548 ], [ -77.773989649079795, 38.309230711342096 ], [ -77.772856306044019, 38.309060647588971 ], [ -77.773076380691407, 38.308184836607161 ], [ -77.771943055910839, 38.308014764427497 ], [ -77.772163138314994, 38.307138955028073 ], [ -77.773296450089831, 38.307309025188019 ], [ -77.773516514239461, 38.306433213331303 ], [ -77.774649818257444, 38.306603271025622 ], [ -77.774869864153104, 38.305727456711772 ], [ -77.776003160413893, 38.305897501940677 ], [ -77.775783127523766, 38.306773318273834 ] ] ] } },
{ "type": "Feature", "properties": { "id": "51_105", "growth_scenario": "high", "market_gravity_weight": 100 }, "geometry": { "type": "Polygon", "coordinates": [ [ [ -77.770116633678256, 38.305922977572742 ], [ -77.771249921949575, 38.306093066604809 ], [ -77.771029831789221, 38.306968874422147 ], [ -77.769896530512824, 38.306798783370255 ], [ -77.76967642209776, 38.307674588729952 ], [ -77.768543113065832, 38.307504485212121 ], [ -77.768322986395447, 38.308380288114087 ], [ -77.767189669608356, 38.308210172130124 ], [ -77.767409809284032, 38.307334371248373 ], [ -77.767629943709281, 38.30645856992885 ], [ -77.767850072884315, 38.305582768171327 ], [ -77.768070196809305, 38.304706965975697 ], [ -77.768290315484435, 38.303831163341655 ], [ -77.769423567247983, 38.304001269225381 ], [ -77.770556824260879, 38.304171364663603 ], [ -77.770336731594199, 38.305047171337257 ], [ -77.770116633678256, 38.305922977572742 ] ] ] } },
{ "type": "Feature", "properties": { "id": "51_106", "growth_scenario": "high", "market_gravity_weight": 100 }, "geometry": { "type": "Polygon", "coordinates": [ [ [ -77.790770552551265, 38.312656256880899 ], [ -77.79055067553611, 38.313532099293681 ], [ -77.789417227778344, 38.313362188207343 ], [ -77.788283785265818, 38.31319226667344 ], [ -77.787150347998832, 38.313022334692036 ], [ -77.787370264042124, 38.312146498334378 ], [ -77.787590174839778, 38.311270661540881 ], [ -77.786456768836345, 38.311100723149103 ], [ -77.786676687396977, 38.31022488793807 ], [ -77.787810080391992, 38.310394824311466 ], [ -77.788943478632277, 38.31056475023771 ], [ -77.790076882117518, 38.310734665716751 ], [ -77.791210290847445, 38.310904570748527 ], [ -77.790990424321663, 38.311780414032604 ], [ -77.790770552551265, 38.312656256880899 ] ] ] } },
{ "type": "Feature", "properties": { "id": "51_107", "growth_scenario": "high", "market_gravity_weight": 100 }, "geometry": { "type": "Polygon", "coordinates": [ [ [ -77.784629856474737, 38.309009152239781 ], [ -77.78440991714389, 38.309884983850175 ], [ -77.784189972566949, 38.310760815024089 ], [ -77.783056582301569, 38.31059084529101 ], [ -77.781923197282765, 38.31042086511102 ], [ -77.781703221443365, 38.311296691810931 ], [ -77.780569828663658, 38.311126699165001 ], [ -77.780789817510851, 38.31025087448409 ], [ -77.781009801110883, 38.309375049366672 ], [ -77.779876439593465, 38.309205050311995 ], [ -77.780096430953549, 38.308329226776863 ], [ -77.781229779463942, 38.308499223812532 ], [ -77.781449752570197, 38.307623397821487 ], [ -77.782583093320454, 38.307793382391857 ], [ -77.783716439317018, 38.307963356515586 ], [ -77.783496492224828, 38.308839186544105 ], [ -77.784629856474737, 38.309009152239781 ] ] ] } },
{ "type": "Feature", "properties": { "id": "51_108", "growth_scenario": "high", "market_gravity_weight": 100 }, "geometry": { "type": "Polygon", "coordinates": [ [ [ -77.772823354033719, 38.304511524203278 ], [ -77.773956626793066, 38.304681588304568 ], [ -77.773736573140468, 38.305557401036893 ], [ -77.774869864153104, 38.305727456711772 ], [ -77.774649818257444, 38.306603271025622 ], [ -77.773516514239461, 38.306433213331303 ], [ -77.773296450089831, 38.307309025188019 ], [ -77.772163138314994, 38.307138955028073 ], [ -77.771943055910839, 38.308014764427497 ], [ -77.770809736379519, 38.307844681801797 ], [ -77.771029831789221, 38.306968874422147 ], [ -77.771249921949575, 38.306093066604809 ], [ -77.770116633678256, 38.305922977572742 ], [ -77.770336731594199, 38.305047171337257 ], [ -77.771470006860739, 38.3052172583496 ], [ -77.771690086522895, 38.304341449656285 ], [ -77.771910160936244, 38.303465640524685 ], [ -77.773043415442658, 38.30363571305228 ], [ -77.772823354033719, 38.304511524203278 ] ] ] } },
{ "type": "Feature", "properties": { "id": "51_109", "growth_scenario": "high", "market_gravity_weight": 100 }, "geometry": { "type": "Polygon", "coordinates": [ [ [ -77.780316417066572, 38.307453402804647 ], [ -77.781449752570197, 38.307623397821487 ], [ -77.781229779463942, 38.308499223812532 ], [ -77.780096430953549, 38.308329226776863 ], [ -77.778963087690229, 38.308159219294573 ], [ -77.778743083323278, 38.309035040810727 ], [ -77.777609732300661, 38.308865020862854 ], [ -77.777829749674282, 38.307989201365899 ], [ -77.778049761800247, 38.307113381431812 ], [ -77.776916442038129, 38.306943355075902 ], [ -77.777136461922538, 38.306067536723546 ], [ -77.777356476559362, 38.305191717933489 ], [ -77.778489770309932, 38.30536174025125 ], [ -77.779623069307618, 38.30553175212296 ], [ -77.780756373552094, 38.30570175354849 ], [ -77.780536397932693, 38.306577578395256 ], [ -77.780316417066572, 38.307453402804647 ] ] ] } },
{ "type": "Feature", "properties": { "id": "51_11", "growth_scenario": "high", "market_gravity_weight": 100 }, "geometry": { "type": "Polygon", "coordinates": [ [ [ -77.460642880157678, 38.996598522318692 ], [ -77.461786197879675, 38.996771468363839 ], [ -77.462929521037196, 38.996944403883411 ], [ -77.462703630290463, 38.997819685345704 ], [ -77.461560293914673, 38.997646747721681 ], [ -77.461334384513989, 38.998522026789345 ], [ -77.460191040355568, 38.998349076534929 ], [ -77.459047701633352, 38.998176115754916 ], [ -77.459273637470574, 38.997300840896635 ], [ -77.458130317402819, 38.997127871695881 ], [ -77.458356261021422, 38.996252598652021 ], [ -77.458582199203619, 38.99537732531752 ], [ -77.45880813194961, 38.99450205169218 ], [ -77.459951412365214, 38.994675014578917 ], [ -77.461094698216527, 38.99484796694049 ], [ -77.460868791904915, 38.995723244774929 ], [ -77.460642880157678, 38.996598522318692 ] ] ] } },
{ "type": "Feature", "properties": { "id": "51_110", "growth_scenario": "high", "market_gravity_weight": 100 }, "geometry": { "type": "Polygon", "coordinates": [ [ [ -77.786203062879949, 38.307427438920953 ], [ -77.787336411606375, 38.307597379686321 ], [ -77.787116508781821, 38.308473216206842 ], [ -77.788249875760812, 38.308643148543744 ], [ -77.788029980698951, 38.309518986645735 ], [ -77.786896600712083, 38.309349052290692 ], [ -77.786676687396977, 38.31022488793807 ], [ -77.785543299647529, 38.310054941117635 ], [ -77.78440991714389, 38.309884983850175 ], [ -77.784629856474737, 38.309009152239781 ], [ -77.783496492224828, 38.308839186544105 ], [ -77.783716439317018, 38.307963356515586 ], [ -77.783936381163201, 38.307087526050168 ], [ -77.785069719398791, 38.307257487708867 ], [ -77.785289642992382, 38.306381654787927 ], [ -77.786422973466614, 38.306551603981703 ], [ -77.786203062879949, 38.307427438920953 ] ] ] } },
{ "type": "Feature", "properties": { "id": "51_111", "growth_scenario": "high", "market_gravity_weight": 100 }, "geometry": { "type": "Polygon", "coordinates": [ [ [ -77.792089704508456, 38.307401193250939 ], [ -77.79186985895916, 38.308277038279911 ], [ -77.790736489254485, 38.308107139301896 ], [ -77.790516625453208, 38.308982981876532 ], [ -77.789383247984702, 38.308813070433573 ], [ -77.789163365930889, 38.309688910553767 ], [ -77.788029980698951, 38.309518986645735 ], [ -77.788249875760812, 38.308643148543744 ], [ -77.787116508781821, 38.308473216206842 ], [ -77.787336411606375, 38.307597379686321 ], [ -77.787556309185945, 38.30672154272898 ], [ -77.788689650150076, 38.306891471029623 ], [ -77.788909529477834, 38.3060156316172 ], [ -77.7900428626793, 38.306185547453275 ], [ -77.791176201124813, 38.306355452842659 ], [ -77.790956347811616, 38.307231296290652 ], [ -77.792089704508456, 38.307401193250939 ] ] ] } },
{ "type": "Feature", "properties": { "id": "51_112", "growth_scenario": "high", "market_gravity_weight": 100 }, "geometry": { "type": "Polygon", "coordinates": [ [ [ -77.782109640410098, 38.304995917224879 ], [ -77.783242942141257, 38.305165895739449 ], [ -77.78302299778035, 38.306041725060894 ], [ -77.784156317763532, 38.306211695147603 ], [ -77.783936381163201, 38.307087526050168 ], [ -77.783716439317018, 38.307963356515586 ], [ -77.782583093320454, 38.307793382391857 ], [ -77.781449752570197, 38.307623397821487 ], [ -77.780316417066572, 38.307453402804647 ], [ -77.780536397932693, 38.306577578395256 ], [ -77.780756373552094, 38.30570175354849 ], [ -77.779623069307618, 38.30553175212296 ], [ -77.779843052686203, 38.30465592885735 ], [ -77.780976343924991, 38.304825928264194 ], [ -77.781196309051538, 38.303950102542046 ], [ -77.782329592531042, 38.304120089484258 ], [ -77.782109640410098, 38.304995917224879 ] ] ] } },
{ "type": "Feature", "properties": { "id": "51_113", "growth_scenario": "high", "market_gravity_weight": 100 }, "geometry": { "type": "Polygon", "coordinates": [ [ [ -77.776443210450765, 38.304145867960983 ], [ -77.775309940200202, 38.303975826770426 ], [ -77.775089904800637, 38.304851641960106 ], [ -77.776223188056164, 38.305021685169777 ], [ -77.776003160413893, 38.305897501940677 ], [ -77.774869864153104, 38.305727456711772 ], [ -77.773736573140468, 38.305557401036893 ], [ -77.773956626793066, 38.304681588304568 ], [ -77.772823354033719, 38.304511524203278 ], [ -77.773043415442658, 38.30363571305228 ], [ -77.771910160936244, 38.303465640524685 ], [ -77.772130230100984, 38.302589830954659 ], [ -77.773263471603272, 38.302759901462814 ], [ -77.774396718353714, 38.302929961525464 ], [ -77.774616756262148, 38.302054147478273 ], [ -77.775749995256234, 38.30222419507632 ], [ -77.776883239497721, 38.302394232228792 ], [ -77.776663227597908, 38.303270050313984 ], [ -77.776443210450765, 38.304145867960983 ] ] ] } },
{ "type": "Feature", "properties": { "id": "51_114", "growth_scenario": "high", "market_gravity_weight": 100 }, "geometry": { "type": "Polygon", "coordinates": [ [ [ -77.787996088610839, 38.304969867502905 ], [ -77.7877762015207, 38.305845705334534 ], [ -77.787556309185945, 38.30672154272898 ], [ -77.786422973466614, 38.306551603981703 ], [ -77.785289642992382, 38.306381654787927 ], [ -77.785069719398791, 38.307257487708867 ], [ -77.783936381163201, 38.307087526050168 ], [ -77.784156317763532, 38.306211695147603 ], [ -77.78302299778035, 38.306041725060894 ], [ -77.783242942141257, 38.305165895739449 ], [ -77.784376249118182, 38.30533586380777 ], [ -77.784596175227364, 38.304460032030363 ], [ -77.784816096091262, 38.303584199815297 ], [ -77.785949382301624, 38.303754153400988 ], [ -77.7870826737568, 38.303924096540513 ], [ -77.786862778904876, 38.30479993279171 ], [ -77.787996088610839, 38.304969867502905 ] ] ] } },
{ "type": "Feature", "properties": { "id": "51_115", "growth_scenario": "high", "market_gravity_weight": 100 }, "geometry": { "type": "Polygon", "coordinates": [ [ [ -77.794576247922791, 38.306865106330093 ], [ -77.793442893746843, 38.306695232281129 ], [ -77.793223066448959, 38.307571079764365 ], [ -77.793003233907697, 38.308446926810987 ], [ -77.79186985895916, 38.308277038279911 ], [ -77.792089704508456, 38.307401193250939 ], [ -77.790956347811616, 38.307231296290652 ], [ -77.791176201124813, 38.306355452842659 ], [ -77.7900428626793, 38.306185547453275 ], [ -77.790262723755816, 38.305309705585927 ], [ -77.791396049194248, 38.305479608957647 ], [ -77.791615892020076, 38.304603764635466 ], [ -77.792749209695103, 38.304773655543087 ], [ -77.793882532613225, 38.30494353600411 ], [ -77.795015860774171, 38.305113406018435 ], [ -77.794796056969844, 38.305989256392714 ], [ -77.794576247922791, 38.306865106330093 ] ] ] } },
{ "type": "Feature", "properties": { "id": "51_116", "growth_scenario": "high", "market_gravity_weight": 100 }, "geometry": { "type": "Polygon", "coordinates": [ [ [ -78.371883268273251, 36.685092767010246 ], [ -78.371674942605082, 36.68597005913184 ], [ -78.370564772267926, 36.685805426902142 ], [ -78.370356429220067, 36.686682716403446 ], [ -78.370148081304421, 36.687560005130038 ], [ -78.369037890810262, 36.687395358945949 ], [ -78.367927705184343, 36.687230702498731 ], [ -78.368136078124707, 36.686353417463735 ], [ -78.36834444619673, 36.685476131653949 ], [ -78.367234290463259, 36.685311468635533 ], [ -78.367442666178675, 36.684434183896606 ], [ -78.368552809400597, 36.68459884506921 ], [ -78.368761167736452, 36.683721557709312 ], [ -78.369871303314909, 36.683886206773472 ], [ -78.370981443760911, 36.684050845574987 ], [ -78.370773110448141, 36.684928136626084 ], [ -78.371883268273251, 36.685092767010246 ] ] ] } },
{ "type": "Feature", "properties": { "id": "51_117", "growth_scenario": "high", "market_gravity_weight": 100 }, "geometry": { "type": "Polygon", "coordinates": [ [ [ -78.375074221536252, 36.691014971319802 ], [ -78.374865916717908, 36.691892266178584 ], [ -78.37465760703229, 36.692769560264075 ], [ -78.373547329630512, 36.692604956168964 ], [ -78.372437057096462, 36.69244034180992 ], [ -78.372645391811204, 36.691563051415955 ], [ -78.37153513665946, 36.691398428638912 ], [ -78.371743479020409, 36.690521139317148 ], [ -78.371951816513445, 36.689643849221646 ], [ -78.373062046637386, 36.689808468307227 ], [ -78.373270366749168, 36.688931175592124 ], [ -78.374380589226945, 36.689095782568586 ], [ -78.375490816571755, 36.689260379281492 ], [ -78.375282521487478, 36.690137675687502 ], [ -78.375074221536252, 36.691014971319802 ] ] ] } },
{ "type": "Feature", "properties": { "id": "51_118", "growth_scenario": "high", "market_gravity_weight": 100 }, "geometry": { "type": "Polygon", "coordinates": [ [ [ -78.379516493860891, 36.677142708879444 ], [ -78.379308279406359, 36.678020017980614 ], [ -78.379100060087509, 36.678897326305631 ], [ -78.380210147016768, 36.679061880354681 ], [ -78.380001935344353, 36.679939189747941 ], [ -78.379793718807548, 36.680816498365559 ], [ -78.379585497406197, 36.681693806207562 ], [ -78.378475372943385, 36.681529246625487 ], [ -78.378683606856185, 36.680651940627861 ], [ -78.377573499769653, 36.68048737262756 ], [ -78.377781741328661, 36.679610067698782 ], [ -78.37798997802274, 36.678732761994148 ], [ -78.378198209852059, 36.677855455513452 ], [ -78.378406436816803, 36.676978148256453 ], [ -78.378614658917115, 36.676100840223107 ], [ -78.377504619247205, 36.675936271182174 ], [ -78.377712848992772, 36.675058964216326 ], [ -78.37882287615318, 36.675223531413067 ], [ -78.379932908177693, 36.675388088347852 ], [ -78.379724703451288, 36.676265399001863 ], [ -78.379516493860891, 36.677142708879444 ] ] ] } },
{ "type": "Feature", "properties": { "id": "51_119", "growth_scenario": "high", "market_gravity_weight": 100 }, "geometry": { "type": "Polygon", "coordinates": [ [ [ -78.37292482360958, 36.680706294774716 ], [ -78.372716522275667, 36.681583590772725 ], [ -78.372508216075261, 36.682460885995148 ], [ -78.372299905008148, 36.683338180442092 ], [ -78.371189772206378, 36.68317355374873 ], [ -78.37007964427174, 36.68300891679268 ], [ -78.368969521204477, 36.682844269574026 ], [ -78.367859403004871, 36.68267961209277 ], [ -78.368067764115992, 36.681802325027562 ], [ -78.369177869804844, 36.681966980663248 ], [ -78.369386213537709, 36.681089690976719 ], [ -78.370496311583395, 36.681254334504509 ], [ -78.370704637938573, 36.680377042196817 ], [ -78.371814728340752, 36.680541673616908 ], [ -78.372023037318769, 36.679664378688102 ], [ -78.373133120077142, 36.679828998000787 ], [ -78.37292482360958, 36.680706294774716 ] ] ] } },
{ "type": "Feature", "properties": { "id": "51_12", "growth_scenario": "high", "market_gravity_weight": 100 }, "geometry": { "type": "Polygon", "coordinates": [ [ [ -77.438234052166834, 38.908624123205712 ], [ -77.438008138574958, 38.909499348582571 ], [ -77.436866247185293, 38.909326185720509 ], [ -77.436640314980622, 38.910201408684912 ], [ -77.435498415836847, 38.910028233209786 ], [ -77.435724361225027, 38.909153012345932 ], [ -77.434582480694459, 38.908979828458932 ], [ -77.433440605593859, 38.908806634059601 ], [ -77.433666571918195, 38.907931417084711 ], [ -77.434808433835968, 38.908104609383415 ], [ -77.435034381547695, 38.907229389995365 ], [ -77.436176235712523, 38.907402569681359 ], [ -77.436402164812236, 38.906527347880285 ], [ -77.437544011223736, 38.906700514953776 ], [ -77.438685863064052, 38.906873671515143 ], [ -77.438459960329794, 38.90774889751664 ], [ -77.438234052166834, 38.908624123205712 ] ] ] } },
{ "type": "Feature", "properties": { "id": "51_120", "growth_scenario": "high", "market_gravity_weight": 100 }, "geometry": { "type": "Polygon", "coordinates": [ [ [ -78.371258276666552, 36.687724641050998 ], [ -78.371049936395835, 36.688601930848868 ], [ -78.372160149138693, 36.688766558352214 ], [ -78.371951816513445, 36.689643849221646 ], [ -78.371743479020409, 36.690521139317148 ], [ -78.37063324125063, 36.690356508122278 ], [ -78.370424886375815, 36.691233795598151 ], [ -78.369314640960525, 36.691069152293728 ], [ -78.369523008349034, 36.690191866663859 ], [ -78.368412780315921, 36.690027214941949 ], [ -78.368621155349203, 36.689149930384168 ], [ -78.368829525513945, 36.68827264505228 ], [ -78.369037890810262, 36.687395358945949 ], [ -78.370148081304421, 36.687560005130038 ], [ -78.370356429220067, 36.686682716403446 ], [ -78.371466612069582, 36.686847350478693 ], [ -78.371258276666552, 36.687724641050998 ] ] ] } },
{ "type": "Feature", "properties": { "id": "51_121", "growth_scenario": "high", "market_gravity_weight": 100 }, "geometry": { "type": "Polygon", "coordinates": [ [ [ -78.855787283481789, 38.469175708742391 ], [ -78.854649029654766, 38.469015626270384 ], [ -78.853510780801116, 38.468855533285861 ], [ -78.853303150811357, 38.469733216644457 ], [ -78.852164893751763, 38.469573111230766 ], [ -78.851026641666266, 38.469412995304481 ], [ -78.851234298015072, 38.468535315779214 ], [ -78.851441949389638, 38.467657635898433 ], [ -78.851649595790121, 38.466779955661877 ], [ -78.852787808338178, 38.466940065838202 ], [ -78.85392602585982, 38.467100165502266 ], [ -78.855064248354765, 38.467260254654065 ], [ -78.856202475822727, 38.467420333293447 ], [ -78.855994882138688, 38.468298021195608 ], [ -78.855787283481789, 38.469175708742391 ] ] ] } },
{ "type": "Feature", "properties": { "id": "51_122", "growth_scenario": "high", "market_gravity_weight": 100 }, "geometry": { "type": "Polygon", "coordinates": [ [ [ -78.371121276048413, 36.678622455253212 ], [ -78.372231341430322, 36.678787082983163 ], [ -78.372023037318769, 36.679664378688102 ], [ -78.371814728340752, 36.680541673616908 ], [ -78.370704637938573, 36.680377042196817 ], [ -78.370496311583395, 36.681254334504509 ], [ -78.369386213537709, 36.681089690976719 ], [ -78.36827612035934, 36.680925037186569 ], [ -78.368484471735101, 36.680047748569628 ], [ -78.367374395934377, 36.679883086362707 ], [ -78.367582754952466, 36.679005798814991 ], [ -78.368692818243417, 36.679170459176476 ], [ -78.368901159884487, 36.678293169007041 ], [ -78.37001121553304, 36.678457817261162 ], [ -78.370219539797617, 36.677580524469995 ], [ -78.37132958780343, 36.677745160616979 ], [ -78.371121276048413, 36.678622455253212 ] ] ] } },
{ "type": "Feature", "properties": { "id": "51_123", "growth_scenario": "high", "market_gravity_weight": 100 }, "geometry": { "type": "Polygon", "coordinates": [ [ [ -78.850511388215978, 38.466619834973464 ], [ -78.850303728636803, 38.467497513293324 ], [ -78.850096064083274, 38.468375191257373 ], [ -78.848957835126001, 38.468215056223158 ], [ -78.847819611143578, 38.468054910676685 ], [ -78.846681392136276, 38.467894754618058 ], [ -78.846889096225652, 38.467017082404979 ], [ -78.845750895372035, 38.466856917751478 ], [ -78.84595860766413, 38.465979247099426 ], [ -78.846166314980891, 38.465101576091023 ], [ -78.847304489478859, 38.465261736910357 ], [ -78.848442668951733, 38.465421887217943 ], [ -78.849580853399189, 38.465582027013724 ], [ -78.849373185616003, 38.466459703772891 ], [ -78.850511388215978, 38.466619834973464 ] ] ] } },
{ "type": "Feature", "properties": { "id": "51_124", "growth_scenario": "high", "market_gravity_weight": 100 }, "geometry": { "type": "Polygon", "coordinates": [ [ [ -78.851234298015072, 38.468535315779214 ], [ -78.851026641666266, 38.469412995304481 ], [ -78.852164893751763, 38.469573111230766 ], [ -78.853303150811357, 38.469733216644457 ], [ -78.853095515847784, 38.470610899647852 ], [ -78.851957245608261, 38.47045079231745 ], [ -78.851749592490464, 38.47132847304907 ], [ -78.85061131404521, 38.471168353289094 ], [ -78.849473040574736, 38.471008223016398 ], [ -78.849680720052419, 38.470130546118689 ], [ -78.848542464736681, 38.469970407250514 ], [ -78.848750152418845, 38.469092731914593 ], [ -78.847611915257502, 38.468932584451053 ], [ -78.847819611143578, 38.468054910676685 ], [ -78.848957835126001, 38.468215056223158 ], [ -78.850096064083274, 38.468375191257373 ], [ -78.850303728636803, 38.467497513293324 ], [ -78.851441949389638, 38.467657635898433 ], [ -78.851234298015072, 38.468535315779214 ] ] ] } },
{ "type": "Feature", "properties": { "id": "51_125", "growth_scenario": "high", "market_gravity_weight": 100 }, "geometry": { "type": "Polygon", "coordinates": [ [ [ -78.367234290463259, 36.685311468635533 ], [ -78.36834444619673, 36.685476131653949 ], [ -78.368136078124707, 36.686353417463735 ], [ -78.367927705184343, 36.687230702498731 ], [ -78.367719327375468, 36.68810798675905 ], [ -78.367510944697926, 36.688985270244956 ], [ -78.366400738915473, 36.688820599842508 ], [ -78.366609134105673, 36.687943318202727 ], [ -78.365498945704815, 36.687778639383318 ], [ -78.365707348538265, 36.68690135881512 ], [ -78.364597177518689, 36.686736671578913 ], [ -78.364805587994866, 36.685859392082143 ], [ -78.365013993601877, 36.684982111810363 ], [ -78.366124139598213, 36.685146795354335 ], [ -78.366332527825037, 36.684269512461277 ], [ -78.367442666178675, 36.684434183896606 ], [ -78.367234290463259, 36.685311468635533 ] ] ] } },
{ "type": "Feature", "properties": { "id": "51_126", "growth_scenario": "high", "market_gravity_weight": 100 }, "geometry": { "type": "Polygon", "coordinates": [ [ [ -78.367582754952466, 36.679005798814991 ], [ -78.367374395934377, 36.679883086362707 ], [ -78.368484471735101, 36.680047748569628 ], [ -78.36827612035934, 36.680925037186569 ], [ -78.369386213537709, 36.681089690976719 ], [ -78.369177869804844, 36.681966980663248 ], [ -78.368067764115992, 36.681802325027562 ], [ -78.367859403004871, 36.68267961209277 ], [ -78.367651037025823, 36.683556898382427 ], [ -78.366540911183307, 36.683392228792933 ], [ -78.366749289673209, 36.682514944349094 ], [ -78.366957663294912, 36.681637659129592 ], [ -78.365847567341874, 36.681472982969204 ], [ -78.366055948605691, 36.680595698819467 ], [ -78.366264325001339, 36.679718413893625 ], [ -78.366472696529044, 36.678841128191479 ], [ -78.366681063188935, 36.677963841712895 ], [ -78.367791109103024, 36.678128510490907 ], [ -78.368901159884487, 36.678293169007041 ], [ -78.368692818243417, 36.679170459176476 ], [ -78.367582754952466, 36.679005798814991 ] ] ] } },
{ "type": "Feature", "properties": { "id": "51_127", "growth_scenario": "high", "market_gravity_weight": 100 }, "geometry": { "type": "Polygon", "coordinates": [ [ [ -78.366540911183307, 36.683392228792933 ], [ -78.366332527825037, 36.684269512461277 ], [ -78.366124139598213, 36.685146795354335 ], [ -78.365013993601877, 36.684982111810363 ], [ -78.364805587994866, 36.685859392082143 ], [ -78.363695434356174, 36.685694696429337 ], [ -78.363903852474536, 36.684817418003746 ], [ -78.362793716216444, 36.684652713934511 ], [ -78.363002141976438, 36.683775436579822 ], [ -78.361892023098591, 36.6836107240944 ], [ -78.362100456499689, 36.682733447810364 ], [ -78.363210562867081, 36.682898158449568 ], [ -78.363418978888532, 36.682020879543607 ], [ -78.364529077614776, 36.682185578074431 ], [ -78.365639181209758, 36.682350266342958 ], [ -78.365430790209174, 36.683227548940962 ], [ -78.366540911183307, 36.683392228792933 ] ] ] } },
{ "type": "Feature", "properties": { "id": "51_128", "growth_scenario": "high", "market_gravity_weight": 100 }, "geometry": { "type": "Polygon", "coordinates": [ [ [ -78.364597177518689, 36.686736671578913 ], [ -78.365707348538265, 36.68690135881512 ], [ -78.365498945704815, 36.687778639383318 ], [ -78.366609134105673, 36.687943318202727 ], [ -78.366400738915473, 36.688820599842508 ], [ -78.367510944697926, 36.688985270244956 ], [ -78.367302557151547, 36.68986255295664 ], [ -78.367094164736145, 36.690739834894245 ], [ -78.365983933927581, 36.690575160799298 ], [ -78.36487370798848, 36.690410476440945 ], [ -78.365082125430092, 36.68953319819601 ], [ -78.365290538002142, 36.688655919176824 ], [ -78.364180341958203, 36.688491228248097 ], [ -78.363070150783898, 36.688326527056191 ], [ -78.363278583511033, 36.687449250955424 ], [ -78.363487011368406, 36.686571974079818 ], [ -78.363695434356174, 36.685694696429337 ], [ -78.364805587994866, 36.685859392082143 ], [ -78.364597177518689, 36.686736671578913 ] ] ] } },
{ "type": "Feature", "properties": { "id": "51_129", "growth_scenario": "high", "market_gravity_weight": 100 }, "geometry": { "type": "Polygon", "coordinates": [ [ [ -78.852887875910184, 38.471488582296253 ], [ -78.854026164304102, 38.471648681030629 ], [ -78.853818532573001, 38.472526365240995 ], [ -78.853610895867817, 38.473404049096871 ], [ -78.852472581112266, 38.473243946528861 ], [ -78.851334271331254, 38.473083833447859 ], [ -78.850195966525064, 38.472923709853795 ], [ -78.849057666693994, 38.472763575746839 ], [ -78.84926535612199, 38.471885899559041 ], [ -78.848127074446623, 38.471725756856493 ], [ -78.848334772079326, 38.470848082231079 ], [ -78.849473040574736, 38.471008223016398 ], [ -78.85061131404521, 38.471168353289094 ], [ -78.851749592490464, 38.47132847304907 ], [ -78.851957245608261, 38.47045079231745 ], [ -78.853095515847784, 38.470610899647852 ], [ -78.852887875910184, 38.471488582296253 ] ] ] } },
{ "type": "Feature", "properties": { "id": "51_13", "growth_scenario": "high", "market_gravity_weight": 100 }, "geometry": { "type": "Polygon", "coordinates": [ [ [ -77.440053604455898, 38.906171589150198 ], [ -77.4398277203329, 38.907046817564215 ], [ -77.439601830781655, 38.907922045665757 ], [ -77.438459960329794, 38.90774889751664 ], [ -77.438685863064052, 38.906873671515143 ], [ -77.437544011223736, 38.906700514953776 ], [ -77.436402164812236, 38.906527347880285 ], [ -77.435260323829837, 38.906354170294712 ], [ -77.435486260682566, 38.905478950281079 ], [ -77.43662808848282, 38.905652125766437 ], [ -77.436854006724516, 38.904776903339602 ], [ -77.437995826771626, 38.904950066212884 ], [ -77.438221726402844, 38.904074841372882 ], [ -77.439363538696441, 38.904247991634307 ], [ -77.440505356418001, 38.904421131383778 ], [ -77.44027948315086, 38.905296360423399 ], [ -77.440053604455898, 38.906171589150198 ] ] ] } },
{ "type": "Feature", "properties": { "id": "51_130", "growth_scenario": "high", "market_gravity_weight": 100 }, "geometry": { "type": "Polygon", "coordinates": [ [ [ -78.846681392136276, 38.467894754618058 ], [ -78.847819611143578, 38.468054910676685 ], [ -78.847611915257502, 38.468932584451053 ], [ -78.848750152418845, 38.469092731914593 ], [ -78.848542464736681, 38.469970407250514 ], [ -78.848334772079326, 38.470848082231079 ], [ -78.848127074446623, 38.471725756856493 ], [ -78.846988797746775, 38.471565603641267 ], [ -78.84678108195844, 38.472443275994372 ], [ -78.845642797054538, 38.472283110349046 ], [ -78.845850526022787, 38.471405439913404 ], [ -78.846058250014906, 38.470527769122747 ], [ -78.84626596903108, 38.469650097976746 ], [ -78.84647368307148, 38.468772426475226 ], [ -78.845335455861033, 38.468612257987232 ], [ -78.845543178104393, 38.467734588047335 ], [ -78.845750895372035, 38.466856917751478 ], [ -78.846889096225652, 38.467017082404979 ], [ -78.846681392136276, 38.467894754618058 ] ] ] } },
{ "type": "Feature", "properties": { "id": "51_131", "growth_scenario": "high", "market_gravity_weight": 100 }, "geometry": { "type": "Polygon", "coordinates": [ [ [ -78.363903852474536, 36.684817418003746 ], [ -78.363695434356174, 36.685694696429337 ], [ -78.363487011368406, 36.686571974079818 ], [ -78.363278583511033, 36.687449250955424 ], [ -78.362168409718649, 36.687284541347076 ], [ -78.361058240796282, 36.68711982147591 ], [ -78.361266693676896, 36.686242548293365 ], [ -78.360156542136181, 36.686077820006005 ], [ -78.360365002657758, 36.685200547894958 ], [ -78.360573458309105, 36.684323275008495 ], [ -78.360781909090363, 36.683446001346589 ], [ -78.361892023098591, 36.6836107240944 ], [ -78.363002141976438, 36.683775436579822 ], [ -78.362793716216444, 36.684652713934511 ], [ -78.363903852474536, 36.684817418003746 ] ] ] } },
{ "type": "Feature", "properties": { "id": "51_132", "growth_scenario": "high", "market_gravity_weight": 100 }, "geometry": { "type": "Polygon", "coordinates": [ [ [ -78.364529077614776, 36.682185578074431 ], [ -78.363418978888532, 36.682020879543607 ], [ -78.363210562867081, 36.682898158449568 ], [ -78.362100456499689, 36.682733447810364 ], [ -78.361892023098591, 36.6836107240944 ], [ -78.360781909090363, 36.683446001346589 ], [ -78.359671799952039, 36.683281268336387 ], [ -78.359880258373522, 36.682403995745183 ], [ -78.360088711925002, 36.681526722377946 ], [ -78.361198796043382, 36.681691451695301 ], [ -78.36140723221547, 36.680814175705677 ], [ -78.362517308693654, 36.680978892914752 ], [ -78.36272572748689, 36.680101614302728 ], [ -78.363835796324565, 36.680266319403678 ], [ -78.364945870030908, 36.680431014242657 ], [ -78.364737476257133, 36.681308296546554 ], [ -78.364529077614776, 36.682185578074431 ] ] ] } },
{ "type": "Feature", "properties": { "id": "51_133", "growth_scenario": "high", "market_gravity_weight": 100 }, "geometry": { "type": "Polygon", "coordinates": [ [ [ -78.363971916873567, 36.689368505420838 ], [ -78.363763486919098, 36.690245781819272 ], [ -78.362653270719704, 36.690081076934298 ], [ -78.36244482338229, 36.690958350711931 ], [ -78.361334599540385, 36.690793633717007 ], [ -78.360224380569178, 36.690628906458855 ], [ -78.359114166468942, 36.690464168937524 ], [ -78.3593226513442, 36.689586900700462 ], [ -78.359531131348405, 36.688709631688937 ], [ -78.359739606481668, 36.687832361902871 ], [ -78.360849783045367, 36.687997093883517 ], [ -78.361959964479539, 36.688161815601354 ], [ -78.363070150783898, 36.688326527056191 ], [ -78.362861713186859, 36.68920380238243 ], [ -78.363971916873567, 36.689368505420838 ] ] ] } },
{ "type": "Feature", "properties": { "id": "51_134", "growth_scenario": "high", "market_gravity_weight": 100 }, "geometry": { "type": "Polygon", "coordinates": [ [ [ -78.373897599150936, 36.671768689382283 ], [ -78.375007569327479, 36.671933292093186 ], [ -78.374799316649444, 36.672810595857769 ], [ -78.374591059106564, 36.673687898844904 ], [ -78.373481063913729, 36.673523292445267 ], [ -78.373272788997312, 36.674400592810606 ], [ -78.372162786161354, 36.674235974304814 ], [ -78.372371073586152, 36.673358675784002 ], [ -78.371261088124115, 36.673194048861262 ], [ -78.370151107527889, 36.673029411677106 ], [ -78.370359415102854, 36.672152116068226 ], [ -78.370567717811923, 36.671274819681528 ], [ -78.371677673392881, 36.671439453176419 ], [ -78.372787633839295, 36.671604076409992 ], [ -78.372995906667981, 36.670726775556375 ], [ -78.374105859472053, 36.670891386684289 ], [ -78.373897599150936, 36.671768689382283 ] ] ] } },
{ "type": "Feature", "properties": { "id": "51_135", "growth_scenario": "high", "market_gravity_weight": 100 }, "geometry": { "type": "Polygon", "coordinates": [ [ [ -78.363282938661911, 36.672918656845276 ], [ -78.364392902564632, 36.673083357442287 ], [ -78.365502871334954, 36.673248047778088 ], [ -78.365294503996083, 36.674125334451489 ], [ -78.366404490141377, 36.674290016371337 ], [ -78.36751448115389, 36.674454688029762 ], [ -78.368624477033379, 36.674619349426735 ], [ -78.368416142351236, 36.67549664085832 ], [ -78.368207802802246, 36.676373931512764 ], [ -78.367097781906011, 36.676209266425417 ], [ -78.365987765877051, 36.676044591076391 ], [ -78.364877754715678, 36.675879905465727 ], [ -78.36508613178971, 36.675002620347307 ], [ -78.363976138004176, 36.674837926320656 ], [ -78.362866149086585, 36.674673222032588 ], [ -78.363074546308269, 36.673795939827784 ], [ -78.363282938661911, 36.672918656845276 ] ] ] } },
{ "type": "Feature", "properties": { "id": "51_136", "growth_scenario": "high", "market_gravity_weight": 100 }, "geometry": { "type": "Polygon", "coordinates": [ [ [ -78.863855952473671, 38.474844499109473 ], [ -78.863648429433582, 38.475722199858424 ], [ -78.86478680710141, 38.475882199207831 ], [ -78.865925189740707, 38.476042188043301 ], [ -78.865717688095671, 38.476919892270558 ], [ -78.865510181479252, 38.477797596144811 ], [ -78.864371772472666, 38.477637603477675 ], [ -78.864164247700629, 38.478515305083135 ], [ -78.863956717956569, 38.479393006335862 ], [ -78.862818287553679, 38.479232999322299 ], [ -78.863025830481945, 38.478355299985736 ], [ -78.863233368437889, 38.477477600296353 ], [ -78.863440901421711, 38.476599900253966 ], [ -78.862302515542524, 38.476439888474694 ], [ -78.862510056737534, 38.475562189995166 ], [ -78.861371689013566, 38.475402169618093 ], [ -78.861579238419182, 38.474524472701155 ], [ -78.862717592960493, 38.474684491162151 ], [ -78.862925124211529, 38.473806791975498 ], [ -78.864063470542163, 38.473966798006948 ], [ -78.863855952473671, 38.474844499109473 ] ] ] } },
{ "type": "Feature", "properties": { "id": "51_137", "growth_scenario": "high", "market_gravity_weight": 100 }, "geometry": { "type": "Polygon", "coordinates": [ [ [ -78.359880258373522, 36.682403995745183 ], [ -78.359671799952039, 36.683281268336387 ], [ -78.360781909090363, 36.683446001346589 ], [ -78.360573458309105, 36.684323275008495 ], [ -78.360365002657758, 36.685200547894958 ], [ -78.360156542136181, 36.686077820006005 ], [ -78.359046395465896, 36.6859130814561 ], [ -78.359254868498397, 36.685035811191703 ], [ -78.358144739209536, 36.684871064225973 ], [ -78.357034614791431, 36.684706306997903 ], [ -78.357243107974227, 36.683829039651549 ], [ -78.357451596286154, 36.68295177152946 ], [ -78.357660079727367, 36.682074502631345 ], [ -78.358770166615315, 36.682239254319306 ], [ -78.358978632676468, 36.681361982798528 ], [ -78.360088711925002, 36.681526722377946 ], [ -78.359880258373522, 36.682403995745183 ] ] ] } },
{ "type": "Feature", "properties": { "id": "51_138", "growth_scenario": "high", "market_gravity_weight": 100 }, "geometry": { "type": "Polygon", "coordinates": [ [ [ -78.362866149086585, 36.674673222032588 ], [ -78.362657746996689, 36.675550503459903 ], [ -78.363767748422134, 36.675715209593562 ], [ -78.364877754715678, 36.675879905465727 ], [ -78.364669372773804, 36.676757189806963 ], [ -78.363559353971965, 36.67659249208922 ], [ -78.363350954653541, 36.677469773807779 ], [ -78.362240928211591, 36.677305063982615 ], [ -78.362032511516063, 36.678182343078404 ], [ -78.360922477434357, 36.678017621145706 ], [ -78.361130906638365, 36.677140343895886 ], [ -78.361339330973422, 36.676263065868973 ], [ -78.36022932677723, 36.676098337366639 ], [ -78.359119327450131, 36.675933598602924 ], [ -78.359327771931731, 36.675056323490708 ], [ -78.360437758751232, 36.675221060408404 ], [ -78.361547750439641, 36.675385787064855 ], [ -78.361756165037193, 36.674508507483274 ], [ -78.36196457476629, 36.673631227124083 ], [ -78.363074546308269, 36.673795939827784 ], [ -78.362866149086585, 36.674673222032588 ] ] ] } },
{ "type": "Feature", "properties": { "id": "51_139", "growth_scenario": "high", "market_gravity_weight": 100 }, "geometry": { "type": "Polygon", "coordinates": [ [ [ -78.359531131348405, 36.688709631688937 ], [ -78.3593226513442, 36.689586900700462 ], [ -78.359114166468942, 36.690464168937524 ], [ -78.358003957239944, 36.690299421153036 ], [ -78.358212454627491, 36.689422154763051 ], [ -78.357102262782135, 36.689257398562702 ], [ -78.357310767810191, 36.688380133245275 ], [ -78.356200593348106, 36.688215368629251 ], [ -78.356409106016102, 36.687338104384175 ], [ -78.355298948936991, 36.687173331352575 ], [ -78.355507469244387, 36.686296068179594 ], [ -78.356617613812546, 36.686460839364017 ], [ -78.357727763252072, 36.686625600285943 ], [ -78.358837917562724, 36.686790350945266 ], [ -78.359948076744217, 36.6869550913419 ], [ -78.359739606481668, 36.687832361902871 ], [ -78.359531131348405, 36.688709631688937 ] ] ] } },
{ "type": "Feature", "properties": { "id": "51_14", "growth_scenario": "high", "market_gravity_weight": 100 }, "geometry": { "type": "Polygon", "coordinates": [ [ [ -77.466373624313349, 39.002012487204304 ], [ -77.467517040743161, 39.002185380615394 ], [ -77.467291188918864, 39.003060671152049 ], [ -77.466147759268381, 39.002887775636559 ], [ -77.465921888788188, 39.003763063780085 ], [ -77.464778451352146, 39.003590155633553 ], [ -77.465004335053123, 39.002714869594556 ], [ -77.463860916273376, 39.002541953025982 ], [ -77.462717502929436, 39.002369025930982 ], [ -77.462943407635308, 39.001493743812375 ], [ -77.463169306905272, 39.000618461404628 ], [ -77.464312693809291, 39.000791384290345 ], [ -77.464538574424026, 38.999916099488615 ], [ -77.465681953543736, 39.000089009743732 ], [ -77.466825338098388, 39.000261909472648 ], [ -77.466599483923289, 39.001137198483065 ], [ -77.466373624313349, 39.002012487204304 ] ] ] } },
{ "type": "Feature", "properties": { "id": "51_140", "growth_scenario": "high", "market_gravity_weight": 100 }, "geometry": { "type": "Polygon", "coordinates": [ [ [ -78.359187093867533, 36.680484710501538 ], [ -78.358978632676468, 36.681361982798528 ], [ -78.357868558298037, 36.681197232957153 ], [ -78.356758488789964, 36.681032472853829 ], [ -78.356549997709962, 36.681909740681377 ], [ -78.35543992056337, 36.681744968469431 ], [ -78.355231412103109, 36.682622233673925 ], [ -78.354121327318325, 36.682457449353166 ], [ -78.353912801477279, 36.683334711934549 ], [ -78.352802709054657, 36.683169915504727 ], [ -78.353011247405064, 36.682292654770514 ], [ -78.353219780883691, 36.681415393259947 ], [ -78.354329848287861, 36.681580185995614 ], [ -78.354538364386016, 36.680702921861709 ], [ -78.355648424152534, 36.680867702488669 ], [ -78.355856922870785, 36.679990435731369 ], [ -78.35696697499931, 36.680155204249857 ], [ -78.358077031998334, 36.680319962506601 ], [ -78.358285500828416, 36.679442691279604 ], [ -78.359395550188665, 36.679607437428132 ], [ -78.360505604418663, 36.679772173314873 ], [ -78.360297160606677, 36.680649448234604 ], [ -78.359187093867533, 36.680484710501538 ] ] ] } },
{ "type": "Feature", "properties": { "id": "51_141", "growth_scenario": "high", "market_gravity_weight": 100 }, "geometry": { "type": "Polygon", "coordinates": [ [ [ -78.360709190764879, 36.69342544486576 ], [ -78.360500711430845, 36.694302713701305 ], [ -78.360292227225443, 36.695179981763502 ], [ -78.35918194568707, 36.695015245269857 ], [ -78.359390442406465, 36.694137979054915 ], [ -78.358280178253722, 36.693973234144906 ], [ -78.35848868261499, 36.693095969003842 ], [ -78.357378435847522, 36.69293121567771 ], [ -78.357586947850137, 36.692053951610148 ], [ -78.356476718467633, 36.6918891898681 ], [ -78.356685238111027, 36.691011926873927 ], [ -78.357795454980888, 36.691176686768685 ], [ -78.358905676722429, 36.6913414364003 ], [ -78.36001590333538, 36.69150617576868 ], [ -78.361126134819472, 36.691670904873817 ], [ -78.360917665227689, 36.692548175256626 ], [ -78.360709190764879, 36.69342544486576 ] ] ] } },
{ "type": "Feature", "properties": { "id": "51_142", "growth_scenario": "high", "market_gravity_weight": 100 }, "geometry": { "type": "Polygon", "coordinates": [ [ [ -78.364316519184456, 36.697593373682189 ], [ -78.364108070424734, 36.698470646814322 ], [ -78.36299773185624, 36.69830594583491 ], [ -78.36188739815897, 36.69814123459134 ], [ -78.360777069333224, 36.697976513083567 ], [ -78.36098555563882, 36.697099245493 ], [ -78.361194037072806, 36.696221977129689 ], [ -78.360083738148489, 36.69605724905248 ], [ -78.360292227225443, 36.695179981763502 ], [ -78.361402513635369, 36.695344707993428 ], [ -78.362512804916562, 36.695509423959585 ], [ -78.36362310106874, 36.695674129661832 ], [ -78.364733402091673, 36.69583882510014 ], [ -78.364524963073379, 36.696716099777511 ], [ -78.364316519184456, 36.697593373682189 ] ] ] } },
{ "type": "Feature", "properties": { "id": "51_143", "growth_scenario": "high", "market_gravity_weight": 100 }, "geometry": { "type": "Polygon", "coordinates": [ [ [ -78.368139493523955, 36.671822814605385 ], [ -78.367931160933949, 36.672700106524594 ], [ -78.366821194936762, 36.672535438556373 ], [ -78.365711233806493, 36.672370760326956 ], [ -78.365919591410858, 36.671493472097964 ], [ -78.364809647654667, 36.671328785452616 ], [ -78.364601277543372, 36.672206071836442 ], [ -78.363491326147681, 36.67204137308476 ], [ -78.363699708765736, 36.67116408854627 ], [ -78.36258977474435, 36.670999381379033 ], [ -78.362798165001209, 36.670122097907623 ], [ -78.363908086516275, 36.670286803229516 ], [ -78.365018012898702, 36.670451498290596 ], [ -78.366127944148246, 36.670616183090779 ], [ -78.366336292018786, 36.669738893305336 ], [ -78.36744621562859, 36.669903565999647 ], [ -78.368556144104787, 36.670068228433081 ], [ -78.368347821247511, 36.670945521908287 ], [ -78.368139493523955, 36.671822814605385 ] ] ] } },
{ "type": "Feature", "properties": { "id": "51_144", "growth_scenario": "high", "market_gravity_weight": 100 }, "geometry": { "type": "Polygon", "coordinates": [ [ [ -78.359119327450131, 36.675933598602924 ], [ -78.36022932677723, 36.676098337366639 ], [ -78.360020889934134, 36.67697561354754 ], [ -78.361130906638365, 36.677140343895886 ], [ -78.360922477434357, 36.678017621145706 ], [ -78.359812448221803, 36.6778528889513 ], [ -78.359604001640022, 36.67873016357813 ], [ -78.358493964788465, 36.67856541927592 ], [ -78.357383932806783, 36.678400664712079 ], [ -78.356273905695247, 36.678235899886729 ], [ -78.356482389801783, 36.677358630798935 ], [ -78.356690869038061, 36.676481360933984 ], [ -78.357800871133719, 36.676646122066543 ], [ -78.358009332992381, 36.675768849577921 ], [ -78.358217789981438, 36.674891576311786 ], [ -78.359327771931731, 36.675056323490708 ], [ -78.359119327450131, 36.675933598602924 ] ] ] } },
{ "type": "Feature", "properties": { "id": "51_145", "growth_scenario": "high", "market_gravity_weight": 100 }, "geometry": { "type": "Polygon", "coordinates": [ [ [ -78.860749010961797, 38.478035258248433 ], [ -78.861887418235568, 38.478195284374145 ], [ -78.863025830481945, 38.478355299985736 ], [ -78.862818287553679, 38.479232999322299 ], [ -78.861679862123282, 38.479072981794431 ], [ -78.861472301038205, 38.479950678862096 ], [ -78.860333867396434, 38.479790648903609 ], [ -78.860126288153978, 38.480668343702149 ], [ -78.858987846301176, 38.480508301312753 ], [ -78.859195438727909, 38.479630608430739 ], [ -78.858057015032927, 38.479470557443747 ], [ -78.85826461566991, 38.478592866125844 ], [ -78.857126210132364, 38.478432806541456 ], [ -78.857333818979015, 38.477555116787308 ], [ -78.858472211333222, 38.477715174454964 ], [ -78.859610608660915, 38.477875221608706 ], [ -78.859818186167544, 38.476997527668217 ], [ -78.86095657528503, 38.477157562391575 ], [ -78.860749010961797, 38.478035258248433 ] ] ] } },
{ "type": "Feature", "properties": { "id": "51_146", "growth_scenario": "high", "market_gravity_weight": 100 }, "geometry": { "type": "Polygon", "coordinates": [ [ [ -78.356617613812546, 36.686460839364017 ], [ -78.355507469244387, 36.686296068179594 ], [ -78.355298948936991, 36.687173331352575 ], [ -78.356409106016102, 36.687338104384175 ], [ -78.356200593348106, 36.688215368629251 ], [ -78.355090423757773, 36.688050593750468 ], [ -78.354881893706548, 36.688927855373464 ], [ -78.353771716476857, 36.688763068384624 ], [ -78.353980259039403, 36.687885808609018 ], [ -78.354188796729701, 36.687008548058458 ], [ -78.353078649394504, 36.686843754501865 ], [ -78.353287194723322, 36.685966495023386 ], [ -78.352177064770942, 36.6858016930518 ], [ -78.352385617737767, 36.684924434645232 ], [ -78.353495735179948, 36.685089234769485 ], [ -78.354605857494178, 36.685254024631533 ], [ -78.355715984680145, 36.685418804231276 ], [ -78.356826116737608, 36.685583573568685 ], [ -78.357936253666281, 36.685748332643648 ], [ -78.357727763252072, 36.686625600285943 ], [ -78.356617613812546, 36.686460839364017 ] ] ] } },
{ "type": "Feature", "properties": { "id": "51_147", "growth_scenario": "high", "market_gravity_weight": 100 }, "geometry": { "type": "Polygon", "coordinates": [ [ [ -78.358212454627491, 36.689422154763051 ], [ -78.358003957239944, 36.690299421153036 ], [ -78.35689375288247, 36.690134663105532 ], [ -78.355783553396805, 36.689969894795055 ], [ -78.355575026113144, 36.690847156716089 ], [ -78.355366493957234, 36.691724417862844 ], [ -78.354256274319255, 36.691559635594473 ], [ -78.354464818987466, 36.690682376295257 ], [ -78.353354616734293, 36.690517585611396 ], [ -78.353563169041877, 36.689640327385341 ], [ -78.352452984173183, 36.689475528286231 ], [ -78.352661544119599, 36.688598271133081 ], [ -78.353771716476857, 36.688763068384624 ], [ -78.354881893706548, 36.688927855373464 ], [ -78.355090423757773, 36.688050593750468 ], [ -78.356200593348106, 36.688215368629251 ], [ -78.357310767810191, 36.688380133245275 ], [ -78.357102262782135, 36.689257398562702 ], [ -78.358212454627491, 36.689422154763051 ] ] ] } },
{ "type": "Feature", "properties": { "id": "51_148", "growth_scenario": "high", "market_gravity_weight": 100 }, "geometry": { "type": "Polygon", "coordinates": [ [ [ -78.364601277543372, 36.672206071836442 ], [ -78.364392902564632, 36.673083357442287 ], [ -78.363282938661911, 36.672918656845276 ], [ -78.363074546308269, 36.673795939827784 ], [ -78.36196457476629, 36.673631227124083 ], [ -78.361756165037193, 36.674508507483274 ], [ -78.360646185856297, 36.674343782672679 ], [ -78.360854608092623, 36.673466504159222 ], [ -78.359744646287538, 36.673301770933293 ], [ -78.359953076162071, 36.672424493487725 ], [ -78.360161501167923, 36.671547215264049 ], [ -78.361271437959701, 36.671711944798538 ], [ -78.361479845590779, 36.670834663950991 ], [ -78.36258977474435, 36.670999381379033 ], [ -78.363699708765736, 36.67116408854627 ], [ -78.363491326147681, 36.67204137308476 ], [ -78.364601277543372, 36.672206071836442 ] ] ] } },
{ "type": "Feature", "properties": { "id": "51_149", "growth_scenario": "high", "market_gravity_weight": 100 }, "geometry": { "type": "Polygon", "coordinates": [ [ [ -78.865302669891321, 38.478675299666243 ], [ -78.866441097053723, 38.478835283735087 ], [ -78.866233593678615, 38.479712988819848 ], [ -78.86602608533191, 38.480590693552188 ], [ -78.864887631800073, 38.480430705651472 ], [ -78.864680105296443, 38.481308408115567 ], [ -78.864472573820578, 38.482186110227659 ], [ -78.863334098890576, 38.482026107979841 ], [ -78.863541643551727, 38.481148407784055 ], [ -78.862403186779545, 38.48098839693791 ], [ -78.862610739652951, 38.480110698306355 ], [ -78.861472301038205, 38.479950678862096 ], [ -78.861679862123282, 38.479072981794431 ], [ -78.862818287553679, 38.479232999322299 ], [ -78.863956717956569, 38.479393006335862 ], [ -78.864164247700629, 38.478515305083135 ], [ -78.864371772472666, 38.477637603477675 ], [ -78.865510181479252, 38.477797596144811 ], [ -78.865302669891321, 38.478675299666243 ] ] ] } },
{ "type": "Feature", "properties": { "id": "51_15", "growth_scenario": "high", "market_gravity_weight": 100 }, "geometry": { "type": "Polygon", "coordinates": [ [ [ -77.469352233707667, 39.004281725059471 ], [ -77.469126397456463, 39.005157019227759 ], [ -77.467982930493378, 39.004984140557156 ], [ -77.466839468965318, 39.004811251359577 ], [ -77.465696012872584, 39.00463835163513 ], [ -77.465470131521371, 39.005513639201759 ], [ -77.464326667642879, 39.005340726845766 ], [ -77.464552562215474, 39.004465441383886 ], [ -77.463409116994242, 39.004292520605865 ], [ -77.462265677209217, 39.004119589301197 ], [ -77.462491592787472, 39.003244307760525 ], [ -77.463635019351798, 39.003417236960267 ], [ -77.463860916273376, 39.002541953025982 ], [ -77.465004335053123, 39.002714869594556 ], [ -77.464778451352146, 39.003590155633553 ], [ -77.465921888788188, 39.003763063780085 ], [ -77.466147759268381, 39.002887775636559 ], [ -77.467291188918864, 39.003060671152049 ], [ -77.468434624004274, 39.003233556140863 ], [ -77.468208779966247, 39.004108848493189 ], [ -77.469352233707667, 39.004281725059471 ] ] ] } },
{ "type": "Feature", "properties": { "id": "51_150", "growth_scenario": "high", "market_gravity_weight": 100 }, "geometry": { "type": "Polygon", "coordinates": [ [ [ -78.359390442406465, 36.694137979054915 ], [ -78.35918194568707, 36.695015245269857 ], [ -78.360292227225443, 36.695179981763502 ], [ -78.360083738148489, 36.69605724905248 ], [ -78.358973444095881, 36.695892510711523 ], [ -78.357863154915265, 36.695727762106721 ], [ -78.356752870606897, 36.695563003238185 ], [ -78.355642591171048, 36.695398234106008 ], [ -78.355851130303989, 36.694520974207002 ], [ -78.35474086825451, 36.694356196658966 ], [ -78.354949415028102, 36.693478937834087 ], [ -78.35605966456427, 36.693643713534442 ], [ -78.35626819395209, 36.692766452088186 ], [ -78.357378435847522, 36.69293121567771 ], [ -78.35848868261499, 36.693095969003842 ], [ -78.358280178253722, 36.693973234144906 ], [ -78.359390442406465, 36.694137979054915 ] ] ] } },
{ "type": "Feature", "properties": { "id": "51_151", "growth_scenario": "high", "market_gravity_weight": 100 }, "geometry": { "type": "Polygon", "coordinates": [ [ [ -78.359953076162071, 36.672424493487725 ], [ -78.359744646287538, 36.673301770933293 ], [ -78.360854608092623, 36.673466504159222 ], [ -78.360646185856297, 36.674343782672679 ], [ -78.360437758751232, 36.675221060408404 ], [ -78.359327771931731, 36.675056323490708 ], [ -78.358217789981438, 36.674891576311786 ], [ -78.358426242101018, 36.674014302267942 ], [ -78.35731627752719, 36.673849546673992 ], [ -78.357107812900608, 36.67472681887169 ], [ -78.355997840689497, 36.674562051170469 ], [ -78.35620631782291, 36.673684780819016 ], [ -78.356414790086504, 36.672807509689584 ], [ -78.357524737284209, 36.672972273698399 ], [ -78.357733192171835, 36.672094999944697 ], [ -78.358843131732471, 36.672259751846653 ], [ -78.359051569244684, 36.671382475468747 ], [ -78.360161501167923, 36.671547215264049 ], [ -78.359953076162071, 36.672424493487725 ] ] ] } },
{ "type": "Feature", "properties": { "id": "51_152", "growth_scenario": "high", "market_gravity_weight": 100 }, "geometry": { "type": "Polygon", "coordinates": [ [ [ -78.88373199469234, 38.460406615567393 ], [ -78.883524750582723, 38.461284349857323 ], [ -78.882386558779487, 38.461124523553288 ], [ -78.882179296525536, 38.462002255574326 ], [ -78.881041096507033, 38.461842416844689 ], [ -78.880833816108165, 38.46272014659683 ], [ -78.879695607874751, 38.462560295441264 ], [ -78.879902901453619, 38.461682567602388 ], [ -78.878764711365562, 38.461522707847479 ], [ -78.878972013158545, 38.460644981565757 ], [ -78.879179309986071, 38.459767254927797 ], [ -78.880317473715408, 38.45992711085637 ], [ -78.880524752398713, 38.459049381948802 ], [ -78.881662907913977, 38.459209225452049 ], [ -78.882801068393775, 38.459369058442938 ], [ -78.882593816068848, 38.460246791176239 ], [ -78.88373199469234, 38.460406615567393 ] ] ] } },
{ "type": "Feature", "properties": { "id": "51_153", "growth_scenario": "high", "market_gravity_weight": 100 }, "geometry": { "type": "Polygon", "coordinates": [ [ [ -78.374938852110589, 36.667382168111281 ], [ -78.374730611247514, 36.668259473922035 ], [ -78.373620695964519, 36.668094868326676 ], [ -78.372510785546083, 36.667930252470413 ], [ -78.372302514805398, 36.668807553814375 ], [ -78.371192596745317, 36.668642925852964 ], [ -78.370082683550478, 36.668478287630649 ], [ -78.370290979303832, 36.667600989975412 ], [ -78.369181083480584, 36.667436343336782 ], [ -78.369389386874403, 36.666559046747189 ], [ -78.370499270191829, 36.666723691541414 ], [ -78.370707556214668, 36.665846392328461 ], [ -78.371817431891571, 36.666011025017738 ], [ -78.372927312433205, 36.66617564744648 ], [ -78.374037197839314, 36.666340259614508 ], [ -78.373828949334111, 36.667217564359987 ], [ -78.374938852110589, 36.667382168111281 ] ] ] } },
{ "type": "Feature", "properties": { "id": "51_154", "growth_scenario": "high", "market_gravity_weight": 100 }, "geometry": { "type": "Polygon", "coordinates": [ [ [ -78.861264734980196, 38.480828375577261 ], [ -78.862403186779545, 38.48098839693791 ], [ -78.863541643551727, 38.481148407784055 ], [ -78.863334098890576, 38.482026107979841 ], [ -78.863126549256719, 38.482903807823703 ], [ -78.861988066114051, 38.482743793144699 ], [ -78.861780498321622, 38.483621490720274 ], [ -78.860642006966643, 38.483461463609828 ], [ -78.859503520585321, 38.483301425984564 ], [ -78.858365039177968, 38.483141377844625 ], [ -78.858572646526397, 38.482263686019422 ], [ -78.859711114748592, 38.482423732242466 ], [ -78.859918703938078, 38.481546038148444 ], [ -78.860126288153978, 38.480668343702149 ], [ -78.860333867396434, 38.479790648903609 ], [ -78.861472301038205, 38.479950678862096 ], [ -78.861264734980196, 38.480828375577261 ] ] ] } },
{ "type": "Feature", "properties": { "id": "51_155", "growth_scenario": "high", "market_gravity_weight": 100 }, "geometry": { "type": "Polygon", "coordinates": [ [ [ -78.355997840689497, 36.674562051170469 ], [ -78.357107812900608, 36.67472681887169 ], [ -78.35689934340428, 36.675604090291593 ], [ -78.356690869038061, 36.676481360933984 ], [ -78.355580871812478, 36.676316589540058 ], [ -78.355789358686081, 36.67543932074409 ], [ -78.354679378838043, 36.675274540935426 ], [ -78.353569403860448, 36.675109750865737 ], [ -78.35245943375358, 36.674944950534979 ], [ -78.35266795327729, 36.674067686500905 ], [ -78.352876467930201, 36.673190421688744 ], [ -78.35398641302416, 36.673355218326307 ], [ -78.35419491030035, 36.672477950889458 ], [ -78.355304847758461, 36.672642735419899 ], [ -78.356414790086504, 36.672807509689584 ], [ -78.35620631782291, 36.673684780819016 ], [ -78.355997840689497, 36.674562051170469 ] ] ] } },
{ "type": "Feature", "properties": { "id": "51_156", "growth_scenario": "high", "market_gravity_weight": 100 }, "geometry": { "type": "Polygon", "coordinates": [ [ [ -78.366544635022692, 36.66886160274148 ], [ -78.365434728785658, 36.668696921631302 ], [ -78.365226373275647, 36.669574210350213 ], [ -78.36411645939944, 36.669409517134298 ], [ -78.363006550390423, 36.669244813657627 ], [ -78.361896646248866, 36.669080099920308 ], [ -78.361688248353772, 36.669957382324938 ], [ -78.36057833657425, 36.669792656481583 ], [ -78.360786746975066, 36.668915375922424 ], [ -78.360995152507854, 36.668038094584411 ], [ -78.36210503927623, 36.66820281673693 ], [ -78.363214930912164, 36.66836752862897 ], [ -78.363423306566602, 36.667490242821351 ], [ -78.36453319056433, 36.667654942607768 ], [ -78.364741548846396, 36.666777654176151 ], [ -78.365851425205577, 36.666942341857094 ], [ -78.366961306431179, 36.667107019277537 ], [ -78.366752973160089, 36.667984311398925 ], [ -78.366544635022692, 36.66886160274148 ] ] ] } },
{ "type": "Feature", "properties": { "id": "51_157", "growth_scenario": "high", "market_gravity_weight": 100 }, "geometry": { "type": "Polygon", "coordinates": [ [ [ -78.354464818987466, 36.690682376295257 ], [ -78.354256274319255, 36.691559635594473 ], [ -78.354047724778368, 36.692436894119474 ], [ -78.353839170364665, 36.693314151870439 ], [ -78.352728930574244, 36.693149355643548 ], [ -78.351618695657081, 36.69298454915338 ], [ -78.351827275095999, 36.692107295098069 ], [ -78.350717057564751, 36.691942480192758 ], [ -78.350925644642388, 36.69106522721119 ], [ -78.351134226846526, 36.690187973455096 ], [ -78.351342804177364, 36.689310718924432 ], [ -78.352452984173183, 36.689475528286231 ], [ -78.353563169041877, 36.689640327385341 ], [ -78.353354616734293, 36.690517585611396 ], [ -78.354464818987466, 36.690682376295257 ] ] ] } },
{ "type": "Feature", "properties": { "id": "51_158", "growth_scenario": "high", "market_gravity_weight": 100 }, "geometry": { "type": "Polygon", "coordinates": [ [ [ -78.349748236624194, 36.68634931225764 ], [ -78.350858369341481, 36.686514136601367 ], [ -78.351968506931669, 36.686678950682818 ], [ -78.351759944219765, 36.687556207538464 ], [ -78.351551376635058, 36.688433463618949 ], [ -78.350441214023462, 36.68826864584225 ], [ -78.350232629054688, 36.689145899299945 ], [ -78.349122458805425, 36.688981069412861 ], [ -78.349331056285138, 36.688103817803004 ], [ -78.348220903420327, 36.687938979501304 ], [ -78.34711075542927, 36.687774130937314 ], [ -78.347319373056294, 36.686896882248156 ], [ -78.347527985809435, 36.686019632783513 ], [ -78.348638108780079, 36.686184477651665 ], [ -78.348846704149722, 36.685307225563562 ], [ -78.349956819483879, 36.685472058321785 ], [ -78.349748236624194, 36.68634931225764 ] ] ] } },
{ "type": "Feature", "properties": { "id": "51_159", "growth_scenario": "high", "market_gravity_weight": 100 }, "geometry": { "type": "Polygon", "coordinates": [ [ [ -78.359468429662911, 36.669627920377621 ], [ -78.359260001888103, 36.670505198312505 ], [ -78.359051569244684, 36.671382475468747 ], [ -78.357941642190241, 36.671217725412674 ], [ -78.356831720004834, 36.671052965095917 ], [ -78.355721802688763, 36.670888194518518 ], [ -78.354611890242296, 36.670723413680541 ], [ -78.354820372908378, 36.669846143908138 ], [ -78.355930272849434, 36.670010922899962 ], [ -78.356138738140672, 36.669133650502602 ], [ -78.357248630445852, 36.669298417388084 ], [ -78.357457078362799, 36.668421142365865 ], [ -78.358566963031748, 36.6685858971451 ], [ -78.359676852569265, 36.668750641664019 ], [ -78.360786746975066, 36.668915375922424 ], [ -78.36057833657425, 36.669792656481583 ], [ -78.359468429662911, 36.669627920377621 ] ] ] } },
{ "type": "Feature", "properties": { "id": "51_16", "growth_scenario": "high", "market_gravity_weight": 100 }, "geometry": { "type": "Polygon", "coordinates": [ [ [ -77.462491592787472, 39.003244307760525 ], [ -77.462265677209217, 39.004119589301197 ], [ -77.462039756194471, 39.004994870553318 ], [ -77.46318320920048, 39.005167803962948 ], [ -77.464326667642879, 39.005340726845766 ], [ -77.464100767634193, 39.006216012019429 ], [ -77.462957295970341, 39.006043087031607 ], [ -77.462731377303598, 39.006918369812205 ], [ -77.461587897854741, 39.006745432192446 ], [ -77.461813829743051, 39.005870151516987 ], [ -77.460670368952634, 39.005697205475535 ], [ -77.460896308625152, 39.004821926617034 ], [ -77.459752866492792, 39.00464897215415 ], [ -77.459978813948908, 39.003773695112294 ], [ -77.460204755967979, 39.002898417781637 ], [ -77.461348171659424, 39.003071368034249 ], [ -77.461574095021589, 39.002196088309603 ], [ -77.462717502929436, 39.002369025930982 ], [ -77.463860916273376, 39.002541953025982 ], [ -77.463635019351798, 39.003417236960267 ], [ -77.462491592787472, 39.003244307760525 ] ] ] } },
{ "type": "Feature", "properties": { "id": "51_160", "growth_scenario": "high", "market_gravity_weight": 100 }, "geometry": { "type": "Polygon", "coordinates": [ [ [ -78.351484065772112, 36.683882366923875 ], [ -78.351275505167877, 36.684759624258767 ], [ -78.351066939691037, 36.685636880817889 ], [ -78.349956819483879, 36.685472058321785 ], [ -78.348846704149722, 36.685307225563562 ], [ -78.347736593688836, 36.685142382543191 ], [ -78.346626488101506, 36.684977529260884 ], [ -78.346835103616712, 36.684100280092551 ], [ -78.347043714258263, 36.683223030148113 ], [ -78.348153794827184, 36.683387879734859 ], [ -78.348362388086443, 36.682510627166423 ], [ -78.349472461019602, 36.682675464643708 ], [ -78.350582538825535, 36.682840291859279 ], [ -78.350373970584371, 36.683717548122743 ], [ -78.351484065772112, 36.683882366923875 ] ] ] } },
{ "type": "Feature", "properties": { "id": "51_161", "growth_scenario": "high", "market_gravity_weight": 100 }, "geometry": { "type": "Polygon", "coordinates": [ [ [ -78.350925644642388, 36.69106522721119 ], [ -78.350717057564751, 36.691942480192758 ], [ -78.350508465613487, 36.692819732400096 ], [ -78.349398240443705, 36.692654905383783 ], [ -78.349606844907157, 36.691777655024516 ], [ -78.348496637123461, 36.691612819593381 ], [ -78.34870524922475, 36.690735570307865 ], [ -78.347595058826826, 36.690570726462099 ], [ -78.347803678565384, 36.689693478250128 ], [ -78.346693505552892, 36.689528625989823 ], [ -78.346902132928207, 36.688651378851155 ], [ -78.348012293429832, 36.688816229263253 ], [ -78.349122458805425, 36.688981069412861 ], [ -78.350232629054688, 36.689145899299945 ], [ -78.351342804177364, 36.689310718924432 ], [ -78.351134226846526, 36.690187973455096 ], [ -78.350925644642388, 36.69106522721119 ] ] ] } },
{ "type": "Feature", "properties": { "id": "51_162", "growth_scenario": "high", "market_gravity_weight": 100 }, "geometry": { "type": "Polygon", "coordinates": [ [ [ -78.844322752902556, 38.443076454769503 ], [ -78.843184929383398, 38.442916266372166 ], [ -78.842977249232874, 38.443793932583787 ], [ -78.842769564109162, 38.444671598433764 ], [ -78.841631719224296, 38.444511395695898 ], [ -78.840493879313058, 38.444351182449289 ], [ -78.839356044375762, 38.44419095869398 ], [ -78.839563769007441, 38.443313298592365 ], [ -78.840701590775595, 38.443473520431432 ], [ -78.840909297264361, 38.442595858051789 ], [ -78.84111699877954, 38.441718195310095 ], [ -78.842254799183664, 38.441878402808598 ], [ -78.842462482556996, 38.441000737788833 ], [ -78.84360027476562, 38.441160932863177 ], [ -78.844738071946878, 38.44132111742914 ], [ -78.844530414910977, 38.44219878628035 ], [ -78.844322752902556, 38.443076454769503 ] ] ] } },
{ "type": "Feature", "properties": { "id": "51_163", "growth_scenario": "high", "market_gravity_weight": 100 }, "geometry": { "type": "Polygon", "coordinates": [ [ [ -78.360786746975066, 36.668915375922424 ], [ -78.359676852569265, 36.668750641664019 ], [ -78.358566963031748, 36.6685858971451 ], [ -78.357457078362799, 36.668421142365865 ], [ -78.357248630445852, 36.669298417388084 ], [ -78.356138738140672, 36.669133650502602 ], [ -78.355028850704755, 36.668968873356754 ], [ -78.355237323631613, 36.668091602026358 ], [ -78.35412745356993, 36.667926816466263 ], [ -78.354335934131839, 36.667049546202591 ], [ -78.355445791689078, 36.667214329916739 ], [ -78.356555654115539, 36.667379103370706 ], [ -78.357665521410894, 36.667543866564586 ], [ -78.35877539357493, 36.667708619498178 ], [ -78.358983819249715, 36.66683134107199 ], [ -78.360093683777293, 36.666996081899796 ], [ -78.361203553172814, 36.667160812467316 ], [ -78.360995152507854, 36.668038094584411 ], [ -78.360786746975066, 36.668915375922424 ] ] ] } },
{ "type": "Feature", "properties": { "id": "51_164", "growth_scenario": "high", "market_gravity_weight": 100 }, "geometry": { "type": "Polygon", "coordinates": [ [ [ -78.35072384319902, 36.677411921838576 ], [ -78.351833845955824, 36.677576737970803 ], [ -78.35162530694717, 36.678453998894476 ], [ -78.351416763066837, 36.679331259041021 ], [ -78.350306735294723, 36.67916643921469 ], [ -78.350098174034528, 36.680043696737037 ], [ -78.348988138626638, 36.679878864802063 ], [ -78.347878108091294, 36.679714022605609 ], [ -78.348086694367112, 36.678836768777856 ], [ -78.346976681212112, 36.678671918167552 ], [ -78.347185275122555, 36.677794665410026 ], [ -78.348295275770269, 36.67795951417294 ], [ -78.348503852300979, 36.677082258790627 ], [ -78.349613845313996, 36.677247095445153 ], [ -78.349822404465485, 36.676369837438088 ], [ -78.35093238984345, 36.676534661984491 ], [ -78.35072384319902, 36.677411921838576 ] ] ] } },
{ "type": "Feature", "properties": { "id": "51_165", "growth_scenario": "high", "market_gravity_weight": 100 }, "geometry": { "type": "Polygon", "coordinates": [ [ [ -78.352876467930201, 36.673190421688744 ], [ -78.35266795327729, 36.674067686500905 ], [ -78.35245943375358, 36.674944950534979 ], [ -78.352250909358872, 36.675822213791271 ], [ -78.351140931616271, 36.675657401352822 ], [ -78.35093238984345, 36.676534661984491 ], [ -78.349822404465485, 36.676369837438088 ], [ -78.350030958745108, 36.67549257865339 ], [ -78.34892099074564, 36.675327745693053 ], [ -78.349129552659946, 36.674450487977438 ], [ -78.34933810970243, 36.673573229483786 ], [ -78.350448052689458, 36.673738058750239 ], [ -78.350656592354497, 36.672860797631408 ], [ -78.351766527706886, 36.673025614790397 ], [ -78.351975049995033, 36.672148351046516 ], [ -78.353084977712456, 36.672313156098298 ], [ -78.352876467930201, 36.673190421688744 ] ] ] } },
{ "type": "Feature", "properties": { "id": "51_166", "growth_scenario": "high", "market_gravity_weight": 100 }, "geometry": { "type": "Polygon", "coordinates": [ [ [ -78.355028850704755, 36.668968873356754 ], [ -78.356138738140672, 36.669133650502602 ], [ -78.355930272849434, 36.670010922899962 ], [ -78.354820372908378, 36.669846143908138 ], [ -78.354611890242296, 36.670723413680541 ], [ -78.355721802688763, 36.670888194518518 ], [ -78.3555133276585, 36.671765465358426 ], [ -78.354403402706339, 36.671600682674274 ], [ -78.353293482624224, 36.671435889729487 ], [ -78.352183567412425, 36.671271086524172 ], [ -78.352392079959245, 36.670393821223144 ], [ -78.351282182123214, 36.670229009603801 ], [ -78.351490702304517, 36.6693517453703 ], [ -78.352600587635649, 36.669516555143197 ], [ -78.352809090441809, 36.668639288284211 ], [ -78.353918968138387, 36.668804085950605 ], [ -78.35412745356993, 36.667926816466263 ], [ -78.355237323631613, 36.668091602026358 ], [ -78.355028850704755, 36.668968873356754 ] ] ] } },
{ "type": "Feature", "properties": { "id": "51_167", "growth_scenario": "high", "market_gravity_weight": 100 }, "geometry": { "type": "Polygon", "coordinates": [ [ [ -78.886834314870484, 38.467189994124645 ], [ -78.88797261058221, 38.467349779339791 ], [ -78.887765397630389, 38.468227520707487 ], [ -78.888903711488851, 38.468387297321641 ], [ -78.888696506756105, 38.469265040247954 ], [ -78.887558179714489, 38.469105261721012 ], [ -78.887350956834354, 38.469983002380538 ], [ -78.887143728989784, 38.47086074268632 ], [ -78.886005380545583, 38.470700949819388 ], [ -78.886212621573719, 38.46982321142665 ], [ -78.885074291277789, 38.469663409958777 ], [ -78.885281540524289, 38.468785673125396 ], [ -78.884143228376288, 38.468625863056872 ], [ -78.884350485840585, 38.467748127782457 ], [ -78.885488784805958, 38.467907935937802 ], [ -78.885696024122964, 38.467030198395918 ], [ -78.88590325847548, 38.466152460499487 ], [ -78.887041536040812, 38.466312254315412 ], [ -78.886834314870484, 38.467189994124645 ] ] ] } },
{ "type": "Feature", "properties": { "id": "51_168", "growth_scenario": "high", "market_gravity_weight": 100 }, "geometry": { "type": "Polygon", "coordinates": [ [ [ -78.347319373056294, 36.686896882248156 ], [ -78.34711075542927, 36.687774130937314 ], [ -78.348220903420327, 36.687938979501304 ], [ -78.349331056285138, 36.688103817803004 ], [ -78.349122458805425, 36.688981069412861 ], [ -78.348012293429832, 36.688816229263253 ], [ -78.346902132928207, 36.688651378851155 ], [ -78.346693505552892, 36.689528625989823 ], [ -78.346484873303197, 36.690405872353615 ], [ -78.345374692654147, 36.690241007982507 ], [ -78.345583337414809, 36.689363763467071 ], [ -78.344473174151375, 36.689198890681872 ], [ -78.344681826547898, 36.688321647239718 ], [ -78.344890474069643, 36.687444403022276 ], [ -78.34509911671681, 36.686567158029469 ], [ -78.346209242449476, 36.686732025269869 ], [ -78.346417867712489, 36.685854777653248 ], [ -78.347527985809435, 36.686019632783513 ], [ -78.347319373056294, 36.686896882248156 ] ] ] } },
{ "type": "Feature", "properties": { "id": "51_169", "growth_scenario": "high", "market_gravity_weight": 100 }, "geometry": { "type": "Polygon", "coordinates": [ [ [ -78.346835103616712, 36.684100280092551 ], [ -78.346626488101506, 36.684977529260884 ], [ -78.347736593688836, 36.685142382543191 ], [ -78.348846704149722, 36.685307225563562 ], [ -78.348638108780079, 36.686184477651665 ], [ -78.347527985809435, 36.686019632783513 ], [ -78.346417867712489, 36.685854777653248 ], [ -78.346209242449476, 36.686732025269869 ], [ -78.34509911671681, 36.686567158029469 ], [ -78.343988995858581, 36.686402280526941 ], [ -78.342878879875059, 36.686237392762358 ], [ -78.343087542666709, 36.685360150690371 ], [ -78.344197646140842, 36.685525036606585 ], [ -78.344406291548594, 36.684647791910393 ], [ -78.344614932081967, 36.683770546438055 ], [ -78.34572501541237, 36.683935418396246 ], [ -78.345933638562826, 36.683058170299624 ], [ -78.347043714258263, 36.683223030148113 ], [ -78.346835103616712, 36.684100280092551 ] ] ] } },
{ "type": "Feature", "properties": { "id": "51_17", "growth_scenario": "high", "market_gravity_weight": 100 }, "geometry": { "type": "Polygon", "coordinates": [ [ [ -77.431596939933215, 38.902160506505787 ], [ -77.432738706472549, 38.902333717736795 ], [ -77.433880478441367, 38.902506918456368 ], [ -77.435022255839414, 38.902680108664484 ], [ -77.434796322092609, 38.903555327517765 ], [ -77.433654531513696, 38.903382135209434 ], [ -77.433428579156626, 38.904257351648845 ], [ -77.432286780826118, 38.904084146728451 ], [ -77.432060809858186, 38.904959360753921 ], [ -77.430919003776495, 38.904786143221351 ], [ -77.429777203125155, 38.904612915177132 ], [ -77.430003200455062, 38.903737705353059 ], [ -77.430229192354503, 38.902862495215253 ], [ -77.430455178823664, 38.901987284763592 ], [ -77.430681159862758, 38.901112073997737 ], [ -77.431822907792295, 38.901285293639525 ], [ -77.431596939933215, 38.902160506505787 ] ] ] } },
{ "type": "Feature", "properties": { "id": "51_170", "growth_scenario": "high", "market_gravity_weight": 100 }, "geometry": { "type": "Polygon", "coordinates": [ [ [ -78.347595058826826, 36.690570726462099 ], [ -78.34870524922475, 36.690735570307865 ], [ -78.348496637123461, 36.691612819593381 ], [ -78.349606844907157, 36.691777655024516 ], [ -78.349398240443705, 36.692654905383783 ], [ -78.348288020148004, 36.692490068104455 ], [ -78.34717780472667, 36.692325220562168 ], [ -78.347386434213973, 36.691447973899358 ], [ -78.346276236178952, 36.691283117942604 ], [ -78.345166043018651, 36.691118251723132 ], [ -78.344957388508135, 36.691995494689067 ], [ -78.343847187711518, 36.69183061635831 ], [ -78.344055854733355, 36.690953375240973 ], [ -78.342945671323335, 36.690788488496239 ], [ -78.343154345980793, 36.689911248452738 ], [ -78.344264516879903, 36.690076133348839 ], [ -78.344473174151375, 36.689198890681872 ], [ -78.345583337414809, 36.689363763467071 ], [ -78.345374692654147, 36.690241007982507 ], [ -78.346484873303197, 36.690405872353615 ], [ -78.346693505552892, 36.689528625989823 ], [ -78.347803678565384, 36.689693478250128 ], [ -78.347595058826826, 36.690570726462099 ] ] ] } },
{ "type": "Feature", "properties": { "id": "51_171", "growth_scenario": "high", "market_gravity_weight": 100 }, "geometry": { "type": "Polygon", "coordinates": [ [ [ -78.890663575179175, 38.465913826780074 ], [ -78.89045639851966, 38.466791572681672 ], [ -78.890249216897033, 38.467669318228879 ], [ -78.889110911257816, 38.467509554041243 ], [ -78.88797261058221, 38.467349779339791 ], [ -78.886834314870484, 38.467189994124645 ], [ -78.887041536040812, 38.466312254315412 ], [ -78.88590325847548, 38.466152460499487 ], [ -78.886110487863704, 38.465274722248409 ], [ -78.886317712287806, 38.464396983642374 ], [ -78.8874559634896, 38.464556773632779 ], [ -78.888594219655033, 38.464716553109895 ], [ -78.889732480783834, 38.464876322073586 ], [ -78.889525295905145, 38.465754066417418 ], [ -78.890663575179175, 38.465913826780074 ] ] ] } },
{ "type": "Feature", "properties": { "id": "51_172", "growth_scenario": "high", "market_gravity_weight": 100 }, "geometry": { "type": "Polygon", "coordinates": [ [ [ -78.890768330734858, 38.460487595027786 ], [ -78.890561170669713, 38.461365341147875 ], [ -78.890354005642251, 38.46224308691226 ], [ -78.889215784057583, 38.462083323685484 ], [ -78.888077567435772, 38.461923549945645 ], [ -78.887870371083736, 38.462801291530006 ], [ -78.887663169768402, 38.463679032759018 ], [ -78.886524931747942, 38.463519244681216 ], [ -78.886732146244313, 38.462641505364793 ], [ -78.886939355777074, 38.461763765692837 ], [ -78.887146560346423, 38.460886025665204 ], [ -78.887353759952518, 38.460008285281639 ], [ -78.887560954595543, 38.459130544542035 ], [ -78.888699126713789, 38.459290323057978 ], [ -78.889837303794636, 38.459450091061285 ], [ -78.889630135511496, 38.460327835625215 ], [ -78.890768330734858, 38.460487595027786 ] ] ] } },
{ "type": "Feature", "properties": { "id": "51_173", "growth_scenario": "high", "market_gravity_weight": 100 }, "geometry": { "type": "Polygon", "coordinates": [ [ [ -78.34892099074564, 36.675327745693053 ], [ -78.350030958745108, 36.67549257865339 ], [ -78.349822404465485, 36.676369837438088 ], [ -78.349613845313996, 36.677247095445153 ], [ -78.348503852300979, 36.677082258790627 ], [ -78.348295275770269, 36.67795951417294 ], [ -78.347185275122555, 36.677794665410026 ], [ -78.346075279347602, 36.677629806386008 ], [ -78.346283880892145, 36.676752554698446 ], [ -78.345173902496853, 36.676587687260927 ], [ -78.345382511674956, 36.675710436643044 ], [ -78.346492477563842, 36.675875302233109 ], [ -78.346701069362851, 36.67499804898987 ], [ -78.347811027618135, 36.675162902471875 ], [ -78.348019602038619, 36.674285646603344 ], [ -78.349129552659946, 36.674450487977438 ], [ -78.34892099074564, 36.675327745693053 ] ] ] } },
{ "type": "Feature", "properties": { "id": "51_174", "growth_scenario": "high", "market_gravity_weight": 100 }, "geometry": { "type": "Polygon", "coordinates": [ [ [ -78.883001525708124, 38.478440758859328 ], [ -78.882794221836804, 38.479318491810311 ], [ -78.881655751474426, 38.4791586587776 ], [ -78.881448429449705, 38.48003638946259 ], [ -78.881241102457565, 38.480914119795912 ], [ -78.88010261068959, 38.480754272419425 ], [ -78.879895265542999, 38.481632000486776 ], [ -78.878756765556233, 38.481472140680417 ], [ -78.878964123889503, 38.480594414527737 ], [ -78.879171477254587, 38.479716688023331 ], [ -78.880309950868295, 38.479876544000483 ], [ -78.880517286079282, 38.478998815229836 ], [ -78.879378825651685, 38.478838961167121 ], [ -78.879586169080909, 38.477961233958894 ], [ -78.880724616322709, 38.478121086107244 ], [ -78.880931941598789, 38.477243356632485 ], [ -78.882070380622295, 38.477403196351858 ], [ -78.883208824612666, 38.477563025556336 ], [ -78.884347273569659, 38.477722844246024 ], [ -78.884139987851128, 38.478600579462892 ], [ -78.883001525708124, 38.478440758859328 ] ] ] } },
{ "type": "Feature", "properties": { "id": "51_175", "growth_scenario": "high", "market_gravity_weight": 100 }, "geometry": { "type": "Polygon", "coordinates": [ [ [ -78.351766527706886, 36.673025614790397 ], [ -78.350656592354497, 36.672860797631408 ], [ -78.350448052689458, 36.673738058750239 ], [ -78.34933810970243, 36.673573229483786 ], [ -78.349129552659946, 36.674450487977438 ], [ -78.348019602038619, 36.674285646603344 ], [ -78.348228171587039, 36.673408389956656 ], [ -78.348436736263565, 36.672531132531596 ], [ -78.347326815525562, 36.672366284590936 ], [ -78.347535387835578, 36.671489028234191 ], [ -78.348645296068369, 36.671653874327923 ], [ -78.348853851001593, 36.670776615345602 ], [ -78.349963751600839, 36.670941449332162 ], [ -78.351073657071197, 36.671106273058371 ], [ -78.352183567412425, 36.671271086524172 ], [ -78.351975049995033, 36.672148351046516 ], [ -78.351766527706886, 36.673025614790397 ] ] ] } },
{ "type": "Feature", "properties": { "id": "51_176", "growth_scenario": "high", "market_gravity_weight": 100 }, "geometry": { "type": "Polygon", "coordinates": [ [ [ -78.346350870242631, 36.681303671777222 ], [ -78.347460920921066, 36.681468527930178 ], [ -78.347252320026328, 36.682345779427408 ], [ -78.346142256839528, 36.682180921426671 ], [ -78.345933638562826, 36.683058170299624 ], [ -78.344823567741145, 36.682893300189463 ], [ -78.345032198526297, 36.682016053164432 ], [ -78.34392214508695, 36.681851174640592 ], [ -78.342812096521712, 36.681686285855378 ], [ -78.34302074744889, 36.68080904174964 ], [ -78.343229393501829, 36.679931796866867 ], [ -78.344339417051629, 36.680096681956194 ], [ -78.344548045723201, 36.679219434448427 ], [ -78.345658061639298, 36.679384307428741 ], [ -78.346768082428767, 36.679549170147844 ], [ -78.346559478772306, 36.680426421350944 ], [ -78.346350870242631, 36.681303671777222 ] ] ] } },
{ "type": "Feature", "properties": { "id": "51_177", "growth_scenario": "high", "market_gravity_weight": 100 }, "geometry": { "type": "Polygon", "coordinates": [ [ [ -78.889527802942254, 38.455779348886651 ], [ -78.889320641328425, 38.456657092964505 ], [ -78.890458778870936, 38.456816855231985 ], [ -78.890665927305903, 38.455939109242451 ], [ -78.891804056631159, 38.456098859085955 ], [ -78.891596921375211, 38.456976606987169 ], [ -78.891389781157784, 38.457854354531804 ], [ -78.891182635978694, 38.45873210171996 ], [ -78.890044467115473, 38.458572346141267 ], [ -78.890251625474178, 38.457694600864912 ], [ -78.889113474752506, 38.457534836685532 ], [ -78.88890630321437, 38.458412580049945 ], [ -78.888699126713789, 38.459290323057978 ], [ -78.887560954595543, 38.459130544542035 ], [ -78.887768144275697, 38.458252803446115 ], [ -78.887975328993107, 38.457375061993716 ], [ -78.888182508747974, 38.456497320184646 ], [ -78.887044381129911, 38.456337536892576 ], [ -78.88725156910094, 38.455459796638564 ], [ -78.888389683540495, 38.455619578018698 ], [ -78.888596853370828, 38.454741835495689 ], [ -78.889734959594193, 38.454901604451877 ], [ -78.889527802942254, 38.455779348886651 ] ] ] } },
{ "type": "Feature", "properties": { "id": "51_178", "growth_scenario": "high", "market_gravity_weight": 100 }, "geometry": { "type": "Polygon", "coordinates": [ [ [ -78.891594695939247, 38.466951324443073 ], [ -78.891387527499546, 38.467829071902734 ], [ -78.892525843065059, 38.467988815062618 ], [ -78.892318682845712, 38.468866564080578 ], [ -78.891180354096818, 38.468706819008254 ], [ -78.890973175730892, 38.469584565759838 ], [ -78.890765992401612, 38.470462312157757 ], [ -78.889627642248598, 38.47030255274619 ], [ -78.888489297059408, 38.470142782820368 ], [ -78.888696506756105, 38.469265040247954 ], [ -78.888903711488851, 38.468387297321641 ], [ -78.887765397630389, 38.468227520707487 ], [ -78.88797261058221, 38.467349779339791 ], [ -78.889110911257816, 38.467509554041243 ], [ -78.890249216897033, 38.467669318228879 ], [ -78.89045639851966, 38.466791572681672 ], [ -78.890663575179175, 38.465913826780074 ], [ -78.891801859416148, 38.466073576629178 ], [ -78.891594695939247, 38.466951324443073 ] ] ] } },
{ "type": "Feature", "properties": { "id": "51_179", "growth_scenario": "high", "market_gravity_weight": 100 }, "geometry": { "type": "Polygon", "coordinates": [ [ [ -78.353017588377895, 36.66776202064603 ], [ -78.352809090441809, 36.668639288284211 ], [ -78.352600587635649, 36.669516555143197 ], [ -78.351490702304517, 36.6693517453703 ], [ -78.351282182123214, 36.670229009603801 ], [ -78.35017228915784, 36.670064187724172 ], [ -78.350380821843899, 36.669186925337186 ], [ -78.349270946254052, 36.669022095043886 ], [ -78.348161075535259, 36.66885725449054 ], [ -78.348369628358952, 36.667979995017475 ], [ -78.349479486573614, 36.668144833724206 ], [ -78.349688022022292, 36.667267571625018 ], [ -78.349896552600228, 36.666390308746251 ], [ -78.351006390677981, 36.666555133500211 ], [ -78.35211623362602, 36.666719947994295 ], [ -78.35190772805575, 36.667597214565717 ], [ -78.353017588377895, 36.66776202064603 ] ] ] } },
{ "type": "Feature", "properties": { "id": "51_18", "growth_scenario": "high", "market_gravity_weight": 100 }, "geometry": { "type": "Polygon", "coordinates": [ [ [ -77.45197496382093, 39.002562733872146 ], [ -77.453118354667069, 39.002735759913378 ], [ -77.454261750952014, 39.002908775428594 ], [ -77.455405152675496, 39.00308178041773 ], [ -77.456548559837216, 39.00325477488078 ], [ -77.456322572720467, 39.004130045606395 ], [ -77.457465998540144, 39.00430303164876 ], [ -77.45860942979769, 39.004476007164648 ], [ -77.458383463683603, 39.005351281812509 ], [ -77.457240019205557, 39.005178304191077 ], [ -77.456096580165564, 39.005005316043153 ], [ -77.454953146563909, 39.004832317368859 ], [ -77.453809718400876, 39.004659308168129 ], [ -77.452666295676764, 39.004486288441115 ], [ -77.45152287839187, 39.004313258187914 ], [ -77.451748923826059, 39.003437996174696 ], [ -77.45197496382093, 39.002562733872146 ] ] ] } },
{ "type": "Feature", "properties": { "id": "51_180", "growth_scenario": "high", "market_gravity_weight": 100 }, "geometry": { "type": "Polygon", "coordinates": [ [ [ -78.348019602038619, 36.674285646603344 ], [ -78.347811027618135, 36.675162902471875 ], [ -78.346701069362851, 36.67499804898987 ], [ -78.346492477563842, 36.675875302233109 ], [ -78.345382511674956, 36.675710436643044 ], [ -78.345591115980099, 36.674833185247131 ], [ -78.344481167470121, 36.674668311243799 ], [ -78.344689779408171, 36.673791060917132 ], [ -78.344898386473346, 36.672913809812052 ], [ -78.345106988665819, 36.672036557928323 ], [ -78.346216899659552, 36.672201426389805 ], [ -78.347326815525562, 36.672366284590936 ], [ -78.348436736263565, 36.672531132531596 ], [ -78.348228171587039, 36.673408389956656 ], [ -78.348019602038619, 36.674285646603344 ] ] ] } },
{ "type": "Feature", "properties": { "id": "51_181", "growth_scenario": "high", "market_gravity_weight": 100 }, "geometry": { "type": "Polygon", "coordinates": [ [ [ -78.890046903256632, 38.448597627820099 ], [ -78.889839768156691, 38.449475372848106 ], [ -78.888701745958414, 38.449315604849573 ], [ -78.888494592721074, 38.450193347607701 ], [ -78.888287434522297, 38.451071090007524 ], [ -78.887149390932436, 38.450911307674616 ], [ -78.886011352304479, 38.450751514830223 ], [ -78.886218536856191, 38.449873776253675 ], [ -78.885080516366628, 38.449713974809711 ], [ -78.885287709132243, 38.448836237786445 ], [ -78.886425716445899, 38.448996037318636 ], [ -78.886632891073759, 38.448118298024909 ], [ -78.886840060739971, 38.4472405583723 ], [ -78.887978046664159, 38.447400343570379 ], [ -78.887770890173456, 38.448278085134447 ], [ -78.888908894234518, 38.44843786173287 ], [ -78.889116037549528, 38.447560118257449 ], [ -78.890254033395806, 38.447719882433475 ], [ -78.890046903256632, 38.448597627820099 ] ] ] } },
{ "type": "Feature", "properties": { "id": "51_182", "growth_scenario": "high", "market_gravity_weight": 100 }, "geometry": { "type": "Polygon", "coordinates": [ [ [ -78.344756669521146, 36.678342186163455 ], [ -78.345866672930043, 36.678507057296059 ], [ -78.345658061639298, 36.679384307428741 ], [ -78.344548045723201, 36.679219434448427 ], [ -78.344339417051629, 36.680096681956194 ], [ -78.343229393501829, 36.679931796866867 ], [ -78.342119374826098, 36.679766901516381 ], [ -78.341009361024703, 36.679601995904697 ], [ -78.341218027217707, 36.678724753940791 ], [ -78.340108030797694, 36.678559839916232 ], [ -78.340316704622808, 36.677682599022901 ], [ -78.341426688536259, 36.677847511199452 ], [ -78.341635344980574, 36.676970267680353 ], [ -78.342745321261845, 36.677135167748105 ], [ -78.342536677323992, 36.678012413115063 ], [ -78.343646670985706, 36.678177304769768 ], [ -78.343855302416969, 36.677300057554987 ], [ -78.34496528844565, 36.677464937100993 ], [ -78.344756669521146, 36.678342186163455 ] ] ] } },
{ "type": "Feature", "properties": { "id": "51_183", "growth_scenario": "high", "market_gravity_weight": 100 }, "geometry": { "type": "Polygon", "coordinates": [ [ [ -78.348853851001593, 36.670776615345602 ], [ -78.348645296068369, 36.671653874327923 ], [ -78.347535387835578, 36.671489028234191 ], [ -78.347326815525562, 36.672366284590936 ], [ -78.346216899659552, 36.672201426389805 ], [ -78.345106988665819, 36.672036557928323 ], [ -78.344898386473346, 36.672913809812052 ], [ -78.344689779408171, 36.673791060917132 ], [ -78.343579848276747, 36.673626178500619 ], [ -78.343788467847176, 36.672748929242928 ], [ -78.343997082544618, 36.671871679206539 ], [ -78.344205692369258, 36.670994428391261 ], [ -78.345315585985745, 36.671159305265803 ], [ -78.345524178433294, 36.670282051824344 ], [ -78.346634064417557, 36.670446916591594 ], [ -78.347743955273742, 36.670611771098699 ], [ -78.347952517840241, 36.669734513184203 ], [ -78.349062401063435, 36.669899355584285 ], [ -78.35017228915784, 36.670064187724172 ], [ -78.349963751600839, 36.670941449332162 ], [ -78.348853851001593, 36.670776615345602 ] ] ] } },
{ "type": "Feature", "properties": { "id": "51_184", "growth_scenario": "high", "market_gravity_weight": 100 }, "geometry": { "type": "Polygon", "coordinates": [ [ [ -78.89490694160331, 38.462882034687809 ], [ -78.89376870017027, 38.462722313513815 ], [ -78.892630463698879, 38.462562581826482 ], [ -78.892423320071558, 38.463440331059559 ], [ -78.892216171482119, 38.464318079937634 ], [ -78.891077913609493, 38.464158333912941 ], [ -78.891285075380679, 38.463280586947029 ], [ -78.891492232189435, 38.462402839625959 ], [ -78.890354005642251, 38.46224308691226 ], [ -78.890561170669713, 38.461365341147875 ], [ -78.890768330734858, 38.460487595027786 ], [ -78.89190653092038, 38.460647343917479 ], [ -78.893044736067822, 38.460807082294238 ], [ -78.894182946176855, 38.46096681015802 ], [ -78.895321161247196, 38.461126527508647 ], [ -78.895114053905843, 38.462004281275881 ], [ -78.89490694160331, 38.462882034687809 ] ] ] } },
{ "type": "Feature", "properties": { "id": "51_185", "growth_scenario": "high", "market_gravity_weight": 100 }, "geometry": { "type": "Polygon", "coordinates": [ [ [ -78.892735068840977, 38.457136348229902 ], [ -78.893873221267938, 38.457296078960184 ], [ -78.895011378655781, 38.457455799177829 ], [ -78.894804277977386, 38.458333552456899 ], [ -78.895942453505867, 38.458493264073219 ], [ -78.895735361047031, 38.459371018907518 ], [ -78.894597172338209, 38.459211305379881 ], [ -78.894390061738093, 38.460089057946853 ], [ -78.893251864809812, 38.459929331994715 ], [ -78.893458988590382, 38.459051581339345 ], [ -78.892320809803763, 38.458891846786017 ], [ -78.892113672842939, 38.459769595529707 ], [ -78.890975485837771, 38.459609848551914 ], [ -78.891182635978694, 38.45873210171996 ], [ -78.891389781157784, 38.457854354531804 ], [ -78.891596921375211, 38.456976606987169 ], [ -78.891804056631159, 38.456098859085955 ], [ -78.892942190917708, 38.456258598417136 ], [ -78.892735068840977, 38.457136348229902 ] ] ] } },
{ "type": "Feature", "properties": { "id": "51_186", "growth_scenario": "high", "market_gravity_weight": 100 }, "geometry": { "type": "Polygon", "coordinates": [ [ [ -78.337745818883235, 36.683658333577164 ], [ -78.338855885472398, 36.683823268953311 ], [ -78.339965956937277, 36.683988194068021 ], [ -78.341076033277631, 36.684153108921116 ], [ -78.342186114493131, 36.684318013512595 ], [ -78.343296200583538, 36.684482907842344 ], [ -78.343087542666709, 36.685360150690371 ], [ -78.341977444067339, 36.685195254512301 ], [ -78.341768768766499, 36.686072494735889 ], [ -78.340658662533173, 36.685907586447499 ], [ -78.339548561175363, 36.685742667897209 ], [ -78.338438464693354, 36.685577739085225 ], [ -78.338647177520826, 36.684700504407395 ], [ -78.337537098423397, 36.684535567182529 ], [ -78.336427024202123, 36.684370619696061 ], [ -78.336635757170043, 36.683493387939507 ], [ -78.336844485261722, 36.682616155406322 ], [ -78.337954534467073, 36.682781099195253 ], [ -78.337745818883235, 36.683658333577164 ] ] ] } },
{ "type": "Feature", "properties": { "id": "51_187", "growth_scenario": "high", "market_gravity_weight": 100 }, "geometry": { "type": "Polygon", "coordinates": [ [ [ -78.833360323938507, 38.439718798901133 ], [ -78.834498076355402, 38.439879078039944 ], [ -78.834290300806657, 38.440756729646267 ], [ -78.834082520282749, 38.441634380889909 ], [ -78.833874734783478, 38.442512031771003 ], [ -78.832736942864074, 38.442351746882004 ], [ -78.8315991559205, 38.442191451484952 ], [ -78.831806967755185, 38.441313804437542 ], [ -78.830669198955164, 38.441153500449431 ], [ -78.829531435131372, 38.440993185953488 ], [ -78.829739268324232, 38.440115542377434 ], [ -78.830877018981056, 38.440275854956369 ], [ -78.831084834030904, 38.439398209100233 ], [ -78.832222576496918, 38.439558509254532 ], [ -78.832430373404335, 38.438680861118499 ], [ -78.833568107679184, 38.438841148848425 ], [ -78.833360323938507, 38.439718798901133 ] ] ] } },
{ "type": "Feature", "properties": { "id": "51_188", "growth_scenario": "high", "market_gravity_weight": 100 }, "geometry": { "type": "Polygon", "coordinates": [ [ [ -78.341142713611788, 36.688704210752107 ], [ -78.342252862249609, 36.688869114324284 ], [ -78.342044179957043, 36.689746353294169 ], [ -78.343154345980793, 36.689911248452738 ], [ -78.342945671323335, 36.690788488496239 ], [ -78.341835492788846, 36.690623591488972 ], [ -78.341626800744848, 36.6915008289089 ], [ -78.340516614575336, 36.691335919790262 ], [ -78.339406433282107, 36.691171000409149 ], [ -78.338296256865405, 36.691006070765667 ], [ -78.338504986441407, 36.690128838892655 ], [ -78.339615150347626, 36.690293766687113 ], [ -78.339823862536775, 36.689416532190037 ], [ -78.338713711140784, 36.689251606244582 ], [ -78.338922430963692, 36.688374372821158 ], [ -78.34003256984974, 36.688539296917732 ], [ -78.340241272286676, 36.687662060869933 ], [ -78.341351403538894, 36.687826972855575 ], [ -78.341142713611788, 36.688704210752107 ] ] ] } },
{ "type": "Feature", "properties": { "id": "51_189", "growth_scenario": "high", "market_gravity_weight": 100 }, "geometry": { "type": "Polygon", "coordinates": [ [ [ -78.344272550659014, 36.675545560792173 ], [ -78.344063928974677, 36.67642280956251 ], [ -78.343855302416969, 36.677300057554987 ], [ -78.342745321261845, 36.677135167748105 ], [ -78.341635344980574, 36.676970267680353 ], [ -78.341426688536259, 36.677847511199452 ], [ -78.340316704622808, 36.677682599022901 ], [ -78.340525373573371, 36.676805357351874 ], [ -78.339415407040548, 36.676640436762611 ], [ -78.339624083622553, 36.675763196161697 ], [ -78.340734037649568, 36.675928114902867 ], [ -78.34094269685157, 36.675050871675708 ], [ -78.341151351179533, 36.674173627670321 ], [ -78.342261285069569, 36.674338532455309 ], [ -78.343371223833174, 36.674503426979811 ], [ -78.343162594516272, 36.675380674680625 ], [ -78.344272550659014, 36.675545560792173 ] ] ] } },
{ "type": "Feature", "properties": { "id": "51_19", "growth_scenario": "high", "market_gravity_weight": 100 }, "geometry": { "type": "Polygon", "coordinates": [ [ [ -77.41627319184893, 38.984420886342711 ], [ -77.4174162126548, 38.984594240697291 ], [ -77.417189812798682, 38.985469437554379 ], [ -77.418332852259354, 38.985642783495337 ], [ -77.419475897165967, 38.985816118914158 ], [ -77.419249518281902, 38.986691319692852 ], [ -77.418106460166058, 38.986517982165779 ], [ -77.41696340749634, 38.98634463411647 ], [ -77.416736996747559, 38.987219830383708 ], [ -77.415593936315119, 38.987046469703671 ], [ -77.4144508813296, 38.986873098501434 ], [ -77.414677318496473, 38.985997906451509 ], [ -77.413534282166907, 38.985824526835941 ], [ -77.413760727095237, 38.984949336599719 ], [ -77.414903750216325, 38.985122714106488 ], [ -77.41513017648937, 38.98424752146628 ], [ -77.415356597315792, 38.983372328530649 ], [ -77.416499599467272, 38.983545691298659 ], [ -77.41627319184893, 38.984420886342711 ] ] ] } },
{ "type": "Feature", "properties": { "id": "51_190", "growth_scenario": "high", "market_gravity_weight": 100 }, "geometry": { "type": "Polygon", "coordinates": [ [ [ -78.825592867012574, 38.447693630319307 ], [ -78.825384962685945, 38.448571266800876 ], [ -78.8251770533806, 38.449448902921148 ], [ -78.824969139096396, 38.450326538680372 ], [ -78.823831245352793, 38.450166171564582 ], [ -78.823623312919565, 38.45104380504457 ], [ -78.822485410985522, 38.450883425501466 ], [ -78.822693356588545, 38.450005793939965 ], [ -78.821555472803936, 38.449845405806641 ], [ -78.821763426596632, 38.448967775802657 ], [ -78.821971375409575, 38.448090145437398 ], [ -78.823109232855842, 38.448250529733713 ], [ -78.823317163520471, 38.447372897088556 ], [ -78.824455012777108, 38.447533268958139 ], [ -78.824662925294007, 38.446655634033235 ], [ -78.825800766360672, 38.446815993476321 ], [ -78.825592867012574, 38.447693630319307 ] ] ] } },
{ "type": "Feature", "properties": { "id": "51_191", "growth_scenario": "high", "market_gravity_weight": 100 }, "geometry": { "type": "Polygon", "coordinates": [ [ [ -78.837812267570257, 38.435811322152546 ], [ -78.837604543226732, 38.436688979407528 ], [ -78.837396813909507, 38.437566636298968 ], [ -78.837189079618398, 38.438444292827036 ], [ -78.836051343586078, 38.438284038536558 ], [ -78.834913612528084, 38.438123773738297 ], [ -78.833775886444741, 38.437963498432531 ], [ -78.832638165336334, 38.437803212619222 ], [ -78.832845952293113, 38.436925563756446 ], [ -78.833983660235361, 38.437085847653307 ], [ -78.834191429051216, 38.436208196510442 ], [ -78.835329128802215, 38.436368467983542 ], [ -78.835536879477743, 38.435490814560701 ], [ -78.836674571037094, 38.435651073610323 ], [ -78.836882303572892, 38.434773417907543 ], [ -78.838019986940253, 38.434933664533858 ], [ -78.837812267570257, 38.435811322152546 ] ] ] } },
{ "type": "Feature", "properties": { "id": "51_192", "growth_scenario": "high", "market_gravity_weight": 100 }, "geometry": { "type": "Polygon", "coordinates": [ [ [ -78.826424434535639, 38.444183080776682 ], [ -78.826216550122027, 38.445060718705207 ], [ -78.826008660730437, 38.445938356271704 ], [ -78.825800766360672, 38.446815993476321 ], [ -78.824662925294007, 38.446655634033235 ], [ -78.824455012777108, 38.447533268958139 ], [ -78.823317163520471, 38.447372897088556 ], [ -78.823525089205987, 38.446495264081754 ], [ -78.822387258096882, 38.446334883622043 ], [ -78.822595191971601, 38.445457252171686 ], [ -78.822803120867277, 38.444579620359178 ], [ -78.823940925640386, 38.444739996982626 ], [ -78.824148836389625, 38.443862362889817 ], [ -78.825286632973587, 38.444022727087258 ], [ -78.825494525576985, 38.443145090714225 ], [ -78.826632313971416, 38.443305442485986 ], [ -78.826424434535639, 38.444183080776682 ] ] ] } },
{ "type": "Feature", "properties": { "id": "51_193", "growth_scenario": "high", "market_gravity_weight": 100 }, "geometry": { "type": "Polygon", "coordinates": [ [ [ -78.822179319242935, 38.447212514710557 ], [ -78.821971375409575, 38.448090145437398 ], [ -78.821763426596632, 38.448967775802657 ], [ -78.821555472803936, 38.449845405806641 ], [ -78.822693356588545, 38.450005793939965 ], [ -78.822485410985522, 38.450883425501466 ], [ -78.821347514031316, 38.450723035449556 ], [ -78.820209622057206, 38.45056263488889 ], [ -78.820417593999267, 38.449685007164668 ], [ -78.819279720174805, 38.449524598014158 ], [ -78.818141851330893, 38.449364178355083 ], [ -78.81834984463049, 38.448486554107312 ], [ -78.819487700305629, 38.448646971847495 ], [ -78.819695675456074, 38.447769345319436 ], [ -78.819903645626368, 38.446891718429661 ], [ -78.821041479944796, 38.447052121824221 ], [ -78.821249431967018, 38.446174492654102 ], [ -78.822387258096882, 38.446334883622043 ], [ -78.822179319242935, 38.447212514710557 ] ] ] } },
{ "type": "Feature", "properties": { "id": "51_194", "growth_scenario": "high", "market_gravity_weight": 100 }, "geometry": { "type": "Polygon", "coordinates": [ [ [ -78.832845952293113, 38.436925563756446 ], [ -78.832638165336334, 38.437803212619222 ], [ -78.833775886444741, 38.437963498432531 ], [ -78.834913612528084, 38.438123773738297 ], [ -78.834705846929154, 38.439001426070703 ], [ -78.833568107679184, 38.438841148848425 ], [ -78.832430373404335, 38.438680861118499 ], [ -78.832222576496918, 38.439558509254532 ], [ -78.831084834030904, 38.439398209100233 ], [ -78.829947096540764, 38.439237898438321 ], [ -78.830154919781123, 38.438360254136015 ], [ -78.829017200433356, 38.438199934883556 ], [ -78.829225031863643, 38.437322292134688 ], [ -78.830362738045494, 38.437482609470194 ], [ -78.830570551334034, 38.436604964440797 ], [ -78.831708249325899, 38.436765269352307 ], [ -78.831916044473303, 38.435887622042415 ], [ -78.833053734274827, 38.436047914530064 ], [ -78.832845952293113, 38.436925563756446 ] ] ] } },
{ "type": "Feature", "properties": { "id": "51_195", "growth_scenario": "high", "market_gravity_weight": 100 }, "geometry": { "type": "Polygon", "coordinates": [ [ [ -78.82932359696197, 38.441870829166731 ], [ -78.829115753815884, 38.442748472017321 ], [ -78.82797796863413, 38.442588143179037 ], [ -78.826840188429557, 38.442427803832807 ], [ -78.826632313971416, 38.443305442485986 ], [ -78.825494525576985, 38.443145090714225 ], [ -78.824356742160475, 38.442984728434624 ], [ -78.824564642953092, 38.442107093616862 ], [ -78.823426877681783, 38.441946722747247 ], [ -78.823634786663021, 38.441069089484493 ], [ -78.824772538767647, 38.441229458436283 ], [ -78.824980429604338, 38.440351822892723 ], [ -78.8261181735203, 38.440512179419351 ], [ -78.827255922413642, 38.440672525438394 ], [ -78.828393676284108, 38.440832860949818 ], [ -78.82818582494761, 38.441710502245776 ], [ -78.82932359696197, 38.441870829166731 ] ] ] } },
{ "type": "Feature", "properties": { "id": "51_196", "growth_scenario": "high", "market_gravity_weight": 100 }, "geometry": { "type": "Polygon", "coordinates": [ [ [ -78.341151351179533, 36.674173627670321 ], [ -78.34094269685157, 36.675050871675708 ], [ -78.340734037649568, 36.675928114902867 ], [ -78.339624083622553, 36.675763196161697 ], [ -78.339415407040548, 36.676640436762611 ], [ -78.33830544538236, 36.676475505912762 ], [ -78.338514134470017, 36.67559826715992 ], [ -78.337404190192231, 36.675433327897693 ], [ -78.337612886910392, 36.674556090214651 ], [ -78.336502960012652, 36.674391142540266 ], [ -78.336711664360749, 36.673513905926846 ], [ -78.337821578753704, 36.673678851753131 ], [ -78.338931498021338, 36.67384378731915 ], [ -78.340041422163367, 36.674008712624925 ], [ -78.340250084122488, 36.673131469688727 ], [ -78.341360000633642, 36.673296382886356 ], [ -78.342469922018481, 36.673461285823691 ], [ -78.342261285069569, 36.674338532455309 ], [ -78.341151351179533, 36.674173627670321 ] ] ] } },
{ "type": "Feature", "properties": { "id": "51_197", "growth_scenario": "high", "market_gravity_weight": 100 }, "geometry": { "type": "Polygon", "coordinates": [ [ [ -78.89956291681932, 38.468069292382957 ], [ -78.899355840664938, 38.468947053226479 ], [ -78.898217495327529, 38.468787373151358 ], [ -78.898010401027747, 38.46966513172962 ], [ -78.896872047467326, 38.469505439228371 ], [ -78.895733698868611, 38.46934573621278 ], [ -78.894595355231914, 38.469186022682912 ], [ -78.894802489083958, 38.468308269840492 ], [ -78.895009617973869, 38.467430516644256 ], [ -78.895216741901848, 38.466552763094022 ], [ -78.89635504598769, 38.466712470887899 ], [ -78.89749335503501, 38.466872168167903 ], [ -78.898631669043525, 38.467031854933865 ], [ -78.898424584666074, 38.467909614219515 ], [ -78.89956291681932, 38.468069292382957 ] ] ] } },
{ "type": "Feature", "properties": { "id": "51_198", "growth_scenario": "high", "market_gravity_weight": 100 }, "geometry": { "type": "Polygon", "coordinates": [ [ [ -78.829225031863643, 38.437322292134688 ], [ -78.829017200433356, 38.438199934883556 ], [ -78.830154919781123, 38.438360254136015 ], [ -78.829947096540764, 38.439237898438321 ], [ -78.831084834030904, 38.439398209100233 ], [ -78.830877018981056, 38.440275854956369 ], [ -78.829739268324232, 38.440115542377434 ], [ -78.828601522643766, 38.439955219290901 ], [ -78.827463781939926, 38.439794885696799 ], [ -78.827671636489285, 38.438917245591945 ], [ -78.826533913928529, 38.438756903407636 ], [ -78.826741776666978, 38.437879264856633 ], [ -78.826949634428573, 38.437001625941875 ], [ -78.828087330657908, 38.437161964291867 ], [ -78.828295170277528, 38.436284323096245 ], [ -78.829432858317816, 38.436444649022093 ], [ -78.830570551334034, 38.436604964440797 ], [ -78.830362738045494, 38.437482609470194 ], [ -78.829225031863643, 38.437322292134688 ] ] ] } },
{ "type": "Feature", "properties": { "id": "51_199", "growth_scenario": "high", "market_gravity_weight": 100 }, "geometry": { "type": "Polygon", "coordinates": [ [ [ -78.823426877681783, 38.441946722747247 ], [ -78.824564642953092, 38.442107093616862 ], [ -78.824356742160475, 38.442984728434624 ], [ -78.825494525576985, 38.443145090714225 ], [ -78.825286632973587, 38.444022727087258 ], [ -78.824148836389625, 38.443862362889817 ], [ -78.823940925640386, 38.444739996982626 ], [ -78.822803120867277, 38.444579620359178 ], [ -78.821665321073056, 38.444419233227755 ], [ -78.82187325815724, 38.443541602971138 ], [ -78.820735476509384, 38.443381207250084 ], [ -78.820943421781493, 38.442503578549029 ], [ -78.821151362074474, 38.441625949485186 ], [ -78.822289117388806, 38.441786341370033 ], [ -78.822497039536557, 38.440908710025099 ], [ -78.823634786663021, 38.441069089484493 ], [ -78.823426877681783, 38.441946722747247 ] ] ] } },
{ "type": "Feature", "properties": { "id": "51_2", "growth_scenario": "high", "market_gravity_weight": 100 }, "geometry": { "type": "Polygon", "coordinates": [ [ [ -77.479598772203275, 38.992189126873726 ], [ -77.479373096757541, 38.993064438002115 ], [ -77.479147415881727, 38.993939748840134 ], [ -77.478921729575646, 38.994815059387804 ], [ -77.478696037839114, 38.995690369645381 ], [ -77.477552696926566, 38.995517579375907 ], [ -77.476409361444993, 38.995344778580353 ], [ -77.476635079619967, 38.994469472528031 ], [ -77.476860792363894, 38.993594166185375 ], [ -77.475717488751101, 38.993421359069352 ], [ -77.475943209282519, 38.992546054538849 ], [ -77.477086499676972, 38.992718859552305 ], [ -77.477312201559386, 38.991843552628524 ], [ -77.478455484166233, 38.992016345013958 ], [ -77.478681167400239, 38.991141035697034 ], [ -77.47982444221914, 38.991313815454589 ], [ -77.479598772203275, 38.992189126873726 ] ] ] } },
{ "type": "Feature", "properties": { "id": "51_20", "growth_scenario": "high", "market_gravity_weight": 100 }, "geometry": { "type": "Polygon", "coordinates": [ [ [ -77.435552131551034, 39.015537778590222 ], [ -77.436695687281386, 39.015710956246544 ], [ -77.436469422560435, 39.016586192577407 ], [ -77.43624315239397, 39.017461428621445 ], [ -77.435099570219194, 39.017288246747647 ], [ -77.434873281384341, 39.018163480396147 ], [ -77.433729691433101, 39.017990285886121 ], [ -77.433955993490429, 39.017115054346625 ], [ -77.432812422207959, 39.016941851418501 ], [ -77.433038732040956, 39.016066621701242 ], [ -77.434182290101432, 39.016239822520319 ], [ -77.434408581266339, 39.015364590407003 ], [ -77.433265036427528, 39.01519139169686 ], [ -77.433491335367904, 39.014316161405134 ], [ -77.433717628862254, 39.013440930825958 ], [ -77.434861147258545, 39.013614125318519 ], [ -77.436004671100378, 39.013787309284417 ], [ -77.43577840404842, 39.014662544081006 ], [ -77.435552131551034, 39.015537778590222 ] ] ] } },
{ "type": "Feature", "properties": { "id": "51_200", "growth_scenario": "high", "market_gravity_weight": 100 }, "geometry": { "type": "Polygon", "coordinates": [ [ [ -78.338789348045978, 36.679272153898239 ], [ -78.338580651964392, 36.680149391388227 ], [ -78.338371951007488, 36.681026628100966 ], [ -78.337261926816964, 36.680861688009308 ], [ -78.3370532084773, 36.681738922096329 ], [ -78.335943176655405, 36.681573969894934 ], [ -78.336151907502199, 36.680696737656611 ], [ -78.335041893063448, 36.680531777042894 ], [ -78.335250631540859, 36.679654545875984 ], [ -78.33414063448491, 36.679489576850145 ], [ -78.334349380592428, 36.678612346754456 ], [ -78.335459365142157, 36.67877731393159 ], [ -78.335668093867483, 36.677900081209508 ], [ -78.336778070787048, 36.678065036277317 ], [ -78.337888052582102, 36.678229981084399 ], [ -78.337679348869202, 36.679107217503528 ], [ -78.338789348045978, 36.679272153898239 ] ] ] } },
{ "type": "Feature", "properties": { "id": "51_201", "growth_scenario": "high", "market_gravity_weight": 100 }, "geometry": { "type": "Polygon", "coordinates": [ [ [ -78.835536879477743, 38.435490814560701 ], [ -78.835329128802215, 38.436368467983542 ], [ -78.834191429051216, 38.436208196510442 ], [ -78.833983660235361, 38.437085847653307 ], [ -78.832845952293113, 38.436925563756446 ], [ -78.833053734274827, 38.436047914530064 ], [ -78.831916044473303, 38.435887622042415 ], [ -78.830778359646956, 38.435727319047565 ], [ -78.830986162984402, 38.434849673290309 ], [ -78.831193961346557, 38.433972027168792 ], [ -78.83233161984279, 38.434132326330662 ], [ -78.833469283313818, 38.434292614985509 ], [ -78.834606951759383, 38.434452893133276 ], [ -78.83574462517916, 38.434613160773985 ], [ -78.836882303572892, 38.434773417907543 ], [ -78.836674571037094, 38.435651073610323 ], [ -78.835536879477743, 38.435490814560701 ] ] ] } },
{ "type": "Feature", "properties": { "id": "51_202", "growth_scenario": "high", "market_gravity_weight": 100 }, "geometry": { "type": "Polygon", "coordinates": [ [ [ -78.821665321073056, 38.444419233227755 ], [ -78.822803120867277, 38.444579620359178 ], [ -78.822595191971601, 38.445457252171686 ], [ -78.822387258096882, 38.446334883622043 ], [ -78.821249431967018, 38.446174492654102 ], [ -78.821041479944796, 38.447052121824221 ], [ -78.819903645626368, 38.446891718429661 ], [ -78.819695675456074, 38.447769345319436 ], [ -78.818557832949438, 38.447608929498017 ], [ -78.818765816287936, 38.446731304526942 ], [ -78.818973794646141, 38.445853679193888 ], [ -78.819181768024237, 38.444976053498785 ], [ -78.819389736422394, 38.444098427441247 ], [ -78.82052752625799, 38.444258835588442 ], [ -78.820735476509384, 38.443381207250084 ], [ -78.82187325815724, 38.443541602971138 ], [ -78.821665321073056, 38.444419233227755 ] ] ] } },
{ "type": "Feature", "properties": { "id": "51_203", "growth_scenario": "high", "market_gravity_weight": 100 }, "geometry": { "type": "Polygon", "coordinates": [ [ [ -78.899771100808024, 38.457216813641594 ], [ -78.900909269815486, 38.4573764793846 ], [ -78.900702239998154, 38.45825424257503 ], [ -78.901840427145189, 38.458413899715843 ], [ -78.901633405549617, 38.45929166446102 ], [ -78.900495205221674, 38.45913200540955 ], [ -78.900288165485904, 38.460009767888224 ], [ -78.899149956936213, 38.459850096412687 ], [ -78.898942899059634, 38.460727856624828 ], [ -78.897804682288594, 38.46056817272504 ], [ -78.898011753346324, 38.459690414424031 ], [ -78.898218819443983, 38.458812655767275 ], [ -78.897080633994833, 38.45865296517669 ], [ -78.897287708312973, 38.457775208075105 ], [ -78.898425880581755, 38.457934896754601 ], [ -78.898632936759796, 38.457057137385796 ], [ -78.898839987978306, 38.456179377660717 ], [ -78.899978138846549, 38.456339052005724 ], [ -78.899771100808024, 38.457216813641594 ] ] ] } },
{ "type": "Feature", "properties": { "id": "51_204", "growth_scenario": "high", "market_gravity_weight": 100 }, "geometry": { "type": "Polygon", "coordinates": [ [ [ -78.901426378995055, 38.460169428850591 ], [ -78.902564597463396, 38.460329079299662 ], [ -78.902357579131319, 38.461206845244476 ], [ -78.902150555840166, 38.462084610834104 ], [ -78.901012311008188, 38.461924956563372 ], [ -78.900805269575514, 38.46280271988703 ], [ -78.899667016520965, 38.462643053191741 ], [ -78.898528768426431, 38.462483375982877 ], [ -78.898735836223111, 38.461605616481471 ], [ -78.897597606270608, 38.46144593067045 ], [ -78.897804682288594, 38.46056817272504 ], [ -78.898942899059634, 38.460727856624828 ], [ -78.899149956936213, 38.459850096412687 ], [ -78.900288165485904, 38.460009767888224 ], [ -78.900495205221674, 38.45913200540955 ], [ -78.901633405549617, 38.45929166446102 ], [ -78.901426378995055, 38.460169428850591 ] ] ] } },
{ "type": "Feature", "properties": { "id": "51_205", "growth_scenario": "high", "market_gravity_weight": 100 }, "geometry": { "type": "Polygon", "coordinates": [ [ [ -78.831193961346557, 38.433972027168792 ], [ -78.830986162984402, 38.434849673290309 ], [ -78.830778359646956, 38.435727319047565 ], [ -78.831916044473303, 38.435887622042415 ], [ -78.831708249325899, 38.436765269352307 ], [ -78.830570551334034, 38.436604964440797 ], [ -78.829432858317816, 38.436444649022093 ], [ -78.828295170277528, 38.436284323096245 ], [ -78.827157487213455, 38.436123986663283 ], [ -78.827365335021824, 38.435246347020673 ], [ -78.827573177853864, 38.434368707013718 ], [ -78.828710834588264, 38.434529039612798 ], [ -78.828918659279736, 38.433651397324624 ], [ -78.830056307825458, 38.43381171750012 ], [ -78.830264114376959, 38.432934072930749 ], [ -78.831401754733633, 38.433094380682945 ], [ -78.831193961346557, 38.433972027168792 ] ] ] } },
{ "type": "Feature", "properties": { "id": "51_21", "growth_scenario": "high", "market_gravity_weight": 100 }, "geometry": { "type": "Polygon", "coordinates": [ [ [ -77.526521064439251, 39.068379890130821 ], [ -77.526295717543107, 39.069255297686034 ], [ -77.526070365218573, 39.0701307049709 ], [ -77.524925740796775, 39.069958348893337 ], [ -77.524700369791546, 39.070833753804749 ], [ -77.523555737546715, 39.070661385085415 ], [ -77.522411110731213, 39.070489005827632 ], [ -77.522636508240097, 39.069613605123024 ], [ -77.522861900319512, 39.068738204148033 ], [ -77.52308728696967, 39.067862802902276 ], [ -77.523312668190755, 39.066987401385795 ], [ -77.524457242001077, 39.067159772230198 ], [ -77.525601821240002, 39.06733213253667 ], [ -77.525376466520811, 39.068207538259443 ], [ -77.526521064439251, 39.068379890130821 ] ] ] } },
{ "type": "Feature", "properties": { "id": "51_22", "growth_scenario": "high", "market_gravity_weight": 100 }, "geometry": { "type": "Polygon", "coordinates": [ [ [ -77.512803268371655, 39.070860359323746 ], [ -77.511658663932735, 39.070687881014251 ], [ -77.511433130869534, 39.07156326196997 ], [ -77.510288518612612, 39.071390771017676 ], [ -77.509143911788854, 39.071218269527442 ], [ -77.509369471353196, 39.070342892781547 ], [ -77.508224883213188, 39.070170382858542 ], [ -77.508450450594268, 39.069295007946771 ], [ -77.508676012541969, 39.06841963276382 ], [ -77.509820574182285, 39.068592138477001 ], [ -77.510965141255483, 39.06876463365257 ], [ -77.512109713761262, 39.06893711829057 ], [ -77.51325429169934, 39.069109592390845 ], [ -77.51302878275159, 39.069984975992661 ], [ -77.512803268371655, 39.070860359323746 ] ] ] } },
{ "type": "Feature", "properties": { "id": "51_23", "growth_scenario": "high", "market_gravity_weight": 100 }, "geometry": { "type": "Polygon", "coordinates": [ [ [ -77.51623711428158, 39.0713777310241 ], [ -77.515092493546391, 39.071205284328791 ], [ -77.514867000236379, 39.0720806715984 ], [ -77.513722371681709, 39.071908212260432 ], [ -77.513496859688161, 39.072783597155215 ], [ -77.512352223314437, 39.072611125174276 ], [ -77.511207592373481, 39.072438642655221 ], [ -77.51006296686559, 39.072266149597972 ], [ -77.510288518612612, 39.071390771017676 ], [ -77.511433130869534, 39.07156326196997 ], [ -77.511658663932735, 39.070687881014251 ], [ -77.512803268371655, 39.070860359323746 ], [ -77.51302878275159, 39.069984975992661 ], [ -77.514173379372139, 39.070157441659688 ], [ -77.515317981424587, 39.070329896788742 ], [ -77.516462588908638, 39.070502341379765 ], [ -77.517607201823992, 39.070674775432678 ], [ -77.517381740448286, 39.071550167181272 ], [ -77.51623711428158, 39.0713777310241 ] ] ] } },
{ "type": "Feature", "properties": { "id": "51_24", "growth_scenario": "high", "market_gravity_weight": 100 }, "geometry": { "type": "Polygon", "coordinates": [ [ [ -77.518751820170365, 39.070847198947455 ], [ -77.51852637204621, 39.071722592800107 ], [ -77.518300918491136, 39.072597986382661 ], [ -77.519445568771999, 39.072770403567269 ], [ -77.519220123038139, 39.073645798984025 ], [ -77.518075459504942, 39.073473379695209 ], [ -77.517849995087445, 39.074348772738063 ], [ -77.51670532373312, 39.07417634080641 ], [ -77.51556065781061, 39.074003898336109 ], [ -77.515786148732772, 39.073128509502062 ], [ -77.514641501494367, 39.072956058597811 ], [ -77.514867000236379, 39.0720806715984 ], [ -77.51601163422302, 39.072253120398152 ], [ -77.51623711428158, 39.0713777310241 ], [ -77.517381740448286, 39.071550167181272 ], [ -77.517607201823992, 39.070674775432678 ], [ -77.517832657768679, 39.069799383413724 ], [ -77.518977262863814, 39.069971804824497 ], [ -77.518751820170365, 39.070847198947455 ] ] ] } },
{ "type": "Feature", "properties": { "id": "51_25", "growth_scenario": "high", "market_gravity_weight": 100 }, "geometry": { "type": "Polygon", "coordinates": [ [ [ -77.528134299099293, 39.071350796731451 ], [ -77.527908962422828, 39.072226207682519 ], [ -77.526764300638874, 39.072053868475763 ], [ -77.525619644283594, 39.071881518730279 ], [ -77.524474993357273, 39.071709158446119 ], [ -77.52333034786021, 39.071536787623295 ], [ -77.522185707792673, 39.071364406261964 ], [ -77.522411110731213, 39.070489005827632 ], [ -77.523555737546715, 39.070661385085415 ], [ -77.524700369791546, 39.070833753804749 ], [ -77.524925740796775, 39.069958348893337 ], [ -77.526070365218573, 39.0701307049709 ], [ -77.526295717543107, 39.069255297686034 ], [ -77.52744033414146, 39.069427641122118 ], [ -77.528584956167904, 39.069599974019738 ], [ -77.528359630347609, 39.070475385510576 ], [ -77.528134299099293, 39.071350796731451 ] ] ] } },
{ "type": "Feature", "properties": { "id": "51_26", "growth_scenario": "high", "market_gravity_weight": 100 }, "geometry": { "type": "Polygon", "coordinates": [ [ [ -77.508918346791049, 39.072093646002713 ], [ -77.51006296686559, 39.072266149597972 ], [ -77.50983740968519, 39.073141527907936 ], [ -77.509611847071255, 39.074016905947644 ], [ -77.508467200494309, 39.073844398142001 ], [ -77.508241619194962, 39.074719773806414 ], [ -77.508016032461384, 39.075595149201021 ], [ -77.507790440293377, 39.076470524325927 ], [ -77.506645759395198, 39.076297999665471 ], [ -77.506871364815254, 39.075422626646201 ], [ -77.505726702603852, 39.075250093553031 ], [ -77.50595231584073, 39.074374722369598 ], [ -77.506177923642809, 39.073499350916116 ], [ -77.507322559351394, 39.073671879798134 ], [ -77.507548148467848, 39.072796505968981 ], [ -77.507773732150184, 39.071921131869452 ], [ -77.50799931039856, 39.07104575749937 ], [ -77.509143911788854, 39.071218269527442 ], [ -77.508918346791049, 39.072093646002713 ] ] ] } },
{ "type": "Feature", "properties": { "id": "51_27", "growth_scenario": "high", "market_gravity_weight": 100 }, "geometry": { "type": "Polygon", "coordinates": [ [ [ -77.518994671873244, 39.074521194131101 ], [ -77.518769215277175, 39.075396589008818 ], [ -77.517624525238446, 39.075224165511429 ], [ -77.516479840631419, 39.075051731475256 ], [ -77.516254352097718, 39.075927121874656 ], [ -77.515109659669861, 39.075754675195135 ], [ -77.513964972674486, 39.075582217976788 ], [ -77.51419048771362, 39.074706831786841 ], [ -77.514415997320185, 39.073831445327201 ], [ -77.513271342262129, 39.073658981779893 ], [ -77.513496859688161, 39.072783597155215 ], [ -77.514641501494367, 39.072956058597811 ], [ -77.515786148732772, 39.073128509502062 ], [ -77.51556065781061, 39.074003898336109 ], [ -77.51670532373312, 39.07417634080641 ], [ -77.517849995087445, 39.074348772738063 ], [ -77.518075459504942, 39.073473379695209 ], [ -77.519220123038139, 39.073645798984025 ], [ -77.52036479200234, 39.073818207734107 ], [ -77.520139354090261, 39.074693604985377 ], [ -77.518994671873244, 39.074521194131101 ] ] ] } },
{ "type": "Feature", "properties": { "id": "51_28", "growth_scenario": "high", "market_gravity_weight": 100 }, "geometry": { "type": "Polygon", "coordinates": [ [ [ -77.510305384056636, 39.075940162695353 ], [ -77.511450068005161, 39.076112653634716 ], [ -77.512594757387248, 39.076285134035416 ], [ -77.512369218229367, 39.077160517581682 ], [ -77.511224515594463, 39.076988035075793 ], [ -77.510998957750019, 39.077863416247709 ], [ -77.510773394471627, 39.078738797150613 ], [ -77.509628670764343, 39.078566299895066 ], [ -77.508483952491474, 39.07839379210067 ], [ -77.508709542276065, 39.077518415408882 ], [ -77.507564842690755, 39.077345899181338 ], [ -77.507790440293377, 39.076470524325927 ], [ -77.508016032461384, 39.075595149201021 ], [ -77.50916070554193, 39.075767661217441 ], [ -77.509386279023573, 39.07489228371746 ], [ -77.510530944286117, 39.075064783090042 ], [ -77.510305384056636, 39.075940162695353 ] ] ] } },
{ "type": "Feature", "properties": { "id": "51_29", "growth_scenario": "high", "market_gravity_weight": 100 }, "geometry": { "type": "Polygon", "coordinates": [ [ [ -77.506194532250149, 39.078048744895497 ], [ -77.506420148540229, 39.077173372415118 ], [ -77.507564842690755, 39.077345899181338 ], [ -77.508709542276065, 39.077518415408882 ], [ -77.508483952491474, 39.07839379210067 ], [ -77.509628670764343, 39.078566299895066 ], [ -77.510773394471627, 39.078738797150613 ], [ -77.511918123613057, 39.078911283867136 ], [ -77.511692568154245, 39.079786666606644 ], [ -77.510547825759133, 39.07961417778467 ], [ -77.510322251612294, 39.080489558150141 ], [ -77.509177501397687, 39.080317056683413 ], [ -77.508032756617879, 39.080144544677552 ], [ -77.507807150528535, 39.081019920562994 ], [ -77.506662397930143, 39.080847395912173 ], [ -77.506888017273198, 39.079972022132694 ], [ -77.507113631180857, 39.079096648084494 ], [ -77.507339239653305, 39.078221273767426 ], [ -77.506194532250149, 39.078048744895497 ] ] ] } },
{ "type": "Feature", "properties": { "id": "51_3", "growth_scenario": "high", "market_gravity_weight": 100 }, "geometry": { "type": "Polygon", "coordinates": [ [ [ -77.49515438856578, 38.996357648485045 ], [ -77.49492888734629, 38.997232988455835 ], [ -77.493785483653198, 38.99706034766033 ], [ -77.493559963785316, 38.997935685241188 ], [ -77.492416552297058, 38.99776303181752 ], [ -77.49127314623594, 38.997590367866842 ], [ -77.491498692547296, 38.996715034488332 ], [ -77.490355305135054, 38.996542362112002 ], [ -77.490580859240296, 38.995667030545661 ], [ -77.491724233431384, 38.995839700820738 ], [ -77.491949768888418, 38.994964366863883 ], [ -77.493093135285505, 38.995137024511102 ], [ -77.494236507109164, 38.99530967163161 ], [ -77.495379884359096, 38.995482308225341 ], [ -77.496523267035016, 38.995654934292261 ], [ -77.496297784463337, 38.996530276652656 ], [ -77.49515438856578, 38.996357648485045 ] ] ] } },
{ "type": "Feature", "properties": { "id": "51_30", "growth_scenario": "high", "market_gravity_weight": 100 }, "geometry": { "type": "Polygon", "coordinates": [ [ [ -77.522220930373294, 39.080463190049613 ], [ -77.521995494206521, 39.081338591733299 ], [ -77.520850702915695, 39.081166197766478 ], [ -77.520625248061805, 39.082041597077875 ], [ -77.519480448947107, 39.081869190466641 ], [ -77.519705917056555, 39.08099379325985 ], [ -77.518561136629373, 39.080821378213599 ], [ -77.518786612561897, 39.079945982843611 ], [ -77.51764185082186, 39.079773559362465 ], [ -77.517867334576891, 39.078898165829081 ], [ -77.51901208306235, 39.079070587205457 ], [ -77.520156836979695, 39.079242998042453 ], [ -77.520382288793797, 39.07836760003147 ], [ -77.521527034888067, 39.078539998224635 ], [ -77.52267178641344, 39.07871238587839 ], [ -77.522446361108862, 39.079587788098081 ], [ -77.522220930373294, 39.080463190049613 ] ] ] } },
{ "type": "Feature", "properties": { "id": "51_31", "growth_scenario": "high", "market_gravity_weight": 100 }, "geometry": { "type": "Polygon", "coordinates": [ [ [ -77.511467007261416, 39.080662049077681 ], [ -77.511241440934356, 39.081537431280395 ], [ -77.51009667203094, 39.081364938247205 ], [ -77.509871087014872, 39.08224031807606 ], [ -77.509645496563905, 39.083115697636934 ], [ -77.509419900677855, 39.083991076929912 ], [ -77.508275097445093, 39.083818567039636 ], [ -77.508500706586133, 39.082943189852685 ], [ -77.507355922043757, 39.082770671528927 ], [ -77.50758153900388, 39.081895296180079 ], [ -77.506436773151492, 39.081722769423131 ], [ -77.506662397930143, 39.080847395912173 ], [ -77.507807150528535, 39.081019920562994 ], [ -77.508032756617879, 39.080144544677552 ], [ -77.509177501397687, 39.080317056683413 ], [ -77.510322251612294, 39.080489558150141 ], [ -77.510547825759133, 39.07961417778467 ], [ -77.511692568154245, 39.079786666606644 ], [ -77.511467007261416, 39.080662049077681 ] ] ] } },
{ "type": "Feature", "properties": { "id": "51_32", "growth_scenario": "high", "market_gravity_weight": 100 }, "geometry": { "type": "Polygon", "coordinates": [ [ [ -77.52978383650219, 39.083420470526598 ], [ -77.53092868449319, 39.083592782276362 ], [ -77.530703343518695, 39.08446820025808 ], [ -77.529558482270104, 39.08429588640454 ], [ -77.529333122608307, 39.085171302015794 ], [ -77.528188253531752, 39.084998975517692 ], [ -77.527043389885421, 39.084826638478994 ], [ -77.526817998277949, 39.08570204961562 ], [ -77.52567312680452, 39.085529699932074 ], [ -77.525898531669583, 39.084654290899813 ], [ -77.526123931103854, 39.083778881600715 ], [ -77.526349325107518, 39.082903472034779 ], [ -77.526574713680773, 39.082028062201694 ], [ -77.527719532125616, 39.08220040346859 ], [ -77.528864356000355, 39.082372734195317 ], [ -77.528638993940717, 39.083248148236372 ], [ -77.52978383650219, 39.083420470526598 ] ] ] } },
{ "type": "Feature", "properties": { "id": "51_33", "growth_scenario": "high", "market_gravity_weight": 100 }, "geometry": { "type": "Polygon", "coordinates": [ [ [ -77.532298860201209, 39.082889663133642 ], [ -77.533443705792692, 39.083061951698802 ], [ -77.533218396762592, 39.083937374154303 ], [ -77.532993082303832, 39.08481279634313 ], [ -77.532767762416256, 39.085688218265688 ], [ -77.531622877050836, 39.085515923389835 ], [ -77.531397538475673, 39.086391342942434 ], [ -77.530252645281223, 39.086219035421962 ], [ -77.530477997114772, 39.085343617973201 ], [ -77.529333122608307, 39.085171302015794 ], [ -77.529558482270104, 39.08429588640454 ], [ -77.530703343518695, 39.08446820025808 ], [ -77.53092868449319, 39.083592782276362 ], [ -77.52978383650219, 39.083420470526598 ], [ -77.530009185304735, 39.082545054381832 ], [ -77.531154020038457, 39.082717364027928 ], [ -77.53137935015468, 39.081841945512544 ], [ -77.532524177060239, 39.082014242514745 ], [ -77.532298860201209, 39.082889663133642 ] ] ] } },
{ "type": "Feature", "properties": { "id": "51_34", "growth_scenario": "high", "market_gravity_weight": 100 }, "geometry": { "type": "Polygon", "coordinates": [ [ [ -77.531397538475673, 39.086391342942434 ], [ -77.531172194470969, 39.087266762228957 ], [ -77.530946845036567, 39.08814218124958 ], [ -77.529801925324506, 39.087969869521139 ], [ -77.528657011042654, 39.087797547251625 ], [ -77.528431629660048, 39.088672961798267 ], [ -77.52728670754982, 39.088500626883402 ], [ -77.527512102191295, 39.08762521444114 ], [ -77.527737491401979, 39.086749801732878 ], [ -77.527962875182084, 39.085874388758484 ], [ -77.526817998277949, 39.08570204961562 ], [ -77.527043389885421, 39.084826638478994 ], [ -77.528188253531752, 39.084998975517692 ], [ -77.529333122608307, 39.085171302015794 ], [ -77.530477997114772, 39.085343617973201 ], [ -77.530252645281223, 39.086219035421962 ], [ -77.531397538475673, 39.086391342942434 ] ] ] } },
{ "type": "Feature", "properties": { "id": "51_35", "growth_scenario": "high", "market_gravity_weight": 100 }, "geometry": { "type": "Polygon", "coordinates": [ [ [ -77.533912653210692, 39.085860502600582 ], [ -77.535057549433873, 39.086032776394468 ], [ -77.534832250634949, 39.086908202257916 ], [ -77.534606946407379, 39.087783627855558 ], [ -77.534381636750993, 39.088659053187591 ], [ -77.533236700750095, 39.088486773082863 ], [ -77.533011372404843, 39.089362196045727 ], [ -77.53186642857365, 39.089189903295789 ], [ -77.532091770178525, 39.088314482436843 ], [ -77.532317106353787, 39.087439061312324 ], [ -77.531172194470969, 39.087266762228957 ], [ -77.531397538475673, 39.086391342942434 ], [ -77.531622877050836, 39.085515923389835 ], [ -77.532767762416256, 39.085688218265688 ], [ -77.532993082303832, 39.08481279634313 ], [ -77.534137959839825, 39.084985078574526 ], [ -77.533912653210692, 39.085860502600582 ] ] ] } },
{ "type": "Feature", "properties": { "id": "51_36", "growth_scenario": "high", "market_gravity_weight": 100 }, "geometry": { "type": "Polygon", "coordinates": [ [ [ -77.536446236474376, 39.089879011046577 ], [ -77.537591202021872, 39.090051261630336 ], [ -77.537365921288753, 39.090926692742713 ], [ -77.538510905525499, 39.091098934888187 ], [ -77.538285632625033, 39.091974367839327 ], [ -77.53806035429615, 39.092849800526025 ], [ -77.536915343536734, 39.092677554173392 ], [ -77.53669004651745, 39.093552984492106 ], [ -77.53554502792538, 39.093380725493617 ], [ -77.535770338206262, 39.092505297278734 ], [ -77.534625338304977, 39.092333029842123 ], [ -77.534850656417746, 39.091457603466608 ], [ -77.533705675206875, 39.091285327591997 ], [ -77.533931001150933, 39.09040990305563 ], [ -77.535075969101186, 39.090582176826366 ], [ -77.535301276355511, 39.089706749921199 ], [ -77.535526578180921, 39.088831322750913 ], [ -77.536671525039566, 39.089003581772729 ], [ -77.536446236474376, 39.089879011046577 ] ], [ [ -77.536220942480568, 39.090754440055413 ], [ -77.535995643057916, 39.09162986879933 ], [ -77.537140635127116, 39.091802123590291 ], [ -77.537365921288753, 39.090926692742713 ], [ -77.536220942480568, 39.090754440055413 ] ] ] } },
{ "type": "Feature", "properties": { "id": "51_37", "growth_scenario": "high", "market_gravity_weight": 100 }, "geometry": { "type": "Polygon", "coordinates": [ [ [ -77.537872263948628, 39.102824050049136 ], [ -77.539017436895136, 39.102996287917222 ], [ -77.53879213320613, 39.10387172375944 ], [ -77.537646946994045, 39.10369948378699 ], [ -77.536501766212325, 39.103527233270874 ], [ -77.536276430561685, 39.104402664642436 ], [ -77.535131241945123, 39.104230401478148 ], [ -77.535356590861255, 39.103354972211278 ], [ -77.534211420941148, 39.103182700608251 ], [ -77.534436777691326, 39.102307273184174 ], [ -77.534662129010471, 39.101431845497949 ], [ -77.535807272400874, 39.101604112891714 ], [ -77.536032605024729, 39.100728682838607 ], [ -77.537177740581072, 39.100900937584704 ], [ -77.538322881567481, 39.101073181787619 ], [ -77.538097575473046, 39.10194861604942 ], [ -77.537872263948628, 39.102824050049136 ] ] ] } },
{ "type": "Feature", "properties": { "id": "51_38", "growth_scenario": "high", "market_gravity_weight": 100 }, "geometry": { "type": "Polygon", "coordinates": [ [ [ -77.525293530857354, 39.105478152304073 ], [ -77.525068054089061, 39.106353563680983 ], [ -77.524842571886509, 39.107228974796236 ], [ -77.524617084249499, 39.108104385650108 ], [ -77.524391591177817, 39.108979796242743 ], [ -77.523246358597646, 39.108807423446684 ], [ -77.522101131452615, 39.108635040106925 ], [ -77.522326651055707, 39.107759633727063 ], [ -77.521181442611535, 39.107587241950256 ], [ -77.521406970044524, 39.106711837415396 ], [ -77.522552165223559, 39.106884227085764 ], [ -77.522777673956355, 39.106008820182879 ], [ -77.523003177254296, 39.105133413018201 ], [ -77.524148351338638, 39.1053057879327 ], [ -77.524373835937482, 39.104430378399933 ], [ -77.525519002191544, 39.104602740665335 ], [ -77.525293530857354, 39.105478152304073 ] ] ] } },
{ "type": "Feature", "properties": { "id": "51_39", "growth_scenario": "high", "market_gravity_weight": 100 }, "geometry": { "type": "Polygon", "coordinates": [ [ [ -77.519810693469154, 39.108290241796695 ], [ -77.519585141899384, 39.109165643702013 ], [ -77.518439917796229, 39.108993226624797 ], [ -77.518214347524605, 39.109868626161926 ], [ -77.517069115592534, 39.109696196434228 ], [ -77.516843526618487, 39.110571593603112 ], [ -77.515698286857884, 39.110399151224584 ], [ -77.515923889097465, 39.109523756162993 ], [ -77.516149485899746, 39.108648360840093 ], [ -77.516375077264939, 39.107772965255727 ], [ -77.516600663193216, 39.106897569409725 ], [ -77.517745849893444, 39.107070003359695 ], [ -77.51889104203012, 39.10724242676649 ], [ -77.520036239602916, 39.10741483963001 ], [ -77.521181442611535, 39.107587241950256 ], [ -77.520955909743023, 39.108462646223593 ], [ -77.519810693469154, 39.108290241796695 ] ] ] } },
{ "type": "Feature", "properties": { "id": "51_4", "growth_scenario": "high", "market_gravity_weight": 100 }, "geometry": { "type": "Polygon", "coordinates": [ [ [ -77.496072296465755, 38.997405618724265 ], [ -77.495846803042127, 38.998280960507074 ], [ -77.494703380700429, 38.998108328137725 ], [ -77.49447786862801, 38.998983667531043 ], [ -77.49425235112885, 38.999859006635916 ], [ -77.494026828202706, 39.000734345452607 ], [ -77.492883371619783, 39.000561696252483 ], [ -77.4931089077688, 38.99968635953708 ], [ -77.491965469836018, 38.999513701910857 ], [ -77.490822037330759, 38.999341033757425 ], [ -77.491047594497161, 38.998465700956494 ], [ -77.49127314623594, 38.997590367866842 ], [ -77.492416552297058, 38.99776303181752 ], [ -77.493559963785316, 38.997935685241188 ], [ -77.493785483653198, 38.99706034766033 ], [ -77.49492888734629, 38.997232988455835 ], [ -77.49515438856578, 38.996357648485045 ], [ -77.496297784463337, 38.996530276652656 ], [ -77.496072296465755, 38.997405618724265 ] ] ] } },
{ "type": "Feature", "properties": { "id": "51_40", "growth_scenario": "high", "market_gravity_weight": 100 }, "geometry": { "type": "Polygon", "coordinates": [ [ [ -77.522101131452615, 39.108635040106925 ], [ -77.523246358597646, 39.108807423446684 ], [ -77.524391591177817, 39.108979796242743 ], [ -77.524166092671294, 39.109855206574395 ], [ -77.523940588729729, 39.110730616645213 ], [ -77.52279532961704, 39.110558239636191 ], [ -77.521650075939888, 39.110385852083247 ], [ -77.521424540029884, 39.111261257680134 ], [ -77.520279278522281, 39.111088857476588 ], [ -77.520504827698574, 39.110213453986546 ], [ -77.51935958489338, 39.110041045346101 ], [ -77.519585141899384, 39.109165643702013 ], [ -77.519810693469154, 39.108290241796695 ], [ -77.520955909743023, 39.108462646223593 ], [ -77.521181442611535, 39.107587241950256 ], [ -77.522326651055707, 39.107759633727063 ], [ -77.522101131452615, 39.108635040106925 ] ] ] } },
{ "type": "Feature", "properties": { "id": "51_41", "growth_scenario": "high", "market_gravity_weight": 100 }, "geometry": { "type": "Polygon", "coordinates": [ [ [ -77.243054077183785, 38.9471003337067 ], [ -77.244196097702428, 38.947275282051024 ], [ -77.245338123709615, 38.947450219886221 ], [ -77.245109771078376, 38.948325096609821 ], [ -77.244881412958705, 38.949199973021969 ], [ -77.243739360600657, 38.949025030938607 ], [ -77.242597313731508, 38.948850078345941 ], [ -77.242368923771664, 38.949724950198323 ], [ -77.24122686921622, 38.949549984971974 ], [ -77.241455272351573, 38.948675115244001 ], [ -77.240313236461105, 38.948500141632898 ], [ -77.240541647281944, 38.947625273717847 ], [ -77.2407700526132, 38.946750405490988 ], [ -77.241912062153943, 38.946925374853329 ], [ -77.242140448821374, 38.946050504190168 ], [ -77.243282450676617, 38.946225460919372 ], [ -77.243054077183785, 38.9471003337067 ] ] ] } },
{ "type": "Feature", "properties": { "id": "51_42", "growth_scenario": "high", "market_gravity_weight": 100 }, "geometry": { "type": "Polygon", "coordinates": [ [ [ -77.222520429744961, 38.857512980735507 ], [ -77.222292085006885, 38.858387805362163 ], [ -77.223432665759702, 38.858562942855386 ], [ -77.223204328681078, 38.859437769267998 ], [ -77.222975986121355, 38.860312595347267 ], [ -77.222747638080321, 38.861187421093447 ], [ -77.222519284557791, 38.86206224650671 ], [ -77.22229092555358, 38.862937071587204 ], [ -77.221150279094587, 38.862761923495569 ], [ -77.221378651240613, 38.861887100534908 ], [ -77.22160701790466, 38.86101227724145 ], [ -77.220466403210807, 38.860837122893152 ], [ -77.220694777534106, 38.85996230138646 ], [ -77.220923146375526, 38.85908747954646 ], [ -77.221151509735265, 38.858212657372967 ], [ -77.221379867613507, 38.857337834865781 ], [ -77.221608220010452, 38.85646301202469 ], [ -77.222748769002024, 38.856638155775023 ], [ -77.222520429744961, 38.857512980735507 ] ] ] } },
{ "type": "Feature", "properties": { "id": "51_43", "growth_scenario": "high", "market_gravity_weight": 100 }, "geometry": { "type": "Polygon", "coordinates": [ [ [ -78.375422054215136, 36.684709298152512 ], [ -78.375213770950594, 36.685586596584685 ], [ -78.37500548281966, 36.68646389424223 ], [ -78.374797189822175, 36.687341191125299 ], [ -78.373686992370907, 36.687176587839687 ], [ -78.373895297881234, 36.686299292801941 ], [ -78.372785117809627, 36.686134681098459 ], [ -78.371674942605082, 36.68597005913184 ], [ -78.371883268273251, 36.685092767010246 ], [ -78.370773110448141, 36.684928136626084 ], [ -78.370981443760911, 36.684050845574987 ], [ -78.372091589074202, 36.684215474113721 ], [ -78.372299905008148, 36.683338180442092 ], [ -78.373410042676781, 36.683502796872688 ], [ -78.374520185211978, 36.683667403040495 ], [ -78.374311894301599, 36.684544700402547 ], [ -78.375422054215136, 36.684709298152512 ] ] ] } },
{ "type": "Feature", "properties": { "id": "51_44", "growth_scenario": "high", "market_gravity_weight": 100 }, "geometry": { "type": "Polygon", "coordinates": [ [ [ -77.28243195174035, 38.709307387034258 ], [ -77.282204787985918, 38.710182310149811 ], [ -77.281977618789, 38.711057232899762 ], [ -77.280839201366348, 38.710882636724925 ], [ -77.281066383657318, 38.710007716076824 ], [ -77.279927984771476, 38.709833111525185 ], [ -77.278789591328689, 38.709658496495045 ], [ -77.277651203329242, 38.709483870986432 ], [ -77.277878419457608, 38.708608956278532 ], [ -77.279016794363869, 38.70878357968504 ], [ -77.27924399195588, 38.707908662508984 ], [ -77.280382359212183, 38.708083273335312 ], [ -77.280609538268465, 38.707208353691215 ], [ -77.281747897874411, 38.707382951937596 ], [ -77.28288626292256, 38.707557539705597 ], [ -77.282659110052506, 38.708432463552931 ], [ -77.28243195174035, 38.709307387034258 ] ] ] } },
{ "type": "Feature", "properties": { "id": "51_45", "growth_scenario": "high", "market_gravity_weight": 100 }, "geometry": { "type": "Polygon", "coordinates": [ [ [ -77.279925552075042, 38.70528390878259 ], [ -77.279698370811275, 38.706158827057941 ], [ -77.280836711882259, 38.706333433680825 ], [ -77.281975058395503, 38.706508029825599 ], [ -77.283113410350737, 38.706682615492163 ], [ -77.28288626292256, 38.707557539705597 ], [ -77.281747897874411, 38.707382951937596 ], [ -77.280609538268465, 38.707208353691215 ], [ -77.280382359212183, 38.708083273335312 ], [ -77.27924399195588, 38.707908662508984 ], [ -77.279016794363869, 38.70878357968504 ], [ -77.277878419457608, 38.708608956278532 ], [ -77.278105630142534, 38.707734041204439 ], [ -77.278332835384234, 38.706859125763998 ], [ -77.27719449210656, 38.70668449608327 ], [ -77.277421704997337, 38.705809582378215 ], [ -77.278560035182878, 38.705984209957066 ], [ -77.278787229538693, 38.70510929378343 ], [ -77.279014418451808, 38.704234377242848 ], [ -77.280152727896422, 38.704408990140436 ], [ -77.279925552075042, 38.70528390878259 ] ] ] } },
{ "type": "Feature", "properties": { "id": "51_46", "growth_scenario": "high", "market_gravity_weight": 100 }, "geometry": { "type": "Polygon", "coordinates": [ [ [ -77.205461187483522, 38.754801417560472 ], [ -77.206600109219721, 38.754976708219488 ], [ -77.207739036425949, 38.755151988397152 ], [ -77.208877969101891, 38.75532725809343 ], [ -77.210016907247265, 38.755502517308102 ], [ -77.211155850861786, 38.755677766041231 ], [ -77.210927688495701, 38.756552560997235 ], [ -77.210699520660555, 38.757427355595262 ], [ -77.209560550841275, 38.757252102636258 ], [ -77.208421586491554, 38.757076839195491 ], [ -77.207282627611647, 38.756901565272919 ], [ -77.20614367420184, 38.756726280868733 ], [ -77.205004726262445, 38.756550985983004 ], [ -77.205232959608225, 38.755676201950912 ], [ -77.205461187483522, 38.754801417560472 ] ] ] } },
{ "type": "Feature", "properties": { "id": "51_47", "growth_scenario": "high", "market_gravity_weight": 100 }, "geometry": { "type": "Polygon", "coordinates": [ [ [ -77.274236071993784, 38.708959931590606 ], [ -77.274008811142508, 38.709834839625501 ], [ -77.273781544846543, 38.710709747294338 ], [ -77.27264315243761, 38.710535075667359 ], [ -77.271504765473836, 38.710360393562091 ], [ -77.270366383955533, 38.710185700978556 ], [ -77.269228007882944, 38.710010997916932 ], [ -77.268089637256395, 38.709836284377154 ], [ -77.268316969015402, 38.708961387222807 ], [ -77.269455326549746, 38.709136098659464 ], [ -77.270593689529903, 38.709310799618102 ], [ -77.270820989658731, 38.70843589789132 ], [ -77.271048284342214, 38.707560995798083 ], [ -77.272186626583562, 38.707735682073171 ], [ -77.273324974269784, 38.707910357870354 ], [ -77.273097705770567, 38.708785264168924 ], [ -77.274236071993784, 38.708959931590606 ] ] ] } },
{ "type": "Feature", "properties": { "id": "51_48", "growth_scenario": "high", "market_gravity_weight": 100 }, "geometry": { "type": "Polygon", "coordinates": [ [ [ -77.212296580663264, 38.751303785885732 ], [ -77.212068445639531, 38.752178582634215 ], [ -77.210929554431019, 38.752003342351692 ], [ -77.210701400838119, 38.752878136628823 ], [ -77.209562501997112, 38.752702883752548 ], [ -77.209334329834476, 38.753577675558141 ], [ -77.208195423361346, 38.75340241008783 ], [ -77.208423608624955, 38.752527620395092 ], [ -77.207284720721944, 38.752352346556457 ], [ -77.207512913616895, 38.75147755861753 ], [ -77.207741101042615, 38.750602770319439 ], [ -77.208879962744945, 38.750778039932364 ], [ -77.20910813160171, 38.749903249162109 ], [ -77.210246985672669, 38.750078506181666 ], [ -77.211385845211893, 38.750253752720312 ], [ -77.211157702555553, 38.751128547715631 ], [ -77.212296580663264, 38.751303785885732 ] ] ] } },
{ "type": "Feature", "properties": { "id": "51_49", "growth_scenario": "high", "market_gravity_weight": 100 }, "geometry": { "type": "Polygon", "coordinates": [ [ [ -77.281061376762068, 38.70090931189948 ], [ -77.280834222708251, 38.701784232010937 ], [ -77.281972498320911, 38.701958828126713 ], [ -77.28174535191657, 38.702833749971781 ], [ -77.280607063212827, 38.702659151754801 ], [ -77.280379898275612, 38.703534071131209 ], [ -77.280152727896422, 38.704408990140436 ], [ -77.279014418451808, 38.704234377242848 ], [ -77.278787229538693, 38.70510929378343 ], [ -77.278560035182878, 38.705984209957066 ], [ -77.277421704997337, 38.705809582378215 ], [ -77.277648912444988, 38.70493466830635 ], [ -77.277876114449697, 38.704059753867533 ], [ -77.278103311011634, 38.703184839061464 ], [ -77.278330502130999, 38.702309923887988 ], [ -77.279468779950875, 38.702484543060159 ], [ -77.279695952537196, 38.701609625417682 ], [ -77.279923119681598, 38.700734707407463 ], [ -77.280150281384337, 38.699859789029382 ], [ -77.281288525374464, 38.700034391420274 ], [ -77.281061376762068, 38.70090931189948 ] ] ] } },
{ "type": "Feature", "properties": { "id": "51_5", "growth_scenario": "high", "market_gravity_weight": 100 }, "geometry": { "type": "Polygon", "coordinates": [ [ [ -77.49127314623594, 38.997590367866842 ], [ -77.491047594497161, 38.998465700956494 ], [ -77.490822037330759, 38.999341033757425 ], [ -77.489678610253321, 38.999168355076762 ], [ -77.489453034436764, 39.000043685487618 ], [ -77.488309599565341, 38.999870994178103 ], [ -77.488535188604018, 38.998995665869025 ], [ -77.488760772214292, 38.998120337271253 ], [ -77.48761736921503, 38.997947639638227 ], [ -77.486473971644273, 38.99777493147824 ], [ -77.485330579502346, 38.997602212791584 ], [ -77.485556197347847, 38.996726890210283 ], [ -77.485781809764447, 38.995851567339606 ], [ -77.486925175464776, 38.996024281822635 ], [ -77.486699576268833, 38.996899606795083 ], [ -77.487842960618437, 38.997072312853234 ], [ -77.488986350396345, 38.997245008384631 ], [ -77.490129745602289, 38.997417693389167 ], [ -77.490355305135054, 38.996542362112002 ], [ -77.491498692547296, 38.996715034488332 ], [ -77.49127314623594, 38.997590367866842 ] ] ] } },
{ "type": "Feature", "properties": { "id": "51_50", "growth_scenario": "high", "market_gravity_weight": 100 }, "geometry": { "type": "Polygon", "coordinates": [ [ [ -77.207967232628405, 38.754277199421786 ], [ -77.207739036425949, 38.755151988397152 ], [ -77.206600109219721, 38.754976708219488 ], [ -77.205461187483522, 38.754801417560472 ], [ -77.205232959608225, 38.755676201950912 ], [ -77.204094030241052, 38.755500898697164 ], [ -77.204322271217606, 38.754626116420134 ], [ -77.20455050672355, 38.753751333784443 ], [ -77.20477873675911, 38.75287655078985 ], [ -77.205006961324472, 38.752001767436255 ], [ -77.20614583828835, 38.752177062236868 ], [ -77.207284720721944, 38.752352346556457 ], [ -77.208423608624955, 38.752527620395092 ], [ -77.208195423361346, 38.75340241008783 ], [ -77.207967232628405, 38.754277199421786 ] ] ] } },
{ "type": "Feature", "properties": { "id": "51_51", "growth_scenario": "high", "market_gravity_weight": 100 }, "geometry": { "type": "Polygon", "coordinates": [ [ [ -77.205232959608225, 38.755676201950912 ], [ -77.205004726262445, 38.756550985983004 ], [ -77.203865783793745, 38.756375680615719 ], [ -77.202726846795983, 38.756200364767054 ], [ -77.202498581776069, 38.757075144213616 ], [ -77.201359637148158, 38.756899815769671 ], [ -77.201131353555041, 38.75777459274412 ], [ -77.200903064489992, 38.758649369360491 ], [ -77.199764099130448, 38.758474026207033 ], [ -77.199992401297322, 38.757599251704818 ], [ -77.19885345451182, 38.757423900184087 ], [ -77.19908176430782, 38.756549127437815 ], [ -77.200220697991966, 38.756724476844376 ], [ -77.200448989214593, 38.7558497016256 ], [ -77.201587915269513, 38.756025038436924 ], [ -77.201816187919349, 38.755150260745758 ], [ -77.202044455097806, 38.754275482695874 ], [ -77.203183360422258, 38.754450804798566 ], [ -77.204322271217606, 38.754626116420134 ], [ -77.204094030241052, 38.755500898697164 ], [ -77.205232959608225, 38.755676201950912 ] ] ] } },
{ "type": "Feature", "properties": { "id": "51_52", "growth_scenario": "high", "market_gravity_weight": 100 }, "geometry": { "type": "Polygon", "coordinates": [ [ [ -77.271502857373889, 38.70581119051127 ], [ -77.271275573580539, 38.706686093338092 ], [ -77.272413902730136, 38.706860777510549 ], [ -77.272186626583562, 38.707735682073171 ], [ -77.271048284342214, 38.707560995798083 ], [ -77.269909947546026, 38.70738629904514 ], [ -77.270137249875916, 38.706511398687873 ], [ -77.270364546760518, 38.705636497963674 ], [ -77.269226241592222, 38.705461794938564 ], [ -77.268087941869268, 38.70528708143604 ], [ -77.266949647591943, 38.705112357456038 ], [ -77.267176978303283, 38.704237462672936 ], [ -77.268315259490223, 38.70441218455008 ], [ -77.268542571665705, 38.703537287296534 ], [ -77.269680845207773, 38.703711996593718 ], [ -77.270819124194787, 38.703886695413608 ], [ -77.271957408626477, 38.704061383756112 ], [ -77.271730135722478, 38.704936287317295 ], [ -77.271502857373889, 38.70581119051127 ] ] ] } },
{ "type": "Feature", "properties": { "id": "51_53", "growth_scenario": "high", "market_gravity_weight": 100 }, "geometry": { "type": "Polygon", "coordinates": [ [ [ -77.283565029678101, 38.700383564770121 ], [ -77.283337907246903, 38.701258489451355 ], [ -77.282199639283931, 38.701083905914111 ], [ -77.281972498320911, 38.701958828126713 ], [ -77.280834222708251, 38.701784232010937 ], [ -77.281061376762068, 38.70090931189948 ], [ -77.281288525374464, 38.700034391420274 ], [ -77.280150281384337, 38.699859789029382 ], [ -77.279012042835703, 38.69968517616131 ], [ -77.279239212186752, 38.69881025951635 ], [ -77.280377437645569, 38.698984870283233 ], [ -77.280604588465465, 38.698109951168846 ], [ -77.281742806275815, 38.698284549357659 ], [ -77.282881029527019, 38.698459137069428 ], [ -77.284019258218748, 38.69863371430408 ], [ -77.283792146668659, 38.699508639721095 ], [ -77.283565029678101, 38.700383564770121 ] ] ] } },
{ "type": "Feature", "properties": { "id": "51_54", "growth_scenario": "high", "market_gravity_weight": 100 }, "geometry": { "type": "Polygon", "coordinates": [ [ [ -77.28765812991179, 38.693733251897321 ], [ -77.2874310771777, 38.694608183726551 ], [ -77.288569256740118, 38.694782719028552 ], [ -77.289707441740958, 38.694957243853658 ], [ -77.290845632179938, 38.695131758201796 ], [ -77.291983828056772, 38.695306262072918 ], [ -77.293122029371162, 38.695480755466868 ], [ -77.292895036646641, 38.696355697425915 ], [ -77.291756822242206, 38.696181201932362 ], [ -77.290618613275527, 38.6960066959616 ], [ -77.289480409746901, 38.695832179513708 ], [ -77.289253372314477, 38.6967071148052 ], [ -77.288115161134442, 38.696532585780226 ], [ -77.288342211656584, 38.695657652588714 ], [ -77.287204019004903, 38.695483115186718 ], [ -77.286065831792129, 38.695308567307848 ], [ -77.28492765001856, 38.695134008952124 ], [ -77.285154734369314, 38.694259081692195 ], [ -77.286292903054004, 38.694433637947711 ], [ -77.286519968876874, 38.693558708218504 ], [ -77.286747029260937, 38.692683778120063 ], [ -77.287885177207343, 38.692858319698971 ], [ -77.28765812991179, 38.693733251897321 ] ] ] } },
{ "type": "Feature", "properties": { "id": "51_55", "growth_scenario": "high", "market_gravity_weight": 100 }, "geometry": { "type": "Polygon", "coordinates": [ [ [ -77.20910813160171, 38.749903249162109 ], [ -77.208879962744945, 38.750778039932364 ], [ -77.207741101042615, 38.750602770319439 ], [ -77.207512913616895, 38.75147755861753 ], [ -77.207284720721944, 38.752352346556457 ], [ -77.20614583828835, 38.752177062236868 ], [ -77.205006961324472, 38.752001767436255 ], [ -77.205235180419834, 38.751126983723317 ], [ -77.205463394045381, 38.750252199651015 ], [ -77.205691602201327, 38.749377415219008 ], [ -77.20683043986574, 38.749552703680735 ], [ -77.207058629453016, 38.748677916776117 ], [ -77.208197459487138, 38.748853192644525 ], [ -77.209336294989924, 38.749028458032242 ], [ -77.210475135961062, 38.749203712939355 ], [ -77.210246985672669, 38.750078506181666 ], [ -77.20910813160171, 38.749903249162109 ] ] ] } },
{ "type": "Feature", "properties": { "id": "51_56", "growth_scenario": "high", "market_gravity_weight": 100 }, "geometry": { "type": "Polygon", "coordinates": [ [ [ -77.278557687808018, 38.701435008346934 ], [ -77.278330502130999, 38.702309923887988 ], [ -77.27719222975351, 38.702135294238431 ], [ -77.276053962818665, 38.701960654111438 ], [ -77.275826745517875, 38.702835565081507 ], [ -77.274688470935573, 38.702660912375372 ], [ -77.274915701326762, 38.701786003507166 ], [ -77.273777445278085, 38.701611342425693 ], [ -77.274004683315979, 38.700736435291489 ], [ -77.275142926274725, 38.700911094271127 ], [ -77.275370145779632, 38.700036184666978 ], [ -77.276508381091574, 38.700210831067821 ], [ -77.276735582064092, 38.699335918993874 ], [ -77.27787380972886, 38.699510552816086 ], [ -77.279012042835703, 38.69968517616131 ], [ -77.278784868042848, 38.700560092438081 ], [ -77.278557687808018, 38.701435008346934 ] ] ] } },
{ "type": "Feature", "properties": { "id": "51_57", "growth_scenario": "high", "market_gravity_weight": 100 }, "geometry": { "type": "Polygon", "coordinates": [ [ [ -77.274004683315979, 38.700736435291489 ], [ -77.273777445278085, 38.701611342425693 ], [ -77.273550201796695, 38.702486249191885 ], [ -77.273322952871567, 38.703361155590393 ], [ -77.273095698502559, 38.70423606162128 ], [ -77.271957408626477, 38.704061383756112 ], [ -77.272184676086098, 38.703186479827494 ], [ -77.271046404744808, 38.703011793587279 ], [ -77.269908138847995, 38.702837096869921 ], [ -77.268769878395972, 38.702662389675318 ], [ -77.268997179681165, 38.701787491686133 ], [ -77.270135427043471, 38.70196219677824 ], [ -77.271273679850353, 38.702136891393252 ], [ -77.272411938101513, 38.702311575531141 ], [ -77.272639194672948, 38.701436670867018 ], [ -77.271500949511605, 38.701261988831327 ], [ -77.271728213728778, 38.700387085901184 ], [ -77.27286644580056, 38.700561765834827 ], [ -77.273093691484561, 38.699686860434404 ], [ -77.274231915910534, 38.699861527789174 ], [ -77.275370145779632, 38.700036184666978 ], [ -77.275142926274725, 38.700911094271127 ], [ -77.274004683315979, 38.700736435291489 ] ] ] } },
{ "type": "Feature", "properties": { "id": "51_58", "growth_scenario": "high", "market_gravity_weight": 100 }, "geometry": { "type": "Polygon", "coordinates": [ [ [ -77.280604588465465, 38.698109951168846 ], [ -77.280377437645569, 38.698984870283233 ], [ -77.279239212186752, 38.69881025951635 ], [ -77.279012042835703, 38.69968517616131 ], [ -77.27787380972886, 38.699510552816086 ], [ -77.27810099216957, 38.698635638272407 ], [ -77.27696277759425, 38.698461006551533 ], [ -77.275824568461118, 38.698286364353791 ], [ -77.276051771638066, 38.697411453644342 ], [ -77.276278969372754, 38.696536542566051 ], [ -77.27741715232824, 38.696711180561067 ], [ -77.278555340725504, 38.696885808079429 ], [ -77.279693534564288, 38.697060425121101 ], [ -77.280831733844266, 38.697235031685899 ], [ -77.281969938565169, 38.697409627773865 ], [ -77.281742806275815, 38.698284549357659 ], [ -77.280604588465465, 38.698109951168846 ] ] ] } },
{ "type": "Feature", "properties": { "id": "51_59", "growth_scenario": "high", "market_gravity_weight": 100 }, "geometry": { "type": "Polygon", "coordinates": [ [ [ -77.203185708926611, 38.749901587059881 ], [ -77.202957469102017, 38.750776366905939 ], [ -77.202729223807012, 38.751651146392419 ], [ -77.201590363254027, 38.751475820149352 ], [ -77.200451508171881, 38.751300483425645 ], [ -77.200223231206891, 38.752175258325551 ], [ -77.1990843684965, 38.75199990900753 ], [ -77.199312658560899, 38.751125136221262 ], [ -77.198173814421367, 38.750949778536452 ], [ -77.198402112113286, 38.750075007504172 ], [ -77.199540943153877, 38.750250363075295 ], [ -77.199769222275606, 38.749375589569418 ], [ -77.199997495926283, 38.748500815703437 ], [ -77.201136306240727, 38.748676156567257 ], [ -77.202275122025725, 38.748851486950812 ], [ -77.20204687457236, 38.749726265043506 ], [ -77.203185708926611, 38.749901587059881 ] ] ] } },
{ "type": "Feature", "properties": { "id": "51_6", "growth_scenario": "high", "market_gravity_weight": 100 }, "geometry": { "type": "Polygon", "coordinates": [ [ [ -77.46932365970315, 38.995183045907012 ], [ -77.469097851351336, 38.996058338759994 ], [ -77.468872037566143, 38.996933631322747 ], [ -77.46772870045433, 38.996760750535834 ], [ -77.467502868016638, 38.997636040704698 ], [ -77.466359523119948, 38.997463147288066 ], [ -77.465216183657617, 38.997290243345617 ], [ -77.465442042532601, 38.996414957384658 ], [ -77.465667895973141, 38.995539671133386 ], [ -77.464524588381863, 38.995366760873338 ], [ -77.464750449605916, 38.994491476435556 ], [ -77.465893743979422, 38.994664384591687 ], [ -77.467037043786974, 38.994837282222292 ], [ -77.468180349028316, 38.995010169327436 ], [ -77.468406165165007, 38.994134878287582 ], [ -77.469549462621771, 38.994307752763582 ], [ -77.46932365970315, 38.995183045907012 ] ] ] } },
{ "type": "Feature", "properties": { "id": "51_60", "growth_scenario": "high", "market_gravity_weight": 100 }, "geometry": { "type": "Polygon", "coordinates": [ [ [ -77.28469783080557, 38.691459737264779 ], [ -77.284470749684274, 38.692334663532719 ], [ -77.284243663123775, 38.693209589431071 ], [ -77.285381813280793, 38.693384154063082 ], [ -77.285154734369314, 38.694259081692195 ], [ -77.28492765001856, 38.695134008952124 ], [ -77.284700560228302, 38.696008935843039 ], [ -77.283562370805242, 38.695834364910127 ], [ -77.282424186822126, 38.695659783500425 ], [ -77.282651302790143, 38.69478486081033 ], [ -77.281513137335878, 38.694610271024516 ], [ -77.281740260952134, 38.693735350065815 ], [ -77.282878413318087, 38.693909937751108 ], [ -77.28310551840616, 38.693035014322568 ], [ -77.283332618054587, 38.692160090524503 ], [ -77.283559712263511, 38.691285166356636 ], [ -77.283786801033159, 38.690410241818896 ], [ -77.284924906487859, 38.690584810626952 ], [ -77.28469783080557, 38.691459737264779 ] ] ] } },
{ "type": "Feature", "properties": { "id": "51_61", "growth_scenario": "high", "market_gravity_weight": 100 }, "geometry": { "type": "Polygon", "coordinates": [ [ [ -77.268542571665705, 38.703537287296534 ], [ -77.268315259490223, 38.70441218455008 ], [ -77.267176978303283, 38.704237462672936 ], [ -77.266038702562099, 38.70406273031859 ], [ -77.264900432266927, 38.703887987487178 ], [ -77.264673075375356, 38.70476287806423 ], [ -77.26444571303729, 38.705637768273562 ], [ -77.263307422008495, 38.705463010758578 ], [ -77.263534797436662, 38.704588122652495 ], [ -77.262396524944762, 38.704413356763652 ], [ -77.262623908015769, 38.703538470393134 ], [ -77.262851285639925, 38.702663583654569 ], [ -77.263989531952859, 38.702838345336893 ], [ -77.265127783712188, 38.703013096542342 ], [ -77.265355129711352, 38.702138205229495 ], [ -77.266493373827345, 38.702312943855077 ], [ -77.267631623388979, 38.702487672003677 ], [ -77.26740430356891, 38.703362567522191 ], [ -77.268542571665705, 38.703537287296534 ] ] ] } },
{ "type": "Feature", "properties": { "id": "51_62", "growth_scenario": "high", "market_gravity_weight": 100 }, "geometry": { "type": "Polygon", "coordinates": [ [ [ -77.20159281093342, 38.746926603527648 ], [ -77.201364561322265, 38.747801380227628 ], [ -77.201136306240727, 38.748676156567257 ], [ -77.199997495926283, 38.748500815703437 ], [ -77.199769222275606, 38.749375589569418 ], [ -77.199540943153877, 38.750250363075295 ], [ -77.198402112113286, 38.750075007504172 ], [ -77.197263286544214, 38.749899641452679 ], [ -77.197491591863042, 38.749024872174147 ], [ -77.19771989171025, 38.748150102535334 ], [ -77.198858691082691, 38.748325464359432 ], [ -77.19908697236059, 38.747450692246595 ], [ -77.197948186086037, 38.747275332536006 ], [ -77.198176474990561, 38.746400562175999 ], [ -77.199315248167522, 38.746575919773186 ], [ -77.200454026815223, 38.746751266890385 ], [ -77.200682284053912, 38.745876491942916 ], [ -77.20182105507439, 38.746051826467045 ], [ -77.20159281093342, 38.746926603527648 ] ] ] } },
{ "type": "Feature", "properties": { "id": "51_63", "growth_scenario": "high", "market_gravity_weight": 100 }, "geometry": { "type": "Polygon", "coordinates": [ [ [ -77.285833154830911, 38.687085100373523 ], [ -77.285606100902697, 38.687960028492597 ], [ -77.284468034708297, 38.687785465984099 ], [ -77.284240962255353, 38.688660391632837 ], [ -77.283102888413197, 38.688485816548663 ], [ -77.282875797434968, 38.689360739726865 ], [ -77.284013884363702, 38.689535316911012 ], [ -77.285151976731356, 38.689709883619145 ], [ -77.284924906487859, 38.690584810626952 ], [ -77.283786801033159, 38.690410241818896 ], [ -77.283559712263511, 38.691285166356636 ], [ -77.282421599160742, 38.691110584972328 ], [ -77.28264870101755, 38.690235662534732 ], [ -77.281510606441316, 38.69006107277459 ], [ -77.281737715945397, 38.68918615206691 ], [ -77.281964820010032, 38.688311230988752 ], [ -77.282191918635363, 38.687436309539905 ], [ -77.283329973952434, 38.687610892999849 ], [ -77.283557054052864, 38.686735969080274 ], [ -77.284695101722733, 38.686910539964721 ], [ -77.28492216329883, 38.686035613574418 ], [ -77.286060203321099, 38.686210171883666 ], [ -77.285833154830911, 38.687085100373523 ] ] ] } },
{ "type": "Feature", "properties": { "id": "51_64", "growth_scenario": "high", "market_gravity_weight": 100 }, "geometry": { "type": "Polygon", "coordinates": [ [ [ -77.278323504114752, 38.688662326232134 ], [ -77.278096355351778, 38.689537240638643 ], [ -77.277869201148292, 38.690412154674533 ], [ -77.277642041504066, 38.691287068340095 ], [ -77.277414876418931, 38.69216198163538 ], [ -77.277187705892686, 38.693036894560755 ], [ -77.276049580730373, 38.692862254493939 ], [ -77.276276764343663, 38.691987343669567 ], [ -77.275138657709789, 38.691812695227682 ], [ -77.274000556517606, 38.691638036309953 ], [ -77.272862460767399, 38.691463366916459 ], [ -77.273089678198431, 38.690588462025246 ], [ -77.274227760862473, 38.690763129317617 ], [ -77.274454959765535, 38.689888221954732 ], [ -77.275593034785246, 38.690062876670417 ], [ -77.275365848968264, 38.690937786134228 ], [ -77.276503942515561, 38.691112432475073 ], [ -77.27673111524625, 38.690237520910337 ], [ -77.276958282535944, 38.689362608975124 ], [ -77.277185444384813, 38.688487696669242 ], [ -77.277412600793056, 38.68761278399252 ], [ -77.27855064743737, 38.687787411454906 ], [ -77.278323504114752, 38.688662326232134 ] ] ] } },
{ "type": "Feature", "properties": { "id": "51_65", "growth_scenario": "high", "market_gravity_weight": 100 }, "geometry": { "type": "Polygon", "coordinates": [ [ [ -77.266946399230505, 38.696013955719089 ], [ -77.266719091348719, 38.696888849613337 ], [ -77.266491778022186, 38.697763743138381 ], [ -77.266264459250692, 38.698638636294127 ], [ -77.265126272934722, 38.698463895602849 ], [ -77.264898935629986, 38.699338786287058 ], [ -77.263760741671533, 38.699164033016686 ], [ -77.263988092064182, 38.69828914443525 ], [ -77.262849916639354, 38.698114382791331 ], [ -77.261711746660538, 38.697939610671249 ], [ -77.261939117782106, 38.697064725926317 ], [ -77.263077274673691, 38.697239495943528 ], [ -77.263304627262215, 38.696364608726313 ], [ -77.264442776512482, 38.696539366164721 ], [ -77.265580931208078, 38.696714113127115 ], [ -77.265808252177095, 38.695839221335177 ], [ -77.266035567701252, 38.694964329173573 ], [ -77.267173701667716, 38.695139061455173 ], [ -77.266946399230505, 38.696013955719089 ] ] ] } },
{ "type": "Feature", "properties": { "id": "51_66", "growth_scenario": "high", "market_gravity_weight": 100 }, "geometry": { "type": "Polygon", "coordinates": [ [ [ -77.265123251944203, 38.689365497665037 ], [ -77.266261296507736, 38.689540238285332 ], [ -77.267399346515063, 38.68971496843043 ], [ -77.268537401965872, 38.689889688100223 ], [ -77.269675462859908, 38.690064397294663 ], [ -77.269448206171461, 38.69093929588162 ], [ -77.27058628559405, 38.691113996702185 ], [ -77.270359036548356, 38.69198889702011 ], [ -77.269220944039901, 38.691814194097908 ], [ -77.268082856974729, 38.691639480700097 ], [ -77.266944775353195, 38.691464756826747 ], [ -77.267172063655963, 38.690589862813958 ], [ -77.266034000563621, 38.690415130567068 ], [ -77.265806699175528, 38.691290022477901 ], [ -77.264668628442053, 38.691115277653587 ], [ -77.26489594291526, 38.690240387844838 ], [ -77.263757890711176, 38.690065634647404 ], [ -77.263985212824764, 38.689190746569651 ], [ -77.264212529494003, 38.688315858120617 ], [ -77.265350555529096, 38.688490607114055 ], [ -77.265123251944203, 38.689365497665037 ] ] ] } },
{ "type": "Feature", "properties": { "id": "51_67", "growth_scenario": "high", "market_gravity_weight": 100 }, "geometry": { "type": "Polygon", "coordinates": [ [ [ -77.272404082033574, 38.6841147808031 ], [ -77.27217687652518, 38.684989684090752 ], [ -77.271949665575292, 38.685864587006535 ], [ -77.270811664662062, 38.685689898793711 ], [ -77.269673669190794, 38.685515200106046 ], [ -77.268535679161772, 38.685340490943524 ], [ -77.267397694575294, 38.685165771306323 ], [ -77.267624957859553, 38.684290876795131 ], [ -77.267852215701197, 38.683415981911637 ], [ -77.268990174121356, 38.683590697346318 ], [ -77.269217413437801, 38.682715799989296 ], [ -77.270355364217181, 38.68289050284848 ], [ -77.270128137983662, 38.683765402306513 ], [ -77.271266107287815, 38.683940096792156 ], [ -77.271493320438239, 38.683065195233183 ], [ -77.27263128210069, 38.683239877143336 ], [ -77.272404082033574, 38.6841147808031 ] ] ] } },
{ "type": "Feature", "properties": { "id": "51_68", "growth_scenario": "high", "market_gravity_weight": 100 }, "geometry": { "type": "Polygon", "coordinates": [ [ [ -77.269671875745033, 38.680966004157312 ], [ -77.27080980035943, 38.681140702814766 ], [ -77.270582585009038, 38.682015603017959 ], [ -77.270355364217181, 38.68289050284848 ], [ -77.269217413437801, 38.682715799989296 ], [ -77.268990174121356, 38.683590697346318 ], [ -77.267852215701197, 38.683415981911637 ], [ -77.266714262723468, 38.683241256002454 ], [ -77.266941528205209, 38.682366362847773 ], [ -77.265803593752565, 38.682191628565583 ], [ -77.26603086687382, 38.681316737139333 ], [ -77.267168788244405, 38.681491469320306 ], [ -77.267396042841241, 38.680616575419904 ], [ -77.268533956572199, 38.680791295025692 ], [ -77.268761192645229, 38.679916398651258 ], [ -77.26989909873619, 38.680091105681996 ], [ -77.269671875745033, 38.680966004157312 ] ] ] } },
{ "type": "Feature", "properties": { "id": "51_69", "growth_scenario": "high", "market_gravity_weight": 100 }, "geometry": { "type": "Polygon", "coordinates": [ [ [ -77.283773442767782, 38.667664268800948 ], [ -77.283546424519713, 38.668539192159344 ], [ -77.283319400835765, 38.669414115142402 ], [ -77.282181628923027, 38.669239531769769 ], [ -77.282408665686276, 38.668364610885178 ], [ -77.281270912289017, 38.668190019137967 ], [ -77.280133164328234, 38.668015416917775 ], [ -77.278995421804225, 38.667840804224674 ], [ -77.277857684717262, 38.667666181058728 ], [ -77.276719953067655, 38.667491547419971 ], [ -77.275582226855676, 38.667316903308581 ], [ -77.275809336652728, 38.666441994641424 ], [ -77.27694704978687, 38.666616636653785 ], [ -77.27808476835844, 38.666791268193521 ], [ -77.279222492367154, 38.666965889260652 ], [ -77.280360221812742, 38.66714049985503 ], [ -77.280587273860661, 38.666265582416536 ], [ -77.281724995664476, 38.66644018043953 ], [ -77.282862722904383, 38.666614767989792 ], [ -77.282635697013333, 38.667489689625235 ], [ -77.283773442767782, 38.667664268800948 ] ] ] } },
{ "type": "Feature", "properties": { "id": "51_7", "growth_scenario": "high", "market_gravity_weight": 100 }, "geometry": { "type": "Polygon", "coordinates": [ [ [ -77.494026828202706, 39.000734345452607 ], [ -77.493801299849451, 39.001609683981258 ], [ -77.492657830043314, 39.001437032679746 ], [ -77.491514365664827, 39.001264370850606 ], [ -77.491288805437449, 39.002139704888371 ], [ -77.490145333263783, 39.00196703043013 ], [ -77.489001866518521, 39.001794345444274 ], [ -77.489227453191901, 39.000919015610009 ], [ -77.488084005098059, 39.000746322198701 ], [ -77.488309599565341, 38.999870994178103 ], [ -77.489453034436764, 39.000043685487618 ], [ -77.489678610253321, 38.999168355076762 ], [ -77.490822037330759, 38.999341033757425 ], [ -77.491965469836018, 38.999513701910857 ], [ -77.4931089077688, 38.99968635953708 ], [ -77.492883371619783, 39.000561696252483 ], [ -77.494026828202706, 39.000734345452607 ] ] ] } },
{ "type": "Feature", "properties": { "id": "51_70", "growth_scenario": "high", "market_gravity_weight": 100 }, "geometry": { "type": "Polygon", "coordinates": [ [ [ -78.374797189822175, 36.687341191125299 ], [ -78.374588891957998, 36.688218487234025 ], [ -78.374380589226945, 36.689095782568586 ], [ -78.373270366749168, 36.688931175592124 ], [ -78.373062046637386, 36.689808468307227 ], [ -78.371951816513445, 36.689643849221646 ], [ -78.372160149138693, 36.688766558352214 ], [ -78.371049936395835, 36.688601930848868 ], [ -78.371258276666552, 36.687724641050998 ], [ -78.371466612069582, 36.686847350478693 ], [ -78.370356429220067, 36.686682716403446 ], [ -78.370564772267926, 36.685805426902142 ], [ -78.371674942605082, 36.68597005913184 ], [ -78.372785117809627, 36.686134681098459 ], [ -78.373895297881234, 36.686299292801941 ], [ -78.373686992370907, 36.687176587839687 ], [ -78.374797189822175, 36.687341191125299 ] ] ] } },
{ "type": "Feature", "properties": { "id": "51_71", "growth_scenario": "high", "market_gravity_weight": 100 }, "geometry": { "type": "Polygon", "coordinates": [ [ [ -77.743954419531747, 38.353799948084337 ], [ -77.745088386409719, 38.3539702778045 ], [ -77.744867840494905, 38.354846036674473 ], [ -77.744647289316688, 38.355721795116658 ], [ -77.745781287496825, 38.355892118437822 ], [ -77.745560744074965, 38.356767878478578 ], [ -77.744426732874913, 38.35659755313123 ], [ -77.74329272693862, 38.356427217332495 ], [ -77.742158726266368, 38.35625687108238 ], [ -77.742379308747431, 38.355381117120473 ], [ -77.741245326358865, 38.355210762445587 ], [ -77.741465916594848, 38.354335010082288 ], [ -77.741686501566576, 38.353459257290986 ], [ -77.74282045791729, 38.353629607913099 ], [ -77.74304102460647, 38.352753852667298 ], [ -77.744174973202249, 38.352924190812345 ], [ -77.743954419531747, 38.353799948084337 ] ] ] } },
{ "type": "Feature", "properties": { "id": "51_72", "growth_scenario": "high", "market_gravity_weight": 100 }, "geometry": { "type": "Polygon", "coordinates": [ [ [ -77.738505282862036, 38.352072395579142 ], [ -77.738284664099979, 38.352948142719406 ], [ -77.739418604657644, 38.35311852469404 ], [ -77.739197993648901, 38.353994273432427 ], [ -77.738064040073013, 38.353823889431162 ], [ -77.736930091762204, 38.353653494979078 ], [ -77.735796148716815, 38.353483090076374 ], [ -77.734662210937088, 38.353312674722915 ], [ -77.733528278423321, 38.353142248918999 ], [ -77.733748954521346, 38.352266510314877 ], [ -77.734882874017643, 38.35243693409177 ], [ -77.735103531832408, 38.351561193031806 ], [ -77.735324184381568, 38.350685451542859 ], [ -77.736458083109156, 38.350855860815642 ], [ -77.737591987101837, 38.351026259638111 ], [ -77.737371360587048, 38.351902005180499 ], [ -77.738505282862036, 38.352072395579142 ] ] ] } },
{ "type": "Feature", "properties": { "id": "51_73", "growth_scenario": "high", "market_gravity_weight": 100 }, "geometry": { "type": "Polygon", "coordinates": [ [ [ -77.746883925660555, 38.351513311817435 ], [ -77.74666340855326, 38.352389073997678 ], [ -77.746442886183416, 38.353264835749712 ], [ -77.746222358550867, 38.354140597073552 ], [ -77.746001825655398, 38.355016357969532 ], [ -77.745781287496825, 38.355892118437822 ], [ -77.744647289316688, 38.355721795116658 ], [ -77.744867840494905, 38.354846036674473 ], [ -77.745088386409719, 38.3539702778045 ], [ -77.743954419531747, 38.353799948084337 ], [ -77.744174973202249, 38.352924190812345 ], [ -77.74304102460647, 38.352753852667298 ], [ -77.743261586032034, 38.351878096993083 ], [ -77.744395521609434, 38.35204843311211 ], [ -77.744616064753501, 38.351172674983459 ], [ -77.745749992575711, 38.351342998625832 ], [ -77.745970517438835, 38.350467238042725 ], [ -77.747104437505484, 38.350637549208656 ], [ -77.746883925660555, 38.351513311817435 ] ] ] } },
{ "type": "Feature", "properties": { "id": "51_74", "growth_scenario": "high", "market_gravity_weight": 100 }, "geometry": { "type": "Polygon", "coordinates": [ [ [ -77.744616064753501, 38.351172674983459 ], [ -77.744395521609434, 38.35204843311211 ], [ -77.743261586032034, 38.351878096993083 ], [ -77.74304102460647, 38.352753852667298 ], [ -77.74282045791729, 38.353629607913099 ], [ -77.741686501566576, 38.353459257290986 ], [ -77.741465916594848, 38.354335010082288 ], [ -77.740331952489612, 38.354164646982817 ], [ -77.740552550479933, 38.35328889621789 ], [ -77.740773143205928, 38.352413145024613 ], [ -77.740993730667768, 38.35153739340285 ], [ -77.741214312865623, 38.35066164135231 ], [ -77.741434889799677, 38.349785888872844 ], [ -77.742568788814793, 38.349956241841092 ], [ -77.743702693093198, 38.350126584358826 ], [ -77.743482142194225, 38.351002340890304 ], [ -77.744616064753501, 38.351172674983459 ] ] ] } },
{ "type": "Feature", "properties": { "id": "51_75", "growth_scenario": "high", "market_gravity_weight": 100 }, "geometry": { "type": "Polygon", "coordinates": [ [ [ -77.73803322433713, 38.349274767266103 ], [ -77.737812608351803, 38.350150513666669 ], [ -77.738946504592136, 38.350320900012306 ], [ -77.738725896359355, 38.351196648010166 ], [ -77.737591987101837, 38.351026259638111 ], [ -77.736458083109156, 38.350855860815642 ], [ -77.735324184381568, 38.350685451542859 ], [ -77.735103531832408, 38.351561193031806 ], [ -77.733969625353311, 38.351390771281856 ], [ -77.734190290919415, 38.350515031819832 ], [ -77.7344109512198, 38.349639291928504 ], [ -77.734631606254709, 38.348763551607782 ], [ -77.734852256024269, 38.347887810857422 ], [ -77.735986110437423, 38.348058224500285 ], [ -77.73711997011543, 38.348228627693217 ], [ -77.736899346378138, 38.349104372496782 ], [ -77.73803322433713, 38.349274767266103 ] ] ] } },
{ "type": "Feature", "properties": { "id": "51_76", "growth_scenario": "high", "market_gravity_weight": 100 }, "geometry": { "type": "Polygon", "coordinates": [ [ [ -77.7407421601594, 38.347864023259916 ], [ -77.740521580735646, 38.348739774571754 ], [ -77.740300996048177, 38.349615525454205 ], [ -77.740080406096851, 38.350491275907487 ], [ -77.739859810881427, 38.351367025931793 ], [ -77.738725896359355, 38.351196648010166 ], [ -77.738946504592136, 38.350320900012306 ], [ -77.737812608351803, 38.350150513666669 ], [ -77.73803322433713, 38.349274767266103 ], [ -77.736899346378138, 38.349104372496782 ], [ -77.73711997011543, 38.348228627693217 ], [ -77.737340588588154, 38.347352882460029 ], [ -77.73847444051458, 38.347523273176662 ], [ -77.73960829770509, 38.347693653443308 ], [ -77.739828884881533, 38.346817903727874 ], [ -77.740962734319638, 38.346988271518484 ], [ -77.7407421601594, 38.347864023259916 ] ] ] } },
{ "type": "Feature", "properties": { "id": "51_77", "growth_scenario": "high", "market_gravity_weight": 100 }, "geometry": { "type": "Polygon", "coordinates": [ [ [ -77.745277662608913, 38.348545398024626 ], [ -77.745057135253063, 38.349421157439913 ], [ -77.746191037039523, 38.349591477030849 ], [ -77.747324944088248, 38.349761786171236 ], [ -77.747104437505484, 38.350637549208656 ], [ -77.745970517438835, 38.350467238042725 ], [ -77.745749992575711, 38.351342998625832 ], [ -77.744616064753501, 38.351172674983459 ], [ -77.743482142194225, 38.351002340890304 ], [ -77.743702693093198, 38.350126584358826 ], [ -77.742568788814793, 38.349956241841092 ], [ -77.741434889799677, 38.349785888872844 ], [ -77.74165546147016, 38.348910135964267 ], [ -77.742789347468104, 38.349080486906573 ], [ -77.743009900858254, 38.348204731542793 ], [ -77.744143779102259, 38.348375070008842 ], [ -77.744364314212717, 38.347499312189989 ], [ -77.745498184702384, 38.34766963818015 ], [ -77.745277662608913, 38.348545398024626 ] ] ] } },
{ "type": "Feature", "properties": { "id": "51_78", "growth_scenario": "high", "market_gravity_weight": 100 }, "geometry": { "type": "Polygon", "coordinates": [ [ [ -77.740049466794389, 38.345942153582605 ], [ -77.739828884881533, 38.346817903727874 ], [ -77.73960829770509, 38.347693653443308 ], [ -77.73847444051458, 38.347523273176662 ], [ -77.737340588588154, 38.347352882460029 ], [ -77.73711997011543, 38.348228627693217 ], [ -77.735986110437423, 38.348058224500285 ], [ -77.734852256024269, 38.347887810857422 ], [ -77.735072900528721, 38.347012069677206 ], [ -77.736206741926111, 38.347182481293522 ], [ -77.736427368150132, 38.346306737656832 ], [ -77.736647989109684, 38.345430993590028 ], [ -77.73686860480494, 38.344555249092885 ], [ -77.738002412420826, 38.344725644180606 ], [ -77.73913622530057, 38.344896028818766 ], [ -77.738915635635678, 38.345771777368135 ], [ -77.740049466794389, 38.345942153582605 ] ] ] } },
{ "type": "Feature", "properties": { "id": "51_79", "growth_scenario": "high", "market_gravity_weight": 100 }, "geometry": { "type": "Polygon", "coordinates": [ [ [ -77.742758240875006, 38.344531364978089 ], [ -77.742537695519758, 38.345407120035091 ], [ -77.741403866850305, 38.345236766746069 ], [ -77.741183303216545, 38.346112519347287 ], [ -77.740962734319638, 38.346988271518484 ], [ -77.739828884881533, 38.346817903727874 ], [ -77.740049466794389, 38.345942153582605 ], [ -77.738915635635678, 38.345771777368135 ], [ -77.73913622530057, 38.344896028818766 ], [ -77.738002412420826, 38.344725644180606 ], [ -77.738223009837199, 38.343849897226896 ], [ -77.738443601989914, 38.342974149842533 ], [ -77.739577388839933, 38.343144530428816 ], [ -77.740711180953113, 38.343314900565659 ], [ -77.741844978329155, 38.343485260253026 ], [ -77.741624425221104, 38.34436101371471 ], [ -77.742758240875006, 38.344531364978089 ] ] ] } },
{ "type": "Feature", "properties": { "id": "51_8", "growth_scenario": "high", "market_gravity_weight": 100 }, "geometry": { "type": "Polygon", "coordinates": [ [ [ -77.464524588381863, 38.995366760873338 ], [ -77.465667895973141, 38.995539671133386 ], [ -77.465442042532601, 38.996414957384658 ], [ -77.465216183657617, 38.997290243345617 ], [ -77.46499031934799, 38.998165529016447 ], [ -77.463846972101663, 38.997992612444001 ], [ -77.464072849629943, 38.997117328877373 ], [ -77.462929521037196, 38.996944403883411 ], [ -77.461786197879675, 38.996771468363839 ], [ -77.460642880157678, 38.996598522318692 ], [ -77.460868791904915, 38.995723244774929 ], [ -77.461094698216527, 38.99484796694049 ], [ -77.462237989503265, 38.995020908776816 ], [ -77.463381286225157, 38.995193840087765 ], [ -77.463607160666768, 38.994318557754006 ], [ -77.464750449605916, 38.994491476435556 ], [ -77.464524588381863, 38.995366760873338 ] ] ] } },
{ "type": "Feature", "properties": { "id": "51_80", "growth_scenario": "high", "market_gravity_weight": 100 }, "geometry": { "type": "Polygon", "coordinates": [ [ [ -77.787505715736657, 38.330342961636298 ], [ -77.788639421227131, 38.330512890186682 ], [ -77.788419465308692, 38.33138872796836 ], [ -77.787285746802553, 38.331218797398193 ], [ -77.786152033544795, 38.331048856378111 ], [ -77.785018325535702, 38.330878904908204 ], [ -77.783884622775574, 38.330708942988636 ], [ -77.784104630755536, 38.329833113286753 ], [ -77.784324633486435, 38.328957283153024 ], [ -77.784544630968469, 38.328081452587135 ], [ -77.785678294684175, 38.328251408446683 ], [ -77.786811963648262, 38.328421353856776 ], [ -77.787945637860474, 38.3285912888174 ], [ -77.787725679422564, 38.329467125442761 ], [ -77.787505715736657, 38.330342961636298 ] ] ] } },
{ "type": "Feature", "properties": { "id": "51_81", "growth_scenario": "high", "market_gravity_weight": 100 }, "geometry": { "type": "Polygon", "coordinates": [ [ [ -77.789299257495784, 38.327885374251636 ], [ -77.790432929188356, 38.328055286293612 ], [ -77.790213002028068, 38.328931127389907 ], [ -77.791346691982895, 38.329101031001727 ], [ -77.7911267725908, 38.329976873685581 ], [ -77.790906847951547, 38.330852715937908 ], [ -77.789773131965532, 38.330682808287264 ], [ -77.788639421227131, 38.330512890186682 ], [ -77.787505715736657, 38.330342961636298 ], [ -77.787725679422564, 38.329467125442761 ], [ -77.787945637860474, 38.3285912888174 ], [ -77.786811963648262, 38.328421353856776 ], [ -77.787031929852958, 38.3275455188191 ], [ -77.788165591050543, 38.327715451760071 ], [ -77.788385538992969, 38.326839614270511 ], [ -77.789519192423711, 38.327009534742601 ], [ -77.789299257495784, 38.327885374251636 ] ] ] } },
{ "type": "Feature", "properties": { "id": "51_82", "growth_scenario": "high", "market_gravity_weight": 100 }, "geometry": { "type": "Polygon", "coordinates": [ [ [ -77.788165591050543, 38.327715451760071 ], [ -77.787031929852958, 38.3275455188191 ], [ -77.786811963648262, 38.328421353856776 ], [ -77.785678294684175, 38.328251408446683 ], [ -77.785898273903285, 38.32737557542869 ], [ -77.784764623201838, 38.327205621589037 ], [ -77.784544630968469, 38.328081452587135 ], [ -77.783410972501471, 38.327911486278268 ], [ -77.783630977748885, 38.327035657300129 ], [ -77.783850977747505, 38.32615982788942 ], [ -77.784070972497531, 38.325283998045954 ], [ -77.785204591923218, 38.325453958295256 ], [ -77.786338216597059, 38.325623908095466 ], [ -77.787471846518727, 38.325793847446597 ], [ -77.788605481687966, 38.325963776348559 ], [ -77.788385538992969, 38.326839614270511 ], [ -77.788165591050543, 38.327715451760071 ] ] ] } },
{ "type": "Feature", "properties": { "id": "51_83", "growth_scenario": "high", "market_gravity_weight": 100 }, "geometry": { "type": "Polygon", "coordinates": [ [ [ -77.79270028831445, 38.328395079028851 ], [ -77.792480387184682, 38.32927092416368 ], [ -77.792260480808224, 38.330146768866882 ], [ -77.7911267725908, 38.329976873685581 ], [ -77.791346691982895, 38.329101031001727 ], [ -77.790213002028068, 38.328931127389907 ], [ -77.790432929188356, 38.328055286293612 ], [ -77.789299257495784, 38.327885374251636 ], [ -77.789519192423711, 38.327009534742601 ], [ -77.788385538992969, 38.326839614270511 ], [ -77.788605481687966, 38.325963776348559 ], [ -77.78973912210445, 38.326133694801335 ], [ -77.790872767767951, 38.326303602804742 ], [ -77.792006418678113, 38.326473500358809 ], [ -77.79314007483471, 38.326643387463449 ], [ -77.79292018419774, 38.327519233462183 ], [ -77.79270028831445, 38.328395079028851 ] ] ] } },
{ "type": "Feature", "properties": { "id": "51_84", "growth_scenario": "high", "market_gravity_weight": 100 }, "geometry": { "type": "Polygon", "coordinates": [ [ [ -77.766814534899112, 38.319060018654639 ], [ -77.76794801827667, 38.319230137993429 ], [ -77.767727849356362, 38.320105939265424 ], [ -77.766594352969435, 38.31993581790546 ], [ -77.766374165787326, 38.320811616721372 ], [ -77.766153973352601, 38.321687415102573 ], [ -77.765933775665076, 38.322563213049214 ], [ -77.764800245501306, 38.322393075177516 ], [ -77.765020456198883, 38.321517279252333 ], [ -77.763886944298264, 38.321347132954514 ], [ -77.76410716275231, 38.320471338616287 ], [ -77.762973669114444, 38.320301183892518 ], [ -77.76319389532442, 38.31942539114096 ], [ -77.764327375953172, 38.319595543843135 ], [ -77.76454758390102, 38.31871974863494 ], [ -77.765681056773801, 38.318889888868455 ], [ -77.765901246460118, 38.318014091203707 ], [ -77.767034711576528, 38.31818421896871 ], [ -77.766814534899112, 38.319060018654639 ] ] ] } },
{ "type": "Feature", "properties": { "id": "51_85", "growth_scenario": "high", "market_gravity_weight": 100 }, "geometry": { "type": "Polygon", "coordinates": [ [ [ -77.763854542435283, 38.316798010274439 ], [ -77.763634331984633, 38.317673804332074 ], [ -77.764767786596067, 38.317843952991431 ], [ -77.76454758390102, 38.31871974863494 ], [ -77.764327375953172, 38.319595543843135 ], [ -77.76319389532442, 38.31942539114096 ], [ -77.762060419948938, 38.319255227991412 ], [ -77.762280653914232, 38.318379436826255 ], [ -77.761147196800778, 38.318209265251234 ], [ -77.760013744941006, 38.318039083229166 ], [ -77.76023399966904, 38.317163295671861 ], [ -77.760454249143294, 38.31628750767868 ], [ -77.76158767498741, 38.316457685657461 ], [ -77.76272110608484, 38.316627853189388 ], [ -77.762941324290509, 38.315752060717308 ], [ -77.764074747633188, 38.315922215781036 ], [ -77.763854542435283, 38.316798010274439 ] ] ] } },
{ "type": "Feature", "properties": { "id": "51_86", "growth_scenario": "high", "market_gravity_weight": 100 }, "geometry": { "type": "Polygon", "coordinates": [ [ [ -77.768828641440109, 38.315726928553502 ], [ -77.769962078034254, 38.315897029361594 ], [ -77.769741943129105, 38.316772834395458 ], [ -77.769521802972832, 38.317648638993774 ], [ -77.768388340361568, 38.317478534144286 ], [ -77.768168181945015, 38.318354336286468 ], [ -77.76794801827667, 38.319230137993429 ], [ -77.766814534899112, 38.319060018654639 ], [ -77.767034711576528, 38.31818421896871 ], [ -77.765901246460118, 38.318014091203707 ], [ -77.766121430894088, 38.317138293103568 ], [ -77.766341610075898, 38.316262494567894 ], [ -77.766561784005745, 38.315386695596359 ], [ -77.767695210097173, 38.315556817298422 ], [ -77.76791536576745, 38.3146810158702 ], [ -77.769048784102452, 38.314851125104553 ], [ -77.768828641440109, 38.315726928553502 ] ] ] } },
{ "type": "Feature", "properties": { "id": "51_87", "growth_scenario": "high", "market_gravity_weight": 100 }, "geometry": { "type": "Polygon", "coordinates": [ [ [ -77.785170867525167, 38.320904842330854 ], [ -77.786304421887735, 38.32107479248247 ], [ -77.78608446638998, 38.321950626511878 ], [ -77.787218039012004, 38.322120568234254 ], [ -77.786998091279386, 38.322996403849366 ], [ -77.786778138299482, 38.323872239031111 ], [ -77.785644539652111, 38.323702293270031 ], [ -77.78451094625251, 38.323532337060101 ], [ -77.783377358100964, 38.323362370401433 ], [ -77.783597350118754, 38.322486541278217 ], [ -77.78381733688839, 38.321610711721391 ], [ -77.782683780009378, 38.321440738653457 ], [ -77.782903774542746, 38.320564910682421 ], [ -77.784037318410071, 38.320734881730786 ], [ -77.784257294683968, 38.319859051306231 ], [ -77.785390830787478, 38.320029009886895 ], [ -77.785170867525167, 38.320904842330854 ] ] ] } },
{ "type": "Feature", "properties": { "id": "51_88", "growth_scenario": "high", "market_gravity_weight": 100 }, "geometry": { "type": "Polygon", "coordinates": [ [ [ -77.79083869180721, 38.321754488603432 ], [ -77.790618788359524, 38.322630330709138 ], [ -77.791752381968223, 38.322800230636503 ], [ -77.791532486287551, 38.323676074327857 ], [ -77.790398879665574, 38.323506172381656 ], [ -77.789265278290046, 38.323336259986441 ], [ -77.789045351336313, 38.324212099206733 ], [ -77.787911742194296, 38.324042174343447 ], [ -77.788131682161207, 38.323166337142304 ], [ -77.786998091279386, 38.322996403849366 ], [ -77.787218039012004, 38.322120568234254 ], [ -77.78608446638998, 38.321950626511878 ], [ -77.786304421887735, 38.32107479248247 ], [ -77.787437981497519, 38.321244732185605 ], [ -77.787657918736144, 38.320368895703268 ], [ -77.788791470580691, 38.320538822938808 ], [ -77.788571546354234, 38.321414661440222 ], [ -77.78835161688113, 38.322290499507993 ], [ -77.78948519999706, 38.322460420332959 ], [ -77.789705116457554, 38.321584580246181 ], [ -77.7899250276717, 38.320708739725831 ], [ -77.791058590008859, 38.320878646064294 ], [ -77.79083869180721, 38.321754488603432 ] ] ] } },
{ "type": "Feature", "properties": { "id": "51_89", "growth_scenario": "high", "market_gravity_weight": 100 }, "geometry": { "type": "Polygon", "coordinates": [ [ [ -77.763381744943544, 38.314000474464898 ], [ -77.763161537243363, 38.314876267809211 ], [ -77.762028132160808, 38.314706104320003 ], [ -77.761807906200687, 38.315581895206819 ], [ -77.76067449336395, 38.31541171924956 ], [ -77.75954108578064, 38.315241532845747 ], [ -77.75840768345104, 38.315071335995292 ], [ -77.75862794843195, 38.314195551173135 ], [ -77.75884820815908, 38.313319765914414 ], [ -77.759068462632598, 38.312443980218987 ], [ -77.760201825942858, 38.312614171004704 ], [ -77.761335194506231, 38.312784351344192 ], [ -77.762468568322475, 38.31295452123738 ], [ -77.762248352868014, 38.313830312996934 ], [ -77.763381744943544, 38.314000474464898 ] ] ] } },
{ "type": "Feature", "properties": { "id": "51_9", "growth_scenario": "high", "market_gravity_weight": 100 }, "geometry": { "type": "Polygon", "coordinates": [ [ [ -77.439375935801991, 38.908797273454958 ], [ -77.440517824865765, 38.90897041319166 ], [ -77.440291937641277, 38.909845642768907 ], [ -77.440066044988257, 38.910720872034304 ], [ -77.439840146906533, 38.911596100988 ], [ -77.438698218290511, 38.911422954950666 ], [ -77.43755629510369, 38.911249798400469 ], [ -77.436414377346367, 38.911076631337444 ], [ -77.435272465018798, 38.910903453761726 ], [ -77.435498415836847, 38.910028233209786 ], [ -77.436640314980622, 38.910201408684912 ], [ -77.436866247185293, 38.909326185720509 ], [ -77.438008138574958, 38.909499348582571 ], [ -77.438234052166834, 38.908624123205712 ], [ -77.438459960329794, 38.90774889751664 ], [ -77.439601830781655, 38.907922045665757 ], [ -77.439375935801991, 38.908797273454958 ] ] ] } },
{ "type": "Feature", "properties": { "id": "51_90", "growth_scenario": "high", "market_gravity_weight": 100 }, "geometry": { "type": "Polygon", "coordinates": [ [ [ -77.773802595328746, 38.314655645605789 ], [ -77.773582509949904, 38.315531457572142 ], [ -77.772449070612495, 38.315361390125858 ], [ -77.771315636525259, 38.315191312232493 ], [ -77.771095519879353, 38.316067119722533 ], [ -77.772228966975092, 38.316237199636298 ], [ -77.772008858087318, 38.317113008711232 ], [ -77.770875397982792, 38.316942926776989 ], [ -77.770655270835405, 38.317818733396059 ], [ -77.769521802972832, 38.317648638993774 ], [ -77.769741943129105, 38.316772834395458 ], [ -77.769962078034254, 38.315897029361594 ], [ -77.768828641440109, 38.315726928553502 ], [ -77.769048784102452, 38.314851125104553 ], [ -77.770182207688464, 38.315021223892018 ], [ -77.770402332091933, 38.314145417986587 ], [ -77.771535747920694, 38.314315504306627 ], [ -77.772669168999727, 38.314485580179714 ], [ -77.772889262136971, 38.313609769797658 ], [ -77.774022675457886, 38.313779833203618 ], [ -77.775156094028304, 38.313949886162547 ], [ -77.774936026907483, 38.314825700584727 ], [ -77.773802595328746, 38.314655645605789 ] ] ] } },
{ "type": "Feature", "properties": { "id": "51_91", "growth_scenario": "high", "market_gravity_weight": 100 }, "geometry": { "type": "Polygon", "coordinates": [ [ [ -77.792631912233219, 38.319296851537317 ], [ -77.792412037535243, 38.320172696962601 ], [ -77.793545597351269, 38.320342580385123 ], [ -77.793325730420506, 38.321218427395095 ], [ -77.79445930849441, 38.321388302387327 ], [ -77.7942394493314, 38.322264150982356 ], [ -77.793105858244431, 38.322094273971622 ], [ -77.791972272402944, 38.321924386511959 ], [ -77.791752381968223, 38.322800230636503 ], [ -77.790618788359524, 38.322630330709138 ], [ -77.79083869180721, 38.321754488603432 ], [ -77.791058590008859, 38.320878646064294 ], [ -77.7899250276717, 38.320708739725831 ], [ -77.790144933639695, 38.319832898771772 ], [ -77.790364834361711, 38.318957057383713 ], [ -77.791498370674717, 38.319126959684723 ], [ -77.791718253139294, 38.318251115844035 ], [ -77.792851781685968, 38.318421005678168 ], [ -77.792631912233219, 38.319296851537317 ] ] ] } },
{ "type": "Feature", "properties": { "id": "51_92", "growth_scenario": "high", "market_gravity_weight": 100 }, "geometry": { "type": "Polygon", "coordinates": [ [ [ -77.787877850728023, 38.319493058786975 ], [ -77.789011389560727, 38.319662984003543 ], [ -77.788791470580691, 38.320538822938808 ], [ -77.787657918736144, 38.320368895703268 ], [ -77.787437981497519, 38.321244732185605 ], [ -77.786304421887735, 38.32107479248247 ], [ -77.785170867525167, 38.320904842330854 ], [ -77.785390830787478, 38.320029009886895 ], [ -77.785610788802515, 38.319153177008886 ], [ -77.784477265710294, 38.31898322044745 ], [ -77.784697231489204, 38.318107389154342 ], [ -77.785830741570422, 38.31827734369655 ], [ -77.786050689091411, 38.317401509949761 ], [ -77.787184191408642, 38.317571452024858 ], [ -77.788317698972335, 38.317741383651963 ], [ -77.788097777473354, 38.318617221436611 ], [ -77.787877850728023, 38.319493058786975 ] ] ] } },
{ "type": "Feature", "properties": { "id": "51_93", "growth_scenario": "high", "market_gravity_weight": 100 }, "geometry": { "type": "Polygon", "coordinates": [ [ [ -77.763822144586726, 38.312248886466769 ], [ -77.764955515901178, 38.312419033446169 ], [ -77.766088892467437, 38.312589169979042 ], [ -77.765868721285429, 38.313464968238222 ], [ -77.767002116110206, 38.313635096345415 ], [ -77.766781952683772, 38.314510896188928 ], [ -77.765648544851715, 38.31434076606093 ], [ -77.764515142271549, 38.314170625486248 ], [ -77.764294947578549, 38.315046420851729 ], [ -77.763161537243363, 38.314876267809211 ], [ -77.763381744943544, 38.314000474464898 ], [ -77.762248352868014, 38.313830312996934 ], [ -77.762468568322475, 38.31295452123738 ], [ -77.761335194506231, 38.312784351344192 ], [ -77.761555417714376, 38.311908561169091 ], [ -77.762688778524364, 38.312078729041062 ], [ -77.762908983473864, 38.311202936407931 ], [ -77.764042336530082, 38.311373091812648 ], [ -77.763822144586726, 38.312248886466769 ] ] ] } },
{ "type": "Feature", "properties": { "id": "51_94", "growth_scenario": "high", "market_gravity_weight": 100 }, "geometry": { "type": "Polygon", "coordinates": [ [ [ -77.790804620068585, 38.317205373305157 ], [ -77.79058472983796, 38.318081215561563 ], [ -77.791718253139294, 38.318251115844035 ], [ -77.791498370674717, 38.319126959684723 ], [ -77.790364834361711, 38.318957057383713 ], [ -77.790144933639695, 38.319832898771772 ], [ -77.7899250276717, 38.320708739725831 ], [ -77.789705116457554, 38.321584580246181 ], [ -77.788571546354234, 38.321414661440222 ], [ -77.788791470580691, 38.320538822938808 ], [ -77.789011389560727, 38.319662984003543 ], [ -77.787877850728023, 38.319493058786975 ], [ -77.788097777473354, 38.318617221436611 ], [ -77.788317698972335, 38.317741383651963 ], [ -77.788537615225138, 38.316865545432741 ], [ -77.789671115024021, 38.31703546459299 ], [ -77.789891013020124, 38.316159623920484 ], [ -77.791024505053812, 38.316329530614169 ], [ -77.790804620068585, 38.317205373305157 ] ] ] } },
{ "type": "Feature", "properties": { "id": "51_95", "growth_scenario": "high", "market_gravity_weight": 100 }, "geometry": { "type": "Polygon", "coordinates": [ [ [ -77.771755854065859, 38.313439695944773 ], [ -77.770622451244847, 38.313269611645076 ], [ -77.769489053674207, 38.313099516898575 ], [ -77.769268921513756, 38.313975321219651 ], [ -77.768135516186419, 38.31380521400591 ], [ -77.768355661354235, 38.312929411705333 ], [ -77.767222274285231, 38.312759296065472 ], [ -77.766088892467437, 38.312589169979042 ], [ -77.766309058397937, 38.311713371283247 ], [ -77.767442427208991, 38.311883495349008 ], [ -77.767662574881726, 38.311007694195872 ], [ -77.768795935937234, 38.311177805794706 ], [ -77.769929302243327, 38.311347906947084 ], [ -77.771062673799719, 38.31151799765302 ], [ -77.772196050606098, 38.311688077912351 ], [ -77.771975954960936, 38.312563887146773 ], [ -77.771755854065859, 38.313439695944773 ] ] ] } },
{ "type": "Feature", "properties": { "id": "51_96", "growth_scenario": "high", "market_gravity_weight": 100 }, "geometry": { "type": "Polygon", "coordinates": [ [ [ -77.788757526231947, 38.315989706778936 ], [ -77.788537615225138, 38.316865545432741 ], [ -77.788317698972335, 38.317741383651963 ], [ -77.787184191408642, 38.317571452024858 ], [ -77.786050689091411, 38.317401509949761 ], [ -77.785830741570422, 38.31827734369655 ], [ -77.784697231489204, 38.318107389154342 ], [ -77.784917192020913, 38.317231557426659 ], [ -77.785137147305591, 38.316355725264252 ], [ -77.784003668492375, 38.316185764312351 ], [ -77.784223631540158, 38.315309933734056 ], [ -77.785357097343407, 38.315479892666893 ], [ -77.785577042134577, 38.314604059634334 ], [ -77.786710500174621, 38.314774006100699 ], [ -77.787843963460844, 38.314943942119299 ], [ -77.787624044689593, 38.315819779189361 ], [ -77.788757526231947, 38.315989706778936 ] ] ] } },
{ "type": "Feature", "properties": { "id": "51_97", "growth_scenario": "high", "market_gravity_weight": 100 }, "geometry": { "type": "Polygon", "coordinates": [ [ [ -77.794425012625084, 38.316839188006433 ], [ -77.794205166673649, 38.317715036752318 ], [ -77.79398531547767, 38.318590885063884 ], [ -77.793765459036933, 38.319466732941422 ], [ -77.792631912233219, 38.319296851537317 ], [ -77.792851781685968, 38.318421005678168 ], [ -77.791718253139294, 38.318251115844035 ], [ -77.79058472983796, 38.318081215561563 ], [ -77.790804620068585, 38.317205373305157 ], [ -77.791024505053812, 38.316329530614169 ], [ -77.789891013020124, 38.316159623920484 ], [ -77.790110905770732, 38.315283782813253 ], [ -77.791244384793785, 38.315453687488521 ], [ -77.792377869061923, 38.315623581715776 ], [ -77.792158002332727, 38.316499426859771 ], [ -77.793291504856569, 38.316669312657183 ], [ -77.793511358574804, 38.31579346549502 ], [ -77.794644853332144, 38.315963338826172 ], [ -77.794425012625084, 38.316839188006433 ] ] ] } },
{ "type": "Feature", "properties": { "id": "51_98", "growth_scenario": "high", "market_gravity_weight": 100 }, "geometry": { "type": "Polygon", "coordinates": [ [ [ -77.769236189517912, 38.309426198136762 ], [ -77.769016065352758, 38.31030200218423 ], [ -77.768795935937234, 38.311177805794706 ], [ -77.767662574881726, 38.311007694195872 ], [ -77.767442427208991, 38.311883495349008 ], [ -77.766309058397937, 38.311713371283247 ], [ -77.765175694838192, 38.311543236771129 ], [ -77.765395868523584, 38.310667439659234 ], [ -77.765616036957539, 38.309791642110213 ], [ -77.765836200140242, 38.308915844123945 ], [ -77.766056358071879, 38.30804004570016 ], [ -77.767189669608356, 38.308210172130124 ], [ -77.768322986395447, 38.308380288114087 ], [ -77.768102854474762, 38.3092560905786 ], [ -77.769236189517912, 38.309426198136762 ] ] ] } },
{ "type": "Feature", "properties": { "id": "51_99", "growth_scenario": "high", "market_gravity_weight": 100 }, "geometry": { "type": "Polygon", "coordinates": [ [ [ -77.773769582189729, 38.310106523906548 ], [ -77.774902943481052, 38.310276579232919 ], [ -77.774682884348891, 38.31115239338029 ], [ -77.774462819967766, 38.312028207091053 ], [ -77.774242750337478, 38.312904020365458 ], [ -77.773109350024399, 38.312733958979464 ], [ -77.771975954960936, 38.312563887146773 ], [ -77.772196050606098, 38.311688077912351 ], [ -77.771062673799719, 38.31151799765302 ], [ -77.769929302243327, 38.311347906947084 ], [ -77.770149418652352, 38.310472101316357 ], [ -77.771282777202032, 38.31064219000212 ], [ -77.771502875354543, 38.309766381914372 ], [ -77.772636226147469, 38.309936458133663 ], [ -77.772856306044019, 38.309060647588971 ], [ -77.773989649079795, 38.309230711342096 ], [ -77.773769582189729, 38.310106523906548 ] ] ] } },
{ "type": "Feature", "properties": { "id": "53_0", "growth_scenario": "high", "market_gravity_weight": 100 }, "geometry": { "type": "Polygon", "coordinates": [ [ [ -119.902140172078447, 47.247844062327303 ], [ -119.903412566160384, 47.247618975093822 ], [ -119.904684951486942, 47.247393876302546 ], [ -119.905957328057738, 47.247168765953631 ], [ -119.907229695872388, 47.246943644047221 ], [ -119.907556712795127, 47.247819587600013 ], [ -119.908829087763237, 47.247594450459317 ], [ -119.91010145397415, 47.247369301761196 ], [ -119.910428511473995, 47.248245239763499 ], [ -119.909156129353121, 47.248470392138891 ], [ -119.907883738474723, 47.248695532956752 ], [ -119.906611338839127, 47.248920662216925 ], [ -119.905338930446703, 47.249145779919367 ], [ -119.904066513297835, 47.249370886063808 ], [ -119.902794087392891, 47.249595980650241 ], [ -119.902467125357987, 47.248720020586461 ], [ -119.902140172078447, 47.247844062327303 ] ] ] } },
{ "type": "Feature", "properties": { "id": "53_1", "growth_scenario": "high", "market_gravity_weight": 100 }, "geometry": { "type": "Polygon", "coordinates": [ [ [ -119.902140172078447, 47.247844062327303 ], [ -119.902467125357987, 47.248720020586461 ], [ -119.902794087392891, 47.249595980650241 ], [ -119.901521652732214, 47.24982106367839 ], [ -119.900249209316215, 47.25004613514826 ], [ -119.898976757145206, 47.250271195059597 ], [ -119.897704296219587, 47.250496243412307 ], [ -119.897377397834831, 47.249620268643774 ], [ -119.898649842847391, 47.249395223967014 ], [ -119.898322937303874, 47.24851925467965 ], [ -119.899595357649815, 47.248294202120341 ], [ -119.899268444948248, 47.247418238313458 ], [ -119.900540840628253, 47.247193177871907 ], [ -119.901813227553916, 47.246968105872398 ], [ -119.903085605724911, 47.246743022315073 ], [ -119.903412566160384, 47.247618975093822 ], [ -119.902140172078447, 47.247844062327303 ] ] ] } },
{ "type": "Feature", "properties": { "id": "53_10", "growth_scenario": "high", "market_gravity_weight": 100 }, "geometry": { "type": "Polygon", "coordinates": [ [ [ -119.887524293692167, 47.252296214105797 ], [ -119.886251753991417, 47.252521158424358 ], [ -119.886578517894122, 47.253397168077406 ], [ -119.886905290548142, 47.254273179537954 ], [ -119.885632710262342, 47.25449811964608 ], [ -119.885305953525574, 47.253622104510612 ], [ -119.884033380406066, 47.253847029383451 ], [ -119.882760798535983, 47.254071942695873 ], [ -119.88243408238489, 47.253195922019053 ], [ -119.883706648337423, 47.252971012381096 ], [ -119.883379925019014, 47.252094997186383 ], [ -119.88305321045047, 47.251218983798957 ], [ -119.884325735819445, 47.250994069949257 ], [ -119.885598252438541, 47.250769144539653 ], [ -119.886870760307332, 47.250544207570293 ], [ -119.887197522624248, 47.251420209934651 ], [ -119.887524293692167, 47.252296214105797 ] ] ] } },
{ "type": "Feature", "properties": { "id": "53_11", "growth_scenario": "high", "market_gravity_weight": 100 }, "geometry": { "type": "Polygon", "coordinates": [ [ [ -119.898906328870112, 47.242813404273612 ], [ -119.900178636244817, 47.242588350651531 ], [ -119.900505536999347, 47.243464298089542 ], [ -119.900832446507167, 47.244340247330335 ], [ -119.89956010731315, 47.244565308302796 ], [ -119.89988700966444, 47.245441263022201 ], [ -119.90021392076936, 47.246317219545119 ], [ -119.898941541000625, 47.246542276311025 ], [ -119.897669152478272, 47.246767321518966 ], [ -119.89734227319552, 47.245891357645107 ], [ -119.897015402665659, 47.24501539557513 ], [ -119.896688540888363, 47.244139435308853 ], [ -119.897960881678046, 47.243914401126524 ], [ -119.897634012742813, 47.243038446338439 ], [ -119.897307152559819, 47.242162493353085 ], [ -119.898579452777653, 47.2419374549631 ], [ -119.898906328870112, 47.242813404273612 ] ] ] } },
{ "type": "Feature", "properties": { "id": "53_12", "growth_scenario": "high", "market_gravity_weight": 100 }, "geometry": { "type": "Polygon", "coordinates": [ [ [ -119.911010844896822, 47.242539343497846 ], [ -119.912283105294776, 47.242314178514299 ], [ -119.912610166732549, 47.24319009647224 ], [ -119.91133789042749, 47.243415265132498 ], [ -119.91006560536556, 47.243640422236496 ], [ -119.908793311547015, 47.243865567783928 ], [ -119.90752100897231, 47.244090701774752 ], [ -119.907194011164989, 47.243214769110523 ], [ -119.906867022113175, 47.242338838248465 ], [ -119.906540041816484, 47.24146290918835 ], [ -119.907812296667913, 47.24123778622598 ], [ -119.909084542764163, 47.241012651707535 ], [ -119.910356780104877, 47.240787505633016 ], [ -119.910683808122741, 47.241663423664761 ], [ -119.911010844896822, 47.242539343497846 ] ] ] } },
{ "type": "Feature", "properties": { "id": "53_13", "growth_scenario": "high", "market_gravity_weight": 100 }, "geometry": { "type": "Polygon", "coordinates": [ [ [ -119.910356780104877, 47.240787505633016 ], [ -119.911629008689715, 47.240562348002499 ], [ -119.912901228518294, 47.24033717881624 ], [ -119.914173439590215, 47.240111998074305 ], [ -119.914500515326168, 47.240987905076381 ], [ -119.915772733546461, 47.240762709102093 ], [ -119.91704494300906, 47.240537501572291 ], [ -119.917372059313394, 47.241413403020843 ], [ -119.917699184376147, 47.242289306270173 ], [ -119.916426943102465, 47.242514521154497 ], [ -119.916099833945424, 47.241638614227817 ], [ -119.914827599819432, 47.241863813879149 ], [ -119.913555356935746, 47.242089001974719 ], [ -119.913882434280296, 47.24296491625563 ], [ -119.912610166732549, 47.24319009647224 ], [ -119.912283105294776, 47.242314178514299 ], [ -119.911010844896822, 47.242539343497846 ], [ -119.910683808122741, 47.241663423664761 ], [ -119.910356780104877, 47.240787505633016 ] ] ] } },
{ "type": "Feature", "properties": { "id": "53_14", "growth_scenario": "high", "market_gravity_weight": 100 }, "geometry": { "type": "Polygon", "coordinates": [ [ [ -119.89574303721291, 47.245240421874762 ], [ -119.89606989183153, 47.246116387619736 ], [ -119.896396755202687, 47.246992355168842 ], [ -119.895124349174225, 47.247217377260533 ], [ -119.894797501715004, 47.246341406036329 ], [ -119.893525102846311, 47.246566412894694 ], [ -119.892252695225793, 47.246791408194703 ], [ -119.89098027885386, 47.247016391936228 ], [ -119.890653487883583, 47.246140411492412 ], [ -119.891925888342925, 47.245915431425381 ], [ -119.89159909021113, 47.245039456460418 ], [ -119.892871466007463, 47.244814468509503 ], [ -119.892544660714904, 47.243938499022796 ], [ -119.893817011848967, 47.24371350318826 ], [ -119.895089354231885, 47.243488495795859 ], [ -119.895416191346456, 47.244364457933585 ], [ -119.89574303721291, 47.245240421874762 ] ] ] } },
{ "type": "Feature", "properties": { "id": "53_15", "growth_scenario": "high", "market_gravity_weight": 100 }, "geometry": { "type": "Polygon", "coordinates": [ [ [ -119.902396300916223, 47.241262270451251 ], [ -119.903668566122874, 47.241037185833839 ], [ -119.904940822575782, 47.240812089659968 ], [ -119.906213070274589, 47.240586981929738 ], [ -119.907485309218998, 47.240361862643248 ], [ -119.907812296667913, 47.24123778622598 ], [ -119.906540041816484, 47.24146290918835 ], [ -119.906867022113175, 47.242338838248465 ], [ -119.907194011164989, 47.243214769110523 ], [ -119.905921715742949, 47.243439887868348 ], [ -119.90559474259922, 47.242563953330283 ], [ -119.904322454330497, 47.242789056855436 ], [ -119.903050157307362, 47.243014148823718 ], [ -119.902723224734942, 47.242138208736421 ], [ -119.901450934866546, 47.242363285472422 ], [ -119.901124026956253, 47.241487343512048 ], [ -119.900797127798924, 47.240611403353611 ], [ -119.902069385850879, 47.240386333967869 ], [ -119.902396300916223, 47.241262270451251 ] ] ] } },
{ "type": "Feature", "properties": { "id": "53_16", "growth_scenario": "high", "market_gravity_weight": 100 }, "geometry": { "type": "Polygon", "coordinates": [ [ [ -119.881161507682492, 47.253420820096487 ], [ -119.88243408238489, 47.253195922019053 ], [ -119.882760798535983, 47.254071942695873 ], [ -119.883087523437283, 47.254947965180683 ], [ -119.881814916898719, 47.255172870606877 ], [ -119.882141634631964, 47.256048898574768 ], [ -119.880869003424266, 47.256273796114591 ], [ -119.879596363466419, 47.256498682093138 ], [ -119.878323714758764, 47.256723556510401 ], [ -119.87799704478347, 47.255847517519449 ], [ -119.879269677571457, 47.255622646776402 ], [ -119.878943000425977, 47.254746613268622 ], [ -119.878616332029594, 47.25387058156938 ], [ -119.879888924230599, 47.253645706613334 ], [ -119.879562248664797, 47.252769680396284 ], [ -119.880834816198785, 47.252544797553405 ], [ -119.881161507682492, 47.253420820096487 ] ] ] } },
{ "type": "Feature", "properties": { "id": "53_17", "growth_scenario": "high", "market_gravity_weight": 100 }, "geometry": { "type": "Polygon", "coordinates": [ [ [ -119.886544006741047, 47.24966820701237 ], [ -119.886870760307332, 47.250544207570293 ], [ -119.885598252438541, 47.250769144539653 ], [ -119.884325735819445, 47.250994069949257 ], [ -119.88305321045047, 47.251218983798957 ], [ -119.881780676331942, 47.251443886088516 ], [ -119.881453986429406, 47.250567870834281 ], [ -119.882726504631478, 47.250342972218476 ], [ -119.882399807561683, 47.249466962444771 ], [ -119.882073119240758, 47.248590954477478 ], [ -119.883345596862497, 47.248366051649285 ], [ -119.884618065735381, 47.248141137261676 ], [ -119.885890525859026, 47.247916211314724 ], [ -119.886217261925069, 47.24879220826061 ], [ -119.886544006741047, 47.24966820701237 ] ] ] } },
{ "type": "Feature", "properties": { "id": "53_18", "growth_scenario": "high", "market_gravity_weight": 100 }, "geometry": { "type": "Polygon", "coordinates": [ [ [ -119.881453986429406, 47.250567870834281 ], [ -119.881780676331942, 47.251443886088516 ], [ -119.88305321045047, 47.251218983798957 ], [ -119.883379925019014, 47.252094997186383 ], [ -119.883706648337423, 47.252971012381096 ], [ -119.88243408238489, 47.253195922019053 ], [ -119.881161507682492, 47.253420820096487 ], [ -119.880834816198785, 47.252544797553405 ], [ -119.879562248664797, 47.252769680396284 ], [ -119.878289672381982, 47.252994551678533 ], [ -119.877963021482771, 47.252118523595698 ], [ -119.877636379331662, 47.251242497320568 ], [ -119.878908923779136, 47.25101763338543 ], [ -119.880181459478507, 47.25079275788994 ], [ -119.879854794241226, 47.24991674076891 ], [ -119.881127305275697, 47.249691857386843 ], [ -119.881453986429406, 47.250567870834281 ] ] ] } },
{ "type": "Feature", "properties": { "id": "53_19", "growth_scenario": "high", "market_gravity_weight": 100 }, "geometry": { "type": "Polygon", "coordinates": [ [ [ -119.914464419524109, 47.237259106602011 ], [ -119.915736565368917, 47.237033913779136 ], [ -119.916063646643082, 47.237909808027851 ], [ -119.916390736674245, 47.238785704076051 ], [ -119.916717835462805, 47.239661601924084 ], [ -119.915445641905194, 47.239886805776891 ], [ -119.914173439590215, 47.240111998074305 ], [ -119.913846372611275, 47.239236092872744 ], [ -119.91257417744464, 47.239461269938154 ], [ -119.911301973521731, 47.23968643544805 ], [ -119.910974947109679, 47.238810524694095 ], [ -119.912247135127288, 47.238585362860448 ], [ -119.911920101565883, 47.237709457582739 ], [ -119.913192264922969, 47.23748428786989 ], [ -119.91286522421295, 47.236608388068007 ], [ -119.914137362910182, 47.236383210476227 ], [ -119.914464419524109, 47.237259106602011 ] ] ] } },
{ "type": "Feature", "properties": { "id": "53_2", "growth_scenario": "high", "market_gravity_weight": 100 }, "geometry": { "type": "Polygon", "coordinates": [ [ [ -119.911992007759949, 47.245167113807987 ], [ -119.910719690882019, 47.245392278265776 ], [ -119.911046746775952, 47.246268208984354 ], [ -119.909774405231872, 47.246493365562394 ], [ -119.90850205493058, 47.246718510583428 ], [ -119.907229695872388, 47.246943644047221 ], [ -119.906902687706136, 47.246067702297921 ], [ -119.906575688296044, 47.245191762351887 ], [ -119.90784801553545, 47.244966636241443 ], [ -119.90752100897231, 47.244090701774752 ], [ -119.908793311547015, 47.243865567783928 ], [ -119.91006560536556, 47.243640422236496 ], [ -119.91133789042749, 47.243415265132498 ], [ -119.911664944715099, 47.244291188569157 ], [ -119.911992007759949, 47.245167113807987 ] ] ] } },
{ "type": "Feature", "properties": { "id": "53_20", "growth_scenario": "high", "market_gravity_weight": 100 }, "geometry": { "type": "Polygon", "coordinates": [ [ [ -119.896034843590058, 47.242387520185922 ], [ -119.896361687863276, 47.243263476845897 ], [ -119.896688540888363, 47.244139435308853 ], [ -119.895416191346456, 47.244364457933585 ], [ -119.895089354231885, 47.243488495795859 ], [ -119.893817011848967, 47.24371350318826 ], [ -119.892544660714904, 47.243938499022796 ], [ -119.891272300830082, 47.244163483299495 ], [ -119.890945520199452, 47.243287511942341 ], [ -119.892217864173105, 47.243062531339724 ], [ -119.891891076381754, 47.242186565459903 ], [ -119.893163395694529, 47.241961576973658 ], [ -119.892836600743152, 47.241085616570615 ], [ -119.894108895395746, 47.240860620200884 ], [ -119.895381181297878, 47.240635612273927 ], [ -119.895708008068382, 47.241511565328693 ], [ -119.896034843590058, 47.242387520185922 ] ] ] } },
{ "type": "Feature", "properties": { "id": "53_21", "growth_scenario": "high", "market_gravity_weight": 100 }, "geometry": { "type": "Polygon", "coordinates": [ [ [ -119.878289672381982, 47.252994551678533 ], [ -119.879562248664797, 47.252769680396284 ], [ -119.879888924230599, 47.253645706613334 ], [ -119.878616332029594, 47.25387058156938 ], [ -119.878943000425977, 47.254746613268622 ], [ -119.879269677571457, 47.255622646776402 ], [ -119.87799704478347, 47.255847517519449 ], [ -119.878323714758764, 47.256723556510401 ], [ -119.877051057301685, 47.256948419366196 ], [ -119.876724403246399, 47.256072376701113 ], [ -119.875451752960601, 47.256297224321358 ], [ -119.875125123574023, 47.255421179791895 ], [ -119.876397757939813, 47.255196335845383 ], [ -119.876071121381656, 47.254320296798674 ], [ -119.875744493571489, 47.253444259560567 ], [ -119.877017087350765, 47.253219411400039 ], [ -119.876690452369743, 47.252343379643698 ], [ -119.877963021482771, 47.252118523595698 ], [ -119.878289672381982, 47.252994551678533 ] ] ] } },
{ "type": "Feature", "properties": { "id": "53_22", "growth_scenario": "high", "market_gravity_weight": 100 }, "geometry": { "type": "Polygon", "coordinates": [ [ [ -119.890945520199452, 47.243287511942341 ], [ -119.891272300830082, 47.244163483299495 ], [ -119.892544660714904, 47.243938499022796 ], [ -119.892871466007463, 47.244814468509503 ], [ -119.89159909021113, 47.245039456460418 ], [ -119.891925888342925, 47.245915431425381 ], [ -119.890653487883583, 47.246140411492412 ], [ -119.889381078673509, 47.246365380001016 ], [ -119.888108660713087, 47.246590336950938 ], [ -119.887781910319049, 47.245714350963468 ], [ -119.887455168674649, 47.244838366780577 ], [ -119.888727554809606, 47.244613417178513 ], [ -119.888400806002309, 47.243737438473573 ], [ -119.889673167475721, 47.243512480986958 ], [ -119.88934641150631, 47.242636507759507 ], [ -119.8906187483189, 47.24241154238856 ], [ -119.890945520199452, 47.243287511942341 ] ] ] } },
{ "type": "Feature", "properties": { "id": "53_23", "growth_scenario": "high", "market_gravity_weight": 100 }, "geometry": { "type": "Polygon", "coordinates": [ [ [ -119.910647929453205, 47.237934615740421 ], [ -119.910974947109679, 47.238810524694095 ], [ -119.911301973521731, 47.23968643544805 ], [ -119.910029760842917, 47.239911589402276 ], [ -119.908757539408555, 47.240136731800725 ], [ -119.907485309218998, 47.240361862643248 ], [ -119.907158330524879, 47.239485940861542 ], [ -119.905886107487163, 47.239711056472395 ], [ -119.904613875695375, 47.239936160527087 ], [ -119.904286937568685, 47.239060233195431 ], [ -119.905559153453851, 47.238835132816021 ], [ -119.906831360585244, 47.238610020880579 ], [ -119.906504399399751, 47.237734102700195 ], [ -119.907776581871417, 47.237508982884457 ], [ -119.909048755588927, 47.23728385151324 ], [ -119.90937574858529, 47.238159762342661 ], [ -119.910647929453205, 47.237934615740421 ] ] ] } },
{ "type": "Feature", "properties": { "id": "53_24", "growth_scenario": "high", "market_gravity_weight": 100 }, "geometry": { "type": "Polygon", "coordinates": [ [ [ -119.887128435779573, 47.243962384402025 ], [ -119.888400806002309, 47.243737438473573 ], [ -119.888727554809606, 47.244613417178513 ], [ -119.887455168674649, 47.244838366780577 ], [ -119.887781910319049, 47.245714350963468 ], [ -119.888108660713087, 47.246590336950938 ], [ -119.886836234002644, 47.246815282342119 ], [ -119.885563798542606, 47.247040216174362 ], [ -119.884291354333271, 47.247265138447538 ], [ -119.883964651680074, 47.246389141438918 ], [ -119.88363795777542, 47.245513146235403 ], [ -119.884910370157201, 47.245288231309189 ], [ -119.884583669087547, 47.244412241583682 ], [ -119.885856056807839, 47.244187318772063 ], [ -119.885529348573911, 47.243311334524172 ], [ -119.886801711633453, 47.243086403827455 ], [ -119.887128435779573, 47.243962384402025 ] ] ] } },
{ "type": "Feature", "properties": { "id": "53_25", "growth_scenario": "high", "market_gravity_weight": 100 }, "geometry": { "type": "Polygon", "coordinates": [ [ [ -119.882073119240758, 47.248590954477478 ], [ -119.882399807561683, 47.249466962444771 ], [ -119.882726504631478, 47.250342972218476 ], [ -119.881453986429406, 47.250567870834281 ], [ -119.881127305275697, 47.249691857386843 ], [ -119.879854794241226, 47.24991674076891 ], [ -119.880181459478507, 47.25079275788994 ], [ -119.878908923779136, 47.25101763338543 ], [ -119.878582274458623, 47.250141612591044 ], [ -119.877309745928287, 47.250366472852939 ], [ -119.876983121272289, 47.24949045019239 ], [ -119.878255633885885, 47.249265593603575 ], [ -119.87792900206054, 47.248389576422774 ], [ -119.879201490010701, 47.248164711946977 ], [ -119.880473969213412, 47.247939835911438 ], [ -119.881746439668333, 47.247714948316222 ], [ -119.883018901375067, 47.247490049161577 ], [ -119.883345596862497, 47.248366051649285 ], [ -119.882073119240758, 47.248590954477478 ] ] ] } },
{ "type": "Feature", "properties": { "id": "53_26", "growth_scenario": "high", "market_gravity_weight": 100 }, "geometry": { "type": "Polygon", "coordinates": [ [ [ -119.903633087575187, 47.237308383934362 ], [ -119.904905271648147, 47.237083290904984 ], [ -119.905232208174269, 47.237959210960327 ], [ -119.906504399399751, 47.237734102700195 ], [ -119.906831360585244, 47.238610020880579 ], [ -119.905559153453851, 47.238835132816021 ], [ -119.904286937568685, 47.239060233195431 ], [ -119.904613875695375, 47.239936160527087 ], [ -119.9033416351498, 47.240161253025676 ], [ -119.902069385850879, 47.240386333967869 ], [ -119.901742479538527, 47.239510399285983 ], [ -119.901415581978853, 47.238634466405372 ], [ -119.901088693171488, 47.237758535325682 ], [ -119.902360894749506, 47.237533465407985 ], [ -119.9020339987879, 47.236657539803353 ], [ -119.903306175707669, 47.236432462004331 ], [ -119.903633087575187, 47.237308383934362 ] ] ] } },
{ "type": "Feature", "properties": { "id": "53_27", "growth_scenario": "high", "market_gravity_weight": 100 }, "geometry": { "type": "Polygon", "coordinates": [ [ [ -119.912538192258509, 47.235732490065402 ], [ -119.91286522421295, 47.236608388068007 ], [ -119.913192264922969, 47.23748428786989 ], [ -119.911920101565883, 47.237709457582739 ], [ -119.912247135127288, 47.238585362860448 ], [ -119.910974947109679, 47.238810524694095 ], [ -119.910647929453205, 47.237934615740421 ], [ -119.90937574858529, 47.238159762342661 ], [ -119.909048755588927, 47.23728385151324 ], [ -119.907776581871417, 47.237508982884457 ], [ -119.907449613534482, 47.236633070179458 ], [ -119.908721771347103, 47.236407942483609 ], [ -119.908394795859436, 47.235532035253541 ], [ -119.909666929013738, 47.235306899677774 ], [ -119.910939053413827, 47.23508175254711 ], [ -119.911266060709508, 47.235957652426428 ], [ -119.912538192258509, 47.235732490065402 ] ] ] } },
{ "type": "Feature", "properties": { "id": "53_28", "growth_scenario": "high", "market_gravity_weight": 100 }, "geometry": { "type": "Polygon", "coordinates": [ [ [ -119.873852480460172, 47.255646012176832 ], [ -119.874179093926443, 47.256522060379929 ], [ -119.874505716140689, 47.257398110392714 ], [ -119.874832347103265, 47.258274162215415 ], [ -119.8735596474787, 47.258498994059678 ], [ -119.87228693910582, 47.258723814341757 ], [ -119.871014221984993, 47.258948623061492 ], [ -119.869741496116603, 47.259173420218751 ], [ -119.869414928841678, 47.258297353701622 ], [ -119.870687638787658, 47.258072560217748 ], [ -119.87036106433753, 47.257196499184538 ], [ -119.871633749614546, 47.256971697811679 ], [ -119.871307167989954, 47.256095642261812 ], [ -119.872579828598703, 47.25587083300023 ], [ -119.872253239800386, 47.254994782933196 ], [ -119.873525875741549, 47.254769965783119 ], [ -119.873852480460172, 47.255646012176832 ] ] ] } },
{ "type": "Feature", "properties": { "id": "53_29", "growth_scenario": "high", "market_gravity_weight": 100 }, "geometry": { "type": "Polygon", "coordinates": [ [ [ -119.892836600743152, 47.241085616570615 ], [ -119.893163395694529, 47.241961576973658 ], [ -119.891891076381754, 47.242186565459903 ], [ -119.892217864173105, 47.243062531339724 ], [ -119.890945520199452, 47.243287511942341 ], [ -119.8906187483189, 47.24241154238856 ], [ -119.88934641150631, 47.242636507759507 ], [ -119.889673167475721, 47.243512480986958 ], [ -119.888400806002309, 47.243737438473573 ], [ -119.888074065944366, 47.242861461572481 ], [ -119.886801711633453, 47.243086403827455 ], [ -119.886474996235961, 47.242210425056577 ], [ -119.887747334635421, 47.241985486474931 ], [ -119.887420612075104, 47.241109513180533 ], [ -119.888692925815164, 47.240884566714215 ], [ -119.889965230806553, 47.240659608690301 ], [ -119.891237527048929, 47.240434639108905 ], [ -119.891564297340494, 47.241310601383027 ], [ -119.892836600743152, 47.241085616570615 ] ] ] } },
{ "type": "Feature", "properties": { "id": "53_3", "growth_scenario": "high", "market_gravity_weight": 100 }, "geometry": { "type": "Polygon", "coordinates": [ [ [ -119.898649842847391, 47.249395223967014 ], [ -119.897377397834831, 47.249620268643774 ], [ -119.897704296219587, 47.250496243412307 ], [ -119.896431826539711, 47.250721280206221 ], [ -119.895159348105949, 47.250946305441211 ], [ -119.893886860918641, 47.251171319117148 ], [ -119.893560010275124, 47.250295333321574 ], [ -119.893233168384455, 47.249419349331838 ], [ -119.894505623743925, 47.249194343006771 ], [ -119.894178774692335, 47.24831836449777 ], [ -119.895451205385967, 47.248093350289317 ], [ -119.89672362732675, 47.247868324522358 ], [ -119.8979960405143, 47.24764328719705 ], [ -119.898322937303874, 47.24851925467965 ], [ -119.898649842847391, 47.249395223967014 ] ] ] } },
{ "type": "Feature", "properties": { "id": "53_30", "growth_scenario": "high", "market_gravity_weight": 100 }, "geometry": { "type": "Polygon", "coordinates": [ [ [ -119.900761813116105, 47.236882606046585 ], [ -119.9020339987879, 47.236657539803353 ], [ -119.902360894749506, 47.237533465407985 ], [ -119.901088693171488, 47.237758535325682 ], [ -119.901415581978853, 47.238634466405372 ], [ -119.901742479538527, 47.239510399285983 ], [ -119.900470237394259, 47.239735464996883 ], [ -119.899197986497711, 47.239960519151204 ], [ -119.898871120753, 47.239084578921343 ], [ -119.897598877012499, 47.239309617844619 ], [ -119.897272035927017, 47.238433675741796 ], [ -119.896945203592423, 47.237557735440127 ], [ -119.898217415518019, 47.237332703865071 ], [ -119.899489618692698, 47.237107660733876 ], [ -119.89916276329518, 47.236231729580936 ], [ -119.900434941812378, 47.236006678567733 ], [ -119.900761813116105, 47.236882606046585 ] ] ] } },
{ "type": "Feature", "properties": { "id": "53_4", "growth_scenario": "high", "market_gravity_weight": 100 }, "geometry": { "type": "Polygon", "coordinates": [ [ [ -119.916754061017855, 47.243390429882396 ], [ -119.917081187691991, 47.244266340411706 ], [ -119.915808905846689, 47.244491551095265 ], [ -119.916136025372722, 47.245367467104181 ], [ -119.914863718861199, 47.245592669909158 ], [ -119.914536615242667, 47.244716750222565 ], [ -119.913264315880298, 47.244941937793527 ], [ -119.912937236927618, 47.244066016231841 ], [ -119.911664944715099, 47.244291188569157 ], [ -119.91133789042749, 47.243415265132498 ], [ -119.912610166732549, 47.24319009647224 ], [ -119.913882434280296, 47.24296491625563 ], [ -119.913555356935746, 47.242089001974719 ], [ -119.914827599819432, 47.241863813879149 ], [ -119.916099833945424, 47.241638614227817 ], [ -119.916426943102465, 47.242514521154497 ], [ -119.916754061017855, 47.243390429882396 ] ] ] } },
{ "type": "Feature", "properties": { "id": "53_5", "growth_scenario": "high", "market_gravity_weight": 100 }, "geometry": { "type": "Polygon", "coordinates": [ [ [ -119.905921715742949, 47.243439887868348 ], [ -119.907194011164989, 47.243214769110523 ], [ -119.90752100897231, 47.244090701774752 ], [ -119.90784801553545, 47.244966636241443 ], [ -119.906575688296044, 47.245191762351887 ], [ -119.906902687706136, 47.246067702297921 ], [ -119.905630335801405, 47.246292820527735 ], [ -119.904357975140869, 47.246517927200152 ], [ -119.903085605724911, 47.246743022315073 ], [ -119.902758654044518, 47.245867071340193 ], [ -119.90403100755023, 47.245641979901421 ], [ -119.903704048714658, 47.244766034405899 ], [ -119.903377098633797, 47.243890090713457 ], [ -119.904649411565742, 47.243664995069373 ], [ -119.904322454330497, 47.242789056855436 ], [ -119.90559474259922, 47.242563953330283 ], [ -119.905921715742949, 47.243439887868348 ] ] ] } },
{ "type": "Feature", "properties": { "id": "53_6", "growth_scenario": "high", "market_gravity_weight": 100 }, "geometry": { "type": "Polygon", "coordinates": [ [ [ -119.892906335246195, 47.248543367147647 ], [ -119.894178774692335, 47.24831836449777 ], [ -119.894505623743925, 47.249194343006771 ], [ -119.893233168384455, 47.249419349331838 ], [ -119.893560010275124, 47.250295333321574 ], [ -119.893886860918641, 47.251171319117148 ], [ -119.892614364978201, 47.251396321233855 ], [ -119.891341860284967, 47.251621311791183 ], [ -119.890069346839297, 47.251846290789118 ], [ -119.889742543940116, 47.250970293967711 ], [ -119.889415749792661, 47.250094298952789 ], [ -119.890688231408447, 47.249869327304985 ], [ -119.890361430097968, 47.248993337770841 ], [ -119.891633887047959, 47.248768358238706 ], [ -119.891307078575196, 47.247892374184907 ], [ -119.892579510860102, 47.247667386768732 ], [ -119.892906335246195, 47.248543367147647 ] ] ] } },
{ "type": "Feature", "properties": { "id": "53_7", "growth_scenario": "high", "market_gravity_weight": 100 }, "geometry": { "type": "Polygon", "coordinates": [ [ [ -119.886905290548142, 47.254273179537954 ], [ -119.887232071953804, 47.255149192806414 ], [ -119.885959475750425, 47.255374136589595 ], [ -119.886286249990121, 47.256250155341412 ], [ -119.885013629116798, 47.256475091239132 ], [ -119.883740999491863, 47.256700015575859 ], [ -119.882468361115713, 47.256924928351566 ], [ -119.88119571398866, 47.257149829565989 ], [ -119.880869003424266, 47.256273796114591 ], [ -119.882141634631964, 47.256048898574768 ], [ -119.881814916898719, 47.255172870606877 ], [ -119.883087523437283, 47.254947965180683 ], [ -119.882760798535983, 47.254071942695873 ], [ -119.884033380406066, 47.253847029383451 ], [ -119.885305953525574, 47.253622104510612 ], [ -119.885632710262342, 47.25449811964608 ], [ -119.886905290548142, 47.254273179537954 ] ] ] } },
{ "type": "Feature", "properties": { "id": "53_8", "growth_scenario": "high", "market_gravity_weight": 100 }, "geometry": { "type": "Polygon", "coordinates": [ [ [ -119.903050157307362, 47.243014148823718 ], [ -119.904322454330497, 47.242789056855436 ], [ -119.904649411565742, 47.243664995069373 ], [ -119.903377098633797, 47.243890090713457 ], [ -119.903704048714658, 47.244766034405899 ], [ -119.90403100755023, 47.245641979901421 ], [ -119.902758654044518, 47.245867071340193 ], [ -119.90148629178411, 47.24609215122144 ], [ -119.90021392076936, 47.246317219545119 ], [ -119.89988700966444, 47.245441263022201 ], [ -119.89956010731315, 47.244565308302796 ], [ -119.900832446507167, 47.244340247330335 ], [ -119.900505536999347, 47.243464298089542 ], [ -119.901777851530184, 47.243239229235215 ], [ -119.901450934866546, 47.242363285472422 ], [ -119.902723224734942, 47.242138208736421 ], [ -119.903050157307362, 47.243014148823718 ] ] ] } },
{ "type": "Feature", "properties": { "id": "53_9", "growth_scenario": "high", "market_gravity_weight": 100 }, "geometry": { "type": "Polygon", "coordinates": [ [ [ -119.891633887047959, 47.248768358238706 ], [ -119.890361430097968, 47.248993337770841 ], [ -119.890688231408447, 47.249869327304985 ], [ -119.889415749792661, 47.250094298952789 ], [ -119.889742543940116, 47.250970293967711 ], [ -119.890069346839297, 47.251846290789118 ], [ -119.888796824641574, 47.252071258227346 ], [ -119.888470037657854, 47.251195257731041 ], [ -119.88814325942549, 47.250319259041255 ], [ -119.887816489944129, 47.249443262157797 ], [ -119.887489729213442, 47.248567267080347 ], [ -119.887162977233061, 47.247691273808528 ], [ -119.888435419857132, 47.247466324743328 ], [ -119.889707853730826, 47.247241364119148 ], [ -119.89098027885386, 47.247016391936228 ], [ -119.891307078575196, 47.247892374184907 ], [ -119.891633887047959, 47.248768358238706 ] ] ] } },
{ "type": "Feature", "properties": { "id": "56_0", "growth_scenario": "high", "market_gravity_weight": 100 }, "geometry": { "type": "Polygon", "coordinates": [ [ [ -104.842064606956953, 41.112257095857409 ], [ -104.842176126517927, 41.113146382779661 ], [ -104.842287648883882, 41.114035670283585 ], [ -104.842399174054918, 41.11492495836945 ], [ -104.841204007928141, 41.11500793655965 ], [ -104.840008838996553, 41.115090903571769 ], [ -104.840120337172479, 41.115980194453734 ], [ -104.838925150536156, 41.116063151394449 ], [ -104.838813667260538, 41.115173859405836 ], [ -104.838702186788979, 41.114284567999569 ], [ -104.838590709121405, 41.113395277175371 ], [ -104.839785851057925, 41.113312323554624 ], [ -104.839674361295025, 41.112423034418853 ], [ -104.840869485528231, 41.112340070726951 ], [ -104.840757983670741, 41.11145078327943 ], [ -104.841953090200846, 41.111367809516693 ], [ -104.842064606956953, 41.112257095857409 ] ] ] } },
{ "type": "Feature", "properties": { "id": "56_1", "growth_scenario": "high", "market_gravity_weight": 100 }, "geometry": { "type": "Polygon", "coordinates": [ [ [ -104.841618556760608, 41.108699953980761 ], [ -104.84173006510278, 41.109589238578607 ], [ -104.841841576249479, 41.110478523757173 ], [ -104.841953090200846, 41.111367809516693 ], [ -104.840757983670741, 41.11145078327943 ], [ -104.840869485528231, 41.112340070726951 ], [ -104.839674361295025, 41.112423034418853 ], [ -104.839562874336238, 41.111533745864634 ], [ -104.838367762197734, 41.11161669727236 ], [ -104.838256292941438, 41.110727408193 ], [ -104.838144826488687, 41.109838119694857 ], [ -104.839339908830638, 41.109755170500001 ], [ -104.839228430283612, 41.108865883689027 ], [ -104.840423494924138, 41.108782924423458 ], [ -104.840312004283561, 41.107893639299547 ], [ -104.841507051222891, 41.107810669963463 ], [ -104.841618556760608, 41.108699953980761 ] ] ] } },
{ "type": "Feature", "properties": { "id": "56_10", "growth_scenario": "high", "market_gravity_weight": 100 }, "geometry": { "type": "Polygon", "coordinates": [ [ [ -104.832999952231276, 41.097636875683641 ], [ -104.834194834443423, 41.097553975499011 ], [ -104.834306231871381, 41.09844325809766 ], [ -104.834417632100667, 41.099332541274165 ], [ -104.833222720101645, 41.099415443669379 ], [ -104.83333410823839, 41.100304728529373 ], [ -104.832139178544196, 41.100387620854065 ], [ -104.830944246049199, 41.100470502002899 ], [ -104.830832887700751, 41.09958121493267 ], [ -104.829637967299604, 41.099664083800725 ], [ -104.829526626645432, 41.098774796203827 ], [ -104.830721532152637, 41.098691928440644 ], [ -104.830610179404758, 41.097802642526645 ], [ -104.831805067218255, 41.097719764692847 ], [ -104.831693702377407, 41.096830480461527 ], [ -104.832888572497424, 41.096747592557413 ], [ -104.832999952231276, 41.097636875683641 ] ] ] } },
{ "type": "Feature", "properties": { "id": "56_2", "growth_scenario": "high", "market_gravity_weight": 100 }, "geometry": { "type": "Polygon", "coordinates": [ [ [ -104.843451023411063, 41.104087576345115 ], [ -104.843562547523106, 41.104976855829605 ], [ -104.843674074439889, 41.105866135893542 ], [ -104.843785604161539, 41.106755416537204 ], [ -104.842590577727833, 41.106838407120179 ], [ -104.841395548489501, 41.106921386526366 ], [ -104.84020051644697, 41.107004354755937 ], [ -104.839005481600566, 41.107087311808705 ], [ -104.838894011464319, 41.106198026738824 ], [ -104.840089031414209, 41.10611507079237 ], [ -104.839977549185235, 41.105225787408742 ], [ -104.841172551435335, 41.105142821392107 ], [ -104.841061057114331, 41.104253539694326 ], [ -104.842256041664839, 41.104170563607838 ], [ -104.842144535252558, 41.103281283595841 ], [ -104.843339502103689, 41.103198297439718 ], [ -104.843451023411063, 41.104087576345115 ] ] ] } },
{ "type": "Feature", "properties": { "id": "56_3", "growth_scenario": "high", "market_gravity_weight": 100 }, "geometry": { "type": "Polygon", "coordinates": [ [ [ -104.838144826488687, 41.109838119694857 ], [ -104.838256292941438, 41.110727408193 ], [ -104.838367762197734, 41.11161669727236 ], [ -104.839562874336238, 41.111533745864634 ], [ -104.839674361295025, 41.112423034418853 ], [ -104.839785851057925, 41.113312323554624 ], [ -104.838590709121405, 41.113395277175371 ], [ -104.838702186788979, 41.114284567999569 ], [ -104.838813667260538, 41.115173859405836 ], [ -104.837618492720424, 41.115256804061737 ], [ -104.836423315376607, 41.115339737539351 ], [ -104.836311864705237, 41.114450443920227 ], [ -104.837507027148916, 41.114367511548906 ], [ -104.837395564380998, 41.113478219618273 ], [ -104.837284104416582, 41.112588928269574 ], [ -104.837172647255571, 41.111699637502475 ], [ -104.837061192897835, 41.110810347316857 ], [ -104.836949741343261, 41.109921057712413 ], [ -104.836838292591779, 41.109031768688908 ], [ -104.838033362839354, 41.108948831777553 ], [ -104.838144826488687, 41.109838119694857 ] ] ] } },
{ "type": "Feature", "properties": { "id": "56_4", "growth_scenario": "high", "market_gravity_weight": 100 }, "geometry": { "type": "Polygon", "coordinates": [ [ [ -104.838894011464319, 41.106198026738824 ], [ -104.839005481600566, 41.107087311808705 ], [ -104.84020051644697, 41.107004354755937 ], [ -104.841395548489501, 41.106921386526366 ], [ -104.841507051222891, 41.107810669963463 ], [ -104.840312004283561, 41.107893639299547 ], [ -104.840423494924138, 41.108782924423458 ], [ -104.839228430283612, 41.108865883689027 ], [ -104.839339908830638, 41.109755170500001 ], [ -104.838144826488687, 41.109838119694857 ], [ -104.838033362839354, 41.108948831777553 ], [ -104.836838292591779, 41.109031768688908 ], [ -104.836726846643273, 41.108142480246087 ], [ -104.836615403497632, 41.107253192383737 ], [ -104.837810443950644, 41.107170257684643 ], [ -104.837698988711026, 41.106280971508568 ], [ -104.837587536274441, 41.105391685912416 ], [ -104.838782544131476, 41.105308742248845 ], [ -104.838894011464319, 41.106198026738824 ] ] ] } },
{ "type": "Feature", "properties": { "id": "56_5", "growth_scenario": "high", "market_gravity_weight": 100 }, "geometry": { "type": "Polygon", "coordinates": [ [ [ -104.840726590974356, 41.10158569807588 ], [ -104.840838076883955, 41.10247497803649 ], [ -104.840949565597228, 41.103364258575908 ], [ -104.842144535252558, 41.103281283595841 ], [ -104.842256041664839, 41.104170563607838 ], [ -104.841061057114331, 41.104253539694326 ], [ -104.841172551435335, 41.105142821392107 ], [ -104.839977549185235, 41.105225787408742 ], [ -104.840089031414209, 41.10611507079237 ], [ -104.838894011464319, 41.106198026738824 ], [ -104.838782544131476, 41.105308742248845 ], [ -104.838671079601923, 41.104419458338462 ], [ -104.838559617875532, 41.103530175007428 ], [ -104.838448158952232, 41.102640892255657 ], [ -104.83964311931976, 41.10255794073408 ], [ -104.839531648304742, 41.101668659667283 ], [ -104.839420180092958, 41.100779379179066 ], [ -104.840615107868388, 41.100696418693907 ], [ -104.840726590974356, 41.10158569807588 ] ] ] } },
{ "type": "Feature", "properties": { "id": "56_6", "growth_scenario": "high", "market_gravity_weight": 100 }, "geometry": { "type": "Polygon", "coordinates": [ [ [ -104.834893836324582, 41.112754777409229 ], [ -104.836088971772099, 41.112671858428278 ], [ -104.836200416837102, 41.113561150883307 ], [ -104.836311864705237, 41.114450443920227 ], [ -104.835116699458339, 41.114533365113431 ], [ -104.835228135229471, 41.115422659838814 ], [ -104.834032952279344, 41.115505570959975 ], [ -104.832837766526623, 41.115588470902843 ], [ -104.832726360556293, 41.114699173965455 ], [ -104.831531186901913, 41.114782061624162 ], [ -104.831419798633931, 41.113892764163438 ], [ -104.832614957388131, 41.113809877610414 ], [ -104.832503557021951, 41.112920581837507 ], [ -104.833698698074414, 41.112837685212277 ], [ -104.833587285610818, 41.111948391127036 ], [ -104.834782408961743, 41.111865484429849 ], [ -104.834893836324582, 41.112754777409229 ] ] ] } },
{ "type": "Feature", "properties": { "id": "56_7", "growth_scenario": "high", "market_gravity_weight": 100 }, "geometry": { "type": "Polygon", "coordinates": [ [ [ -104.835420360241841, 41.107336115905909 ], [ -104.835531788490286, 41.108225404874275 ], [ -104.83564321954124, 41.10911469442307 ], [ -104.835754653394787, 41.110003984552677 ], [ -104.834559562643605, 41.110086900215542 ], [ -104.834448143688078, 41.109197608980018 ], [ -104.833253065032707, 41.109280512359739 ], [ -104.832057983575453, 41.109363404562124 ], [ -104.830862899316713, 41.109446285587133 ], [ -104.82966781225683, 41.109529155434764 ], [ -104.829556455695283, 41.108639860358061 ], [ -104.829445101934397, 41.107750565862091 ], [ -104.830640159198452, 41.107667698224965 ], [ -104.831835213661591, 41.107584819410768 ], [ -104.831946597217836, 41.108474111696125 ], [ -104.833141663777184, 41.108391220599295 ], [ -104.834336727534804, 41.108308318325335 ], [ -104.834225314183655, 41.107419028251222 ], [ -104.834113903634531, 41.106529738757423 ], [ -104.835308934795776, 41.106446827517928 ], [ -104.835420360241841, 41.107336115905909 ] ] ] } },
{ "type": "Feature", "properties": { "id": "56_8", "growth_scenario": "high", "market_gravity_weight": 100 }, "geometry": { "type": "Polygon", "coordinates": [ [ [ -104.835835379949401, 41.101028193579815 ], [ -104.837030316133095, 41.100945266622084 ], [ -104.837141754556171, 41.10183454932222 ], [ -104.835946803477952, 41.101917477385726 ], [ -104.836058229808643, 41.102806761770424 ], [ -104.836169658941557, 41.103696046734093 ], [ -104.836281090876795, 41.104585332277026 ], [ -104.836392525614485, 41.105474618399477 ], [ -104.835197512151993, 41.105557539709871 ], [ -104.835086092310391, 41.104668252481616 ], [ -104.834974675270871, 41.103778965832959 ], [ -104.834863261033306, 41.102889679763607 ], [ -104.833668289456114, 41.102972586580535 ], [ -104.832473315077436, 41.103055482221201 ], [ -104.83236193343204, 41.102166194519981 ], [ -104.833556892915524, 41.102083299984677 ], [ -104.833445499176321, 41.101194013967699 ], [ -104.834640440963682, 41.10111110936176 ], [ -104.834529035131396, 41.100221825028754 ], [ -104.835723959222861, 41.100138910352477 ], [ -104.835835379949401, 41.101028193579815 ] ] ] } },
{ "type": "Feature", "properties": { "id": "56_9", "growth_scenario": "high", "market_gravity_weight": 100 }, "geometry": { "type": "Polygon", "coordinates": [ [ [ -104.837668024966248, 41.096415929188709 ], [ -104.838862881078796, 41.096332985408786 ], [ -104.838974335276021, 41.097222263007502 ], [ -104.837779464270994, 41.097305207893264 ], [ -104.837890906378078, 41.09819448717527 ], [ -104.836696017677795, 41.098277421991497 ], [ -104.835501126175444, 41.09836034563228 ], [ -104.834306231871381, 41.09844325809766 ], [ -104.834194834443423, 41.097553975499011 ], [ -104.832999952231276, 41.097636875683641 ], [ -104.832888572497424, 41.096747592557413 ], [ -104.834083439816681, 41.096664693477976 ], [ -104.833972047991082, 41.095775412034314 ], [ -104.835166897616816, 41.095692502884987 ], [ -104.836361744441149, 41.095609582560691 ], [ -104.836473166051476, 41.096498861793606 ], [ -104.837668024966248, 41.096415929188709 ] ] ] } }
]
}
