{
"type": "FeatureCollection",
"name": "low_growth_50_market_gravity_epsg4326",
"crs": { "type": "name", "properties": { "name": "urn:ogc:def:crs:OGC:1.3:CRS84" } },
"features": [
{ "type": "Feature", "properties": { "id": "1_0", "growth_scenario": "low", "market_gravity_weight": 50 }, "geometry": { "type": "Polygon", "coordinates": [ [ [ -86.626433445298858, 34.834674343365954 ], [ -86.626324886171787, 34.835563920521828 ], [ -86.627421934305318, 34.835651945152449 ], [ -86.627313385212133, 34.836541522310874 ], [ -86.62841044839216, 34.836629537598036 ], [ -86.628301909333445, 34.837519114759132 ], [ -86.627204833612751, 34.837431098538076 ], [ -86.626107760398369, 34.837343072039523 ], [ -86.625999193751824, 34.838232646401707 ], [ -86.625890624598611, 34.839122219832973 ], [ -86.625782052938675, 34.840011792333584 ], [ -86.624684944607679, 34.83992375275507 ], [ -86.624793528808979, 34.83903418118868 ], [ -86.624902110503243, 34.838144608691522 ], [ -86.625010689690555, 34.837255035263524 ], [ -86.625119266371001, 34.836365460904361 ], [ -86.625227840544696, 34.835475885613938 ], [ -86.625336412211666, 34.834586309392108 ], [ -86.625444981372056, 34.833696732238565 ], [ -86.626542001919617, 34.833784765278459 ], [ -86.626433445298858, 34.834674343365954 ] ] ] } },
{ "type": "Feature", "properties": { "id": "1_1", "growth_scenario": "low", "market_gravity_weight": 50 }, "geometry": { "type": "Polygon", "coordinates": [ [ [ -86.637199755190252, 34.846317026452766 ], [ -86.63829696884477, 34.846404948294406 ], [ -86.639394185003255, 34.846492859857221 ], [ -86.639285758864759, 34.847382437987171 ], [ -86.640382990071444, 34.847470340204204 ], [ -86.640274573974025, 34.848359918338573 ], [ -86.639177330222523, 34.848272015188464 ], [ -86.63808008897486, 34.848184101759351 ], [ -86.636982850231306, 34.848096178051186 ], [ -86.635885613992173, 34.848008244064104 ], [ -86.635777145211279, 34.848897817536987 ], [ -86.634679898932077, 34.848809872337405 ], [ -86.634788380257717, 34.847920299798069 ], [ -86.63489685907841, 34.847030726330068 ], [ -86.635994080268361, 34.847118669662599 ], [ -86.636102544039957, 34.846229094332351 ], [ -86.636211005307032, 34.845339518073118 ], [ -86.637308203913335, 34.845427449260214 ], [ -86.637199755190252, 34.846317026452766 ] ] ] } },
{ "type": "Feature", "properties": { "id": "4_0", "growth_scenario": "low", "market_gravity_weight": 50 }, "geometry": { "type": "Polygon", "coordinates": [ [ [ -113.176426561429665, 34.563618170878947 ], [ -113.177507193996291, 34.563457428042881 ], [ -113.177704678468174, 34.564337045855012 ], [ -113.177902167431384, 34.565216662464849 ], [ -113.176821511108983, 34.56537740863935 ], [ -113.177018992685419, 34.566257025716425 ], [ -113.175938319993364, 34.566417763528662 ], [ -113.175740850295355, 34.565538144782302 ], [ -113.174660184990756, 34.565698870893804 ], [ -113.174462731662047, 34.564819249276468 ], [ -113.173382073745174, 34.564979963687371 ], [ -113.173184636785251, 34.564100339199122 ], [ -113.17298720431549, 34.56322071350877 ], [ -113.174067838476162, 34.563060002435556 ], [ -113.17514846814656, 34.562899281331042 ], [ -113.17534592437211, 34.563778903683648 ], [ -113.176426561429665, 34.563618170878947 ] ] ] } },
{ "type": "Feature", "properties": { "id": "4_1", "growth_scenario": "low", "market_gravity_weight": 50 }, "geometry": { "type": "Polygon", "coordinates": [ [ [ -113.17596000860695, 34.586412070086993 ], [ -113.174879052056298, 34.586572794471515 ], [ -113.175076565665222, 34.587452393974075 ], [ -113.173995592736262, 34.587613109995011 ], [ -113.174193098953182, 34.588492709970453 ], [ -113.173112109645601, 34.588653417627647 ], [ -113.172914615314198, 34.587773815981897 ], [ -113.171833633399288, 34.58793451193479 ], [ -113.171636155446151, 34.587054907421617 ], [ -113.171438681985464, 34.586175301711002 ], [ -113.172519640129792, 34.586014609098342 ], [ -113.17232215927649, 34.585135003860167 ], [ -113.173403101043505, 34.58497430288368 ], [ -113.174484038317885, 34.584813591873456 ], [ -113.175564971099377, 34.58465287082948 ], [ -113.175762487606505, 34.585532471057171 ], [ -113.17596000860695, 34.586412070086993 ] ], [ [ -113.174681542940561, 34.585693193771384 ], [ -113.173600593781572, 34.58585390645176 ], [ -113.173798091012458, 34.586733508822142 ], [ -113.174879052056298, 34.586572794471515 ], [ -113.174681542940561, 34.585693193771384 ] ] ] } },
{ "type": "Feature", "properties": { "id": "4_2", "growth_scenario": "low", "market_gravity_weight": 50 }, "geometry": { "type": "Polygon", "coordinates": [ [ [ -113.176843427779133, 34.58537173830922 ], [ -113.177040960664129, 34.586251335668642 ], [ -113.178121908227624, 34.586090591216568 ], [ -113.178319457490986, 34.586970185707635 ], [ -113.178517011248459, 34.58784977900104 ], [ -113.177436039915392, 34.588010526794342 ], [ -113.176355064088327, 34.588171264553743 ], [ -113.175274083767519, 34.58833199227913 ], [ -113.175471606363303, 34.589211589386963 ], [ -113.174390609663348, 34.589372308748729 ], [ -113.174193098953182, 34.588492709970453 ], [ -113.173995592736262, 34.587613109995011 ], [ -113.175076565665222, 34.587452393974075 ], [ -113.174879052056298, 34.586572794471515 ], [ -113.17596000860695, 34.586412070086993 ], [ -113.175762487606505, 34.585532471057171 ], [ -113.175564971099377, 34.58465287082948 ], [ -113.176645899387694, 34.58449213975193 ], [ -113.176843427779133, 34.58537173830922 ] ] ] } },
{ "type": "Feature", "properties": { "id": "4_3", "growth_scenario": "low", "market_gravity_weight": 50 }, "geometry": { "type": "Polygon", "coordinates": [ [ [ -111.709172209142139, 33.477717481173421 ], [ -111.70935047352755, 33.47860068886478 ], [ -111.710419047552747, 33.478453341888716 ], [ -111.710597327628079, 33.479336546734388 ], [ -111.709528741921915, 33.4794838951846 ], [ -111.709707014325346, 33.480367100133094 ], [ -111.70863841292875, 33.480514440095781 ], [ -111.707569807523186, 33.480661770096816 ], [ -111.707391558482612, 33.479778562200259 ], [ -111.707213313450637, 33.47889535293244 ], [ -111.70703507242709, 33.478012142293252 ], [ -111.705966498056966, 33.478159457910976 ], [ -111.704897919678785, 33.478306763567112 ], [ -111.704719706025458, 33.477423548609011 ], [ -111.705788272722629, 33.477276244426434 ], [ -111.706856835411855, 33.477128930282504 ], [ -111.707925394092896, 33.476981606177141 ], [ -111.708103642788899, 33.477864816714032 ], [ -111.709172209142139, 33.477717481173421 ] ] ] } },
{ "type": "Feature", "properties": { "id": "4_4", "growth_scenario": "low", "market_gravity_weight": 50 }, "geometry": { "type": "Polygon", "coordinates": [ [ [ -113.174951016411555, 34.562019657775998 ], [ -113.17514846814656, 34.562899281331042 ], [ -113.174067838476162, 34.563060002435556 ], [ -113.17298720431549, 34.56322071350877 ], [ -113.173184636785251, 34.564100339199122 ], [ -113.173382073745174, 34.564979963687371 ], [ -113.172301411338012, 34.565140668066832 ], [ -113.172103986256445, 34.564261041909745 ], [ -113.171906565664813, 34.563381414550605 ], [ -113.170825922524358, 34.563542105561083 ], [ -113.169745274894396, 34.563702786540077 ], [ -113.169547882548684, 34.562823154641656 ], [ -113.170628518300489, 34.562662475331145 ], [ -113.170431118565986, 34.561782843898904 ], [ -113.171511737950667, 34.561622156225575 ], [ -113.172592352845868, 34.561461458520931 ], [ -113.173672963251363, 34.561300750785215 ], [ -113.173870398618703, 34.562180377211632 ], [ -113.174951016411555, 34.562019657775998 ] ] ] } },
{ "type": "Feature", "properties": { "id": "4_5", "growth_scenario": "low", "market_gravity_weight": 50 }, "geometry": { "type": "Polygon", "coordinates": [ [ [ -113.174193098953182, 34.588492709970453 ], [ -113.174390609663348, 34.589372308748729 ], [ -113.173309608470007, 34.589533018076288 ], [ -113.172228602783505, 34.589693717369585 ], [ -113.1711475926041, 34.58985440662854 ], [ -113.170066577932047, 34.590015085853167 ], [ -113.170264045590642, 34.590894690115555 ], [ -113.169183014539556, 34.591055360975801 ], [ -113.168985558767616, 34.590175755043383 ], [ -113.16790453511102, 34.590336414199065 ], [ -113.167707095717731, 34.589456805400026 ], [ -113.167509660816165, 34.588577195404227 ], [ -113.168590660699962, 34.588416539588266 ], [ -113.168788107487785, 34.589296147914219 ], [ -113.169869114765859, 34.589135480394049 ], [ -113.170950117551698, 34.588974802839516 ], [ -113.170752646991772, 34.588095197853491 ], [ -113.171833633399288, 34.58793451193479 ], [ -113.172914615314198, 34.587773815981897 ], [ -113.173112109645601, 34.588653417627647 ], [ -113.174193098953182, 34.588492709970453 ] ] ] } },
{ "type": "Feature", "properties": { "id": "4_6", "growth_scenario": "low", "market_gravity_weight": 50 }, "geometry": { "type": "Polygon", "coordinates": [ [ [ -111.666619754535546, 33.440912753130078 ], [ -111.666797457169906, 33.441796072503685 ], [ -111.66697516379898, 33.442679390499819 ], [ -111.667152874422939, 33.443562707118588 ], [ -111.667330589041896, 33.444446022360253 ], [ -111.667508307655979, 33.445329336224866 ], [ -111.666440103704446, 33.445476291244191 ], [ -111.6653718957579, 33.445623236304201 ], [ -111.665194200492962, 33.44473991950273 ], [ -111.664126000226403, 33.444886853135223 ], [ -111.663948320630624, 33.444003533488669 ], [ -111.665016509222639, 33.443856601324455 ], [ -111.664838821946844, 33.442973281769092 ], [ -111.665906994870227, 33.442826341113928 ], [ -111.665729299914886, 33.441943021649543 ], [ -111.665551608954047, 33.441059700807742 ], [ -111.665373921987566, 33.440176378588262 ], [ -111.6664420558958, 33.440029432378793 ], [ -111.666619754535546, 33.440912753130078 ] ] ] } },
{ "type": "Feature", "properties": { "id": "4_7", "growth_scenario": "low", "market_gravity_weight": 50 }, "geometry": { "type": "Polygon", "coordinates": [ [ [ -111.888744809837192, 33.641669912281692 ], [ -111.888925470195773, 33.642552639788967 ], [ -111.889106134624384, 33.643435365951646 ], [ -111.888035648958194, 33.643584339322075 ], [ -111.888216305741977, 33.644467065639496 ], [ -111.887145804290753, 33.644616030535275 ], [ -111.8869651592221, 33.643733302718921 ], [ -111.885894665416316, 33.643882256142128 ], [ -111.885714036132327, 33.642999525482786 ], [ -111.88464354997231, 33.643148467433626 ], [ -111.884462936472502, 33.642265733931296 ], [ -111.885533410917645, 33.64211679347909 ], [ -111.885352789772114, 33.641234060130905 ], [ -111.886423248433587, 33.641085111203864 ], [ -111.887493703025797, 33.640936152303503 ], [ -111.887674347600239, 33.641818882654256 ], [ -111.888744809837192, 33.641669912281692 ] ] ] } },
{ "type": "Feature", "properties": { "id": "4_8", "growth_scenario": "low", "market_gravity_weight": 50 }, "geometry": { "type": "Polygon", "coordinates": [ [ [ -111.889286803123156, 33.64431809077 ], [ -111.890357296434033, 33.644169105926942 ], [ -111.890537980718236, 33.645051827901938 ], [ -111.890718669073095, 33.645934548532892 ], [ -111.889648152331773, 33.64608353637437 ], [ -111.889828833041875, 33.646966257160699 ], [ -111.888758300514226, 33.647115236527647 ], [ -111.887687763916119, 33.647264205920713 ], [ -111.887507106637642, 33.646381482135951 ], [ -111.886436577685316, 33.646530440055976 ], [ -111.886255936192669, 33.645647713428573 ], [ -111.887326453429225, 33.645498757007559 ], [ -111.887145804290753, 33.644616030535275 ], [ -111.888216305741977, 33.644467065639496 ], [ -111.888035648958194, 33.643584339322075 ], [ -111.889106134624384, 33.643435365951646 ], [ -111.889286803123156, 33.64431809077 ] ] ] } },
{ "type": "Feature", "properties": { "id": "6_0", "growth_scenario": "low", "market_gravity_weight": 50 }, "geometry": { "type": "Polygon", "coordinates": [ [ [ -121.490431241091002, 38.656970659131225 ], [ -121.490738671641537, 38.657830926409027 ], [ -121.491046109429078, 38.658691192959886 ], [ -121.489927554540714, 38.658927637897293 ], [ -121.490234987394359, 38.659787906514921 ], [ -121.489116413097605, 38.660024344123173 ], [ -121.488808992415315, 38.659164072712066 ], [ -121.487690423053181, 38.659400497404114 ], [ -121.487383021779024, 38.658540222473228 ], [ -121.487075627741135, 38.657679946815747 ], [ -121.485957075485501, 38.657916355798775 ], [ -121.485649700854765, 38.657056076621579 ], [ -121.48676824093927, 38.656819670431517 ], [ -121.487886773788006, 38.656583254118878 ], [ -121.489005299400731, 38.656346827683741 ], [ -121.489312710544141, 38.657207098481919 ], [ -121.490431241091002, 38.656970659131225 ] ] ] } },
{ "type": "Feature", "properties": { "id": "6_1", "growth_scenario": "low", "market_gravity_weight": 50 }, "geometry": { "type": "Polygon", "coordinates": [ [ [ -121.491857207122067, 38.657594474142584 ], [ -121.492975735365349, 38.657358011753729 ], [ -121.493283197493895, 38.658218272717555 ], [ -121.492164657080238, 38.658454737899945 ], [ -121.492472114275856, 38.659315000930334 ], [ -121.492779578709218, 38.660175263234095 ], [ -121.493087050380566, 38.661035524811268 ], [ -121.493394529290129, 38.661895785662047 ], [ -121.492275932954072, 38.662132251897241 ], [ -121.491968466216107, 38.661271988252473 ], [ -121.490849874813676, 38.661508441570852 ], [ -121.490542427485252, 38.660648174406077 ], [ -121.490234987394359, 38.659787906514921 ], [ -121.489927554540714, 38.658927637897293 ], [ -121.491046109429078, 38.658691192959886 ], [ -121.490738671641537, 38.657830926409027 ], [ -121.490431241091002, 38.656970659131225 ], [ -121.491549764401142, 38.65673420965819 ], [ -121.491857207122067, 38.657594474142584 ] ] ] } },
{ "type": "Feature", "properties": { "id": "6_10", "growth_scenario": "low", "market_gravity_weight": 50 }, "geometry": { "type": "Polygon", "coordinates": [ [ [ -121.474463902094911, 38.659419581760098 ], [ -121.474771155000525, 38.660279888861851 ], [ -121.475078415139507, 38.661140195238076 ], [ -121.475385682512126, 38.662000500889064 ], [ -121.474267026327567, 38.662236804100964 ], [ -121.473959771129302, 38.661376495657699 ], [ -121.473652523164446, 38.660516186489389 ], [ -121.472533884095242, 38.660752473993135 ], [ -121.472226655537639, 38.659892161307468 ], [ -121.471919434212722, 38.659031847896443 ], [ -121.470800812259128, 38.659268119692847 ], [ -121.46968218307336, 38.659504381365359 ], [ -121.46937499332887, 38.658644061645695 ], [ -121.470493610340498, 38.658407802764607 ], [ -121.471612220120178, 38.658171533759848 ], [ -121.472730822667728, 38.657935254631397 ], [ -121.473849417982848, 38.657698965379439 ], [ -121.474156656422437, 38.658559273932667 ], [ -121.474463902094911, 38.659419581760098 ] ] ] } },
{ "type": "Feature", "properties": { "id": "6_11", "growth_scenario": "low", "market_gravity_weight": 50 }, "geometry": { "type": "Polygon", "coordinates": [ [ [ -122.267883737510616, 38.259813084081578 ], [ -122.268993677170158, 38.259569603915921 ], [ -122.270103609474731, 38.259326113721492 ], [ -122.270418493182149, 38.260184415747403 ], [ -122.270733384245048, 38.261042716913927 ], [ -122.26962342809982, 38.261286212766286 ], [ -122.269938314597752, 38.262144515902691 ], [ -122.268828339176153, 38.262388004555199 ], [ -122.267718356399058, 38.262631483178609 ], [ -122.267403493743188, 38.261773174384167 ], [ -122.267088638442374, 38.260914864730807 ], [ -122.265978672152571, 38.261158327667303 ], [ -122.265663836127473, 38.260300014326248 ], [ -122.266773790496302, 38.260056554218401 ], [ -122.266458949904759, 38.25919824284675 ], [ -122.267568884998582, 38.258954775538605 ], [ -122.267883737510616, 38.259813084081578 ] ] ] } },
{ "type": "Feature", "properties": { "id": "6_12", "growth_scenario": "low", "market_gravity_weight": 50 }, "geometry": { "type": "Polygon", "coordinates": [ [ [ -121.473959771129302, 38.661376495657699 ], [ -121.474267026327567, 38.662236804100964 ], [ -121.475385682512126, 38.662000500889064 ], [ -121.475692957118611, 38.66286080581493 ], [ -121.47457428875947, 38.663097111819106 ], [ -121.474881558425267, 38.663957418812451 ], [ -121.475188835325213, 38.66481772508115 ], [ -121.475496119459521, 38.665678030625308 ], [ -121.475803410828476, 38.666538335445154 ], [ -121.476110709432334, 38.667398639540821 ], [ -121.476418015271307, 38.668258942912516 ], [ -121.475299266624134, 38.668495255548635 ], [ -121.474991972961433, 38.667634949383967 ], [ -121.474684686533635, 38.666774642495454 ], [ -121.474377407340484, 38.665914334882913 ], [ -121.474070135381751, 38.665054026546152 ], [ -121.47376287065714, 38.664193717485006 ], [ -121.473455613166436, 38.663333407699277 ], [ -121.473148362909384, 38.662473097188879 ], [ -121.472841119885729, 38.661612785953487 ], [ -121.472533884095242, 38.660752473993135 ], [ -121.473652523164446, 38.660516186489389 ], [ -121.473959771129302, 38.661376495657699 ] ] ] } },
{ "type": "Feature", "properties": { "id": "6_13", "growth_scenario": "low", "market_gravity_weight": 50 }, "geometry": { "type": "Polygon", "coordinates": [ [ [ -121.489534982673788, 38.664562131740503 ], [ -121.490653625069214, 38.664325690286411 ], [ -121.49096108917729, 38.665185957341848 ], [ -121.491268560523864, 38.666046223671948 ], [ -121.490149893782103, 38.666282670714253 ], [ -121.490457360193929, 38.667142939113468 ], [ -121.489338674039871, 38.667379378826467 ], [ -121.488219980647301, 38.667615808415803 ], [ -121.487912538583316, 38.666755534428219 ], [ -121.48679385012673, 38.666991951099696 ], [ -121.486486427474816, 38.66613167359337 ], [ -121.487605103757346, 38.665895259715803 ], [ -121.487297676169163, 38.665034984278435 ], [ -121.488416333040348, 38.664798563071194 ], [ -121.488108900516394, 38.663938289702408 ], [ -121.489227537976774, 38.663701861165578 ], [ -121.489534982673788, 38.664562131740503 ] ] ] } },
{ "type": "Feature", "properties": { "id": "6_2", "growth_scenario": "low", "market_gravity_weight": 50 }, "geometry": { "type": "Polygon", "coordinates": [ [ [ -121.937860595924974, 37.424626813150724 ], [ -121.938168104723786, 37.425486103063086 ], [ -121.937069543468922, 37.425726633570157 ], [ -121.937377047673067, 37.426585925179992 ], [ -121.936278467604481, 37.426826448449006 ], [ -121.93597097510478, 37.425967154125367 ], [ -121.934872399631558, 37.426207664728587 ], [ -121.934564925945367, 37.425348366675109 ], [ -121.934257459367785, 37.424489067605506 ], [ -121.933949999898545, 37.423629767519465 ], [ -121.935048540259103, 37.423389265056741 ], [ -121.936147073511279, 37.423148752642334 ], [ -121.937245599654901, 37.422908230276256 ], [ -121.937553094235426, 37.423767522221894 ], [ -121.937860595924974, 37.424626813150724 ] ] ] } },
{ "type": "Feature", "properties": { "id": "6_3", "growth_scenario": "low", "market_gravity_weight": 50 }, "geometry": { "type": "Polygon", "coordinates": [ [ [ -121.929555767377408, 37.424591677850941 ], [ -121.929863180028221, 37.425450988789791 ], [ -121.930170599786493, 37.426310298712679 ], [ -121.930478026652494, 37.427169607619867 ], [ -121.930785460626396, 37.428028915511383 ], [ -121.93109290170851, 37.428888222387492 ], [ -121.929994267281344, 37.429128688656235 ], [ -121.929686837905322, 37.428269379066698 ], [ -121.929379415637285, 37.427410068461796 ], [ -121.92828079751439, 37.427650519351239 ], [ -121.927973394059933, 37.426791205017707 ], [ -121.926874780535655, 37.427031643241435 ], [ -121.926567395894395, 37.426172325179451 ], [ -121.927665997712751, 37.425931889668625 ], [ -121.928764592424102, 37.425691444205398 ], [ -121.9284571914785, 37.424832130553511 ], [ -121.92814979763989, 37.423972815885733 ], [ -121.929248361833814, 37.423732365895972 ], [ -121.930346918920762, 37.423491905954151 ], [ -121.930654336169098, 37.424351215196126 ], [ -121.929555767377408, 37.424591677850941 ] ] ] } },
{ "type": "Feature", "properties": { "id": "6_4", "growth_scenario": "low", "market_gravity_weight": 50 }, "geometry": { "type": "Polygon", "coordinates": [ [ [ -121.928895625745966, 37.429369144972291 ], [ -121.929994267281344, 37.429128688656235 ], [ -121.93109290170851, 37.428888222387492 ], [ -121.932191529027264, 37.428647746166156 ], [ -121.933290149237351, 37.428407259992255 ], [ -121.934388762338571, 37.428166763866031 ], [ -121.934696245646649, 37.42902606158566 ], [ -121.935003736064047, 37.429885358289809 ], [ -121.93390509955141, 37.430125859843812 ], [ -121.932806455929381, 37.430366351445223 ], [ -121.931707805198229, 37.430606833093947 ], [ -121.930609147358197, 37.430847304789957 ], [ -121.929510482409484, 37.431087766533089 ], [ -121.929203050523626, 37.430228456260174 ], [ -121.928895625745966, 37.429369144972291 ] ] ] } },
{ "type": "Feature", "properties": { "id": "6_5", "growth_scenario": "low", "market_gravity_weight": 50 }, "geometry": { "type": "Polygon", "coordinates": [ [ [ -121.485957075485501, 38.657916355798775 ], [ -121.487075627741135, 38.657679946815747 ], [ -121.487383021779024, 38.658540222473228 ], [ -121.487690423053181, 38.659400497404114 ], [ -121.487997831563874, 38.660260771608584 ], [ -121.488305247311317, 38.661121045086745 ], [ -121.487186646368698, 38.661357465242695 ], [ -121.487494057180811, 38.662217740788321 ], [ -121.486375436828851, 38.662454153614618 ], [ -121.486068038189302, 38.6615938752755 ], [ -121.485760646786304, 38.660733596210541 ], [ -121.4854532626196, 38.659873316419613 ], [ -121.485145885688922, 38.65901303590244 ], [ -121.484838515994056, 38.658152754658992 ], [ -121.484531153534718, 38.657292472688958 ], [ -121.485649700854765, 38.657056076621579 ], [ -121.485957075485501, 38.657916355798775 ] ] ] } },
{ "type": "Feature", "properties": { "id": "6_6", "growth_scenario": "low", "market_gravity_weight": 50 }, "geometry": { "type": "Polygon", "coordinates": [ [ [ -121.480818594049808, 38.636796760506748 ], [ -121.481936839803836, 38.636560398280615 ], [ -121.482244084576436, 38.637420685846998 ], [ -121.483362335264857, 38.637184310710019 ], [ -121.48366959943337, 38.638044594754859 ], [ -121.483976870833118, 38.638904878068828 ], [ -121.48285859581425, 38.63914125878722 ], [ -121.481740313564075, 38.639377629384875 ], [ -121.480622024082891, 38.639613989861779 ], [ -121.480314789179957, 38.638753698175947 ], [ -121.479196504634089, 38.638990045741551 ], [ -121.478889289127551, 38.638129750534802 ], [ -121.480007561507563, 38.637893405759506 ], [ -121.479700341065467, 38.637033112612379 ], [ -121.479393127853399, 38.636172818734394 ], [ -121.480511368672609, 38.635936469418979 ], [ -121.480818594049808, 38.636796760506748 ] ] ] } },
{ "type": "Feature", "properties": { "id": "6_7", "growth_scenario": "low", "market_gravity_weight": 50 }, "geometry": { "type": "Polygon", "coordinates": [ [ [ -121.489116413097605, 38.660024344123173 ], [ -121.490234987394359, 38.659787906514921 ], [ -121.490542427485252, 38.660648174406077 ], [ -121.490849874813676, 38.661508441570852 ], [ -121.491157329379817, 38.662368708009531 ], [ -121.490038718567547, 38.662605153998854 ], [ -121.49034616819938, 38.663465422505496 ], [ -121.489227537976774, 38.663701861165578 ], [ -121.488920100517518, 38.66284158986511 ], [ -121.487801475229986, 38.663078015608157 ], [ -121.487494057180811, 38.662217740788321 ], [ -121.487186646368698, 38.661357465242695 ], [ -121.488305247311317, 38.661121045086745 ], [ -121.487997831563874, 38.660260771608584 ], [ -121.487690423053181, 38.659400497404114 ], [ -121.488808992415315, 38.659164072712066 ], [ -121.489116413097605, 38.660024344123173 ] ] ] } },
{ "type": "Feature", "properties": { "id": "6_8", "growth_scenario": "low", "market_gravity_weight": 50 }, "geometry": { "type": "Polygon", "coordinates": [ [ [ -121.492275932954072, 38.662132251897241 ], [ -121.493394529290129, 38.661895785662047 ], [ -121.493702015438188, 38.662756045786622 ], [ -121.492583406930308, 38.66299251481589 ], [ -121.492890888145013, 38.663852777008643 ], [ -121.493198376598457, 38.664713038475639 ], [ -121.492079736507236, 38.664949502970394 ], [ -121.492387220026885, 38.665809766506172 ], [ -121.491268560523864, 38.666046223671948 ], [ -121.49096108917729, 38.665185957341848 ], [ -121.490653625069214, 38.664325690286411 ], [ -121.489534982673788, 38.664562131740503 ], [ -121.489227537976774, 38.663701861165578 ], [ -121.49034616819938, 38.663465422505496 ], [ -121.490038718567547, 38.662605153998854 ], [ -121.491157329379817, 38.662368708009531 ], [ -121.490849874813676, 38.661508441570852 ], [ -121.491968466216107, 38.661271988252473 ], [ -121.492275932954072, 38.662132251897241 ] ] ] } },
{ "type": "Feature", "properties": { "id": "6_9", "growth_scenario": "low", "market_gravity_weight": 50 }, "geometry": { "type": "Polygon", "coordinates": [ [ [ -121.486375436828851, 38.662454153614618 ], [ -121.487494057180811, 38.662217740788321 ], [ -121.487801475229986, 38.663078015608157 ], [ -121.488920100517518, 38.66284158986511 ], [ -121.489227537976774, 38.663701861165578 ], [ -121.488108900516394, 38.663938289702408 ], [ -121.488416333040348, 38.664798563071194 ], [ -121.487297676169163, 38.665034984278435 ], [ -121.487605103757346, 38.665895259715803 ], [ -121.486486427474816, 38.66613167359337 ], [ -121.486179012060447, 38.665271395362133 ], [ -121.485871603883353, 38.664411116405894 ], [ -121.484752944711133, 38.664647514572366 ], [ -121.484445555944646, 38.663787232097398 ], [ -121.485564202943294, 38.663550836724404 ], [ -121.485256809240042, 38.66269055631755 ], [ -121.484949422773354, 38.661830275185103 ], [ -121.486068038189302, 38.6615938752755 ], [ -121.486375436828851, 38.662454153614618 ] ] ] } },
{ "type": "Feature", "properties": { "id": "8_0", "growth_scenario": "low", "market_gravity_weight": 50 }, "geometry": { "type": "Polygon", "coordinates": [ [ [ -104.784177880840019, 38.984646204790245 ], [ -104.784285434214183, 38.985534595497938 ], [ -104.784392990214641, 38.986422986233904 ], [ -104.784500548841493, 38.987311376998456 ], [ -104.783340249844727, 38.987393725664859 ], [ -104.783447797053043, 38.988282117474924 ], [ -104.782287481385026, 38.988364456312212 ], [ -104.78217994822181, 38.987476063485516 ], [ -104.781019643973082, 38.987558390460428 ], [ -104.780912127480534, 38.986669996646128 ], [ -104.78080461361337, 38.985781602860513 ], [ -104.781964889772709, 38.985699277918442 ], [ -104.781857364486626, 38.98481088517768 ], [ -104.783017623976249, 38.984728550406615 ], [ -104.782910087271944, 38.983840158710564 ], [ -104.78407033009205, 38.983757814110739 ], [ -104.784177880840019, 38.984646204790245 ] ] ] } },
{ "type": "Feature", "properties": { "id": "8_1", "growth_scenario": "low", "market_gravity_weight": 50 }, "geometry": { "type": "Polygon", "coordinates": [ [ [ -104.78355534688761, 38.989170509314114 ], [ -104.784715673974745, 38.989088158614123 ], [ -104.785875998435188, 38.989005797068295 ], [ -104.785983578987356, 38.989894186902859 ], [ -104.784823240481316, 38.989976549465695 ], [ -104.784930809614679, 38.990864940346697 ], [ -104.783770454435853, 38.990947293080396 ], [ -104.783878012149714, 38.991835685008034 ], [ -104.782717640297903, 38.991918027912256 ], [ -104.782610096630492, 38.991029634967859 ], [ -104.781449736198951, 38.991111966009029 ], [ -104.781342209203927, 38.990223572077774 ], [ -104.78018186019284, 38.990305891256142 ], [ -104.780074349869565, 38.989417496337992 ], [ -104.781234684834686, 38.989335178176006 ], [ -104.782395017174153, 38.989252849168039 ], [ -104.782287481385026, 38.988364456312212 ], [ -104.783447797053043, 38.988282117474924 ], [ -104.78355534688761, 38.989170509314114 ] ] ] } },
{ "type": "Feature", "properties": { "id": "12_0", "growth_scenario": "low", "market_gravity_weight": 50 }, "geometry": { "type": "Polygon", "coordinates": [ [ [ -80.309852773469771, 25.96500921701886 ], [ -80.309690159728319, 25.965907777016508 ], [ -80.309527542646833, 25.966806334244012 ], [ -80.3085515699468, 25.96665661046957 ], [ -80.308714196772968, 25.965758054360762 ], [ -80.307738237157821, 25.965608322407324 ], [ -80.307575600587086, 25.966506877397308 ], [ -80.306599634567888, 25.966357135027319 ], [ -80.305623671889393, 25.966207383359624 ], [ -80.305786327948951, 25.965308830607423 ], [ -80.304810378355612, 25.96515907076104 ], [ -80.304973040818453, 25.964260516357449 ], [ -80.305948980667722, 25.964410275084855 ], [ -80.30611163004582, 25.96351171679181 ], [ -80.307087563491791, 25.963661465102902 ], [ -80.306924923857693, 25.964560024514764 ], [ -80.307900870388139, 25.964709764647139 ], [ -80.308876820258888, 25.964859495481793 ], [ -80.309039440404717, 25.963960933832439 ], [ -80.310015383871303, 25.964110654250849 ], [ -80.309852773469771, 25.96500921701886 ] ] ] } },
{ "type": "Feature", "properties": { "id": "12_1", "growth_scenario": "low", "market_gravity_weight": 50 }, "geometry": { "type": "Polygon", "coordinates": [ [ [ -80.305623671889393, 25.966207383359624 ], [ -80.306599634567888, 25.966357135027319 ], [ -80.307575600587086, 25.966506877397308 ], [ -80.307412960675862, 25.967405429617159 ], [ -80.307250317424007, 25.968303979067105 ], [ -80.306274331915304, 25.968154234459256 ], [ -80.305298349747503, 25.968004480553567 ], [ -80.304322370920801, 25.967854717350097 ], [ -80.303346395435383, 25.967704944848872 ], [ -80.303509077665993, 25.966806399875168 ], [ -80.302533115266471, 25.966656619195398 ], [ -80.302695803899965, 25.965758072570697 ], [ -80.303671756555232, 25.965907852131267 ], [ -80.30464771255177, 25.966057622394281 ], [ -80.304810378355612, 25.96515907076104 ], [ -80.305786327948951, 25.965308830607423 ], [ -80.305623671889393, 25.966207383359624 ] ] ] } },
{ "type": "Feature", "properties": { "id": "13_0", "growth_scenario": "low", "market_gravity_weight": 50 }, "geometry": { "type": "Polygon", "coordinates": [ [ [ -83.71000025911232, 33.608848716843774 ], [ -83.711076342384558, 33.608964166121602 ], [ -83.710936409394506, 33.609851941908296 ], [ -83.710796473235376, 33.610739716444918 ], [ -83.709720366005229, 33.610624264833369 ], [ -83.708644261944514, 33.610508803150978 ], [ -83.707568161053487, 33.610393331397638 ], [ -83.707708133149524, 33.609505560361818 ], [ -83.707848102075715, 33.608617788075847 ], [ -83.707988067832162, 33.607730014539477 ], [ -83.708128030418962, 33.606842239752488 ], [ -83.709204083396102, 33.606957706837996 ], [ -83.710280139542519, 33.607073163852952 ], [ -83.710140200911965, 33.607960940973598 ], [ -83.71000025911232, 33.608848716843774 ] ] ] } },
{ "type": "Feature", "properties": { "id": "13_1", "growth_scenario": "low", "market_gravity_weight": 50 }, "geometry": { "type": "Polygon", "coordinates": [ [ [ -84.888790666001782, 32.502296334086935 ], [ -84.888665839653555, 32.503186959699129 ], [ -84.888541010513407, 32.504077583866426 ], [ -84.888416178581281, 32.50496820658914 ], [ -84.887353397183404, 32.504863590094253 ], [ -84.887228550737689, 32.505754210356002 ], [ -84.886165760410762, 32.505649582866475 ], [ -84.885102972876538, 32.505544945398889 ], [ -84.885227842764976, 32.504654327170293 ], [ -84.884165069744924, 32.50454968074127 ], [ -84.884289948561474, 32.503659062084743 ], [ -84.88535270986057, 32.503763707497107 ], [ -84.886415473952425, 32.503868342931497 ], [ -84.886540326534458, 32.50297772079697 ], [ -84.887603081697918, 32.503082345236976 ], [ -84.887727919766874, 32.502191720641136 ], [ -84.887852755043795, 32.501301094600265 ], [ -84.888915489558201, 32.501405707029804 ], [ -84.888790666001782, 32.502296334086935 ] ] ] } },
{ "type": "Feature", "properties": { "id": "13_2", "growth_scenario": "low", "market_gravity_weight": 50 }, "geometry": { "type": "Polygon", "coordinates": [ [ [ -84.156080242130926, 33.927326055877352 ], [ -84.155944799503757, 33.928213986566462 ], [ -84.154863669721053, 33.928102741595225 ], [ -84.153782543020355, 33.92799148650667 ], [ -84.15364707309881, 33.928879413744653 ], [ -84.153511600094916, 33.929767339808222 ], [ -84.152430452263886, 33.929656072325386 ], [ -84.151349307515559, 33.929544794725068 ], [ -84.151484804732206, 33.928656870938681 ], [ -84.151620298865978, 33.927768945977824 ], [ -84.151755789916933, 33.926881019842348 ], [ -84.15283689834709, 33.926992294026874 ], [ -84.152972374209838, 33.926104365578126 ], [ -84.154053473616756, 33.926215628507038 ], [ -84.155134576105723, 33.926326881318907 ], [ -84.154999124454349, 33.927214812044362 ], [ -84.156080242130926, 33.927326055877352 ] ] ] } },
{ "type": "Feature", "properties": { "id": "13_3", "growth_scenario": "low", "market_gravity_weight": 50 }, "geometry": { "type": "Polygon", "coordinates": [ [ [ -84.550349960710577, 33.680514014257966 ], [ -84.550219417326446, 33.681402688386747 ], [ -84.551297693587458, 33.681510273505729 ], [ -84.551167159296199, 33.682398947510357 ], [ -84.551036622042716, 33.683287620299673 ], [ -84.549958321670871, 33.683180032997775 ], [ -84.550088870979906, 33.682291361299946 ], [ -84.549010585626121, 33.68218376499069 ], [ -84.548880024261635, 33.683072435596891 ], [ -84.548749459934285, 33.683961104987802 ], [ -84.54767115343229, 33.683853496396232 ], [ -84.547801729815262, 33.682964828097006 ], [ -84.547932303235086, 33.682076158582525 ], [ -84.546854023807086, 33.681968542075502 ], [ -84.546984606318858, 33.681079872437259 ], [ -84.548062873691876, 33.681187487852476 ], [ -84.548193441185745, 33.680298815906781 ], [ -84.549271699466871, 33.680406420131739 ], [ -84.549402251943363, 33.679517745878613 ], [ -84.550480501132398, 33.679625338913418 ], [ -84.550349960710577, 33.680514014257966 ] ] ] } },
{ "type": "Feature", "properties": { "id": "13_4", "growth_scenario": "low", "market_gravity_weight": 50 }, "geometry": { "type": "Polygon", "coordinates": [ [ [ -84.551950320613699, 33.677066885245829 ], [ -84.551819801132126, 33.677955565329931 ], [ -84.551689278688812, 33.678844244197848 ], [ -84.551558753283658, 33.679732921849606 ], [ -84.552637008396843, 33.679840494687156 ], [ -84.552506492084618, 33.680729172214363 ], [ -84.553584762214413, 33.680836736044391 ], [ -84.553454254995629, 33.681725413447097 ], [ -84.552375972810609, 33.681617848525839 ], [ -84.551297693587458, 33.681510273505729 ], [ -84.551428224916577, 33.680621598285526 ], [ -84.550349960710577, 33.680514014257966 ], [ -84.550480501132398, 33.679625338913418 ], [ -84.549402251943363, 33.679517745878613 ], [ -84.548324005716779, 33.679410142745226 ], [ -84.548454567285077, 33.67852146836762 ], [ -84.549532801457374, 33.678629070409549 ], [ -84.550611038592038, 33.678736662352911 ], [ -84.550741573089567, 33.677847984576324 ], [ -84.5508721046251, 33.676959305583374 ], [ -84.551002633198735, 33.676070625374003 ], [ -84.55208083713363, 33.676178203945227 ], [ -84.551950320613699, 33.677066885245829 ] ] ] } },
{ "type": "Feature", "properties": { "id": "13_5", "growth_scenario": "low", "market_gravity_weight": 50 }, "geometry": { "type": "Polygon", "coordinates": [ [ [ -84.007914967410954, 33.82718444969607 ], [ -84.007778015071665, 33.828072321590987 ], [ -84.00669848278126, 33.827959677707163 ], [ -84.00656151526475, 33.828847547255492 ], [ -84.006424544636431, 33.829735415605491 ], [ -84.00534499132624, 33.829622759322639 ], [ -84.004265441128268, 33.829510092937149 ], [ -84.004402435888252, 33.828622226883851 ], [ -84.004539427535889, 33.827734359632124 ], [ -84.003459904581462, 33.827621685440988 ], [ -84.003596905181965, 33.826733818139047 ], [ -84.004676416071248, 33.826846491181733 ], [ -84.004813401494459, 33.825958621532607 ], [ -84.005892903430905, 33.826071283324787 ], [ -84.006972408479143, 33.82618393501474 ], [ -84.006835447186006, 33.827071806960291 ], [ -84.007914967410954, 33.82718444969607 ] ] ] } },
{ "type": "Feature", "properties": { "id": "13_6", "growth_scenario": "low", "market_gravity_weight": 50 }, "geometry": { "type": "Polygon", "coordinates": [ [ [ -84.614362086497835, 33.684177969389879 ], [ -84.615440488828469, 33.684284954271796 ], [ -84.615310677761357, 33.685173697353093 ], [ -84.615180863748094, 33.686062439221075 ], [ -84.614102437296935, 33.68595545216796 ], [ -84.613972608276725, 33.686844191737144 ], [ -84.612894172711563, 33.686737193497493 ], [ -84.611815740093277, 33.686630185157007 ], [ -84.611945593234481, 33.685741447759447 ], [ -84.610867175623724, 33.685634430404079 ], [ -84.610997037877951, 33.684745692879147 ], [ -84.612075443428623, 33.684852709148608 ], [ -84.612205290675803, 33.683963969324267 ], [ -84.613283687113523, 33.684070974407312 ], [ -84.613413519354168, 33.683182232283663 ], [ -84.614491906678722, 33.683289226180541 ], [ -84.614362086497835, 33.684177969389879 ] ] ] } },
{ "type": "Feature", "properties": { "id": "13_7", "growth_scenario": "low", "market_gravity_weight": 50 }, "geometry": { "type": "Polygon", "coordinates": [ [ [ -84.329654853290833, 34.167725256907758 ], [ -84.329520973115109, 34.168613120860378 ], [ -84.329387089883085, 34.169500983692124 ], [ -84.3283023608208, 34.169391392672203 ], [ -84.328436256245382, 34.168503530972096 ], [ -84.327351542432197, 34.168393930934926 ], [ -84.326266831675824, 34.16828432074896 ], [ -84.326400748428114, 34.167396460191284 ], [ -84.326534662123407, 34.16650859851238 ], [ -84.325449978807811, 34.166398980441315 ], [ -84.325583901637657, 34.165511118772748 ], [ -84.326668572761818, 34.165620735712089 ], [ -84.327753246942763, 34.165730342502989 ], [ -84.32883792418022, 34.165839939145343 ], [ -84.329922604473907, 34.165949525639142 ], [ -84.329788730410414, 34.166837391834058 ], [ -84.329654853290833, 34.167725256907758 ] ], [ [ -84.328704037924965, 34.166727804208818 ], [ -84.327619348495887, 34.166618206434912 ], [ -84.327485446992398, 34.167506069245505 ], [ -84.328570148613395, 34.167615668151008 ], [ -84.328704037924965, 34.166727804208818 ] ] ] } },
{ "type": "Feature", "properties": { "id": "13_8", "growth_scenario": "low", "market_gravity_weight": 50 }, "geometry": { "type": "Polygon", "coordinates": [ [ [ -84.021352039257778, 34.053186900649145 ], [ -84.022434712926042, 34.053299375048901 ], [ -84.022297528601726, 34.054187006145135 ], [ -84.022160341151576, 34.055074636089586 ], [ -84.023243042219136, 34.055187102672875 ], [ -84.023105863780202, 34.056074732621724 ], [ -84.02202315057545, 34.055962264882375 ], [ -84.020940440496759, 34.055849787014488 ], [ -84.019857733544384, 34.055737299018034 ], [ -84.018775029718626, 34.055624800892978 ], [ -84.018912256705633, 34.054737175568768 ], [ -84.019049480565911, 34.053849549092774 ], [ -84.020132160118223, 34.053962044905255 ], [ -84.020269368715518, 34.053074416121099 ], [ -84.020406574186538, 34.052186786184805 ], [ -84.021489232592629, 34.052299269556798 ], [ -84.021352039257778, 34.053186900649145 ] ] ] } },
{ "type": "Feature", "properties": { "id": "17_0", "growth_scenario": "low", "market_gravity_weight": 50 }, "geometry": { "type": "Polygon", "coordinates": [ [ [ -88.423194718876346, 41.69028005523645 ], [ -88.423098332929385, 41.691170862259717 ], [ -88.421891961903285, 41.691099682552753 ], [ -88.421795558292871, 41.691990489375961 ], [ -88.420589174498019, 41.691919297395174 ], [ -88.419382793151144, 41.691848094111677 ], [ -88.419479227193946, 41.690957289230823 ], [ -88.41827286351149, 41.690886075615929 ], [ -88.418369310321708, 41.689995272477184 ], [ -88.419575658788489, 41.690066485120717 ], [ -88.419672087934856, 41.689175681781194 ], [ -88.42087842363442, 41.689246882151082 ], [ -88.422084761781676, 41.689318071218658 ], [ -88.423291102376254, 41.689389248983822 ], [ -88.424497445417771, 41.689460415446597 ], [ -88.42440107713351, 41.690351222669896 ], [ -88.423194718876346, 41.69028005523645 ] ] ] } },
{ "type": "Feature", "properties": { "id": "17_1", "growth_scenario": "low", "market_gravity_weight": 50 }, "geometry": { "type": "Polygon", "coordinates": [ [ [ -88.425607437837343, 41.690422378800783 ], [ -88.425511082322572, 41.691313187765417 ], [ -88.424304706402609, 41.691242030663943 ], [ -88.424208333224982, 41.692132839428908 ], [ -88.423001944535315, 41.692061670053846 ], [ -88.422905553694036, 41.692952478619176 ], [ -88.42280916040545, 41.693843287955907 ], [ -88.421602743729181, 41.693772105335967 ], [ -88.421699152234865, 41.69288129697027 ], [ -88.4204927532234, 41.692810104018385 ], [ -88.420589174498019, 41.691919297395174 ], [ -88.421795558292871, 41.691990489375961 ], [ -88.421891961903285, 41.691099682552753 ], [ -88.423098332929385, 41.691170862259717 ], [ -88.423194718876346, 41.69028005523645 ], [ -88.42440107713351, 41.690351222669896 ], [ -88.424497445417771, 41.689460415446597 ], [ -88.423291102376254, 41.689389248983822 ], [ -88.423387483429252, 41.688498443501587 ], [ -88.424593811255477, 41.688569608993674 ], [ -88.425800141528157, 41.6886407631835 ], [ -88.425703790905843, 41.689531570606881 ], [ -88.425607437837343, 41.690422378800783 ] ] ] } },
{ "type": "Feature", "properties": { "id": "17_10", "growth_scenario": "low", "market_gravity_weight": 50 }, "geometry": { "type": "Polygon", "coordinates": [ [ [ -88.484662932416953, 41.683134376185556 ], [ -88.485869229920752, 41.683204966888326 ], [ -88.485773649235327, 41.684095813969826 ], [ -88.486979964381774, 41.684166394332514 ], [ -88.486884396486374, 41.68505724314673 ], [ -88.486788826164684, 41.685948092731408 ], [ -88.485582480584711, 41.685877510443504 ], [ -88.484376137431454, 41.685806916852485 ], [ -88.483169796705312, 41.685736311958436 ], [ -88.483265412677596, 41.684845465262114 ], [ -88.483361026222454, 41.683954619336141 ], [ -88.48215471835681, 41.683884005065174 ], [ -88.482250344690272, 41.682993160872243 ], [ -88.483456637339998, 41.683063774180177 ], [ -88.483552246030314, 41.682172929794049 ], [ -88.484758525891621, 41.682243530836651 ], [ -88.484662932416953, 41.683134376185556 ] ] ] } },
{ "type": "Feature", "properties": { "id": "17_2", "growth_scenario": "low", "market_gravity_weight": 50 }, "geometry": { "type": "Polygon", "coordinates": [ [ [ -87.975779671675625, 42.309935270364974 ], [ -87.975676698273205, 42.310826380522897 ], [ -87.975573722234145, 42.311717491621302 ], [ -87.975470743558361, 42.312608603660422 ], [ -87.975367762245753, 42.3134997166405 ], [ -87.974151072604641, 42.313424285699725 ], [ -87.974254069382468, 42.312533173771925 ], [ -87.973037397843783, 42.312457732482201 ], [ -87.973140407449094, 42.311566622547758 ], [ -87.973243414416899, 42.310675513553868 ], [ -87.97446005502654, 42.310750952738857 ], [ -87.974563043892985, 42.309859843633028 ], [ -87.973346418747283, 42.309784405500402 ], [ -87.973449420440375, 42.308893298387005 ], [ -87.973552419496258, 42.308002192213443 ], [ -87.974769013715246, 42.308077628241683 ], [ -87.975985610570987, 42.308153052869393 ], [ -87.975882642441519, 42.309044161147206 ], [ -87.975779671675625, 42.309935270364974 ] ] ] } },
{ "type": "Feature", "properties": { "id": "17_3", "growth_scenario": "low", "market_gravity_weight": 50 }, "geometry": { "type": "Polygon", "coordinates": [ [ [ -87.974151072604641, 42.313424285699725 ], [ -87.975367762245753, 42.3134997166405 ], [ -87.975264778296207, 42.314390830561855 ], [ -87.975161791709638, 42.31528194542468 ], [ -87.973945071136953, 42.315206512379135 ], [ -87.972728353201774, 42.315131067931958 ], [ -87.9726253330454, 42.31602218163151 ], [ -87.971408602281983, 42.315946724729883 ], [ -87.971511637904527, 42.3150556120831 ], [ -87.970294925245554, 42.314980144832653 ], [ -87.970397973695484, 42.314089034180327 ], [ -87.970501019506813, 42.313197924469335 ], [ -87.97171770123478, 42.313273389614096 ], [ -87.972934385600851, 42.313348843357538 ], [ -87.973037397843783, 42.312457732482201 ], [ -87.974254069382468, 42.312533173771925 ], [ -87.974151072604641, 42.313424285699725 ] ] ] } },
{ "type": "Feature", "properties": { "id": "17_4", "growth_scenario": "low", "market_gravity_weight": 50 }, "geometry": { "type": "Polygon", "coordinates": [ [ [ -88.265712472871456, 41.818978600042151 ], [ -88.266920885809554, 41.819051253695861 ], [ -88.266822335389904, 41.819942066967172 ], [ -88.26803076609815, 41.820014710294899 ], [ -88.267932228436422, 41.820905525366001 ], [ -88.269140676914986, 41.820978158367474 ], [ -88.269042152011963, 41.821868975238722 ], [ -88.267833688268666, 41.821796341241857 ], [ -88.266625227031511, 41.821723695923097 ], [ -88.265416768300895, 41.821651039282393 ], [ -88.264208312077187, 41.821578371319852 ], [ -88.264306898038612, 41.820687558431054 ], [ -88.264405481492844, 41.81979674634686 ], [ -88.264504062439968, 41.818905935066937 ], [ -88.264602640880085, 41.818015124591099 ], [ -88.265811036048262, 41.818087788570558 ], [ -88.265712472871456, 41.818978600042151 ] ] ] } },
{ "type": "Feature", "properties": { "id": "17_5", "growth_scenario": "low", "market_gravity_weight": 50 }, "geometry": { "type": "Polygon", "coordinates": [ [ [ -87.884539931769638, 42.304246631096127 ], [ -87.885756363366681, 42.304322901374945 ], [ -87.885652245899422, 42.305213933255693 ], [ -87.885548125766661, 42.306104966073264 ], [ -87.885444002968299, 42.306995999827869 ], [ -87.88422752500054, 42.306919726358061 ], [ -87.883011049698851, 42.306843441489967 ], [ -87.881794577063644, 42.306767145223766 ], [ -87.881898746233588, 42.305876114660769 ], [ -87.882002912736766, 42.304985085034652 ], [ -87.882107076573277, 42.304094056345157 ], [ -87.88332350283838, 42.304170349419472 ], [ -87.883427648552413, 42.303279320602542 ], [ -87.884644062027647, 42.303355601215436 ], [ -87.884539931769638, 42.304246631096127 ] ] ] } },
{ "type": "Feature", "properties": { "id": "17_6", "growth_scenario": "low", "market_gravity_weight": 50 }, "geometry": { "type": "Polygon", "coordinates": [ [ [ -88.267117979130205, 41.81726962956553 ], [ -88.26701943372295, 41.818160441228784 ], [ -88.268227833903808, 41.81823308256569 ], [ -88.268129301253907, 41.819123896028188 ], [ -88.26803076609815, 41.820014710294899 ], [ -88.266822335389904, 41.819942066967172 ], [ -88.266920885809554, 41.819051253695861 ], [ -88.265712472871456, 41.818978600042151 ], [ -88.265811036048262, 41.818087788570558 ], [ -88.264602640880085, 41.818015124591099 ], [ -88.264504062439968, 41.818905935066937 ], [ -88.264405481492844, 41.81979674634686 ], [ -88.263197058304783, 41.819724069054388 ], [ -88.263295654515503, 41.818833258770361 ], [ -88.26339424821883, 41.817942449290314 ], [ -88.263492839414852, 41.817051640614061 ], [ -88.26359142810368, 41.816160832741275 ], [ -88.264799790239664, 41.81623350605048 ], [ -88.266008154882357, 41.816306168038686 ], [ -88.265909596718529, 41.817196977902825 ], [ -88.267117979130205, 41.81726962956553 ] ] ] } },
{ "type": "Feature", "properties": { "id": "17_7", "growth_scenario": "low", "market_gravity_weight": 50 }, "geometry": { "type": "Polygon", "coordinates": [ [ [ -88.480948412918877, 41.683813379491539 ], [ -88.48215471835681, 41.683884005065174 ], [ -88.483361026222454, 41.683954619336141 ], [ -88.483265412677596, 41.684845465262114 ], [ -88.482059089595651, 41.684774850028148 ], [ -88.481963458406696, 41.685665695761365 ], [ -88.480757122535948, 41.685595068261335 ], [ -88.480661473702142, 41.68648591380186 ], [ -88.47945512504279, 41.686415274035468 ], [ -88.47955078909348, 41.685524429458354 ], [ -88.479646450715535, 41.68463358565171 ], [ -88.478440134918117, 41.684562936509387 ], [ -88.477233821549632, 41.684492276064312 ], [ -88.477329511175071, 41.683601434955008 ], [ -88.477425198371279, 41.682710594615578 ], [ -88.47863148130827, 41.682781253133371 ], [ -88.478535809327624, 41.683672094436439 ], [ -88.479742109909012, 41.683742742615294 ], [ -88.479837766674024, 41.682851900348801 ], [ -88.481044054468157, 41.682922536261785 ], [ -88.480948412918877, 41.683813379491539 ] ] ] } },
{ "type": "Feature", "properties": { "id": "17_8", "growth_scenario": "low", "market_gravity_weight": 50 }, "geometry": { "type": "Polygon", "coordinates": [ [ [ -88.482978557478177, 41.687518007663066 ], [ -88.482882934223099, 41.688408856671941 ], [ -88.481676550272141, 41.688338237585377 ], [ -88.48158090937109, 41.689229086402207 ], [ -88.480374512630178, 41.689158455048826 ], [ -88.480470168749349, 41.688267607195378 ], [ -88.479263789655107, 41.68819696550193 ], [ -88.479359458563366, 41.687306119383202 ], [ -88.478153097115595, 41.687235467350149 ], [ -88.478248778812201, 41.686344622965983 ], [ -88.47945512504279, 41.686415274035468 ], [ -88.480661473702142, 41.68648591380186 ], [ -88.480757122535948, 41.685595068261335 ], [ -88.481963458406696, 41.685665695761365 ], [ -88.483169796705312, 41.685736311958436 ], [ -88.483074178305543, 41.68662715942537 ], [ -88.482978557478177, 41.687518007663066 ] ] ] } },
{ "type": "Feature", "properties": { "id": "17_9", "growth_scenario": "low", "market_gravity_weight": 50 }, "geometry": { "type": "Polygon", "coordinates": [ [ [ -88.487899616640433, 41.68690951503411 ], [ -88.487804056683771, 41.687800367123018 ], [ -88.486597678242163, 41.687729794213162 ], [ -88.486502100641118, 41.688620646110728 ], [ -88.485295709407978, 41.688550060934638 ], [ -88.484089320601839, 41.688479464455057 ], [ -88.483993710137284, 41.689370315198317 ], [ -88.482787308540253, 41.689299706452097 ], [ -88.482882934223099, 41.688408856671941 ], [ -88.482978557478177, 41.687518007663066 ], [ -88.483074178305543, 41.68662715942537 ], [ -88.484280534248825, 41.686697765282403 ], [ -88.484376137431454, 41.685806916852485 ], [ -88.485582480584711, 41.685877510443504 ], [ -88.486788826164684, 41.685948092731408 ], [ -88.486693253416661, 41.686838943086805 ], [ -88.487899616640433, 41.68690951503411 ] ] ] } },
{ "type": "Feature", "properties": { "id": "19_0", "growth_scenario": "low", "market_gravity_weight": 50 }, "geometry": { "type": "Polygon", "coordinates": [ [ [ -93.611207765117783, 41.886643923836687 ], [ -93.612420979002806, 41.886666383633134 ], [ -93.612390491851599, 41.887559939988904 ], [ -93.613603721993584, 41.887582388687939 ], [ -93.613573249542938, 41.88847594625048 ], [ -93.613542776314219, 41.889369504710672 ], [ -93.612329515213872, 41.88934705539301 ], [ -93.612299025727282, 41.89024061444173 ], [ -93.611085749925678, 41.890218153407289 ], [ -93.611116254892011, 41.889324594668047 ], [ -93.609902995349046, 41.889302122535916 ], [ -93.609933515015783, 41.888408565004212 ], [ -93.609964033903296, 41.887515008370123 ], [ -93.609994552011585, 41.88662145263342 ], [ -93.610025069340679, 41.885727897793863 ], [ -93.611238266968755, 41.885750368687489 ], [ -93.611207765117783, 41.886643923836687 ] ] ] } },
{ "type": "Feature", "properties": { "id": "19_1", "growth_scenario": "low", "market_gravity_weight": 50 }, "geometry": { "type": "Polygon", "coordinates": [ [ [ -93.614756038192667, 41.889391942621145 ], [ -93.614725579665659, 41.890285502288421 ], [ -93.615938857801623, 41.890307929100658 ], [ -93.61590841397711, 41.891201489975224 ], [ -93.614695120360906, 41.891179062853958 ], [ -93.614664660278407, 41.892072624317947 ], [ -93.613451351959384, 41.892050185479853 ], [ -93.612238044418532, 41.892027735234088 ], [ -93.611024737656265, 41.892005273580615 ], [ -93.611055244180449, 41.891111713044737 ], [ -93.611085749925678, 41.890218153407289 ], [ -93.612299025727282, 41.89024061444173 ], [ -93.612329515213872, 41.88934705539301 ], [ -93.613542776314219, 41.889369504710672 ], [ -93.613573249542938, 41.88847594625048 ], [ -93.614786495941985, 41.888498383851754 ], [ -93.614756038192667, 41.889391942621145 ] ] ] } },
{ "type": "Feature", "properties": { "id": "19_2", "growth_scenario": "low", "market_gravity_weight": 50 }, "geometry": { "type": "Polygon", "coordinates": [ [ [ -93.523395580927968, 41.555109786537336 ], [ -93.523364106380455, 41.55600300354677 ], [ -93.523332631033128, 41.556896221357682 ], [ -93.523301154885942, 41.557789439970421 ], [ -93.522093644833859, 41.557766150480646 ], [ -93.520886135582089, 41.557742849641976 ], [ -93.519678627130986, 41.557719537454545 ], [ -93.519710149274772, 41.556826319793345 ], [ -93.518502656956869, 41.556802996574525 ], [ -93.518534193631382, 41.555909780032572 ], [ -93.519741670617535, 41.555933102933942 ], [ -93.520949148404696, 41.555956414486765 ], [ -93.520980653615069, 41.555063198111405 ], [ -93.522188116871419, 41.55508649799863 ], [ -93.522219605950184, 41.554193282107462 ], [ -93.523427054675665, 41.554216570329196 ], [ -93.523395580927968, 41.555109786537336 ] ] ] } },
{ "type": "Feature", "properties": { "id": "19_3", "growth_scenario": "low", "market_gravity_weight": 50 }, "geometry": { "type": "Polygon", "coordinates": [ [ [ -93.499786769776406, 41.675326766966677 ], [ -93.499754940833014, 41.676220089364314 ], [ -93.500964481438274, 41.676243591689769 ], [ -93.500932667068696, 41.677136915244418 ], [ -93.500900851889256, 41.67803023963512 ], [ -93.49969128051552, 41.678006736666944 ], [ -93.499659449141362, 41.678900061572485 ], [ -93.49844986319313, 41.678876546913351 ], [ -93.498481709952074, 41.677983222329296 ], [ -93.4972721401993, 41.677959696622054 ], [ -93.49730400153193, 41.67706637319592 ], [ -93.496094447974556, 41.677042836440975 ], [ -93.496126323880119, 41.676149514172572 ], [ -93.497335862053546, 41.676173050605705 ], [ -93.498545401037973, 41.676196575669636 ], [ -93.498577245364999, 41.675303253593412 ], [ -93.498609088881437, 41.674409932352738 ], [ -93.499818597909623, 41.674433445404524 ], [ -93.499786769776406, 41.675326766966677 ] ] ] } },
{ "type": "Feature", "properties": { "id": "19_4", "growth_scenario": "low", "market_gravity_weight": 50 }, "geometry": { "type": "Polygon", "coordinates": [ [ [ -93.715288114157573, 41.524703337617446 ], [ -93.716495118010883, 41.524724810507806 ], [ -93.716466109563186, 41.525618045604126 ], [ -93.715259090388528, 41.525596572421776 ], [ -93.71523006588221, 41.52648980802018 ], [ -93.714023032123151, 41.526468323201179 ], [ -93.714052071951144, 41.525575087894893 ], [ -93.712845054251417, 41.525553592023513 ], [ -93.711638037289745, 41.525532084807544 ], [ -93.711667107022592, 41.524638850880095 ], [ -93.711696176017043, 41.5237456177464 ], [ -93.712903162336616, 41.52376712437745 ], [ -93.712932215272218, 41.522873891744972 ], [ -93.714139187009295, 41.522895386739563 ], [ -93.715346159483929, 41.522916870390056 ], [ -93.715317137189359, 41.523810103607012 ], [ -93.715288114157573, 41.524703337617446 ] ] ] } },
{ "type": "Feature", "properties": { "id": "19_5", "growth_scenario": "low", "market_gravity_weight": 50 }, "geometry": { "type": "Polygon", "coordinates": [ [ [ -93.79405517809019, 41.55468072953996 ], [ -93.795262720275815, 41.55470146270121 ], [ -93.795234700324542, 41.555594742293131 ], [ -93.795206679661163, 41.556488022688221 ], [ -93.793999106803966, 41.556467288962573 ], [ -93.792791534659287, 41.556446543886523 ], [ -93.791583963227481, 41.556425787460164 ], [ -93.791612029898715, 41.555532507912254 ], [ -93.791640095856721, 41.554639229167449 ], [ -93.791668161101484, 41.553745951225444 ], [ -93.791696225633032, 41.552852674086061 ], [ -93.792903735723428, 41.552873429382316 ], [ -93.794111246526612, 41.552894173328809 ], [ -93.794083212664617, 41.553787451033045 ], [ -93.79405517809019, 41.55468072953996 ] ] ] } },
{ "type": "Feature", "properties": { "id": "19_6", "growth_scenario": "low", "market_gravity_weight": 50 }, "geometry": { "type": "Polygon", "coordinates": [ [ [ -93.629108612789139, 41.501690593376289 ], [ -93.630315195021481, 41.501712875764376 ], [ -93.631521778017941, 41.501735146812585 ], [ -93.631491700165398, 41.502628341837081 ], [ -93.630285101858945, 41.50260607048628 ], [ -93.63025500793222, 41.503499265995245 ], [ -93.629048395079607, 41.503476983001718 ], [ -93.629018285077976, 41.504370178995217 ], [ -93.62781165767926, 41.504347884358594 ], [ -93.626605031045543, 41.504325578381618 ], [ -93.626635171668539, 41.503432382994056 ], [ -93.626665311526153, 41.502539188393776 ], [ -93.626695450618442, 41.501645994580457 ], [ -93.627902031321341, 41.501668299648301 ], [ -93.627932154338808, 41.500775106318727 ], [ -93.629138720497096, 41.500797399743846 ], [ -93.629108612789139, 41.501690593376289 ] ] ] } },
{ "type": "Feature", "properties": { "id": "19_7", "growth_scenario": "low", "market_gravity_weight": 50 }, "geometry": { "type": "Polygon", "coordinates": [ [ [ -93.558660595896001, 41.548634437313929 ], [ -93.559867961132525, 41.54865738289692 ], [ -93.561075327156928, 41.548680317132323 ], [ -93.562282693968839, 41.54870324002021 ], [ -93.563490061567876, 41.548726151560523 ], [ -93.564697429953611, 41.548749051753276 ], [ -93.564666482985231, 41.549642273041833 ], [ -93.564635535230479, 41.550535495130426 ], [ -93.563428136185607, 41.550512594314398 ], [ -93.562220737927532, 41.550489682150406 ], [ -93.561013340456611, 41.550466758638635 ], [ -93.55980594377327, 41.550443823779013 ], [ -93.558598547877864, 41.550420877571554 ], [ -93.558629572281092, 41.549527657042802 ], [ -93.558660595896001, 41.548634437313929 ] ] ] } },
{ "type": "Feature", "properties": { "id": "19_8", "growth_scenario": "low", "market_gravity_weight": 50 }, "geometry": { "type": "Polygon", "coordinates": [ [ [ -93.77394389761065, 41.693771029062397 ], [ -93.772733968425001, 41.69375009247721 ], [ -93.772705606113746, 41.694643496158832 ], [ -93.772677243080253, 41.69553690068313 ], [ -93.771467283824208, 41.695515952150735 ], [ -93.771495662254182, 41.694622547913021 ], [ -93.770285719117226, 41.69460158829304 ], [ -93.77031411222066, 41.693708185184896 ], [ -93.769104185202764, 41.693687214477706 ], [ -93.769132592978877, 41.69279381249882 ], [ -93.770342504601118, 41.692814782919157 ], [ -93.77037089625864, 41.691921381495597 ], [ -93.771580793208543, 41.691942340255324 ], [ -93.772790690880967, 41.6919632876413 ], [ -93.774000589275545, 41.69198422365362 ], [ -93.773972243803982, 41.692877625936887 ], [ -93.77394389761065, 41.693771029062397 ] ] ] } },
{ "type": "Feature", "properties": { "id": "21_0", "growth_scenario": "low", "market_gravity_weight": 50 }, "geometry": { "type": "Polygon", "coordinates": [ [ [ -87.148434951781667, 36.819225768197441 ], [ -87.148329707455545, 36.82011444203178 ], [ -87.149456375496513, 36.820197450624541 ], [ -87.149351141915758, 36.821086124920079 ], [ -87.149245905839749, 36.821974798729748 ], [ -87.150372602858084, 36.822057798677768 ], [ -87.15026737752828, 36.822946472949006 ], [ -87.149140667268398, 36.822863472053655 ], [ -87.148013959503956, 36.822780460618844 ], [ -87.148119211316782, 36.821891788242311 ], [ -87.146992519289455, 36.821808767215508 ], [ -87.147097781847705, 36.820920095300679 ], [ -87.145971105557322, 36.820837064682173 ], [ -87.146076378860343, 36.819948393228927 ], [ -87.146181649667284, 36.81905972128947 ], [ -87.147308299476634, 36.819142750012972 ], [ -87.147413554547498, 36.818254076639626 ], [ -87.148540193612391, 36.818337093876785 ], [ -87.148434951781667, 36.819225768197441 ] ] ] } },
{ "type": "Feature", "properties": { "id": "21_1", "growth_scenario": "low", "market_gravity_weight": 50 }, "geometry": { "type": "Polygon", "coordinates": [ [ [ -87.152836394589201, 36.820446413167865 ], [ -87.153963072609002, 36.820529379603819 ], [ -87.155089753122738, 36.820612335500492 ], [ -87.156216436130094, 36.820695280857848 ], [ -87.156111281996317, 36.821583960834779 ], [ -87.15498458574757, 36.821501014530796 ], [ -87.15385789199253, 36.82141805768741 ], [ -87.153752708882038, 36.822306735285274 ], [ -87.153647523277428, 36.823195412397631 ], [ -87.152520805533086, 36.823112443121033 ], [ -87.152415604192171, 36.824001118801078 ], [ -87.151288875700288, 36.823918138037783 ], [ -87.151394090283276, 36.823029463304799 ], [ -87.151499302371434, 36.822140788086386 ], [ -87.151604511964862, 36.82125211238241 ], [ -87.151709719063646, 36.820363436192608 ], [ -87.151814923667885, 36.819474759516822 ], [ -87.152941585952618, 36.819557735545118 ], [ -87.152836394589201, 36.820446413167865 ] ] ] } },
{ "type": "Feature", "properties": { "id": "25_0", "growth_scenario": "low", "market_gravity_weight": 50 }, "geometry": { "type": "Polygon", "coordinates": [ [ [ -71.038524620145594, 42.504244545404205 ], [ -71.038206700667743, 42.505108391199933 ], [ -71.03938912111191, 42.505340653309531 ], [ -71.039707026941528, 42.504476804351256 ], [ -71.04088944164819, 42.504709052623582 ], [ -71.04057154946706, 42.505572904744184 ], [ -71.040253649375217, 42.506436757102335 ], [ -71.039071207371265, 42.506204502505113 ], [ -71.038753285719324, 42.507068351938294 ], [ -71.037570837977881, 42.50683608350333 ], [ -71.036388398148318, 42.506603804393393 ], [ -71.035205966230919, 42.506371514608574 ], [ -71.03552392882834, 42.505507674664024 ], [ -71.035841883513626, 42.504643834956582 ], [ -71.037024288134901, 42.504876118415609 ], [ -71.037342221260673, 42.504012275782436 ], [ -71.037660146475147, 42.503148433386151 ], [ -71.038842531712447, 42.503380699845401 ], [ -71.038524620145594, 42.504244545404205 ] ] ] } },
{ "type": "Feature", "properties": { "id": "27_0", "growth_scenario": "low", "market_gravity_weight": 50 }, "geometry": { "type": "Polygon", "coordinates": [ [ [ -93.573208827969836, 44.773925941501339 ], [ -93.573176509949931, 44.774823831916045 ], [ -93.573144191069417, 44.77572172413997 ], [ -93.573111871328294, 44.776619618173441 ], [ -93.571846538773244, 44.776596677428536 ], [ -93.571814201334774, 44.77749457291997 ], [ -93.570548852804208, 44.777471619869054 ], [ -93.570581207079314, 44.776573724729687 ], [ -93.570613560492873, 44.775675831400179 ], [ -93.570645913044885, 44.774777939880131 ], [ -93.56938061588437, 44.77475497593187 ], [ -93.569412984410164, 44.77385708657323 ], [ -93.569445352074041, 44.772959199023539 ], [ -93.570710615564494, 44.772982162267418 ], [ -93.571975879916366, 44.773005113558149 ], [ -93.571943545922124, 44.773903001812087 ], [ -93.573208827969836, 44.773925941501339 ] ] ] } },
{ "type": "Feature", "properties": { "id": "29_0", "growth_scenario": "low", "market_gravity_weight": 50 }, "geometry": { "type": "Polygon", "coordinates": [ [ [ -94.583189144956663, 39.326491700016149 ], [ -94.583171691463306, 39.327383863760573 ], [ -94.583154237539944, 39.328276027711695 ], [ -94.583136783186589, 39.329168191869677 ], [ -94.583119328403214, 39.33006035623481 ], [ -94.581948671500882, 39.330047048185968 ], [ -94.58077801502894, 39.330033729147111 ], [ -94.580795498646765, 39.329141565116181 ], [ -94.579624857022765, 39.329128235254714 ], [ -94.579642354626714, 39.328236071598319 ], [ -94.580812981833859, 39.328249401292446 ], [ -94.580830464590235, 39.327357237675614 ], [ -94.580847946915924, 39.326465074265379 ], [ -94.582018545721141, 39.326478392635487 ], [ -94.582036013200337, 39.32558622926463 ], [ -94.583206598020055, 39.325599536478244 ], [ -94.583189144956663, 39.326491700016149 ] ] ] } },
{ "type": "Feature", "properties": { "id": "31_0", "growth_scenario": "low", "market_gravity_weight": 50 }, "geometry": { "type": "Polygon", "coordinates": [ [ [ -96.094660624769944, 41.124233176815359 ], [ -96.095861139176534, 41.124232281516676 ], [ -96.095862350165632, 41.12512544035598 ], [ -96.094661820593274, 41.125126335666643 ], [ -96.093461290990689, 41.125127219694257 ], [ -96.09346247167808, 41.126020379245716 ], [ -96.092261926879502, 41.126021252001983 ], [ -96.092260761358276, 41.1251280924388 ], [ -96.091060231696403, 41.125128953900301 ], [ -96.091059081370389, 41.124235795013902 ], [ -96.091057931073436, 41.1233426368156 ], [ -96.092258430404129, 41.123341775377213 ], [ -96.092257264971224, 41.12244861787822 ], [ -96.093457749107472, 41.122447745168749 ], [ -96.094658233213906, 41.122446861176698 ], [ -96.094659428976811, 41.123340018652137 ], [ -96.094660624769944, 41.124233176815359 ] ] ] } },
{ "type": "Feature", "properties": { "id": "31_1", "growth_scenario": "low", "market_gravity_weight": 50 }, "geometry": { "type": "Polygon", "coordinates": [ [ [ -96.143888957018504, 41.127759854675055 ], [ -96.143890774820974, 41.128653015665044 ], [ -96.142690186104673, 41.128654362369325 ], [ -96.142691988785458, 41.129547524066631 ], [ -96.141491384855982, 41.129548859505135 ], [ -96.1414931724143, 41.1304420219099 ], [ -96.140292553271635, 41.13044334608243 ], [ -96.140290780881315, 41.129550183659887 ], [ -96.139090176861885, 41.129551496530873 ], [ -96.139088419683986, 41.128658334780319 ], [ -96.139086662550511, 41.127765173719041 ], [ -96.140287236235054, 41.127763860883249 ], [ -96.140285463979097, 41.126870700528592 ], [ -96.141486022452, 41.126869376427123 ], [ -96.142686580879754, 41.1268680410423 ], [ -96.142688383469448, 41.127761201361281 ], [ -96.143888957018504, 41.127759854675055 ] ] ] } },
{ "type": "Feature", "properties": { "id": "31_2", "growth_scenario": "low", "market_gravity_weight": 50 }, "geometry": { "type": "Polygon", "coordinates": [ [ [ -96.044239555999738, 41.125153750118194 ], [ -96.04544008651115, 41.125153328695788 ], [ -96.045440660551634, 41.126046488597218 ], [ -96.04664120621473, 41.126046055886036 ], [ -96.046641795436287, 41.126939216470213 ], [ -96.045441234606614, 41.126939649187271 ], [ -96.045441808676088, 41.127832810466124 ], [ -96.044241232664945, 41.127833231905498 ], [ -96.044241791581612, 41.128726393879042 ], [ -96.044242350512377, 41.129619556542018 ], [ -96.043041744152063, 41.12961996670883 ], [ -96.043041200389013, 41.128726804040411 ], [ -96.043040656639704, 41.12783364206134 ], [ -96.043040112904123, 41.126940480771289 ], [ -96.043039569182298, 41.126047320170102 ], [ -96.043039025474201, 41.125154160257544 ], [ -96.043038481779831, 41.124261001033275 ], [ -96.044238997139558, 41.124260590899475 ], [ -96.044239555999738, 41.125153750118194 ] ] ] } },
{ "type": "Feature", "properties": { "id": "31_3", "growth_scenario": "low", "market_gravity_weight": 50 }, "geometry": { "type": "Polygon", "coordinates": [ [ [ -96.08985629661079, 41.122450329449357 ], [ -96.089857431713668, 41.123343486971244 ], [ -96.089858566845237, 41.124236645180957 ], [ -96.089859702005484, 41.125129804078774 ], [ -96.088659172285887, 41.125130642974163 ], [ -96.087458642537968, 41.125131470586524 ], [ -96.086258112762152, 41.125132286915814 ], [ -96.085057582958797, 41.125133091962098 ], [ -96.085056508461676, 41.124239933020235 ], [ -96.086257023099236, 41.124239127984751 ], [ -96.086255933463846, 41.123345969741806 ], [ -96.087456432908496, 41.123345153434343 ], [ -96.087455328135633, 41.122451995890152 ], [ -96.088655812387358, 41.122451168311038 ], [ -96.088654692477775, 41.12155801146546 ], [ -96.089855161536576, 41.121557172615077 ], [ -96.08985629661079, 41.122450329449357 ] ] ] } },
{ "type": "Feature", "properties": { "id": "31_4", "growth_scenario": "low", "market_gravity_weight": 50 }, "geometry": { "type": "Polygon", "coordinates": [ [ [ -96.142789401233316, 41.177779286225096 ], [ -96.142791206421862, 41.178672486217238 ], [ -96.141589767682149, 41.178673822641656 ], [ -96.141591557727224, 41.179567023354871 ], [ -96.140390103753148, 41.179568348504993 ], [ -96.140391878653986, 41.180461549939551 ], [ -96.139190409445533, 41.180462863815023 ], [ -96.139188649734194, 41.179569662362809 ], [ -96.13918689006735, 41.178676461614081 ], [ -96.139185130445, 41.177783261568621 ], [ -96.139183370867144, 41.176890062226136 ], [ -96.140384779319888, 41.176888748421256 ], [ -96.141586187727782, 41.17688742332458 ], [ -96.142787596090415, 41.176886086936037 ], [ -96.143989004407402, 41.17688473925574 ], [ -96.143990824738637, 41.177777938526724 ], [ -96.142789401233316, 41.177779286225096 ] ] ] } },
{ "type": "Feature", "properties": { "id": "31_5", "growth_scenario": "low", "market_gravity_weight": 50 }, "geometry": { "type": "Polygon", "coordinates": [ [ [ -96.089909677465698, 41.164429480557594 ], [ -96.089910813917655, 41.165322670676659 ], [ -96.089911950398346, 41.166215861495182 ], [ -96.089913086907771, 41.167109053013576 ], [ -96.089914223445916, 41.168002245232003 ], [ -96.088712965318223, 41.168003084667696 ], [ -96.087511707162193, 41.168003912813084 ], [ -96.086310448978196, 41.168004729668191 ], [ -96.085109190766602, 41.168005535232979 ], [ -96.085108114965209, 41.167112342970391 ], [ -96.086309357992604, 41.167111537416432 ], [ -96.086308267034582, 41.166218345864742 ], [ -96.087509494850593, 41.166217529031591 ], [ -96.087508388736737, 41.165324338190644 ], [ -96.088709601341378, 41.165323510078586 ], [ -96.088708480072455, 41.164430319948252 ], [ -96.088707358831869, 41.163537130517277 ], [ -96.089908541042476, 41.163536291137902 ], [ -96.089909677465698, 41.164429480557594 ] ], [ [ -96.087510600992417, 41.167110720572303 ], [ -96.088711843964262, 41.167109892438027 ], [ -96.088710722638638, 41.166216700908393 ], [ -96.087509494850593, 41.166217529031591 ], [ -96.087510600992417, 41.167110720572303 ] ] ] } },
{ "type": "Feature", "properties": { "id": "32_0", "growth_scenario": "low", "market_gravity_weight": 50 }, "geometry": { "type": "Polygon", "coordinates": [ [ [ -115.173137248903032, 36.001465553132974 ], [ -115.17291294934374, 36.000590672584977 ], [ -115.174009580742862, 36.000411726174661 ], [ -115.175106206965182, 36.000232769645244 ], [ -115.176202828010446, 36.000053802996888 ], [ -115.177299443878411, 35.999874826229636 ], [ -115.178396054568807, 35.999695839343502 ], [ -115.17862041475253, 36.000570710138504 ], [ -115.178844780114261, 36.001445579950797 ], [ -115.177748145174519, 36.001624570738542 ], [ -115.176651505056896, 36.00180355140732 ], [ -115.176875851346495, 36.002678424139027 ], [ -115.175779193925806, 36.002857396639449 ], [ -115.175554859761576, 36.00198252195699 ], [ -115.174458209288872, 36.002161482387493 ], [ -115.174233892427395, 36.00128660477224 ], [ -115.173137248903032, 36.001465553132974 ] ] ] } },
{ "type": "Feature", "properties": { "id": "32_1", "growth_scenario": "low", "market_gravity_weight": 50 }, "geometry": { "type": "Polygon", "coordinates": [ [ [ -115.020283814295965, 36.110125374137048 ], [ -115.020506674276632, 36.111000472291437 ], [ -115.019408079492763, 36.111177991243224 ], [ -115.018309479556535, 36.111355500056675 ], [ -115.017210874468205, 36.111532998731676 ], [ -115.016988051019496, 36.110657894747867 ], [ -115.015889452956984, 36.110835381341445 ], [ -115.015666646837374, 36.109960274461827 ], [ -115.016765232722463, 36.109782789811128 ], [ -115.016542419576922, 36.108907683921295 ], [ -115.017640988133536, 36.108730191075196 ], [ -115.018739551538587, 36.108552688090917 ], [ -115.019838109791777, 36.1083751749686 ], [ -115.020060959467727, 36.109250275029524 ], [ -115.020283814295965, 36.110125374137048 ] ] ] } },
{ "type": "Feature", "properties": { "id": "32_2", "growth_scenario": "low", "market_gravity_weight": 50 }, "geometry": { "type": "Polygon", "coordinates": [ [ [ -115.153164600400615, 36.213426743205332 ], [ -115.152939903081716, 36.212551955225379 ], [ -115.154039656428125, 36.212373219276465 ], [ -115.155139404573788, 36.212194473182848 ], [ -115.15623914751842, 36.212015716944521 ], [ -115.157338885261822, 36.21183695056159 ], [ -115.158438617803711, 36.211658174034085 ], [ -115.158663376098389, 36.212532952196568 ], [ -115.159763115633126, 36.212354163560761 ], [ -115.159987891324661, 36.213228938822091 ], [ -115.158888139595049, 36.213407729421725 ], [ -115.157788382663284, 36.213586509876663 ], [ -115.156688620529678, 36.213765280186927 ], [ -115.155588853194445, 36.213944040352331 ], [ -115.154489080657854, 36.214122790372869 ], [ -115.154264365942538, 36.213248005293146 ], [ -115.153164600400615, 36.213426743205332 ] ] ] } },
{ "type": "Feature", "properties": { "id": "32_3", "growth_scenario": "low", "market_gravity_weight": 50 }, "geometry": { "type": "Polygon", "coordinates": [ [ [ -115.240150638216065, 36.079846068891683 ], [ -115.240375949156586, 36.080720772665025 ], [ -115.239278311947658, 36.080900319609583 ], [ -115.238180669534259, 36.08107985642836 ], [ -115.237083021916618, 36.081259383121278 ], [ -115.236857747407015, 36.080384673461189 ], [ -115.235760106729401, 36.08056418806617 ], [ -115.234662460848227, 36.080743692545283 ], [ -115.234437215830098, 36.079868977993037 ], [ -115.235534849567358, 36.079689475475782 ], [ -115.236632478101257, 36.079509962832809 ], [ -115.237730101431509, 36.079330440064091 ], [ -115.237504825186065, 36.078455730429212 ], [ -115.238602431169326, 36.078276199496976 ], [ -115.239700031948615, 36.078096658439179 ], [ -115.239925332480169, 36.078971364149822 ], [ -115.240150638216065, 36.079846068891683 ] ] ] } },
{ "type": "Feature", "properties": { "id": "32_4", "growth_scenario": "low", "market_gravity_weight": 50 }, "geometry": { "type": "Polygon", "coordinates": [ [ [ -114.990856269471394, 36.048368458860317 ], [ -114.991078607874059, 36.049243650295232 ], [ -114.992176370922678, 36.049066384433978 ], [ -114.992398726622596, 36.04994157296786 ], [ -114.991300951413393, 36.050118840765421 ], [ -114.990203171067364, 36.050296098430593 ], [ -114.990425507582586, 36.051171289872499 ], [ -114.989327709938749, 36.051348539341504 ], [ -114.989105385584722, 36.050473345963447 ], [ -114.98800759496568, 36.050650583363797 ], [ -114.987785287909091, 36.049775387085369 ], [ -114.987562985988447, 36.048900189842328 ], [ -114.987340689203549, 36.048024991634627 ], [ -114.988438443340044, 36.047847760042082 ], [ -114.989536192340708, 36.047670518317275 ], [ -114.989758513446588, 36.048545712653201 ], [ -114.990856269471394, 36.048368458860317 ] ] ] } },
{ "type": "Feature", "properties": { "id": "34_0", "growth_scenario": "low", "market_gravity_weight": 50 }, "geometry": { "type": "Polygon", "coordinates": [ [ [ -74.324720428867025, 40.459604165701371 ], [ -74.325878962890002, 40.459806011087444 ], [ -74.325610054587003, 40.460675609083658 ], [ -74.325341139727399, 40.46154520698915 ], [ -74.324182578978736, 40.461343356458656 ], [ -74.323913644198996, 40.462212951701154 ], [ -74.323644702861898, 40.463082546853272 ], [ -74.322486121943953, 40.462880680602197 ], [ -74.322755076644412, 40.462011088022713 ], [ -74.323024024787188, 40.461141495352678 ], [ -74.323292966372563, 40.460271902591856 ], [ -74.323561901400737, 40.459402309740099 ], [ -74.322403380491409, 40.459200443203699 ], [ -74.322672322324593, 40.458330852832987 ], [ -74.32294125760076, 40.45746126237087 ], [ -74.324099751786491, 40.457663123762813 ], [ -74.325258252528698, 40.457864974579856 ], [ -74.324989343976085, 40.458734570186195 ], [ -74.324720428867025, 40.459604165701371 ] ] ] } },
{ "type": "Feature", "properties": { "id": "34_1", "growth_scenario": "low", "market_gravity_weight": 50 }, "geometry": { "type": "Polygon", "coordinates": [ [ [ -74.349335891785159, 40.451060771226629 ], [ -74.349067302383361, 40.451930414197882 ], [ -74.347908830682357, 40.451728782008026 ], [ -74.34764022136919, 40.452598422318765 ], [ -74.346481742854152, 40.452396776984635 ], [ -74.346750365530042, 40.451527139242856 ], [ -74.345591906926714, 40.451325485902473 ], [ -74.345860536415813, 40.450455850637816 ], [ -74.344702097723712, 40.450254189291343 ], [ -74.344970734025466, 40.449384556503411 ], [ -74.346129159355883, 40.449586215280945 ], [ -74.347287591235101, 40.4497878634836 ], [ -74.347556194264769, 40.448918225465597 ], [ -74.34871461933065, 40.449119860524533 ], [ -74.349873050944495, 40.449321485008511 ], [ -74.349604474638795, 40.450191128163567 ], [ -74.349335891785159, 40.451060771226629 ] ] ] } },
{ "type": "Feature", "properties": { "id": "34_2", "growth_scenario": "low", "market_gravity_weight": 50 }, "geometry": { "type": "Polygon", "coordinates": [ [ [ -74.344080958357949, 40.448313256839668 ], [ -74.345239363778134, 40.448514923623101 ], [ -74.344970734025466, 40.449384556503411 ], [ -74.344702097723712, 40.450254189291343 ], [ -74.345860536415813, 40.450455850637816 ], [ -74.345591906926714, 40.451325485902473 ], [ -74.345323270888329, 40.452195121075171 ], [ -74.344164805472005, 40.451993454590387 ], [ -74.343006346605492, 40.451791777530495 ], [ -74.343275009368142, 40.450922147496271 ], [ -74.343543665580953, 40.450052517369897 ], [ -74.342385239987777, 40.44985083487353 ], [ -74.341226820944513, 40.449649141802524 ], [ -74.341495497329888, 40.448779516722176 ], [ -74.342653903012177, 40.448981207223945 ], [ -74.342922559486908, 40.448111579481591 ], [ -74.343191209412197, 40.447241951646348 ], [ -74.344349594922633, 40.447443626435458 ], [ -74.344080958357949, 40.448313256839668 ] ] ] } },
{ "type": "Feature", "properties": { "id": "34_3", "growth_scenario": "low", "market_gravity_weight": 50 }, "geometry": { "type": "Polygon", "coordinates": [ [ [ -74.313613460521623, 40.440255573468932 ], [ -74.313344476415722, 40.441125134665626 ], [ -74.31450267819902, 40.441327081789026 ], [ -74.31566088653851, 40.441529018340347 ], [ -74.315391922584837, 40.442398584584005 ], [ -74.314233700890881, 40.442196645461095 ], [ -74.313964717026337, 40.443066209037255 ], [ -74.313695726605147, 40.443935772517662 ], [ -74.312537484758309, 40.443733817679011 ], [ -74.312806488534292, 40.442864256770413 ], [ -74.311648266599178, 40.442662293931456 ], [ -74.311917277172512, 40.441792735498915 ], [ -74.310759075148667, 40.44159076465985 ], [ -74.311028092518768, 40.440721208703081 ], [ -74.31129710333181, 40.439851652649843 ], [ -74.312455278648457, 40.440053618345267 ], [ -74.312724269551538, 40.439184059623706 ], [ -74.313882438071289, 40.439386012175852 ], [ -74.313613460521623, 40.440255573468932 ] ] ] } },
{ "type": "Feature", "properties": { "id": "34_4", "growth_scenario": "low", "market_gravity_weight": 50 }, "geometry": { "type": "Polygon", "coordinates": [ [ [ -74.511747784699111, 40.853006338387011 ], [ -74.510582303369191, 40.852806138911916 ], [ -74.510314170203898, 40.853676367542931 ], [ -74.509148681913786, 40.853476154836976 ], [ -74.508880528634506, 40.854346380895954 ], [ -74.507715033384684, 40.854146154958883 ], [ -74.507983200200854, 40.853275931489399 ], [ -74.506817725065389, 40.853075697500316 ], [ -74.50708589884043, 40.852205476637693 ], [ -74.507354066037976, 40.851335255792016 ], [ -74.508519514101039, 40.851535484602081 ], [ -74.508787661185508, 40.850665261183849 ], [ -74.509953102289558, 40.85086547676341 ], [ -74.511118549970078, 40.851065681701691 ], [ -74.512284004226743, 40.851265875998649 ], [ -74.51201589775097, 40.852136107184236 ], [ -74.511747784699111, 40.853006338387011 ] ], [ [ -74.510850429957827, 40.851935910298302 ], [ -74.50968496874107, 40.851735702770888 ], [ -74.509416828615898, 40.852605928795349 ], [ -74.510582303369191, 40.852806138911916 ], [ -74.510850429957827, 40.851935910298302 ] ] ] } },
{ "type": "Feature", "properties": { "id": "34_5", "growth_scenario": "low", "market_gravity_weight": 50 }, "geometry": { "type": "Polygon", "coordinates": [ [ [ -74.484348740402481, 40.404857338098729 ], [ -74.484081969884812, 40.405727241545392 ], [ -74.485240078473353, 40.405927621663068 ], [ -74.486398193563573, 40.406127991204549 ], [ -74.48613144327301, 40.406997899654264 ], [ -74.48497331481812, 40.406797527563448 ], [ -74.484706544660966, 40.407667433368267 ], [ -74.483548409343271, 40.407467048151531 ], [ -74.483281619318944, 40.408336951311412 ], [ -74.482123477138927, 40.408136552968458 ], [ -74.482390280528037, 40.407266652358388 ], [ -74.482657077414387, 40.406396751652835 ], [ -74.482923867798249, 40.405526850851508 ], [ -74.481765772213976, 40.405326449581644 ], [ -74.482032569459221, 40.40445655123402 ], [ -74.483190651679834, 40.404656949954379 ], [ -74.483457429059385, 40.4037870489611 ], [ -74.4846155044184, 40.403987434556115 ], [ -74.485773586278953, 40.404187809575177 ], [ -74.485506835626879, 40.405057715667098 ], [ -74.484348740402481, 40.404857338098729 ] ] ] } },
{ "type": "Feature", "properties": { "id": "36_0", "growth_scenario": "low", "market_gravity_weight": 50 }, "geometry": { "type": "Polygon", "coordinates": [ [ [ -74.024942367177161, 41.150939206445067 ], [ -74.026111374185717, 41.151143900379424 ], [ -74.025836145912351, 41.15201330982196 ], [ -74.025560910867611, 41.152882719330918 ], [ -74.025285669051243, 41.153752128906632 ], [ -74.025010420463033, 41.154621538549144 ], [ -74.023841359120581, 41.154416833921452 ], [ -74.024116621292691, 41.153547426952436 ], [ -74.022947580306308, 41.153342714339907 ], [ -74.023222849289667, 41.152473310111127 ], [ -74.022053828658869, 41.152268589513895 ], [ -74.022329104452851, 41.151399188025081 ], [ -74.022604373474593, 41.150529786602448 ], [ -74.02377336694002, 41.150734501852718 ], [ -74.024048615607498, 41.149865097822627 ], [ -74.02521760226216, 41.150069799741829 ], [ -74.024942367177161, 41.150939206445067 ] ] ] } },
{ "type": "Feature", "properties": { "id": "36_1", "growth_scenario": "low", "market_gravity_weight": 50 }, "geometry": { "type": "Polygon", "coordinates": [ [ [ -74.000201776252482, 41.248468658997972 ], [ -73.999925849322977, 41.249338087826409 ], [ -73.999649915595981, 41.250207516744801 ], [ -73.998479344642504, 41.25000256267716 ], [ -73.998203390500379, 41.250871988999599 ], [ -73.997032812727753, 41.250667021574742 ], [ -73.995862241753713, 41.250462043478834 ], [ -73.99613822312989, 41.249592622528986 ], [ -73.99641419770748, 41.24872320166893 ], [ -73.996690165486669, 41.247853780898467 ], [ -73.996966126467754, 41.24698436021734 ], [ -73.99813664297595, 41.247189327568641 ], [ -73.99930716628171, 41.247394284249332 ], [ -73.999031232532914, 41.248263710302226 ], [ -74.000201776252482, 41.248468658997972 ] ] ] } },
{ "type": "Feature", "properties": { "id": "36_2", "growth_scenario": "low", "market_gravity_weight": 50 }, "geometry": { "type": "Polygon", "coordinates": [ [ [ -74.028185826012049, 41.074431637636557 ], [ -74.029353578293509, 41.074636288460347 ], [ -74.030521337330555, 41.074840928636966 ], [ -74.030246460074423, 41.07571029060734 ], [ -74.031414239421338, 41.075914922801665 ], [ -74.031139368964617, 41.076784287484273 ], [ -74.030864491752411, 41.077653652214522 ], [ -74.029696685295377, 41.077449014689975 ], [ -74.029421787771966, 41.07831837680272 ], [ -74.028253974515664, 41.07811372596516 ], [ -74.028528885594326, 41.077244366517832 ], [ -74.028803789916694, 41.076375007118031 ], [ -74.027636010526663, 41.076170350963814 ], [ -74.027910921647418, 41.075300994276702 ], [ -74.026743162567911, 41.075096330140489 ], [ -74.027018080486442, 41.074226976165647 ], [ -74.027292991648821, 41.073357622237509 ], [ -74.028460723620839, 41.073562281043252 ], [ -74.028185826012049, 41.074431637636557 ] ] ] } },
{ "type": "Feature", "properties": { "id": "36_3", "growth_scenario": "low", "market_gravity_weight": 50 }, "geometry": { "type": "Polygon", "coordinates": [ [ [ -74.121043000609305, 41.120023266550177 ], [ -74.120769060871453, 41.120892856577655 ], [ -74.120495114395325, 41.121762446668981 ], [ -74.119326320491652, 41.121558621493755 ], [ -74.119052353691828, 41.122428208989533 ], [ -74.117883552942047, 41.12222437049558 ], [ -74.118157533326766, 41.121354785659484 ], [ -74.116988752901023, 41.121150939166242 ], [ -74.117262740131011, 41.120281357053656 ], [ -74.117536720621828, 41.119411775004544 ], [ -74.118705473879132, 41.119615616178486 ], [ -74.118979434047233, 41.118746031533263 ], [ -74.12014818045914, 41.118949859389133 ], [ -74.121316933609108, 41.119153676586336 ], [ -74.122485693496898, 41.119357483124702 ], [ -74.122211774081606, 41.120227075747628 ], [ -74.121043000609305, 41.120023266550177 ] ] ] } },
{ "type": "Feature", "properties": { "id": "36_4", "growth_scenario": "low", "market_gravity_weight": 50 }, "geometry": { "type": "Polygon", "coordinates": [ [ [ -73.957141050845848, 41.088571866145344 ], [ -73.958308830696467, 41.088777169286139 ], [ -73.959476617325592, 41.08898246178169 ], [ -73.959200812013819, 41.089851680950133 ], [ -73.958924999923553, 41.090720900165444 ], [ -73.958649181054582, 41.09159011942787 ], [ -73.958373355406621, 41.092459338737548 ], [ -73.957205514577026, 41.092254035543476 ], [ -73.957481353775535, 41.091384818908587 ], [ -73.956313533275747, 41.091179507743753 ], [ -73.956589379245017, 41.090310293830839 ], [ -73.955421579074567, 41.090104974695478 ], [ -73.955697431814016, 41.089235763504192 ], [ -73.955973277774078, 41.088366552359446 ], [ -73.956249116955036, 41.087497341260985 ], [ -73.957416876477907, 41.087702652372357 ], [ -73.957141050845848, 41.088571866145344 ] ] ] } },
{ "type": "Feature", "properties": { "id": "36_5", "growth_scenario": "low", "market_gravity_weight": 50 }, "geometry": { "type": "Polygon", "coordinates": [ [ [ -74.002266984387887, 41.24974795857635 ], [ -74.00343756211582, 41.249952877944594 ], [ -74.003161669241621, 41.250822314920256 ], [ -74.002885769570597, 41.251691751986364 ], [ -74.001715164606665, 41.251486827246801 ], [ -74.000544566440141, 41.251281891835688 ], [ -73.999373975071265, 41.25107694575324 ], [ -73.999098027748573, 41.251946374852118 ], [ -73.997927429559994, 41.251741415412241 ], [ -73.996756838169915, 41.251536445301035 ], [ -73.997032812727753, 41.250667021574742 ], [ -73.998203390500379, 41.250871988999599 ], [ -73.998479344642504, 41.25000256267716 ], [ -73.999649915595981, 41.250207516744801 ], [ -73.999925849322977, 41.249338087826409 ], [ -74.001096413456835, 41.249543028536962 ], [ -74.001372326769285, 41.248673597022758 ], [ -74.002542884083041, 41.248878524376579 ], [ -74.002266984387887, 41.24974795857635 ] ] ] } },
{ "type": "Feature", "properties": { "id": "37_0", "growth_scenario": "low", "market_gravity_weight": 50 }, "geometry": { "type": "Polygon", "coordinates": [ [ [ -78.299686914334757, 35.806683678474727 ], [ -78.3007840886266, 35.806849061299815 ], [ -78.300577349515407, 35.807726740429814 ], [ -78.301674540798473, 35.807892114895687 ], [ -78.301467809131339, 35.808769794856296 ], [ -78.30037060563042, 35.80860441859511 ], [ -78.299273406903467, 35.808439032179216 ], [ -78.299066646026574, 35.809316707584394 ], [ -78.297969439856061, 35.809151309218294 ], [ -78.296872238460168, 35.808985900697508 ], [ -78.297079023772469, 35.808108228883683 ], [ -78.297285804310036, 35.807230556105075 ], [ -78.297492580073026, 35.806352882361431 ], [ -78.298589744816823, 35.806518285495244 ], [ -78.298796503588548, 35.805640608990984 ], [ -78.299893660889495, 35.805806000175089 ], [ -78.299686914334757, 35.806683678474727 ] ] ] } },
{ "type": "Feature", "properties": { "id": "37_1", "growth_scenario": "low", "market_gravity_weight": 50 }, "geometry": { "type": "Polygon", "coordinates": [ [ [ -78.301197552528265, 35.805093700144752 ], [ -78.300990822964152, 35.805971381204827 ], [ -78.302087989812307, 35.806136752080249 ], [ -78.301881267692067, 35.807014433970402 ], [ -78.302978451530919, 35.807179796486437 ], [ -78.302771736855064, 35.808057479206994 ], [ -78.302565017405939, 35.808935160962868 ], [ -78.301467809131339, 35.808769794856296 ], [ -78.301674540798473, 35.807892114895687 ], [ -78.300577349515407, 35.807726740429814 ], [ -78.3007840886266, 35.806849061299815 ], [ -78.299686914334757, 35.806683678474727 ], [ -78.299893660889495, 35.805806000175089 ], [ -78.298796503588548, 35.805640608990984 ], [ -78.297699351061596, 35.805475207652627 ], [ -78.297906117275915, 35.804597531978494 ], [ -78.29811287871614, 35.80371985533889 ], [ -78.299210006810199, 35.803885253086477 ], [ -78.30030713967794, 35.804050640680011 ], [ -78.300100402670495, 35.804928320910186 ], [ -78.301197552528265, 35.805093700144752 ] ] ] } },
{ "type": "Feature", "properties": { "id": "37_2", "growth_scenario": "low", "market_gravity_weight": 50 }, "geometry": { "type": "Polygon", "coordinates": [ [ [ -78.297906117275915, 35.804597531978494 ], [ -78.297699351061596, 35.805475207652627 ], [ -78.298796503588548, 35.805640608990984 ], [ -78.298589744816823, 35.806518285495244 ], [ -78.297492580073026, 35.806352882361431 ], [ -78.297285804310036, 35.807230556105075 ], [ -78.297079023772469, 35.808108228883683 ], [ -78.295981839368963, 35.807942812004185 ], [ -78.296188632123716, 35.807065141021255 ], [ -78.295091464712243, 35.806899715783203 ], [ -78.295298264908951, 35.806022045631011 ], [ -78.294201114489184, 35.805856612034496 ], [ -78.294407922127291, 35.804978942712779 ], [ -78.295505060330697, 35.805144374513468 ], [ -78.295711850977682, 35.804266702430475 ], [ -78.29680898173963, 35.804432122281519 ], [ -78.297015755396004, 35.803554447437357 ], [ -78.29811287871614, 35.80371985533889 ], [ -78.297906117275915, 35.804597531978494 ] ] ] } },
{ "type": "Feature", "properties": { "id": "37_3", "growth_scenario": "low", "market_gravity_weight": 50 }, "geometry": { "type": "Polygon", "coordinates": [ [ [ -78.294407922127291, 35.804978942712779 ], [ -78.294201114489184, 35.805856612034496 ], [ -78.295298264908951, 35.806022045631011 ], [ -78.295091464712243, 35.806899715783203 ], [ -78.296188632123716, 35.807065141021255 ], [ -78.295981839368963, 35.807942812004185 ], [ -78.297079023772469, 35.808108228883683 ], [ -78.296872238460168, 35.808985900697508 ], [ -78.295775041839192, 35.808820482022227 ], [ -78.294677849993391, 35.808655053192396 ], [ -78.294884659740447, 35.807777384970279 ], [ -78.293787484887204, 35.807611947781972 ], [ -78.292690314809491, 35.807446500439433 ], [ -78.292897144214862, 35.806568834844327 ], [ -78.291799991129466, 35.806403379143688 ], [ -78.292006827975513, 35.805525714379293 ], [ -78.293103968844605, 35.805691168283907 ], [ -78.293310788698918, 35.804813500758065 ], [ -78.2935176037779, 35.803935832266554 ], [ -78.294614724990353, 35.80410127242547 ], [ -78.294407922127291, 35.804978942712779 ] ] ] } },
{ "type": "Feature", "properties": { "id": "38_0", "growth_scenario": "low", "market_gravity_weight": 50 }, "geometry": { "type": "Polygon", "coordinates": [ [ [ -96.886765155327552, 46.776846249344622 ], [ -96.886777326211998, 46.77774924151138 ], [ -96.885473029727521, 46.777757661605385 ], [ -96.885485183046356, 46.77866065646942 ], [ -96.884180868328585, 46.778669064309625 ], [ -96.884193004080842, 46.7795720618712 ], [ -96.882888671129734, 46.779580457457136 ], [ -96.882876553277683, 46.778677459756594 ], [ -96.882864435758265, 46.777774464614239 ], [ -96.882852318571437, 46.776871472029896 ], [ -96.882840201717229, 46.775968482003073 ], [ -96.884144463070456, 46.775960086973157 ], [ -96.885448724090594, 46.775951679550573 ], [ -96.886752984777175, 46.775943259735364 ], [ -96.888057245129687, 46.775934827527571 ], [ -96.888069433578764, 46.776837816997194 ], [ -96.886765155327552, 46.776846249344622 ] ] ] } },
{ "type": "Feature", "properties": { "id": "38_1", "growth_scenario": "low", "market_gravity_weight": 50 }, "geometry": { "type": "Polygon", "coordinates": [ [ [ -97.051341107928735, 46.872328859085734 ], [ -97.052647258353701, 46.872318859950774 ], [ -97.05266172688242, 46.873222108532637 ], [ -97.052676195808871, 46.874125359709751 ], [ -97.051370009483463, 46.874135359177053 ], [ -97.051384460856696, 46.875038613116118 ], [ -97.05007825618307, 46.875048600334978 ], [ -97.04877205111265, 46.8750585751391 ], [ -97.048757635641394, 46.874155320868212 ], [ -97.047451448125727, 46.874165283092182 ], [ -97.047437051001239, 46.873262031251457 ], [ -97.048743220566408, 46.873252069193171 ], [ -97.048728805887635, 46.872348820113402 ], [ -97.050034957106547, 46.872338845806603 ], [ -97.050020524874512, 46.871435599487654 ], [ -97.051326657747182, 46.871425612932704 ], [ -97.051341107928735, 46.872328859085734 ] ] ] } },
{ "type": "Feature", "properties": { "id": "38_2", "growth_scenario": "low", "market_gravity_weight": 50 }, "geometry": { "type": "Polygon", "coordinates": [ [ [ -97.047451448125727, 46.874165283092182 ], [ -97.048757635641394, 46.874155320868212 ], [ -97.04877205111265, 46.8750585751391 ], [ -97.05007825618307, 46.875048600334978 ], [ -97.051384460856696, 46.875038613116118 ], [ -97.051398912627192, 46.875941869651271 ], [ -97.050092690002089, 46.875951857036114 ], [ -97.048786466980218, 46.875961832006034 ], [ -97.047480243562021, 46.87597179456111 ], [ -97.046174019748037, 46.875981744701228 ], [ -97.04486779553875, 46.875991682426452 ], [ -97.043561570934642, 46.876001607736825 ], [ -97.043547226873201, 46.875098350208752 ], [ -97.044853433525759, 46.875088425063431 ], [ -97.044839071907575, 46.87418517029645 ], [ -97.046145260214288, 46.874175232901536 ], [ -97.046130881040341, 46.87327198089551 ], [ -97.047437051001239, 46.873262031251457 ], [ -97.047451448125727, 46.874165283092182 ] ] ] } },
{ "type": "Feature", "properties": { "id": "38_3", "growth_scenario": "low", "market_gravity_weight": 50 }, "geometry": { "type": "Polygon", "coordinates": [ [ [ -96.87256394949479, 46.984711437503307 ], [ -96.872551935903886, 46.983807848366077 ], [ -96.873860330278148, 46.983799545577462 ], [ -96.875168724321128, 46.983791230348743 ], [ -96.876477118032298, 46.983782902679884 ], [ -96.87778551141119, 46.983774562570851 ], [ -96.879093904457321, 46.983766210021678 ], [ -96.879106008110028, 46.984669798463976 ], [ -96.879118112096023, 46.985573389546815 ], [ -96.877809683024736, 46.985581742374805 ], [ -96.876501253620646, 46.985590082762243 ], [ -96.876513321913279, 46.986493676764695 ], [ -96.875204874163529, 46.986502004850593 ], [ -96.875192823884248, 46.985598410709102 ], [ -96.873884393816027, 46.985606726215465 ], [ -96.873872361881439, 46.984703134576129 ], [ -96.87256394949479, 46.984711437503307 ] ] ] } },
{ "type": "Feature", "properties": { "id": "38_4", "growth_scenario": "low", "market_gravity_weight": 50 }, "geometry": { "type": "Polygon", "coordinates": [ [ [ -96.907646024193895, 46.777612834558063 ], [ -96.907658481805569, 46.77851582702398 ], [ -96.906354172825942, 46.77852444554857 ], [ -96.906366612879623, 46.77942744071526 ], [ -96.90637905327479, 46.780330438440501 ], [ -96.905074708153279, 46.780339044856994 ], [ -96.905087130988989, 46.781242045283612 ], [ -96.903782767625486, 46.781250639448793 ], [ -96.90377036269075, 46.780347638879881 ], [ -96.90375795809652, 46.779444640869876 ], [ -96.903745553842796, 46.778541645418308 ], [ -96.903733149929579, 46.777638652524921 ], [ -96.903720746356797, 46.776735662189296 ], [ -96.905025020220378, 46.776727068735667 ], [ -96.906329293742985, 46.77671846288915 ], [ -96.906341733113749, 46.777621452939975 ], [ -96.907646024193895, 46.777612834558063 ] ] ] } },
{ "type": "Feature", "properties": { "id": "38_5", "growth_scenario": "low", "market_gravity_weight": 50 }, "geometry": { "type": "Polygon", "coordinates": [ [ [ -97.059192562781348, 46.873171925813402 ], [ -97.060498728762539, 46.873161852026932 ], [ -97.060513305391424, 46.874065102202664 ], [ -97.059207121459877, 46.874075176156602 ], [ -97.059221680538627, 46.874978429095371 ], [ -97.057915478255978, 46.874988490802103 ], [ -97.056609275573621, 46.874998540094218 ], [ -97.055303072492009, 46.875008576971652 ], [ -97.053996869011655, 46.875018601434455 ], [ -97.053982381736517, 46.874115347827995 ], [ -97.053967894859625, 46.873212096817241 ], [ -97.055274062438627, 46.873202072687654 ], [ -97.056580229618902, 46.873192036143813 ], [ -97.057886396399979, 46.87318198718576 ], [ -97.057871856071529, 46.872278739270676 ], [ -97.059178004503011, 46.87226867806563 ], [ -97.059192562781348, 46.873171925813402 ] ] ] } },
{ "type": "Feature", "properties": { "id": "39_0", "growth_scenario": "low", "market_gravity_weight": 50 }, "geometry": { "type": "Polygon", "coordinates": [ [ [ -82.782219508365557, 39.878048517662968 ], [ -82.782055953469609, 39.87893233542205 ], [ -82.781892394552131, 39.879816153313243 ], [ -82.78172883161298, 39.880699971336682 ], [ -82.780560471250894, 39.880576235748599 ], [ -82.779392114910962, 39.880452489301433 ], [ -82.779555706014733, 39.879568674417193 ], [ -82.778387367779388, 39.879444918680854 ], [ -82.778550968942582, 39.878561105498555 ], [ -82.778714566083252, 39.877677292448112 ], [ -82.778878159201568, 39.876793479529269 ], [ -82.780046455192632, 39.876917230556629 ], [ -82.78121475520561, 39.877040970725439 ], [ -82.781051190249642, 39.877924786783339 ], [ -82.782219508365557, 39.878048517662968 ] ] ] } },
{ "type": "Feature", "properties": { "id": "39_1", "growth_scenario": "low", "market_gravity_weight": 50 }, "geometry": { "type": "Polygon", "coordinates": [ [ [ -82.803599173728855, 39.801014376788451 ], [ -82.803436056468954, 39.801898193159317 ], [ -82.804603178799255, 39.802021711832289 ], [ -82.80444007158664, 39.802905529878835 ], [ -82.803272935202443, 39.802782009643416 ], [ -82.803109809929211, 39.803665826241009 ], [ -82.802946680649086, 39.804549642952288 ], [ -82.801779520163194, 39.804426108743414 ], [ -82.801942663497712, 39.80354229359488 ], [ -82.800775521073433, 39.803418750100533 ], [ -82.800938674454642, 39.802534936628398 ], [ -82.799771550091691, 39.802411383848892 ], [ -82.799934713518923, 39.801527572052898 ], [ -82.801101823828461, 39.801651123269608 ], [ -82.801264969195003, 39.800767310023851 ], [ -82.802432069458547, 39.800890848830065 ], [ -82.802595196765068, 39.800007034134659 ], [ -82.803762286982305, 39.800130560530619 ], [ -82.803599173728855, 39.801014376788451 ] ] ] } },
{ "type": "Feature", "properties": { "id": "39_2", "growth_scenario": "low", "market_gravity_weight": 50 }, "geometry": { "type": "Polygon", "coordinates": [ [ [ -82.994786177529335, 39.855329803509335 ], [ -82.993617865681074, 39.855208051036328 ], [ -82.993456961231843, 39.856092132995457 ], [ -82.993296052826295, 39.856976215087705 ], [ -82.99313514046429, 39.857860297313415 ], [ -82.992974224145684, 39.858744379672743 ], [ -82.991805859889496, 39.858622610162492 ], [ -82.990637499590406, 39.858500829789499 ], [ -82.990798444091922, 39.857616750518069 ], [ -82.99095938463617, 39.856732671380065 ], [ -82.992127716752833, 39.856854448665118 ], [ -82.992288639249239, 39.855970368116552 ], [ -82.992449557788987, 39.855086287701091 ], [ -82.991281253853401, 39.85496451350371 ], [ -82.991442182526683, 39.854080434764896 ], [ -82.99261047237222, 39.854202207418567 ], [ -82.993778766174131, 39.854323969210213 ], [ -82.994947063932059, 39.854445720139729 ], [ -82.996115365645679, 39.854567460207178 ], [ -82.995954493333443, 39.855451545120118 ], [ -82.994786177529335, 39.855329803509335 ] ] ] } },
{ "type": "Feature", "properties": { "id": "40_0", "growth_scenario": "low", "market_gravity_weight": 50 }, "geometry": { "type": "Polygon", "coordinates": [ [ [ -97.032951808770363, 36.161327680678554 ], [ -97.03296400102144, 36.162220519059723 ], [ -97.032976193560316, 36.163113356892467 ], [ -97.032988386387018, 36.164006194176963 ], [ -97.031866697561995, 36.164015894216917 ], [ -97.031854517973002, 36.163123056823899 ], [ -97.031842338671538, 36.162230218882613 ], [ -97.030720676034122, 36.162239908167415 ], [ -97.029599013109532, 36.162249586914157 ], [ -97.029586860569751, 36.161356748207702 ], [ -97.029574708316858, 36.160463908952678 ], [ -97.030696344767534, 36.160454230422587 ], [ -97.030684179565, 36.159561390726992 ], [ -97.03180580249203, 36.159551701767455 ], [ -97.032927425131604, 36.159542002270165 ], [ -97.032939616807099, 36.160434841748753 ], [ -97.032951808770363, 36.161327680678554 ] ] ] } },
{ "type": "Feature", "properties": { "id": "41_0", "growth_scenario": "low", "market_gravity_weight": 50 }, "geometry": { "type": "Polygon", "coordinates": [ [ [ -122.742638333733595, 45.334508035245761 ], [ -122.742992770987499, 45.335372037587774 ], [ -122.74176665551289, 45.335621796393369 ], [ -122.742121087415171, 45.336485803424004 ], [ -122.740894948297012, 45.336735554997716 ], [ -122.739668800033144, 45.336985295579119 ], [ -122.739314397127018, 45.336121281028511 ], [ -122.738960003365946, 45.335257267406888 ], [ -122.73860561874956, 45.334393254714008 ], [ -122.739831723519572, 45.334143525411868 ], [ -122.739477333550212, 45.333279517406886 ], [ -122.740703414678592, 45.333029780872351 ], [ -122.741929486662343, 45.332780033346133 ], [ -122.742283905625328, 45.333644033831966 ], [ -122.742638333733595, 45.334508035245761 ] ] ] } },
{ "type": "Feature", "properties": { "id": "41_1", "growth_scenario": "low", "market_gravity_weight": 50 }, "geometry": { "type": "Polygon", "coordinates": [ [ [ -122.942055822632469, 45.559820829507217 ], [ -122.942414036857329, 45.560684800178343 ], [ -122.943643532170753, 45.560433073827653 ], [ -122.944001770221064, 45.56129704166279 ], [ -122.944360017540987, 45.562161010481958 ], [ -122.943130493114339, 45.562412744472667 ], [ -122.943488735147156, 45.563276718096297 ], [ -122.942259186893423, 45.563528444893329 ], [ -122.941900959418007, 45.562664467449537 ], [ -122.940671416452332, 45.562916179412412 ], [ -122.940313212803773, 45.562052199133312 ], [ -122.939955018423902, 45.561188219838719 ], [ -122.939596833312393, 45.560324241528434 ], [ -122.940826332606576, 45.560072541024645 ], [ -122.940468142206527, 45.559208567517707 ], [ -122.941697617676212, 45.558956859819723 ], [ -122.942055822632469, 45.559820829507217 ] ] ] } },
{ "type": "Feature", "properties": { "id": "41_2", "growth_scenario": "low", "market_gravity_weight": 50 }, "geometry": { "type": "Polygon", "coordinates": [ [ [ -122.903065294484961, 45.568734227433076 ], [ -122.904295086253228, 45.568482853588648 ], [ -122.90465285832336, 45.569346943603605 ], [ -122.905010639653256, 45.57021103460832 ], [ -122.903780818749382, 45.570462416085348 ], [ -122.902550988585631, 45.570713786544083 ], [ -122.902908750038819, 45.571577886171745 ], [ -122.90167889604659, 45.57182924942822 ], [ -122.901321149162357, 45.570965145984225 ], [ -122.900091300479843, 45.571216494405746 ], [ -122.899733577423845, 45.570352388136179 ], [ -122.899375863626403, 45.569488282857087 ], [ -122.900605683171221, 45.569236942067498 ], [ -122.901835493457511, 45.56898559025943 ], [ -122.901477759781869, 45.568121493602035 ], [ -122.902707546241615, 45.567870134591601 ], [ -122.903065294484961, 45.568734227433076 ] ] ] } },
{ "type": "Feature", "properties": { "id": "41_3", "growth_scenario": "low", "market_gravity_weight": 50 }, "geometry": { "type": "Polygon", "coordinates": [ [ [ -122.484645282237722, 45.457889398833345 ], [ -122.484997037565833, 45.458754344725044 ], [ -122.485348801994562, 45.459619291604596 ], [ -122.484119449608386, 45.459866784514297 ], [ -122.484471208537002, 45.46073173612853 ], [ -122.483241832448769, 45.460979221751472 ], [ -122.482890088121579, 45.460114266390789 ], [ -122.481660717534453, 45.46036173723401 ], [ -122.480431337847278, 45.460609197043787 ], [ -122.480079631823642, 45.459744235179365 ], [ -122.481308996909007, 45.459496779115668 ], [ -122.480957285383269, 45.458631821985684 ], [ -122.480605582956855, 45.457766865843944 ], [ -122.481834909740613, 45.45751940623866 ], [ -122.483064227425047, 45.457271935600353 ], [ -122.483415959052763, 45.458136884250486 ], [ -122.484645282237722, 45.457889398833345 ] ] ] } },
{ "type": "Feature", "properties": { "id": "41_4", "growth_scenario": "low", "market_gravity_weight": 50 }, "geometry": { "type": "Polygon", "coordinates": [ [ [ -123.093360662983045, 45.525932808787893 ], [ -123.092132368137968, 45.526185873403968 ], [ -123.09249234222726, 45.527049370493053 ], [ -123.091264023564463, 45.527302427946644 ], [ -123.090035695596427, 45.527555474404153 ], [ -123.088807358323493, 45.527808509865494 ], [ -123.088447427772849, 45.526945001276779 ], [ -123.088087506526477, 45.526081493649478 ], [ -123.089315814773244, 45.525828465854133 ], [ -123.088955888318154, 45.524964963020736 ], [ -123.090184172748437, 45.524711928062288 ], [ -123.091412447874532, 45.524458882108156 ], [ -123.09264071369617, 45.524205825158397 ], [ -123.093000683687052, 45.525069316492882 ], [ -123.093360662983045, 45.525932808787893 ] ] ] } },
{ "type": "Feature", "properties": { "id": "41_5", "growth_scenario": "low", "market_gravity_weight": 50 }, "geometry": { "type": "Polygon", "coordinates": [ [ [ -122.379459478181147, 45.437858179671849 ], [ -122.378230134729534, 45.438104695041403 ], [ -122.378580409622515, 45.438969874040247 ], [ -122.379809767685927, 45.438723354940834 ], [ -122.381039116686495, 45.438476824803644 ], [ -122.381389429865848, 45.439341997332214 ], [ -122.380160066253538, 45.439588531199533 ], [ -122.378930693578027, 45.439835054028983 ], [ -122.379280986596413, 45.440700235007995 ], [ -122.378051590245278, 45.44094675052942 ], [ -122.377701311839658, 45.440081565820407 ], [ -122.376471921038757, 45.440328066573521 ], [ -122.376121666308478, 45.439462879125038 ], [ -122.377351042496613, 45.439216382101684 ], [ -122.37700078221576, 45.438351199373095 ], [ -122.376650530996784, 45.437486017634406 ], [ -122.376300288839346, 45.436620836885403 ], [ -122.377529612129777, 45.436374340012655 ], [ -122.378758926358728, 45.436127832102287 ], [ -122.379109197738856, 45.436993005392395 ], [ -122.379459478181147, 45.437858179671849 ] ] ] } },
{ "type": "Feature", "properties": { "id": "41_6", "growth_scenario": "low", "market_gravity_weight": 50 }, "geometry": { "type": "Polygon", "coordinates": [ [ [ -122.939955018423902, 45.561188219838719 ], [ -122.940313212803773, 45.562052199133312 ], [ -122.939083675126824, 45.562303896262279 ], [ -122.939441864217585, 45.563167880361149 ], [ -122.938212302714092, 45.56341957029553 ], [ -122.938570486515104, 45.564283559199161 ], [ -122.937340901184342, 45.564535241938884 ], [ -122.936982731942123, 45.563671249215574 ], [ -122.935753151902077, 45.563922917120969 ], [ -122.935395006486871, 45.563058921563595 ], [ -122.935036870339147, 45.562194926991438 ], [ -122.936266421261806, 45.561943266724647 ], [ -122.935908279822954, 45.561079276956526 ], [ -122.937137806920276, 45.560827609494545 ], [ -122.938367324750175, 45.560575931018427 ], [ -122.938725495304482, 45.561439913148149 ], [ -122.939955018423902, 45.561188219838719 ] ] ] } },
{ "type": "Feature", "properties": { "id": "41_7", "growth_scenario": "low", "market_gravity_weight": 50 }, "geometry": { "type": "Polygon", "coordinates": [ [ [ -123.118779935454086, 45.606034980046445 ], [ -123.119140685078619, 45.606898584851557 ], [ -123.117910997815812, 45.607151936856049 ], [ -123.118271742233915, 45.608015546494862 ], [ -123.117042031092751, 45.608268891341325 ], [ -123.11581231061588, 45.608522225180181 ], [ -123.115451595283531, 45.607658607843113 ], [ -123.115090889286222, 45.606794991490951 ], [ -123.114730192623625, 45.605931376123458 ], [ -123.115959869472235, 45.605678053831269 ], [ -123.115599167601829, 45.604814443296789 ], [ -123.116828820573971, 45.60456111384606 ], [ -123.118058464211558, 45.604307773388364 ], [ -123.118419195165202, 45.605171376225435 ], [ -123.118779935454086, 45.606034980046445 ] ] ] } },
{ "type": "Feature", "properties": { "id": "41_8", "growth_scenario": "low", "market_gravity_weight": 50 }, "geometry": { "type": "Polygon", "coordinates": [ [ [ -122.737896876949534, 45.332665232113548 ], [ -122.739122952725168, 45.332415510330009 ], [ -122.740349019356856, 45.332165777554799 ], [ -122.741575076844285, 45.331916033788069 ], [ -122.7428011251871, 45.331666279029889 ], [ -122.743155549501154, 45.332530274828422 ], [ -122.743509982960461, 45.333394271554468 ], [ -122.742283905625328, 45.333644033831966 ], [ -122.741929486662343, 45.332780033346133 ], [ -122.740703414678592, 45.333029780872351 ], [ -122.739477333550212, 45.333279517406886 ], [ -122.739831723519572, 45.334143525411868 ], [ -122.73860561874956, 45.334393254714008 ], [ -122.737379504835189, 45.334642973024081 ], [ -122.737025143860834, 45.333778957500478 ], [ -122.735799035300445, 45.334028661059257 ], [ -122.735444697967509, 45.333164642705057 ], [ -122.736670792030182, 45.332914942905269 ], [ -122.736316449342894, 45.332050929238257 ], [ -122.737542519765171, 45.331801222205449 ], [ -122.737896876949534, 45.332665232113548 ] ] ] } },
{ "type": "Feature", "properties": { "id": "41_9", "growth_scenario": "low", "market_gravity_weight": 50 }, "geometry": { "type": "Polygon", "coordinates": [ [ [ -122.762709719723702, 45.315437992287713 ], [ -122.763935387633438, 45.315188055632262 ], [ -122.764289997343738, 45.316051960464861 ], [ -122.76464461620121, 45.316915866218139 ], [ -122.763418919321595, 45.317165810393256 ], [ -122.762193213294751, 45.317415743581101 ], [ -122.761838623407812, 45.316551830308121 ], [ -122.760612922719858, 45.316801748749029 ], [ -122.759387212885613, 45.317051656202537 ], [ -122.759032661116578, 45.316187736331734 ], [ -122.760258356464959, 45.315937832637573 ], [ -122.75990379935601, 45.315073917447187 ], [ -122.759549251392642, 45.314210003177514 ], [ -122.760774908625066, 45.313960096014625 ], [ -122.762000556711939, 45.313710177864792 ], [ -122.762355133644746, 45.314574084616076 ], [ -122.762709719723702, 45.315437992287713 ] ] ] } },
{ "type": "Feature", "properties": { "id": "42_0", "growth_scenario": "low", "market_gravity_weight": 50 }, "geometry": { "type": "Polygon", "coordinates": [ [ [ -77.706077679877879, 39.77709240704489 ], [ -77.705852298560771, 39.77796832103563 ], [ -77.705626911758969, 39.77884423493493 ], [ -77.704470589313416, 39.778673497514973 ], [ -77.703314272353055, 39.778502749449203 ], [ -77.702157960878182, 39.778331990737783 ], [ -77.702383388284048, 39.777456083254499 ], [ -77.70260881020431, 39.776580175679463 ], [ -77.703765094610489, 39.776750930113437 ], [ -77.703990497511455, 39.775875020307915 ], [ -77.704215894927501, 39.774999110410377 ], [ -77.705372157750929, 39.775169849921959 ], [ -77.706528426058753, 39.775340578788317 ], [ -77.70630305571045, 39.776216492962519 ], [ -77.706077679877879, 39.77709240704489 ] ] ] } },
{ "type": "Feature", "properties": { "id": "42_1", "growth_scenario": "low", "market_gravity_weight": 50 }, "geometry": { "type": "Polygon", "coordinates": [ [ [ -77.689046474293193, 39.861863411386828 ], [ -77.690204097888568, 39.862034296966826 ], [ -77.689978256959435, 39.862910213850448 ], [ -77.688820619799301, 39.862739326123481 ], [ -77.687662988141668, 39.862568427739483 ], [ -77.68650536198686, 39.862397518698387 ], [ -77.685347741335136, 39.862226599000401 ], [ -77.685573636522051, 39.861350690705208 ], [ -77.685799526205741, 39.860474782338144 ], [ -77.686025410386435, 39.859598873899003 ], [ -77.687182990346614, 39.859769787155457 ], [ -77.68834057580932, 39.859940689755312 ], [ -77.689498166774243, 39.860111581698554 ], [ -77.689272323284754, 39.860987496578566 ], [ -77.689046474293193, 39.861863411386828 ] ] ] } },
{ "type": "Feature", "properties": { "id": "42_2", "growth_scenario": "low", "market_gravity_weight": 50 }, "geometry": { "type": "Polygon", "coordinates": [ [ [ -77.686985350948774, 39.865196165080413 ], [ -77.688143023301876, 39.865367069906185 ], [ -77.687917146796806, 39.86624298435855 ], [ -77.687691264788441, 39.867118898740515 ], [ -77.68653356530352, 39.866947989619852 ], [ -77.685375871322407, 39.866777069841604 ], [ -77.684218182845385, 39.86660613940586 ], [ -77.68444410555135, 39.865730231466827 ], [ -77.68467002275311, 39.864854323456953 ], [ -77.684895934450864, 39.863978415376067 ], [ -77.685121840644797, 39.863102507223985 ], [ -77.686279474860967, 39.863273429069316 ], [ -77.687437114580447, 39.863444340257615 ], [ -77.68721123551623, 39.864320252704545 ], [ -77.686985350948774, 39.865196165080413 ] ] ] } },
{ "type": "Feature", "properties": { "id": "42_3", "growth_scenario": "low", "market_gravity_weight": 50 }, "geometry": { "type": "Polygon", "coordinates": [ [ [ -77.700877782323246, 39.867246319580978 ], [ -77.7020355206934, 39.867417096512298 ], [ -77.701809806992941, 39.868293036724694 ], [ -77.701584087792853, 39.869168976867726 ], [ -77.700426322286106, 39.868998195644245 ], [ -77.700200584017423, 39.869874133571841 ], [ -77.699974840248402, 39.870750071430365 ], [ -77.698817053104392, 39.870579275255551 ], [ -77.699042810442265, 39.869703339543449 ], [ -77.697885042367773, 39.869532534856582 ], [ -77.698110807773361, 39.868656601221744 ], [ -77.698336567678197, 39.867780667517444 ], [ -77.698562322082481, 39.866904733743461 ], [ -77.699720049452836, 39.867075531991325 ], [ -77.699945784789321, 39.866199596001259 ], [ -77.701103504092089, 39.866370381444831 ], [ -77.700877782323246, 39.867246319580978 ] ] ] } },
{ "type": "Feature", "properties": { "id": "42_4", "growth_scenario": "low", "market_gravity_weight": 50 }, "geometry": { "type": "Polygon", "coordinates": [ [ [ -77.703193264562998, 39.867587862785292 ], [ -77.704351013931728, 39.867758618399833 ], [ -77.70412532736816, 39.868634562903942 ], [ -77.705283095804475, 39.868805310005619 ], [ -77.706440869739524, 39.868976046448616 ], [ -77.706215204815194, 39.869851995174962 ], [ -77.705057417310925, 39.869681256586347 ], [ -77.704831733318443, 39.870557203098116 ], [ -77.70367393774373, 39.870386451704782 ], [ -77.702516147668462, 39.870215689652539 ], [ -77.701358363092922, 39.870044916941509 ], [ -77.701584087792853, 39.869168976867726 ], [ -77.701809806992941, 39.868293036724694 ], [ -77.7020355206934, 39.867417096512298 ], [ -77.7022612288944, 39.866541156230248 ], [ -77.703418959195957, 39.866711920357396 ], [ -77.703193264562998, 39.867587862785292 ] ] ] } },
{ "type": "Feature", "properties": { "id": "42_5", "growth_scenario": "low", "market_gravity_weight": 50 }, "geometry": { "type": "Polygon", "coordinates": [ [ [ -77.680091427568428, 39.910551600732695 ], [ -77.681249814214695, 39.910722572543321 ], [ -77.682408206373012, 39.910893533690277 ], [ -77.682182116855984, 39.911769455566642 ], [ -77.681023711115387, 39.911598492268055 ], [ -77.680797602503873, 39.91247441193309 ], [ -77.680571488379925, 39.91335033153868 ], [ -77.679413060986448, 39.913179353272483 ], [ -77.679186927766906, 39.914055270666736 ], [ -77.678028492303525, 39.913884279584416 ], [ -77.678254639105887, 39.913008364342318 ], [ -77.678480780395034, 39.912132449040804 ], [ -77.678706916171151, 39.911256533679598 ], [ -77.677548526968124, 39.911085538389898 ], [ -77.677774670813108, 39.910209625120814 ], [ -77.678933046434452, 39.910380618258486 ], [ -77.67915917118512, 39.909504702777404 ], [ -77.680317538737498, 39.909675683099749 ], [ -77.680091427568428, 39.910551600732695 ] ] ] } },
{ "type": "Feature", "properties": { "id": "42_6", "growth_scenario": "low", "market_gravity_weight": 50 }, "geometry": { "type": "Polygon", "coordinates": [ [ [ -77.604992573462724, 39.935820323455815 ], [ -77.606151188487246, 39.935991989375381 ], [ -77.605924090187713, 39.936867783821853 ], [ -77.605696986350623, 39.937743578211524 ], [ -77.604538344159977, 39.937571907967602 ], [ -77.604311221201584, 39.938447700138326 ], [ -77.60315257096569, 39.938276017067871 ], [ -77.601993926268364, 39.938104323333398 ], [ -77.602221076393192, 39.937228535487712 ], [ -77.601062450817679, 39.937056833251944 ], [ -77.601289608986463, 39.936181047512029 ], [ -77.602448220979355, 39.93635274758519 ], [ -77.602675360027021, 39.935476959625497 ], [ -77.603833963975887, 39.935648646872515 ], [ -77.604061083903062, 39.934772856693193 ], [ -77.60521967980749, 39.934944531114326 ], [ -77.604992573462724, 39.935820323455815 ] ] ] } },
{ "type": "Feature", "properties": { "id": "45_0", "growth_scenario": "low", "market_gravity_weight": 50 }, "geometry": { "type": "Polygon", "coordinates": [ [ [ -81.915939566668555, 33.635391524558059 ], [ -81.917013180161845, 33.635523707137288 ], [ -81.918086797276459, 33.63565587969002 ], [ -81.917926533135997, 33.636541287185509 ], [ -81.919000165730594, 33.636673451045219 ], [ -81.920073801946131, 33.636805604878262 ], [ -81.921147441782338, 33.636937748684517 ], [ -81.920987209598593, 33.637823158888622 ], [ -81.919913557902959, 33.637691013748892 ], [ -81.918839909828137, 33.637558858582423 ], [ -81.918679650304611, 33.638444264827946 ], [ -81.917605993991387, 33.638312098301036 ], [ -81.917445718986997, 33.639197501921451 ], [ -81.916372054435641, 33.639065324033893 ], [ -81.9165323412996, 33.638179921747245 ], [ -81.916692624541881, 33.63729451816905 ], [ -81.915618987330959, 33.637162332922379 ], [ -81.915779278810604, 33.636276929386199 ], [ -81.915939566668555, 33.635391524558059 ] ] ] } },
{ "type": "Feature", "properties": { "id": "45_1", "growth_scenario": "low", "market_gravity_weight": 50 }, "geometry": { "type": "Polygon", "coordinates": [ [ [ -81.917654247946942, 33.631982069567236 ], [ -81.918727817628891, 33.63211423678603 ], [ -81.91980139093144, 33.632246393978747 ], [ -81.920874967854303, 33.632378541145201 ], [ -81.921948548397225, 33.632510678285357 ], [ -81.921788334314357, 33.63339609494961 ], [ -81.920714741913272, 33.63326395647632 ], [ -81.920554512352069, 33.634149370515026 ], [ -81.919480911712924, 33.634017220682161 ], [ -81.919641153132403, 33.63313180797666 ], [ -81.918567567971962, 33.632999649450703 ], [ -81.918407314694321, 33.633885060822827 ], [ -81.918247057795867, 33.634770470902531 ], [ -81.917173452539785, 33.634638299683338 ], [ -81.917333721296544, 33.633752890937117 ], [ -81.916260131519849, 33.633620711025166 ], [ -81.916420408513432, 33.632735302320022 ], [ -81.916580681885804, 33.631849892322265 ], [ -81.916740951637095, 33.630964481031654 ], [ -81.917814505840823, 33.631096656943178 ], [ -81.917654247946942, 33.631982069567236 ] ] ] } },
{ "type": "Feature", "properties": { "id": "45_2", "growth_scenario": "low", "market_gravity_weight": 50 }, "geometry": { "type": "Polygon", "coordinates": [ [ [ -81.83398198921752, 33.615312004118387 ], [ -81.83505518913654, 33.615444953881031 ], [ -81.836128392695471, 33.615577893621655 ], [ -81.835967243979084, 33.616463211088458 ], [ -81.834894028573686, 33.61633027000763 ], [ -81.834732864370793, 33.617215584835996 ], [ -81.83365964075881, 33.617082632392737 ], [ -81.832586420787237, 33.616949669927351 ], [ -81.832425229250617, 33.617834980776735 ], [ -81.831352001073085, 33.617702006948669 ], [ -81.830278776536602, 33.617569023098447 ], [ -81.830439991766326, 33.616683714930268 ], [ -81.831513204456328, 33.616816697439873 ], [ -81.831674404198651, 33.615931386632795 ], [ -81.831835600300181, 33.615046074527328 ], [ -81.832908792938639, 33.6151790443338 ], [ -81.833069973553663, 33.614293729589271 ], [ -81.834143157986574, 33.614426688033561 ], [ -81.83398198921752, 33.615312004118387 ] ] ] } },
{ "type": "Feature", "properties": { "id": "47_0", "growth_scenario": "low", "market_gravity_weight": 50 }, "geometry": { "type": "Polygon", "coordinates": [ [ [ -87.270131941304911, 36.623758681617531 ], [ -87.270028409805732, 36.624647552654203 ], [ -87.271152281152553, 36.624729431601807 ], [ -87.272276154947832, 36.624811300033798 ], [ -87.272172647356726, 36.625700172398282 ], [ -87.271048760382982, 36.625618303038472 ], [ -87.270945237164852, 36.626507173947367 ], [ -87.269821339460961, 36.626425293143861 ], [ -87.268697444206026, 36.626343401824563 ], [ -87.268593892181357, 36.627232270349907 ], [ -87.267469986196858, 36.627150367586616 ], [ -87.267573551400332, 36.626261499989489 ], [ -87.267677114154267, 36.625372631864757 ], [ -87.26778067445872, 36.624483763212226 ], [ -87.268904540907684, 36.624565663190957 ], [ -87.269008085584858, 36.623676793082325 ], [ -87.269111627813032, 36.622787922445482 ], [ -87.270235470355402, 36.622869810052741 ], [ -87.270131941304911, 36.623758681617531 ] ] ] } },
{ "type": "Feature", "properties": { "id": "47_1", "growth_scenario": "low", "market_gravity_weight": 50 }, "geometry": { "type": "Polygon", "coordinates": [ [ [ -87.26793002695652, 36.594016245147522 ], [ -87.267826510379706, 36.594905129083095 ], [ -87.267722991355427, 36.595794012483914 ], [ -87.266599556235718, 36.595712100137362 ], [ -87.265476123563815, 36.595630177279205 ], [ -87.265579668923507, 36.594741295732995 ], [ -87.264456251867358, 36.594659363290596 ], [ -87.263332837259554, 36.594577420336755 ], [ -87.263229265564775, 36.595466300027823 ], [ -87.262105840238249, 36.59538434563467 ], [ -87.262209425100437, 36.594495466871379 ], [ -87.26231300751364, 36.593606587573163 ], [ -87.263436406505662, 36.593688540110826 ], [ -87.26455980794627, 36.593770482137124 ], [ -87.264663361576908, 36.592881600448642 ], [ -87.265786752298823, 36.592963531036077 ], [ -87.266910145468628, 36.593045451112303 ], [ -87.266806618172012, 36.59393433465555 ], [ -87.26793002695652, 36.594016245147522 ] ] ] } },
{ "type": "Feature", "properties": { "id": "48_0", "growth_scenario": "low", "market_gravity_weight": 50 }, "geometry": { "type": "Polygon", "coordinates": [ [ [ -98.721512348574009, 29.428747925868304 ], [ -98.722542328995416, 29.428722084325074 ], [ -98.722571844598647, 29.429624033377703 ], [ -98.721541853023226, 29.429649875145817 ], [ -98.721571358112001, 29.430551822486898 ], [ -98.721600863840365, 29.431453767891714 ], [ -98.721630370208317, 29.432355711360454 ], [ -98.720600344529828, 29.432381544025731 ], [ -98.719570318211979, 29.432407366913619 ], [ -98.71954083415352, 29.431505422995375 ], [ -98.71951135073418, 29.430603477141126 ], [ -98.719481867953959, 29.429701529350609 ], [ -98.719452385812801, 29.42879957962375 ], [ -98.720482367513043, 29.428773757634559 ], [ -98.720452874857145, 29.427871806195689 ], [ -98.721482844764324, 29.427845974654208 ], [ -98.721512348574009, 29.428747925868304 ] ] ] } },
{ "type": "Feature", "properties": { "id": "48_1", "growth_scenario": "low", "market_gravity_weight": 50 }, "geometry": { "type": "Polygon", "coordinates": [ [ [ -96.959070411559679, 32.983526001796456 ], [ -96.959081276096668, 32.98442201883384 ], [ -96.959092140879804, 32.985318034642866 ], [ -96.958015610455917, 32.985327072621281 ], [ -96.958004757866277, 32.984431056722237 ], [ -96.956928239390024, 32.984440084460616 ], [ -96.956917399239487, 32.983544067243301 ], [ -96.955840892710867, 32.983553084741793 ], [ -96.954764385936954, 32.983562092090374 ], [ -96.954753570417907, 32.98266607346509 ], [ -96.955830064998864, 32.982657066206194 ], [ -96.955819237532168, 32.981761046441868 ], [ -96.956895719675131, 32.981752029122944 ], [ -96.957972201572545, 32.981743001654266 ], [ -96.959048683224111, 32.981733964035868 ], [ -96.959059547268822, 32.982629983530536 ], [ -96.959070411559679, 32.983526001796456 ] ] ] } },
{ "type": "Feature", "properties": { "id": "48_10", "growth_scenario": "low", "market_gravity_weight": 50 }, "geometry": { "type": "Polygon", "coordinates": [ [ [ -96.974853547452355, 32.953820009208265 ], [ -96.974864586631838, 32.95471606552394 ], [ -96.973788474348879, 32.954725252644536 ], [ -96.972712361816164, 32.954734429618533 ], [ -96.972701347004659, 32.953838373120256 ], [ -96.971625246406489, 32.953847539856419 ], [ -96.970549145559161, 32.953856696445968 ], [ -96.970538155364551, 32.952960638530733 ], [ -96.970527165418815, 32.952064579380718 ], [ -96.971603241898961, 32.952055422973245 ], [ -96.972679318129948, 32.952046256419429 ], [ -96.973755394111507, 32.952037079719304 ], [ -96.97483146984338, 32.952027892872771 ], [ -96.974842508522869, 32.952923951657908 ], [ -96.974853547452355, 32.953820009208265 ] ] ] } },
{ "type": "Feature", "properties": { "id": "48_11", "growth_scenario": "low", "market_gravity_weight": 50 }, "geometry": { "type": "Polygon", "coordinates": [ [ [ -96.955056497600495, 33.007754131195213 ], [ -96.956133333688939, 33.007745121423511 ], [ -96.956144168272729, 33.008641105629891 ], [ -96.957221016316339, 33.008632085615616 ], [ -96.957231863346649, 33.00952806850875 ], [ -96.956155003102069, 33.009537088612873 ], [ -96.956165838176972, 33.010433070372713 ], [ -96.956176673497424, 33.011329050909502 ], [ -96.955099788604514, 33.011338061040441 ], [ -96.954022903466296, 33.011347061018334 ], [ -96.954012092548922, 33.010451080301976 ], [ -96.954001281876543, 33.009555098362668 ], [ -96.953990471449188, 33.00865911520016 ], [ -96.953979661266786, 33.00776313081424 ], [ -96.953968851329392, 33.006867145204808 ], [ -96.955045675462657, 33.006858145675501 ], [ -96.955056497600495, 33.007754131195213 ] ] ] } },
{ "type": "Feature", "properties": { "id": "48_12", "growth_scenario": "low", "market_gravity_weight": 50 }, "geometry": { "type": "Polygon", "coordinates": [ [ [ -98.714096500994643, 29.422614832739384 ], [ -98.715126407815504, 29.422589061204736 ], [ -98.716156313998425, 29.422563279893687 ], [ -98.717186219543152, 29.422537488806125 ], [ -98.717215674906583, 29.423439452541583 ], [ -98.717245130908481, 29.424341414339494 ], [ -98.716215203058667, 29.424367205875701 ], [ -98.715185274570644, 29.424392987635269 ], [ -98.714155345444638, 29.424418759618227 ], [ -98.713125415680878, 29.424444521824501 ], [ -98.713096004289739, 29.423542559129771 ], [ -98.712066085041215, 29.423568311335416 ], [ -98.712036685440054, 29.422666346479154 ], [ -98.713066593536084, 29.422640594497494 ], [ -98.713037183419885, 29.421738627927489 ], [ -98.71406707972622, 29.421712866393428 ], [ -98.714096500994643, 29.422614832739384 ] ] ] } },
{ "type": "Feature", "properties": { "id": "48_13", "growth_scenario": "low", "market_gravity_weight": 50 }, "geometry": { "type": "Polygon", "coordinates": [ [ [ -96.957242710622779, 33.010424050178628 ], [ -96.958319582822767, 33.010415019831584 ], [ -96.958330442546256, 33.011311000188449 ], [ -96.959407326701637, 33.011301959598313 ], [ -96.959418198873038, 33.012197938642217 ], [ -96.959429071290828, 33.01309391646344 ], [ -96.958352162731614, 33.013102957233819 ], [ -96.957275253926255, 33.013111987850969 ], [ -96.957264405912568, 33.012216009849553 ], [ -96.95618750906344, 33.012225030223455 ], [ -96.955110611968706, 33.012234040444234 ], [ -96.954033714628693, 33.01224304051177 ], [ -96.954022903466296, 33.011347061018334 ], [ -96.955099788604514, 33.011338061040441 ], [ -96.956176673497424, 33.011329050909502 ], [ -96.956165838176972, 33.010433070372713 ], [ -96.956155003102069, 33.009537088612873 ], [ -96.957231863346649, 33.00952806850875 ], [ -96.957242710622779, 33.010424050178628 ] ] ] } },
{ "type": "Feature", "properties": { "id": "48_14", "growth_scenario": "low", "market_gravity_weight": 50 }, "geometry": { "type": "Polygon", "coordinates": [ [ [ -96.966211916048167, 32.951205042798527 ], [ -96.966222857012198, 32.952101103546873 ], [ -96.967298934486209, 32.952091987724863 ], [ -96.968375011712155, 32.952082861756502 ], [ -96.968385977290964, 32.952978921088395 ], [ -96.969462066452053, 32.952969784882761 ], [ -96.96947304446293, 32.953865842889009 ], [ -96.96839694311808, 32.953874979185478 ], [ -96.967320841524881, 32.953884105335405 ], [ -96.967309887881513, 32.952988047147542 ], [ -96.966233798224025, 32.952997163060139 ], [ -96.965157708318728, 32.953006268826321 ], [ -96.964081618165949, 32.953015364446067 ], [ -96.964070701321134, 32.95211930475169 ], [ -96.964059784723545, 32.951223243822348 ], [ -96.962983718690268, 32.951232329114838 ], [ -96.962972814522857, 32.950336266859978 ], [ -96.964048868373169, 32.950327181657862 ], [ -96.965124921976269, 32.950318086309579 ], [ -96.965135850509597, 32.951214148383613 ], [ -96.966211916048167, 32.951205042798527 ] ] ] } },
{ "type": "Feature", "properties": { "id": "48_15", "growth_scenario": "low", "market_gravity_weight": 50 }, "geometry": { "type": "Polygon", "coordinates": [ [ [ -96.972646276688621, 32.949358072105277 ], [ -96.97372231612151, 32.949348895678909 ], [ -96.974798355304728, 32.949339709106518 ], [ -96.975874394237991, 32.94933051238808 ], [ -96.975885444350169, 32.950226574787322 ], [ -96.97480939323431, 32.950235771597271 ], [ -96.974820431413846, 32.95113183285261 ], [ -96.973744367865152, 32.951141019607739 ], [ -96.972668304066758, 32.951150196216652 ], [ -96.971592240018936, 32.951159362679306 ], [ -96.970516175721968, 32.951168518995686 ], [ -96.970505186273996, 32.950272457375434 ], [ -96.970494197074885, 32.949376394519859 ], [ -96.971570237006304, 32.949367238385612 ], [ -96.971559235873698, 32.948471174385503 ], [ -96.972635263373647, 32.948462008196373 ], [ -96.972646276688621, 32.949358072105277 ] ] ] } },
{ "type": "Feature", "properties": { "id": "48_16", "growth_scenario": "low", "market_gravity_weight": 50 }, "geometry": { "type": "Polygon", "coordinates": [ [ [ -97.02275760902458, 32.996414850737011 ], [ -97.0227691968838, 32.997310843876193 ], [ -97.021692510724804, 32.997320482050824 ], [ -97.020615824303505, 32.997330110074124 ], [ -97.020604260837985, 32.996434116743004 ], [ -97.019527586351529, 32.996443734519133 ], [ -97.018450911603324, 32.996453342143937 ], [ -97.018439372793026, 32.995557347395312 ], [ -97.018427834244164, 32.994661351420497 ], [ -97.019504484599437, 32.994651743987077 ], [ -97.020581134692975, 32.99464212640261 ], [ -97.021657784524535, 32.994632498667073 ], [ -97.022734434093806, 32.994622860780481 ], [ -97.02274602142792, 32.995518856371795 ], [ -97.02275760902458, 32.996414850737011 ] ] ] } },
{ "type": "Feature", "properties": { "id": "48_17", "growth_scenario": "low", "market_gravity_weight": 50 }, "geometry": { "type": "Polygon", "coordinates": [ [ [ -97.020627388031031, 32.998226102179373 ], [ -97.021704086649464, 32.998216474060186 ], [ -97.022780785005608, 32.998206835789532 ], [ -97.022792373390004, 32.999102826477227 ], [ -97.022803962036974, 32.999998815939414 ], [ -97.021727239285752, 33.000008454402163 ], [ -97.021738815997381, 33.00090444273512 ], [ -97.020662080785868, 33.000914071142169 ], [ -97.020673645561587, 33.001810058345995 ], [ -97.019596897889755, 33.001819676697018 ], [ -97.019585345312294, 33.000923689397368 ], [ -97.01957379299661, 33.000027700872629 ], [ -97.019562240942705, 32.999131711122615 ], [ -97.019550689150563, 32.99823572014715 ], [ -97.019539137620157, 32.997339727946063 ], [ -97.020615824303505, 32.997330110074124 ], [ -97.020627388031031, 32.998226102179373 ] ] ] } },
{ "type": "Feature", "properties": { "id": "48_18", "growth_scenario": "low", "market_gravity_weight": 50 }, "geometry": { "type": "Polygon", "coordinates": [ [ [ -96.970450242766873, 32.945792130740273 ], [ -96.97152623397055, 32.945782974970214 ], [ -96.971537234355822, 32.946679042678014 ], [ -96.971548234990209, 32.947575109149746 ], [ -96.971559235873698, 32.948471174385503 ], [ -96.971570237006304, 32.949367238385612 ], [ -96.970494197074885, 32.949376394519859 ], [ -96.969418156894591, 32.949385540508032 ], [ -96.969407180126694, 32.948489476326003 ], [ -96.96939620360736, 32.947593410908183 ], [ -96.968320187542957, 32.947602546568575 ], [ -96.968309223454014, 32.946706479824016 ], [ -96.969385227336588, 32.94669734425446 ], [ -96.969374251314363, 32.945801276364662 ], [ -96.969363275540701, 32.944905207238556 ], [ -96.970439254811936, 32.94489606170513 ], [ -96.970450242766873, 32.945792130740273 ] ] ] } },
{ "type": "Feature", "properties": { "id": "48_19", "growth_scenario": "low", "market_gravity_weight": 50 }, "geometry": { "type": "Polygon", "coordinates": [ [ [ -97.023915488636845, 33.002677128072264 ], [ -97.022838729553541, 33.002686776975118 ], [ -97.022850319250978, 33.003582761537302 ], [ -97.021773547706289, 33.003592400384228 ], [ -97.021761970207635, 33.002696415725957 ], [ -97.020685210599353, 33.002706044324853 ], [ -97.01960845072901, 33.002715662771799 ], [ -97.018531690596873, 33.002725271066765 ], [ -97.018520149956146, 33.001829284896225 ], [ -97.018508609576955, 33.00093329750085 ], [ -97.019585345312294, 33.000923689397368 ], [ -97.019596897889755, 33.001819676697018 ], [ -97.020673645561587, 33.001810058345995 ], [ -97.020662080785868, 33.000914071142169 ], [ -97.021738815997381, 33.00090444273512 ], [ -97.022815550946547, 33.000894804176369 ], [ -97.02389228563311, 33.000885155465795 ], [ -97.023903887003527, 33.001781142381517 ], [ -97.023915488636845, 33.002677128072264 ] ] ] } },
{ "type": "Feature", "properties": { "id": "48_2", "growth_scenario": "low", "market_gravity_weight": 50 }, "geometry": { "type": "Polygon", "coordinates": [ [ [ -96.959026955873014, 32.979941921359675 ], [ -96.957950498605967, 32.979950958798121 ], [ -96.957961349966325, 32.980846980840745 ], [ -96.956884880261327, 32.980856008219526 ], [ -96.956895719675131, 32.981752029122944 ], [ -96.955819237532168, 32.981761046441868 ], [ -96.955808410310752, 32.980865025448693 ], [ -96.955797583334629, 32.979969003226394 ], [ -96.954721125330906, 32.979978010216243 ], [ -96.954710310791924, 32.979081986675048 ], [ -96.955786756603771, 32.97907297977487 ], [ -96.955775930118193, 32.978176955093915 ], [ -96.956852363493198, 32.978167938134085 ], [ -96.957928796622681, 32.978158911024899 ], [ -96.959005229506346, 32.978149873766434 ], [ -96.959016092566642, 32.979045898177773 ], [ -96.959026955873014, 32.979941921359675 ] ] ] } },
{ "type": "Feature", "properties": { "id": "48_20", "growth_scenario": "low", "market_gravity_weight": 50 }, "geometry": { "type": "Polygon", "coordinates": [ [ [ -97.710679330507944, 30.193249459883813 ], [ -97.710698049971811, 30.194150058916605 ], [ -97.711737857968131, 30.194133840519669 ], [ -97.711756589215156, 30.195034437621956 ], [ -97.710716769845305, 30.195050656164288 ], [ -97.710735490128457, 30.19595125162704 ], [ -97.709695658975178, 30.195967460460057 ], [ -97.709714368293959, 30.196868054283243 ], [ -97.70867452535721, 30.196884253406857 ], [ -97.70763468201126, 30.196900442675634 ], [ -97.707615995440563, 30.195999848562128 ], [ -97.707597309278782, 30.195099252663805 ], [ -97.708637129876863, 30.195083063685221 ], [ -97.708618432750455, 30.194182466147122 ], [ -97.709658241565819, 30.194166267459085 ], [ -97.709639533475254, 30.193265668281057 ], [ -97.709620825794048, 30.192365067317667 ], [ -97.710660611453719, 30.19234885906571 ], [ -97.710679330507944, 30.193249459883813 ] ] ] } },
{ "type": "Feature", "properties": { "id": "48_21", "growth_scenario": "low", "market_gravity_weight": 50 }, "geometry": { "type": "Polygon", "coordinates": [ [ [ -97.024910956160909, 32.996395544125974 ], [ -97.024922568413828, 32.997291537072805 ], [ -97.025999253784278, 32.997281868444105 ], [ -97.026010878497416, 32.998177860068758 ], [ -97.027087575801559, 32.998168181192241 ], [ -97.027099212975457, 32.999064171494801 ], [ -97.026022503473953, 32.999073850467738 ], [ -97.026034128713917, 32.999969839641274 ], [ -97.024957406751327, 32.999979508558987 ], [ -97.024945793709023, 32.999083519289101 ], [ -97.023869083680935, 32.999093177958962 ], [ -97.023857483099164, 32.99819718736741 ], [ -97.022780785005608, 32.998206835789532 ], [ -97.0227691968838, 32.997310843876193 ], [ -97.02275760902458, 32.996414850737011 ], [ -97.023834282724167, 32.996405202507134 ], [ -97.023822682930927, 32.995509208238047 ], [ -97.024899344171132, 32.995499549953138 ], [ -97.024910956160909, 32.996395544125974 ] ] ] } },
{ "type": "Feature", "properties": { "id": "48_22", "growth_scenario": "low", "market_gravity_weight": 50 }, "geometry": { "type": "Polygon", "coordinates": [ [ [ -96.990894032774165, 32.945616436205789 ], [ -96.990905252425435, 32.946512502257526 ], [ -96.989829253566299, 32.946521840741703 ], [ -96.989840461289987, 32.947417905650155 ], [ -96.988764449995401, 32.947427234081395 ], [ -96.987688438447307, 32.947436552366838 ], [ -96.987677255086936, 32.946540487272934 ], [ -96.987666071979802, 32.945644420942941 ], [ -96.987654889125906, 32.944748353376525 ], [ -96.988730864129849, 32.944739035369082 ], [ -96.988719669348342, 32.943842966658828 ], [ -96.989795631917943, 32.943833638598605 ], [ -96.990871594233781, 32.943824300393004 ], [ -96.990882813376956, 32.944720368917658 ], [ -96.990894032774165, 32.945616436205789 ] ] ] } },
{ "type": "Feature", "properties": { "id": "48_23", "growth_scenario": "low", "market_gravity_weight": 50 }, "geometry": { "type": "Polygon", "coordinates": [ [ [ -97.023880684525594, 32.999989167325012 ], [ -97.024957406751327, 32.999979508558987 ], [ -97.024969020056787, 33.000875496603527 ], [ -97.026045754217321, 33.000865827589486 ], [ -97.027122488114401, 33.000856148423658 ], [ -97.027134126079432, 33.001752135050303 ], [ -97.026057379984152, 33.001761814312573 ], [ -97.026069006014424, 33.002657799810748 ], [ -97.02499224745722, 33.002667469017496 ], [ -97.025003861552193, 33.003563453387294 ], [ -97.02392709053305, 33.003573112538319 ], [ -97.023915488636845, 33.002677128072264 ], [ -97.023903887003527, 33.001781142381517 ], [ -97.02389228563311, 33.000885155465795 ], [ -97.022815550946547, 33.000894804176369 ], [ -97.021738815997381, 33.00090444273512 ], [ -97.021727239285752, 33.000008454402163 ], [ -97.022803962036974, 32.999998815939414 ], [ -97.022792373390004, 32.999102826477227 ], [ -97.023869083680935, 32.999093177958962 ], [ -97.023880684525594, 32.999989167325012 ] ] ] } },
{ "type": "Feature", "properties": { "id": "48_24", "growth_scenario": "low", "market_gravity_weight": 50 }, "geometry": { "type": "Polygon", "coordinates": [ [ [ -98.708917591822569, 29.421841576299649 ], [ -98.708946957329616, 29.422743543765041 ], [ -98.708976323473166, 29.423645509292761 ], [ -98.709005690253221, 29.424547472883024 ], [ -98.709035057669823, 29.425449434535931 ], [ -98.708005113567893, 29.425475148082526 ], [ -98.706975168829658, 29.425500851852362 ], [ -98.706945823719195, 29.424598889752172 ], [ -98.706916479244811, 29.423696925714701 ], [ -98.706887135406447, 29.422794959739793 ], [ -98.70685779220409, 29.421892991827125 ], [ -98.705827891440748, 29.421918684926187 ], [ -98.705798560026523, 29.421016714852289 ], [ -98.70682844963774, 29.420991021976668 ], [ -98.707858338612979, 29.420965319324669 ], [ -98.707887692331454, 29.421867288951603 ], [ -98.708917591822569, 29.421841576299649 ] ] ] } },
{ "type": "Feature", "properties": { "id": "48_25", "growth_scenario": "low", "market_gravity_weight": 50 }, "geometry": { "type": "Polygon", "coordinates": [ [ [ -96.970417279648515, 32.943103919925257 ], [ -96.970428267105817, 32.943999991433493 ], [ -96.970439254811936, 32.94489606170513 ], [ -96.969363275540701, 32.944905207238556 ], [ -96.969374251314363, 32.945801276364662 ], [ -96.969385227336588, 32.94669734425446 ], [ -96.968309223454014, 32.946706479824016 ], [ -96.96829825961332, 32.945810411843375 ], [ -96.968287296020918, 32.944914342626483 ], [ -96.968276332676766, 32.944018272173068 ], [ -96.968265369580877, 32.943122200483103 ], [ -96.968254406733223, 32.942226127556268 ], [ -96.968243444133805, 32.941330053392448 ], [ -96.969319374931288, 32.941320918367836 ], [ -96.970395305480253, 32.941311773198116 ], [ -96.970406292439975, 32.942207847180207 ], [ -96.970417279648515, 32.943103919925257 ] ] ] } },
{ "type": "Feature", "properties": { "id": "48_26", "growth_scenario": "low", "market_gravity_weight": 50 }, "geometry": { "type": "Polygon", "coordinates": [ [ [ -96.959548684151756, 33.022949591854164 ], [ -96.958471641351622, 33.022958633616149 ], [ -96.958460778427906, 33.022062669141896 ], [ -96.959537809022947, 33.022053627470044 ], [ -96.960614839371488, 33.022044575643967 ], [ -96.961691869473256, 33.02203551366361 ], [ -96.962768899327955, 33.022026441528951 ], [ -96.962779811072025, 33.022922405641992 ], [ -96.963856852884476, 33.0229133232625 ], [ -96.963867777081219, 33.023809286064484 ], [ -96.962790723063421, 33.023818368534535 ], [ -96.962801635302171, 33.024714330206798 ], [ -96.962812547788261, 33.025610290658939 ], [ -96.961735469111574, 33.025619363155471 ], [ -96.961724568831386, 33.024723402612857 ], [ -96.960647502113545, 33.024732464864286 ], [ -96.960636614286074, 33.023836503011218 ], [ -96.960625726705388, 33.022940539937828 ], [ -96.959548684151756, 33.022949591854164 ] ] ] } },
{ "type": "Feature", "properties": { "id": "48_27", "growth_scenario": "low", "market_gravity_weight": 50 }, "geometry": { "type": "Polygon", "coordinates": [ [ [ -96.968186963940212, 33.024668815857986 ], [ -96.969264028922737, 33.024659682524572 ], [ -96.969275014644083, 33.025555642431705 ], [ -96.968197937455727, 33.025564775856239 ], [ -96.968208911219975, 33.026460734634554 ], [ -96.969286000614474, 33.026451601118872 ], [ -96.969296986833868, 33.027347558586342 ], [ -96.968219885232969, 33.027356692193059 ], [ -96.967142783383295, 33.027365815644906 ], [ -96.966065681285144, 33.027374928941903 ], [ -96.966054731684977, 33.026478971201492 ], [ -96.966043782333031, 33.025583012241313 ], [ -96.964966704399274, 33.02559211520186 ], [ -96.96495576750138, 33.024696154930965 ], [ -96.966032833229264, 33.024687052061203 ], [ -96.967109898708969, 33.024677939036856 ], [ -96.967098937647791, 33.023781977727566 ], [ -96.968175990673458, 33.023772854639638 ], [ -96.968186963940212, 33.024668815857986 ] ] ] } },
{ "type": "Feature", "properties": { "id": "48_28", "growth_scenario": "low", "market_gravity_weight": 50 }, "geometry": { "type": "Polygon", "coordinates": [ [ [ -96.964966704399274, 33.02559211520186 ], [ -96.966043782333031, 33.025583012241313 ], [ -96.966054731684977, 33.026478971201492 ], [ -96.964977641545062, 33.026488074252818 ], [ -96.964988578938772, 33.027384032084043 ], [ -96.963911476344492, 33.027393125071306 ], [ -96.962834373502545, 33.027402207903677 ], [ -96.962823460521719, 33.026506249891185 ], [ -96.96174636963886, 33.026515322478197 ], [ -96.961735469111574, 33.025619363155471 ], [ -96.962812547788261, 33.025610290658939 ], [ -96.962801635302171, 33.024714330206798 ], [ -96.962790723063421, 33.023818368534535 ], [ -96.963867777081219, 33.023809286064484 ], [ -96.964944830851394, 33.023800193439932 ], [ -96.96495576750138, 33.024696154930965 ], [ -96.964966704399274, 33.02559211520186 ] ] ] } },
{ "type": "Feature", "properties": { "id": "48_29", "growth_scenario": "low", "market_gravity_weight": 50 }, "geometry": { "type": "Polygon", "coordinates": [ [ [ -96.957394598305243, 33.022967665223732 ], [ -96.9574054492698, 33.023863628567668 ], [ -96.957416300480304, 33.024759590691261 ], [ -96.957427151936798, 33.025655551594838 ], [ -96.956350072027448, 33.02566457331794 ], [ -96.956339232776926, 33.024768612324415 ], [ -96.955262164827843, 33.02477762380299 ], [ -96.955251338028688, 33.023881661499537 ], [ -96.954174282039887, 33.023890662733727 ], [ -96.954163467691544, 33.022994699120254 ], [ -96.954152653588338, 33.022098734286303 ], [ -96.955229685166586, 33.022089733231617 ], [ -96.956306716499455, 33.022080722022658 ], [ -96.957383747586661, 33.022071700659438 ], [ -96.958460778427906, 33.022062669141896 ], [ -96.958471641351622, 33.022958633616149 ], [ -96.957394598305243, 33.022967665223732 ] ] ] } },
{ "type": "Feature", "properties": { "id": "48_3", "growth_scenario": "low", "market_gravity_weight": 50 }, "geometry": { "type": "Polygon", "coordinates": [ [ [ -96.956949920427903, 32.986232115210349 ], [ -96.956960761315258, 32.987128128743159 ], [ -96.95697160244822, 32.988024141048207 ], [ -96.955895034950672, 32.988033158995705 ], [ -96.954818467207772, 32.988042166792816 ], [ -96.954807650463493, 32.987146154308256 ], [ -96.954796833964281, 32.986250140595928 ], [ -96.953720290364743, 32.986259138063389 ], [ -96.95370948630439, 32.985363123033466 ], [ -96.953698682488806, 32.984467106775426 ], [ -96.954775201701011, 32.984458109487186 ], [ -96.955851720668178, 32.984449102048863 ], [ -96.956928239390024, 32.984440084460616 ], [ -96.956939079786167, 32.985336100449537 ], [ -96.956949920427903, 32.986232115210349 ] ] ] } },
{ "type": "Feature", "properties": { "id": "48_30", "growth_scenario": "low", "market_gravity_weight": 50 }, "geometry": { "type": "Polygon", "coordinates": [ [ [ -96.993001031857304, 32.942013453157941 ], [ -96.993012274852902, 32.942909523970251 ], [ -96.99193632522595, 32.94291888237359 ], [ -96.991947556295599, 32.943814952042025 ], [ -96.990871594233781, 32.943824300393004 ], [ -96.989795631917943, 32.943833638598605 ], [ -96.989784425209379, 32.942937568744426 ], [ -96.989773218754564, 32.942041497653285 ], [ -96.989762012553498, 32.941145425325061 ], [ -96.990837938328539, 32.941136087397986 ], [ -96.990826720201497, 32.940240013925376 ], [ -96.991902633542821, 32.940230665946125 ], [ -96.992978546629857, 32.940221307821908 ], [ -96.992989789116294, 32.941117381108576 ], [ -96.993001031857304, 32.942013453157941 ] ] ] } },
{ "type": "Feature", "properties": { "id": "48_31", "growth_scenario": "low", "market_gravity_weight": 50 }, "geometry": { "type": "Polygon", "coordinates": [ [ [ -98.708800136158942, 29.418233687057562 ], [ -98.708829499120199, 29.419135662275469 ], [ -98.708858862717889, 29.420037635554969 ], [ -98.708888226951998, 29.42093960689634 ], [ -98.707858338612979, 29.420965319324669 ], [ -98.70682844963774, 29.420991021976668 ], [ -98.705798560026523, 29.421016714852289 ], [ -98.705769229248034, 29.420114742840358 ], [ -98.704739350153019, 29.420140425716209 ], [ -98.704710031161923, 29.419238451542746 ], [ -98.705739899105268, 29.419212768890223 ], [ -98.706769766412933, 29.419187076461483 ], [ -98.706740425754433, 29.418285100796513 ], [ -98.707770281274762, 29.418259398815056 ], [ -98.707740930101011, 29.41735742143501 ], [ -98.708770773834075, 29.417331709901106 ], [ -98.708800136158942, 29.418233687057562 ] ] ] } },
{ "type": "Feature", "properties": { "id": "48_32", "growth_scenario": "low", "market_gravity_weight": 50 }, "geometry": { "type": "Polygon", "coordinates": [ [ [ -96.954174282039887, 33.023890662733727 ], [ -96.955251338028688, 33.023881661499537 ], [ -96.955262164827843, 33.02477762380299 ], [ -96.954185096633353, 33.024786625126964 ], [ -96.954195911471956, 33.025682586300157 ], [ -96.953118830826355, 33.025691577559158 ], [ -96.953108028193725, 33.024795616296338 ], [ -96.95203095950923, 33.024804597311096 ], [ -96.952020169327156, 33.023908634738639 ], [ -96.950943112603781, 33.023917605509347 ], [ -96.950932334871737, 33.023021641627203 ], [ -96.950921557383978, 33.022125676524567 ], [ -96.951998589696743, 33.022116705932781 ], [ -96.953075621764967, 33.022107725186679 ], [ -96.954152653588338, 33.022098734286303 ], [ -96.954163467691544, 33.022994699120254 ], [ -96.954174282039887, 33.023890662733727 ] ] ] } },
{ "type": "Feature", "properties": { "id": "48_33", "growth_scenario": "low", "market_gravity_weight": 50 }, "geometry": { "type": "Polygon", "coordinates": [ [ [ -96.962823460521719, 33.026506249891185 ], [ -96.962834373502545, 33.027402207903677 ], [ -96.961757270413216, 33.027411280581177 ], [ -96.961768171434684, 33.028307237464603 ], [ -96.960691055891516, 33.028316300077663 ], [ -96.960701944953072, 33.029212255832142 ], [ -96.959624816956037, 33.029221308380478 ], [ -96.959613940101519, 33.028325352535695 ], [ -96.958536824064964, 33.028334394838723 ], [ -96.958525959663746, 33.027438437684431 ], [ -96.958515095508815, 33.026542479310564 ], [ -96.959592187132117, 33.026533437187879 ], [ -96.959581311017246, 33.025637477684477 ], [ -96.960658390187817, 33.025628425497338 ], [ -96.961735469111574, 33.025619363155471 ], [ -96.96174636963886, 33.026515322478197 ], [ -96.962823460521719, 33.026506249891185 ] ] ] } },
{ "type": "Feature", "properties": { "id": "48_4", "growth_scenario": "low", "market_gravity_weight": 50 }, "geometry": { "type": "Polygon", "coordinates": [ [ [ -96.954818467207772, 32.988042166792816 ], [ -96.955895034950672, 32.988033158995705 ], [ -96.95697160244822, 32.988024141048207 ], [ -96.956982443826817, 32.988920152125601 ], [ -96.956993285451048, 32.989816161975604 ], [ -96.957004127320928, 32.990712170598371 ], [ -96.957014969436443, 32.991608177994067 ], [ -96.955938353158771, 32.991617196300894 ], [ -96.955927523238699, 32.990721188815357 ], [ -96.954850918911106, 32.990730196881607 ], [ -96.954840101431571, 32.989834188079307 ], [ -96.953763509054056, 32.989843185905201 ], [ -96.953752704014533, 32.988947175786052 ], [ -96.953741899219793, 32.988051164439476 ], [ -96.953731094669877, 32.987155151865295 ], [ -96.954807650463493, 32.987146154308256 ], [ -96.954818467207772, 32.988042166792816 ] ] ] } },
{ "type": "Feature", "properties": { "id": "48_5", "growth_scenario": "low", "market_gravity_weight": 50 }, "geometry": { "type": "Polygon", "coordinates": [ [ [ -96.954699496497923, 32.978185961904423 ], [ -96.954710310791924, 32.979081986675048 ], [ -96.954721125330906, 32.979978010216243 ], [ -96.955797583334629, 32.979969003226394 ], [ -96.955808410310752, 32.980865025448693 ], [ -96.955819237532168, 32.981761046441868 ], [ -96.955830064998864, 32.982657066206194 ], [ -96.954753570417907, 32.98266607346509 ], [ -96.954764385936954, 32.983562092090374 ], [ -96.953687878917989, 32.983571089289022 ], [ -96.953677075591926, 32.982675070574153 ], [ -96.953666272510617, 32.981779050630536 ], [ -96.953655469674032, 32.980883029458084 ], [ -96.953644667082187, 32.97998700705655 ], [ -96.953633864735068, 32.979090983425785 ], [ -96.953623062632673, 32.97819495856556 ], [ -96.953612260774975, 32.977298932475733 ], [ -96.954688682448904, 32.977289935904167 ], [ -96.954699496497923, 32.978185961904423 ] ] ] } },
{ "type": "Feature", "properties": { "id": "48_6", "growth_scenario": "low", "market_gravity_weight": 50 }, "geometry": { "type": "Polygon", "coordinates": [ [ [ -98.722424272980135, 29.425114268746565 ], [ -98.722453786024374, 29.426016225546675 ], [ -98.722483299708315, 29.426918180409704 ], [ -98.722512814031987, 29.427820133335754 ], [ -98.722542328995416, 29.428722084325074 ], [ -98.721512348574009, 29.428747925868304 ], [ -98.721482844764324, 29.427845974654208 ], [ -98.720452874857145, 29.427871806195689 ], [ -98.71942290431069, 29.427897627960274 ], [ -98.719393423447627, 29.426995674360054 ], [ -98.71936394322357, 29.426093718822905 ], [ -98.720393891463146, 29.426067897507618 ], [ -98.720364400725018, 29.425165940257983 ], [ -98.721394337172299, 29.425140109390593 ], [ -98.721364835920554, 29.424238150428423 ], [ -98.722394760575597, 29.424212310009075 ], [ -98.722424272980135, 29.425114268746565 ] ] ] } },
{ "type": "Feature", "properties": { "id": "48_7", "growth_scenario": "low", "market_gravity_weight": 50 }, "geometry": { "type": "Polygon", "coordinates": [ [ [ -96.954850918911106, 32.990730196881607 ], [ -96.955927523238699, 32.990721188815357 ], [ -96.955938353158771, 32.991617196300894 ], [ -96.95594918332425, 32.992513202559536 ], [ -96.955960013735108, 32.99340920759149 ], [ -96.955970844391359, 32.994305211396956 ], [ -96.955981675293032, 32.995201213976131 ], [ -96.954905009985396, 32.995210222491075 ], [ -96.954894191280289, 32.994314219822193 ], [ -96.953817537924095, 32.994323218096156 ], [ -96.953806731660407, 32.993427214111335 ], [ -96.953795925641572, 32.992531208900026 ], [ -96.953785119867561, 32.991635202462 ], [ -96.953774314338403, 32.99073919479715 ], [ -96.953763509054056, 32.989843185905201 ], [ -96.954840101431571, 32.989834188079307 ], [ -96.954850918911106, 32.990730196881607 ] ] ] } },
{ "type": "Feature", "properties": { "id": "48_8", "growth_scenario": "low", "market_gravity_weight": 50 }, "geometry": { "type": "Polygon", "coordinates": [ [ [ -98.719334463638504, 29.425191761348653 ], [ -98.720364400725018, 29.425165940257983 ], [ -98.720393891463146, 29.426067897507618 ], [ -98.71936394322357, 29.426093718822905 ], [ -98.719393423447627, 29.426995674360054 ], [ -98.71942290431069, 29.427897627960274 ], [ -98.720452874857145, 29.427871806195689 ], [ -98.720482367513043, 29.428773757634559 ], [ -98.719452385812801, 29.42879957962375 ], [ -98.718422403473483, 29.42882539183589 ], [ -98.718392933125202, 29.427923439947861 ], [ -98.718363463415713, 29.427021486123106 ], [ -98.717333502745035, 29.427047288109296 ], [ -98.717304044827671, 29.426145332123152 ], [ -98.716274094671846, 29.42617112410807 ], [ -98.716244648546123, 29.425269165960508 ], [ -98.717274587548829, 29.425243374199965 ], [ -98.718304525913041, 29.425217572662689 ], [ -98.718275058119801, 29.424315613026671 ], [ -98.719304984692428, 29.424289801937171 ], [ -98.719334463638504, 29.425191761348653 ] ] ] } },
{ "type": "Feature", "properties": { "id": "48_9", "growth_scenario": "low", "market_gravity_weight": 50 }, "geometry": { "type": "Polygon", "coordinates": [ [ [ -98.7202759323458, 29.422460056884752 ], [ -98.720305421166358, 29.423362019946754 ], [ -98.721335335308268, 29.423336189528737 ], [ -98.721364835920554, 29.424238150428423 ], [ -98.721394337172299, 29.425140109390593 ], [ -98.720364400725018, 29.425165940257983 ], [ -98.719334463638504, 29.425191761348653 ], [ -98.719304984692428, 29.424289801937171 ], [ -98.718275058119801, 29.424315613026671 ], [ -98.717245130908481, 29.424341414339494 ], [ -98.717215674906583, 29.423439452541583 ], [ -98.717186219543152, 29.422537488806125 ], [ -98.718216124449455, 29.422511687942155 ], [ -98.719246028717095, 29.422485877301664 ], [ -98.719216551687794, 29.421583912077345 ], [ -98.720246444164388, 29.421558091885014 ], [ -98.7202759323458, 29.422460056884752 ] ] ] } },
{ "type": "Feature", "properties": { "id": "49_0", "growth_scenario": "low", "market_gravity_weight": 50 }, "geometry": { "type": "Polygon", "coordinates": [ [ [ -111.903488827101754, 40.4950167005723 ], [ -111.902315524926266, 40.495165395073613 ], [ -111.902513714761753, 40.496045660960071 ], [ -111.901340393619648, 40.496194346528014 ], [ -111.901538574275861, 40.497074614526426 ], [ -111.900365234166784, 40.497223291160893 ], [ -111.900167067583951, 40.496343021242176 ], [ -111.898993736654987, 40.496491685102313 ], [ -111.898795589038642, 40.495611413454959 ], [ -111.899968905894383, 40.495462751515007 ], [ -111.899770749097911, 40.494582481979187 ], [ -111.899572597194336, 40.493702212634524 ], [ -111.900745881011886, 40.493553543681038 ], [ -111.901919159936355, 40.493404863874012 ], [ -111.903092433967444, 40.493256173213567 ], [ -111.90329062808766, 40.494136436797447 ], [ -111.903488827101754, 40.4950167005723 ] ] ] } },
{ "type": "Feature", "properties": { "id": "49_1", "growth_scenario": "low", "market_gravity_weight": 50 }, "geometry": { "type": "Polygon", "coordinates": [ [ [ -111.915597817845011, 40.425577773320065 ], [ -111.915795978254252, 40.426457979500739 ], [ -111.915994143551771, 40.42733818585431 ], [ -111.914821980145035, 40.427486989792797 ], [ -111.915020136286344, 40.428367198236671 ], [ -111.913847953946544, 40.428515993249292 ], [ -111.912675766718721, 40.428664777418767 ], [ -111.912477638667397, 40.427784565140882 ], [ -111.911305460597148, 40.427933336550325 ], [ -111.911107351478265, 40.42705312252918 ], [ -111.912279515503585, 40.426904353036392 ], [ -111.912081397227098, 40.426024141105174 ], [ -111.91325354232066, 40.425875362686156 ], [ -111.913451674641564, 40.426755572700664 ], [ -111.914623828891891, 40.426606781522096 ], [ -111.914425682526726, 40.425726573424434 ], [ -111.914227541049399, 40.42484636549964 ], [ -111.915399662323921, 40.424697567312222 ], [ -111.916571778710477, 40.42454875828227 ], [ -111.916769948275146, 40.42542896237309 ], [ -111.915597817845011, 40.425577773320065 ] ] ] } },
{ "type": "Feature", "properties": { "id": "49_2", "growth_scenario": "low", "market_gravity_weight": 50 }, "geometry": { "type": "Polygon", "coordinates": [ [ [ -111.909539007078251, 40.425441449823403 ], [ -111.910711147901353, 40.425292695006547 ], [ -111.911883283837781, 40.425143929346923 ], [ -111.913055414887225, 40.424995152844581 ], [ -111.91325354232066, 40.425875362686156 ], [ -111.912081397227098, 40.426024141105174 ], [ -111.912279515503585, 40.426904353036392 ], [ -111.911107351478265, 40.42705312252918 ], [ -111.911305460597148, 40.427933336550325 ], [ -111.910133277639702, 40.428082097116736 ], [ -111.908961089795397, 40.428230846839902 ], [ -111.908763008766925, 40.427350628985678 ], [ -111.908564932624799, 40.42647041130499 ], [ -111.908366861368847, 40.425590193797511 ], [ -111.908168794998915, 40.424709976463049 ], [ -111.909340926664001, 40.424561234405154 ], [ -111.909539007078251, 40.425441449823403 ] ] ] } },
{ "type": "Feature", "properties": { "id": "49_3", "growth_scenario": "low", "market_gravity_weight": 50 }, "geometry": { "type": "Polygon", "coordinates": [ [ [ -111.953081949799682, 40.468801208169943 ], [ -111.95425471226973, 40.468652045984271 ], [ -111.954453469425474, 40.469532215478374 ], [ -111.955626241046929, 40.469383040520462 ], [ -111.955825017165523, 40.470263208272243 ], [ -111.954652231486875, 40.470412385154894 ], [ -111.953479440902385, 40.470561551189739 ], [ -111.952306645412392, 40.470710706376693 ], [ -111.951133845017225, 40.470859850715691 ], [ -111.949961039717195, 40.471008984206634 ], [ -111.94878822951263, 40.471158106849529 ], [ -111.94858953773992, 40.470277927551109 ], [ -111.949762333886397, 40.470128806832349 ], [ -111.95093512512851, 40.469979675265634 ], [ -111.950736410144458, 40.469099499998315 ], [ -111.951909182424473, 40.46895035950795 ], [ -111.951710458287849, 40.468070186347362 ], [ -111.952883211606135, 40.467921036933681 ], [ -111.953081949799682, 40.468801208169943 ] ] ] } },
{ "type": "Feature", "properties": { "id": "51_0", "growth_scenario": "low", "market_gravity_weight": 50 }, "geometry": { "type": "Polygon", "coordinates": [ [ [ -78.379516493860891, 36.677142708879444 ], [ -78.379308279406359, 36.678020017980614 ], [ -78.379100060087509, 36.678897326305631 ], [ -78.380210147016768, 36.679061880354681 ], [ -78.380001935344353, 36.679939189747941 ], [ -78.379793718807548, 36.680816498365559 ], [ -78.379585497406197, 36.681693806207562 ], [ -78.378475372943385, 36.681529246625487 ], [ -78.378683606856185, 36.680651940627861 ], [ -78.377573499769653, 36.68048737262756 ], [ -78.377781741328661, 36.679610067698782 ], [ -78.37798997802274, 36.678732761994148 ], [ -78.378198209852059, 36.677855455513452 ], [ -78.378406436816803, 36.676978148256453 ], [ -78.378614658917115, 36.676100840223107 ], [ -78.377504619247205, 36.675936271182174 ], [ -78.377712848992772, 36.675058964216326 ], [ -78.37882287615318, 36.675223531413067 ], [ -78.379932908177693, 36.675388088347852 ], [ -78.379724703451288, 36.676265399001863 ], [ -78.379516493860891, 36.677142708879444 ] ] ] } },
{ "type": "Feature", "properties": { "id": "51_1", "growth_scenario": "low", "market_gravity_weight": 50 }, "geometry": { "type": "Polygon", "coordinates": [ [ [ -77.467291188918864, 39.003060671152049 ], [ -77.468434624004274, 39.003233556140863 ], [ -77.468208779966247, 39.004108848493189 ], [ -77.469352233707667, 39.004281725059471 ], [ -77.469126397456463, 39.005157019227759 ], [ -77.467982930493378, 39.004984140557156 ], [ -77.466839468965318, 39.004811251359577 ], [ -77.465696012872584, 39.00463835163513 ], [ -77.465470131521371, 39.005513639201759 ], [ -77.464326667642879, 39.005340726845766 ], [ -77.464552562215474, 39.004465441383886 ], [ -77.463409116994242, 39.004292520605865 ], [ -77.463635019351798, 39.003417236960267 ], [ -77.464778451352146, 39.003590155633553 ], [ -77.465004335053123, 39.002714869594556 ], [ -77.466147759268381, 39.002887775636559 ], [ -77.466373624313349, 39.002012487204304 ], [ -77.467517040743161, 39.002185380615394 ], [ -77.467291188918864, 39.003060671152049 ] ] ] } },
{ "type": "Feature", "properties": { "id": "51_10", "growth_scenario": "low", "market_gravity_weight": 50 }, "geometry": { "type": "Polygon", "coordinates": [ [ [ -77.265353604794029, 38.697589004549691 ], [ -77.265126272934722, 38.698463895602849 ], [ -77.263988092064182, 38.69828914443525 ], [ -77.263760741671533, 38.699164033016686 ], [ -77.262622553159005, 38.698989269269923 ], [ -77.26239518423246, 38.699864155379444 ], [ -77.26125698807833, 38.699689379053289 ], [ -77.261484370092674, 38.698814495046832 ], [ -77.261711746660538, 38.697939610671249 ], [ -77.261939117782106, 38.697064725926317 ], [ -77.262166483457577, 38.696189840811854 ], [ -77.263304627262215, 38.696364608726313 ], [ -77.264442776512482, 38.696539366164721 ], [ -77.265580931208078, 38.696714113127115 ], [ -77.266719091348719, 38.696888849613337 ], [ -77.266491778022186, 38.697763743138381 ], [ -77.265353604794029, 38.697589004549691 ] ] ] } },
{ "type": "Feature", "properties": { "id": "51_11", "growth_scenario": "low", "market_gravity_weight": 50 }, "geometry": { "type": "Polygon", "coordinates": [ [ [ -78.375422054215136, 36.684709298152512 ], [ -78.375213770950594, 36.685586596584685 ], [ -78.37500548281966, 36.68646389424223 ], [ -78.374797189822175, 36.687341191125299 ], [ -78.373686992370907, 36.687176587839687 ], [ -78.373895297881234, 36.686299292801941 ], [ -78.372785117809627, 36.686134681098459 ], [ -78.371674942605082, 36.68597005913184 ], [ -78.371883268273251, 36.685092767010246 ], [ -78.370773110448141, 36.684928136626084 ], [ -78.370981443760911, 36.684050845574987 ], [ -78.372091589074202, 36.684215474113721 ], [ -78.372299905008148, 36.683338180442092 ], [ -78.373410042676781, 36.683502796872688 ], [ -78.374520185211978, 36.683667403040495 ], [ -78.374311894301599, 36.684544700402547 ], [ -78.375422054215136, 36.684709298152512 ] ] ] } },
{ "type": "Feature", "properties": { "id": "51_12", "growth_scenario": "low", "market_gravity_weight": 50 }, "geometry": { "type": "Polygon", "coordinates": [ [ [ -77.468646218347374, 38.997808923595429 ], [ -77.469789574111886, 38.997981795960158 ], [ -77.469563762678774, 38.998857090046798 ], [ -77.468420393694842, 38.998684215578322 ], [ -77.46819456360835, 38.99955950727157 ], [ -77.467051186838859, 38.999386620172949 ], [ -77.465907815503812, 38.999213722548191 ], [ -77.464764449603507, 38.999040814397453 ], [ -77.46499031934799, 38.998165529016447 ], [ -77.463846972101663, 38.997992612444001 ], [ -77.464072849629943, 38.997117328877373 ], [ -77.465216183657617, 38.997290243345617 ], [ -77.465442042532601, 38.996414957384658 ], [ -77.466585368776379, 38.996587859223105 ], [ -77.46772870045433, 38.996760750535834 ], [ -77.467502868016638, 38.997636040704698 ], [ -77.468646218347374, 38.997808923595429 ] ] ] } },
{ "type": "Feature", "properties": { "id": "51_13", "growth_scenario": "low", "market_gravity_weight": 50 }, "geometry": { "type": "Polygon", "coordinates": [ [ [ -78.356617613812546, 36.686460839364017 ], [ -78.356409106016102, 36.687338104384175 ], [ -78.355298948936991, 36.687173331352575 ], [ -78.355090423757773, 36.688050593750468 ], [ -78.353980259039403, 36.687885808609018 ], [ -78.352870099193325, 36.687721013205021 ], [ -78.353078649394504, 36.686843754501865 ], [ -78.353287194723322, 36.685966495023386 ], [ -78.352177064770942, 36.6858016930518 ], [ -78.352385617737767, 36.684924434645232 ], [ -78.353495735179948, 36.685089234769485 ], [ -78.354605857494178, 36.685254024631533 ], [ -78.355715984680145, 36.685418804231276 ], [ -78.356826116737608, 36.685583573568685 ], [ -78.357936253666281, 36.685748332643648 ], [ -78.357727763252072, 36.686625600285943 ], [ -78.356617613812546, 36.686460839364017 ] ] ] } },
{ "type": "Feature", "properties": { "id": "51_14", "growth_scenario": "low", "market_gravity_weight": 50 }, "geometry": { "type": "Polygon", "coordinates": [ [ [ -77.778776404080332, 38.31358416143965 ], [ -77.778556381233869, 38.314459982356759 ], [ -77.777422946916587, 38.314289960739195 ], [ -77.776289517847971, 38.314119928674451 ], [ -77.776069463735624, 38.314995745116533 ], [ -77.774936026907483, 38.314825700584727 ], [ -77.773802595328746, 38.314655645605789 ], [ -77.773582509949904, 38.315531457572142 ], [ -77.772449070612495, 38.315361390125858 ], [ -77.771315636525259, 38.315191312232493 ], [ -77.771535747920694, 38.314315504306627 ], [ -77.772669168999727, 38.314485580179714 ], [ -77.772889262136971, 38.313609769797658 ], [ -77.774022675457886, 38.313779833203618 ], [ -77.774242750337478, 38.312904020365458 ], [ -77.775376155899906, 38.313074071304499 ], [ -77.776509566711383, 38.313244111796564 ], [ -77.77764298277161, 38.313414141841619 ], [ -77.777863013378152, 38.312538322508082 ], [ -77.778996421678585, 38.312708340086544 ], [ -77.778776404080332, 38.31358416143965 ] ] ] } },
{ "type": "Feature", "properties": { "id": "51_15", "growth_scenario": "low", "market_gravity_weight": 50 }, "geometry": { "type": "Polygon", "coordinates": [ [ [ -78.346626488101506, 36.684977529260884 ], [ -78.347736593688836, 36.685142382543191 ], [ -78.348846704149722, 36.685307225563562 ], [ -78.348638108780079, 36.686184477651665 ], [ -78.347527985809435, 36.686019632783513 ], [ -78.347319373056294, 36.686896882248156 ], [ -78.34711075542927, 36.687774130937314 ], [ -78.346902132928207, 36.688651378851155 ], [ -78.345791977300806, 36.688486518176582 ], [ -78.346000612312309, 36.68760927211094 ], [ -78.344890474069643, 36.687444403022276 ], [ -78.34509911671681, 36.686567158029469 ], [ -78.345307754489539, 36.685689912260919 ], [ -78.344197646140842, 36.685525036606585 ], [ -78.344406291548594, 36.684647791910393 ], [ -78.345516387388002, 36.684812665716557 ], [ -78.34572501541237, 36.683935418396246 ], [ -78.346835103616712, 36.684100280092551 ], [ -78.346626488101506, 36.684977529260884 ] ] ] } },
{ "type": "Feature", "properties": { "id": "51_16", "growth_scenario": "low", "market_gravity_weight": 50 }, "geometry": { "type": "Polygon", "coordinates": [ [ [ -77.790770552551265, 38.312656256880899 ], [ -77.79055067553611, 38.313532099293681 ], [ -77.789417227778344, 38.313362188207343 ], [ -77.789197332508365, 38.314238028166386 ], [ -77.790330793275984, 38.31440794127105 ], [ -77.790110905770732, 38.315283782813253 ], [ -77.788977431992976, 38.315113867690208 ], [ -77.787843963460844, 38.314943942119299 ], [ -77.7880638769862, 38.314068104614073 ], [ -77.786930426709731, 38.313898170614067 ], [ -77.787150347998832, 38.313022334692036 ], [ -77.787370264042124, 38.312146498334378 ], [ -77.786236845029975, 38.311976557924105 ], [ -77.786456768836345, 38.311100723149103 ], [ -77.787590174839778, 38.311270661540881 ], [ -77.788723586088679, 38.311440589485485 ], [ -77.789857002582721, 38.31161050698271 ], [ -77.789637117803068, 38.31248634781285 ], [ -77.790770552551265, 38.312656256880899 ] ] ] } },
{ "type": "Feature", "properties": { "id": "51_17", "growth_scenario": "low", "market_gravity_weight": 50 }, "geometry": { "type": "Polygon", "coordinates": [ [ [ -77.784629856474737, 38.309009152239781 ], [ -77.78440991714389, 38.309884983850175 ], [ -77.784189972566949, 38.310760815024089 ], [ -77.783056582301569, 38.31059084529101 ], [ -77.781923197282765, 38.31042086511102 ], [ -77.781703221443365, 38.311296691810931 ], [ -77.780569828663658, 38.311126699165001 ], [ -77.780789817510851, 38.31025087448409 ], [ -77.781009801110883, 38.309375049366672 ], [ -77.779876439593465, 38.309205050311995 ], [ -77.780096430953549, 38.308329226776863 ], [ -77.781229779463942, 38.308499223812532 ], [ -77.781449752570197, 38.307623397821487 ], [ -77.782583093320454, 38.307793382391857 ], [ -77.783716439317018, 38.307963356515586 ], [ -77.783496492224828, 38.308839186544105 ], [ -77.784629856474737, 38.309009152239781 ] ] ] } },
{ "type": "Feature", "properties": { "id": "51_18", "growth_scenario": "low", "market_gravity_weight": 50 }, "geometry": { "type": "Polygon", "coordinates": [ [ [ -77.222748769002024, 38.856638155775023 ], [ -77.222520429744961, 38.857512980735507 ], [ -77.222292085006885, 38.858387805362163 ], [ -77.223432665759702, 38.858562942855386 ], [ -77.223204328681078, 38.859437769267998 ], [ -77.222975986121355, 38.860312595347267 ], [ -77.222747638080321, 38.861187421093447 ], [ -77.222519284557791, 38.86206224650671 ], [ -77.221378651240613, 38.861887100534908 ], [ -77.22160701790466, 38.86101227724145 ], [ -77.220466403210807, 38.860837122893152 ], [ -77.220694777534106, 38.85996230138646 ], [ -77.220923146375526, 38.85908747954646 ], [ -77.221151509735265, 38.858212657372967 ], [ -77.221379867613507, 38.857337834865781 ], [ -77.221608220010452, 38.85646301202469 ], [ -77.221836566926299, 38.855588188849538 ], [ -77.222977102778273, 38.855763330480514 ], [ -77.222748769002024, 38.856638155775023 ] ] ] } },
{ "type": "Feature", "properties": { "id": "51_19", "growth_scenario": "low", "market_gravity_weight": 50 }, "geometry": { "type": "Polygon", "coordinates": [ [ [ -78.357451596286154, 36.68295177152946 ], [ -78.358561695683875, 36.683116525064023 ], [ -78.359671799952039, 36.683281268336387 ], [ -78.359463336660383, 36.684158540151842 ], [ -78.359254868498397, 36.685035811191703 ], [ -78.358144739209536, 36.684871064225973 ], [ -78.357034614791431, 36.684706306997903 ], [ -78.355924495244395, 36.684541539507485 ], [ -78.354814380568669, 36.684376761754848 ], [ -78.353704270764538, 36.684211973739934 ], [ -78.353912801477279, 36.683334711934549 ], [ -78.355022898771608, 36.68349949810235 ], [ -78.355231412103109, 36.682622233673925 ], [ -78.356341501759132, 36.682787007732728 ], [ -78.356549997709962, 36.681909740681377 ], [ -78.357660079727367, 36.682074502631345 ], [ -78.357451596286154, 36.68295177152946 ] ] ] } },
{ "type": "Feature", "properties": { "id": "51_2", "growth_scenario": "low", "market_gravity_weight": 50 }, "geometry": { "type": "Polygon", "coordinates": [ [ [ -77.462039756194471, 39.004994870553318 ], [ -77.46318320920048, 39.005167803962948 ], [ -77.464326667642879, 39.005340726845766 ], [ -77.465470131521371, 39.005513639201759 ], [ -77.465244244734365, 39.006388926480263 ], [ -77.46501835251135, 39.007264213470805 ], [ -77.463874862189229, 39.007091296905038 ], [ -77.463648951307789, 39.007966581502821 ], [ -77.462505453200095, 39.007793652304876 ], [ -77.461361960529374, 39.007620712579822 ], [ -77.461587897854741, 39.006745432192446 ], [ -77.461813829743051, 39.005870151516987 ], [ -77.460670368952634, 39.005697205475535 ], [ -77.460896308625152, 39.004821926617034 ], [ -77.461122242860668, 39.003946647470016 ], [ -77.462265677209217, 39.004119589301197 ], [ -77.462039756194471, 39.004994870553318 ] ] ] } },
{ "type": "Feature", "properties": { "id": "51_20", "growth_scenario": "low", "market_gravity_weight": 50 }, "geometry": { "type": "Polygon", "coordinates": [ [ [ -79.91650155080373, 37.24670093594095 ], [ -79.916309862303009, 37.247580562184766 ], [ -79.917431667019443, 37.247730865243909 ], [ -79.918553476261138, 37.247881157911181 ], [ -79.919675290027826, 37.248031440186459 ], [ -79.919483635569065, 37.248911071010916 ], [ -79.918361808946372, 37.248760787011129 ], [ -79.918170137106472, 37.249640415518208 ], [ -79.917048302152807, 37.249490119401671 ], [ -79.915926471724731, 37.249339812892998 ], [ -79.914804645822528, 37.249189495992276 ], [ -79.914996356230347, 37.248309872659568 ], [ -79.915188062112136, 37.24743024873375 ], [ -79.914066266447108, 37.247279924890933 ], [ -79.914257980658149, 37.246400302096696 ], [ -79.915379763468096, 37.246550624214706 ], [ -79.915571460298381, 37.245670999102195 ], [ -79.916693234779046, 37.245821309103775 ], [ -79.91650155080373, 37.24670093594095 ] ] ] } },
{ "type": "Feature", "properties": { "id": "51_21", "growth_scenario": "low", "market_gravity_weight": 50 }, "geometry": { "type": "Polygon", "coordinates": [ [ [ -77.46932365970315, 38.995183045907012 ], [ -77.469097851351336, 38.996058338759994 ], [ -77.468872037566143, 38.996933631322747 ], [ -77.46772870045433, 38.996760750535834 ], [ -77.466585368776379, 38.996587859223105 ], [ -77.465442042532601, 38.996414957384658 ], [ -77.465216183657617, 38.997290243345617 ], [ -77.464072849629943, 38.997117328877373 ], [ -77.464298721723281, 38.996242045020551 ], [ -77.464524588381863, 38.995366760873338 ], [ -77.464750449605916, 38.994491476435556 ], [ -77.465893743979422, 38.994664384591687 ], [ -77.467037043786974, 38.994837282222292 ], [ -77.468180349028316, 38.995010169327436 ], [ -77.468406165165007, 38.994134878287582 ], [ -77.469549462621771, 38.994307752763582 ], [ -77.46932365970315, 38.995183045907012 ] ] ] } },
{ "type": "Feature", "properties": { "id": "51_22", "growth_scenario": "low", "market_gravity_weight": 50 }, "geometry": { "type": "Polygon", "coordinates": [ [ [ -77.462703630290463, 38.997819685345704 ], [ -77.463846972101663, 38.997992612444001 ], [ -77.46499031934799, 38.998165529016447 ], [ -77.464764449603507, 38.999040814397453 ], [ -77.465907815503812, 38.999213722548191 ], [ -77.467051186838859, 38.999386620172949 ], [ -77.466825338098388, 39.000261909472648 ], [ -77.466599483923289, 39.001137198483065 ], [ -77.466373624313349, 39.002012487204304 ], [ -77.465230213318591, 39.001839583266701 ], [ -77.46545608614872, 39.00096429664984 ], [ -77.464312693809291, 39.000791384290345 ], [ -77.464538574424026, 38.999916099488615 ], [ -77.463395200739512, 38.999743178707398 ], [ -77.463621089138243, 38.998867895720601 ], [ -77.462477734108305, 38.998694966517888 ], [ -77.461334384513989, 38.998522026789345 ], [ -77.461560293914673, 38.997646747721681 ], [ -77.461786197879675, 38.996771468363839 ], [ -77.462929521037196, 38.996944403883411 ], [ -77.462703630290463, 38.997819685345704 ] ] ] } },
{ "type": "Feature", "properties": { "id": "51_23", "growth_scenario": "low", "market_gravity_weight": 50 }, "geometry": { "type": "Polygon", "coordinates": [ [ [ -78.355783553396805, 36.689969894795055 ], [ -78.354673358783174, 36.689805116221606 ], [ -78.354464818987466, 36.690682376295257 ], [ -78.353354616734293, 36.690517585611396 ], [ -78.352244419353895, 36.690352784664668 ], [ -78.351134226846526, 36.690187973455096 ], [ -78.351342804177364, 36.689310718924432 ], [ -78.351551376635058, 36.688433463618949 ], [ -78.352661544119599, 36.688598271133081 ], [ -78.352870099193325, 36.687721013205021 ], [ -78.353980259039403, 36.687885808609018 ], [ -78.355090423757773, 36.688050593750468 ], [ -78.356200593348106, 36.688215368629251 ], [ -78.355992075808402, 36.689092632099502 ], [ -78.355783553396805, 36.689969894795055 ] ] ] } },
{ "type": "Feature", "properties": { "id": "51_24", "growth_scenario": "low", "market_gravity_weight": 50 }, "geometry": { "type": "Polygon", "coordinates": [ [ [ -77.41627319184893, 38.984420886342711 ], [ -77.4174162126548, 38.984594240697291 ], [ -77.417189812798682, 38.985469437554379 ], [ -77.418332852259354, 38.985642783495337 ], [ -77.418106460166058, 38.986517982165779 ], [ -77.41696340749634, 38.98634463411647 ], [ -77.416736996747559, 38.987219830383708 ], [ -77.415593936315119, 38.987046469703671 ], [ -77.4144508813296, 38.986873098501434 ], [ -77.414677318496473, 38.985997906451509 ], [ -77.413534282166907, 38.985824526835941 ], [ -77.413760727095237, 38.984949336599719 ], [ -77.413987166576447, 38.984074146068117 ], [ -77.41513017648937, 38.98424752146628 ], [ -77.415356597315792, 38.983372328530649 ], [ -77.416499599467272, 38.983545691298659 ], [ -77.41627319184893, 38.984420886342711 ] ] ] } },
{ "type": "Feature", "properties": { "id": "51_25", "growth_scenario": "low", "market_gravity_weight": 50 }, "geometry": { "type": "Polygon", "coordinates": [ [ [ -77.528134299099293, 39.071350796731451 ], [ -77.527908962422828, 39.072226207682519 ], [ -77.526764300638874, 39.072053868475763 ], [ -77.525619644283594, 39.071881518730279 ], [ -77.524474993357273, 39.071709158446119 ], [ -77.52333034786021, 39.071536787623295 ], [ -77.523555737546715, 39.070661385085415 ], [ -77.524700369791546, 39.070833753804749 ], [ -77.524925740796775, 39.069958348893337 ], [ -77.52515110637313, 39.069082943711628 ], [ -77.526295717543107, 39.069255297686034 ], [ -77.52744033414146, 39.069427641122118 ], [ -77.528584956167904, 39.069599974019738 ], [ -77.528359630347609, 39.070475385510576 ], [ -77.528134299099293, 39.071350796731451 ] ] ] } },
{ "type": "Feature", "properties": { "id": "51_26", "growth_scenario": "low", "market_gravity_weight": 50 }, "geometry": { "type": "Polygon", "coordinates": [ [ [ -78.35162530694717, 36.678453998894476 ], [ -78.351416763066837, 36.679331259041021 ], [ -78.350306735294723, 36.67916643921469 ], [ -78.350098174034528, 36.680043696737037 ], [ -78.349889607902043, 36.680920953482563 ], [ -78.348779559986014, 36.68075611970022 ], [ -78.347669516942673, 36.680591275656333 ], [ -78.347878108091294, 36.679714022605609 ], [ -78.348086694367112, 36.678836768777856 ], [ -78.346976681212112, 36.678671918167552 ], [ -78.347185275122555, 36.677794665410026 ], [ -78.348295275770269, 36.67795951417294 ], [ -78.348503852300979, 36.677082258790627 ], [ -78.349613845313996, 36.677247095445153 ], [ -78.35072384319902, 36.677411921838576 ], [ -78.350515291682839, 36.678289180915222 ], [ -78.35162530694717, 36.678453998894476 ] ] ] } },
{ "type": "Feature", "properties": { "id": "51_27", "growth_scenario": "low", "market_gravity_weight": 50 }, "geometry": { "type": "Polygon", "coordinates": [ [ [ -78.257512469557255, 39.052649948435594 ], [ -78.257295980416131, 39.053526653326571 ], [ -78.257079486053385, 39.054403357975211 ], [ -78.256862986468832, 39.055280062381641 ], [ -78.256646481662273, 39.05615676654611 ], [ -78.256429971633537, 39.057033470468795 ], [ -78.255283855537769, 39.05686784756287 ], [ -78.255500378895391, 39.055991145663178 ], [ -78.254354281350984, 39.055825514212088 ], [ -78.254570812814535, 39.054948814093613 ], [ -78.253424733821134, 39.054783174097551 ], [ -78.253641273390016, 39.053906475760009 ], [ -78.254787339055497, 39.054072113733014 ], [ -78.255933409943395, 39.054237741138095 ], [ -78.256149917634133, 39.05336103851225 ], [ -78.255003860074069, 39.053195413130027 ], [ -78.255220375870422, 39.052318712284524 ], [ -78.256366420102964, 39.052484335643911 ], [ -78.256582917350073, 39.051607632532949 ], [ -78.257728953476956, 39.051773243302037 ], [ -78.257512469557255, 39.052649948435594 ] ] ] } },
{ "type": "Feature", "properties": { "id": "51_28", "growth_scenario": "low", "market_gravity_weight": 50 }, "geometry": { "type": "Polygon", "coordinates": [ [ [ -78.350232629054688, 36.689145899299945 ], [ -78.350024039212485, 36.690023151982814 ], [ -78.349815444496684, 36.690900403890915 ], [ -78.34870524922475, 36.690735570307865 ], [ -78.348496637123461, 36.691612819593381 ], [ -78.347386434213973, 36.691447973899358 ], [ -78.347595058826826, 36.690570726462099 ], [ -78.346484873303197, 36.690405872353615 ], [ -78.346693505552892, 36.689528625989823 ], [ -78.345583337414809, 36.689363763467071 ], [ -78.345791977300806, 36.688486518176582 ], [ -78.346902132928207, 36.688651378851155 ], [ -78.34711075542927, 36.687774130937314 ], [ -78.348220903420327, 36.687938979501304 ], [ -78.349331056285138, 36.688103817803004 ], [ -78.349122458805425, 36.688981069412861 ], [ -78.350232629054688, 36.689145899299945 ] ] ] } },
{ "type": "Feature", "properties": { "id": "51_29", "growth_scenario": "low", "market_gravity_weight": 50 }, "geometry": { "type": "Polygon", "coordinates": [ [ [ -77.792123851305178, 38.311950310634955 ], [ -77.791903992544235, 38.312826155501405 ], [ -77.790770552551265, 38.312656256880899 ], [ -77.789637117803068, 38.31248634781285 ], [ -77.789857002582721, 38.31161050698271 ], [ -77.788723586088679, 38.311440589485485 ], [ -77.787590174839778, 38.311270661540881 ], [ -77.786456768836345, 38.311100723149103 ], [ -77.786676687396977, 38.31022488793807 ], [ -77.787810080391992, 38.310394824311466 ], [ -77.788943478632277, 38.31056475023771 ], [ -77.789163365930889, 38.309688910553767 ], [ -77.790296756407614, 38.309858824014782 ], [ -77.791430152128839, 38.310028727028538 ], [ -77.792563553094283, 38.310198619595084 ], [ -77.792343704821789, 38.311074465332958 ], [ -77.792123851305178, 38.311950310634955 ] ] ] } },
{ "type": "Feature", "properties": { "id": "51_3", "growth_scenario": "low", "market_gravity_weight": 50 }, "geometry": { "type": "Polygon", "coordinates": [ [ [ -77.786236845029975, 38.311976557924105 ], [ -77.787370264042124, 38.312146498334378 ], [ -77.787150347998832, 38.313022334692036 ], [ -77.786930426709731, 38.313898170614067 ], [ -77.7880638769862, 38.314068104614073 ], [ -77.787843963460844, 38.314943942119299 ], [ -77.786710500174621, 38.314774006100699 ], [ -77.786490568393305, 38.315649841152002 ], [ -77.785357097343407, 38.315479892666893 ], [ -77.785577042134577, 38.314604059634334 ], [ -77.784443589341009, 38.314434102720476 ], [ -77.7846635418951, 38.313558271271489 ], [ -77.784883489202613, 38.312682439386933 ], [ -77.783750067673921, 38.312512476063375 ], [ -77.783970022743688, 38.311636645761766 ], [ -77.785103431263721, 38.311806607066529 ], [ -77.785323368078636, 38.310930774310172 ], [ -77.786456768836345, 38.311100723149103 ], [ -77.786236845029975, 38.311976557924105 ] ] ] } },
{ "type": "Feature", "properties": { "id": "51_30", "growth_scenario": "low", "market_gravity_weight": 50 }, "geometry": { "type": "Polygon", "coordinates": [ [ [ -80.040727905035851, 37.195394775104113 ], [ -80.041849174497798, 37.195543929401275 ], [ -80.041659096296712, 37.19642377034787 ], [ -80.042780383093614, 37.196572915963891 ], [ -80.04259031325698, 37.197452758019047 ], [ -80.04146901361014, 37.19730361069437 ], [ -80.041278926437954, 37.198183450440993 ], [ -80.040157618426704, 37.198034291017592 ], [ -80.040347718448942, 37.197154452979817 ], [ -80.039226427773656, 37.197005284875353 ], [ -80.038105141584566, 37.196856106381148 ], [ -80.036983859881957, 37.196706917497195 ], [ -80.035862582666113, 37.196557718223588 ], [ -80.036052729599945, 37.19567788642189 ], [ -80.037173993966647, 37.195827083986359 ], [ -80.038295262819958, 37.195976271161214 ], [ -80.039416536159592, 37.196125447946471 ], [ -80.039606640059489, 37.195245610417366 ], [ -80.039796739473502, 37.194365772287789 ], [ -80.040917991600836, 37.194514935265872 ], [ -80.040727905035851, 37.195394775104113 ] ] ] } },
{ "type": "Feature", "properties": { "id": "51_31", "growth_scenario": "low", "market_gravity_weight": 50 }, "geometry": { "type": "Polygon", "coordinates": [ [ [ -77.28765812991179, 38.693733251897321 ], [ -77.2874310771777, 38.694608183726551 ], [ -77.288569256740118, 38.694782719028552 ], [ -77.289707441740958, 38.694957243853658 ], [ -77.290845632179938, 38.695131758201796 ], [ -77.291983828056772, 38.695306262072918 ], [ -77.293122029371162, 38.695480755466868 ], [ -77.292895036646641, 38.696355697425915 ], [ -77.291756822242206, 38.696181201932362 ], [ -77.290618613275527, 38.6960066959616 ], [ -77.289480409746901, 38.695832179513708 ], [ -77.289253372314477, 38.6967071148052 ], [ -77.288115161134442, 38.696532585780226 ], [ -77.288342211656584, 38.695657652588714 ], [ -77.287204019004903, 38.695483115186718 ], [ -77.286065831792129, 38.695308567307848 ], [ -77.28492765001856, 38.695134008952124 ], [ -77.285154734369314, 38.694259081692195 ], [ -77.286292903054004, 38.694433637947711 ], [ -77.286519968876874, 38.693558708218504 ], [ -77.286747029260937, 38.692683778120063 ], [ -77.287885177207343, 38.692858319698971 ], [ -77.28765812991179, 38.693733251897321 ] ] ] } },
{ "type": "Feature", "properties": { "id": "51_32", "growth_scenario": "low", "market_gravity_weight": 50 }, "geometry": { "type": "Polygon", "coordinates": [ [ [ -77.274236071993784, 38.708959931590606 ], [ -77.274008811142508, 38.709834839625501 ], [ -77.273781544846543, 38.710709747294338 ], [ -77.27264315243761, 38.710535075667359 ], [ -77.271504765473836, 38.710360393562091 ], [ -77.270366383955533, 38.710185700978556 ], [ -77.269228007882944, 38.710010997916932 ], [ -77.268089637256395, 38.709836284377154 ], [ -77.268316969015402, 38.708961387222807 ], [ -77.269455326549746, 38.709136098659464 ], [ -77.270593689529903, 38.709310799618102 ], [ -77.270820989658731, 38.70843589789132 ], [ -77.271048284342214, 38.707560995798083 ], [ -77.272186626583562, 38.707735682073171 ], [ -77.273324974269784, 38.707910357870354 ], [ -77.273097705770567, 38.708785264168924 ], [ -77.274236071993784, 38.708959931590606 ] ] ] } },
{ "type": "Feature", "properties": { "id": "51_33", "growth_scenario": "low", "market_gravity_weight": 50 }, "geometry": { "type": "Polygon", "coordinates": [ [ [ -77.199997495926283, 38.748500815703437 ], [ -77.201136306240727, 38.748676156567257 ], [ -77.200908045688607, 38.749550932546683 ], [ -77.20204687457236, 38.749726265043506 ], [ -77.201818621648528, 38.750601042776282 ], [ -77.20067977966572, 38.750425708166048 ], [ -77.200451508171881, 38.751300483425645 ], [ -77.199312658560899, 38.751125136221262 ], [ -77.198173814421367, 38.750949778536452 ], [ -77.198402112113286, 38.750075007504172 ], [ -77.197263286544214, 38.749899641452679 ], [ -77.197491591863042, 38.749024872174147 ], [ -77.19771989171025, 38.748150102535334 ], [ -77.198858691082691, 38.748325464359432 ], [ -77.19908697236059, 38.747450692246595 ], [ -77.200225764106079, 38.747626041477169 ], [ -77.199997495926283, 38.748500815703437 ] ] ] } },
{ "type": "Feature", "properties": { "id": "51_34", "growth_scenario": "low", "market_gravity_weight": 50 }, "geometry": { "type": "Polygon", "coordinates": [ [ [ -78.369594552403242, 36.680212400514357 ], [ -78.369386213537709, 36.681089690976719 ], [ -78.369177869804844, 36.681966980663248 ], [ -78.370287980361169, 36.682131626036416 ], [ -78.371398095784741, 36.682296261147094 ], [ -78.371189772206378, 36.68317355374873 ], [ -78.37007964427174, 36.68300891679268 ], [ -78.368969521204477, 36.682844269574026 ], [ -78.367859403004871, 36.68267961209277 ], [ -78.367651037025823, 36.683556898382427 ], [ -78.366540911183307, 36.683392228792933 ], [ -78.366749289673209, 36.682514944349094 ], [ -78.366957663294912, 36.681637659129592 ], [ -78.367166032048573, 36.680760373134127 ], [ -78.367374395934377, 36.679883086362707 ], [ -78.368484471735101, 36.680047748569628 ], [ -78.368692818243417, 36.679170459176476 ], [ -78.369802886401644, 36.679335109275847 ], [ -78.369594552403242, 36.680212400514357 ] ] ] } },
{ "type": "Feature", "properties": { "id": "51_35", "growth_scenario": "low", "market_gravity_weight": 50 }, "geometry": { "type": "Polygon", "coordinates": [ [ [ -78.371121276048413, 36.678622455253212 ], [ -78.372231341430322, 36.678787082983163 ], [ -78.372023037318769, 36.679664378688102 ], [ -78.370912959426846, 36.679499749113063 ], [ -78.370704637938573, 36.680377042196817 ], [ -78.369594552403242, 36.680212400514357 ], [ -78.369802886401644, 36.679335109275847 ], [ -78.368692818243417, 36.679170459176476 ], [ -78.367582754952466, 36.679005798814991 ], [ -78.367791109103024, 36.678128510490907 ], [ -78.367999458386237, 36.67725122139025 ], [ -78.369109496658467, 36.677415878061041 ], [ -78.369317828565514, 36.676538586338388 ], [ -78.370427859195544, 36.676703230902255 ], [ -78.371537894692054, 36.676867865204187 ], [ -78.37132958780343, 36.677745160616979 ], [ -78.371121276048413, 36.678622455253212 ] ] ] } },
{ "type": "Feature", "properties": { "id": "51_36", "growth_scenario": "low", "market_gravity_weight": 50 }, "geometry": { "type": "Polygon", "coordinates": [ [ [ -77.47822979550206, 38.9928916540401 ], [ -77.479373096757541, 38.993064438002115 ], [ -77.479147415881727, 38.993939748840134 ], [ -77.478921729575646, 38.994815059387804 ], [ -77.478696037839114, 38.995690369645381 ], [ -77.477552696926566, 38.995517579375907 ], [ -77.476409361444993, 38.995344778580353 ], [ -77.475266031394639, 38.995171967258827 ], [ -77.47412270677583, 38.994999145411384 ], [ -77.474348451388465, 38.994123843564715 ], [ -77.47549176278855, 38.994296663309264 ], [ -77.475717488751101, 38.993421359069352 ], [ -77.476860792363894, 38.993594166185375 ], [ -77.477086499676972, 38.992718859552305 ], [ -77.477312201559386, 38.991843552628524 ], [ -77.478455484166233, 38.992016345013958 ], [ -77.47822979550206, 38.9928916540401 ] ] ] } },
{ "type": "Feature", "properties": { "id": "51_37", "growth_scenario": "low", "market_gravity_weight": 50 }, "geometry": { "type": "Polygon", "coordinates": [ [ [ -78.889527802942254, 38.455779348886651 ], [ -78.889320641328425, 38.456657092964505 ], [ -78.890458778870936, 38.456816855231985 ], [ -78.890665927305903, 38.455939109242451 ], [ -78.891804056631159, 38.456098859085955 ], [ -78.891596921375211, 38.456976606987169 ], [ -78.891389781157784, 38.457854354531804 ], [ -78.891182635978694, 38.45873210171996 ], [ -78.890044467115473, 38.458572346141267 ], [ -78.890251625474178, 38.457694600864912 ], [ -78.889113474752506, 38.457534836685532 ], [ -78.88890630321437, 38.458412580049945 ], [ -78.888699126713789, 38.459290323057978 ], [ -78.887560954595543, 38.459130544542035 ], [ -78.887768144275697, 38.458252803446115 ], [ -78.887975328993107, 38.457375061993716 ], [ -78.888182508747974, 38.456497320184646 ], [ -78.887044381129911, 38.456337536892576 ], [ -78.88725156910094, 38.455459796638564 ], [ -78.888389683540495, 38.455619578018698 ], [ -78.888596853370828, 38.454741835495689 ], [ -78.889734959594193, 38.454901604451877 ], [ -78.889527802942254, 38.455779348886651 ] ] ] } },
{ "type": "Feature", "properties": { "id": "51_38", "growth_scenario": "low", "market_gravity_weight": 50 }, "geometry": { "type": "Polygon", "coordinates": [ [ [ -77.532298860201209, 39.082889663133642 ], [ -77.533443705792692, 39.083061951698802 ], [ -77.533218396762592, 39.083937374154303 ], [ -77.532993082303832, 39.08481279634313 ], [ -77.531848210196699, 39.084640503570988 ], [ -77.531622877050836, 39.085515923389835 ], [ -77.530477997114772, 39.085343617973201 ], [ -77.529333122608307, 39.085171302015794 ], [ -77.529558482270104, 39.08429588640454 ], [ -77.52841362645124, 39.084123562010426 ], [ -77.528638993940717, 39.083248148236372 ], [ -77.52978383650219, 39.083420470526598 ], [ -77.530009185304735, 39.082545054381832 ], [ -77.531154020038457, 39.082717364027928 ], [ -77.53137935015468, 39.081841945512544 ], [ -77.532524177060239, 39.082014242514745 ], [ -77.532298860201209, 39.082889663133642 ] ] ] } },
{ "type": "Feature", "properties": { "id": "51_39", "growth_scenario": "low", "market_gravity_weight": 50 }, "geometry": { "type": "Polygon", "coordinates": [ [ [ -78.351134226846526, 36.690187973455096 ], [ -78.352244419353895, 36.690352784664668 ], [ -78.353354616734293, 36.690517585611396 ], [ -78.354464818987466, 36.690682376295257 ], [ -78.354256274319255, 36.691559635594473 ], [ -78.353146059553936, 36.691394843063023 ], [ -78.352937497500648, 36.692272099740308 ], [ -78.351827275095999, 36.692107295098069 ], [ -78.350717057564751, 36.691942480192758 ], [ -78.350508465613487, 36.692819732400096 ], [ -78.349398240443705, 36.692654905383783 ], [ -78.349606844907157, 36.691777655024516 ], [ -78.348496637123461, 36.691612819593381 ], [ -78.34870524922475, 36.690735570307865 ], [ -78.349815444496684, 36.690900403890915 ], [ -78.350024039212485, 36.690023151982814 ], [ -78.350232629054688, 36.689145899299945 ], [ -78.351342804177364, 36.689310718924432 ], [ -78.351134226846526, 36.690187973455096 ] ] ] } },
{ "type": "Feature", "properties": { "id": "51_4", "growth_scenario": "low", "market_gravity_weight": 50 }, "geometry": { "type": "Polygon", "coordinates": [ [ [ -77.466373624313349, 39.002012487204304 ], [ -77.466147759268381, 39.002887775636559 ], [ -77.465004335053123, 39.002714869594556 ], [ -77.464778451352146, 39.003590155633553 ], [ -77.463635019351798, 39.003417236960267 ], [ -77.463409116994242, 39.004292520605865 ], [ -77.462265677209217, 39.004119589301197 ], [ -77.461122242860668, 39.003946647470016 ], [ -77.461348171659424, 39.003071368034249 ], [ -77.461574095021589, 39.002196088309603 ], [ -77.462717502929436, 39.002369025930982 ], [ -77.462943407635308, 39.001493743812375 ], [ -77.463169306905272, 39.000618461404628 ], [ -77.464312693809291, 39.000791384290345 ], [ -77.46545608614872, 39.00096429664984 ], [ -77.465230213318591, 39.001839583266701 ], [ -77.466373624313349, 39.002012487204304 ] ] ] } },
{ "type": "Feature", "properties": { "id": "51_40", "growth_scenario": "low", "market_gravity_weight": 50 }, "geometry": { "type": "Polygon", "coordinates": [ [ [ -78.374797189822175, 36.687341191125299 ], [ -78.374588891957998, 36.688218487234025 ], [ -78.374380589226945, 36.689095782568586 ], [ -78.373270366749168, 36.688931175592124 ], [ -78.373062046637386, 36.689808468307227 ], [ -78.371951816513445, 36.689643849221646 ], [ -78.372160149138693, 36.688766558352214 ], [ -78.371049936395835, 36.688601930848868 ], [ -78.371258276666552, 36.687724641050998 ], [ -78.371466612069582, 36.686847350478693 ], [ -78.370356429220067, 36.686682716403446 ], [ -78.370564772267926, 36.685805426902142 ], [ -78.371674942605082, 36.68597005913184 ], [ -78.372785117809627, 36.686134681098459 ], [ -78.373895297881234, 36.686299292801941 ], [ -78.373686992370907, 36.687176587839687 ], [ -78.374797189822175, 36.687341191125299 ] ] ] } },
{ "type": "Feature", "properties": { "id": "51_41", "growth_scenario": "low", "market_gravity_weight": 50 }, "geometry": { "type": "Polygon", "coordinates": [ [ [ -78.35805224034263, 39.00086495315545 ], [ -78.3578371170357, 39.001741825170107 ], [ -78.358982597453746, 39.001906500381764 ], [ -78.358767482281038, 39.002783374153864 ], [ -78.35855236192242, 39.003660247675903 ], [ -78.35740685486364, 39.003495568448308 ], [ -78.357191715998113, 39.004372439712192 ], [ -78.356046200805082, 39.004207747911167 ], [ -78.35626135299124, 39.003330878655447 ], [ -78.356476499990706, 39.002454009149602 ], [ -78.355331016625158, 39.002289310799824 ], [ -78.354185538446401, 39.002124601885079 ], [ -78.354400706898886, 39.001247736145309 ], [ -78.355546171757979, 39.001412443051805 ], [ -78.355761321704179, 39.000535575053227 ], [ -78.356906778430343, 39.000700269386726 ], [ -78.357121909870855, 38.999823399129355 ], [ -78.358267358463706, 38.999988080890212 ], [ -78.35805224034263, 39.00086495315545 ] ] ] } },
{ "type": "Feature", "properties": { "id": "51_42", "growth_scenario": "low", "market_gravity_weight": 50 }, "geometry": { "type": "Polygon", "coordinates": [ [ [ -78.879406023831166, 38.409015921453772 ], [ -78.879198873171333, 38.409893649265193 ], [ -78.880336262927358, 38.410053505158196 ], [ -78.881473657641635, 38.410213350545511 ], [ -78.881266528346003, 38.411091081808131 ], [ -78.881059394092262, 38.41196881270298 ], [ -78.879921973054749, 38.411808963496398 ], [ -78.878784556975859, 38.411649103783986 ], [ -78.87899171755295, 38.41077137670856 ], [ -78.877854319594363, 38.410611508400208 ], [ -78.878061488373859, 38.409733782866674 ], [ -78.876924108535221, 38.40957390596261 ], [ -78.87578673365573, 38.409414018553086 ], [ -78.875993923797495, 38.408536296471155 ], [ -78.876201108980027, 38.407658574020665 ], [ -78.877338457538869, 38.407818457610368 ], [ -78.878475811056504, 38.407978330694853 ], [ -78.878268652194521, 38.408856056964915 ], [ -78.879406023831166, 38.409015921453772 ] ] ] } },
{ "type": "Feature", "properties": { "id": "51_43", "growth_scenario": "low", "market_gravity_weight": 50 }, "geometry": { "type": "Polygon", "coordinates": [ [ [ -77.789011389560727, 38.319662984003543 ], [ -77.788791470580691, 38.320538822938808 ], [ -77.787657918736144, 38.320368895703268 ], [ -77.787437981497519, 38.321244732185605 ], [ -77.786304421887735, 38.32107479248247 ], [ -77.785170867525167, 38.320904842330854 ], [ -77.785390830787478, 38.320029009886895 ], [ -77.785610788802515, 38.319153177008886 ], [ -77.785830741570422, 38.31827734369655 ], [ -77.786964256898571, 38.318447287790669 ], [ -77.787184191408642, 38.317571452024858 ], [ -77.788317698972335, 38.317741383651963 ], [ -77.789451211782193, 38.317911304830844 ], [ -77.7892313032945, 38.318787144634314 ], [ -77.789011389560727, 38.319662984003543 ] ] ] } },
{ "type": "Feature", "properties": { "id": "51_44", "growth_scenario": "low", "market_gravity_weight": 50 }, "geometry": { "type": "Polygon", "coordinates": [ [ [ -77.792158002332727, 38.316499426859771 ], [ -77.791938130358574, 38.317375271569084 ], [ -77.791718253139294, 38.318251115844035 ], [ -77.79058472983796, 38.318081215561563 ], [ -77.790364834361711, 38.318957057383713 ], [ -77.7892313032945, 38.318787144634314 ], [ -77.789451211782193, 38.317911304830844 ], [ -77.788317698972335, 38.317741383651963 ], [ -77.787184191408642, 38.317571452024858 ], [ -77.78740412067225, 38.316695615824521 ], [ -77.788537615225138, 38.316865545432741 ], [ -77.788757526231947, 38.315989706778936 ], [ -77.788977431992976, 38.315113867690208 ], [ -77.790110905770732, 38.315283782813253 ], [ -77.791244384793785, 38.315453687488521 ], [ -77.791024505053812, 38.316329530614169 ], [ -77.792158002332727, 38.316499426859771 ] ] ] } },
{ "type": "Feature", "properties": { "id": "51_45", "growth_scenario": "low", "market_gravity_weight": 50 }, "geometry": { "type": "Polygon", "coordinates": [ [ [ -79.919772712271993, 37.337668161501433 ], [ -79.920895881852061, 37.337818427607644 ], [ -79.920704010605405, 37.33869803182278 ], [ -79.921827197608096, 37.338848289255161 ], [ -79.921635334713571, 37.339727894627543 ], [ -79.922758539139181, 37.339878143385953 ], [ -79.922566684597399, 37.340757749915916 ], [ -79.921443467283751, 37.340607499427634 ], [ -79.920320254505583, 37.340457238535357 ], [ -79.919197046263193, 37.340306967239059 ], [ -79.918073842556865, 37.340156685538844 ], [ -79.918265748649873, 37.339277085929126 ], [ -79.918457650206705, 37.338397485746746 ], [ -79.918649547227503, 37.337517884991641 ], [ -79.918841439712423, 37.336638283663504 ], [ -79.919964591870212, 37.336788558443317 ], [ -79.919772712271993, 37.337668161501433 ] ] ] } },
{ "type": "Feature", "properties": { "id": "51_46", "growth_scenario": "low", "market_gravity_weight": 50 }, "geometry": { "type": "Polygon", "coordinates": [ [ [ -79.916211307952096, 37.338096898056129 ], [ -79.917334476811249, 37.338247197103215 ], [ -79.917142562367303, 37.339126795555366 ], [ -79.916950643386883, 37.340006393434805 ], [ -79.916758719869833, 37.340885990741683 ], [ -79.915635512348942, 37.340735686503294 ], [ -79.915443571407295, 37.341615281507352 ], [ -79.914320355535821, 37.341464965134442 ], [ -79.914512309365151, 37.340585371861067 ], [ -79.913389110918715, 37.340435046815038 ], [ -79.913581073097873, 37.33955545469987 ], [ -79.913773030739549, 37.338675862012046 ], [ -79.914896203411857, 37.338826183596737 ], [ -79.915088143629561, 37.337946588605433 ], [ -79.915280079310378, 37.337066993041148 ], [ -79.916403230746411, 37.337217300761402 ], [ -79.916211307952096, 37.338096898056129 ] ] ] } },
{ "type": "Feature", "properties": { "id": "51_47", "growth_scenario": "low", "market_gravity_weight": 50 }, "geometry": { "type": "Polygon", "coordinates": [ [ [ -77.786203062879949, 38.307427438920953 ], [ -77.787336411606375, 38.307597379686321 ], [ -77.787116508781821, 38.308473216206842 ], [ -77.788249875760812, 38.308643148543744 ], [ -77.788029980698951, 38.309518986645735 ], [ -77.786896600712083, 38.309349052290692 ], [ -77.786676687396977, 38.31022488793807 ], [ -77.785543299647529, 38.310054941117635 ], [ -77.78440991714389, 38.309884983850175 ], [ -77.784629856474737, 38.309009152239781 ], [ -77.783496492224828, 38.308839186544105 ], [ -77.783716439317018, 38.307963356515586 ], [ -77.783936381163201, 38.307087526050168 ], [ -77.785069719398791, 38.307257487708867 ], [ -77.785289642992382, 38.306381654787927 ], [ -77.786422973466614, 38.306551603981703 ], [ -77.786203062879949, 38.307427438920953 ] ] ] } },
{ "type": "Feature", "properties": { "id": "51_48", "growth_scenario": "low", "market_gravity_weight": 50 }, "geometry": { "type": "Polygon", "coordinates": [ [ [ -78.346350870242631, 36.681303671777222 ], [ -78.347460920921066, 36.681468527930178 ], [ -78.347252320026328, 36.682345779427408 ], [ -78.346142256839528, 36.682180921426671 ], [ -78.345933638562826, 36.683058170299624 ], [ -78.344823567741145, 36.682893300189463 ], [ -78.345032198526297, 36.682016053164432 ], [ -78.34392214508695, 36.681851174640592 ], [ -78.342812096521712, 36.681686285855378 ], [ -78.34302074744889, 36.68080904174964 ], [ -78.343229393501829, 36.679931796866867 ], [ -78.344339417051629, 36.680096681956194 ], [ -78.344548045723201, 36.679219434448427 ], [ -78.345658061639298, 36.679384307428741 ], [ -78.346768082428767, 36.679549170147844 ], [ -78.346559478772306, 36.680426421350944 ], [ -78.346350870242631, 36.681303671777222 ] ] ] } },
{ "type": "Feature", "properties": { "id": "51_49", "growth_scenario": "low", "market_gravity_weight": 50 }, "geometry": { "type": "Polygon", "coordinates": [ [ [ -77.262847179149674, 38.689015984999187 ], [ -77.263074508903088, 38.688141098652274 ], [ -77.264212529494003, 38.688315858120617 ], [ -77.265350555529096, 38.688490607114055 ], [ -77.265123251944203, 38.689365497665037 ], [ -77.266261296507736, 38.689540238285332 ], [ -77.267399346515063, 38.68971496843043 ], [ -77.268537401965872, 38.689889688100223 ], [ -77.269675462859908, 38.690064397294663 ], [ -77.269448206171461, 38.69093929588162 ], [ -77.269220944039901, 38.691814194097908 ], [ -77.268082856974729, 38.691639480700097 ], [ -77.266944775353195, 38.691464756826747 ], [ -77.267172063655963, 38.690589862813958 ], [ -77.266034000563621, 38.690415130567068 ], [ -77.265806699175528, 38.691290022477901 ], [ -77.264668628442053, 38.691115277653587 ], [ -77.26489594291526, 38.690240387844838 ], [ -77.263757890711176, 38.690065634647404 ], [ -77.263985212824764, 38.689190746569651 ], [ -77.262847179149674, 38.689015984999187 ] ] ] } },
{ "type": "Feature", "properties": { "id": "51_5", "growth_scenario": "low", "market_gravity_weight": 50 }, "geometry": { "type": "Polygon", "coordinates": [ [ [ -78.357868558298037, 36.681197232957153 ], [ -78.356758488789964, 36.681032472853829 ], [ -78.356549997709962, 36.681909740681377 ], [ -78.35543992056337, 36.681744968469431 ], [ -78.355231412103109, 36.682622233673925 ], [ -78.354121327318325, 36.682457449353166 ], [ -78.353912801477279, 36.683334711934549 ], [ -78.352802709054657, 36.683169915504727 ], [ -78.351692621503986, 36.683005108812971 ], [ -78.351901172363597, 36.682127849925898 ], [ -78.352109718351159, 36.681250590262515 ], [ -78.353219780883691, 36.681415393259947 ], [ -78.354329848287861, 36.681580185995614 ], [ -78.354538364386016, 36.680702921861709 ], [ -78.355648424152534, 36.680867702488669 ], [ -78.355856922870785, 36.679990435731369 ], [ -78.35696697499931, 36.680155204249857 ], [ -78.358077031998334, 36.680319962506601 ], [ -78.359187093867533, 36.680484710501538 ], [ -78.358978632676468, 36.681361982798528 ], [ -78.357868558298037, 36.681197232957153 ] ] ] } },
{ "type": "Feature", "properties": { "id": "51_50", "growth_scenario": "low", "market_gravity_weight": 50 }, "geometry": { "type": "Polygon", "coordinates": [ [ [ -77.38151176990047, 37.670243791483124 ], [ -77.38128896282528, 37.671118980006469 ], [ -77.380166293411335, 37.670945281693911 ], [ -77.379043629262, 37.670771573034941 ], [ -77.378820791442052, 37.671646756931587 ], [ -77.377698119817623, 37.671473035911902 ], [ -77.376575453458543, 37.671299304545776 ], [ -77.376798316758183, 37.670424124677801 ], [ -77.37567566840427, 37.670250384979823 ], [ -77.375898539177811, 37.669375206527619 ], [ -77.377021174792432, 37.669548944211179 ], [ -77.377244027561431, 37.668673763145698 ], [ -77.378366655702081, 37.668847488468884 ], [ -77.379489289107497, 37.669021203445908 ], [ -77.380611927777394, 37.669194908076797 ], [ -77.38038911322657, 37.670070095184627 ], [ -77.38151176990047, 37.670243791483124 ] ] ] } },
{ "type": "Feature", "properties": { "id": "51_51", "growth_scenario": "low", "market_gravity_weight": 50 }, "geometry": { "type": "Polygon", "coordinates": [ [ [ -80.042381092892882, 37.203760784517449 ], [ -80.043502491469766, 37.203909923023232 ], [ -80.043312411450884, 37.20478976370336 ], [ -80.043122326945976, 37.205669603785246 ], [ -80.042000902663744, 37.205520461861404 ], [ -80.041810800819547, 37.206400299636265 ], [ -80.040689368170874, 37.2062511456121 ], [ -80.040879482867993, 37.205371309546543 ], [ -80.039758067558992, 37.205222146840811 ], [ -80.039948190621871, 37.204342311886435 ], [ -80.038826792652245, 37.204193140499214 ], [ -80.039016924080286, 37.203313306655822 ], [ -80.039207051021307, 37.202433472213819 ], [ -80.040328423287107, 37.202582640182442 ], [ -80.041449800039473, 37.202731797760485 ], [ -80.041259698802136, 37.203611635620945 ], [ -80.042381092892882, 37.203760784517449 ] ] ] } },
{ "type": "Feature", "properties": { "id": "51_6", "growth_scenario": "low", "market_gravity_weight": 50 }, "geometry": { "type": "Polygon", "coordinates": [ [ [ -78.349748236624194, 36.68634931225764 ], [ -78.350858369341481, 36.686514136601367 ], [ -78.351968506931669, 36.686678950682818 ], [ -78.351759944219765, 36.687556207538464 ], [ -78.351551376635058, 36.688433463618949 ], [ -78.350441214023462, 36.68826864584225 ], [ -78.350232629054688, 36.689145899299945 ], [ -78.349122458805425, 36.688981069412861 ], [ -78.349331056285138, 36.688103817803004 ], [ -78.348220903420327, 36.687938979501304 ], [ -78.34711075542927, 36.687774130937314 ], [ -78.347319373056294, 36.686896882248156 ], [ -78.347527985809435, 36.686019632783513 ], [ -78.348638108780079, 36.686184477651665 ], [ -78.348846704149722, 36.685307225563562 ], [ -78.349956819483879, 36.685472058321785 ], [ -78.349748236624194, 36.68634931225764 ] ] ] } },
{ "type": "Feature", "properties": { "id": "51_7", "growth_scenario": "low", "market_gravity_weight": 50 }, "geometry": { "type": "Polygon", "coordinates": [ [ [ -78.351484065772112, 36.683882366923875 ], [ -78.351275505167877, 36.684759624258767 ], [ -78.351066939691037, 36.685636880817889 ], [ -78.349956819483879, 36.685472058321785 ], [ -78.348846704149722, 36.685307225563562 ], [ -78.347736593688836, 36.685142382543191 ], [ -78.346626488101506, 36.684977529260884 ], [ -78.346835103616712, 36.684100280092551 ], [ -78.347043714258263, 36.683223030148113 ], [ -78.348153794827184, 36.683387879734859 ], [ -78.348362388086443, 36.682510627166423 ], [ -78.349472461019602, 36.682675464643708 ], [ -78.350582538825535, 36.682840291859279 ], [ -78.350373970584371, 36.683717548122743 ], [ -78.351484065772112, 36.683882366923875 ] ] ] } },
{ "type": "Feature", "properties": { "id": "51_8", "growth_scenario": "low", "market_gravity_weight": 50 }, "geometry": { "type": "Polygon", "coordinates": [ [ [ -77.787624044689593, 38.315819779189361 ], [ -77.788757526231947, 38.315989706778936 ], [ -77.788537615225138, 38.316865545432741 ], [ -77.78740412067225, 38.316695615824521 ], [ -77.787184191408642, 38.317571452024858 ], [ -77.786964256898571, 38.318447287790669 ], [ -77.785830741570422, 38.31827734369655 ], [ -77.785610788802515, 38.319153177008886 ], [ -77.784477265710294, 38.31898322044745 ], [ -77.784697231489204, 38.318107389154342 ], [ -77.784917192020913, 38.317231557426659 ], [ -77.785137147305591, 38.316355725264252 ], [ -77.784003668492375, 38.316185764312351 ], [ -77.784223631540158, 38.315309933734056 ], [ -77.785357097343407, 38.315479892666893 ], [ -77.786490568393305, 38.315649841152002 ], [ -77.786710500174621, 38.314774006100699 ], [ -77.787843963460844, 38.314943942119299 ], [ -77.787624044689593, 38.315819779189361 ] ] ] } },
{ "type": "Feature", "properties": { "id": "51_9", "growth_scenario": "low", "market_gravity_weight": 50 }, "geometry": { "type": "Polygon", "coordinates": [ [ [ -78.37403492374473, 36.680870905670027 ], [ -78.373826634921713, 36.681748203513074 ], [ -78.372716522275667, 36.681583590772725 ], [ -78.372508216075261, 36.682460885995148 ], [ -78.372299905008148, 36.683338180442092 ], [ -78.371189772206378, 36.68317355374873 ], [ -78.371398095784741, 36.682296261147094 ], [ -78.370287980361169, 36.682131626036416 ], [ -78.369177869804844, 36.681966980663248 ], [ -78.369386213537709, 36.681089690976719 ], [ -78.369594552403242, 36.680212400514357 ], [ -78.370704637938573, 36.680377042196817 ], [ -78.370912959426846, 36.679499749113063 ], [ -78.372023037318769, 36.679664378688102 ], [ -78.373133120077142, 36.679828998000787 ], [ -78.37292482360958, 36.680706294774716 ], [ -78.37403492374473, 36.680870905670027 ] ] ] } },
{ "type": "Feature", "properties": { "id": "53_0", "growth_scenario": "low", "market_gravity_weight": 50 }, "geometry": { "type": "Polygon", "coordinates": [ [ [ -119.874696993578326, 47.243358342143189 ], [ -119.875023557012213, 47.244234352162181 ], [ -119.873751131146449, 47.24445917515694 ], [ -119.87407768741042, 47.245335190652817 ], [ -119.872805236884815, 47.245560005759884 ], [ -119.871532777614576, 47.245784809307125 ], [ -119.871206253181427, 47.244908786467981 ], [ -119.870879737492146, 47.244032765434419 ], [ -119.87055323054642, 47.243156746206076 ], [ -119.871825642071002, 47.242931953672979 ], [ -119.871499127953996, 47.242055939920668 ], [ -119.872771514820826, 47.241831139499418 ], [ -119.874043892944115, 47.241606327519037 ], [ -119.874370438889073, 47.242482333928912 ], [ -119.874696993578326, 47.243358342143189 ] ] ] } },
{ "type": "Feature", "properties": { "id": "53_1", "growth_scenario": "low", "market_gravity_weight": 50 }, "geometry": { "type": "Polygon", "coordinates": [ [ [ -119.864577862765842, 47.216202925217722 ], [ -119.865849770814123, 47.215978208071668 ], [ -119.866176079226662, 47.216854158616904 ], [ -119.866502396373946, 47.217730110957611 ], [ -119.867774327493223, 47.217505374924158 ], [ -119.868100669278775, 47.218381325394155 ], [ -119.86682872225623, 47.218606065094328 ], [ -119.865556766498315, 47.218830793239505 ], [ -119.8642848020054, 47.219055509829516 ], [ -119.863012828777798, 47.219280214864305 ], [ -119.862686550607251, 47.21840424972833 ], [ -119.862360281170652, 47.217528286388912 ], [ -119.863632222590084, 47.217303588686484 ], [ -119.863305945983569, 47.216427630809058 ], [ -119.862979678110662, 47.215551674727237 ], [ -119.864251578990121, 47.215326972801748 ], [ -119.864577862765842, 47.216202925217722 ] ] ] } },
{ "type": "Feature", "properties": { "id": "53_2", "growth_scenario": "low", "market_gravity_weight": 50 }, "geometry": { "type": "Polygon", "coordinates": [ [ [ -119.847422381583442, 47.221099764797081 ], [ -119.847748468876105, 47.221975773916888 ], [ -119.846476382131158, 47.222200328719993 ], [ -119.846802462244639, 47.223076343303262 ], [ -119.845530350860741, 47.223300890213558 ], [ -119.845204286656724, 47.222424871965835 ], [ -119.844878231181852, 47.221548855517348 ], [ -119.843606142887623, 47.221773383541645 ], [ -119.84328011205065, 47.220897365228176 ], [ -119.842008030937336, 47.22112187803134 ], [ -119.841682024737494, 47.220245857853079 ], [ -119.842954089941784, 47.220021348713615 ], [ -119.844226146418308, 47.21979682801696 ], [ -119.845498194166638, 47.219572295763349 ], [ -119.846770233186518, 47.219347751952888 ], [ -119.847096303020365, 47.22022375747585 ], [ -119.847422381583442, 47.221099764797081 ] ] ] } },
{ "type": "Feature", "properties": { "id": "53_3", "growth_scenario": "low", "market_gravity_weight": 50 }, "geometry": { "type": "Polygon", "coordinates": [ [ [ -119.84579207605681, 47.216719746170881 ], [ -119.847064058627055, 47.216495201795141 ], [ -119.847390118181863, 47.217371198261397 ], [ -119.847716186465206, 47.218247196524828 ], [ -119.846444172081533, 47.218471748227991 ], [ -119.845172148969283, 47.218696288374545 ], [ -119.843900117128896, 47.218920816964442 ], [ -119.8426280765607, 47.21914533399756 ], [ -119.84135602726505, 47.219369839473622 ], [ -119.841030038519705, 47.218493822892569 ], [ -119.842302071907071, 47.218269321079717 ], [ -119.841976075980497, 47.217393309959888 ], [ -119.843248084733176, 47.217168800253361 ], [ -119.844520084758742, 47.216944278990319 ], [ -119.844194065744858, 47.216068276994342 ], [ -119.845466041136419, 47.215843747838157 ], [ -119.84579207605681, 47.216719746170881 ] ] ] } },
{ "type": "Feature", "properties": { "id": "53_4", "growth_scenario": "low", "market_gravity_weight": 50 }, "geometry": { "type": "Polygon", "coordinates": [ [ [ -119.89916276329518, 47.236231729580936 ], [ -119.899489618692698, 47.237107660733876 ], [ -119.900761813116105, 47.236882606046585 ], [ -119.901088693171488, 47.237758535325682 ], [ -119.901415581978853, 47.238634466405372 ], [ -119.900143355741889, 47.238859528441552 ], [ -119.900470237394259, 47.239735464996883 ], [ -119.899197986497711, 47.239960519151204 ], [ -119.898871120753, 47.239084578921343 ], [ -119.897598877012499, 47.239309617844619 ], [ -119.897272035927017, 47.238433675741796 ], [ -119.896945203592423, 47.237557735440127 ], [ -119.896618380008363, 47.236681796939337 ], [ -119.897890576027052, 47.236456769038114 ], [ -119.897563745286632, 47.235580836011586 ], [ -119.898835916648579, 47.235355800228191 ], [ -119.89916276329518, 47.236231729580936 ] ] ] } },
{ "type": "Feature", "properties": { "id": "53_5", "growth_scenario": "low", "market_gravity_weight": 50 }, "geometry": { "type": "Polygon", "coordinates": [ [ [ -119.877758963102806, 47.229745540909818 ], [ -119.87903108910254, 47.229520692073862 ], [ -119.879357641498956, 47.230396651165897 ], [ -119.880629774662935, 47.230171787103522 ], [ -119.880956351709131, 47.231047744324627 ], [ -119.879684202638117, 47.231272612057495 ], [ -119.880010772520365, 47.232148574749026 ], [ -119.87873859879852, 47.232373434595885 ], [ -119.877466416333647, 47.232598282886087 ], [ -119.877139878267215, 47.231722312853748 ], [ -119.875867702968065, 47.231947145916813 ], [ -119.875541189552024, 47.231071174014652 ], [ -119.875214684877648, 47.230195203912629 ], [ -119.876486828361067, 47.229970378189506 ], [ -119.87616031652064, 47.229094413556993 ], [ -119.877432435355416, 47.228869579947116 ], [ -119.877758963102806, 47.229745540909818 ] ] ] } },
{ "type": "Feature", "properties": { "id": "53_6", "growth_scenario": "low", "market_gravity_weight": 50 }, "geometry": { "type": "Polygon", "coordinates": [ [ [ -119.86907974705133, 47.22100918758121 ], [ -119.869406123781985, 47.221885145236946 ], [ -119.869732509249758, 47.222761104689852 ], [ -119.868460482705601, 47.222985862726247 ], [ -119.867188447424297, 47.223210609206888 ], [ -119.866862093766983, 47.222334642418922 ], [ -119.865590065654729, 47.222559373676376 ], [ -119.865263736639207, 47.221683405018808 ], [ -119.863991715696613, 47.221908121053417 ], [ -119.863665411322145, 47.221032150526476 ], [ -119.864937416359368, 47.220807438158694 ], [ -119.866209412661235, 47.220582714235299 ], [ -119.867481400227405, 47.220357978756475 ], [ -119.868753379057466, 47.220133231722372 ], [ -119.870025349151106, 47.219908473133053 ], [ -119.870351733048963, 47.220784425324524 ], [ -119.86907974705133, 47.22100918758121 ] ] ] } },
{ "type": "Feature", "properties": { "id": "53_7", "growth_scenario": "low", "market_gravity_weight": 50 }, "geometry": { "type": "Polygon", "coordinates": [ [ [ -119.83746746311617, 47.248997294281061 ], [ -119.837793556155205, 47.24987340890997 ], [ -119.836520892768704, 47.250097892955139 ], [ -119.83684697861726, 47.250974013061537 ], [ -119.835574290572296, 47.251198489210658 ], [ -119.835900369229648, 47.252074614795035 ], [ -119.834627656525498, 47.252299083047816 ], [ -119.834301593793697, 47.251422953796009 ], [ -119.833975539795134, 47.250546826355077 ], [ -119.832702850208776, 47.250771275709539 ], [ -119.832376820868291, 47.249895146412243 ], [ -119.832050800260021, 47.249019018925402 ], [ -119.833323457996457, 47.248794576904487 ], [ -119.834596107000607, 47.248570123320185 ], [ -119.835868747272187, 47.248345658172603 ], [ -119.836194815653798, 47.24922177465892 ], [ -119.83746746311617, 47.248997294281061 ] ] ] } },
{ "type": "Feature", "properties": { "id": "56_0", "growth_scenario": "low", "market_gravity_weight": 50 }, "geometry": { "type": "Polygon", "coordinates": [ [ [ -104.819369574771244, 41.759873618092037 ], [ -104.819481836741772, 41.760763484946999 ], [ -104.819594101562117, 41.761653352565105 ], [ -104.81970636923235, 41.762543220946689 ], [ -104.819818639752611, 41.763433090091965 ], [ -104.818612387749823, 41.763515909181855 ], [ -104.817406132897275, 41.763598716984156 ], [ -104.817293892733318, 41.762708845576185 ], [ -104.816087650209724, 41.762791640959676 ], [ -104.815975428072946, 41.761901769184519 ], [ -104.817181655418608, 41.761818974932076 ], [ -104.817069420953061, 41.760929105051474 ], [ -104.816957189336549, 41.760039235934237 ], [ -104.818163383478549, 41.759956432656665 ], [ -104.818051139534276, 41.759066565433493 ], [ -104.81925731565039, 41.758983752000077 ], [ -104.819369574771244, 41.759873618092037 ] ] ] } },
{ "type": "Feature", "properties": { "id": "56_1", "growth_scenario": "low", "market_gravity_weight": 50 }, "geometry": { "type": "Polygon", "coordinates": [ [ [ -104.835835379949401, 41.101028193579815 ], [ -104.837030316133095, 41.100945266622084 ], [ -104.837141754556171, 41.10183454932222 ], [ -104.835946803477952, 41.101917477385726 ], [ -104.836058229808643, 41.102806761770424 ], [ -104.836169658941557, 41.103696046734093 ], [ -104.836281090876795, 41.104585332277026 ], [ -104.836392525614485, 41.105474618399477 ], [ -104.835197512151993, 41.105557539709871 ], [ -104.835086092310391, 41.104668252481616 ], [ -104.834974675270871, 41.103778965832959 ], [ -104.834863261033306, 41.102889679763607 ], [ -104.833668289456114, 41.102972586580535 ], [ -104.832473315077436, 41.103055482221201 ], [ -104.83236193343204, 41.102166194519981 ], [ -104.833556892915524, 41.102083299984677 ], [ -104.833445499176321, 41.101194013967699 ], [ -104.834640440963682, 41.10111110936176 ], [ -104.834529035131396, 41.100221825028754 ], [ -104.835723959222861, 41.100138910352477 ], [ -104.835835379949401, 41.101028193579815 ] ] ] } }
]
}
