{
"type": "FeatureCollection",
"name": "moderate_growth_75_market_gravity_epsg4326",
"crs": { "type": "name", "properties": { "name": "urn:ogc:def:crs:OGC:1.3:CRS84" } },
"features": [
{ "type": "Feature", "properties": { "id": "1_0", "growth_scenario": "moderate", "market_gravity_weight": 75 }, "geometry": { "type": "Polygon", "coordinates": [ [ [ -86.626433445298858, 34.834674343365954 ], [ -86.626324886171787, 34.835563920521828 ], [ -86.627421934305318, 34.835651945152449 ], [ -86.627313385212133, 34.836541522310874 ], [ -86.62841044839216, 34.836629537598036 ], [ -86.628301909333445, 34.837519114759132 ], [ -86.627204833612751, 34.837431098538076 ], [ -86.626107760398369, 34.837343072039523 ], [ -86.625999193751824, 34.838232646401707 ], [ -86.625890624598611, 34.839122219832973 ], [ -86.625782052938675, 34.840011792333584 ], [ -86.624684944607679, 34.83992375275507 ], [ -86.624793528808979, 34.83903418118868 ], [ -86.624902110503243, 34.838144608691522 ], [ -86.625010689690555, 34.837255035263524 ], [ -86.625119266371001, 34.836365460904361 ], [ -86.625227840544696, 34.835475885613938 ], [ -86.625336412211666, 34.834586309392108 ], [ -86.625444981372056, 34.833696732238565 ], [ -86.626542001919617, 34.833784765278459 ], [ -86.626433445298858, 34.834674343365954 ] ] ] } },
{ "type": "Feature", "properties": { "id": "1_1", "growth_scenario": "moderate", "market_gravity_weight": 75 }, "geometry": { "type": "Polygon", "coordinates": [ [ [ -86.637199755190252, 34.846317026452766 ], [ -86.63829696884477, 34.846404948294406 ], [ -86.639394185003255, 34.846492859857221 ], [ -86.639285758864759, 34.847382437987171 ], [ -86.640382990071444, 34.847470340204204 ], [ -86.640274573974025, 34.848359918338573 ], [ -86.639177330222523, 34.848272015188464 ], [ -86.63808008897486, 34.848184101759351 ], [ -86.636982850231306, 34.848096178051186 ], [ -86.635885613992173, 34.848008244064104 ], [ -86.635777145211279, 34.848897817536987 ], [ -86.634679898932077, 34.848809872337405 ], [ -86.634788380257717, 34.847920299798069 ], [ -86.63489685907841, 34.847030726330068 ], [ -86.635994080268361, 34.847118669662599 ], [ -86.636102544039957, 34.846229094332351 ], [ -86.636211005307032, 34.845339518073118 ], [ -86.637308203913335, 34.845427449260214 ], [ -86.637199755190252, 34.846317026452766 ] ] ] } },
{ "type": "Feature", "properties": { "id": "1_2", "growth_scenario": "moderate", "market_gravity_weight": 75 }, "geometry": { "type": "Polygon", "coordinates": [ [ [ -86.622925157556978, 34.836189358388566 ], [ -86.622816555795808, 34.837078930879173 ], [ -86.623913621489606, 34.837166988210022 ], [ -86.623805029761613, 34.838056560703826 ], [ -86.623696435526369, 34.838946132266692 ], [ -86.622599344751094, 34.838858073067072 ], [ -86.62150225648341, 34.838770003589879 ], [ -86.6204051707236, 34.838681923835225 ], [ -86.619308087471978, 34.838593833802946 ], [ -86.619416731870217, 34.837704265978267 ], [ -86.619525373760112, 34.836814697222472 ], [ -86.620622431930769, 34.836902785385377 ], [ -86.621719492609429, 34.836990863270934 ], [ -86.621828106910826, 34.836101291714698 ], [ -86.621936718704617, 34.835211719227104 ], [ -86.623033756810813, 34.835299784966551 ], [ -86.622925157556978, 34.836189358388566 ] ] ] } },
{ "type": "Feature", "properties": { "id": "4_0", "growth_scenario": "moderate", "market_gravity_weight": 75 }, "geometry": { "type": "Polygon", "coordinates": [ [ [ -111.709172209142139, 33.477717481173421 ], [ -111.70935047352755, 33.47860068886478 ], [ -111.710419047552747, 33.478453341888716 ], [ -111.710597327628079, 33.479336546734388 ], [ -111.709528741921915, 33.4794838951846 ], [ -111.709707014325346, 33.480367100133094 ], [ -111.70863841292875, 33.480514440095781 ], [ -111.707569807523186, 33.480661770096816 ], [ -111.707391558482612, 33.479778562200259 ], [ -111.707213313450637, 33.47889535293244 ], [ -111.70703507242709, 33.478012142293252 ], [ -111.705966498056966, 33.478159457910976 ], [ -111.704897919678785, 33.478306763567112 ], [ -111.704719706025458, 33.477423548609011 ], [ -111.705788272722629, 33.477276244426434 ], [ -111.706856835411855, 33.477128930282504 ], [ -111.707925394092896, 33.476981606177141 ], [ -111.708103642788899, 33.477864816714032 ], [ -111.709172209142139, 33.477717481173421 ] ] ] } },
{ "type": "Feature", "properties": { "id": "4_1", "growth_scenario": "moderate", "market_gravity_weight": 75 }, "geometry": { "type": "Polygon", "coordinates": [ [ [ -111.800764232469305, 33.382421188307283 ], [ -111.800943309407543, 33.383304372762439 ], [ -111.801122390367468, 33.384187555824269 ], [ -111.801301475349192, 33.385070737493024 ], [ -111.800234340890739, 33.385218948632541 ], [ -111.799167202410587, 33.385367149823388 ], [ -111.798100059908947, 33.385515341065449 ], [ -111.797921009863657, 33.384632154964841 ], [ -111.797741963839428, 33.383748967471384 ], [ -111.797562921836132, 33.382865778584751 ], [ -111.798630029401679, 33.382717591774089 ], [ -111.79969713294615, 33.382569395014926 ], [ -111.799518071674072, 33.381686207689192 ], [ -111.800585159552625, 33.38153800245874 ], [ -111.800764232469305, 33.382421188307283 ] ] ] } },
{ "type": "Feature", "properties": { "id": "4_10", "growth_scenario": "moderate", "market_gravity_weight": 75 }, "geometry": { "type": "Polygon", "coordinates": [ [ [ -111.739795428204047, 33.460780727149171 ], [ -111.740863702706591, 33.460633093537581 ], [ -111.741042284587081, 33.461516273261772 ], [ -111.741220870482564, 33.462399451610054 ], [ -111.740152572633534, 33.462547088173615 ], [ -111.739084270769652, 33.462694714778351 ], [ -111.738015964891147, 33.462842331424298 ], [ -111.736947654998247, 33.46298993811132 ], [ -111.736769115797031, 33.462106753859501 ], [ -111.7365905806098, 33.461223568232114 ], [ -111.736412049436439, 33.460340381228868 ], [ -111.737480324308763, 33.460192778968818 ], [ -111.738548595167131, 33.460045166750263 ], [ -111.738727149686909, 33.460928350802178 ], [ -111.739795428204047, 33.460780727149171 ] ] ] } },
{ "type": "Feature", "properties": { "id": "4_11", "growth_scenario": "moderate", "market_gravity_weight": 75 }, "geometry": { "type": "Polygon", "coordinates": [ [ [ -111.806466649585587, 33.264478443110207 ], [ -111.806645522353762, 33.265361769012962 ], [ -111.805580019545602, 33.265510055434255 ], [ -111.805758884715047, 33.266393381391886 ], [ -111.804693366286173, 33.266541659348874 ], [ -111.804514512726641, 33.265658331919703 ], [ -111.804335663177653, 33.2647750030739 ], [ -111.803270163957933, 33.264923268152046 ], [ -111.80309133002892, 33.264039936418037 ], [ -111.802025838408696, 33.264188190089151 ], [ -111.801847020099174, 33.263304855467105 ], [ -111.802912500109954, 33.263156603267241 ], [ -111.803977976110829, 33.263008341131666 ], [ -111.805043448101543, 33.262860069060501 ], [ -111.806108916081854, 33.262711787053696 ], [ -111.806287780828328, 33.263595115790501 ], [ -111.806466649585587, 33.264478443110207 ] ] ] } },
{ "type": "Feature", "properties": { "id": "4_12", "growth_scenario": "moderate", "market_gravity_weight": 75 }, "geometry": { "type": "Polygon", "coordinates": [ [ [ -111.727556810905199, 33.57412657904127 ], [ -111.727735501347013, 33.575009639718779 ], [ -111.726665644588465, 33.575157127800367 ], [ -111.726844327345319, 33.576040188605759 ], [ -111.725774454855269, 33.576187668196766 ], [ -111.725953129926651, 33.577070729130163 ], [ -111.724883241704816, 33.57721820023044 ], [ -111.724704578342255, 33.576335137816393 ], [ -111.723634697806517, 33.57648259746454 ], [ -111.723456050175344, 33.575599532217389 ], [ -111.723277406566524, 33.574716465617584 ], [ -111.724347263685118, 33.574569008930368 ], [ -111.724168612390301, 33.57368594245812 ], [ -111.725238453778374, 33.573538477280131 ], [ -111.72630829114388, 33.573391002130947 ], [ -111.726486965854704, 33.574274065642179 ], [ -111.727556810905199, 33.57412657904127 ] ] ] } },
{ "type": "Feature", "properties": { "id": "4_13", "growth_scenario": "moderate", "market_gravity_weight": 75 }, "geometry": { "type": "Polygon", "coordinates": [ [ [ -111.882838084675768, 33.2629059719957 ], [ -111.883903406501872, 33.262756966950889 ], [ -111.884083143494848, 33.26364017394409 ], [ -111.885148472893647, 33.263491157487692 ], [ -111.886213798262418, 33.263342131098113 ], [ -111.887279119600905, 33.263193094775382 ], [ -111.88745889543101, 33.264076295913156 ], [ -111.886393562490198, 33.264225333714599 ], [ -111.885328225519004, 33.264374361582853 ], [ -111.884262884517625, 33.264523379517854 ], [ -111.883197539486332, 33.264672387519532 ], [ -111.882132190425352, 33.264821385587837 ], [ -111.88106683733497, 33.264970373722825 ], [ -111.880887131120744, 33.264087163713839 ], [ -111.880707428935565, 33.263203952285714 ], [ -111.881772758820247, 33.263054967107266 ], [ -111.881593049061493, 33.262171755737754 ], [ -111.882658363314661, 33.262022762104408 ], [ -111.882838084675768, 33.2629059719957 ] ] ] } },
{ "type": "Feature", "properties": { "id": "4_2", "growth_scenario": "moderate", "market_gravity_weight": 75 }, "geometry": { "type": "Polygon", "coordinates": [ [ [ -111.780046787206189, 33.469737532274614 ], [ -111.780225830283086, 33.470620639735984 ], [ -111.78040487738555, 33.471503745822083 ], [ -111.779336529454866, 33.471651744628488 ], [ -111.779515568909986, 33.472534850819507 ], [ -111.778447205280742, 33.47268284114741 ], [ -111.778268177498759, 33.471799733476416 ], [ -111.77719982151747, 33.471947712365655 ], [ -111.777020809433665, 33.471064601839771 ], [ -111.776841801374673, 33.47018148993881 ], [ -111.77791013401017, 33.470033514009138 ], [ -111.777731118303336, 33.469150402212584 ], [ -111.778799435241524, 33.469002417804354 ], [ -111.779867748154672, 33.468854423437797 ], [ -111.780936057042581, 33.468706419112983 ], [ -111.781115107766198, 33.469589526469846 ], [ -111.780046787206189, 33.469737532274614 ] ] ] } },
{ "type": "Feature", "properties": { "id": "4_3", "growth_scenario": "moderate", "market_gravity_weight": 75 }, "geometry": { "type": "Polygon", "coordinates": [ [ [ -111.911540265144751, 33.430553621031834 ], [ -111.912607804468237, 33.430404385201889 ], [ -111.913675339737836, 33.430255139421959 ], [ -111.913855794154998, 33.431138087090737 ], [ -111.914036252626445, 33.432021033372209 ], [ -111.914216715152307, 33.432903978266538 ], [ -111.913149144933683, 33.433053228516449 ], [ -111.912081570660774, 33.433202468816091 ], [ -111.911013992333807, 33.433351699165392 ], [ -111.910833564758121, 33.43246874980116 ], [ -111.910653141236097, 33.431585799049998 ], [ -111.910472721767619, 33.430702846911664 ], [ -111.910292306352531, 33.42981989338606 ], [ -111.911359838080216, 33.429670668995854 ], [ -111.911540265144751, 33.430553621031834 ] ] ] } },
{ "type": "Feature", "properties": { "id": "4_4", "growth_scenario": "moderate", "market_gravity_weight": 75 }, "geometry": { "type": "Polygon", "coordinates": [ [ [ -111.666619754535546, 33.440912753130078 ], [ -111.666797457169906, 33.441796072503685 ], [ -111.66697516379898, 33.442679390499819 ], [ -111.667152874422939, 33.443562707118588 ], [ -111.667330589041896, 33.444446022360253 ], [ -111.667508307655979, 33.445329336224866 ], [ -111.666440103704446, 33.445476291244191 ], [ -111.6653718957579, 33.445623236304201 ], [ -111.665194200492962, 33.44473991950273 ], [ -111.664126000226403, 33.444886853135223 ], [ -111.663948320630624, 33.444003533488669 ], [ -111.665016509222639, 33.443856601324455 ], [ -111.664838821946844, 33.442973281769092 ], [ -111.665906994870227, 33.442826341113928 ], [ -111.665729299914886, 33.441943021649543 ], [ -111.665551608954047, 33.441059700807742 ], [ -111.665373921987566, 33.440176378588262 ], [ -111.6664420558958, 33.440029432378793 ], [ -111.666619754535546, 33.440912753130078 ] ] ] } },
{ "type": "Feature", "properties": { "id": "4_5", "growth_scenario": "moderate", "market_gravity_weight": 75 }, "geometry": { "type": "Polygon", "coordinates": [ [ [ -111.711667092280564, 33.484635747014934 ], [ -111.711845400423968, 33.485518942264342 ], [ -111.712023712577619, 33.486402136143504 ], [ -111.710955033414677, 33.486549496388946 ], [ -111.70988635024159, 33.48669684667216 ], [ -111.709708061453995, 33.485813649843806 ], [ -111.709529776676149, 33.484930451645347 ], [ -111.708461112859382, 33.485077789017424 ], [ -111.707392445033221, 33.485225116427259 ], [ -111.707214187630626, 33.484341913909965 ], [ -111.708282843773901, 33.484194587974393 ], [ -111.709351495907939, 33.484047252076635 ], [ -111.709173219149235, 33.483164051137543 ], [ -111.71024185559142, 33.483016706752117 ], [ -111.711310488023997, 33.482869352404798 ], [ -111.711488788147278, 33.483752550395138 ], [ -111.711667092280564, 33.484635747014934 ] ] ] } },
{ "type": "Feature", "properties": { "id": "4_6", "growth_scenario": "moderate", "market_gravity_weight": 75 }, "geometry": { "type": "Polygon", "coordinates": [ [ [ -111.705966498056966, 33.478159457910976 ], [ -111.706144727399376, 33.479042670023958 ], [ -111.706322960749972, 33.479925880765634 ], [ -111.705254359009004, 33.480073189369286 ], [ -111.704185753259949, 33.480220488011184 ], [ -111.70311714350305, 33.480367776691295 ], [ -111.702048529738576, 33.480515055409555 ], [ -111.701870343114862, 33.479631838773351 ], [ -111.701692160498339, 33.478748620766027 ], [ -111.70276075089923, 33.478601344994701 ], [ -111.702582560608349, 33.477718127089567 ], [ -111.703651135320627, 33.477570842830026 ], [ -111.704719706025458, 33.477423548609011 ], [ -111.704897919678785, 33.478306763567112 ], [ -111.705966498056966, 33.478159457910976 ] ] ] } },
{ "type": "Feature", "properties": { "id": "4_7", "growth_scenario": "moderate", "market_gravity_weight": 75 }, "geometry": { "type": "Polygon", "coordinates": [ [ [ -111.735706512119123, 33.473147683150344 ], [ -111.735885064467723, 33.47403085533665 ], [ -111.734816598408898, 33.474178439897088 ], [ -111.733748128335321, 33.474326014497301 ], [ -111.732679654247249, 33.474473579137296 ], [ -111.732501136930864, 33.473590402522895 ], [ -111.732322623628605, 33.472707224535242 ], [ -111.731254168881364, 33.472854776263254 ], [ -111.731075671270261, 33.47197159542646 ], [ -111.732144114340315, 33.471824045174216 ], [ -111.733212553396513, 33.471676484961904 ], [ -111.734280988438627, 33.471528914789594 ], [ -111.735349419466374, 33.471381334657373 ], [ -111.735527963785387, 33.472264509590673 ], [ -111.735706512119123, 33.473147683150344 ] ] ] } },
{ "type": "Feature", "properties": { "id": "4_8", "growth_scenario": "moderate", "market_gravity_weight": 75 }, "geometry": { "type": "Polygon", "coordinates": [ [ [ -111.77719982151747, 33.471947712365655 ], [ -111.778268177498759, 33.471799733476416 ], [ -111.778447205280742, 33.47268284114741 ], [ -111.778626237088048, 33.473565947443589 ], [ -111.777557857759959, 33.473713929292749 ], [ -111.777736881918955, 33.474597035694288 ], [ -111.776668486891779, 33.474745009064591 ], [ -111.776847503401953, 33.475628115571666 ], [ -111.775779092675421, 33.475776080462936 ], [ -111.775600087839521, 33.474892972475878 ], [ -111.775421087028448, 33.474009863114553 ], [ -111.77435269562551, 33.474157815087096 ], [ -111.774173710513068, 33.473274702871549 ], [ -111.775242090242102, 33.473126752378725 ], [ -111.776310465946551, 33.472978791927076 ], [ -111.776131461511227, 33.472095681296324 ], [ -111.775952461100601, 33.471212569290692 ], [ -111.777020809433665, 33.471064601839771 ], [ -111.77719982151747, 33.471947712365655 ] ] ] } },
{ "type": "Feature", "properties": { "id": "4_9", "growth_scenario": "moderate", "market_gravity_weight": 75 }, "geometry": { "type": "Polygon", "coordinates": [ [ [ -111.731075671270261, 33.47197159542646 ], [ -111.731254168881364, 33.472854776263254 ], [ -111.732322623628605, 33.472707224535242 ], [ -111.732501136930864, 33.473590402522895 ], [ -111.731432670506209, 33.473737955726733 ], [ -111.731611176144924, 33.474621133817003 ], [ -111.7305426940286, 33.474768678536329 ], [ -111.730364200067683, 33.47388549897029 ], [ -111.729295725615543, 33.474033032253502 ], [ -111.729117247345954, 33.473149849838684 ], [ -111.728048780558254, 33.473297371686051 ], [ -111.727870317979495, 33.472414186422561 ], [ -111.72893877308961, 33.472266666050679 ], [ -111.728760302846368, 33.47138348088928 ], [ -111.729828742266179, 33.471235952032799 ], [ -111.730897177672759, 33.471088413216194 ], [ -111.731965609065881, 33.470940864439619 ], [ -111.732144114340315, 33.471824045174216 ], [ -111.731075671270261, 33.47197159542646 ] ] ] } },
{ "type": "Feature", "properties": { "id": "6_0", "growth_scenario": "moderate", "market_gravity_weight": 75 }, "geometry": { "type": "Polygon", "coordinates": [ [ [ -121.489312710544141, 38.657207098481919 ], [ -121.490431241091002, 38.656970659131225 ], [ -121.491549764401142, 38.65673420965819 ], [ -121.491857207122067, 38.657594474142584 ], [ -121.492975735365349, 38.657358011753729 ], [ -121.493283197493895, 38.658218272717555 ], [ -121.492164657080238, 38.658454737899945 ], [ -121.492472114275856, 38.659315000930334 ], [ -121.491353554453866, 38.659551458783952 ], [ -121.491046109429078, 38.658691192959886 ], [ -121.489927554540714, 38.658927637897293 ], [ -121.488808992415315, 38.659164072712066 ], [ -121.488501578969803, 38.658303800574423 ], [ -121.487383021779024, 38.658540222473228 ], [ -121.487075627741135, 38.657679946815747 ], [ -121.488194172760771, 38.657443527710107 ], [ -121.487886773788006, 38.656583254118878 ], [ -121.489005299400731, 38.656346827683741 ], [ -121.489312710544141, 38.657207098481919 ] ] ] } },
{ "type": "Feature", "properties": { "id": "6_1", "growth_scenario": "moderate", "market_gravity_weight": 75 }, "geometry": { "type": "Polygon", "coordinates": [ [ [ -121.487075627741135, 38.657679946815747 ], [ -121.487383021779024, 38.658540222473228 ], [ -121.488501578969803, 38.658303800574423 ], [ -121.488808992415315, 38.659164072712066 ], [ -121.487690423053181, 38.659400497404114 ], [ -121.487997831563874, 38.660260771608584 ], [ -121.486879242793336, 38.660497188971057 ], [ -121.485760646786304, 38.660733596210541 ], [ -121.4854532626196, 38.659873316419613 ], [ -121.485145885688922, 38.65901303590244 ], [ -121.484838515994056, 38.658152754658992 ], [ -121.484531153534718, 38.657292472688958 ], [ -121.485649700854765, 38.657056076621579 ], [ -121.48676824093927, 38.656819670431517 ], [ -121.487886773788006, 38.656583254118878 ], [ -121.488194172760771, 38.657443527710107 ], [ -121.487075627741135, 38.657679946815747 ] ] ] } },
{ "type": "Feature", "properties": { "id": "6_10", "growth_scenario": "moderate", "market_gravity_weight": 75 }, "geometry": { "type": "Polygon", "coordinates": [ [ [ -121.489534982673788, 38.664562131740503 ], [ -121.490653625069214, 38.664325690286411 ], [ -121.49096108917729, 38.665185957341848 ], [ -121.491268560523864, 38.666046223671948 ], [ -121.490149893782103, 38.666282670714253 ], [ -121.490457360193929, 38.667142939113468 ], [ -121.489338674039871, 38.667379378826467 ], [ -121.488219980647301, 38.667615808415803 ], [ -121.487912538583316, 38.666755534428219 ], [ -121.48679385012673, 38.666991951099696 ], [ -121.486486427474816, 38.66613167359337 ], [ -121.487605103757346, 38.665895259715803 ], [ -121.487297676169163, 38.665034984278435 ], [ -121.488416333040348, 38.664798563071194 ], [ -121.488108900516394, 38.663938289702408 ], [ -121.489227537976774, 38.663701861165578 ], [ -121.489534982673788, 38.664562131740503 ] ] ] } },
{ "type": "Feature", "properties": { "id": "6_11", "growth_scenario": "moderate", "market_gravity_weight": 75 }, "geometry": { "type": "Polygon", "coordinates": [ [ [ -121.474463902094911, 38.659419581760098 ], [ -121.474771155000525, 38.660279888861851 ], [ -121.475078415139507, 38.661140195238076 ], [ -121.475385682512126, 38.662000500889064 ], [ -121.474267026327567, 38.662236804100964 ], [ -121.473959771129302, 38.661376495657699 ], [ -121.473652523164446, 38.660516186489389 ], [ -121.472533884095242, 38.660752473993135 ], [ -121.472226655537639, 38.659892161307468 ], [ -121.471919434212722, 38.659031847896443 ], [ -121.470800812259128, 38.659268119692847 ], [ -121.46968218307336, 38.659504381365359 ], [ -121.46937499332887, 38.658644061645695 ], [ -121.470493610340498, 38.658407802764607 ], [ -121.471612220120178, 38.658171533759848 ], [ -121.472730822667728, 38.657935254631397 ], [ -121.473849417982848, 38.657698965379439 ], [ -121.474156656422437, 38.658559273932667 ], [ -121.474463902094911, 38.659419581760098 ] ] ] } },
{ "type": "Feature", "properties": { "id": "6_12", "growth_scenario": "moderate", "market_gravity_weight": 75 }, "geometry": { "type": "Polygon", "coordinates": [ [ [ -122.267883737510616, 38.259813084081578 ], [ -122.268993677170158, 38.259569603915921 ], [ -122.270103609474731, 38.259326113721492 ], [ -122.270418493182149, 38.260184415747403 ], [ -122.270733384245048, 38.261042716913927 ], [ -122.26962342809982, 38.261286212766286 ], [ -122.269938314597752, 38.262144515902691 ], [ -122.268828339176153, 38.262388004555199 ], [ -122.267718356399058, 38.262631483178609 ], [ -122.267403493743188, 38.261773174384167 ], [ -122.267088638442374, 38.260914864730807 ], [ -122.265978672152571, 38.261158327667303 ], [ -122.265663836127473, 38.260300014326248 ], [ -122.266773790496302, 38.260056554218401 ], [ -122.266458949904759, 38.25919824284675 ], [ -122.267568884998582, 38.258954775538605 ], [ -122.267883737510616, 38.259813084081578 ] ] ] } },
{ "type": "Feature", "properties": { "id": "6_13", "growth_scenario": "moderate", "market_gravity_weight": 75 }, "geometry": { "type": "Polygon", "coordinates": [ [ [ -121.48220824023791, 38.664259992472559 ], [ -121.482515604656498, 38.665120280534282 ], [ -121.481396923774597, 38.665356648329542 ], [ -121.481704283254956, 38.66621693845979 ], [ -121.482011649971653, 38.667077227865356 ], [ -121.480892937503796, 38.66731359112336 ], [ -121.479774217799601, 38.667549944257203 ], [ -121.479466875433218, 38.666689649264853 ], [ -121.479159540302717, 38.665829353548204 ], [ -121.478852212407844, 38.664969057107086 ], [ -121.477733521993443, 38.665205391737317 ], [ -121.477426213508721, 38.664345091778607 ], [ -121.4785448917483, 38.664108759941215 ], [ -121.479663562752762, 38.66387241797991 ], [ -121.480782226521868, 38.663636065894721 ], [ -121.481089571530319, 38.664496357474583 ], [ -121.48220824023791, 38.664259992472559 ] ] ] } },
{ "type": "Feature", "properties": { "id": "6_14", "growth_scenario": "moderate", "market_gravity_weight": 75 }, "geometry": { "type": "Polygon", "coordinates": [ [ [ -121.473959771129302, 38.661376495657699 ], [ -121.474267026327567, 38.662236804100964 ], [ -121.475385682512126, 38.662000500889064 ], [ -121.475692957118611, 38.66286080581493 ], [ -121.47457428875947, 38.663097111819106 ], [ -121.474881558425267, 38.663957418812451 ], [ -121.475188835325213, 38.66481772508115 ], [ -121.475496119459521, 38.665678030625308 ], [ -121.475803410828476, 38.666538335445154 ], [ -121.476110709432334, 38.667398639540821 ], [ -121.476418015271307, 38.668258942912516 ], [ -121.475299266624134, 38.668495255548635 ], [ -121.474991972961433, 38.667634949383967 ], [ -121.474684686533635, 38.666774642495454 ], [ -121.474377407340484, 38.665914334882913 ], [ -121.474070135381751, 38.665054026546152 ], [ -121.47376287065714, 38.664193717485006 ], [ -121.473455613166436, 38.663333407699277 ], [ -121.473148362909384, 38.662473097188879 ], [ -121.472841119885729, 38.661612785953487 ], [ -121.472533884095242, 38.660752473993135 ], [ -121.473652523164446, 38.660516186489389 ], [ -121.473959771129302, 38.661376495657699 ] ] ] } },
{ "type": "Feature", "properties": { "id": "6_15", "growth_scenario": "moderate", "market_gravity_weight": 75 }, "geometry": { "type": "Polygon", "coordinates": [ [ [ -121.48679385012673, 38.666991951099696 ], [ -121.487912538583316, 38.666755534428219 ], [ -121.488219980647301, 38.667615808415803 ], [ -121.489338674039871, 38.667379378826467 ], [ -121.490457360193929, 38.667142939113468 ], [ -121.490764833844494, 38.668003206787795 ], [ -121.489646135516409, 38.668239649295174 ], [ -121.488527429949599, 38.668476081678747 ], [ -121.48740871714422, 38.668712503938437 ], [ -121.487101280016461, 38.667852227881312 ], [ -121.485982572147577, 38.668088637222993 ], [ -121.484863857040878, 38.668325036440628 ], [ -121.484556451500481, 38.667464754071176 ], [ -121.48424905319736, 38.666604470977198 ], [ -121.483941662131315, 38.665744187158637 ], [ -121.485060340714412, 38.665507796322217 ], [ -121.486179012060447, 38.665271395362133 ], [ -121.486486427474816, 38.66613167359337 ], [ -121.48679385012673, 38.666991951099696 ] ] ] } },
{ "type": "Feature", "properties": { "id": "6_16", "growth_scenario": "moderate", "market_gravity_weight": 75 }, "geometry": { "type": "Polygon", "coordinates": [ [ [ -122.265663836127473, 38.260300014326248 ], [ -122.265978672152571, 38.261158327667303 ], [ -122.267088638442374, 38.260914864730807 ], [ -122.267403493743188, 38.261773174384167 ], [ -122.26629351553224, 38.262016640149419 ], [ -122.266608366266667, 38.262874951772773 ], [ -122.265498368779248, 38.26311841033764 ], [ -122.265183529966478, 38.262260095885452 ], [ -122.264073537046173, 38.26250354159216 ], [ -122.26375871750966, 38.26164522345276 ], [ -122.263443905327208, 38.260786904454569 ], [ -122.262333928896226, 38.261030334474917 ], [ -122.262019135989064, 38.260172011789599 ], [ -122.263129100498588, 38.259928584597567 ], [ -122.264239057654521, 38.259685147376352 ], [ -122.265349007456649, 38.259441700126025 ], [ -122.266458949904759, 38.25919824284675 ], [ -122.266773790496302, 38.260056554218401 ], [ -122.265663836127473, 38.260300014326248 ] ] ] } },
{ "type": "Feature", "properties": { "id": "6_17", "growth_scenario": "moderate", "market_gravity_weight": 75 }, "geometry": { "type": "Polygon", "coordinates": [ [ [ -121.470824199686348, 38.669440404845417 ], [ -121.470516954731309, 38.668580087509831 ], [ -121.471635720140327, 38.668343818165553 ], [ -121.472754478315196, 38.668107538696404 ], [ -121.473873229255645, 38.667871249102561 ], [ -121.474991972961433, 38.667634949383967 ], [ -121.475299266624134, 38.668495255548635 ], [ -121.476418015271307, 38.668258942912516 ], [ -121.47672532834568, 38.669119245560438 ], [ -121.477032648655694, 38.669979547484651 ], [ -121.477339976201577, 38.670839848685439 ], [ -121.476221191024081, 38.67107616970106 ], [ -121.475913875655223, 38.670215865706993 ], [ -121.475606567521979, 38.669355560989587 ], [ -121.474487799462878, 38.669591866294027 ], [ -121.473369024168619, 38.669828161473603 ], [ -121.472250241639429, 38.670064446528201 ], [ -121.471942977272676, 38.669204132708572 ], [ -121.470824199686348, 38.669440404845417 ] ] ] } },
{ "type": "Feature", "properties": { "id": "6_18", "growth_scenario": "moderate", "market_gravity_weight": 75 }, "geometry": { "type": "Polygon", "coordinates": [ [ [ -121.532654139104039, 38.657290567134368 ], [ -121.532962067934747, 38.658150729288764 ], [ -121.531843657022122, 38.658387553632444 ], [ -121.532151580936173, 38.659247717855088 ], [ -121.532459512098086, 38.660107881348637 ], [ -121.531341069608004, 38.660344701167396 ], [ -121.531033150611108, 38.659484534876157 ], [ -121.530725238861862, 38.658624367855957 ], [ -121.529606813454237, 38.658861171959323 ], [ -121.529914713038409, 38.659721341776965 ], [ -121.528796268218329, 38.6599581385574 ], [ -121.528488380799416, 38.659097965942308 ], [ -121.528180500627428, 38.658237792598449 ], [ -121.527872627702067, 38.65737761852543 ], [ -121.52899103602698, 38.657140830136804 ], [ -121.530109437105281, 38.656904031628024 ], [ -121.531227830936672, 38.656667222999197 ], [ -121.531535740355693, 38.657527388680514 ], [ -121.532654139104039, 38.657290567134368 ] ] ] } },
{ "type": "Feature", "properties": { "id": "6_19", "growth_scenario": "moderate", "market_gravity_weight": 75 }, "geometry": { "type": "Polygon", "coordinates": [ [ [ -121.986938721347485, 37.495423020362445 ], [ -121.987247091128623, 37.496282166957847 ], [ -121.986147641700626, 37.496523135880174 ], [ -121.986456006897782, 37.497382284196618 ], [ -121.985356538615406, 37.497623245887176 ], [ -121.985048185137657, 37.496764094845368 ], [ -121.983948721439987, 37.497005043853356 ], [ -121.983640386816376, 37.496145889082193 ], [ -121.983332059327054, 37.495286733306699 ], [ -121.983023738971738, 37.494427576526753 ], [ -121.984123167511868, 37.494186635693978 ], [ -121.985222588917978, 37.493945684904205 ], [ -121.986322003189827, 37.493704724157524 ], [ -121.986630358701305, 37.494563872762349 ], [ -121.986938721347485, 37.495423020362445 ] ] ] } },
{ "type": "Feature", "properties": { "id": "6_2", "growth_scenario": "moderate", "market_gravity_weight": 75 }, "geometry": { "type": "Polygon", "coordinates": [ [ [ -121.937860595924974, 37.424626813150724 ], [ -121.938168104723786, 37.425486103063086 ], [ -121.937069543468922, 37.425726633570157 ], [ -121.937377047673067, 37.426585925179992 ], [ -121.936278467604481, 37.426826448449006 ], [ -121.93597097510478, 37.425967154125367 ], [ -121.934872399631558, 37.426207664728587 ], [ -121.934564925945367, 37.425348366675109 ], [ -121.934257459367785, 37.424489067605506 ], [ -121.933949999898545, 37.423629767519465 ], [ -121.935048540259103, 37.423389265056741 ], [ -121.936147073511279, 37.423148752642334 ], [ -121.937245599654901, 37.422908230276256 ], [ -121.937553094235426, 37.423767522221894 ], [ -121.937860595924974, 37.424626813150724 ] ] ] } },
{ "type": "Feature", "properties": { "id": "6_20", "growth_scenario": "moderate", "market_gravity_weight": 75 }, "geometry": { "type": "Polygon", "coordinates": [ [ [ -121.533270004013346, 38.659010890713773 ], [ -121.534388419842401, 38.658774053452369 ], [ -121.534696375333667, 38.659634211350358 ], [ -121.535004338073506, 38.660494368519203 ], [ -121.535312308062203, 38.661354524959087 ], [ -121.535620285300013, 38.662214680670168 ], [ -121.534501820811357, 38.662451529123622 ], [ -121.533383349073603, 38.66268836745666 ], [ -121.533075396166552, 38.661828206149238 ], [ -121.532767450508132, 38.660968044113297 ], [ -121.531648995852791, 38.661204866729847 ], [ -121.531341069608004, 38.660344701167396 ], [ -121.532459512098086, 38.660107881348637 ], [ -121.532151580936173, 38.659247717855088 ], [ -121.531843657022122, 38.658387553632444 ], [ -121.532962067934747, 38.658150729288764 ], [ -121.533270004013346, 38.659010890713773 ] ] ] } },
{ "type": "Feature", "properties": { "id": "6_3", "growth_scenario": "moderate", "market_gravity_weight": 75 }, "geometry": { "type": "Polygon", "coordinates": [ [ [ -121.492472114275856, 38.659315000930334 ], [ -121.492779578709218, 38.660175263234095 ], [ -121.493087050380566, 38.661035524811268 ], [ -121.491968466216107, 38.661271988252473 ], [ -121.492275932954072, 38.662132251897241 ], [ -121.491157329379817, 38.662368708009531 ], [ -121.490849874813676, 38.661508441570852 ], [ -121.489731276173472, 38.661744884766371 ], [ -121.489423841016929, 38.660884614807884 ], [ -121.489116413097605, 38.660024344123173 ], [ -121.487997831563874, 38.660260771608584 ], [ -121.487690423053181, 38.659400497404114 ], [ -121.488808992415315, 38.659164072712066 ], [ -121.489927554540714, 38.658927637897293 ], [ -121.491046109429078, 38.658691192959886 ], [ -121.491353554453866, 38.659551458783952 ], [ -121.492472114275856, 38.659315000930334 ] ] ] } },
{ "type": "Feature", "properties": { "id": "6_4", "growth_scenario": "moderate", "market_gravity_weight": 75 }, "geometry": { "type": "Polygon", "coordinates": [ [ [ -121.929555767377408, 37.424591677850941 ], [ -121.929863180028221, 37.425450988789791 ], [ -121.930170599786493, 37.426310298712679 ], [ -121.930478026652494, 37.427169607619867 ], [ -121.930785460626396, 37.428028915511383 ], [ -121.93109290170851, 37.428888222387492 ], [ -121.929994267281344, 37.429128688656235 ], [ -121.929686837905322, 37.428269379066698 ], [ -121.929379415637285, 37.427410068461796 ], [ -121.92828079751439, 37.427650519351239 ], [ -121.927973394059933, 37.426791205017707 ], [ -121.926874780535655, 37.427031643241435 ], [ -121.926567395894395, 37.426172325179451 ], [ -121.927665997712751, 37.425931889668625 ], [ -121.928764592424102, 37.425691444205398 ], [ -121.9284571914785, 37.424832130553511 ], [ -121.92814979763989, 37.423972815885733 ], [ -121.929248361833814, 37.423732365895972 ], [ -121.930346918920762, 37.423491905954151 ], [ -121.930654336169098, 37.424351215196126 ], [ -121.929555767377408, 37.424591677850941 ] ] ] } },
{ "type": "Feature", "properties": { "id": "6_5", "growth_scenario": "moderate", "market_gravity_weight": 75 }, "geometry": { "type": "Polygon", "coordinates": [ [ [ -121.928895625745966, 37.429369144972291 ], [ -121.929994267281344, 37.429128688656235 ], [ -121.93109290170851, 37.428888222387492 ], [ -121.932191529027264, 37.428647746166156 ], [ -121.933290149237351, 37.428407259992255 ], [ -121.934388762338571, 37.428166763866031 ], [ -121.934696245646649, 37.42902606158566 ], [ -121.935003736064047, 37.429885358289809 ], [ -121.93390509955141, 37.430125859843812 ], [ -121.932806455929381, 37.430366351445223 ], [ -121.931707805198229, 37.430606833093947 ], [ -121.930609147358197, 37.430847304789957 ], [ -121.929510482409484, 37.431087766533089 ], [ -121.929203050523626, 37.430228456260174 ], [ -121.928895625745966, 37.429369144972291 ] ] ] } },
{ "type": "Feature", "properties": { "id": "6_6", "growth_scenario": "moderate", "market_gravity_weight": 75 }, "geometry": { "type": "Polygon", "coordinates": [ [ [ -121.483055078327368, 38.63632402593413 ], [ -121.484173309620118, 38.636087643467285 ], [ -121.484480578722241, 38.636947925452617 ], [ -121.483362335264857, 38.637184310710019 ], [ -121.48366959943337, 38.638044594754859 ], [ -121.483976870833118, 38.638904878068828 ], [ -121.48285859581425, 38.63914125878722 ], [ -121.481740313564075, 38.639377629384875 ], [ -121.480622024082891, 38.639613989861779 ], [ -121.480314789179957, 38.638753698175947 ], [ -121.480007561507563, 38.637893405759506 ], [ -121.481125826657276, 38.637657050863524 ], [ -121.480818594049808, 38.636796760506748 ], [ -121.481936839803836, 38.636560398280615 ], [ -121.481629602261748, 38.635700109983084 ], [ -121.482747828620617, 38.635463740426964 ], [ -121.483055078327368, 38.63632402593413 ] ] ] } },
{ "type": "Feature", "properties": { "id": "6_7", "growth_scenario": "moderate", "market_gravity_weight": 75 }, "geometry": { "type": "Polygon", "coordinates": [ [ [ -121.489731276173472, 38.661744884766371 ], [ -121.490849874813676, 38.661508441570852 ], [ -121.491157329379817, 38.662368708009531 ], [ -121.490038718567547, 38.662605153998854 ], [ -121.49034616819938, 38.663465422505496 ], [ -121.489227537976774, 38.663701861165578 ], [ -121.488920100517518, 38.66284158986511 ], [ -121.487801475229986, 38.663078015608157 ], [ -121.487494057180811, 38.662217740788321 ], [ -121.486375436828851, 38.662454153614618 ], [ -121.486068038189302, 38.6615938752755 ], [ -121.485760646786304, 38.660733596210541 ], [ -121.486879242793336, 38.660497188971057 ], [ -121.487997831563874, 38.660260771608584 ], [ -121.489116413097605, 38.660024344123173 ], [ -121.489423841016929, 38.660884614807884 ], [ -121.489731276173472, 38.661744884766371 ] ] ] } },
{ "type": "Feature", "properties": { "id": "6_8", "growth_scenario": "moderate", "market_gravity_weight": 75 }, "geometry": { "type": "Polygon", "coordinates": [ [ [ -121.493394529290129, 38.661895785662047 ], [ -121.493702015438188, 38.662756045786622 ], [ -121.492583406930308, 38.66299251481589 ], [ -121.492890888145013, 38.663852777008643 ], [ -121.493198376598457, 38.664713038475639 ], [ -121.492079736507236, 38.664949502970394 ], [ -121.492387220026885, 38.665809766506172 ], [ -121.491268560523864, 38.666046223671948 ], [ -121.49096108917729, 38.665185957341848 ], [ -121.490653625069214, 38.664325690286411 ], [ -121.489534982673788, 38.664562131740503 ], [ -121.489227537976774, 38.663701861165578 ], [ -121.49034616819938, 38.663465422505496 ], [ -121.490038718567547, 38.662605153998854 ], [ -121.491157329379817, 38.662368708009531 ], [ -121.492275932954072, 38.662132251897241 ], [ -121.491968466216107, 38.661271988252473 ], [ -121.493087050380566, 38.661035524811268 ], [ -121.493394529290129, 38.661895785662047 ] ] ] } },
{ "type": "Feature", "properties": { "id": "6_9", "growth_scenario": "moderate", "market_gravity_weight": 75 }, "geometry": { "type": "Polygon", "coordinates": [ [ [ -121.486375436828851, 38.662454153614618 ], [ -121.487494057180811, 38.662217740788321 ], [ -121.487801475229986, 38.663078015608157 ], [ -121.488920100517518, 38.66284158986511 ], [ -121.489227537976774, 38.663701861165578 ], [ -121.488108900516394, 38.663938289702408 ], [ -121.488416333040348, 38.664798563071194 ], [ -121.487297676169163, 38.665034984278435 ], [ -121.487605103757346, 38.665895259715803 ], [ -121.486486427474816, 38.66613167359337 ], [ -121.486179012060447, 38.665271395362133 ], [ -121.485871603883353, 38.664411116405894 ], [ -121.484752944711133, 38.664647514572366 ], [ -121.484445555944646, 38.663787232097398 ], [ -121.485564202943294, 38.663550836724404 ], [ -121.485256809240042, 38.66269055631755 ], [ -121.484949422773354, 38.661830275185103 ], [ -121.486068038189302, 38.6615938752755 ], [ -121.486375436828851, 38.662454153614618 ] ] ] } },
{ "type": "Feature", "properties": { "id": "8_0", "growth_scenario": "moderate", "market_gravity_weight": 75 }, "geometry": { "type": "Polygon", "coordinates": [ [ [ -104.784177880840019, 38.984646204790245 ], [ -104.784285434214183, 38.985534595497938 ], [ -104.784392990214641, 38.986422986233904 ], [ -104.784500548841493, 38.987311376998456 ], [ -104.783340249844727, 38.987393725664859 ], [ -104.783447797053043, 38.988282117474924 ], [ -104.782287481385026, 38.988364456312212 ], [ -104.78217994822181, 38.987476063485516 ], [ -104.781019643973082, 38.987558390460428 ], [ -104.780912127480534, 38.986669996646128 ], [ -104.78080461361337, 38.985781602860513 ], [ -104.781964889772709, 38.985699277918442 ], [ -104.781857364486626, 38.98481088517768 ], [ -104.783017623976249, 38.984728550406615 ], [ -104.782910087271944, 38.983840158710564 ], [ -104.78407033009205, 38.983757814110739 ], [ -104.784177880840019, 38.984646204790245 ] ] ] } },
{ "type": "Feature", "properties": { "id": "8_1", "growth_scenario": "moderate", "market_gravity_weight": 75 }, "geometry": { "type": "Polygon", "coordinates": [ [ [ -105.016631020875764, 39.988863609887503 ], [ -105.015454799920334, 39.988948154910048 ], [ -105.015566721197686, 39.989836623374984 ], [ -105.0156786452456, 39.990725092117707 ], [ -105.014502392666401, 39.990809628311631 ], [ -105.013326137316909, 39.990894153512102 ], [ -105.012149879197423, 39.990978667719105 ], [ -105.012037998430301, 39.990090195729984 ], [ -105.013214242122743, 39.990005682604988 ], [ -105.013102349698443, 39.989117211975831 ], [ -105.012990460043895, 39.988228741624475 ], [ -105.014166672113674, 39.98814421967014 ], [ -105.0140547708029, 39.987255750678301 ], [ -105.015230965676878, 39.987171218813103 ], [ -105.016407157780606, 39.98708667595502 ], [ -105.016519087942839, 39.987975142782545 ], [ -105.016631020875764, 39.988863609887503 ] ] ] } },
{ "type": "Feature", "properties": { "id": "8_2", "growth_scenario": "moderate", "market_gravity_weight": 75 }, "geometry": { "type": "Polygon", "coordinates": [ [ [ -104.78355534688761, 38.989170509314114 ], [ -104.784715673974745, 38.989088158614123 ], [ -104.785875998435188, 38.989005797068295 ], [ -104.785983578987356, 38.989894186902859 ], [ -104.784823240481316, 38.989976549465695 ], [ -104.784930809614679, 38.990864940346697 ], [ -104.783770454435853, 38.990947293080396 ], [ -104.783878012149714, 38.991835685008034 ], [ -104.782717640297903, 38.991918027912256 ], [ -104.782610096630492, 38.991029634967859 ], [ -104.781449736198951, 38.991111966009029 ], [ -104.781342209203927, 38.990223572077774 ], [ -104.78018186019284, 38.990305891256142 ], [ -104.780074349869565, 38.989417496337992 ], [ -104.781234684834686, 38.989335178176006 ], [ -104.782395017174153, 38.989252849168039 ], [ -104.782287481385026, 38.988364456312212 ], [ -104.783447797053043, 38.988282117474924 ], [ -104.78355534688761, 38.989170509314114 ] ] ] } },
{ "type": "Feature", "properties": { "id": "12_0", "growth_scenario": "moderate", "market_gravity_weight": 75 }, "geometry": { "type": "Polygon", "coordinates": [ [ [ -80.309852773469771, 25.96500921701886 ], [ -80.309690159728319, 25.965907777016508 ], [ -80.309527542646833, 25.966806334244012 ], [ -80.3085515699468, 25.96665661046957 ], [ -80.308714196772968, 25.965758054360762 ], [ -80.307738237157821, 25.965608322407324 ], [ -80.307575600587086, 25.966506877397308 ], [ -80.306599634567888, 25.966357135027319 ], [ -80.305623671889393, 25.966207383359624 ], [ -80.305786327948951, 25.965308830607423 ], [ -80.304810378355612, 25.96515907076104 ], [ -80.304973040818453, 25.964260516357449 ], [ -80.305948980667722, 25.964410275084855 ], [ -80.30611163004582, 25.96351171679181 ], [ -80.307087563491791, 25.963661465102902 ], [ -80.306924923857693, 25.964560024514764 ], [ -80.307900870388139, 25.964709764647139 ], [ -80.308876820258888, 25.964859495481793 ], [ -80.309039440404717, 25.963960933832439 ], [ -80.310015383871303, 25.964110654250849 ], [ -80.309852773469771, 25.96500921701886 ] ] ] } },
{ "type": "Feature", "properties": { "id": "12_1", "growth_scenario": "moderate", "market_gravity_weight": 75 }, "geometry": { "type": "Polygon", "coordinates": [ [ [ -80.305623671889393, 25.966207383359624 ], [ -80.306599634567888, 25.966357135027319 ], [ -80.307575600587086, 25.966506877397308 ], [ -80.307412960675862, 25.967405429617159 ], [ -80.307250317424007, 25.968303979067105 ], [ -80.306274331915304, 25.968154234459256 ], [ -80.305298349747503, 25.968004480553567 ], [ -80.304322370920801, 25.967854717350097 ], [ -80.303346395435383, 25.967704944848872 ], [ -80.303509077665993, 25.966806399875168 ], [ -80.302533115266471, 25.966656619195398 ], [ -80.302695803899965, 25.965758072570697 ], [ -80.303671756555232, 25.965907852131267 ], [ -80.30464771255177, 25.966057622394281 ], [ -80.304810378355612, 25.96515907076104 ], [ -80.305786327948951, 25.965308830607423 ], [ -80.305623671889393, 25.966207383359624 ] ] ] } },
{ "type": "Feature", "properties": { "id": "12_2", "growth_scenario": "moderate", "market_gravity_weight": 75 }, "geometry": { "type": "Polygon", "coordinates": [ [ [ -80.307250199785514, 25.962762902920367 ], [ -80.308226126827961, 25.962912640815222 ], [ -80.308063500278152, 25.963811204116471 ], [ -80.307087563491791, 25.963661465102902 ], [ -80.30611163004582, 25.96351171679181 ], [ -80.305948980667722, 25.964410275084855 ], [ -80.304973040818453, 25.964260516357449 ], [ -80.304810378355612, 25.96515907076104 ], [ -80.30383443210323, 25.965009301617119 ], [ -80.303997104310056, 25.964110748332509 ], [ -80.304159773175812, 25.963212192277247 ], [ -80.305135699940436, 25.963361959183285 ], [ -80.305298355721646, 25.962463399238345 ], [ -80.305461008162183, 25.961564836522612 ], [ -80.30562365726216, 25.960666271035798 ], [ -80.306599558137023, 25.960816025288025 ], [ -80.307575462352162, 25.960965770242925 ], [ -80.307412832738919, 25.961864337967128 ], [ -80.307250199785514, 25.962762902920367 ] ] ] } },
{ "type": "Feature", "properties": { "id": "13_0", "growth_scenario": "moderate", "market_gravity_weight": 75 }, "geometry": { "type": "Polygon", "coordinates": [ [ [ -83.71000025911232, 33.608848716843774 ], [ -83.711076342384558, 33.608964166121602 ], [ -83.710936409394506, 33.609851941908296 ], [ -83.710796473235376, 33.610739716444918 ], [ -83.709720366005229, 33.610624264833369 ], [ -83.708644261944514, 33.610508803150978 ], [ -83.707568161053487, 33.610393331397638 ], [ -83.707708133149524, 33.609505560361818 ], [ -83.707848102075715, 33.608617788075847 ], [ -83.707988067832162, 33.607730014539477 ], [ -83.708128030418962, 33.606842239752488 ], [ -83.709204083396102, 33.606957706837996 ], [ -83.710280139542519, 33.607073163852952 ], [ -83.710140200911965, 33.607960940973598 ], [ -83.71000025911232, 33.608848716843774 ] ] ] } },
{ "type": "Feature", "properties": { "id": "13_1", "growth_scenario": "moderate", "market_gravity_weight": 75 }, "geometry": { "type": "Polygon", "coordinates": [ [ [ -84.440773625315217, 33.910279430635953 ], [ -84.441854910776655, 33.910388006245135 ], [ -84.441722748511495, 33.911276286849983 ], [ -84.441590583238778, 33.912164566283721 ], [ -84.440509273538751, 33.912055988453147 ], [ -84.439427966846637, 33.911947400500289 ], [ -84.438346663162719, 33.911838802425265 ], [ -84.437265362487253, 33.911730194228035 ], [ -84.436184064820509, 33.911621575908647 ], [ -84.435102770162757, 33.911512947467187 ], [ -84.434021478514254, 33.911404308903663 ], [ -84.434153728620842, 33.910516037247007 ], [ -84.435235008150528, 33.910624674699278 ], [ -84.436316290689362, 33.910733302029556 ], [ -84.437397576237089, 33.910841919237811 ], [ -84.438478864793424, 33.91095052632398 ], [ -84.439560156358127, 33.91105912328814 ], [ -84.439692342861505, 33.910170844904748 ], [ -84.439824526356915, 33.909282565349912 ], [ -84.440905796691837, 33.909391149970403 ], [ -84.440773625315217, 33.910279430635953 ] ] ] } },
{ "type": "Feature", "properties": { "id": "13_10", "growth_scenario": "moderate", "market_gravity_weight": 75 }, "geometry": { "type": "Polygon", "coordinates": [ [ [ -84.550349960710577, 33.680514014257966 ], [ -84.550219417326446, 33.681402688386747 ], [ -84.551297693587458, 33.681510273505729 ], [ -84.551167159296199, 33.682398947510357 ], [ -84.551036622042716, 33.683287620299673 ], [ -84.549958321670871, 33.683180032997775 ], [ -84.550088870979906, 33.682291361299946 ], [ -84.549010585626121, 33.68218376499069 ], [ -84.548880024261635, 33.683072435596891 ], [ -84.548749459934285, 33.683961104987802 ], [ -84.54767115343229, 33.683853496396232 ], [ -84.547801729815262, 33.682964828097006 ], [ -84.547932303235086, 33.682076158582525 ], [ -84.546854023807086, 33.681968542075502 ], [ -84.546984606318858, 33.681079872437259 ], [ -84.548062873691876, 33.681187487852476 ], [ -84.548193441185745, 33.680298815906781 ], [ -84.549271699466871, 33.680406420131739 ], [ -84.549402251943363, 33.679517745878613 ], [ -84.550480501132398, 33.679625338913418 ], [ -84.550349960710577, 33.680514014257966 ] ] ] } },
{ "type": "Feature", "properties": { "id": "13_11", "growth_scenario": "moderate", "market_gravity_weight": 75 }, "geometry": { "type": "Polygon", "coordinates": [ [ [ -84.551950320613699, 33.677066885245829 ], [ -84.551819801132126, 33.677955565329931 ], [ -84.551689278688812, 33.678844244197848 ], [ -84.551558753283658, 33.679732921849606 ], [ -84.552637008396843, 33.679840494687156 ], [ -84.552506492084618, 33.680729172214363 ], [ -84.553584762214413, 33.680836736044391 ], [ -84.553454254995629, 33.681725413447097 ], [ -84.552375972810609, 33.681617848525839 ], [ -84.551297693587458, 33.681510273505729 ], [ -84.551428224916577, 33.680621598285526 ], [ -84.550349960710577, 33.680514014257966 ], [ -84.550480501132398, 33.679625338913418 ], [ -84.549402251943363, 33.679517745878613 ], [ -84.548324005716779, 33.679410142745226 ], [ -84.548454567285077, 33.67852146836762 ], [ -84.549532801457374, 33.678629070409549 ], [ -84.550611038592038, 33.678736662352911 ], [ -84.550741573089567, 33.677847984576324 ], [ -84.5508721046251, 33.676959305583374 ], [ -84.551002633198735, 33.676070625374003 ], [ -84.55208083713363, 33.676178203945227 ], [ -84.551950320613699, 33.677066885245829 ] ] ] } },
{ "type": "Feature", "properties": { "id": "13_12", "growth_scenario": "moderate", "market_gravity_weight": 75 }, "geometry": { "type": "Polygon", "coordinates": [ [ [ -84.622324955187963, 33.85445162198365 ], [ -84.622194939721908, 33.855340171788491 ], [ -84.623275714979329, 33.855447059083225 ], [ -84.62435649319373, 33.855553936257898 ], [ -84.624226498997515, 33.856442487067127 ], [ -84.625307292282358, 33.856549355212962 ], [ -84.625177307243291, 33.857437905935384 ], [ -84.625047319247557, 33.858326455479876 ], [ -84.623966501734515, 33.858219585151417 ], [ -84.624096501844477, 33.857331036698255 ], [ -84.623015699402586, 33.857224157340838 ], [ -84.623145708669497, 33.856335608801125 ], [ -84.622064921298573, 33.856228720414911 ], [ -84.621934899917889, 33.857117267863124 ], [ -84.620854103390656, 33.857010368265215 ], [ -84.620984136885014, 33.856121821908573 ], [ -84.621114167421752, 33.855233274373632 ], [ -84.620033398079102, 33.855126366838853 ], [ -84.620163437771339, 33.854237819217111 ], [ -84.621244195000955, 33.85434472566034 ], [ -84.621374219622723, 33.853456175768308 ], [ -84.622454967696882, 33.853563071000202 ], [ -84.622324955187963, 33.85445162198365 ] ] ] } },
{ "type": "Feature", "properties": { "id": "13_13", "growth_scenario": "moderate", "market_gravity_weight": 75 }, "geometry": { "type": "Polygon", "coordinates": [ [ [ -84.640579720357167, 33.767013119200129 ], [ -84.641659300345495, 33.767119847033499 ], [ -84.642738883279435, 33.767226564756292 ], [ -84.642609244695478, 33.768115239714241 ], [ -84.643688842662314, 33.768221948412624 ], [ -84.643559213220655, 33.76911062326085 ], [ -84.642479603166066, 33.769003913476318 ], [ -84.641399996057018, 33.768897193581012 ], [ -84.640320391893837, 33.768790463574994 ], [ -84.639240790676766, 33.768683723458267 ], [ -84.638161192406045, 33.768576973230893 ], [ -84.637081597081973, 33.768470212892929 ], [ -84.637211299048772, 33.767581544563058 ], [ -84.63829088228556, 33.767688303814388 ], [ -84.639370468468897, 33.767795052955236 ], [ -84.639500143314763, 33.766906381256256 ], [ -84.639629815214462, 33.766017708361176 ], [ -84.640709380169923, 33.766124445218693 ], [ -84.640579720357167, 33.767013119200129 ] ] ] } },
{ "type": "Feature", "properties": { "id": "13_2", "growth_scenario": "moderate", "market_gravity_weight": 75 }, "geometry": { "type": "Polygon", "coordinates": [ [ [ -84.888790666001782, 32.502296334086935 ], [ -84.888665839653555, 32.503186959699129 ], [ -84.888541010513407, 32.504077583866426 ], [ -84.888416178581281, 32.50496820658914 ], [ -84.887353397183404, 32.504863590094253 ], [ -84.887228550737689, 32.505754210356002 ], [ -84.886165760410762, 32.505649582866475 ], [ -84.885102972876538, 32.505544945398889 ], [ -84.885227842764976, 32.504654327170293 ], [ -84.884165069744924, 32.50454968074127 ], [ -84.884289948561474, 32.503659062084743 ], [ -84.88535270986057, 32.503763707497107 ], [ -84.886415473952425, 32.503868342931497 ], [ -84.886540326534458, 32.50297772079697 ], [ -84.887603081697918, 32.503082345236976 ], [ -84.887727919766874, 32.502191720641136 ], [ -84.887852755043795, 32.501301094600265 ], [ -84.888915489558201, 32.501405707029804 ], [ -84.888790666001782, 32.502296334086935 ] ] ] } },
{ "type": "Feature", "properties": { "id": "13_3", "growth_scenario": "moderate", "market_gravity_weight": 75 }, "geometry": { "type": "Polygon", "coordinates": [ [ [ -83.70190763066158, 33.611591348216422 ], [ -83.702047668992975, 33.610703585517676 ], [ -83.703123766010179, 33.610819108792505 ], [ -83.704199866198493, 33.610934621996471 ], [ -83.705275969557661, 33.611050125129665 ], [ -83.706352076087413, 33.611165618191933 ], [ -83.707428185787506, 33.611281101183344 ], [ -83.707288207351439, 33.612168869719206 ], [ -83.7071482257452, 33.613056637005386 ], [ -83.706072092086302, 33.612941151679465 ], [ -83.704995961597945, 33.612825656282446 ], [ -83.704855952861934, 33.613713419984315 ], [ -83.703779813564779, 33.613597913348734 ], [ -83.703919834280384, 33.612710150814387 ], [ -83.702843710133891, 33.6125946352753 ], [ -83.70298373965764, 33.611706872658822 ], [ -83.70190763066158, 33.611591348216422 ] ] ] } },
{ "type": "Feature", "properties": { "id": "13_4", "growth_scenario": "moderate", "market_gravity_weight": 75 }, "geometry": { "type": "Polygon", "coordinates": [ [ [ -83.711592725767986, 33.612630705642829 ], [ -83.711452792080991, 33.613518477597189 ], [ -83.710376645742542, 33.613403032556114 ], [ -83.710236696906094, 33.614290802094189 ], [ -83.709160541757015, 33.614175345814743 ], [ -83.708084389777795, 33.614059879463994 ], [ -83.708224362574384, 33.613172112260123 ], [ -83.7071482257452, 33.613056637005386 ], [ -83.707288207351439, 33.612168869719206 ], [ -83.708364332200972, 33.612284343806806 ], [ -83.708504298657644, 33.611396574103779 ], [ -83.709580414697598, 33.611512036953208 ], [ -83.71065653390707, 33.611627489731653 ], [ -83.711732656285847, 33.611742932438993 ], [ -83.71280878183363, 33.61185836507525 ], [ -83.712668863295576, 33.612746139445839 ], [ -83.711592725767986, 33.612630705642829 ] ] ] } },
{ "type": "Feature", "properties": { "id": "13_5", "growth_scenario": "moderate", "market_gravity_weight": 75 }, "geometry": { "type": "Polygon", "coordinates": [ [ [ -84.156080242130926, 33.927326055877352 ], [ -84.155944799503757, 33.928213986566462 ], [ -84.154863669721053, 33.928102741595225 ], [ -84.153782543020355, 33.92799148650667 ], [ -84.15364707309881, 33.928879413744653 ], [ -84.153511600094916, 33.929767339808222 ], [ -84.152430452263886, 33.929656072325386 ], [ -84.151349307515559, 33.929544794725068 ], [ -84.151484804732206, 33.928656870938681 ], [ -84.151620298865978, 33.927768945977824 ], [ -84.151755789916933, 33.926881019842348 ], [ -84.15283689834709, 33.926992294026874 ], [ -84.152972374209838, 33.926104365578126 ], [ -84.154053473616756, 33.926215628507038 ], [ -84.155134576105723, 33.926326881318907 ], [ -84.154999124454349, 33.927214812044362 ], [ -84.156080242130926, 33.927326055877352 ] ] ] } },
{ "type": "Feature", "properties": { "id": "13_6", "growth_scenario": "moderate", "market_gravity_weight": 75 }, "geometry": { "type": "Polygon", "coordinates": [ [ [ -83.708407946084108, 33.605066686426149 ], [ -83.708267989836244, 33.605954463714781 ], [ -83.708128030418962, 33.606842239752488 ], [ -83.707051980611354, 33.606726762596551 ], [ -83.705975933973548, 33.606611275370199 ], [ -83.704899890505772, 33.606495778073381 ], [ -83.703823850208323, 33.606380270706282 ], [ -83.703963857535797, 33.605492499336876 ], [ -83.704103861692801, 33.604604726716353 ], [ -83.705179878035736, 33.604720231749099 ], [ -83.705319867045517, 33.60383245671013 ], [ -83.706395874581588, 33.603947950505685 ], [ -83.707471885287376, 33.604063434231108 ], [ -83.707331920231653, 33.604951211604039 ], [ -83.708407946084108, 33.605066686426149 ] ] ] } },
{ "type": "Feature", "properties": { "id": "13_7", "growth_scenario": "moderate", "market_gravity_weight": 75 }, "geometry": { "type": "Polygon", "coordinates": [ [ [ -84.572212311260685, 33.904471950482879 ], [ -84.573293698035116, 33.904579298230097 ], [ -84.574375087783011, 33.904686635852798 ], [ -84.574244443017136, 33.905575073546203 ], [ -84.575325847864065, 33.905682402142219 ], [ -84.575195212251003, 33.906570839764278 ], [ -84.574113795277967, 33.906463510070353 ], [ -84.573032381278338, 33.906356170251648 ], [ -84.572901718439496, 33.907244604508676 ], [ -84.571820295287367, 33.907137253467127 ], [ -84.571950970252388, 33.906248820308285 ], [ -84.570869562200357, 33.906141460240214 ], [ -84.569788157122559, 33.906034090047513 ], [ -84.569918853365138, 33.905145657916037 ], [ -84.57100024631724, 33.905253027010389 ], [ -84.571130927460004, 33.904364592611216 ], [ -84.571261605628763, 33.903476157042476 ], [ -84.572342977304189, 33.903583513816066 ], [ -84.572212311260685, 33.904471950482879 ] ] ] } },
{ "type": "Feature", "properties": { "id": "13_8", "growth_scenario": "moderate", "market_gravity_weight": 75 }, "geometry": { "type": "Polygon", "coordinates": [ [ [ -83.714304611214033, 33.609310453530348 ], [ -83.713228518435699, 33.609195034464939 ], [ -83.713088609403584, 33.610082812584928 ], [ -83.712012507814634, 33.609967382282065 ], [ -83.711872583634701, 33.610855157985455 ], [ -83.710796473235376, 33.610739716444918 ], [ -83.710936409394506, 33.609851941908296 ], [ -83.711076342384558, 33.608964166121602 ], [ -83.71000025911232, 33.608848716843774 ], [ -83.710140200911965, 33.607960940973598 ], [ -83.711216272205675, 33.608076389084687 ], [ -83.711356198857928, 33.607188610797351 ], [ -83.712432261342073, 33.60730404767115 ], [ -83.713508326994713, 33.607419474474362 ], [ -83.714584395815564, 33.607534891206846 ], [ -83.714444505098825, 33.60842267299369 ], [ -83.714304611214033, 33.609310453530348 ] ] ] } },
{ "type": "Feature", "properties": { "id": "13_9", "growth_scenario": "moderate", "market_gravity_weight": 75 }, "geometry": { "type": "Polygon", "coordinates": [ [ [ -84.552496300926435, 33.792530251539617 ], [ -84.553576112511607, 33.792637799369842 ], [ -84.553445418622388, 33.793526343859824 ], [ -84.552365594947517, 33.793418794933991 ], [ -84.551285774242984, 33.793311235896766 ], [ -84.551155053203843, 33.794199777002774 ], [ -84.551024329193979, 33.795088316916299 ], [ -84.549944487280271, 33.794980745575984 ], [ -84.548864648337613, 33.794873164124091 ], [ -84.548995396527459, 33.793984626402398 ], [ -84.547915572645991, 33.793877035935068 ], [ -84.548046329954147, 33.792988498116735 ], [ -84.549126141746044, 33.793096087488124 ], [ -84.549256883993479, 33.792207547380968 ], [ -84.550336686667094, 33.792315125545102 ], [ -84.551416492311517, 33.792422693598041 ], [ -84.551547207409527, 33.791534150106393 ], [ -84.5526270039351, 33.791641706952362 ], [ -84.552496300926435, 33.792530251539617 ] ] ] } },
{ "type": "Feature", "properties": { "id": "17_0", "growth_scenario": "moderate", "market_gravity_weight": 75 }, "geometry": { "type": "Polygon", "coordinates": [ [ [ -88.240465005146632, 41.980682681056734 ], [ -88.241676187266279, 41.980755584764665 ], [ -88.24288737191192, 41.980828477123787 ], [ -88.242788287094626, 41.981719435950275 ], [ -88.242689199751609, 41.982610395627141 ], [ -88.241477984439086, 41.982537501258463 ], [ -88.241577087115729, 41.981646542586425 ], [ -88.240365889662939, 41.981573637873502 ], [ -88.239154694736627, 41.981500721811507 ], [ -88.239055561393002, 41.982391678473405 ], [ -88.237844353660208, 41.982318750057154 ], [ -88.237943502337174, 41.981427794400588 ], [ -88.238042648486882, 41.98053683959418 ], [ -88.238141792109445, 41.979645885637709 ], [ -88.238240933204935, 41.97875493253094 ], [ -88.239452079606664, 41.978827856926294 ], [ -88.24066322853497, 41.978900769973087 ], [ -88.240564118103947, 41.979791725090003 ], [ -88.240465005146632, 41.980682681056734 ] ] ] } },
{ "type": "Feature", "properties": { "id": "17_1", "growth_scenario": "moderate", "market_gravity_weight": 75 }, "geometry": { "type": "Polygon", "coordinates": [ [ [ -88.265712472871456, 41.818978600042151 ], [ -88.266920885809554, 41.819051253695861 ], [ -88.266822335389904, 41.819942066967172 ], [ -88.26803076609815, 41.820014710294899 ], [ -88.267932228436422, 41.820905525366001 ], [ -88.269140676914986, 41.820978158367474 ], [ -88.269042152011963, 41.821868975238722 ], [ -88.267833688268666, 41.821796341241857 ], [ -88.266625227031511, 41.821723695923097 ], [ -88.265416768300895, 41.821651039282393 ], [ -88.264208312077187, 41.821578371319852 ], [ -88.264306898038612, 41.820687558431054 ], [ -88.264405481492844, 41.81979674634686 ], [ -88.264504062439968, 41.818905935066937 ], [ -88.264602640880085, 41.818015124591099 ], [ -88.265811036048262, 41.818087788570558 ], [ -88.265712472871456, 41.818978600042151 ] ] ] } },
{ "type": "Feature", "properties": { "id": "17_10", "growth_scenario": "moderate", "market_gravity_weight": 75 }, "geometry": { "type": "Polygon", "coordinates": [ [ [ -88.266505394650309, 41.855793275684007 ], [ -88.267714443756262, 41.855865924883972 ], [ -88.267615851617379, 41.85675677533132 ], [ -88.26882491851191, 41.856829414200163 ], [ -88.268726339144663, 41.857720266459225 ], [ -88.267517256969754, 41.857647626593561 ], [ -88.266308177303657, 41.857574975399842 ], [ -88.26509910014677, 41.857502312877941 ], [ -88.265000472429122, 41.858393162961335 ], [ -88.263791382501367, 41.858320488114153 ], [ -88.26389002549945, 41.857429639027998 ], [ -88.262680953362107, 41.857356953850022 ], [ -88.26277960913022, 41.856466106576356 ], [ -88.263988665987597, 41.856538790756986 ], [ -88.264087303965852, 41.855647943300752 ], [ -88.265296348053383, 41.855720615156265 ], [ -88.26539496824256, 41.854829767517423 ], [ -88.266603999560076, 41.854902427048224 ], [ -88.266505394650309, 41.855793275684007 ] ] ] } },
{ "type": "Feature", "properties": { "id": "17_11", "growth_scenario": "moderate", "market_gravity_weight": 75 }, "geometry": { "type": "Polygon", "coordinates": [ [ [ -88.425778291450072, 42.115469893917066 ], [ -88.425681351070708, 42.116361134307773 ], [ -88.425584408215144, 42.117252375591747 ], [ -88.425487462883297, 42.118143617769221 ], [ -88.424273706137612, 42.118072425801046 ], [ -88.424370666872363, 42.117181184610018 ], [ -88.423156928006293, 42.117109982251705 ], [ -88.421943191617274, 42.117038768516935 ], [ -88.422040180680085, 42.116147530192535 ], [ -88.420826462170751, 42.116076306068123 ], [ -88.420923464158022, 42.115185069623642 ], [ -88.422137167265518, 42.115256292761281 ], [ -88.422234151373686, 42.114365056222837 ], [ -88.423447841556907, 42.114436266997721 ], [ -88.424661534216909, 42.11450746639656 ], [ -88.424564580911934, 42.115398704908031 ], [ -88.425778291450072, 42.115469893917066 ] ] ] } },
{ "type": "Feature", "properties": { "id": "17_12", "growth_scenario": "moderate", "market_gravity_weight": 75 }, "geometry": { "type": "Polygon", "coordinates": [ [ [ -88.330687110702414, 41.980700732848575 ], [ -88.331898386670971, 41.980772790672987 ], [ -88.331800436423293, 41.981663817319657 ], [ -88.333011730226744, 41.981735864786472 ], [ -88.332913792820491, 41.982626893278599 ], [ -88.331702483678612, 41.982554844818523 ], [ -88.331604528436884, 41.983445873169842 ], [ -88.330393206453394, 41.983373812365137 ], [ -88.329181886967461, 41.983301740209228 ], [ -88.329279872886502, 41.98241071384497 ], [ -88.328068571237011, 41.982338631331601 ], [ -88.328166569996327, 41.981447606813433 ], [ -88.328264566257516, 41.980556583147326 ], [ -88.329475837231129, 41.980628663673315 ], [ -88.329573815656929, 41.979737639865476 ], [ -88.330785073790764, 41.979809708047242 ], [ -88.330687110702414, 41.980700732848575 ] ] ] } },
{ "type": "Feature", "properties": { "id": "17_13", "growth_scenario": "moderate", "market_gravity_weight": 75 }, "geometry": { "type": "Polygon", "coordinates": [ [ [ -88.423194718876346, 41.69028005523645 ], [ -88.423098332929385, 41.691170862259717 ], [ -88.421891961903285, 41.691099682552753 ], [ -88.421795558292871, 41.691990489375961 ], [ -88.420589174498019, 41.691919297395174 ], [ -88.419382793151144, 41.691848094111677 ], [ -88.419479227193946, 41.690957289230823 ], [ -88.41827286351149, 41.690886075615929 ], [ -88.418369310321708, 41.689995272477184 ], [ -88.419575658788489, 41.690066485120717 ], [ -88.419672087934856, 41.689175681781194 ], [ -88.42087842363442, 41.689246882151082 ], [ -88.422084761781676, 41.689318071218658 ], [ -88.423291102376254, 41.689389248983822 ], [ -88.424497445417771, 41.689460415446597 ], [ -88.42440107713351, 41.690351222669896 ], [ -88.423194718876346, 41.69028005523645 ] ] ] } },
{ "type": "Feature", "properties": { "id": "17_14", "growth_scenario": "moderate", "market_gravity_weight": 75 }, "geometry": { "type": "Polygon", "coordinates": [ [ [ -88.425607437837343, 41.690422378800783 ], [ -88.425511082322572, 41.691313187765417 ], [ -88.424304706402609, 41.691242030663943 ], [ -88.424208333224982, 41.692132839428908 ], [ -88.423001944535315, 41.692061670053846 ], [ -88.422905553694036, 41.692952478619176 ], [ -88.42280916040545, 41.693843287955907 ], [ -88.421602743729181, 41.693772105335967 ], [ -88.421699152234865, 41.69288129697027 ], [ -88.4204927532234, 41.692810104018385 ], [ -88.420589174498019, 41.691919297395174 ], [ -88.421795558292871, 41.691990489375961 ], [ -88.421891961903285, 41.691099682552753 ], [ -88.423098332929385, 41.691170862259717 ], [ -88.423194718876346, 41.69028005523645 ], [ -88.42440107713351, 41.690351222669896 ], [ -88.424497445417771, 41.689460415446597 ], [ -88.423291102376254, 41.689389248983822 ], [ -88.423387483429252, 41.688498443501587 ], [ -88.424593811255477, 41.688569608993674 ], [ -88.425800141528157, 41.6886407631835 ], [ -88.425703790905843, 41.689531570606881 ], [ -88.425607437837343, 41.690422378800783 ] ] ] } },
{ "type": "Feature", "properties": { "id": "17_15", "growth_scenario": "moderate", "market_gravity_weight": 75 }, "geometry": { "type": "Polygon", "coordinates": [ [ [ -87.937822240190016, 41.623946889908019 ], [ -87.937719790947526, 41.624837259757378 ], [ -87.937617339107533, 41.625727630348663 ], [ -87.937514884669923, 41.626618001682019 ], [ -87.937412427634612, 41.627508373757784 ], [ -87.936207658053789, 41.62743264743083 ], [ -87.935002891071136, 41.627356909822218 ], [ -87.933798126687066, 41.627281160932078 ], [ -87.93390062920993, 41.626390791947053 ], [ -87.93400312913397, 41.62550042370421 ], [ -87.935207863193583, 41.625576170533648 ], [ -87.935310345357209, 41.624685802002482 ], [ -87.936515066853431, 41.624761536520502 ], [ -87.936617531257411, 41.623871167701019 ], [ -87.936719993063591, 41.622980799623186 ], [ -87.937924686835089, 41.623056520800226 ], [ -87.937822240190016, 41.623946889908019 ] ] ] } },
{ "type": "Feature", "properties": { "id": "17_2", "growth_scenario": "moderate", "market_gravity_weight": 75 }, "geometry": { "type": "Polygon", "coordinates": [ [ [ -88.267117979130205, 41.81726962956553 ], [ -88.26701943372295, 41.818160441228784 ], [ -88.268227833903808, 41.81823308256569 ], [ -88.268129301253907, 41.819123896028188 ], [ -88.26803076609815, 41.820014710294899 ], [ -88.266822335389904, 41.819942066967172 ], [ -88.266920885809554, 41.819051253695861 ], [ -88.265712472871456, 41.818978600042151 ], [ -88.265811036048262, 41.818087788570558 ], [ -88.264602640880085, 41.818015124591099 ], [ -88.264504062439968, 41.818905935066937 ], [ -88.264405481492844, 41.81979674634686 ], [ -88.263197058304783, 41.819724069054388 ], [ -88.263295654515503, 41.818833258770361 ], [ -88.26339424821883, 41.817942449290314 ], [ -88.263492839414852, 41.817051640614061 ], [ -88.26359142810368, 41.816160832741275 ], [ -88.264799790239664, 41.81623350605048 ], [ -88.266008154882357, 41.816306168038686 ], [ -88.265909596718529, 41.817196977902825 ], [ -88.267117979130205, 41.81726962956553 ] ] ] } },
{ "type": "Feature", "properties": { "id": "17_3", "growth_scenario": "moderate", "market_gravity_weight": 75 }, "geometry": { "type": "Polygon", "coordinates": [ [ [ -88.220308993974157, 41.822517900399134 ], [ -88.220209845949526, 41.823408681355197 ], [ -88.219001406440512, 41.82333558950176 ], [ -88.21890224063111, 41.82422637026049 ], [ -88.217693788380927, 41.824153266084011 ], [ -88.216485338653158, 41.824080150586191 ], [ -88.216386139794807, 41.824970930145582 ], [ -88.215177677326551, 41.824897802324308 ], [ -88.215276891448198, 41.824007023767166 ], [ -88.215376103046665, 41.823116246014472 ], [ -88.215475312122052, 41.822225469066005 ], [ -88.216683728801527, 41.822298593880795 ], [ -88.216782920091759, 41.821407816734229 ], [ -88.217991324031601, 41.821480929226119 ], [ -88.219199730493585, 41.82155403039711 ], [ -88.219100569727971, 41.822444809547413 ], [ -88.220308993974157, 41.822517900399134 ] ] ] } },
{ "type": "Feature", "properties": { "id": "17_4", "growth_scenario": "moderate", "market_gravity_weight": 75 }, "geometry": { "type": "Polygon", "coordinates": [ [ [ -87.853452643946142, 41.775581663409135 ], [ -87.853348901243393, 41.776472109566861 ], [ -87.85214166244586, 41.77639558350706 ], [ -87.852037901884458, 41.777286029401274 ], [ -87.850830650500313, 41.777209490989485 ], [ -87.85093442628451, 41.776319046142085 ], [ -87.84972719275973, 41.776242497471912 ], [ -87.849830981129656, 41.775352054454423 ], [ -87.848623765463998, 41.775275495526195 ], [ -87.84872756641893, 41.774385054338396 ], [ -87.849934766862759, 41.774461612219646 ], [ -87.851141969943342, 41.774538158796027 ], [ -87.851245737818175, 41.773647716296871 ], [ -87.852452928313468, 41.773724250521781 ], [ -87.853660121444619, 41.773800773441941 ], [ -87.853556384013174, 41.774691218034214 ], [ -87.853452643946142, 41.775581663409135 ] ] ] } },
{ "type": "Feature", "properties": { "id": "17_5", "growth_scenario": "moderate", "market_gravity_weight": 75 }, "geometry": { "type": "Polygon", "coordinates": [ [ [ -87.975779671675625, 42.309935270364974 ], [ -87.975676698273205, 42.310826380522897 ], [ -87.975573722234145, 42.311717491621302 ], [ -87.975470743558361, 42.312608603660422 ], [ -87.975367762245753, 42.3134997166405 ], [ -87.974151072604641, 42.313424285699725 ], [ -87.974254069382468, 42.312533173771925 ], [ -87.973037397843783, 42.312457732482201 ], [ -87.973140407449094, 42.311566622547758 ], [ -87.973243414416899, 42.310675513553868 ], [ -87.97446005502654, 42.310750952738857 ], [ -87.974563043892985, 42.309859843633028 ], [ -87.973346418747283, 42.309784405500402 ], [ -87.973449420440375, 42.308893298387005 ], [ -87.973552419496258, 42.308002192213443 ], [ -87.974769013715246, 42.308077628241683 ], [ -87.975985610570987, 42.308153052869393 ], [ -87.975882642441519, 42.309044161147206 ], [ -87.975779671675625, 42.309935270364974 ] ] ] } },
{ "type": "Feature", "properties": { "id": "17_6", "growth_scenario": "moderate", "market_gravity_weight": 75 }, "geometry": { "type": "Polygon", "coordinates": [ [ [ -87.974151072604641, 42.313424285699725 ], [ -87.975367762245753, 42.3134997166405 ], [ -87.975264778296207, 42.314390830561855 ], [ -87.975161791709638, 42.31528194542468 ], [ -87.973945071136953, 42.315206512379135 ], [ -87.972728353201774, 42.315131067931958 ], [ -87.9726253330454, 42.31602218163151 ], [ -87.971408602281983, 42.315946724729883 ], [ -87.971511637904527, 42.3150556120831 ], [ -87.970294925245554, 42.314980144832653 ], [ -87.970397973695484, 42.314089034180327 ], [ -87.970501019506813, 42.313197924469335 ], [ -87.97171770123478, 42.313273389614096 ], [ -87.972934385600851, 42.313348843357538 ], [ -87.973037397843783, 42.312457732482201 ], [ -87.974254069382468, 42.312533173771925 ], [ -87.974151072604641, 42.313424285699725 ] ] ] } },
{ "type": "Feature", "properties": { "id": "17_7", "growth_scenario": "moderate", "market_gravity_weight": 75 }, "geometry": { "type": "Polygon", "coordinates": [ [ [ -87.884539931769638, 42.304246631096127 ], [ -87.885756363366681, 42.304322901374945 ], [ -87.885652245899422, 42.305213933255693 ], [ -87.885548125766661, 42.306104966073264 ], [ -87.885444002968299, 42.306995999827869 ], [ -87.88422752500054, 42.306919726358061 ], [ -87.883011049698851, 42.306843441489967 ], [ -87.881794577063644, 42.306767145223766 ], [ -87.881898746233588, 42.305876114660769 ], [ -87.882002912736766, 42.304985085034652 ], [ -87.882107076573277, 42.304094056345157 ], [ -87.88332350283838, 42.304170349419472 ], [ -87.883427648552413, 42.303279320602542 ], [ -87.884644062027647, 42.303355601215436 ], [ -87.884539931769638, 42.304246631096127 ] ] ] } },
{ "type": "Feature", "properties": { "id": "17_8", "growth_scenario": "moderate", "market_gravity_weight": 75 }, "geometry": { "type": "Polygon", "coordinates": [ [ [ -88.382553825394083, 42.153291483532328 ], [ -88.383768152328003, 42.153363069832587 ], [ -88.383670622461935, 42.154254319961922 ], [ -88.382456280111356, 42.154182732668509 ], [ -88.382358732335703, 42.155073982708011 ], [ -88.38357309010334, 42.155145570994705 ], [ -88.384787450363604, 42.155217147899087 ], [ -88.384689930929923, 42.156108400828657 ], [ -88.383475555252133, 42.156036822931149 ], [ -88.3833780179082, 42.156928075771532 ], [ -88.382163629305282, 42.156856485498167 ], [ -88.382066074050329, 42.157747738249363 ], [ -88.380851672522496, 42.157676135599907 ], [ -88.380949243195573, 42.156784883842285 ], [ -88.381046811375072, 42.155893632988743 ], [ -88.381144377061077, 42.155002383039005 ], [ -88.381241940253688, 42.154111133992856 ], [ -88.38133950095299, 42.153219885850021 ], [ -88.381437059159069, 42.152328638610278 ], [ -88.382651368184, 42.15240023529924 ], [ -88.382553825394083, 42.153291483532328 ] ] ] } },
{ "type": "Feature", "properties": { "id": "17_9", "growth_scenario": "moderate", "market_gravity_weight": 75 }, "geometry": { "type": "Polygon", "coordinates": [ [ [ -88.385079993711614, 42.152543394531669 ], [ -88.384982481754349, 42.153434644750824 ], [ -88.384884967305041, 42.154325895873228 ], [ -88.386099314640276, 42.154397460402343 ], [ -88.387313664467271, 42.154469013549118 ], [ -88.388528016785628, 42.154540555313609 ], [ -88.388430546096203, 42.155431810317786 ], [ -88.387216178360418, 42.155360267560646 ], [ -88.387118689762104, 42.156251522476033 ], [ -88.385904309100042, 42.156179967343604 ], [ -88.385806802592072, 42.15707122217016 ], [ -88.384592409003929, 42.156999654662144 ], [ -88.384689930929923, 42.156108400828657 ], [ -88.384787450363604, 42.155217147899087 ], [ -88.38357309010334, 42.155145570994705 ], [ -88.383670622461935, 42.154254319961922 ], [ -88.383768152328003, 42.153363069832587 ], [ -88.383865679701628, 42.152471820606358 ], [ -88.38396320458294, 42.151580572283031 ], [ -88.385177503176934, 42.151652145215358 ], [ -88.385079993711614, 42.152543394531669 ] ] ] } },
{ "type": "Feature", "properties": { "id": "19_0", "growth_scenario": "moderate", "market_gravity_weight": 75 }, "geometry": { "type": "Polygon", "coordinates": [ [ [ -93.523395580927968, 41.555109786537336 ], [ -93.523364106380455, 41.55600300354677 ], [ -93.523332631033128, 41.556896221357682 ], [ -93.523301154885942, 41.557789439970421 ], [ -93.522093644833859, 41.557766150480646 ], [ -93.520886135582089, 41.557742849641976 ], [ -93.519678627130986, 41.557719537454545 ], [ -93.519710149274772, 41.556826319793345 ], [ -93.518502656956869, 41.556802996574525 ], [ -93.518534193631382, 41.555909780032572 ], [ -93.519741670617535, 41.555933102933942 ], [ -93.520949148404696, 41.555956414486765 ], [ -93.520980653615069, 41.555063198111405 ], [ -93.522188116871419, 41.55508649799863 ], [ -93.522219605950184, 41.554193282107462 ], [ -93.523427054675665, 41.554216570329196 ], [ -93.523395580927968, 41.555109786537336 ] ] ] } },
{ "type": "Feature", "properties": { "id": "19_1", "growth_scenario": "moderate", "market_gravity_weight": 75 }, "geometry": { "type": "Polygon", "coordinates": [ [ [ -93.558660595896001, 41.548634437313929 ], [ -93.559867961132525, 41.54865738289692 ], [ -93.561075327156928, 41.548680317132323 ], [ -93.562282693968839, 41.54870324002021 ], [ -93.563490061567876, 41.548726151560523 ], [ -93.564697429953611, 41.548749051753276 ], [ -93.564666482985231, 41.549642273041833 ], [ -93.564635535230479, 41.550535495130426 ], [ -93.563428136185607, 41.550512594314398 ], [ -93.562220737927532, 41.550489682150406 ], [ -93.561013340456611, 41.550466758638635 ], [ -93.55980594377327, 41.550443823779013 ], [ -93.558598547877864, 41.550420877571554 ], [ -93.558629572281092, 41.549527657042802 ], [ -93.558660595896001, 41.548634437313929 ] ] ] } },
{ "type": "Feature", "properties": { "id": "19_10", "growth_scenario": "moderate", "market_gravity_weight": 75 }, "geometry": { "type": "Polygon", "coordinates": [ [ [ -93.520340423974702, 41.538962134596915 ], [ -93.521547610531968, 41.538985440123454 ], [ -93.522754797889277, 41.539008734304382 ], [ -93.523961986046217, 41.539032017139661 ], [ -93.523930525890506, 41.539925219765031 ], [ -93.523899064935506, 41.540818423187297 ], [ -93.522691846129277, 41.540795139718533 ], [ -93.521484628122749, 41.540771844903787 ], [ -93.520277410916322, 41.540748538743173 ], [ -93.519070194510348, 41.540725221236656 ], [ -93.519101716764524, 41.539832019082247 ], [ -93.517894516484162, 41.539808690547247 ], [ -93.517926053261817, 41.538915489507112 ], [ -93.519133238217847, 41.538938817724819 ], [ -93.519164758870374, 41.538045617163974 ], [ -93.520371929303252, 41.538068933718876 ], [ -93.520340423974702, 41.538962134596915 ] ] ] } },
{ "type": "Feature", "properties": { "id": "19_11", "growth_scenario": "moderate", "market_gravity_weight": 75 }, "geometry": { "type": "Polygon", "coordinates": [ [ [ -93.77394389761065, 41.693771029062397 ], [ -93.772733968425001, 41.69375009247721 ], [ -93.772705606113746, 41.694643496158832 ], [ -93.772677243080253, 41.69553690068313 ], [ -93.771467283824208, 41.695515952150735 ], [ -93.771495662254182, 41.694622547913021 ], [ -93.770285719117226, 41.69460158829304 ], [ -93.77031411222066, 41.693708185184896 ], [ -93.769104185202764, 41.693687214477706 ], [ -93.769132592978877, 41.69279381249882 ], [ -93.770342504601118, 41.692814782919157 ], [ -93.77037089625864, 41.691921381495597 ], [ -93.771580793208543, 41.691942340255324 ], [ -93.772790690880967, 41.6919632876413 ], [ -93.774000589275545, 41.69198422365362 ], [ -93.773972243803982, 41.692877625936887 ], [ -93.77394389761065, 41.693771029062397 ] ] ] } },
{ "type": "Feature", "properties": { "id": "19_12", "growth_scenario": "moderate", "market_gravity_weight": 75 }, "geometry": { "type": "Polygon", "coordinates": [ [ [ -93.563706541973005, 41.751645980862342 ], [ -93.564917404885065, 41.751668883873265 ], [ -93.564886371149356, 41.752562295188767 ], [ -93.566097250270488, 41.752585187130741 ], [ -93.566066231162594, 41.753478599618191 ], [ -93.564855336622799, 41.75345570736237 ], [ -93.564824301305364, 41.754349120394281 ], [ -93.563613392137441, 41.754326216441328 ], [ -93.56240248376082, 41.754303301105018 ], [ -93.562433549916264, 41.753409888701334 ], [ -93.561222657750292, 41.753386962296169 ], [ -93.561253738532628, 41.752493551065143 ], [ -93.56128481852295, 41.751600140692133 ], [ -93.562495679852177, 41.751623066468596 ], [ -93.562526743632716, 41.750729656639081 ], [ -93.563737590335748, 41.75075257071866 ], [ -93.563706541973005, 41.751645980862342 ] ] ] } },
{ "type": "Feature", "properties": { "id": "19_13", "growth_scenario": "moderate", "market_gravity_weight": 75 }, "geometry": { "type": "Polygon", "coordinates": [ [ [ -93.566035211264193, 41.754372012964026 ], [ -93.566004190575299, 41.755265427168439 ], [ -93.565973169095827, 41.756158842231713 ], [ -93.56476222829771, 41.75613594903421 ], [ -93.563551288290583, 41.756113044453095 ], [ -93.563520235180121, 41.75700645974748 ], [ -93.56230928054417, 41.75698354346855 ], [ -93.562340349074802, 41.756090128488403 ], [ -93.561129410650778, 41.756067201140119 ], [ -93.561160493809396, 41.755173787333462 ], [ -93.561191576175887, 41.754280374385516 ], [ -93.56240248376082, 41.754303301105018 ], [ -93.563613392137441, 41.754326216441328 ], [ -93.564824301305364, 41.754349120394281 ], [ -93.564855336622799, 41.75345570736237 ], [ -93.566066231162594, 41.753478599618191 ], [ -93.566035211264193, 41.754372012964026 ] ] ] } },
{ "type": "Feature", "properties": { "id": "19_2", "growth_scenario": "moderate", "market_gravity_weight": 75 }, "geometry": { "type": "Polygon", "coordinates": [ [ [ -93.499786769776406, 41.675326766966677 ], [ -93.499754940833014, 41.676220089364314 ], [ -93.500964481438274, 41.676243591689769 ], [ -93.500932667068696, 41.677136915244418 ], [ -93.500900851889256, 41.67803023963512 ], [ -93.49969128051552, 41.678006736666944 ], [ -93.499659449141362, 41.678900061572485 ], [ -93.49844986319313, 41.678876546913351 ], [ -93.498481709952074, 41.677983222329296 ], [ -93.4972721401993, 41.677959696622054 ], [ -93.49730400153193, 41.67706637319592 ], [ -93.496094447974556, 41.677042836440975 ], [ -93.496126323880119, 41.676149514172572 ], [ -93.497335862053546, 41.676173050605705 ], [ -93.498545401037973, 41.676196575669636 ], [ -93.498577245364999, 41.675303253593412 ], [ -93.498609088881437, 41.674409932352738 ], [ -93.499818597909623, 41.674433445404524 ], [ -93.499786769776406, 41.675326766966677 ] ] ] } },
{ "type": "Feature", "properties": { "id": "19_3", "growth_scenario": "moderate", "market_gravity_weight": 75 }, "geometry": { "type": "Polygon", "coordinates": [ [ [ -93.715288114157573, 41.524703337617446 ], [ -93.716495118010883, 41.524724810507806 ], [ -93.716466109563186, 41.525618045604126 ], [ -93.715259090388528, 41.525596572421776 ], [ -93.71523006588221, 41.52648980802018 ], [ -93.714023032123151, 41.526468323201179 ], [ -93.714052071951144, 41.525575087894893 ], [ -93.712845054251417, 41.525553592023513 ], [ -93.711638037289745, 41.525532084807544 ], [ -93.711667107022592, 41.524638850880095 ], [ -93.711696176017043, 41.5237456177464 ], [ -93.712903162336616, 41.52376712437745 ], [ -93.712932215272218, 41.522873891744972 ], [ -93.714139187009295, 41.522895386739563 ], [ -93.715346159483929, 41.522916870390056 ], [ -93.715317137189359, 41.523810103607012 ], [ -93.715288114157573, 41.524703337617446 ] ] ] } },
{ "type": "Feature", "properties": { "id": "19_4", "growth_scenario": "moderate", "market_gravity_weight": 75 }, "geometry": { "type": "Polygon", "coordinates": [ [ [ -93.531267865784628, 41.537385069237978 ], [ -93.531236499170063, 41.538278272167091 ], [ -93.530029321547673, 41.538255057721585 ], [ -93.528822144722554, 41.538231831930467 ], [ -93.528790746662651, 41.539125035024469 ], [ -93.528759347805035, 41.540018238915202 ], [ -93.527552141128837, 41.539995001146373 ], [ -93.527583555311011, 41.539101797571753 ], [ -93.527614968695104, 41.538208594793893 ], [ -93.526407793465722, 41.538185346311764 ], [ -93.525200619034777, 41.538162086484128 ], [ -93.525232062268316, 41.537268885135447 ], [ -93.526439221375512, 41.537292144646621 ], [ -93.526470648486907, 41.536398943777719 ], [ -93.527677793069145, 41.536422191627338 ], [ -93.52888493844938, 41.536445428131792 ], [ -93.530092084627242, 41.536468653291024 ], [ -93.530060703486086, 41.537361855108188 ], [ -93.531267865784628, 41.537385069237978 ] ] ] } },
{ "type": "Feature", "properties": { "id": "19_5", "growth_scenario": "moderate", "market_gravity_weight": 75 }, "geometry": { "type": "Polygon", "coordinates": [ [ [ -93.629108612789139, 41.501690593376289 ], [ -93.630315195021481, 41.501712875764376 ], [ -93.631521778017941, 41.501735146812585 ], [ -93.631491700165398, 41.502628341837081 ], [ -93.630285101858945, 41.50260607048628 ], [ -93.63025500793222, 41.503499265995245 ], [ -93.629048395079607, 41.503476983001718 ], [ -93.629018285077976, 41.504370178995217 ], [ -93.62781165767926, 41.504347884358594 ], [ -93.626605031045543, 41.504325578381618 ], [ -93.626635171668539, 41.503432382994056 ], [ -93.626665311526153, 41.502539188393776 ], [ -93.626695450618442, 41.501645994580457 ], [ -93.627902031321341, 41.501668299648301 ], [ -93.627932154338808, 41.500775106318727 ], [ -93.629138720497096, 41.500797399743846 ], [ -93.629108612789139, 41.501690593376289 ] ] ] } },
{ "type": "Feature", "properties": { "id": "19_6", "growth_scenario": "moderate", "market_gravity_weight": 75 }, "geometry": { "type": "Polygon", "coordinates": [ [ [ -93.524760329873814, 41.550666989110645 ], [ -93.524728874654556, 41.551560202433016 ], [ -93.523521471120247, 41.551536926509854 ], [ -93.522314068385612, 41.551513639238983 ], [ -93.521106666451061, 41.551490340620298 ], [ -93.519899265316951, 41.551467030653917 ], [ -93.519930781854171, 41.550573818599517 ], [ -93.518723396850334, 41.550550497602721 ], [ -93.518754927915751, 41.549657286665727 ], [ -93.519962297590567, 41.549680607345124 ], [ -93.521169668066179, 41.549703916677103 ], [ -93.522377039342174, 41.549727214661637 ], [ -93.523584411418184, 41.549750501298753 ], [ -93.524791784293797, 41.549773776588317 ], [ -93.52599915796867, 41.5497970405304 ], [ -93.525967718877851, 41.550690253369361 ], [ -93.524760329873814, 41.550666989110645 ] ] ] } },
{ "type": "Feature", "properties": { "id": "19_7", "growth_scenario": "moderate", "market_gravity_weight": 75 }, "geometry": { "type": "Polygon", "coordinates": [ [ [ -93.79405517809019, 41.55468072953996 ], [ -93.795262720275815, 41.55470146270121 ], [ -93.795234700324542, 41.555594742293131 ], [ -93.795206679661163, 41.556488022688221 ], [ -93.793999106803966, 41.556467288962573 ], [ -93.792791534659287, 41.556446543886523 ], [ -93.791583963227481, 41.556425787460164 ], [ -93.791612029898715, 41.555532507912254 ], [ -93.791640095856721, 41.554639229167449 ], [ -93.791668161101484, 41.553745951225444 ], [ -93.791696225633032, 41.552852674086061 ], [ -93.792903735723428, 41.552873429382316 ], [ -93.794111246526612, 41.552894173328809 ], [ -93.794083212664617, 41.553787451033045 ], [ -93.79405517809019, 41.55468072953996 ] ] ] } },
{ "type": "Feature", "properties": { "id": "19_8", "growth_scenario": "moderate", "market_gravity_weight": 75 }, "geometry": { "type": "Polygon", "coordinates": [ [ [ -93.491256241863226, 41.676948575727984 ], [ -93.491288179304249, 41.676055254748256 ], [ -93.492497714229742, 41.676078836658093 ], [ -93.493707249967827, 41.676102407198726 ], [ -93.494916786518075, 41.676125966370236 ], [ -93.496126323880119, 41.676149514172572 ], [ -93.496094447974556, 41.677042836440975 ], [ -93.49730400153193, 41.67706637319592 ], [ -93.4972721401993, 41.677959696622054 ], [ -93.496062571257596, 41.677936159545361 ], [ -93.496030693729168, 41.678829483485885 ], [ -93.494821110214218, 41.678805934717722 ], [ -93.493611527511135, 41.678782374579825 ], [ -93.493643435808934, 41.677889051283401 ], [ -93.492433869302758, 41.677865480098234 ], [ -93.492465792172553, 41.676972157960208 ], [ -93.491256241863226, 41.676948575727984 ] ] ] } },
{ "type": "Feature", "properties": { "id": "19_9", "growth_scenario": "moderate", "market_gravity_weight": 75 }, "geometry": { "type": "Polygon", "coordinates": [ [ [ -93.625458716278715, 41.502516871682921 ], [ -93.625428561110851, 41.503410065980006 ], [ -93.625398405177236, 41.504303261064344 ], [ -93.624191780074696, 41.504280932406765 ], [ -93.622985155738334, 41.504258592408902 ], [ -93.623015342293129, 41.503365397931425 ], [ -93.621808734033863, 41.503343046896916 ], [ -93.621838935132303, 41.502449853510328 ], [ -93.621869135463839, 41.501556660910687 ], [ -93.623075713103177, 41.501579011337853 ], [ -93.623105897358485, 41.500685819221275 ], [ -93.624312460454874, 41.500708158005132 ], [ -93.625519024317313, 41.500730485449338 ], [ -93.625488870680869, 41.501623678172756 ], [ -93.625458716278715, 41.502516871682921 ] ] ] } },
{ "type": "Feature", "properties": { "id": "21_0", "growth_scenario": "moderate", "market_gravity_weight": 75 }, "geometry": { "type": "Polygon", "coordinates": [ [ [ -87.148434951781667, 36.819225768197441 ], [ -87.148329707455545, 36.82011444203178 ], [ -87.149456375496513, 36.820197450624541 ], [ -87.149351141915758, 36.821086124920079 ], [ -87.149245905839749, 36.821974798729748 ], [ -87.150372602858084, 36.822057798677768 ], [ -87.15026737752828, 36.822946472949006 ], [ -87.149140667268398, 36.822863472053655 ], [ -87.148013959503956, 36.822780460618844 ], [ -87.148119211316782, 36.821891788242311 ], [ -87.146992519289455, 36.821808767215508 ], [ -87.147097781847705, 36.820920095300679 ], [ -87.145971105557322, 36.820837064682173 ], [ -87.146076378860343, 36.819948393228927 ], [ -87.146181649667284, 36.81905972128947 ], [ -87.147308299476634, 36.819142750012972 ], [ -87.147413554547498, 36.818254076639626 ], [ -87.148540193612391, 36.818337093876785 ], [ -87.148434951781667, 36.819225768197441 ] ] ] } },
{ "type": "Feature", "properties": { "id": "21_1", "growth_scenario": "moderate", "market_gravity_weight": 75 }, "geometry": { "type": "Polygon", "coordinates": [ [ [ -87.43445077957449, 36.6436829287899 ], [ -87.435575113092725, 36.643763268881699 ], [ -87.435473511251658, 36.644652271296579 ], [ -87.435371907006441, 36.645541273191206 ], [ -87.434247547100981, 36.645460931276908 ], [ -87.433123189600082, 36.645380578841099 ], [ -87.431998834504029, 36.645300215883807 ], [ -87.430874481813134, 36.645219842405048 ], [ -87.429750131527712, 36.645139458404934 ], [ -87.429851801740895, 36.64425046106787 ], [ -87.430976138832904, 36.644330844156286 ], [ -87.431077793447287, 36.643441845387088 ], [ -87.432202119751466, 36.643522217042609 ], [ -87.433326448460647, 36.643602578176854 ], [ -87.433428074283853, 36.642713577064086 ], [ -87.434552392204651, 36.642793926765847 ], [ -87.43445077957449, 36.6436829287899 ] ] ] } },
{ "type": "Feature", "properties": { "id": "21_2", "growth_scenario": "moderate", "market_gravity_weight": 75 }, "geometry": { "type": "Polygon", "coordinates": [ [ [ -87.436807924632632, 36.652813936488691 ], [ -87.437932397313077, 36.652894254127268 ], [ -87.437830811016752, 36.653783254083038 ], [ -87.438955299298073, 36.653863562110232 ], [ -87.438853723794821, 36.654752562459066 ], [ -87.437729222316321, 36.654672253520694 ], [ -87.436604723242013, 36.654591934059468 ], [ -87.435480226572167, 36.654511604075545 ], [ -87.434355732307097, 36.654431263568888 ], [ -87.433231240447114, 36.654350912539506 ], [ -87.433332881935385, 36.653461916747908 ], [ -87.433434521018341, 36.652572920437962 ], [ -87.434558986484944, 36.652653269644034 ], [ -87.435683454356479, 36.652733608327587 ], [ -87.435785064641692, 36.651844609676139 ], [ -87.436909521721446, 36.651924936925838 ], [ -87.436807924632632, 36.652813936488691 ] ] ] } },
{ "type": "Feature", "properties": { "id": "25_0", "growth_scenario": "moderate", "market_gravity_weight": 75 }, "geometry": { "type": "Polygon", "coordinates": [ [ [ -71.038524620145594, 42.504244545404205 ], [ -71.038206700667743, 42.505108391199933 ], [ -71.03938912111191, 42.505340653309531 ], [ -71.039707026941528, 42.504476804351256 ], [ -71.04088944164819, 42.504709052623582 ], [ -71.04057154946706, 42.505572904744184 ], [ -71.040253649375217, 42.506436757102335 ], [ -71.039071207371265, 42.506204502505113 ], [ -71.038753285719324, 42.507068351938294 ], [ -71.037570837977881, 42.50683608350333 ], [ -71.036388398148318, 42.506603804393393 ], [ -71.035205966230919, 42.506371514608574 ], [ -71.03552392882834, 42.505507674664024 ], [ -71.035841883513626, 42.504643834956582 ], [ -71.037024288134901, 42.504876118415609 ], [ -71.037342221260673, 42.504012275782436 ], [ -71.037660146475147, 42.503148433386151 ], [ -71.038842531712447, 42.503380699845401 ], [ -71.038524620145594, 42.504244545404205 ] ] ] } },
{ "type": "Feature", "properties": { "id": "25_1", "growth_scenario": "moderate", "market_gravity_weight": 75 }, "geometry": { "type": "Polygon", "coordinates": [ [ [ -71.308060924583344, 42.686477390985559 ], [ -71.309247341880592, 42.686707257249509 ], [ -71.310433767052288, 42.68693711279343 ], [ -71.31011840226968, 42.687801839663258 ], [ -71.308931963332682, 42.687571980966048 ], [ -71.308616576910012, 42.688436704987012 ], [ -71.309803029612624, 42.688666566837682 ], [ -71.309487649080836, 42.689531294316886 ], [ -71.308301182612325, 42.689301429312636 ], [ -71.307114724019144, 42.68907155358805 ], [ -71.305928273301546, 42.688841667143102 ], [ -71.306243695130163, 42.687976949124995 ], [ -71.306559109083167, 42.687112231411248 ], [ -71.305372693771247, 42.686882340553872 ], [ -71.305688113613371, 42.686017626297946 ], [ -71.306874515160857, 42.686247514001614 ], [ -71.307189913363487, 42.685382796895972 ], [ -71.30837630902154, 42.685612670726506 ], [ -71.308060924583344, 42.686477390985559 ] ] ] } },
{ "type": "Feature", "properties": { "id": "26_0", "growth_scenario": "moderate", "market_gravity_weight": 75 }, "geometry": { "type": "Polygon", "coordinates": [ [ [ -85.574558412657055, 42.876430541780429 ], [ -85.575782008082925, 42.876528523705176 ], [ -85.575647248737084, 42.877418146753982 ], [ -85.574423637747785, 42.877320163437041 ], [ -85.57428885936784, 42.878209786140935 ], [ -85.574154077517107, 42.879099409892376 ], [ -85.572930438870699, 42.879001412350455 ], [ -85.571706803695591, 42.878903403368305 ], [ -85.571841616674348, 42.878013782402043 ], [ -85.570618000534765, 42.877915763372485 ], [ -85.570752825605368, 42.877026144846383 ], [ -85.570887647204145, 42.876136527367301 ], [ -85.572111232217267, 42.876234543611496 ], [ -85.573334820701703, 42.876332548415874 ], [ -85.573469607703359, 42.875442929198563 ], [ -85.574693184095793, 42.875540921170831 ], [ -85.574558412657055, 42.876430541780429 ] ] ] } },
{ "type": "Feature", "properties": { "id": "27_0", "growth_scenario": "moderate", "market_gravity_weight": 75 }, "geometry": { "type": "Polygon", "coordinates": [ [ [ -93.538930288436603, 45.088781837526817 ], [ -93.537659085346732, 45.088758556945379 ], [ -93.536387883138232, 45.088735264345999 ], [ -93.536420844334046, 45.087836728854562 ], [ -93.537692029550087, 45.087860021092403 ], [ -93.53896321564747, 45.087883301312523 ], [ -93.540234402625714, 45.087906569514963 ], [ -93.541505590484377, 45.087929825699611 ], [ -93.541472697258612, 45.08882836263593 ], [ -93.542743902989841, 45.088851607163605 ], [ -93.542711025877139, 45.089750146379231 ], [ -93.542678147884843, 45.090648687513564 ], [ -93.542645269012922, 45.091547230567045 ], [ -93.541374012301176, 45.091523984957 ], [ -93.540102756469523, 45.091500727328459 ], [ -93.540135669329331, 45.090602184996783 ], [ -93.540168581308606, 45.089703644584226 ], [ -93.540201492407377, 45.088805106090348 ], [ -93.538930288436603, 45.088781837526817 ] ] ] } },
{ "type": "Feature", "properties": { "id": "29_0", "growth_scenario": "moderate", "market_gravity_weight": 75 }, "geometry": { "type": "Polygon", "coordinates": [ [ [ -94.590195382390817, 39.327463478265457 ], [ -94.589024766164513, 39.327450236655295 ], [ -94.58900738432402, 39.328342401439535 ], [ -94.587836754109318, 39.328329148673461 ], [ -94.586666124323216, 39.328315884917593 ], [ -94.586683534996894, 39.327423720466193 ], [ -94.585512920056303, 39.32741044588726 ], [ -94.585530344717284, 39.326518281809221 ], [ -94.585547768949013, 39.32562611793761 ], [ -94.586718355057528, 39.325639392183334 ], [ -94.58788894159494, 39.325652655439711 ], [ -94.589059528560881, 39.325665907706764 ], [ -94.590230115955023, 39.325679148984491 ], [ -94.590212749386836, 39.326571313521711 ], [ -94.590195382390817, 39.327463478265457 ] ] ] } },
{ "type": "Feature", "properties": { "id": "29_1", "growth_scenario": "moderate", "market_gravity_weight": 75 }, "geometry": { "type": "Polygon", "coordinates": [ [ [ -94.593897771383851, 39.317689330822645 ], [ -94.593880451903772, 39.318581494009166 ], [ -94.593863131997054, 39.319473657400131 ], [ -94.593845811663698, 39.320365820995839 ], [ -94.592675309475425, 39.320352613680683 ], [ -94.591504807714188, 39.320339395377097 ], [ -94.590334306380313, 39.320326166084968 ], [ -94.589163805474186, 39.320312925804323 ], [ -94.589181183461321, 39.319420762872397 ], [ -94.590351669954046, 39.319434002986902 ], [ -94.59036903310006, 39.318541840093495 ], [ -94.5915395056074, 39.318555069053609 ], [ -94.591556853912991, 39.317662906198713 ], [ -94.592727312434931, 39.31767612400472 ], [ -94.592744645900808, 39.316783961188158 ], [ -94.593915090437307, 39.316797167840356 ], [ -94.593897771383851, 39.317689330822645 ] ] ] } },
{ "type": "Feature", "properties": { "id": "30_0", "growth_scenario": "moderate", "market_gravity_weight": 75 }, "geometry": { "type": "Polygon", "coordinates": [ [ [ -114.091543450475996, 46.895413207879244 ], [ -114.091790709499691, 46.896300257980727 ], [ -114.09203797520027, 46.897187310150578 ], [ -114.090754855437979, 46.897358248005801 ], [ -114.089471728998987, 46.897529173977418 ], [ -114.089224496660464, 46.896642116223227 ], [ -114.087941380226567, 46.896813027519329 ], [ -114.087694171245104, 46.895925969042004 ], [ -114.087446968939005, 46.895038912633076 ], [ -114.088730052011272, 46.89486800692044 ], [ -114.088482839700077, 46.893980955371063 ], [ -114.089765899416932, 46.89381004056694 ], [ -114.091048952458138, 46.893639113879885 ], [ -114.091296198128902, 46.894526159845711 ], [ -114.091543450475996, 46.895413207879244 ] ] ] } },
{ "type": "Feature", "properties": { "id": "31_0", "growth_scenario": "moderate", "market_gravity_weight": 75 }, "geometry": { "type": "Polygon", "coordinates": [ [ [ -96.094660624769944, 41.124233176815359 ], [ -96.095861139176534, 41.124232281516676 ], [ -96.095862350165632, 41.12512544035598 ], [ -96.094661820593274, 41.125126335666643 ], [ -96.093461290990689, 41.125127219694257 ], [ -96.09346247167808, 41.126020379245716 ], [ -96.092261926879502, 41.126021252001983 ], [ -96.092260761358276, 41.1251280924388 ], [ -96.091060231696403, 41.125128953900301 ], [ -96.091059081370389, 41.124235795013902 ], [ -96.091057931073436, 41.1233426368156 ], [ -96.092258430404129, 41.123341775377213 ], [ -96.092257264971224, 41.12244861787822 ], [ -96.093457749107472, 41.122447745168749 ], [ -96.094658233213906, 41.122446861176698 ], [ -96.094659428976811, 41.123340018652137 ], [ -96.094660624769944, 41.124233176815359 ] ] ] } },
{ "type": "Feature", "properties": { "id": "31_1", "growth_scenario": "moderate", "market_gravity_weight": 75 }, "geometry": { "type": "Polygon", "coordinates": [ [ [ -96.08985629661079, 41.122450329449357 ], [ -96.089857431713668, 41.123343486971244 ], [ -96.089858566845237, 41.124236645180957 ], [ -96.089859702005484, 41.125129804078774 ], [ -96.088659172285887, 41.125130642974163 ], [ -96.087458642537968, 41.125131470586524 ], [ -96.086258112762152, 41.125132286915814 ], [ -96.085057582958797, 41.125133091962098 ], [ -96.085056508461676, 41.124239933020235 ], [ -96.086257023099236, 41.124239127984751 ], [ -96.086255933463846, 41.123345969741806 ], [ -96.087456432908496, 41.123345153434343 ], [ -96.087455328135633, 41.122451995890152 ], [ -96.088655812387358, 41.122451168311038 ], [ -96.088654692477775, 41.12155801146546 ], [ -96.089855161536576, 41.121557172615077 ], [ -96.08985629661079, 41.122450329449357 ] ] ] } },
{ "type": "Feature", "properties": { "id": "31_2", "growth_scenario": "moderate", "market_gravity_weight": 75 }, "geometry": { "type": "Polygon", "coordinates": [ [ [ -96.095858717290113, 41.122445965902038 ], [ -96.097059201335725, 41.12244505934482 ], [ -96.098259685350371, 41.122444141504992 ], [ -96.09826092660829, 41.12333729894398 ], [ -96.099461425756573, 41.123336369809095 ], [ -96.099462682211225, 41.124229527923383 ], [ -96.098262167897573, 41.12423045707073 ], [ -96.098263409218205, 41.125123615885599 ], [ -96.097062879707423, 41.125124533762317 ], [ -96.095862350165632, 41.12512544035598 ], [ -96.095861139176534, 41.124232281516676 ], [ -96.094660624769944, 41.124233176815359 ], [ -96.094659428976811, 41.123340018652137 ], [ -96.094658233213906, 41.122446861176698 ], [ -96.094657037481198, 41.121553704388873 ], [ -96.09585750639279, 41.121552809126271 ], [ -96.095858717290113, 41.122445965902038 ] ] ] } },
{ "type": "Feature", "properties": { "id": "31_3", "growth_scenario": "moderate", "market_gravity_weight": 75 }, "geometry": { "type": "Polygon", "coordinates": [ [ [ -96.092253768849176, 41.119769149505856 ], [ -96.093454207492698, 41.119768276831451 ], [ -96.093455388001146, 41.12066143225676 ], [ -96.094655841778703, 41.120660548288413 ], [ -96.094657037481198, 41.121553704388873 ], [ -96.094658233213906, 41.122446861176698 ], [ -96.093457749107472, 41.122447745168749 ], [ -96.092257264971224, 41.12244861787822 ], [ -96.092258430404129, 41.123341775377213 ], [ -96.091057931073436, 41.1233426368156 ], [ -96.09105678080553, 41.122449479305082 ], [ -96.0910556305667, 41.121556322482171 ], [ -96.091054480356917, 41.120663166346553 ], [ -96.091053330176209, 41.119770010898087 ], [ -96.091052180024548, 41.118876856136396 ], [ -96.09225260353405, 41.118875994755719 ], [ -96.092253768849176, 41.119769149505856 ] ] ] } },
{ "type": "Feature", "properties": { "id": "31_4", "growth_scenario": "moderate", "market_gravity_weight": 75 }, "geometry": { "type": "Polygon", "coordinates": [ [ [ -96.143888957018504, 41.127759854675055 ], [ -96.143890774820974, 41.128653015665044 ], [ -96.142690186104673, 41.128654362369325 ], [ -96.142691988785458, 41.129547524066631 ], [ -96.141491384855982, 41.129548859505135 ], [ -96.1414931724143, 41.1304420219099 ], [ -96.140292553271635, 41.13044334608243 ], [ -96.140290780881315, 41.129550183659887 ], [ -96.139090176861885, 41.129551496530873 ], [ -96.139088419683986, 41.128658334780319 ], [ -96.139086662550511, 41.127765173719041 ], [ -96.140287236235054, 41.127763860883249 ], [ -96.140285463979097, 41.126870700528592 ], [ -96.141486022452, 41.126869376427123 ], [ -96.142686580879754, 41.1268680410423 ], [ -96.142688383469448, 41.127761201361281 ], [ -96.143888957018504, 41.127759854675055 ] ] ] } },
{ "type": "Feature", "properties": { "id": "31_5", "growth_scenario": "moderate", "market_gravity_weight": 75 }, "geometry": { "type": "Polygon", "coordinates": [ [ [ -96.044239555999738, 41.125153750118194 ], [ -96.04544008651115, 41.125153328695788 ], [ -96.045440660551634, 41.126046488597218 ], [ -96.04664120621473, 41.126046055886036 ], [ -96.046641795436287, 41.126939216470213 ], [ -96.045441234606614, 41.126939649187271 ], [ -96.045441808676088, 41.127832810466124 ], [ -96.044241232664945, 41.127833231905498 ], [ -96.044241791581612, 41.128726393879042 ], [ -96.044242350512377, 41.129619556542018 ], [ -96.043041744152063, 41.12961996670883 ], [ -96.043041200389013, 41.128726804040411 ], [ -96.043040656639704, 41.12783364206134 ], [ -96.043040112904123, 41.126940480771289 ], [ -96.043039569182298, 41.126047320170102 ], [ -96.043039025474201, 41.125154160257544 ], [ -96.043038481779831, 41.124261001033275 ], [ -96.044238997139558, 41.124260590899475 ], [ -96.044239555999738, 41.125153750118194 ] ] ] } },
{ "type": "Feature", "properties": { "id": "31_6", "growth_scenario": "moderate", "market_gravity_weight": 75 }, "geometry": { "type": "Polygon", "coordinates": [ [ [ -96.089909677465698, 41.164429480557594 ], [ -96.089910813917655, 41.165322670676659 ], [ -96.089911950398346, 41.166215861495182 ], [ -96.089913086907771, 41.167109053013576 ], [ -96.089914223445916, 41.168002245232003 ], [ -96.088712965318223, 41.168003084667696 ], [ -96.087511707162193, 41.168003912813084 ], [ -96.086310448978196, 41.168004729668191 ], [ -96.085109190766602, 41.168005535232979 ], [ -96.085108114965209, 41.167112342970391 ], [ -96.086309357992604, 41.167111537416432 ], [ -96.086308267034582, 41.166218345864742 ], [ -96.087509494850593, 41.166217529031591 ], [ -96.087508388736737, 41.165324338190644 ], [ -96.088709601341378, 41.165323510078586 ], [ -96.088708480072455, 41.164430319948252 ], [ -96.088707358831869, 41.163537130517277 ], [ -96.089908541042476, 41.163536291137902 ], [ -96.089909677465698, 41.164429480557594 ] ], [ [ -96.087510600992417, 41.167110720572303 ], [ -96.088711843964262, 41.167109892438027 ], [ -96.088710722638638, 41.166216700908393 ], [ -96.087509494850593, 41.166217529031591 ], [ -96.087510600992417, 41.167110720572303 ] ] ] } },
{ "type": "Feature", "properties": { "id": "31_7", "growth_scenario": "moderate", "market_gravity_weight": 75 }, "geometry": { "type": "Polygon", "coordinates": [ [ [ -96.086310448978196, 41.168004729668191 ], [ -96.086311539991357, 41.168897922620239 ], [ -96.086312631032129, 41.169791116272783 ], [ -96.085111342451015, 41.169791921859179 ], [ -96.08511241833402, 41.170685116223375 ], [ -96.083911114540371, 41.170685910529826 ], [ -96.083910053842715, 41.169792716154987 ], [ -96.082708765207585, 41.169793499160093 ], [ -96.082707719721697, 41.168900305475589 ], [ -96.081506446245101, 41.168901077179733 ], [ -96.081505415970213, 41.16800788418535 ], [ -96.082706674262241, 41.168007112491573 ], [ -96.082705628829203, 41.167113920207825 ], [ -96.083906871910614, 41.167113137234182 ], [ -96.085108114965209, 41.167112342970391 ], [ -96.085109190766602, 41.168005535232979 ], [ -96.086310448978196, 41.168004729668191 ] ] ] } },
{ "type": "Feature", "properties": { "id": "32_0", "growth_scenario": "moderate", "market_gravity_weight": 75 }, "geometry": { "type": "Polygon", "coordinates": [ [ [ -115.240150638216065, 36.079846068891683 ], [ -115.240375949156586, 36.080720772665025 ], [ -115.239278311947658, 36.080900319609583 ], [ -115.238180669534259, 36.08107985642836 ], [ -115.237083021916618, 36.081259383121278 ], [ -115.236857747407015, 36.080384673461189 ], [ -115.235760106729401, 36.08056418806617 ], [ -115.234662460848227, 36.080743692545283 ], [ -115.234437215830098, 36.079868977993037 ], [ -115.235534849567358, 36.079689475475782 ], [ -115.236632478101257, 36.079509962832809 ], [ -115.237730101431509, 36.079330440064091 ], [ -115.237504825186065, 36.078455730429212 ], [ -115.238602431169326, 36.078276199496976 ], [ -115.239700031948615, 36.078096658439179 ], [ -115.239925332480169, 36.078971364149822 ], [ -115.240150638216065, 36.079846068891683 ] ] ] } },
{ "type": "Feature", "properties": { "id": "32_1", "growth_scenario": "moderate", "market_gravity_weight": 75 }, "geometry": { "type": "Polygon", "coordinates": [ [ [ -115.173137248903032, 36.001465553132974 ], [ -115.17291294934374, 36.000590672584977 ], [ -115.174009580742862, 36.000411726174661 ], [ -115.175106206965182, 36.000232769645244 ], [ -115.176202828010446, 36.000053802996888 ], [ -115.177299443878411, 35.999874826229636 ], [ -115.178396054568807, 35.999695839343502 ], [ -115.17862041475253, 36.000570710138504 ], [ -115.178844780114261, 36.001445579950797 ], [ -115.177748145174519, 36.001624570738542 ], [ -115.176651505056896, 36.00180355140732 ], [ -115.176875851346495, 36.002678424139027 ], [ -115.175779193925806, 36.002857396639449 ], [ -115.175554859761576, 36.00198252195699 ], [ -115.174458209288872, 36.002161482387493 ], [ -115.174233892427395, 36.00128660477224 ], [ -115.173137248903032, 36.001465553132974 ] ] ] } },
{ "type": "Feature", "properties": { "id": "32_2", "growth_scenario": "moderate", "market_gravity_weight": 75 }, "geometry": { "type": "Polygon", "coordinates": [ [ [ -115.020283814295965, 36.110125374137048 ], [ -115.020506674276632, 36.111000472291437 ], [ -115.019408079492763, 36.111177991243224 ], [ -115.018309479556535, 36.111355500056675 ], [ -115.017210874468205, 36.111532998731676 ], [ -115.016988051019496, 36.110657894747867 ], [ -115.015889452956984, 36.110835381341445 ], [ -115.015666646837374, 36.109960274461827 ], [ -115.016765232722463, 36.109782789811128 ], [ -115.016542419576922, 36.108907683921295 ], [ -115.017640988133536, 36.108730191075196 ], [ -115.018739551538587, 36.108552688090917 ], [ -115.019838109791777, 36.1083751749686 ], [ -115.020060959467727, 36.109250275029524 ], [ -115.020283814295965, 36.110125374137048 ] ] ] } },
{ "type": "Feature", "properties": { "id": "32_3", "growth_scenario": "moderate", "market_gravity_weight": 75 }, "geometry": { "type": "Polygon", "coordinates": [ [ [ -115.177498665610344, 35.996196346334038 ], [ -115.177723005083834, 35.997071221061212 ], [ -115.177947349734637, 35.99794609480508 ], [ -115.176850763292535, 35.998125077789823 ], [ -115.175754171673248, 35.998304050655939 ], [ -115.174657574876989, 35.998483013403273 ], [ -115.173560972904042, 35.998661966031875 ], [ -115.173336676749386, 35.997787084486376 ], [ -115.173112385771006, 35.996912201957834 ], [ -115.174208963495616, 35.996733253229699 ], [ -115.173984665569535, 35.995858371668128 ], [ -115.175081225994163, 35.995679414771587 ], [ -115.176177781242401, 35.995500447756669 ], [ -115.176402103415541, 35.996375325417738 ], [ -115.177498665610344, 35.996196346334038 ] ] ] } },
{ "type": "Feature", "properties": { "id": "32_4", "growth_scenario": "moderate", "market_gravity_weight": 75 }, "geometry": { "type": "Polygon", "coordinates": [ [ [ -115.153164600400615, 36.213426743205332 ], [ -115.152939903081716, 36.212551955225379 ], [ -115.154039656428125, 36.212373219276465 ], [ -115.155139404573788, 36.212194473182848 ], [ -115.15623914751842, 36.212015716944521 ], [ -115.157338885261822, 36.21183695056159 ], [ -115.158438617803711, 36.211658174034085 ], [ -115.158663376098389, 36.212532952196568 ], [ -115.159763115633126, 36.212354163560761 ], [ -115.159987891324661, 36.213228938822091 ], [ -115.158888139595049, 36.213407729421725 ], [ -115.157788382663284, 36.213586509876663 ], [ -115.156688620529678, 36.213765280186927 ], [ -115.155588853194445, 36.213944040352331 ], [ -115.154489080657854, 36.214122790372869 ], [ -115.154264365942538, 36.213248005293146 ], [ -115.153164600400615, 36.213426743205332 ] ] ] } },
{ "type": "Feature", "properties": { "id": "32_5", "growth_scenario": "moderate", "market_gravity_weight": 75 }, "geometry": { "type": "Polygon", "coordinates": [ [ [ -115.205242838543185, 36.010806750358071 ], [ -115.206339541348299, 36.010627507664545 ], [ -115.207436238966949, 36.01044825485215 ], [ -115.207660966116052, 36.011323064039694 ], [ -115.206564256372559, 36.011502318806457 ], [ -115.206788976583468, 36.012377128966804 ], [ -115.20701370198114, 36.013251938145899 ], [ -115.20591696280033, 36.013431186702434 ], [ -115.204820218432772, 36.013610425139674 ], [ -115.204595517286265, 36.012735612051834 ], [ -115.203498779858094, 36.012914838415568 ], [ -115.203274096023463, 36.012040022392448 ], [ -115.203049417374686, 36.011165205388103 ], [ -115.204146130551891, 36.010985982932588 ], [ -115.203921444963711, 36.010111166900778 ], [ -115.205018140830077, 36.009931936280331 ], [ -115.205242838543185, 36.010806750358071 ] ] ] } },
{ "type": "Feature", "properties": { "id": "32_6", "growth_scenario": "moderate", "market_gravity_weight": 75 }, "geometry": { "type": "Polygon", "coordinates": [ [ [ -114.990856269471394, 36.048368458860317 ], [ -114.991078607874059, 36.049243650295232 ], [ -114.992176370922678, 36.049066384433978 ], [ -114.992398726622596, 36.04994157296786 ], [ -114.991300951413393, 36.050118840765421 ], [ -114.990203171067364, 36.050296098430593 ], [ -114.990425507582586, 36.051171289872499 ], [ -114.989327709938749, 36.051348539341504 ], [ -114.989105385584722, 36.050473345963447 ], [ -114.98800759496568, 36.050650583363797 ], [ -114.987785287909091, 36.049775387085369 ], [ -114.987562985988447, 36.048900189842328 ], [ -114.987340689203549, 36.048024991634627 ], [ -114.988438443340044, 36.047847760042082 ], [ -114.989536192340708, 36.047670518317275 ], [ -114.989758513446588, 36.048545712653201 ], [ -114.990856269471394, 36.048368458860317 ] ] ] } },
{ "type": "Feature", "properties": { "id": "34_0", "growth_scenario": "moderate", "market_gravity_weight": 75 }, "geometry": { "type": "Polygon", "coordinates": [ [ [ -74.324720428867025, 40.459604165701371 ], [ -74.325878962890002, 40.459806011087444 ], [ -74.325610054587003, 40.460675609083658 ], [ -74.325341139727399, 40.46154520698915 ], [ -74.324182578978736, 40.461343356458656 ], [ -74.323913644198996, 40.462212951701154 ], [ -74.323644702861898, 40.463082546853272 ], [ -74.322486121943953, 40.462880680602197 ], [ -74.322755076644412, 40.462011088022713 ], [ -74.323024024787188, 40.461141495352678 ], [ -74.323292966372563, 40.460271902591856 ], [ -74.323561901400737, 40.459402309740099 ], [ -74.322403380491409, 40.459200443203699 ], [ -74.322672322324593, 40.458330852832987 ], [ -74.32294125760076, 40.45746126237087 ], [ -74.324099751786491, 40.457663123762813 ], [ -74.325258252528698, 40.457864974579856 ], [ -74.324989343976085, 40.458734570186195 ], [ -74.324720428867025, 40.459604165701371 ] ] ] } },
{ "type": "Feature", "properties": { "id": "34_1", "growth_scenario": "moderate", "market_gravity_weight": 75 }, "geometry": { "type": "Polygon", "coordinates": [ [ [ -74.349335891785159, 40.451060771226629 ], [ -74.349067302383361, 40.451930414197882 ], [ -74.347908830682357, 40.451728782008026 ], [ -74.34764022136919, 40.452598422318765 ], [ -74.346481742854152, 40.452396776984635 ], [ -74.346750365530042, 40.451527139242856 ], [ -74.345591906926714, 40.451325485902473 ], [ -74.345860536415813, 40.450455850637816 ], [ -74.344702097723712, 40.450254189291343 ], [ -74.344970734025466, 40.449384556503411 ], [ -74.346129159355883, 40.449586215280945 ], [ -74.347287591235101, 40.4497878634836 ], [ -74.347556194264769, 40.448918225465597 ], [ -74.34871461933065, 40.449119860524533 ], [ -74.349873050944495, 40.449321485008511 ], [ -74.349604474638795, 40.450191128163567 ], [ -74.349335891785159, 40.451060771226629 ] ] ] } },
{ "type": "Feature", "properties": { "id": "34_2", "growth_scenario": "moderate", "market_gravity_weight": 75 }, "geometry": { "type": "Polygon", "coordinates": [ [ [ -74.344080958357949, 40.448313256839668 ], [ -74.345239363778134, 40.448514923623101 ], [ -74.344970734025466, 40.449384556503411 ], [ -74.344702097723712, 40.450254189291343 ], [ -74.345860536415813, 40.450455850637816 ], [ -74.345591906926714, 40.451325485902473 ], [ -74.345323270888329, 40.452195121075171 ], [ -74.344164805472005, 40.451993454590387 ], [ -74.343006346605492, 40.451791777530495 ], [ -74.343275009368142, 40.450922147496271 ], [ -74.343543665580953, 40.450052517369897 ], [ -74.342385239987777, 40.44985083487353 ], [ -74.341226820944513, 40.449649141802524 ], [ -74.341495497329888, 40.448779516722176 ], [ -74.342653903012177, 40.448981207223945 ], [ -74.342922559486908, 40.448111579481591 ], [ -74.343191209412197, 40.447241951646348 ], [ -74.344349594922633, 40.447443626435458 ], [ -74.344080958357949, 40.448313256839668 ] ] ] } },
{ "type": "Feature", "properties": { "id": "34_3", "growth_scenario": "moderate", "market_gravity_weight": 75 }, "geometry": { "type": "Polygon", "coordinates": [ [ [ -74.313613460521623, 40.440255573468932 ], [ -74.313344476415722, 40.441125134665626 ], [ -74.31450267819902, 40.441327081789026 ], [ -74.31566088653851, 40.441529018340347 ], [ -74.315391922584837, 40.442398584584005 ], [ -74.314233700890881, 40.442196645461095 ], [ -74.313964717026337, 40.443066209037255 ], [ -74.313695726605147, 40.443935772517662 ], [ -74.312537484758309, 40.443733817679011 ], [ -74.312806488534292, 40.442864256770413 ], [ -74.311648266599178, 40.442662293931456 ], [ -74.311917277172512, 40.441792735498915 ], [ -74.310759075148667, 40.44159076465985 ], [ -74.311028092518768, 40.440721208703081 ], [ -74.31129710333181, 40.439851652649843 ], [ -74.312455278648457, 40.440053618345267 ], [ -74.312724269551538, 40.439184059623706 ], [ -74.313882438071289, 40.439386012175852 ], [ -74.313613460521623, 40.440255573468932 ] ] ] } },
{ "type": "Feature", "properties": { "id": "34_4", "growth_scenario": "moderate", "market_gravity_weight": 75 }, "geometry": { "type": "Polygon", "coordinates": [ [ [ -74.511747784699111, 40.853006338387011 ], [ -74.510582303369191, 40.852806138911916 ], [ -74.510314170203898, 40.853676367542931 ], [ -74.509148681913786, 40.853476154836976 ], [ -74.508880528634506, 40.854346380895954 ], [ -74.507715033384684, 40.854146154958883 ], [ -74.507983200200854, 40.853275931489399 ], [ -74.506817725065389, 40.853075697500316 ], [ -74.50708589884043, 40.852205476637693 ], [ -74.507354066037976, 40.851335255792016 ], [ -74.508519514101039, 40.851535484602081 ], [ -74.508787661185508, 40.850665261183849 ], [ -74.509953102289558, 40.85086547676341 ], [ -74.511118549970078, 40.851065681701691 ], [ -74.512284004226743, 40.851265875998649 ], [ -74.51201589775097, 40.852136107184236 ], [ -74.511747784699111, 40.853006338387011 ] ], [ [ -74.510850429957827, 40.851935910298302 ], [ -74.50968496874107, 40.851735702770888 ], [ -74.509416828615898, 40.852605928795349 ], [ -74.510582303369191, 40.852806138911916 ], [ -74.510850429957827, 40.851935910298302 ] ] ] } },
{ "type": "Feature", "properties": { "id": "34_5", "growth_scenario": "moderate", "market_gravity_weight": 75 }, "geometry": { "type": "Polygon", "coordinates": [ [ [ -74.116555340087274, 40.78994953535058 ], [ -74.117718669207832, 40.790153331544708 ], [ -74.11888200500492, 40.790357117127819 ], [ -74.118609310301451, 40.791226472008077 ], [ -74.117445961045917, 40.791022683797877 ], [ -74.116282618467139, 40.790818884976638 ], [ -74.116009890169948, 40.791688234582679 ], [ -74.114846540809992, 40.79148442252297 ], [ -74.115119282565445, 40.790615075544316 ], [ -74.113955953341105, 40.79041125550112 ], [ -74.114228701876939, 40.789541911129717 ], [ -74.113065392787746, 40.789338083103182 ], [ -74.113338148103352, 40.788468741338832 ], [ -74.114501443735364, 40.788672566737951 ], [ -74.114774178916605, 40.787803222325664 ], [ -74.115937467768632, 40.78800703448703 ], [ -74.117100763297287, 40.788210836037841 ], [ -74.116828055030567, 40.789080185704407 ], [ -74.116555340087274, 40.78994953535058 ] ] ] } },
{ "type": "Feature", "properties": { "id": "34_6", "growth_scenario": "moderate", "market_gravity_weight": 75 }, "geometry": { "type": "Polygon", "coordinates": [ [ [ -74.322403380491409, 40.459200443203699 ], [ -74.322134432100967, 40.460070033483085 ], [ -74.320975904386856, 40.459868153799235 ], [ -74.3198173832305, 40.459666263540264 ], [ -74.318658868632198, 40.459464362706456 ], [ -74.317500360592234, 40.459262451297754 ], [ -74.317769362429289, 40.458392871308995 ], [ -74.318927857107937, 40.458594780144814 ], [ -74.319196839025579, 40.457725197491619 ], [ -74.319465814385325, 40.456855614746623 ], [ -74.320624288899893, 40.45705750786265 ], [ -74.321782769971804, 40.457259390404104 ], [ -74.32294125760076, 40.45746126237087 ], [ -74.322672322324593, 40.458330852832987 ], [ -74.322403380491409, 40.459200443203699 ] ] ] } },
{ "type": "Feature", "properties": { "id": "34_7", "growth_scenario": "moderate", "market_gravity_weight": 75 }, "geometry": { "type": "Polygon", "coordinates": [ [ [ -74.484348740402481, 40.404857338098729 ], [ -74.484081969884812, 40.405727241545392 ], [ -74.485240078473353, 40.405927621663068 ], [ -74.486398193563573, 40.406127991204549 ], [ -74.48613144327301, 40.406997899654264 ], [ -74.48497331481812, 40.406797527563448 ], [ -74.484706544660966, 40.407667433368267 ], [ -74.483548409343271, 40.407467048151531 ], [ -74.483281619318944, 40.408336951311412 ], [ -74.482123477138927, 40.408136552968458 ], [ -74.482390280528037, 40.407266652358388 ], [ -74.482657077414387, 40.406396751652835 ], [ -74.482923867798249, 40.405526850851508 ], [ -74.481765772213976, 40.405326449581644 ], [ -74.482032569459221, 40.40445655123402 ], [ -74.483190651679834, 40.404656949954379 ], [ -74.483457429059385, 40.4037870489611 ], [ -74.4846155044184, 40.403987434556115 ], [ -74.485773586278953, 40.404187809575177 ], [ -74.485506835626879, 40.405057715667098 ], [ -74.484348740402481, 40.404857338098729 ] ] ] } },
{ "type": "Feature", "properties": { "id": "34_8", "growth_scenario": "moderate", "market_gravity_weight": 75 }, "geometry": { "type": "Polygon", "coordinates": [ [ [ -74.488981160307674, 40.405658784914877 ], [ -74.487823045579759, 40.405458439075218 ], [ -74.487556315155217, 40.40632835016963 ], [ -74.487289578229536, 40.407198261168631 ], [ -74.487022834802517, 40.408068172072312 ], [ -74.485864686480795, 40.407867808008625 ], [ -74.48613144327301, 40.406997899654264 ], [ -74.486398193563573, 40.406127991204549 ], [ -74.485240078473353, 40.405927621663068 ], [ -74.485506835626879, 40.405057715667098 ], [ -74.485773586278953, 40.404187809575177 ], [ -74.486040330429802, 40.40331790338724 ], [ -74.48719840542779, 40.403518265281264 ], [ -74.488356486926463, 40.403718616599214 ], [ -74.489514574925551, 40.403918957341098 ], [ -74.489247870866791, 40.404788871175889 ], [ -74.488981160307674, 40.405658784914877 ] ] ] } },
{ "type": "Feature", "properties": { "id": "36_0", "growth_scenario": "moderate", "market_gravity_weight": 75 }, "geometry": { "type": "Polygon", "coordinates": [ [ [ -74.024942367177161, 41.150939206445067 ], [ -74.026111374185717, 41.151143900379424 ], [ -74.025836145912351, 41.15201330982196 ], [ -74.025560910867611, 41.152882719330918 ], [ -74.025285669051243, 41.153752128906632 ], [ -74.025010420463033, 41.154621538549144 ], [ -74.023841359120581, 41.154416833921452 ], [ -74.024116621292691, 41.153547426952436 ], [ -74.022947580306308, 41.153342714339907 ], [ -74.023222849289667, 41.152473310111127 ], [ -74.022053828658869, 41.152268589513895 ], [ -74.022329104452851, 41.151399188025081 ], [ -74.022604373474593, 41.150529786602448 ], [ -74.02377336694002, 41.150734501852718 ], [ -74.024048615607498, 41.149865097822627 ], [ -74.02521760226216, 41.150069799741829 ], [ -74.024942367177161, 41.150939206445067 ] ] ] } },
{ "type": "Feature", "properties": { "id": "36_1", "growth_scenario": "moderate", "market_gravity_weight": 75 }, "geometry": { "type": "Polygon", "coordinates": [ [ [ -74.028185826012049, 41.074431637636557 ], [ -74.029353578293509, 41.074636288460347 ], [ -74.030521337330555, 41.074840928636966 ], [ -74.030246460074423, 41.07571029060734 ], [ -74.031414239421338, 41.075914922801665 ], [ -74.031139368964617, 41.076784287484273 ], [ -74.030864491752411, 41.077653652214522 ], [ -74.029696685295377, 41.077449014689975 ], [ -74.029421787771966, 41.07831837680272 ], [ -74.028253974515664, 41.07811372596516 ], [ -74.028528885594326, 41.077244366517832 ], [ -74.028803789916694, 41.076375007118031 ], [ -74.027636010526663, 41.076170350963814 ], [ -74.027910921647418, 41.075300994276702 ], [ -74.026743162567911, 41.075096330140489 ], [ -74.027018080486442, 41.074226976165647 ], [ -74.027292991648821, 41.073357622237509 ], [ -74.028460723620839, 41.073562281043252 ], [ -74.028185826012049, 41.074431637636557 ] ] ] } },
{ "type": "Feature", "properties": { "id": "36_2", "growth_scenario": "moderate", "market_gravity_weight": 75 }, "geometry": { "type": "Polygon", "coordinates": [ [ [ -74.121043000609305, 41.120023266550177 ], [ -74.120769060871453, 41.120892856577655 ], [ -74.120495114395325, 41.121762446668981 ], [ -74.119326320491652, 41.121558621493755 ], [ -74.119052353691828, 41.122428208989533 ], [ -74.117883552942047, 41.12222437049558 ], [ -74.118157533326766, 41.121354785659484 ], [ -74.116988752901023, 41.121150939166242 ], [ -74.117262740131011, 41.120281357053656 ], [ -74.117536720621828, 41.119411775004544 ], [ -74.118705473879132, 41.119615616178486 ], [ -74.118979434047233, 41.118746031533263 ], [ -74.12014818045914, 41.118949859389133 ], [ -74.121316933609108, 41.119153676586336 ], [ -74.122485693496898, 41.119357483124702 ], [ -74.122211774081606, 41.120227075747628 ], [ -74.121043000609305, 41.120023266550177 ] ] ] } },
{ "type": "Feature", "properties": { "id": "36_3", "growth_scenario": "moderate", "market_gravity_weight": 75 }, "geometry": { "type": "Polygon", "coordinates": [ [ [ -73.957141050845848, 41.088571866145344 ], [ -73.958308830696467, 41.088777169286139 ], [ -73.959476617325592, 41.08898246178169 ], [ -73.959200812013819, 41.089851680950133 ], [ -73.958924999923553, 41.090720900165444 ], [ -73.958649181054582, 41.09159011942787 ], [ -73.958373355406621, 41.092459338737548 ], [ -73.957205514577026, 41.092254035543476 ], [ -73.957481353775535, 41.091384818908587 ], [ -73.956313533275747, 41.091179507743753 ], [ -73.956589379245017, 41.090310293830839 ], [ -73.955421579074567, 41.090104974695478 ], [ -73.955697431814016, 41.089235763504192 ], [ -73.955973277774078, 41.088366552359446 ], [ -73.956249116955036, 41.087497341260985 ], [ -73.957416876477907, 41.087702652372357 ], [ -73.957141050845848, 41.088571866145344 ] ] ] } },
{ "type": "Feature", "properties": { "id": "36_4", "growth_scenario": "moderate", "market_gravity_weight": 75 }, "geometry": { "type": "Polygon", "coordinates": [ [ [ -74.000201776252482, 41.248468658997972 ], [ -73.999925849322977, 41.249338087826409 ], [ -73.999649915595981, 41.250207516744801 ], [ -73.998479344642504, 41.25000256267716 ], [ -73.998203390500379, 41.250871988999599 ], [ -73.997032812727753, 41.250667021574742 ], [ -73.995862241753713, 41.250462043478834 ], [ -73.99613822312989, 41.249592622528986 ], [ -73.99641419770748, 41.24872320166893 ], [ -73.996690165486669, 41.247853780898467 ], [ -73.996966126467754, 41.24698436021734 ], [ -73.99813664297595, 41.247189327568641 ], [ -73.99930716628171, 41.247394284249332 ], [ -73.999031232532914, 41.248263710302226 ], [ -74.000201776252482, 41.248468658997972 ] ] ] } },
{ "type": "Feature", "properties": { "id": "36_5", "growth_scenario": "moderate", "market_gravity_weight": 75 }, "geometry": { "type": "Polygon", "coordinates": [ [ [ -74.201075383216235, 41.159633495799113 ], [ -74.199905730957724, 41.159430401354257 ], [ -74.199632609003302, 41.16030018997288 ], [ -74.198462949856847, 41.160097082204587 ], [ -74.198736085422155, 41.15922729624036 ], [ -74.197566446609883, 41.159024180457457 ], [ -74.197293297433916, 41.159893963767225 ], [ -74.196123651734794, 41.159690834660829 ], [ -74.196396814521179, 41.158821054005664 ], [ -74.196669970583699, 41.157951273428253 ], [ -74.196943119922594, 41.157081492928462 ], [ -74.198112724791386, 41.157284614071443 ], [ -74.199282336383234, 41.157487724545724 ], [ -74.200451954697883, 41.157690824351263 ], [ -74.201621579735004, 41.157893913487939 ], [ -74.201348484836842, 41.158763704604468 ], [ -74.201075383216235, 41.159633495799113 ] ] ] } },
{ "type": "Feature", "properties": { "id": "36_6", "growth_scenario": "moderate", "market_gravity_weight": 75 }, "geometry": { "type": "Polygon", "coordinates": [ [ [ -74.002266984387887, 41.24974795857635 ], [ -74.00343756211582, 41.249952877944594 ], [ -74.003161669241621, 41.250822314920256 ], [ -74.002885769570597, 41.251691751986364 ], [ -74.001715164606665, 41.251486827246801 ], [ -74.000544566440141, 41.251281891835688 ], [ -73.999373975071265, 41.25107694575324 ], [ -73.999098027748573, 41.251946374852118 ], [ -73.997927429559994, 41.251741415412241 ], [ -73.996756838169915, 41.251536445301035 ], [ -73.997032812727753, 41.250667021574742 ], [ -73.998203390500379, 41.250871988999599 ], [ -73.998479344642504, 41.25000256267716 ], [ -73.999649915595981, 41.250207516744801 ], [ -73.999925849322977, 41.249338087826409 ], [ -74.001096413456835, 41.249543028536962 ], [ -74.001372326769285, 41.248673597022758 ], [ -74.002542884083041, 41.248878524376579 ], [ -74.002266984387887, 41.24974795857635 ] ] ] } },
{ "type": "Feature", "properties": { "id": "36_7", "growth_scenario": "moderate", "market_gravity_weight": 75 }, "geometry": { "type": "Polygon", "coordinates": [ [ [ -74.201698846011027, 41.161576167507313 ], [ -74.201425737833645, 41.16244596159158 ], [ -74.2002560380174, 41.16224286985323 ], [ -74.199086344924552, 41.162039767445322 ], [ -74.198813202799755, 41.162909556299525 ], [ -74.197643502818835, 41.16270644056744 ], [ -74.197370340357992, 41.163576226845812 ], [ -74.196200633489468, 41.163373097789361 ], [ -74.19647380956215, 41.162503314165967 ], [ -74.195304123030013, 41.162300177095062 ], [ -74.19557730598946, 41.161430396205354 ], [ -74.196746978910284, 41.16163353062128 ], [ -74.197020141534125, 41.160763747155123 ], [ -74.198189807568014, 41.16096686824708 ], [ -74.198462949856847, 41.160097082204587 ], [ -74.199632609003302, 41.16030018997288 ], [ -74.200802274872956, 41.160503287071954 ], [ -74.200529159806763, 41.161373078423267 ], [ -74.201698846011027, 41.161576167507313 ] ] ] } },
{ "type": "Feature", "properties": { "id": "36_8", "growth_scenario": "moderate", "market_gravity_weight": 75 }, "geometry": { "type": "Polygon", "coordinates": [ [ [ -73.969378409909808, 41.221040805982398 ], [ -73.969102210657383, 41.221910146802543 ], [ -73.96882600460394, 41.222779487703853 ], [ -73.969996038135648, 41.222984708014998 ], [ -73.969719838883591, 41.223854051684356 ], [ -73.970889892819173, 41.224059264016581 ], [ -73.9706137003691, 41.224928610454413 ], [ -73.969443632830306, 41.224723395435426 ], [ -73.968273572092968, 41.224518169750738 ], [ -73.967103518157415, 41.224312933400441 ], [ -73.967379751416374, 41.223443595023191 ], [ -73.966209717885334, 41.22323835069443 ], [ -73.966485957944641, 41.222369015085569 ], [ -73.966762191202093, 41.221499679557816 ], [ -73.96793219752908, 41.221704918512792 ], [ -73.968208410383326, 41.22083558037923 ], [ -73.968484616436513, 41.219966242326464 ], [ -73.969654602361459, 41.220171465243197 ], [ -73.969378409909808, 41.221040805982398 ] ] ] } },
{ "type": "Feature", "properties": { "id": "37_0", "growth_scenario": "moderate", "market_gravity_weight": 75 }, "geometry": { "type": "Polygon", "coordinates": [ [ [ -78.302978451530919, 35.807179796486437 ], [ -78.302771736855064, 35.808057479206994 ], [ -78.302565017405939, 35.808935160962868 ], [ -78.301467809131339, 35.808769794856296 ], [ -78.30037060563042, 35.80860441859511 ], [ -78.299273406903467, 35.808439032179216 ], [ -78.298176212950736, 35.808273635608685 ], [ -78.298382981270933, 35.807395961034459 ], [ -78.298589744816823, 35.806518285495244 ], [ -78.299686914334757, 35.806683678474727 ], [ -78.299893660889495, 35.805806000175089 ], [ -78.300990822964152, 35.805971381204827 ], [ -78.302087989812307, 35.806136752080249 ], [ -78.301881267692067, 35.807014433970402 ], [ -78.302978451530919, 35.807179796486437 ] ] ] } },
{ "type": "Feature", "properties": { "id": "37_1", "growth_scenario": "moderate", "market_gravity_weight": 75 }, "geometry": { "type": "Polygon", "coordinates": [ [ [ -78.30689003711656, 35.805042753002482 ], [ -78.306683373411431, 35.805920444002076 ], [ -78.306476704934326, 35.806798134036846 ], [ -78.305379518994926, 35.806632803779607 ], [ -78.304282337827942, 35.806467463367646 ], [ -78.303185161433646, 35.806302112801184 ], [ -78.303391866563445, 35.805424428150936 ], [ -78.303598566920456, 35.804546742535607 ], [ -78.304695718880225, 35.804712089512279 ], [ -78.304902402247734, 35.803834401136825 ], [ -78.305109080843067, 35.802956711795972 ], [ -78.30620621314138, 35.803122045028971 ], [ -78.307303350211455, 35.803287368107732 ], [ -78.30709669604984, 35.804165061037743 ], [ -78.30689003711656, 35.805042753002482 ] ] ] } },
{ "type": "Feature", "properties": { "id": "37_2", "growth_scenario": "moderate", "market_gravity_weight": 75 }, "geometry": { "type": "Polygon", "coordinates": [ [ [ -78.298589744816823, 35.806518285495244 ], [ -78.298382981270933, 35.807395961034459 ], [ -78.298176212950736, 35.808273635608685 ], [ -78.299273406903467, 35.808439032179216 ], [ -78.299066646026574, 35.809316707584394 ], [ -78.297969439856061, 35.809151309218294 ], [ -78.296872238460168, 35.808985900697508 ], [ -78.295775041839192, 35.808820482022227 ], [ -78.294677849993391, 35.808655053192396 ], [ -78.294884659740447, 35.807777384970279 ], [ -78.295091464712243, 35.806899715783203 ], [ -78.296188632123716, 35.807065141021255 ], [ -78.29639542010365, 35.806187469073329 ], [ -78.297492580073026, 35.806352882361431 ], [ -78.297699351061596, 35.805475207652627 ], [ -78.298796503588548, 35.805640608990984 ], [ -78.298589744816823, 35.806518285495244 ] ] ] } },
{ "type": "Feature", "properties": { "id": "37_3", "growth_scenario": "moderate", "market_gravity_weight": 75 }, "geometry": { "type": "Polygon", "coordinates": [ [ [ -78.304218639356435, 35.801913679896984 ], [ -78.304011953316788, 35.802791368408805 ], [ -78.305109080843067, 35.802956711795972 ], [ -78.304902402247734, 35.803834401136825 ], [ -78.304695718880225, 35.804712089512279 ], [ -78.303598566920456, 35.804546742535607 ], [ -78.303391866563445, 35.805424428150936 ], [ -78.302294707159319, 35.805259069225009 ], [ -78.302501419733318, 35.804381385404582 ], [ -78.301404277319051, 35.804216018119369 ], [ -78.301610997336709, 35.803338335128608 ], [ -78.301817712581368, 35.802460651172126 ], [ -78.302024423053211, 35.801582966249903 ], [ -78.303121528818622, 35.801748328150431 ], [ -78.303328222302071, 35.800870640467409 ], [ -78.304425320623963, 35.801035990419351 ], [ -78.304218639356435, 35.801913679896984 ] ] ] } },
{ "type": "Feature", "properties": { "id": "37_4", "growth_scenario": "moderate", "market_gravity_weight": 75 }, "geometry": { "type": "Polygon", "coordinates": [ [ [ -78.299210006810199, 35.803885253086477 ], [ -78.30030713967794, 35.804050640680011 ], [ -78.300100402670495, 35.804928320910186 ], [ -78.301197552528265, 35.805093700144752 ], [ -78.300990822964152, 35.805971381204827 ], [ -78.299893660889495, 35.805806000175089 ], [ -78.299686914334757, 35.806683678474727 ], [ -78.298589744816823, 35.806518285495244 ], [ -78.298796503588548, 35.805640608990984 ], [ -78.297699351061596, 35.805475207652627 ], [ -78.297492580073026, 35.806352882361431 ], [ -78.29639542010365, 35.806187469073329 ], [ -78.296602203308893, 35.805309796160103 ], [ -78.29680898173963, 35.804432122281519 ], [ -78.297015755396004, 35.803554447437357 ], [ -78.29811287871614, 35.80371985533889 ], [ -78.298319635382441, 35.802842177733623 ], [ -78.299416751260452, 35.803007573685903 ], [ -78.299210006810199, 35.803885253086477 ] ] ] } },
{ "type": "Feature", "properties": { "id": "37_5", "growth_scenario": "moderate", "market_gravity_weight": 75 }, "geometry": { "type": "Polygon", "coordinates": [ [ [ -78.292960168375629, 35.81112260769801 ], [ -78.292753327307693, 35.812000270265756 ], [ -78.291656096142518, 35.811834813941914 ], [ -78.291449238079963, 35.812712473749023 ], [ -78.290351999473273, 35.812547005473931 ], [ -78.289254765643605, 35.812381527044082 ], [ -78.289461648142236, 35.811503870830229 ], [ -78.289668525863718, 35.810626213651972 ], [ -78.289875398808235, 35.809748555509138 ], [ -78.29097259598484, 35.809914028549215 ], [ -78.291179451935392, 35.809036367645227 ], [ -78.292276641671208, 35.809201828734487 ], [ -78.293373836183122, 35.809367279669374 ], [ -78.293167004667396, 35.810244944165923 ], [ -78.292960168375629, 35.81112260769801 ] ] ] } },
{ "type": "Feature", "properties": { "id": "38_0", "growth_scenario": "moderate", "market_gravity_weight": 75 }, "geometry": { "type": "Polygon", "coordinates": [ [ [ -96.886765155327552, 46.776846249344622 ], [ -96.886777326211998, 46.77774924151138 ], [ -96.885473029727521, 46.777757661605385 ], [ -96.885485183046356, 46.77866065646942 ], [ -96.884180868328585, 46.778669064309625 ], [ -96.884193004080842, 46.7795720618712 ], [ -96.882888671129734, 46.779580457457136 ], [ -96.882876553277683, 46.778677459756594 ], [ -96.882864435758265, 46.777774464614239 ], [ -96.882852318571437, 46.776871472029896 ], [ -96.882840201717229, 46.775968482003073 ], [ -96.884144463070456, 46.775960086973157 ], [ -96.885448724090594, 46.775951679550573 ], [ -96.886752984777175, 46.775943259735364 ], [ -96.888057245129687, 46.775934827527571 ], [ -96.888069433578764, 46.776837816997194 ], [ -96.886765155327552, 46.776846249344622 ] ] ] } },
{ "type": "Feature", "properties": { "id": "38_1", "growth_scenario": "moderate", "market_gravity_weight": 75 }, "geometry": { "type": "Polygon", "coordinates": [ [ [ -96.881756507091552, 46.889782270823808 ], [ -96.88176863003973, 46.890685586208768 ], [ -96.880462090608717, 46.89069396169306 ], [ -96.879155550844885, 46.890702324758593 ], [ -96.879143463818366, 46.889799009095285 ], [ -96.877836941683029, 46.889807359603104 ], [ -96.876530419215825, 46.889815697692356 ], [ -96.876518368442419, 46.888912384354064 ], [ -96.876506318000338, 46.888009073617901 ], [ -96.877812804547261, 46.888000735805939 ], [ -96.879119290762375, 46.887992385575878 ], [ -96.880425776645168, 46.887984022927554 ], [ -96.881732262195172, 46.887975647861133 ], [ -96.881744384476704, 46.888878958041353 ], [ -96.881756507091552, 46.889782270823808 ] ] ] } },
{ "type": "Feature", "properties": { "id": "38_2", "growth_scenario": "moderate", "market_gravity_weight": 75 }, "geometry": { "type": "Polygon", "coordinates": [ [ [ -96.874181783652617, 46.90970589523176 ], [ -96.875488702035867, 46.909697578936445 ], [ -96.875500742462137, 46.910600952363239 ], [ -96.875512783219605, 46.911504328400923 ], [ -96.874205828892315, 46.911512644973016 ], [ -96.872898874234352, 46.911520949121581 ], [ -96.871591919246171, 46.911529240846527 ], [ -96.870284963928299, 46.91153752014791 ], [ -96.870272995059977, 46.910634143557822 ], [ -96.870261026520851, 46.909730769578616 ], [ -96.87024905831089, 46.908827398209965 ], [ -96.871555959713348, 46.908819119321954 ], [ -96.872862860786142, 46.908810828010964 ], [ -96.872874864938694, 46.909714199103881 ], [ -96.874181783652617, 46.90970589523176 ] ] ] } },
{ "type": "Feature", "properties": { "id": "38_3", "growth_scenario": "moderate", "market_gravity_weight": 75 }, "geometry": { "type": "Polygon", "coordinates": [ [ [ -96.907646024193895, 46.777612834558063 ], [ -96.907658481805569, 46.77851582702398 ], [ -96.906354172825942, 46.77852444554857 ], [ -96.906366612879623, 46.77942744071526 ], [ -96.90637905327479, 46.780330438440501 ], [ -96.905074708153279, 46.780339044856994 ], [ -96.905087130988989, 46.781242045283612 ], [ -96.903782767625486, 46.781250639448793 ], [ -96.90377036269075, 46.780347638879881 ], [ -96.90375795809652, 46.779444640869876 ], [ -96.903745553842796, 46.778541645418308 ], [ -96.903733149929579, 46.777638652524921 ], [ -96.903720746356797, 46.776735662189296 ], [ -96.905025020220378, 46.776727068735667 ], [ -96.906329293742985, 46.77671846288915 ], [ -96.906341733113749, 46.777621452939975 ], [ -96.907646024193895, 46.777612834558063 ] ] ] } },
{ "type": "Feature", "properties": { "id": "38_4", "growth_scenario": "moderate", "market_gravity_weight": 75 }, "geometry": { "type": "Polygon", "coordinates": [ [ [ -96.889398125196081, 46.778635358589376 ], [ -96.889410332549033, 46.779538355592763 ], [ -96.888106000933405, 46.779546800752541 ], [ -96.886801668983168, 46.779555233518821 ], [ -96.88681384086992, 46.780458233360328 ], [ -96.885509490684882, 46.780466653872615 ], [ -96.885497336698819, 46.779563653891735 ], [ -96.884193004080842, 46.7795720618712 ], [ -96.884180868328585, 46.778669064309625 ], [ -96.885485183046356, 46.77866065646942 ], [ -96.885473029727521, 46.777757661605385 ], [ -96.886777326211998, 46.77774924151138 ], [ -96.886765155327552, 46.776846249344622 ], [ -96.888069433578764, 46.776837816997194 ], [ -96.889373711495409, 46.776829372256913 ], [ -96.88938591817822, 46.777732364144228 ], [ -96.889398125196081, 46.778635358589376 ] ] ] } },
{ "type": "Feature", "properties": { "id": "38_5", "growth_scenario": "moderate", "market_gravity_weight": 75 }, "geometry": { "type": "Polygon", "coordinates": [ [ [ -96.878078386065297, 46.9078741706088 ], [ -96.879385267511609, 46.90786581732214 ], [ -96.879397361187827, 46.908769185111808 ], [ -96.880704260272253, 46.908760819263165 ], [ -96.880716372252323, 46.90966418952376 ], [ -96.882023288974821, 46.909655811112756 ], [ -96.882035419259722, 46.910559183844406 ], [ -96.880728484565509, 46.910567562394874 ], [ -96.879421549538165, 46.910575928521993 ], [ -96.878114614178145, 46.910584282225777 ], [ -96.876807678485989, 46.91059262350614 ], [ -96.876795620087947, 46.909689250218051 ], [ -96.876783562021572, 46.908785879540318 ], [ -96.87677150428685, 46.907882511472799 ], [ -96.876759446883753, 46.906979146015019 ], [ -96.878066310691921, 46.906970805289824 ], [ -96.878078386065297, 46.9078741706088 ] ] ] } },
{ "type": "Feature", "properties": { "id": "38_6", "growth_scenario": "moderate", "market_gravity_weight": 75 }, "geometry": { "type": "Polygon", "coordinates": [ [ [ -96.87256394949479, 46.984711437503307 ], [ -96.872551935903886, 46.983807848366077 ], [ -96.873860330278148, 46.983799545577462 ], [ -96.875168724321128, 46.983791230348743 ], [ -96.876477118032298, 46.983782902679884 ], [ -96.87778551141119, 46.983774562570851 ], [ -96.879093904457321, 46.983766210021678 ], [ -96.879106008110028, 46.984669798463976 ], [ -96.879118112096023, 46.985573389546815 ], [ -96.877809683024736, 46.985581742374805 ], [ -96.876501253620646, 46.985590082762243 ], [ -96.876513321913279, 46.986493676764695 ], [ -96.875204874163529, 46.986502004850593 ], [ -96.875192823884248, 46.985598410709102 ], [ -96.873884393816027, 46.985606726215465 ], [ -96.873872361881439, 46.984703134576129 ], [ -96.87256394949479, 46.984711437503307 ] ] ] } },
{ "type": "Feature", "properties": { "id": "38_7", "growth_scenario": "moderate", "market_gravity_weight": 75 }, "geometry": { "type": "Polygon", "coordinates": [ [ [ -96.875187798970714, 46.887114090738834 ], [ -96.876494267889569, 46.88710576548354 ], [ -96.877800736477113, 46.887097427810289 ], [ -96.877812804547261, 46.888000735805939 ], [ -96.876506318000338, 46.888009073617901 ], [ -96.876518368442419, 46.888912384354064 ], [ -96.876530419215825, 46.889815697692356 ], [ -96.875223896417282, 46.889824023362962 ], [ -96.873917373287881, 46.889832336614987 ], [ -96.873905358435238, 46.88892902299996 ], [ -96.872598852935894, 46.888937323695302 ], [ -96.87258685637353, 46.888034012544473 ], [ -96.872574860141029, 46.88713070399541 ], [ -96.873881329721044, 46.887122403576122 ], [ -96.873869315859437, 46.886219097766613 ], [ -96.875175767150182, 46.886210785067519 ], [ -96.875187798970714, 46.887114090738834 ] ] ] } },
{ "type": "Feature", "properties": { "id": "39_0", "growth_scenario": "moderate", "market_gravity_weight": 75 }, "geometry": { "type": "Polygon", "coordinates": [ [ [ -82.994786177529335, 39.855329803509335 ], [ -82.993617865681074, 39.855208051036328 ], [ -82.993456961231843, 39.856092132995457 ], [ -82.993296052826295, 39.856976215087705 ], [ -82.99313514046429, 39.857860297313415 ], [ -82.992974224145684, 39.858744379672743 ], [ -82.991805859889496, 39.858622610162492 ], [ -82.990637499590406, 39.858500829789499 ], [ -82.990798444091922, 39.857616750518069 ], [ -82.99095938463617, 39.856732671380065 ], [ -82.992127716752833, 39.856854448665118 ], [ -82.992288639249239, 39.855970368116552 ], [ -82.992449557788987, 39.855086287701091 ], [ -82.991281253853401, 39.85496451350371 ], [ -82.991442182526683, 39.854080434764896 ], [ -82.99261047237222, 39.854202207418567 ], [ -82.993778766174131, 39.854323969210213 ], [ -82.994947063932059, 39.854445720139729 ], [ -82.996115365645679, 39.854567460207178 ], [ -82.995954493333443, 39.855451545120118 ], [ -82.994786177529335, 39.855329803509335 ] ] ] } },
{ "type": "Feature", "properties": { "id": "39_1", "growth_scenario": "moderate", "market_gravity_weight": 75 }, "geometry": { "type": "Polygon", "coordinates": [ [ [ -82.782219508365557, 39.878048517662968 ], [ -82.782055953469609, 39.87893233542205 ], [ -82.781892394552131, 39.879816153313243 ], [ -82.78172883161298, 39.880699971336682 ], [ -82.780560471250894, 39.880576235748599 ], [ -82.779392114910962, 39.880452489301433 ], [ -82.779555706014733, 39.879568674417193 ], [ -82.778387367779388, 39.879444918680854 ], [ -82.778550968942582, 39.878561105498555 ], [ -82.778714566083252, 39.877677292448112 ], [ -82.778878159201568, 39.876793479529269 ], [ -82.780046455192632, 39.876917230556629 ], [ -82.78121475520561, 39.877040970725439 ], [ -82.781051190249642, 39.877924786783339 ], [ -82.782219508365557, 39.878048517662968 ] ] ] } },
{ "type": "Feature", "properties": { "id": "39_2", "growth_scenario": "moderate", "market_gravity_weight": 75 }, "geometry": { "type": "Polygon", "coordinates": [ [ [ -82.905460670832994, 39.868512631776888 ], [ -82.906629049090597, 39.868635205024276 ], [ -82.906467045032912, 39.869519180337946 ], [ -82.905298652686795, 39.869396605536046 ], [ -82.904130264324607, 39.869274019872755 ], [ -82.903968228105768, 39.870157992210949 ], [ -82.90513663055664, 39.870280579428972 ], [ -82.90497460444243, 39.871164553455792 ], [ -82.903806187902504, 39.871041964682966 ], [ -82.902637775347145, 39.870919365048501 ], [ -82.902799829639292, 39.870035394131349 ], [ -82.901631435157555, 39.869912785190316 ], [ -82.901793499553364, 39.869028815961848 ], [ -82.901955559964236, 39.868144846866876 ], [ -82.902117616390342, 39.867260877905203 ], [ -82.903285968607847, 39.867383482181623 ], [ -82.903123926269487, 39.868267452698127 ], [ -82.904292296559191, 39.868390047668107 ], [ -82.904454324809649, 39.867506075596971 ], [ -82.905622684995421, 39.867628658151126 ], [ -82.905460670832994, 39.868512631776888 ] ] ] } },
{ "type": "Feature", "properties": { "id": "39_3", "growth_scenario": "moderate", "market_gravity_weight": 75 }, "geometry": { "type": "Polygon", "coordinates": [ [ [ -82.803599173728855, 39.801014376788451 ], [ -82.803436056468954, 39.801898193159317 ], [ -82.804603178799255, 39.802021711832289 ], [ -82.80444007158664, 39.802905529878835 ], [ -82.803272935202443, 39.802782009643416 ], [ -82.803109809929211, 39.803665826241009 ], [ -82.802946680649086, 39.804549642952288 ], [ -82.801779520163194, 39.804426108743414 ], [ -82.801942663497712, 39.80354229359488 ], [ -82.800775521073433, 39.803418750100533 ], [ -82.800938674454642, 39.802534936628398 ], [ -82.799771550091691, 39.802411383848892 ], [ -82.799934713518923, 39.801527572052898 ], [ -82.801101823828461, 39.801651123269608 ], [ -82.801264969195003, 39.800767310023851 ], [ -82.802432069458547, 39.800890848830065 ], [ -82.802595196765068, 39.800007034134659 ], [ -82.803762286982305, 39.800130560530619 ], [ -82.803599173728855, 39.801014376788451 ] ] ] } },
{ "type": "Feature", "properties": { "id": "39_4", "growth_scenario": "moderate", "market_gravity_weight": 75 }, "geometry": { "type": "Polygon", "coordinates": [ [ [ -82.783224289688775, 39.879056057012242 ], [ -82.784392629929144, 39.879179767743544 ], [ -82.784229099176216, 39.880063588773282 ], [ -82.78539745751992, 39.8801872902147 ], [ -82.785233936828831, 39.88107111294606 ], [ -82.784065564402283, 39.880947409935473 ], [ -82.783902025607205, 39.881831231230301 ], [ -82.782733643118789, 39.881707515791113 ], [ -82.781565264652016, 39.881583789492616 ], [ -82.780396890207214, 39.881460052334845 ], [ -82.779228519784709, 39.881336304317955 ], [ -82.779392114910962, 39.880452489301433 ], [ -82.780560471250894, 39.880576235748599 ], [ -82.78172883161298, 39.880699971336682 ], [ -82.781892394552131, 39.879816153313243 ], [ -82.782055953469609, 39.87893233542205 ], [ -82.782219508365557, 39.878048517662968 ], [ -82.783387830502861, 39.878172237683877 ], [ -82.783224289688775, 39.879056057012242 ] ] ] } },
{ "type": "Feature", "properties": { "id": "40_0", "growth_scenario": "moderate", "market_gravity_weight": 75 }, "geometry": { "type": "Polygon", "coordinates": [ [ [ -97.032951808770363, 36.161327680678554 ], [ -97.03296400102144, 36.162220519059723 ], [ -97.032976193560316, 36.163113356892467 ], [ -97.032988386387018, 36.164006194176963 ], [ -97.031866697561995, 36.164015894216917 ], [ -97.031854517973002, 36.163123056823899 ], [ -97.031842338671538, 36.162230218882613 ], [ -97.030720676034122, 36.162239908167415 ], [ -97.029599013109532, 36.162249586914157 ], [ -97.029586860569751, 36.161356748207702 ], [ -97.029574708316858, 36.160463908952678 ], [ -97.030696344767534, 36.160454230422587 ], [ -97.030684179565, 36.159561390726992 ], [ -97.03180580249203, 36.159551701767455 ], [ -97.032927425131604, 36.159542002270165 ], [ -97.032939616807099, 36.160434841748753 ], [ -97.032951808770363, 36.161327680678554 ] ] ] } },
{ "type": "Feature", "properties": { "id": "40_1", "growth_scenario": "moderate", "market_gravity_weight": 75 }, "geometry": { "type": "Polygon", "coordinates": [ [ [ -97.038547791864204, 36.160386185651817 ], [ -97.038560050011213, 36.161279024037135 ], [ -97.037438402340513, 36.161288776441367 ], [ -97.037450647539856, 36.162181614387173 ], [ -97.036328986343051, 36.16219135636247 ], [ -97.03520732485751, 36.16220108779963 ], [ -97.035219543871165, 36.163093925414934 ], [ -97.034097868859803, 36.163103646422776 ], [ -97.03408566308353, 36.162210808698752 ], [ -97.034073457595383, 36.161317970426211 ], [ -97.034061252395347, 36.160425131605102 ], [ -97.035182887695484, 36.160415410923513 ], [ -97.035170669547114, 36.159522571662329 ], [ -97.036292291322411, 36.159512840551798 ], [ -97.037413912808987, 36.159503098903556 ], [ -97.037426157430232, 36.160395937946902 ], [ -97.038547791864204, 36.160386185651817 ] ] ] } },
{ "type": "Feature", "properties": { "id": "41_0", "growth_scenario": "moderate", "market_gravity_weight": 75 }, "geometry": { "type": "Polygon", "coordinates": [ [ [ -122.942055822632469, 45.559820829507217 ], [ -122.942414036857329, 45.560684800178343 ], [ -122.943643532170753, 45.560433073827653 ], [ -122.944001770221064, 45.56129704166279 ], [ -122.944360017540987, 45.562161010481958 ], [ -122.943130493114339, 45.562412744472667 ], [ -122.943488735147156, 45.563276718096297 ], [ -122.942259186893423, 45.563528444893329 ], [ -122.941900959418007, 45.562664467449537 ], [ -122.940671416452332, 45.562916179412412 ], [ -122.940313212803773, 45.562052199133312 ], [ -122.939955018423902, 45.561188219838719 ], [ -122.939596833312393, 45.560324241528434 ], [ -122.940826332606576, 45.560072541024645 ], [ -122.940468142206527, 45.559208567517707 ], [ -122.941697617676212, 45.558956859819723 ], [ -122.942055822632469, 45.559820829507217 ] ] ] } },
{ "type": "Feature", "properties": { "id": "41_1", "growth_scenario": "moderate", "market_gravity_weight": 75 }, "geometry": { "type": "Polygon", "coordinates": [ [ [ -122.939955018423902, 45.561188219838719 ], [ -122.940313212803773, 45.562052199133312 ], [ -122.939083675126824, 45.562303896262279 ], [ -122.939441864217585, 45.563167880361149 ], [ -122.938212302714092, 45.56341957029553 ], [ -122.938570486515104, 45.564283559199161 ], [ -122.937340901184342, 45.564535241938884 ], [ -122.936982731942123, 45.563671249215574 ], [ -122.935753151902077, 45.563922917120969 ], [ -122.935395006486871, 45.563058921563595 ], [ -122.935036870339147, 45.562194926991438 ], [ -122.936266421261806, 45.561943266724647 ], [ -122.935908279822954, 45.561079276956526 ], [ -122.937137806920276, 45.560827609494545 ], [ -122.938367324750175, 45.560575931018427 ], [ -122.938725495304482, 45.561439913148149 ], [ -122.939955018423902, 45.561188219838719 ] ] ] } },
{ "type": "Feature", "properties": { "id": "41_10", "growth_scenario": "moderate", "market_gravity_weight": 75 }, "geometry": { "type": "Polygon", "coordinates": [ [ [ -120.864986865234599, 44.28143362314038 ], [ -120.866200610649429, 44.281201530718121 ], [ -120.866525651918337, 44.28206822226349 ], [ -120.865311892113297, 44.282300318062475 ], [ -120.865636927294588, 44.283167013731173 ], [ -120.86596197077877, 44.284033710146545 ], [ -120.864748173889183, 44.284265801740318 ], [ -120.863534368696662, 44.284497882374723 ], [ -120.862320555201549, 44.284729952049609 ], [ -120.86199555489172, 44.283863245503781 ], [ -120.861670562883887, 44.282996539705209 ], [ -120.862884347595767, 44.282764476783477 ], [ -120.86255934949844, 44.281897775108291 ], [ -120.863773111517489, 44.28166570460381 ], [ -120.863448107331308, 44.280799007051527 ], [ -120.86466184665818, 44.280566928964618 ], [ -120.864986865234599, 44.28143362314038 ] ] ] } },
{ "type": "Feature", "properties": { "id": "41_11", "growth_scenario": "moderate", "market_gravity_weight": 75 }, "geometry": { "type": "Polygon", "coordinates": [ [ [ -120.866439230601358, 44.27836936730661 ], [ -120.86765291624377, 44.278137263096895 ], [ -120.867977961383488, 44.279003945651674 ], [ -120.868303014825784, 44.279870628951699 ], [ -120.868628076570971, 44.280737312997424 ], [ -120.867414347761667, 44.280969427337041 ], [ -120.867739403420472, 44.281836115505598 ], [ -120.866525651918337, 44.28206822226349 ], [ -120.866200610649429, 44.281201530718121 ], [ -120.864986865234599, 44.28143362314038 ], [ -120.86466184665818, 44.280566928964618 ], [ -120.864336836383757, 44.279700235534911 ], [ -120.865550553019077, 44.279468149865622 ], [ -120.865225536656993, 44.278601460558001 ], [ -120.864900528596579, 44.277734771995895 ], [ -120.866114208152311, 44.277502682120662 ], [ -120.866439230601358, 44.27836936730661 ] ] ] } },
{ "type": "Feature", "properties": { "id": "41_12", "growth_scenario": "moderate", "market_gravity_weight": 75 }, "geometry": { "type": "Polygon", "coordinates": [ [ [ -120.880399535613236, 44.301707994957702 ], [ -120.881613591009867, 44.301475752302274 ], [ -120.882827638094298, 44.301243498685885 ], [ -120.884041676866175, 44.301011234108671 ], [ -120.885255707325214, 44.300778958570731 ], [ -120.885581085827766, 44.301645638416062 ], [ -120.88679512236854, 44.30141334853576 ], [ -120.887120523579782, 44.302280025750051 ], [ -120.885906472643839, 44.302512319012337 ], [ -120.88623186777366, 44.303379000359733 ], [ -120.885017794128117, 44.303611286043143 ], [ -120.884692413394106, 44.302744601313798 ], [ -120.883478345830923, 44.302976872654298 ], [ -120.882264269954547, 44.303209133033718 ], [ -120.881050185765346, 44.303441382451958 ], [ -120.880724856533178, 44.302574688329067 ], [ -120.880399535613236, 44.301707994957702 ] ] ] } },
{ "type": "Feature", "properties": { "id": "41_13", "growth_scenario": "moderate", "market_gravity_weight": 75 }, "geometry": { "type": "Polygon", "coordinates": [ [ [ -122.94410784415274, 45.551902265537507 ], [ -122.945337171405427, 45.551650529509132 ], [ -122.945695384256098, 45.552514473225074 ], [ -122.946924716793376, 45.552262722365889 ], [ -122.948154040062633, 45.55201096049484 ], [ -122.948512291285198, 45.552874897553629 ], [ -122.94728295346404, 45.553126663243852 ], [ -122.947641199403066, 45.553990605102854 ], [ -122.946411837760976, 45.554242363600373 ], [ -122.946053606374505, 45.55337841792209 ], [ -122.944824250016921, 45.553630161588202 ], [ -122.944466042451126, 45.552766213072289 ], [ -122.943236691378758, 45.553017941907335 ], [ -122.942007331039292, 45.553269659730091 ], [ -122.940777961433014, 45.55352136654043 ], [ -122.940419806793642, 45.552657407550036 ], [ -122.940061661420415, 45.551793449541222 ], [ -122.941291001920263, 45.551541750367555 ], [ -122.94252033315405, 45.551290040181719 ], [ -122.942878507633026, 45.55215399055389 ], [ -122.94410784415274, 45.551902265537507 ] ] ] } },
{ "type": "Feature", "properties": { "id": "41_2", "growth_scenario": "moderate", "market_gravity_weight": 75 }, "geometry": { "type": "Polygon", "coordinates": [ [ [ -122.903065294484961, 45.568734227433076 ], [ -122.904295086253228, 45.568482853588648 ], [ -122.90465285832336, 45.569346943603605 ], [ -122.905010639653256, 45.57021103460832 ], [ -122.903780818749382, 45.570462416085348 ], [ -122.902550988585631, 45.570713786544083 ], [ -122.902908750038819, 45.571577886171745 ], [ -122.90167889604659, 45.57182924942822 ], [ -122.901321149162357, 45.570965145984225 ], [ -122.900091300479843, 45.571216494405746 ], [ -122.899733577423845, 45.570352388136179 ], [ -122.899375863626403, 45.569488282857087 ], [ -122.900605683171221, 45.569236942067498 ], [ -122.901835493457511, 45.56898559025943 ], [ -122.901477759781869, 45.568121493602035 ], [ -122.902707546241615, 45.567870134591601 ], [ -122.903065294484961, 45.568734227433076 ] ] ] } },
{ "type": "Feature", "properties": { "id": "41_3", "growth_scenario": "moderate", "market_gravity_weight": 75 }, "geometry": { "type": "Polygon", "coordinates": [ [ [ -122.900806774368959, 45.572944709917053 ], [ -122.901164525202788, 45.573808819159389 ], [ -122.902394417594152, 45.573557459288686 ], [ -122.903624300725227, 45.573306088399036 ], [ -122.903982089959129, 45.574170190999105 ], [ -122.902752192258177, 45.574421565705713 ], [ -122.903109976182805, 45.575285673114138 ], [ -122.901880054650704, 45.575537040618443 ], [ -122.900650123857886, 45.575788397103402 ], [ -122.899420183804722, 45.576039742568838 ], [ -122.89906244359274, 45.575175623709939 ], [ -122.898704712640452, 45.57431150584307 ], [ -122.898346990947516, 45.573447388967985 ], [ -122.899576887287907, 45.573196054952085 ], [ -122.899219160283678, 45.57233194288473 ], [ -122.900449032794754, 45.572080601665888 ], [ -122.900806774368959, 45.572944709917053 ] ] ] } },
{ "type": "Feature", "properties": { "id": "41_4", "growth_scenario": "moderate", "market_gravity_weight": 75 }, "geometry": { "type": "Polygon", "coordinates": [ [ [ -120.87809948294688, 44.281712191473368 ], [ -120.879313188484062, 44.281479979335174 ], [ -120.87963839855702, 44.282346639342009 ], [ -120.880852110175283, 44.282114412867458 ], [ -120.881177342943218, 44.282981070241213 ], [ -120.882391060641964, 44.282748829430091 ], [ -120.882716316105515, 44.283615484170546 ], [ -120.881502584018719, 44.283847728360648 ], [ -120.880288843624044, 44.284079961592624 ], [ -120.879075094921816, 44.28431218386639 ], [ -120.877861337912336, 44.284544395181861 ], [ -120.877536140002817, 44.283677726926385 ], [ -120.877210950399942, 44.282811059417043 ], [ -120.876885769103396, 44.281944392653543 ], [ -120.876560596112839, 44.281077726635694 ], [ -120.877774295568301, 44.280845528833602 ], [ -120.87809948294688, 44.281712191473368 ] ] ] } },
{ "type": "Feature", "properties": { "id": "41_5", "growth_scenario": "moderate", "market_gravity_weight": 75 }, "geometry": { "type": "Polygon", "coordinates": [ [ [ -120.874133172285141, 44.281542089365892 ], [ -120.8753468883517, 44.281309913479859 ], [ -120.875672046953895, 44.282176582875721 ], [ -120.87599721386178, 44.28304325301734 ], [ -120.874783469017586, 44.283275435659249 ], [ -120.875108629842217, 44.284142109925128 ], [ -120.873894862302734, 44.284374284986647 ], [ -120.872681086457575, 44.284606449089488 ], [ -120.87235595441247, 44.283739768067683 ], [ -120.871142184652115, 44.283971917833874 ], [ -120.870817075301986, 44.283105234180852 ], [ -120.872030830672415, 44.282873087792325 ], [ -120.871705715237141, 44.282006408263243 ], [ -120.872919447913517, 44.281774254293737 ], [ -120.872594326393752, 44.280907578888183 ], [ -120.873808036376701, 44.280675417337932 ], [ -120.874133172285141, 44.281542089365892 ] ] ] } },
{ "type": "Feature", "properties": { "id": "41_6", "growth_scenario": "moderate", "market_gravity_weight": 75 }, "geometry": { "type": "Polygon", "coordinates": [ [ [ -120.871380608106335, 44.281139729480181 ], [ -120.871705715237141, 44.282006408263243 ], [ -120.872030830672415, 44.282873087792325 ], [ -120.870817075301986, 44.283105234180852 ], [ -120.871142184652115, 44.283971917833874 ], [ -120.869928406587007, 44.284204056641251 ], [ -120.868714620217446, 44.28443618448965 ], [ -120.868389539648049, 44.28356949408164 ], [ -120.868064467382496, 44.282702804420381 ], [ -120.867739403420472, 44.281836115505598 ], [ -120.867414347761667, 44.280969427337041 ], [ -120.868628076570971, 44.280737312997424 ], [ -120.869841797077072, 44.280505187699362 ], [ -120.870166881514777, 44.281371869113855 ], [ -120.871380608106335, 44.281139729480181 ] ] ] } },
{ "type": "Feature", "properties": { "id": "41_7", "growth_scenario": "moderate", "market_gravity_weight": 75 }, "geometry": { "type": "Polygon", "coordinates": [ [ [ -122.940671416452332, 45.562916179412412 ], [ -122.941900959418007, 45.562664467449537 ], [ -122.942259186893423, 45.563528444893329 ], [ -122.942617423638538, 45.564392423322026 ], [ -122.94297566965372, 45.565256402735756 ], [ -122.941746083013797, 45.565508126159273 ], [ -122.94051648710375, 45.565759838568333 ], [ -122.9401582702057, 45.564895851513889 ], [ -122.938928679584947, 45.565147549088145 ], [ -122.937699079695051, 45.56539923564776 ], [ -122.937340901184342, 45.564535241938884 ], [ -122.938570486515104, 45.564283559199161 ], [ -122.938212302714092, 45.56341957029553 ], [ -122.939441864217585, 45.563167880361149 ], [ -122.939083675126824, 45.562303896262279 ], [ -122.940313212803773, 45.562052199133312 ], [ -122.940671416452332, 45.562916179412412 ] ] ] } },
{ "type": "Feature", "properties": { "id": "41_8", "growth_scenario": "moderate", "market_gravity_weight": 75 }, "geometry": { "type": "Polygon", "coordinates": [ [ [ -122.947331962494076, 45.559677828695079 ], [ -122.947690244211699, 45.56054178506978 ], [ -122.946460762151617, 45.560793548280806 ], [ -122.946819038584053, 45.561657509459415 ], [ -122.945589532697667, 45.561909265477432 ], [ -122.945947803844291, 45.562773231460454 ], [ -122.944718274130906, 45.563024980285284 ], [ -122.944360017540987, 45.562161010481958 ], [ -122.944001770221064, 45.56129704166279 ], [ -122.943643532170753, 45.560433073827653 ], [ -122.943285303389729, 45.559569106976248 ], [ -122.944514774878058, 45.559317373431888 ], [ -122.945744237097145, 45.559065628874322 ], [ -122.946973690046676, 45.558813873303599 ], [ -122.948203133726395, 45.55856210671999 ], [ -122.948561420728552, 45.559426058291265 ], [ -122.947331962494076, 45.559677828695079 ] ] ] } },
{ "type": "Feature", "properties": { "id": "41_9", "growth_scenario": "moderate", "market_gravity_weight": 75 }, "geometry": { "type": "Polygon", "coordinates": [ [ [ -120.881090121863465, 44.279282217920681 ], [ -120.881415344097348, 44.280148869680623 ], [ -120.881740574638215, 44.281015522185378 ], [ -120.882065813486307, 44.281882175435072 ], [ -120.880852110175283, 44.282114412867458 ], [ -120.87963839855702, 44.282346639342009 ], [ -120.879313188484062, 44.281479979335174 ], [ -120.87809948294688, 44.281712191473368 ], [ -120.877774295568301, 44.280845528833602 ], [ -120.877449116495725, 44.279978866939096 ], [ -120.87712394572884, 44.279112205789545 ], [ -120.878337608103763, 44.278880003785559 ], [ -120.879551262172967, 44.278647790824067 ], [ -120.879876461713749, 44.279514445217686 ], [ -120.881090121863465, 44.279282217920681 ] ] ] } },
{ "type": "Feature", "properties": { "id": "42_0", "growth_scenario": "moderate", "market_gravity_weight": 75 }, "geometry": { "type": "Polygon", "coordinates": [ [ [ -77.706077679877879, 39.77709240704489 ], [ -77.705852298560771, 39.77796832103563 ], [ -77.705626911758969, 39.77884423493493 ], [ -77.704470589313416, 39.778673497514973 ], [ -77.703314272353055, 39.778502749449203 ], [ -77.702157960878182, 39.778331990737783 ], [ -77.702383388284048, 39.777456083254499 ], [ -77.70260881020431, 39.776580175679463 ], [ -77.703765094610489, 39.776750930113437 ], [ -77.703990497511455, 39.775875020307915 ], [ -77.704215894927501, 39.774999110410377 ], [ -77.705372157750929, 39.775169849921959 ], [ -77.706528426058753, 39.775340578788317 ], [ -77.70630305571045, 39.776216492962519 ], [ -77.706077679877879, 39.77709240704489 ] ] ] } },
{ "type": "Feature", "properties": { "id": "42_1", "growth_scenario": "moderate", "market_gravity_weight": 75 }, "geometry": { "type": "Polygon", "coordinates": [ [ [ -77.689046474293193, 39.861863411386828 ], [ -77.690204097888568, 39.862034296966826 ], [ -77.689978256959435, 39.862910213850448 ], [ -77.688820619799301, 39.862739326123481 ], [ -77.687662988141668, 39.862568427739483 ], [ -77.68650536198686, 39.862397518698387 ], [ -77.685347741335136, 39.862226599000401 ], [ -77.685573636522051, 39.861350690705208 ], [ -77.685799526205741, 39.860474782338144 ], [ -77.686025410386435, 39.859598873899003 ], [ -77.687182990346614, 39.859769787155457 ], [ -77.68834057580932, 39.859940689755312 ], [ -77.689498166774243, 39.860111581698554 ], [ -77.689272323284754, 39.860987496578566 ], [ -77.689046474293193, 39.861863411386828 ] ] ] } },
{ "type": "Feature", "properties": { "id": "42_2", "growth_scenario": "moderate", "market_gravity_weight": 75 }, "geometry": { "type": "Polygon", "coordinates": [ [ [ -77.686985350948774, 39.865196165080413 ], [ -77.688143023301876, 39.865367069906185 ], [ -77.687917146796806, 39.86624298435855 ], [ -77.687691264788441, 39.867118898740515 ], [ -77.68653356530352, 39.866947989619852 ], [ -77.685375871322407, 39.866777069841604 ], [ -77.684218182845385, 39.86660613940586 ], [ -77.68444410555135, 39.865730231466827 ], [ -77.68467002275311, 39.864854323456953 ], [ -77.684895934450864, 39.863978415376067 ], [ -77.685121840644797, 39.863102507223985 ], [ -77.686279474860967, 39.863273429069316 ], [ -77.687437114580447, 39.863444340257615 ], [ -77.68721123551623, 39.864320252704545 ], [ -77.686985350948774, 39.865196165080413 ] ] ] } },
{ "type": "Feature", "properties": { "id": "42_3", "growth_scenario": "moderate", "market_gravity_weight": 75 }, "geometry": { "type": "Polygon", "coordinates": [ [ [ -77.700877782323246, 39.867246319580978 ], [ -77.7020355206934, 39.867417096512298 ], [ -77.701809806992941, 39.868293036724694 ], [ -77.701584087792853, 39.869168976867726 ], [ -77.700426322286106, 39.868998195644245 ], [ -77.700200584017423, 39.869874133571841 ], [ -77.699974840248402, 39.870750071430365 ], [ -77.698817053104392, 39.870579275255551 ], [ -77.699042810442265, 39.869703339543449 ], [ -77.697885042367773, 39.869532534856582 ], [ -77.698110807773361, 39.868656601221744 ], [ -77.698336567678197, 39.867780667517444 ], [ -77.698562322082481, 39.866904733743461 ], [ -77.699720049452836, 39.867075531991325 ], [ -77.699945784789321, 39.866199596001259 ], [ -77.701103504092089, 39.866370381444831 ], [ -77.700877782323246, 39.867246319580978 ] ] ] } },
{ "type": "Feature", "properties": { "id": "42_4", "growth_scenario": "moderate", "market_gravity_weight": 75 }, "geometry": { "type": "Polygon", "coordinates": [ [ [ -77.703193264562998, 39.867587862785292 ], [ -77.704351013931728, 39.867758618399833 ], [ -77.70412532736816, 39.868634562903942 ], [ -77.705283095804475, 39.868805310005619 ], [ -77.706440869739524, 39.868976046448616 ], [ -77.706215204815194, 39.869851995174962 ], [ -77.705057417310925, 39.869681256586347 ], [ -77.704831733318443, 39.870557203098116 ], [ -77.70367393774373, 39.870386451704782 ], [ -77.702516147668462, 39.870215689652539 ], [ -77.701358363092922, 39.870044916941509 ], [ -77.701584087792853, 39.869168976867726 ], [ -77.701809806992941, 39.868293036724694 ], [ -77.7020355206934, 39.867417096512298 ], [ -77.7022612288944, 39.866541156230248 ], [ -77.703418959195957, 39.866711920357396 ], [ -77.703193264562998, 39.867587862785292 ] ] ] } },
{ "type": "Feature", "properties": { "id": "42_5", "growth_scenario": "moderate", "market_gravity_weight": 75 }, "geometry": { "type": "Polygon", "coordinates": [ [ [ -77.680091427568428, 39.910551600732695 ], [ -77.681249814214695, 39.910722572543321 ], [ -77.682408206373012, 39.910893533690277 ], [ -77.682182116855984, 39.911769455566642 ], [ -77.681023711115387, 39.911598492268055 ], [ -77.680797602503873, 39.91247441193309 ], [ -77.680571488379925, 39.91335033153868 ], [ -77.679413060986448, 39.913179353272483 ], [ -77.679186927766906, 39.914055270666736 ], [ -77.678028492303525, 39.913884279584416 ], [ -77.678254639105887, 39.913008364342318 ], [ -77.678480780395034, 39.912132449040804 ], [ -77.678706916171151, 39.911256533679598 ], [ -77.677548526968124, 39.911085538389898 ], [ -77.677774670813108, 39.910209625120814 ], [ -77.678933046434452, 39.910380618258486 ], [ -77.67915917118512, 39.909504702777404 ], [ -77.680317538737498, 39.909675683099749 ], [ -77.680091427568428, 39.910551600732695 ] ] ] } },
{ "type": "Feature", "properties": { "id": "42_6", "growth_scenario": "moderate", "market_gravity_weight": 75 }, "geometry": { "type": "Polygon", "coordinates": [ [ [ -77.604992573462724, 39.935820323455815 ], [ -77.606151188487246, 39.935991989375381 ], [ -77.605924090187713, 39.936867783821853 ], [ -77.605696986350623, 39.937743578211524 ], [ -77.604538344159977, 39.937571907967602 ], [ -77.604311221201584, 39.938447700138326 ], [ -77.60315257096569, 39.938276017067871 ], [ -77.601993926268364, 39.938104323333398 ], [ -77.602221076393192, 39.937228535487712 ], [ -77.601062450817679, 39.937056833251944 ], [ -77.601289608986463, 39.936181047512029 ], [ -77.602448220979355, 39.93635274758519 ], [ -77.602675360027021, 39.935476959625497 ], [ -77.603833963975887, 39.935648646872515 ], [ -77.604061083903062, 39.934772856693193 ], [ -77.60521967980749, 39.934944531114326 ], [ -77.604992573462724, 39.935820323455815 ] ] ] } },
{ "type": "Feature", "properties": { "id": "42_7", "growth_scenario": "moderate", "market_gravity_weight": 75 }, "geometry": { "type": "Polygon", "coordinates": [ [ [ -77.607309809049127, 39.936163644630994 ], [ -77.608468435148083, 39.936335289222669 ], [ -77.608241364014972, 39.937211087993198 ], [ -77.608014287344915, 39.938086886707033 ], [ -77.609172946147964, 39.938258524958407 ], [ -77.60894587752486, 39.939134325777843 ], [ -77.607787205137697, 39.938962685364444 ], [ -77.607560117393135, 39.939838483965588 ], [ -77.606401436959089, 39.939666830725599 ], [ -77.605242762062929, 39.939495166821175 ], [ -77.605469876975761, 39.938619372544593 ], [ -77.605696986350623, 39.937743578211524 ], [ -77.605924090187713, 39.936867783821853 ], [ -77.606151188487246, 39.935991989375381 ], [ -77.606378281249405, 39.935116194871753 ], [ -77.607536888228481, 39.935287847965441 ], [ -77.607309809049127, 39.936163644630994 ] ] ] } },
{ "type": "Feature", "properties": { "id": "42_8", "growth_scenario": "moderate", "market_gravity_weight": 75 }, "geometry": { "type": "Polygon", "coordinates": [ [ [ -77.600608117862976, 39.938808404561037 ], [ -77.600835287109916, 39.937932618934944 ], [ -77.601993926268364, 39.938104323333398 ], [ -77.60315257096569, 39.938276017067871 ], [ -77.604311221201584, 39.938447700138326 ], [ -77.605469876975761, 39.938619372544593 ], [ -77.605242762062929, 39.939495166821175 ], [ -77.606401436959089, 39.939666830725599 ], [ -77.606174330092429, 39.940542627108442 ], [ -77.605015641611928, 39.94037096104158 ], [ -77.604788515622545, 39.941246755205938 ], [ -77.603629819095985, 39.941075076311996 ], [ -77.602471128108277, 39.940903386753568 ], [ -77.602698281266342, 39.940027596914625 ], [ -77.60153960940184, 39.939855898854709 ], [ -77.601766770604655, 39.938980111122284 ], [ -77.600608117862976, 39.938808404561037 ] ] ] } },
{ "type": "Feature", "properties": { "id": "42_9", "growth_scenario": "moderate", "market_gravity_weight": 75 }, "geometry": { "type": "Polygon", "coordinates": [ [ [ -77.639048398067118, 39.980874555400455 ], [ -77.640207821568282, 39.981045911070154 ], [ -77.639980996235451, 39.981921785446168 ], [ -77.638821559130349, 39.9817504276145 ], [ -77.638594714658495, 39.982626299784322 ], [ -77.637435269484399, 39.982454929118646 ], [ -77.637662127560304, 39.981579059110942 ], [ -77.636502701525643, 39.981407679935501 ], [ -77.636729567669704, 39.980531812045676 ], [ -77.635570160774066, 39.98036042436074 ], [ -77.635797034985657, 39.979484558588503 ], [ -77.636023903661652, 39.978608692771289 ], [ -77.637183283351533, 39.978780076131876 ], [ -77.638342668576485, 39.978951448821071 ], [ -77.639502059336223, 39.979122810838781 ], [ -77.639275231469, 39.979998683141936 ], [ -77.639048398067118, 39.980874555400455 ] ] ] } },
{ "type": "Feature", "properties": { "id": "45_0", "growth_scenario": "moderate", "market_gravity_weight": 75 }, "geometry": { "type": "Polygon", "coordinates": [ [ [ -80.045904276368901, 33.068470718853497 ], [ -80.04572419657103, 33.069354070036901 ], [ -80.045544112746128, 33.070237419760311 ], [ -80.04536402489407, 33.071120768024002 ], [ -80.046426628434773, 33.071270472940739 ], [ -80.046246548095652, 33.072153821219473 ], [ -80.045183933014698, 33.072004114828104 ], [ -80.044121321961185, 33.071854398525858 ], [ -80.044301425380681, 33.070971053196523 ], [ -80.043238829894833, 33.07082132845818 ], [ -80.043418940826527, 33.069937983143994 ], [ -80.042356360908073, 33.069788249969854 ], [ -80.042536479351483, 33.068904904670482 ], [ -80.043599047730567, 33.069054636369884 ], [ -80.043779150607079, 33.068171288135666 ], [ -80.044841711474405, 33.068321008449836 ], [ -80.045021798784518, 33.067437657280884 ], [ -80.046084352139857, 33.067587366210027 ], [ -80.045904276368901, 33.068470718853497 ] ] ] } },
{ "type": "Feature", "properties": { "id": "45_1", "growth_scenario": "moderate", "market_gravity_weight": 75 }, "geometry": { "type": "Polygon", "coordinates": [ [ [ -80.042356360908073, 33.069788249969854 ], [ -80.043418940826527, 33.069937983143994 ], [ -80.043238829894833, 33.07082132845818 ], [ -80.043058714935356, 33.071704672312713 ], [ -80.042878595947954, 33.072588014707669 ], [ -80.041815981409925, 33.072438277108787 ], [ -80.041635846854135, 33.073321616569345 ], [ -80.040573224804206, 33.073171867584456 ], [ -80.040753370900219, 33.072288529599035 ], [ -80.040933512967683, 33.071405190154131 ], [ -80.039870918026352, 33.071255434208773 ], [ -80.040051067604992, 33.070372094779245 ], [ -80.040231213155124, 33.069488753889857 ], [ -80.04129378501753, 33.069638506885106 ], [ -80.041473915000168, 33.068755163060679 ], [ -80.042536479351483, 33.068904904670482 ], [ -80.042356360908073, 33.069788249969854 ] ] ] } },
{ "type": "Feature", "properties": { "id": "45_2", "growth_scenario": "moderate", "market_gravity_weight": 75 }, "geometry": { "type": "Polygon", "coordinates": [ [ [ -80.036161153668573, 33.068006306355777 ], [ -80.037223697877423, 33.068156097517331 ], [ -80.037043521739179, 33.069039435441397 ], [ -80.038106081515693, 33.069189218167963 ], [ -80.039168645321098, 33.069338990984157 ], [ -80.038988488231766, 33.070222330398416 ], [ -80.037925912887275, 33.070072556107043 ], [ -80.036863341571816, 33.069922771905176 ], [ -80.03580077428559, 33.069772977792915 ], [ -80.035620578549924, 33.070656311321159 ], [ -80.035440378784642, 33.071539643389464 ], [ -80.035260174989602, 33.072422973997917 ], [ -80.034197577115393, 33.072273165548474 ], [ -80.034377792449831, 33.071389836415683 ], [ -80.03455800375427, 33.070506505823019 ], [ -80.034738211028852, 33.069623173770282 ], [ -80.03491841427369, 33.068739840257336 ], [ -80.035098613488941, 33.067856505283977 ], [ -80.035278808674732, 33.066973168850119 ], [ -80.036341337316159, 33.067122968446547 ], [ -80.036161153668573, 33.068006306355777 ] ] ] } },
{ "type": "Feature", "properties": { "id": "45_3", "growth_scenario": "moderate", "market_gravity_weight": 75 }, "geometry": { "type": "Polygon", "coordinates": [ [ [ -81.83398198921752, 33.615312004118387 ], [ -81.83505518913654, 33.615444953881031 ], [ -81.836128392695471, 33.615577893621655 ], [ -81.835967243979084, 33.616463211088458 ], [ -81.834894028573686, 33.61633027000763 ], [ -81.834732864370793, 33.617215584835996 ], [ -81.83365964075881, 33.617082632392737 ], [ -81.832586420787237, 33.616949669927351 ], [ -81.832425229250617, 33.617834980776735 ], [ -81.831352001073085, 33.617702006948669 ], [ -81.830278776536602, 33.617569023098447 ], [ -81.830439991766326, 33.616683714930268 ], [ -81.831513204456328, 33.616816697439873 ], [ -81.831674404198651, 33.615931386632795 ], [ -81.831835600300181, 33.615046074527328 ], [ -81.832908792938639, 33.6151790443338 ], [ -81.833069973553663, 33.614293729589271 ], [ -81.834143157986574, 33.614426688033561 ], [ -81.83398198921752, 33.615312004118387 ] ] ] } },
{ "type": "Feature", "properties": { "id": "47_0", "growth_scenario": "moderate", "market_gravity_weight": 75 }, "geometry": { "type": "Polygon", "coordinates": [ [ [ -87.270131941304911, 36.623758681617531 ], [ -87.270028409805732, 36.624647552654203 ], [ -87.271152281152553, 36.624729431601807 ], [ -87.272276154947832, 36.624811300033798 ], [ -87.272172647356726, 36.625700172398282 ], [ -87.271048760382982, 36.625618303038472 ], [ -87.270945237164852, 36.626507173947367 ], [ -87.269821339460961, 36.626425293143861 ], [ -87.268697444206026, 36.626343401824563 ], [ -87.268593892181357, 36.627232270349907 ], [ -87.267469986196858, 36.627150367586616 ], [ -87.267573551400332, 36.626261499989489 ], [ -87.267677114154267, 36.625372631864757 ], [ -87.26778067445872, 36.624483763212226 ], [ -87.268904540907684, 36.624565663190957 ], [ -87.269008085584858, 36.623676793082325 ], [ -87.269111627813032, 36.622787922445482 ], [ -87.270235470355402, 36.622869810052741 ], [ -87.270131941304911, 36.623758681617531 ] ] ] } },
{ "type": "Feature", "properties": { "id": "47_1", "growth_scenario": "moderate", "market_gravity_weight": 75 }, "geometry": { "type": "Polygon", "coordinates": [ [ [ -87.270649562072265, 36.619314318508131 ], [ -87.270546042815653, 36.620203192187489 ], [ -87.270442521110681, 36.621092065337869 ], [ -87.270338996957292, 36.62198093795957 ], [ -87.270235470355402, 36.622869810052741 ], [ -87.269111627813032, 36.622787922445482 ], [ -87.269215167592293, 36.621899051280181 ], [ -87.269318704922753, 36.621010179586406 ], [ -87.26942223980447, 36.620121307363803 ], [ -87.268298439241946, 36.6200394120252 ], [ -87.267174641128378, 36.619957506171602 ], [ -87.267278199914116, 36.61906863527598 ], [ -87.268401984851394, 36.619150540201524 ], [ -87.268505528011971, 36.618261667848664 ], [ -87.268609068723777, 36.617372794966386 ], [ -87.269732829758098, 36.617454687521416 ], [ -87.270856593240836, 36.617536569561842 ], [ -87.270753078880617, 36.618425444299668 ], [ -87.270649562072265, 36.619314318508131 ] ] ] } },
{ "type": "Feature", "properties": { "id": "47_2", "growth_scenario": "moderate", "market_gravity_weight": 75 }, "geometry": { "type": "Polygon", "coordinates": [ [ [ -87.27196562482969, 36.627477915544361 ], [ -87.27186210989359, 36.628366786326396 ], [ -87.270738183382605, 36.628284914182956 ], [ -87.270634652818288, 36.629173783509955 ], [ -87.269510715576516, 36.629091899922322 ], [ -87.268386780783928, 36.629010005818621 ], [ -87.268283221410996, 36.629898872762318 ], [ -87.26715927588819, 36.629816967214126 ], [ -87.267262848440865, 36.628928101198717 ], [ -87.26736641854373, 36.628039234656264 ], [ -87.267469986196858, 36.627150367586616 ], [ -87.268593892181357, 36.627232270349907 ], [ -87.268697444206026, 36.626343401824563 ], [ -87.269821339460961, 36.626425293143861 ], [ -87.270945237164852, 36.626507173947367 ], [ -87.270841711498079, 36.627396044328826 ], [ -87.27196562482969, 36.627477915544361 ] ] ] } },
{ "type": "Feature", "properties": { "id": "48_0", "growth_scenario": "moderate", "market_gravity_weight": 75 }, "geometry": { "type": "Polygon", "coordinates": [ [ [ -98.721512348574009, 29.428747925868304 ], [ -98.722542328995416, 29.428722084325074 ], [ -98.722571844598647, 29.429624033377703 ], [ -98.721541853023226, 29.429649875145817 ], [ -98.721571358112001, 29.430551822486898 ], [ -98.721600863840365, 29.431453767891714 ], [ -98.721630370208317, 29.432355711360454 ], [ -98.720600344529828, 29.432381544025731 ], [ -98.719570318211979, 29.432407366913619 ], [ -98.71954083415352, 29.431505422995375 ], [ -98.71951135073418, 29.430603477141126 ], [ -98.719481867953959, 29.429701529350609 ], [ -98.719452385812801, 29.42879957962375 ], [ -98.720482367513043, 29.428773757634559 ], [ -98.720452874857145, 29.427871806195689 ], [ -98.721482844764324, 29.427845974654208 ], [ -98.721512348574009, 29.428747925868304 ] ] ] } },
{ "type": "Feature", "properties": { "id": "48_1", "growth_scenario": "moderate", "market_gravity_weight": 75 }, "geometry": { "type": "Polygon", "coordinates": [ [ [ -96.959070411559679, 32.983526001796456 ], [ -96.959081276096668, 32.98442201883384 ], [ -96.959092140879804, 32.985318034642866 ], [ -96.958015610455917, 32.985327072621281 ], [ -96.958004757866277, 32.984431056722237 ], [ -96.956928239390024, 32.984440084460616 ], [ -96.956917399239487, 32.983544067243301 ], [ -96.955840892710867, 32.983553084741793 ], [ -96.954764385936954, 32.983562092090374 ], [ -96.954753570417907, 32.98266607346509 ], [ -96.955830064998864, 32.982657066206194 ], [ -96.955819237532168, 32.981761046441868 ], [ -96.956895719675131, 32.981752029122944 ], [ -96.957972201572545, 32.981743001654266 ], [ -96.959048683224111, 32.981733964035868 ], [ -96.959059547268822, 32.982629983530536 ], [ -96.959070411559679, 32.983526001796456 ] ] ] } },
{ "type": "Feature", "properties": { "id": "48_10", "growth_scenario": "moderate", "market_gravity_weight": 75 }, "geometry": { "type": "Polygon", "coordinates": [ [ [ -96.974853547452355, 32.953820009208265 ], [ -96.974864586631838, 32.95471606552394 ], [ -96.973788474348879, 32.954725252644536 ], [ -96.972712361816164, 32.954734429618533 ], [ -96.972701347004659, 32.953838373120256 ], [ -96.971625246406489, 32.953847539856419 ], [ -96.970549145559161, 32.953856696445968 ], [ -96.970538155364551, 32.952960638530733 ], [ -96.970527165418815, 32.952064579380718 ], [ -96.971603241898961, 32.952055422973245 ], [ -96.972679318129948, 32.952046256419429 ], [ -96.973755394111507, 32.952037079719304 ], [ -96.97483146984338, 32.952027892872771 ], [ -96.974842508522869, 32.952923951657908 ], [ -96.974853547452355, 32.953820009208265 ] ] ] } },
{ "type": "Feature", "properties": { "id": "48_11", "growth_scenario": "moderate", "market_gravity_weight": 75 }, "geometry": { "type": "Polygon", "coordinates": [ [ [ -96.955056497600495, 33.007754131195213 ], [ -96.956133333688939, 33.007745121423511 ], [ -96.956144168272729, 33.008641105629891 ], [ -96.957221016316339, 33.008632085615616 ], [ -96.957231863346649, 33.00952806850875 ], [ -96.956155003102069, 33.009537088612873 ], [ -96.956165838176972, 33.010433070372713 ], [ -96.956176673497424, 33.011329050909502 ], [ -96.955099788604514, 33.011338061040441 ], [ -96.954022903466296, 33.011347061018334 ], [ -96.954012092548922, 33.010451080301976 ], [ -96.954001281876543, 33.009555098362668 ], [ -96.953990471449188, 33.00865911520016 ], [ -96.953979661266786, 33.00776313081424 ], [ -96.953968851329392, 33.006867145204808 ], [ -96.955045675462657, 33.006858145675501 ], [ -96.955056497600495, 33.007754131195213 ] ] ] } },
{ "type": "Feature", "properties": { "id": "48_12", "growth_scenario": "moderate", "market_gravity_weight": 75 }, "geometry": { "type": "Polygon", "coordinates": [ [ [ -98.714096500994643, 29.422614832739384 ], [ -98.715126407815504, 29.422589061204736 ], [ -98.716156313998425, 29.422563279893687 ], [ -98.717186219543152, 29.422537488806125 ], [ -98.717215674906583, 29.423439452541583 ], [ -98.717245130908481, 29.424341414339494 ], [ -98.716215203058667, 29.424367205875701 ], [ -98.715185274570644, 29.424392987635269 ], [ -98.714155345444638, 29.424418759618227 ], [ -98.713125415680878, 29.424444521824501 ], [ -98.713096004289739, 29.423542559129771 ], [ -98.712066085041215, 29.423568311335416 ], [ -98.712036685440054, 29.422666346479154 ], [ -98.713066593536084, 29.422640594497494 ], [ -98.713037183419885, 29.421738627927489 ], [ -98.71406707972622, 29.421712866393428 ], [ -98.714096500994643, 29.422614832739384 ] ] ] } },
{ "type": "Feature", "properties": { "id": "48_13", "growth_scenario": "moderate", "market_gravity_weight": 75 }, "geometry": { "type": "Polygon", "coordinates": [ [ [ -96.957242710622779, 33.010424050178628 ], [ -96.958319582822767, 33.010415019831584 ], [ -96.958330442546256, 33.011311000188449 ], [ -96.959407326701637, 33.011301959598313 ], [ -96.959418198873038, 33.012197938642217 ], [ -96.959429071290828, 33.01309391646344 ], [ -96.958352162731614, 33.013102957233819 ], [ -96.957275253926255, 33.013111987850969 ], [ -96.957264405912568, 33.012216009849553 ], [ -96.95618750906344, 33.012225030223455 ], [ -96.955110611968706, 33.012234040444234 ], [ -96.954033714628693, 33.01224304051177 ], [ -96.954022903466296, 33.011347061018334 ], [ -96.955099788604514, 33.011338061040441 ], [ -96.956176673497424, 33.011329050909502 ], [ -96.956165838176972, 33.010433070372713 ], [ -96.956155003102069, 33.009537088612873 ], [ -96.957231863346649, 33.00952806850875 ], [ -96.957242710622779, 33.010424050178628 ] ] ] } },
{ "type": "Feature", "properties": { "id": "48_14", "growth_scenario": "moderate", "market_gravity_weight": 75 }, "geometry": { "type": "Polygon", "coordinates": [ [ [ -96.966211916048167, 32.951205042798527 ], [ -96.966222857012198, 32.952101103546873 ], [ -96.967298934486209, 32.952091987724863 ], [ -96.968375011712155, 32.952082861756502 ], [ -96.968385977290964, 32.952978921088395 ], [ -96.969462066452053, 32.952969784882761 ], [ -96.96947304446293, 32.953865842889009 ], [ -96.96839694311808, 32.953874979185478 ], [ -96.967320841524881, 32.953884105335405 ], [ -96.967309887881513, 32.952988047147542 ], [ -96.966233798224025, 32.952997163060139 ], [ -96.965157708318728, 32.953006268826321 ], [ -96.964081618165949, 32.953015364446067 ], [ -96.964070701321134, 32.95211930475169 ], [ -96.964059784723545, 32.951223243822348 ], [ -96.962983718690268, 32.951232329114838 ], [ -96.962972814522857, 32.950336266859978 ], [ -96.964048868373169, 32.950327181657862 ], [ -96.965124921976269, 32.950318086309579 ], [ -96.965135850509597, 32.951214148383613 ], [ -96.966211916048167, 32.951205042798527 ] ] ] } },
{ "type": "Feature", "properties": { "id": "48_15", "growth_scenario": "moderate", "market_gravity_weight": 75 }, "geometry": { "type": "Polygon", "coordinates": [ [ [ -97.02275760902458, 32.996414850737011 ], [ -97.0227691968838, 32.997310843876193 ], [ -97.021692510724804, 32.997320482050824 ], [ -97.020615824303505, 32.997330110074124 ], [ -97.020604260837985, 32.996434116743004 ], [ -97.019527586351529, 32.996443734519133 ], [ -97.018450911603324, 32.996453342143937 ], [ -97.018439372793026, 32.995557347395312 ], [ -97.018427834244164, 32.994661351420497 ], [ -97.019504484599437, 32.994651743987077 ], [ -97.020581134692975, 32.99464212640261 ], [ -97.021657784524535, 32.994632498667073 ], [ -97.022734434093806, 32.994622860780481 ], [ -97.02274602142792, 32.995518856371795 ], [ -97.02275760902458, 32.996414850737011 ] ] ] } },
{ "type": "Feature", "properties": { "id": "48_16", "growth_scenario": "moderate", "market_gravity_weight": 75 }, "geometry": { "type": "Polygon", "coordinates": [ [ [ -96.972646276688621, 32.949358072105277 ], [ -96.97372231612151, 32.949348895678909 ], [ -96.974798355304728, 32.949339709106518 ], [ -96.975874394237991, 32.94933051238808 ], [ -96.975885444350169, 32.950226574787322 ], [ -96.97480939323431, 32.950235771597271 ], [ -96.974820431413846, 32.95113183285261 ], [ -96.973744367865152, 32.951141019607739 ], [ -96.972668304066758, 32.951150196216652 ], [ -96.971592240018936, 32.951159362679306 ], [ -96.970516175721968, 32.951168518995686 ], [ -96.970505186273996, 32.950272457375434 ], [ -96.970494197074885, 32.949376394519859 ], [ -96.971570237006304, 32.949367238385612 ], [ -96.971559235873698, 32.948471174385503 ], [ -96.972635263373647, 32.948462008196373 ], [ -96.972646276688621, 32.949358072105277 ] ] ] } },
{ "type": "Feature", "properties": { "id": "48_17", "growth_scenario": "moderate", "market_gravity_weight": 75 }, "geometry": { "type": "Polygon", "coordinates": [ [ [ -97.020627388031031, 32.998226102179373 ], [ -97.021704086649464, 32.998216474060186 ], [ -97.022780785005608, 32.998206835789532 ], [ -97.022792373390004, 32.999102826477227 ], [ -97.022803962036974, 32.999998815939414 ], [ -97.021727239285752, 33.000008454402163 ], [ -97.021738815997381, 33.00090444273512 ], [ -97.020662080785868, 33.000914071142169 ], [ -97.020673645561587, 33.001810058345995 ], [ -97.019596897889755, 33.001819676697018 ], [ -97.019585345312294, 33.000923689397368 ], [ -97.01957379299661, 33.000027700872629 ], [ -97.019562240942705, 32.999131711122615 ], [ -97.019550689150563, 32.99823572014715 ], [ -97.019539137620157, 32.997339727946063 ], [ -97.020615824303505, 32.997330110074124 ], [ -97.020627388031031, 32.998226102179373 ] ] ] } },
{ "type": "Feature", "properties": { "id": "48_18", "growth_scenario": "moderate", "market_gravity_weight": 75 }, "geometry": { "type": "Polygon", "coordinates": [ [ [ -97.023915488636845, 33.002677128072264 ], [ -97.022838729553541, 33.002686776975118 ], [ -97.022850319250978, 33.003582761537302 ], [ -97.021773547706289, 33.003592400384228 ], [ -97.021761970207635, 33.002696415725957 ], [ -97.020685210599353, 33.002706044324853 ], [ -97.01960845072901, 33.002715662771799 ], [ -97.018531690596873, 33.002725271066765 ], [ -97.018520149956146, 33.001829284896225 ], [ -97.018508609576955, 33.00093329750085 ], [ -97.019585345312294, 33.000923689397368 ], [ -97.019596897889755, 33.001819676697018 ], [ -97.020673645561587, 33.001810058345995 ], [ -97.020662080785868, 33.000914071142169 ], [ -97.021738815997381, 33.00090444273512 ], [ -97.022815550946547, 33.000894804176369 ], [ -97.02389228563311, 33.000885155465795 ], [ -97.023903887003527, 33.001781142381517 ], [ -97.023915488636845, 33.002677128072264 ] ] ] } },
{ "type": "Feature", "properties": { "id": "48_19", "growth_scenario": "moderate", "market_gravity_weight": 75 }, "geometry": { "type": "Polygon", "coordinates": [ [ [ -96.970450242766873, 32.945792130740273 ], [ -96.97152623397055, 32.945782974970214 ], [ -96.971537234355822, 32.946679042678014 ], [ -96.971548234990209, 32.947575109149746 ], [ -96.971559235873698, 32.948471174385503 ], [ -96.971570237006304, 32.949367238385612 ], [ -96.970494197074885, 32.949376394519859 ], [ -96.969418156894591, 32.949385540508032 ], [ -96.969407180126694, 32.948489476326003 ], [ -96.96939620360736, 32.947593410908183 ], [ -96.968320187542957, 32.947602546568575 ], [ -96.968309223454014, 32.946706479824016 ], [ -96.969385227336588, 32.94669734425446 ], [ -96.969374251314363, 32.945801276364662 ], [ -96.969363275540701, 32.944905207238556 ], [ -96.970439254811936, 32.94489606170513 ], [ -96.970450242766873, 32.945792130740273 ] ] ] } },
{ "type": "Feature", "properties": { "id": "48_2", "growth_scenario": "moderate", "market_gravity_weight": 75 }, "geometry": { "type": "Polygon", "coordinates": [ [ [ -96.959026955873014, 32.979941921359675 ], [ -96.957950498605967, 32.979950958798121 ], [ -96.957961349966325, 32.980846980840745 ], [ -96.956884880261327, 32.980856008219526 ], [ -96.956895719675131, 32.981752029122944 ], [ -96.955819237532168, 32.981761046441868 ], [ -96.955808410310752, 32.980865025448693 ], [ -96.955797583334629, 32.979969003226394 ], [ -96.954721125330906, 32.979978010216243 ], [ -96.954710310791924, 32.979081986675048 ], [ -96.955786756603771, 32.97907297977487 ], [ -96.955775930118193, 32.978176955093915 ], [ -96.956852363493198, 32.978167938134085 ], [ -96.957928796622681, 32.978158911024899 ], [ -96.959005229506346, 32.978149873766434 ], [ -96.959016092566642, 32.979045898177773 ], [ -96.959026955873014, 32.979941921359675 ] ] ] } },
{ "type": "Feature", "properties": { "id": "48_20", "growth_scenario": "moderate", "market_gravity_weight": 75 }, "geometry": { "type": "Polygon", "coordinates": [ [ [ -97.710679330507944, 30.193249459883813 ], [ -97.710698049971811, 30.194150058916605 ], [ -97.711737857968131, 30.194133840519669 ], [ -97.711756589215156, 30.195034437621956 ], [ -97.710716769845305, 30.195050656164288 ], [ -97.710735490128457, 30.19595125162704 ], [ -97.709695658975178, 30.195967460460057 ], [ -97.709714368293959, 30.196868054283243 ], [ -97.70867452535721, 30.196884253406857 ], [ -97.70763468201126, 30.196900442675634 ], [ -97.707615995440563, 30.195999848562128 ], [ -97.707597309278782, 30.195099252663805 ], [ -97.708637129876863, 30.195083063685221 ], [ -97.708618432750455, 30.194182466147122 ], [ -97.709658241565819, 30.194166267459085 ], [ -97.709639533475254, 30.193265668281057 ], [ -97.709620825794048, 30.192365067317667 ], [ -97.710660611453719, 30.19234885906571 ], [ -97.710679330507944, 30.193249459883813 ] ] ] } },
{ "type": "Feature", "properties": { "id": "48_21", "growth_scenario": "moderate", "market_gravity_weight": 75 }, "geometry": { "type": "Polygon", "coordinates": [ [ [ -97.024910956160909, 32.996395544125974 ], [ -97.024922568413828, 32.997291537072805 ], [ -97.025999253784278, 32.997281868444105 ], [ -97.026010878497416, 32.998177860068758 ], [ -97.027087575801559, 32.998168181192241 ], [ -97.027099212975457, 32.999064171494801 ], [ -97.026022503473953, 32.999073850467738 ], [ -97.026034128713917, 32.999969839641274 ], [ -97.024957406751327, 32.999979508558987 ], [ -97.024945793709023, 32.999083519289101 ], [ -97.023869083680935, 32.999093177958962 ], [ -97.023857483099164, 32.99819718736741 ], [ -97.022780785005608, 32.998206835789532 ], [ -97.0227691968838, 32.997310843876193 ], [ -97.02275760902458, 32.996414850737011 ], [ -97.023834282724167, 32.996405202507134 ], [ -97.023822682930927, 32.995509208238047 ], [ -97.024899344171132, 32.995499549953138 ], [ -97.024910956160909, 32.996395544125974 ] ] ] } },
{ "type": "Feature", "properties": { "id": "48_22", "growth_scenario": "moderate", "market_gravity_weight": 75 }, "geometry": { "type": "Polygon", "coordinates": [ [ [ -96.990894032774165, 32.945616436205789 ], [ -96.990905252425435, 32.946512502257526 ], [ -96.989829253566299, 32.946521840741703 ], [ -96.989840461289987, 32.947417905650155 ], [ -96.988764449995401, 32.947427234081395 ], [ -96.987688438447307, 32.947436552366838 ], [ -96.987677255086936, 32.946540487272934 ], [ -96.987666071979802, 32.945644420942941 ], [ -96.987654889125906, 32.944748353376525 ], [ -96.988730864129849, 32.944739035369082 ], [ -96.988719669348342, 32.943842966658828 ], [ -96.989795631917943, 32.943833638598605 ], [ -96.990871594233781, 32.943824300393004 ], [ -96.990882813376956, 32.944720368917658 ], [ -96.990894032774165, 32.945616436205789 ] ] ] } },
{ "type": "Feature", "properties": { "id": "48_23", "growth_scenario": "moderate", "market_gravity_weight": 75 }, "geometry": { "type": "Polygon", "coordinates": [ [ [ -97.023880684525594, 32.999989167325012 ], [ -97.024957406751327, 32.999979508558987 ], [ -97.024969020056787, 33.000875496603527 ], [ -97.026045754217321, 33.000865827589486 ], [ -97.027122488114401, 33.000856148423658 ], [ -97.027134126079432, 33.001752135050303 ], [ -97.026057379984152, 33.001761814312573 ], [ -97.026069006014424, 33.002657799810748 ], [ -97.02499224745722, 33.002667469017496 ], [ -97.025003861552193, 33.003563453387294 ], [ -97.02392709053305, 33.003573112538319 ], [ -97.023915488636845, 33.002677128072264 ], [ -97.023903887003527, 33.001781142381517 ], [ -97.02389228563311, 33.000885155465795 ], [ -97.022815550946547, 33.000894804176369 ], [ -97.021738815997381, 33.00090444273512 ], [ -97.021727239285752, 33.000008454402163 ], [ -97.022803962036974, 32.999998815939414 ], [ -97.022792373390004, 32.999102826477227 ], [ -97.023869083680935, 32.999093177958962 ], [ -97.023880684525594, 32.999989167325012 ] ] ] } },
{ "type": "Feature", "properties": { "id": "48_24", "growth_scenario": "moderate", "market_gravity_weight": 75 }, "geometry": { "type": "Polygon", "coordinates": [ [ [ -98.708917591822569, 29.421841576299649 ], [ -98.708946957329616, 29.422743543765041 ], [ -98.708976323473166, 29.423645509292761 ], [ -98.709005690253221, 29.424547472883024 ], [ -98.709035057669823, 29.425449434535931 ], [ -98.708005113567893, 29.425475148082526 ], [ -98.706975168829658, 29.425500851852362 ], [ -98.706945823719195, 29.424598889752172 ], [ -98.706916479244811, 29.423696925714701 ], [ -98.706887135406447, 29.422794959739793 ], [ -98.70685779220409, 29.421892991827125 ], [ -98.705827891440748, 29.421918684926187 ], [ -98.705798560026523, 29.421016714852289 ], [ -98.70682844963774, 29.420991021976668 ], [ -98.707858338612979, 29.420965319324669 ], [ -98.707887692331454, 29.421867288951603 ], [ -98.708917591822569, 29.421841576299649 ] ] ] } },
{ "type": "Feature", "properties": { "id": "48_25", "growth_scenario": "moderate", "market_gravity_weight": 75 }, "geometry": { "type": "Polygon", "coordinates": [ [ [ -96.970417279648515, 32.943103919925257 ], [ -96.970428267105817, 32.943999991433493 ], [ -96.970439254811936, 32.94489606170513 ], [ -96.969363275540701, 32.944905207238556 ], [ -96.969374251314363, 32.945801276364662 ], [ -96.969385227336588, 32.94669734425446 ], [ -96.968309223454014, 32.946706479824016 ], [ -96.96829825961332, 32.945810411843375 ], [ -96.968287296020918, 32.944914342626483 ], [ -96.968276332676766, 32.944018272173068 ], [ -96.968265369580877, 32.943122200483103 ], [ -96.968254406733223, 32.942226127556268 ], [ -96.968243444133805, 32.941330053392448 ], [ -96.969319374931288, 32.941320918367836 ], [ -96.970395305480253, 32.941311773198116 ], [ -96.970406292439975, 32.942207847180207 ], [ -96.970417279648515, 32.943103919925257 ] ] ] } },
{ "type": "Feature", "properties": { "id": "48_26", "growth_scenario": "moderate", "market_gravity_weight": 75 }, "geometry": { "type": "Polygon", "coordinates": [ [ [ -96.959548684151756, 33.022949591854164 ], [ -96.958471641351622, 33.022958633616149 ], [ -96.958460778427906, 33.022062669141896 ], [ -96.959537809022947, 33.022053627470044 ], [ -96.960614839371488, 33.022044575643967 ], [ -96.961691869473256, 33.02203551366361 ], [ -96.962768899327955, 33.022026441528951 ], [ -96.962779811072025, 33.022922405641992 ], [ -96.963856852884476, 33.0229133232625 ], [ -96.963867777081219, 33.023809286064484 ], [ -96.962790723063421, 33.023818368534535 ], [ -96.962801635302171, 33.024714330206798 ], [ -96.962812547788261, 33.025610290658939 ], [ -96.961735469111574, 33.025619363155471 ], [ -96.961724568831386, 33.024723402612857 ], [ -96.960647502113545, 33.024732464864286 ], [ -96.960636614286074, 33.023836503011218 ], [ -96.960625726705388, 33.022940539937828 ], [ -96.959548684151756, 33.022949591854164 ] ] ] } },
{ "type": "Feature", "properties": { "id": "48_27", "growth_scenario": "moderate", "market_gravity_weight": 75 }, "geometry": { "type": "Polygon", "coordinates": [ [ [ -96.968186963940212, 33.024668815857986 ], [ -96.969264028922737, 33.024659682524572 ], [ -96.969275014644083, 33.025555642431705 ], [ -96.968197937455727, 33.025564775856239 ], [ -96.968208911219975, 33.026460734634554 ], [ -96.969286000614474, 33.026451601118872 ], [ -96.969296986833868, 33.027347558586342 ], [ -96.968219885232969, 33.027356692193059 ], [ -96.967142783383295, 33.027365815644906 ], [ -96.966065681285144, 33.027374928941903 ], [ -96.966054731684977, 33.026478971201492 ], [ -96.966043782333031, 33.025583012241313 ], [ -96.964966704399274, 33.02559211520186 ], [ -96.96495576750138, 33.024696154930965 ], [ -96.966032833229264, 33.024687052061203 ], [ -96.967109898708969, 33.024677939036856 ], [ -96.967098937647791, 33.023781977727566 ], [ -96.968175990673458, 33.023772854639638 ], [ -96.968186963940212, 33.024668815857986 ] ] ] } },
{ "type": "Feature", "properties": { "id": "48_28", "growth_scenario": "moderate", "market_gravity_weight": 75 }, "geometry": { "type": "Polygon", "coordinates": [ [ [ -96.964966704399274, 33.02559211520186 ], [ -96.966043782333031, 33.025583012241313 ], [ -96.966054731684977, 33.026478971201492 ], [ -96.964977641545062, 33.026488074252818 ], [ -96.964988578938772, 33.027384032084043 ], [ -96.963911476344492, 33.027393125071306 ], [ -96.962834373502545, 33.027402207903677 ], [ -96.962823460521719, 33.026506249891185 ], [ -96.96174636963886, 33.026515322478197 ], [ -96.961735469111574, 33.025619363155471 ], [ -96.962812547788261, 33.025610290658939 ], [ -96.962801635302171, 33.024714330206798 ], [ -96.962790723063421, 33.023818368534535 ], [ -96.963867777081219, 33.023809286064484 ], [ -96.964944830851394, 33.023800193439932 ], [ -96.96495576750138, 33.024696154930965 ], [ -96.964966704399274, 33.02559211520186 ] ] ] } },
{ "type": "Feature", "properties": { "id": "48_29", "growth_scenario": "moderate", "market_gravity_weight": 75 }, "geometry": { "type": "Polygon", "coordinates": [ [ [ -96.957394598305243, 33.022967665223732 ], [ -96.9574054492698, 33.023863628567668 ], [ -96.957416300480304, 33.024759590691261 ], [ -96.957427151936798, 33.025655551594838 ], [ -96.956350072027448, 33.02566457331794 ], [ -96.956339232776926, 33.024768612324415 ], [ -96.955262164827843, 33.02477762380299 ], [ -96.955251338028688, 33.023881661499537 ], [ -96.954174282039887, 33.023890662733727 ], [ -96.954163467691544, 33.022994699120254 ], [ -96.954152653588338, 33.022098734286303 ], [ -96.955229685166586, 33.022089733231617 ], [ -96.956306716499455, 33.022080722022658 ], [ -96.957383747586661, 33.022071700659438 ], [ -96.958460778427906, 33.022062669141896 ], [ -96.958471641351622, 33.022958633616149 ], [ -96.957394598305243, 33.022967665223732 ] ] ] } },
{ "type": "Feature", "properties": { "id": "48_3", "growth_scenario": "moderate", "market_gravity_weight": 75 }, "geometry": { "type": "Polygon", "coordinates": [ [ [ -96.956949920427903, 32.986232115210349 ], [ -96.956960761315258, 32.987128128743159 ], [ -96.95697160244822, 32.988024141048207 ], [ -96.955895034950672, 32.988033158995705 ], [ -96.954818467207772, 32.988042166792816 ], [ -96.954807650463493, 32.987146154308256 ], [ -96.954796833964281, 32.986250140595928 ], [ -96.953720290364743, 32.986259138063389 ], [ -96.95370948630439, 32.985363123033466 ], [ -96.953698682488806, 32.984467106775426 ], [ -96.954775201701011, 32.984458109487186 ], [ -96.955851720668178, 32.984449102048863 ], [ -96.956928239390024, 32.984440084460616 ], [ -96.956939079786167, 32.985336100449537 ], [ -96.956949920427903, 32.986232115210349 ] ] ] } },
{ "type": "Feature", "properties": { "id": "48_30", "growth_scenario": "moderate", "market_gravity_weight": 75 }, "geometry": { "type": "Polygon", "coordinates": [ [ [ -96.993001031857304, 32.942013453157941 ], [ -96.993012274852902, 32.942909523970251 ], [ -96.99193632522595, 32.94291888237359 ], [ -96.991947556295599, 32.943814952042025 ], [ -96.990871594233781, 32.943824300393004 ], [ -96.989795631917943, 32.943833638598605 ], [ -96.989784425209379, 32.942937568744426 ], [ -96.989773218754564, 32.942041497653285 ], [ -96.989762012553498, 32.941145425325061 ], [ -96.990837938328539, 32.941136087397986 ], [ -96.990826720201497, 32.940240013925376 ], [ -96.991902633542821, 32.940230665946125 ], [ -96.992978546629857, 32.940221307821908 ], [ -96.992989789116294, 32.941117381108576 ], [ -96.993001031857304, 32.942013453157941 ] ] ] } },
{ "type": "Feature", "properties": { "id": "48_31", "growth_scenario": "moderate", "market_gravity_weight": 75 }, "geometry": { "type": "Polygon", "coordinates": [ [ [ -98.708800136158942, 29.418233687057562 ], [ -98.708829499120199, 29.419135662275469 ], [ -98.708858862717889, 29.420037635554969 ], [ -98.708888226951998, 29.42093960689634 ], [ -98.707858338612979, 29.420965319324669 ], [ -98.70682844963774, 29.420991021976668 ], [ -98.705798560026523, 29.421016714852289 ], [ -98.705769229248034, 29.420114742840358 ], [ -98.704739350153019, 29.420140425716209 ], [ -98.704710031161923, 29.419238451542746 ], [ -98.705739899105268, 29.419212768890223 ], [ -98.706769766412933, 29.419187076461483 ], [ -98.706740425754433, 29.418285100796513 ], [ -98.707770281274762, 29.418259398815056 ], [ -98.707740930101011, 29.41735742143501 ], [ -98.708770773834075, 29.417331709901106 ], [ -98.708800136158942, 29.418233687057562 ] ] ] } },
{ "type": "Feature", "properties": { "id": "48_32", "growth_scenario": "moderate", "market_gravity_weight": 75 }, "geometry": { "type": "Polygon", "coordinates": [ [ [ -96.954174282039887, 33.023890662733727 ], [ -96.955251338028688, 33.023881661499537 ], [ -96.955262164827843, 33.02477762380299 ], [ -96.954185096633353, 33.024786625126964 ], [ -96.954195911471956, 33.025682586300157 ], [ -96.953118830826355, 33.025691577559158 ], [ -96.953108028193725, 33.024795616296338 ], [ -96.95203095950923, 33.024804597311096 ], [ -96.952020169327156, 33.023908634738639 ], [ -96.950943112603781, 33.023917605509347 ], [ -96.950932334871737, 33.023021641627203 ], [ -96.950921557383978, 33.022125676524567 ], [ -96.951998589696743, 33.022116705932781 ], [ -96.953075621764967, 33.022107725186679 ], [ -96.954152653588338, 33.022098734286303 ], [ -96.954163467691544, 33.022994699120254 ], [ -96.954174282039887, 33.023890662733727 ] ] ] } },
{ "type": "Feature", "properties": { "id": "48_33", "growth_scenario": "moderate", "market_gravity_weight": 75 }, "geometry": { "type": "Polygon", "coordinates": [ [ [ -96.962823460521719, 33.026506249891185 ], [ -96.962834373502545, 33.027402207903677 ], [ -96.961757270413216, 33.027411280581177 ], [ -96.961768171434684, 33.028307237464603 ], [ -96.960691055891516, 33.028316300077663 ], [ -96.960701944953072, 33.029212255832142 ], [ -96.959624816956037, 33.029221308380478 ], [ -96.959613940101519, 33.028325352535695 ], [ -96.958536824064964, 33.028334394838723 ], [ -96.958525959663746, 33.027438437684431 ], [ -96.958515095508815, 33.026542479310564 ], [ -96.959592187132117, 33.026533437187879 ], [ -96.959581311017246, 33.025637477684477 ], [ -96.960658390187817, 33.025628425497338 ], [ -96.961735469111574, 33.025619363155471 ], [ -96.96174636963886, 33.026515322478197 ], [ -96.962823460521719, 33.026506249891185 ] ] ] } },
{ "type": "Feature", "properties": { "id": "48_34", "growth_scenario": "moderate", "market_gravity_weight": 75 }, "geometry": { "type": "Polygon", "coordinates": [ [ [ -96.969253531472035, 32.935944447942369 ], [ -96.96926450476073, 32.936840529441298 ], [ -96.969275478297888, 32.937736609702043 ], [ -96.969286452083509, 32.938632688724965 ], [ -96.970362346093665, 32.938623543827966 ], [ -96.970373332307105, 32.939519621522194 ], [ -96.96929742611762, 32.939528766510065 ], [ -96.969308400400195, 32.940424843057677 ], [ -96.969319374931288, 32.941320918367836 ], [ -96.968243444133805, 32.941330053392448 ], [ -96.968232481782621, 32.940433977991404 ], [ -96.968221519679645, 32.939537901353056 ], [ -96.968210557824875, 32.938641823477056 ], [ -96.968199596218312, 32.937745744363411 ], [ -96.967123713890544, 32.937754868879971 ], [ -96.967112764710976, 32.936858788437704 ], [ -96.968188634859942, 32.936849664011824 ], [ -96.96817767374975, 32.935953582422066 ], [ -96.968166712887751, 32.935057499594095 ], [ -96.969242558431802, 32.935048365205198 ], [ -96.97031840372739, 32.935039220671833 ], [ -96.970329388945871, 32.935935303318082 ], [ -96.969253531472035, 32.935944447942369 ] ] ] } },
{ "type": "Feature", "properties": { "id": "48_35", "growth_scenario": "moderate", "market_gravity_weight": 75 }, "geometry": { "type": "Polygon", "coordinates": [ [ [ -96.950943112603781, 33.023917605509347 ], [ -96.952020169327156, 33.023908634738639 ], [ -96.95203095950923, 33.024804597311096 ], [ -96.950953890580138, 33.024813568171275 ], [ -96.950964668800793, 33.025709529613131 ], [ -96.949887587421415, 33.025718490408089 ], [ -96.949876821406747, 33.024822528876825 ], [ -96.948799751989327, 33.024831479427803 ], [ -96.948788998424419, 33.02393551658723 ], [ -96.947711940968986, 33.023944456894434 ], [ -96.947701199853284, 33.023048492744508 ], [ -96.947690458981057, 33.022152527374153 ], [ -96.948767492025866, 33.022143587245218 ], [ -96.949844524826929, 33.022134636962079 ], [ -96.950921557383978, 33.022125676524567 ], [ -96.950932334871737, 33.023021641627203 ], [ -96.950943112603781, 33.023917605509347 ] ] ] } },
{ "type": "Feature", "properties": { "id": "48_36", "growth_scenario": "moderate", "market_gravity_weight": 75 }, "geometry": { "type": "Polygon", "coordinates": [ [ [ -96.957427151936798, 33.025655551594838 ], [ -96.95743800363924, 33.02655151127847 ], [ -96.957448855587685, 33.027447469742398 ], [ -96.956371751265621, 33.027456491645502 ], [ -96.956382591253274, 33.028352448979867 ], [ -96.95530547447872, 33.028361460817948 ], [ -96.955294646697837, 33.027465503393678 ], [ -96.954217541884617, 33.027474504986984 ], [ -96.954206726555711, 33.026578546253411 ], [ -96.953129633703867, 33.026587537602104 ], [ -96.953118830826355, 33.025691577559158 ], [ -96.954195911471956, 33.025682586300157 ], [ -96.954185096633353, 33.024786625126964 ], [ -96.955262164827843, 33.02477762380299 ], [ -96.956339232776926, 33.024768612324415 ], [ -96.956350072027448, 33.02566457331794 ], [ -96.957427151936798, 33.025655551594838 ] ] ] } },
{ "type": "Feature", "properties": { "id": "48_37", "growth_scenario": "moderate", "market_gravity_weight": 75 }, "geometry": { "type": "Polygon", "coordinates": [ [ [ -97.705835000451344, 30.21044149364959 ], [ -97.705853670810541, 30.21134205952076 ], [ -97.704813644219158, 30.211358221543684 ], [ -97.704832303608683, 30.212258785778058 ], [ -97.703792265230533, 30.212274938089617 ], [ -97.703773617219355, 30.211374373710409 ], [ -97.702733589811402, 30.21139051602097 ], [ -97.702752226444233, 30.212291080544961 ], [ -97.70171218725001, 30.212307213143948 ], [ -97.70169356199554, 30.211406648475283 ], [ -97.700653533772027, 30.211422771073394 ], [ -97.699613505141087, 30.211438883815248 ], [ -97.699594903050567, 30.210538317075699 ], [ -97.699576301367188, 30.209637748554179 ], [ -97.700616307242058, 30.209621636101339 ], [ -97.700634920303344, 30.210522204478337 ], [ -97.701674937148738, 30.210506082024821 ], [ -97.702714953586479, 30.210489949715196 ], [ -97.703754969616313, 30.210473807549441 ], [ -97.704794985238024, 30.21045765552757 ], [ -97.704776326665296, 30.209557087729497 ], [ -97.705816330500781, 30.209540925996485 ], [ -97.705835000451344, 30.21044149364959 ] ] ] } },
{ "type": "Feature", "properties": { "id": "48_38", "growth_scenario": "moderate", "market_gravity_weight": 75 }, "geometry": { "type": "Polygon", "coordinates": [ [ [ -96.958525959663746, 33.027438437684431 ], [ -96.958536824064964, 33.028334394838723 ], [ -96.959613940101519, 33.028325352535695 ], [ -96.959624816956037, 33.029221308380478 ], [ -96.958547688712443, 33.029230350773702 ], [ -96.95855855360621, 33.03012630548951 ], [ -96.958569418746279, 33.031022258986326 ], [ -96.957492265841481, 33.031031291404673 ], [ -96.957481412909004, 33.030135337817725 ], [ -96.956404271965781, 33.030144359990821 ], [ -96.956393431486674, 33.02924840509494 ], [ -96.955316302505025, 33.029257417022897 ], [ -96.95530547447872, 33.028361460817948 ], [ -96.956382591253274, 33.028352448979867 ], [ -96.956371751265621, 33.027456491645502 ], [ -96.957448855587685, 33.027447469742398 ], [ -96.95743800363924, 33.02655151127847 ], [ -96.958515095508815, 33.026542479310564 ], [ -96.958525959663746, 33.027438437684431 ] ] ] } },
{ "type": "Feature", "properties": { "id": "48_39", "growth_scenario": "moderate", "market_gravity_weight": 75 }, "geometry": { "type": "Polygon", "coordinates": [ [ [ -96.953129633703867, 33.026587537602104 ], [ -96.954206726555711, 33.026578546253411 ], [ -96.954217541884617, 33.027474504986984 ], [ -96.954228357458703, 33.028370462501016 ], [ -96.953151240193506, 33.028379454029107 ], [ -96.952074122683428, 33.028388435402171 ], [ -96.952063331522965, 33.027492477708854 ], [ -96.950986225975086, 33.027501448837469 ], [ -96.950975447265776, 33.026605489835156 ], [ -96.949898353680112, 33.026614450719492 ], [ -96.949887587421415, 33.025718490408089 ], [ -96.950964668800793, 33.025709529613131 ], [ -96.950953890580138, 33.024813568171275 ], [ -96.95203095950923, 33.024804597311096 ], [ -96.953108028193725, 33.024795616296338 ], [ -96.953118830826355, 33.025691577559158 ], [ -96.953129633703867, 33.026587537602104 ] ] ] } },
{ "type": "Feature", "properties": { "id": "48_4", "growth_scenario": "moderate", "market_gravity_weight": 75 }, "geometry": { "type": "Polygon", "coordinates": [ [ [ -96.954818467207772, 32.988042166792816 ], [ -96.955895034950672, 32.988033158995705 ], [ -96.95697160244822, 32.988024141048207 ], [ -96.956982443826817, 32.988920152125601 ], [ -96.956993285451048, 32.989816161975604 ], [ -96.957004127320928, 32.990712170598371 ], [ -96.957014969436443, 32.991608177994067 ], [ -96.955938353158771, 32.991617196300894 ], [ -96.955927523238699, 32.990721188815357 ], [ -96.954850918911106, 32.990730196881607 ], [ -96.954840101431571, 32.989834188079307 ], [ -96.953763509054056, 32.989843185905201 ], [ -96.953752704014533, 32.988947175786052 ], [ -96.953741899219793, 32.988051164439476 ], [ -96.953731094669877, 32.987155151865295 ], [ -96.954807650463493, 32.987146154308256 ], [ -96.954818467207772, 32.988042166792816 ] ] ] } },
{ "type": "Feature", "properties": { "id": "48_40", "growth_scenario": "moderate", "market_gravity_weight": 75 }, "geometry": { "type": "Polygon", "coordinates": [ [ [ -96.947711940968986, 33.023944456894434 ], [ -96.948788998424419, 33.02393551658723 ], [ -96.948799751989327, 33.024831479427803 ], [ -96.948810505797979, 33.02572744104836 ], [ -96.947733423930785, 33.025736381533854 ], [ -96.947722682328134, 33.024840419824137 ], [ -96.946645612423481, 33.0248493500659 ], [ -96.945568542275609, 33.02485827015299 ], [ -96.945557825327967, 33.023962307045302 ], [ -96.944480767142934, 33.023971216888903 ], [ -96.944470062643674, 33.023075252472097 ], [ -96.944459358387064, 33.022179286834906 ], [ -96.945536392161387, 33.022170377168955 ], [ -96.946613425692817, 33.02216145734868 ], [ -96.947690458981057, 33.022152527374153 ], [ -96.947701199853284, 33.023048492744508 ], [ -96.947711940968986, 33.023944456894434 ] ] ] } },
{ "type": "Feature", "properties": { "id": "48_41", "growth_scenario": "moderate", "market_gravity_weight": 75 }, "geometry": { "type": "Polygon", "coordinates": [ [ [ -96.949887587421415, 33.025718490408089 ], [ -96.949898353680112, 33.026614450719492 ], [ -96.950975447265776, 33.026605489835156 ], [ -96.950986225975086, 33.027501448837469 ], [ -96.950997004928723, 33.02839740662025 ], [ -96.949919886929678, 33.028406367683317 ], [ -96.948842768686561, 33.028415318591342 ], [ -96.947765650199671, 33.028424259344398 ], [ -96.947754907866539, 33.027528301293749 ], [ -96.946677801342972, 33.027537231802732 ], [ -96.946667071459927, 33.026641272443513 ], [ -96.947744165776911, 33.026632342023632 ], [ -96.947733423930785, 33.025736381533854 ], [ -96.948810505797979, 33.02572744104836 ], [ -96.948799751989327, 33.024831479427803 ], [ -96.949876821406747, 33.024822528876825 ], [ -96.949887587421415, 33.025718490408089 ] ] ] } },
{ "type": "Feature", "properties": { "id": "48_42", "growth_scenario": "moderate", "market_gravity_weight": 75 }, "geometry": { "type": "Polygon", "coordinates": [ [ [ -98.70465139508606, 29.417434497380626 ], [ -98.704680712806265, 29.418336475430941 ], [ -98.705710569598182, 29.418310793001744 ], [ -98.705739899105268, 29.419212768890223 ], [ -98.704710031161923, 29.419238451542746 ], [ -98.704739350153019, 29.420140425716209 ], [ -98.703709470422524, 29.420166098815837 ], [ -98.703680162583126, 29.419264124419044 ], [ -98.702650293369118, 29.419289787519165 ], [ -98.702620997316401, 29.418387810960905 ], [ -98.701591138618923, 29.418413464061679 ], [ -98.700561279286759, 29.418439107386309 ], [ -98.700532006171514, 29.417537128443492 ], [ -98.70156185435242, 29.417511485341883 ], [ -98.701532570720588, 29.416609504683358 ], [ -98.702562407115792, 29.41658385202874 ], [ -98.703592242876084, 29.416558189598149 ], [ -98.70362154880992, 29.417460169810408 ], [ -98.70465139508606, 29.417434497380626 ] ] ] } },
{ "type": "Feature", "properties": { "id": "48_43", "growth_scenario": "moderate", "market_gravity_weight": 75 }, "geometry": { "type": "Polygon", "coordinates": [ [ [ -96.955316302505025, 33.029257417022897 ], [ -96.956393431486674, 33.02924840509494 ], [ -96.956404271965781, 33.030144359990821 ], [ -96.956415112690635, 33.03104031366771 ], [ -96.955337959294056, 33.031049325775506 ], [ -96.954260805651998, 33.031058327727955 ], [ -96.954271622206804, 33.031954280365788 ], [ -96.953194456111632, 33.031963272252646 ], [ -96.953183651764732, 33.031067319525093 ], [ -96.952106497632556, 33.031076301166955 ], [ -96.952095705738216, 33.030180347131065 ], [ -96.953172847662742, 33.030171365578767 ], [ -96.953162043805676, 33.029275410413533 ], [ -96.952084914088502, 33.029284391876175 ], [ -96.952074122683428, 33.028388435402171 ], [ -96.953151240193506, 33.028379454029107 ], [ -96.954228357458703, 33.028370462501016 ], [ -96.954239173277955, 33.029266418795785 ], [ -96.955316302505025, 33.029257417022897 ] ] ] } },
{ "type": "Feature", "properties": { "id": "48_44", "growth_scenario": "moderate", "market_gravity_weight": 75 }, "geometry": { "type": "Polygon", "coordinates": [ [ [ -98.726992186673613, 29.470132124791398 ], [ -98.727021765224407, 29.471033984270623 ], [ -98.725991262226927, 29.471059865734166 ], [ -98.726020830253901, 29.471961723510461 ], [ -98.72705134441668, 29.471935841821374 ], [ -98.727080924250458, 29.472837697443719 ], [ -98.727110504725758, 29.473739551137914 ], [ -98.726079968231673, 29.47376543327815 ], [ -98.726109538182527, 29.474667285269902 ], [ -98.726139108774674, 29.475569135333917 ], [ -98.725108549306967, 29.475595008143852 ], [ -98.725078989881084, 29.474693157854372 ], [ -98.725049431096295, 29.473791305637114 ], [ -98.725019872952558, 29.472889451491891 ], [ -98.724990315449872, 29.471987595418494 ], [ -98.724960758588196, 29.47108573741675 ], [ -98.724931202367529, 29.470183877486573 ], [ -98.725961694841189, 29.470158006029454 ], [ -98.725932128096659, 29.469256144395956 ], [ -98.726962608764282, 29.469230263383476 ], [ -98.726992186673613, 29.470132124791398 ] ] ] } },
{ "type": "Feature", "properties": { "id": "48_45", "growth_scenario": "moderate", "market_gravity_weight": 75 }, "geometry": { "type": "Polygon", "coordinates": [ [ [ -96.969154783053071, 32.927879658707184 ], [ -96.969165754106015, 32.928775751357307 ], [ -96.969176725407337, 32.929671842767647 ], [ -96.96918769695705, 32.93056793293843 ], [ -96.969198668755169, 32.931464021869843 ], [ -96.969209640801679, 32.932360109562033 ], [ -96.969220613096624, 32.933256196015193 ], [ -96.969231585640003, 32.93415228122953 ], [ -96.969242558431802, 32.935048365205198 ], [ -96.968166712887751, 32.935057499594095 ], [ -96.968155752273901, 32.934161415527647 ], [ -96.968144791908216, 32.933265330222525 ], [ -96.968133831790681, 32.932369243678579 ], [ -96.968122871921281, 32.931473155895588 ], [ -96.968111912300017, 32.93057706687344 ], [ -96.968100952926889, 32.929680976611863 ], [ -96.968089993801883, 32.928784885110765 ], [ -96.967014233249628, 32.928794008720494 ], [ -96.96700328654876, 32.927897915888927 ], [ -96.968079034924969, 32.927888792369906 ], [ -96.968068076296163, 32.9269926983891 ], [ -96.969143812248504, 32.926983564817128 ], [ -96.969154783053071, 32.927879658707184 ] ] ] } },
{ "type": "Feature", "properties": { "id": "48_46", "growth_scenario": "moderate", "market_gravity_weight": 75 }, "geometry": { "type": "Polygon", "coordinates": [ [ [ -96.952106497632556, 33.031076301166955 ], [ -96.953183651764732, 33.031067319525093 ], [ -96.953194456111632, 33.031963272252646 ], [ -96.953205260703484, 33.032859223761548 ], [ -96.953216065540246, 33.033755174052061 ], [ -96.952138874783486, 33.033764155962714 ], [ -96.951061683782044, 33.033773127717723 ], [ -96.95105090336223, 33.032877177248118 ], [ -96.949973724324892, 33.032886138758123 ], [ -96.949962956357652, 33.031990186980728 ], [ -96.948885789284432, 33.031999138245901 ], [ -96.948875033769255, 33.031103185160603 ], [ -96.949952188634541, 33.031094233984675 ], [ -96.951029343255726, 33.031085272653492 ], [ -96.951018563569036, 33.030189318528095 ], [ -96.952095705738216, 33.030180347131065 ], [ -96.952106497632556, 33.031076301166955 ] ] ] } },
{ "type": "Feature", "properties": { "id": "48_47", "growth_scenario": "moderate", "market_gravity_weight": 75 }, "geometry": { "type": "Polygon", "coordinates": [ [ [ -98.705417309485767, 29.409290927469961 ], [ -98.706447054141137, 29.409265237498467 ], [ -98.706476388441445, 29.410167232556599 ], [ -98.707506143610104, 29.410141532586444 ], [ -98.707476798160798, 29.409239537751787 ], [ -98.708506541544509, 29.409213828229753 ], [ -98.70853589814277, 29.410115822840957 ], [ -98.708565255377238, 29.411017815512029 ], [ -98.708594613247939, 29.411919806243159 ], [ -98.707564836416609, 29.411945516435704 ], [ -98.70753548969536, 29.411043525481027 ], [ -98.706505723377489, 29.411069225674641 ], [ -98.705475956423882, 29.411094916092789 ], [ -98.70444618883478, 29.411120596735522 ], [ -98.704416876197229, 29.410218603170893 ], [ -98.703387119122141, 29.410244273815021 ], [ -98.703357818268898, 29.409342278087127 ], [ -98.704387564194946, 29.409316607666181 ], [ -98.704358252827859, 29.408414610221257 ], [ -98.70538798696991, 29.408388930248293 ], [ -98.705417309485767, 29.409290927469961 ] ] ] } },
{ "type": "Feature", "properties": { "id": "48_48", "growth_scenario": "moderate", "market_gravity_weight": 75 }, "geometry": { "type": "Polygon", "coordinates": [ [ [ -98.702562407115792, 29.41658385202874 ], [ -98.701532570720588, 29.416609504683358 ], [ -98.70156185435242, 29.417511485341883 ], [ -98.700532006171514, 29.417537128443492 ], [ -98.699502157356164, 29.417562761769066 ], [ -98.699472896026435, 29.416660780664678 ], [ -98.698443057727971, 29.416686403991367 ], [ -98.698413808183247, 29.415784420725348 ], [ -98.698384559272441, 29.414882435520376 ], [ -98.699414375269484, 29.414856812639307 ], [ -98.700444190632382, 29.414831179982414 ], [ -98.701474005360893, 29.414805537549739 ], [ -98.70250381945479, 29.414779885341268 ], [ -98.702533112967856, 29.415681869654527 ], [ -98.702562407115792, 29.41658385202874 ] ] ] } },
{ "type": "Feature", "properties": { "id": "48_5", "growth_scenario": "moderate", "market_gravity_weight": 75 }, "geometry": { "type": "Polygon", "coordinates": [ [ [ -96.954699496497923, 32.978185961904423 ], [ -96.954710310791924, 32.979081986675048 ], [ -96.954721125330906, 32.979978010216243 ], [ -96.955797583334629, 32.979969003226394 ], [ -96.955808410310752, 32.980865025448693 ], [ -96.955819237532168, 32.981761046441868 ], [ -96.955830064998864, 32.982657066206194 ], [ -96.954753570417907, 32.98266607346509 ], [ -96.954764385936954, 32.983562092090374 ], [ -96.953687878917989, 32.983571089289022 ], [ -96.953677075591926, 32.982675070574153 ], [ -96.953666272510617, 32.981779050630536 ], [ -96.953655469674032, 32.980883029458084 ], [ -96.953644667082187, 32.97998700705655 ], [ -96.953633864735068, 32.979090983425785 ], [ -96.953623062632673, 32.97819495856556 ], [ -96.953612260774975, 32.977298932475733 ], [ -96.954688682448904, 32.977289935904167 ], [ -96.954699496497923, 32.978185961904423 ] ] ] } },
{ "type": "Feature", "properties": { "id": "48_6", "growth_scenario": "moderate", "market_gravity_weight": 75 }, "geometry": { "type": "Polygon", "coordinates": [ [ [ -98.722424272980135, 29.425114268746565 ], [ -98.722453786024374, 29.426016225546675 ], [ -98.722483299708315, 29.426918180409704 ], [ -98.722512814031987, 29.427820133335754 ], [ -98.722542328995416, 29.428722084325074 ], [ -98.721512348574009, 29.428747925868304 ], [ -98.721482844764324, 29.427845974654208 ], [ -98.720452874857145, 29.427871806195689 ], [ -98.71942290431069, 29.427897627960274 ], [ -98.719393423447627, 29.426995674360054 ], [ -98.71936394322357, 29.426093718822905 ], [ -98.720393891463146, 29.426067897507618 ], [ -98.720364400725018, 29.425165940257983 ], [ -98.721394337172299, 29.425140109390593 ], [ -98.721364835920554, 29.424238150428423 ], [ -98.722394760575597, 29.424212310009075 ], [ -98.722424272980135, 29.425114268746565 ] ] ] } },
{ "type": "Feature", "properties": { "id": "48_7", "growth_scenario": "moderate", "market_gravity_weight": 75 }, "geometry": { "type": "Polygon", "coordinates": [ [ [ -96.954850918911106, 32.990730196881607 ], [ -96.955927523238699, 32.990721188815357 ], [ -96.955938353158771, 32.991617196300894 ], [ -96.95594918332425, 32.992513202559536 ], [ -96.955960013735108, 32.99340920759149 ], [ -96.955970844391359, 32.994305211396956 ], [ -96.955981675293032, 32.995201213976131 ], [ -96.954905009985396, 32.995210222491075 ], [ -96.954894191280289, 32.994314219822193 ], [ -96.953817537924095, 32.994323218096156 ], [ -96.953806731660407, 32.993427214111335 ], [ -96.953795925641572, 32.992531208900026 ], [ -96.953785119867561, 32.991635202462 ], [ -96.953774314338403, 32.99073919479715 ], [ -96.953763509054056, 32.989843185905201 ], [ -96.954840101431571, 32.989834188079307 ], [ -96.954850918911106, 32.990730196881607 ] ] ] } },
{ "type": "Feature", "properties": { "id": "48_8", "growth_scenario": "moderate", "market_gravity_weight": 75 }, "geometry": { "type": "Polygon", "coordinates": [ [ [ -98.719334463638504, 29.425191761348653 ], [ -98.720364400725018, 29.425165940257983 ], [ -98.720393891463146, 29.426067897507618 ], [ -98.71936394322357, 29.426093718822905 ], [ -98.719393423447627, 29.426995674360054 ], [ -98.71942290431069, 29.427897627960274 ], [ -98.720452874857145, 29.427871806195689 ], [ -98.720482367513043, 29.428773757634559 ], [ -98.719452385812801, 29.42879957962375 ], [ -98.718422403473483, 29.42882539183589 ], [ -98.718392933125202, 29.427923439947861 ], [ -98.718363463415713, 29.427021486123106 ], [ -98.717333502745035, 29.427047288109296 ], [ -98.717304044827671, 29.426145332123152 ], [ -98.716274094671846, 29.42617112410807 ], [ -98.716244648546123, 29.425269165960508 ], [ -98.717274587548829, 29.425243374199965 ], [ -98.718304525913041, 29.425217572662689 ], [ -98.718275058119801, 29.424315613026671 ], [ -98.719304984692428, 29.424289801937171 ], [ -98.719334463638504, 29.425191761348653 ] ] ] } },
{ "type": "Feature", "properties": { "id": "48_9", "growth_scenario": "moderate", "market_gravity_weight": 75 }, "geometry": { "type": "Polygon", "coordinates": [ [ [ -98.7202759323458, 29.422460056884752 ], [ -98.720305421166358, 29.423362019946754 ], [ -98.721335335308268, 29.423336189528737 ], [ -98.721364835920554, 29.424238150428423 ], [ -98.721394337172299, 29.425140109390593 ], [ -98.720364400725018, 29.425165940257983 ], [ -98.719334463638504, 29.425191761348653 ], [ -98.719304984692428, 29.424289801937171 ], [ -98.718275058119801, 29.424315613026671 ], [ -98.717245130908481, 29.424341414339494 ], [ -98.717215674906583, 29.423439452541583 ], [ -98.717186219543152, 29.422537488806125 ], [ -98.718216124449455, 29.422511687942155 ], [ -98.719246028717095, 29.422485877301664 ], [ -98.719216551687794, 29.421583912077345 ], [ -98.720246444164388, 29.421558091885014 ], [ -98.7202759323458, 29.422460056884752 ] ] ] } },
{ "type": "Feature", "properties": { "id": "49_0", "growth_scenario": "moderate", "market_gravity_weight": 75 }, "geometry": { "type": "Polygon", "coordinates": [ [ [ -111.907578227484962, 40.357790437633184 ], [ -111.9077761010182, 40.358670619840581 ], [ -111.907973979428107, 40.35955080220382 ], [ -111.906802911721243, 40.35969952568643 ], [ -111.90563183913784, 40.359848238336056 ], [ -111.904460761678237, 40.359996940152634 ], [ -111.903289679342748, 40.360145631136085 ], [ -111.903091857008221, 40.359265441128166 ], [ -111.902894039549054, 40.358385251276502 ], [ -111.90406509384664, 40.358236564114925 ], [ -111.903867267244209, 40.357356376330074 ], [ -111.905038302647981, 40.35720768024656 ], [ -111.906209333176093, 40.357058973330354 ], [ -111.906407187814906, 40.357939157293188 ], [ -111.907578227484962, 40.357790437633184 ] ] ] } },
{ "type": "Feature", "properties": { "id": "49_1", "growth_scenario": "moderate", "market_gravity_weight": 75 }, "geometry": { "type": "Polygon", "coordinates": [ [ [ -111.958583955616689, 40.37031502024201 ], [ -111.959755089381474, 40.370165816237687 ], [ -111.959953640236677, 40.371045923221949 ], [ -111.9601521959856, 40.371926030363191 ], [ -111.960350756628486, 40.372806137661627 ], [ -111.960549322165477, 40.373686245117462 ], [ -111.959378132327728, 40.373835456795007 ], [ -111.958206937596032, 40.373984657639532 ], [ -111.958008400096659, 40.373104546346916 ], [ -111.956837214490392, 40.373253734440212 ], [ -111.956638695903237, 40.372373621387084 ], [ -111.957809867490752, 40.372224435211919 ], [ -111.95761133977814, 40.371344324234244 ], [ -111.957412816958623, 40.370464213413811 ], [ -111.957214299032046, 40.36958410275021 ], [ -111.958385423672496, 40.36943491149637 ], [ -111.958583955616689, 40.37031502024201 ] ] ] } },
{ "type": "Feature", "properties": { "id": "49_2", "growth_scenario": "moderate", "market_gravity_weight": 75 }, "geometry": { "type": "Polygon", "coordinates": [ [ [ -111.872274482218657, 40.37222677849234 ], [ -111.871103132391099, 40.372375172454753 ], [ -111.871300596762978, 40.373255419425448 ], [ -111.870129228039971, 40.373403804459578 ], [ -111.870326683251704, 40.374284053499572 ], [ -111.869155295632908, 40.374432429605186 ], [ -111.868957854449391, 40.373552178657128 ], [ -111.867786475991565, 40.373700542018142 ], [ -111.867589053703384, 40.372820289323585 ], [ -111.868760418133121, 40.3726719278704 ], [ -111.868562986683912, 40.371791677244708 ], [ -111.868365560101608, 40.370911426779827 ], [ -111.869536891609471, 40.370763058305855 ], [ -111.8707082182503, 40.370614678995722 ], [ -111.87187954002377, 40.370466288849435 ], [ -111.87207700868727, 40.371346533590561 ], [ -111.872274482218657, 40.37222677849234 ] ] ] } },
{ "type": "Feature", "properties": { "id": "49_3", "growth_scenario": "moderate", "market_gravity_weight": 75 }, "geometry": { "type": "Polygon", "coordinates": [ [ [ -111.915597817845011, 40.425577773320065 ], [ -111.915795978254252, 40.426457979500739 ], [ -111.915994143551771, 40.42733818585431 ], [ -111.914821980145035, 40.427486989792797 ], [ -111.915020136286344, 40.428367198236671 ], [ -111.913847953946544, 40.428515993249292 ], [ -111.912675766718721, 40.428664777418767 ], [ -111.912477638667397, 40.427784565140882 ], [ -111.911305460597148, 40.427933336550325 ], [ -111.911107351478265, 40.42705312252918 ], [ -111.912279515503585, 40.426904353036392 ], [ -111.912081397227098, 40.426024141105174 ], [ -111.91325354232066, 40.425875362686156 ], [ -111.913451674641564, 40.426755572700664 ], [ -111.914623828891891, 40.426606781522096 ], [ -111.914425682526726, 40.425726573424434 ], [ -111.914227541049399, 40.42484636549964 ], [ -111.915399662323921, 40.424697567312222 ], [ -111.916571778710477, 40.42454875828227 ], [ -111.916769948275146, 40.42542896237309 ], [ -111.915597817845011, 40.425577773320065 ] ] ] } },
{ "type": "Feature", "properties": { "id": "49_4", "growth_scenario": "moderate", "market_gravity_weight": 75 }, "geometry": { "type": "Polygon", "coordinates": [ [ [ -111.909539007078251, 40.425441449823403 ], [ -111.910711147901353, 40.425292695006547 ], [ -111.911883283837781, 40.425143929346923 ], [ -111.913055414887225, 40.424995152844581 ], [ -111.91325354232066, 40.425875362686156 ], [ -111.912081397227098, 40.426024141105174 ], [ -111.912279515503585, 40.426904353036392 ], [ -111.911107351478265, 40.42705312252918 ], [ -111.911305460597148, 40.427933336550325 ], [ -111.910133277639702, 40.428082097116736 ], [ -111.908961089795397, 40.428230846839902 ], [ -111.908763008766925, 40.427350628985678 ], [ -111.908564932624799, 40.42647041130499 ], [ -111.908366861368847, 40.425590193797511 ], [ -111.908168794998915, 40.424709976463049 ], [ -111.909340926664001, 40.424561234405154 ], [ -111.909539007078251, 40.425441449823403 ] ] ] } },
{ "type": "Feature", "properties": { "id": "51_0", "growth_scenario": "moderate", "market_gravity_weight": 75 }, "geometry": { "type": "Polygon", "coordinates": [ [ [ -77.467291188918864, 39.003060671152049 ], [ -77.468434624004274, 39.003233556140863 ], [ -77.468208779966247, 39.004108848493189 ], [ -77.469352233707667, 39.004281725059471 ], [ -77.469126397456463, 39.005157019227759 ], [ -77.467982930493378, 39.004984140557156 ], [ -77.466839468965318, 39.004811251359577 ], [ -77.465696012872584, 39.00463835163513 ], [ -77.465470131521371, 39.005513639201759 ], [ -77.464326667642879, 39.005340726845766 ], [ -77.464552562215474, 39.004465441383886 ], [ -77.463409116994242, 39.004292520605865 ], [ -77.463635019351798, 39.003417236960267 ], [ -77.464778451352146, 39.003590155633553 ], [ -77.465004335053123, 39.002714869594556 ], [ -77.466147759268381, 39.002887775636559 ], [ -77.466373624313349, 39.002012487204304 ], [ -77.467517040743161, 39.002185380615394 ], [ -77.467291188918864, 39.003060671152049 ] ] ] } },
{ "type": "Feature", "properties": { "id": "51_1", "growth_scenario": "moderate", "market_gravity_weight": 75 }, "geometry": { "type": "Polygon", "coordinates": [ [ [ -77.462039756194471, 39.004994870553318 ], [ -77.46318320920048, 39.005167803962948 ], [ -77.464326667642879, 39.005340726845766 ], [ -77.465470131521371, 39.005513639201759 ], [ -77.465244244734365, 39.006388926480263 ], [ -77.46501835251135, 39.007264213470805 ], [ -77.463874862189229, 39.007091296905038 ], [ -77.463648951307789, 39.007966581502821 ], [ -77.462505453200095, 39.007793652304876 ], [ -77.461361960529374, 39.007620712579822 ], [ -77.461587897854741, 39.006745432192446 ], [ -77.461813829743051, 39.005870151516987 ], [ -77.460670368952634, 39.005697205475535 ], [ -77.460896308625152, 39.004821926617034 ], [ -77.461122242860668, 39.003946647470016 ], [ -77.462265677209217, 39.004119589301197 ], [ -77.462039756194471, 39.004994870553318 ] ] ] } },
{ "type": "Feature", "properties": { "id": "51_10", "growth_scenario": "moderate", "market_gravity_weight": 75 }, "geometry": { "type": "Polygon", "coordinates": [ [ [ -77.41627319184893, 38.984420886342711 ], [ -77.4174162126548, 38.984594240697291 ], [ -77.417189812798682, 38.985469437554379 ], [ -77.418332852259354, 38.985642783495337 ], [ -77.418106460166058, 38.986517982165779 ], [ -77.41696340749634, 38.98634463411647 ], [ -77.416736996747559, 38.987219830383708 ], [ -77.415593936315119, 38.987046469703671 ], [ -77.4144508813296, 38.986873098501434 ], [ -77.414677318496473, 38.985997906451509 ], [ -77.413534282166907, 38.985824526835941 ], [ -77.413760727095237, 38.984949336599719 ], [ -77.413987166576447, 38.984074146068117 ], [ -77.41513017648937, 38.98424752146628 ], [ -77.415356597315792, 38.983372328530649 ], [ -77.416499599467272, 38.983545691298659 ], [ -77.41627319184893, 38.984420886342711 ] ] ] } },
{ "type": "Feature", "properties": { "id": "51_11", "growth_scenario": "moderate", "market_gravity_weight": 75 }, "geometry": { "type": "Polygon", "coordinates": [ [ [ -77.222748769002024, 38.856638155775023 ], [ -77.222520429744961, 38.857512980735507 ], [ -77.222292085006885, 38.858387805362163 ], [ -77.223432665759702, 38.858562942855386 ], [ -77.223204328681078, 38.859437769267998 ], [ -77.222975986121355, 38.860312595347267 ], [ -77.222747638080321, 38.861187421093447 ], [ -77.222519284557791, 38.86206224650671 ], [ -77.221378651240613, 38.861887100534908 ], [ -77.22160701790466, 38.86101227724145 ], [ -77.220466403210807, 38.860837122893152 ], [ -77.220694777534106, 38.85996230138646 ], [ -77.220923146375526, 38.85908747954646 ], [ -77.221151509735265, 38.858212657372967 ], [ -77.221379867613507, 38.857337834865781 ], [ -77.221608220010452, 38.85646301202469 ], [ -77.221836566926299, 38.855588188849538 ], [ -77.222977102778273, 38.855763330480514 ], [ -77.222748769002024, 38.856638155775023 ] ] ] } },
{ "type": "Feature", "properties": { "id": "51_12", "growth_scenario": "moderate", "market_gravity_weight": 75 }, "geometry": { "type": "Polygon", "coordinates": [ [ [ -77.787624044689593, 38.315819779189361 ], [ -77.788757526231947, 38.315989706778936 ], [ -77.788537615225138, 38.316865545432741 ], [ -77.78740412067225, 38.316695615824521 ], [ -77.787184191408642, 38.317571452024858 ], [ -77.786964256898571, 38.318447287790669 ], [ -77.785830741570422, 38.31827734369655 ], [ -77.785610788802515, 38.319153177008886 ], [ -77.784477265710294, 38.31898322044745 ], [ -77.784697231489204, 38.318107389154342 ], [ -77.784917192020913, 38.317231557426659 ], [ -77.785137147305591, 38.316355725264252 ], [ -77.784003668492375, 38.316185764312351 ], [ -77.784223631540158, 38.315309933734056 ], [ -77.785357097343407, 38.315479892666893 ], [ -77.786490568393305, 38.315649841152002 ], [ -77.786710500174621, 38.314774006100699 ], [ -77.787843963460844, 38.314943942119299 ], [ -77.787624044689593, 38.315819779189361 ] ] ] } },
{ "type": "Feature", "properties": { "id": "51_13", "growth_scenario": "moderate", "market_gravity_weight": 75 }, "geometry": { "type": "Polygon", "coordinates": [ [ [ -77.528134299099293, 39.071350796731451 ], [ -77.527908962422828, 39.072226207682519 ], [ -77.526764300638874, 39.072053868475763 ], [ -77.525619644283594, 39.071881518730279 ], [ -77.524474993357273, 39.071709158446119 ], [ -77.52333034786021, 39.071536787623295 ], [ -77.523555737546715, 39.070661385085415 ], [ -77.524700369791546, 39.070833753804749 ], [ -77.524925740796775, 39.069958348893337 ], [ -77.52515110637313, 39.069082943711628 ], [ -77.526295717543107, 39.069255297686034 ], [ -77.52744033414146, 39.069427641122118 ], [ -77.528584956167904, 39.069599974019738 ], [ -77.528359630347609, 39.070475385510576 ], [ -77.528134299099293, 39.071350796731451 ] ] ] } },
{ "type": "Feature", "properties": { "id": "51_14", "growth_scenario": "moderate", "market_gravity_weight": 75 }, "geometry": { "type": "Polygon", "coordinates": [ [ [ -78.37403492374473, 36.680870905670027 ], [ -78.373826634921713, 36.681748203513074 ], [ -78.372716522275667, 36.681583590772725 ], [ -78.372508216075261, 36.682460885995148 ], [ -78.372299905008148, 36.683338180442092 ], [ -78.371189772206378, 36.68317355374873 ], [ -78.371398095784741, 36.682296261147094 ], [ -78.370287980361169, 36.682131626036416 ], [ -78.369177869804844, 36.681966980663248 ], [ -78.369386213537709, 36.681089690976719 ], [ -78.369594552403242, 36.680212400514357 ], [ -78.370704637938573, 36.680377042196817 ], [ -78.370912959426846, 36.679499749113063 ], [ -78.372023037318769, 36.679664378688102 ], [ -78.373133120077142, 36.679828998000787 ], [ -78.37292482360958, 36.680706294774716 ], [ -78.37403492374473, 36.680870905670027 ] ] ] } },
{ "type": "Feature", "properties": { "id": "51_15", "growth_scenario": "moderate", "market_gravity_weight": 75 }, "geometry": { "type": "Polygon", "coordinates": [ [ [ -77.47822979550206, 38.9928916540401 ], [ -77.479373096757541, 38.993064438002115 ], [ -77.479147415881727, 38.993939748840134 ], [ -77.478921729575646, 38.994815059387804 ], [ -77.478696037839114, 38.995690369645381 ], [ -77.477552696926566, 38.995517579375907 ], [ -77.476409361444993, 38.995344778580353 ], [ -77.475266031394639, 38.995171967258827 ], [ -77.47412270677583, 38.994999145411384 ], [ -77.474348451388465, 38.994123843564715 ], [ -77.47549176278855, 38.994296663309264 ], [ -77.475717488751101, 38.993421359069352 ], [ -77.476860792363894, 38.993594166185375 ], [ -77.477086499676972, 38.992718859552305 ], [ -77.477312201559386, 38.991843552628524 ], [ -77.478455484166233, 38.992016345013958 ], [ -77.47822979550206, 38.9928916540401 ] ] ] } },
{ "type": "Feature", "properties": { "id": "51_16", "growth_scenario": "moderate", "market_gravity_weight": 75 }, "geometry": { "type": "Polygon", "coordinates": [ [ [ -77.778776404080332, 38.31358416143965 ], [ -77.778556381233869, 38.314459982356759 ], [ -77.777422946916587, 38.314289960739195 ], [ -77.776289517847971, 38.314119928674451 ], [ -77.776069463735624, 38.314995745116533 ], [ -77.774936026907483, 38.314825700584727 ], [ -77.773802595328746, 38.314655645605789 ], [ -77.773582509949904, 38.315531457572142 ], [ -77.772449070612495, 38.315361390125858 ], [ -77.771315636525259, 38.315191312232493 ], [ -77.771535747920694, 38.314315504306627 ], [ -77.772669168999727, 38.314485580179714 ], [ -77.772889262136971, 38.313609769797658 ], [ -77.774022675457886, 38.313779833203618 ], [ -77.774242750337478, 38.312904020365458 ], [ -77.775376155899906, 38.313074071304499 ], [ -77.776509566711383, 38.313244111796564 ], [ -77.77764298277161, 38.313414141841619 ], [ -77.777863013378152, 38.312538322508082 ], [ -77.778996421678585, 38.312708340086544 ], [ -77.778776404080332, 38.31358416143965 ] ] ] } },
{ "type": "Feature", "properties": { "id": "51_17", "growth_scenario": "moderate", "market_gravity_weight": 75 }, "geometry": { "type": "Polygon", "coordinates": [ [ [ -77.790770552551265, 38.312656256880899 ], [ -77.79055067553611, 38.313532099293681 ], [ -77.789417227778344, 38.313362188207343 ], [ -77.789197332508365, 38.314238028166386 ], [ -77.790330793275984, 38.31440794127105 ], [ -77.790110905770732, 38.315283782813253 ], [ -77.788977431992976, 38.315113867690208 ], [ -77.787843963460844, 38.314943942119299 ], [ -77.7880638769862, 38.314068104614073 ], [ -77.786930426709731, 38.313898170614067 ], [ -77.787150347998832, 38.313022334692036 ], [ -77.787370264042124, 38.312146498334378 ], [ -77.786236845029975, 38.311976557924105 ], [ -77.786456768836345, 38.311100723149103 ], [ -77.787590174839778, 38.311270661540881 ], [ -77.788723586088679, 38.311440589485485 ], [ -77.789857002582721, 38.31161050698271 ], [ -77.789637117803068, 38.31248634781285 ], [ -77.790770552551265, 38.312656256880899 ] ] ] } },
{ "type": "Feature", "properties": { "id": "51_18", "growth_scenario": "moderate", "market_gravity_weight": 75 }, "geometry": { "type": "Polygon", "coordinates": [ [ [ -77.784629856474737, 38.309009152239781 ], [ -77.78440991714389, 38.309884983850175 ], [ -77.784189972566949, 38.310760815024089 ], [ -77.783056582301569, 38.31059084529101 ], [ -77.781923197282765, 38.31042086511102 ], [ -77.781703221443365, 38.311296691810931 ], [ -77.780569828663658, 38.311126699165001 ], [ -77.780789817510851, 38.31025087448409 ], [ -77.781009801110883, 38.309375049366672 ], [ -77.779876439593465, 38.309205050311995 ], [ -77.780096430953549, 38.308329226776863 ], [ -77.781229779463942, 38.308499223812532 ], [ -77.781449752570197, 38.307623397821487 ], [ -77.782583093320454, 38.307793382391857 ], [ -77.783716439317018, 38.307963356515586 ], [ -77.783496492224828, 38.308839186544105 ], [ -77.784629856474737, 38.309009152239781 ] ] ] } },
{ "type": "Feature", "properties": { "id": "51_19", "growth_scenario": "moderate", "market_gravity_weight": 75 }, "geometry": { "type": "Polygon", "coordinates": [ [ [ -77.28765812991179, 38.693733251897321 ], [ -77.2874310771777, 38.694608183726551 ], [ -77.288569256740118, 38.694782719028552 ], [ -77.289707441740958, 38.694957243853658 ], [ -77.290845632179938, 38.695131758201796 ], [ -77.291983828056772, 38.695306262072918 ], [ -77.293122029371162, 38.695480755466868 ], [ -77.292895036646641, 38.696355697425915 ], [ -77.291756822242206, 38.696181201932362 ], [ -77.290618613275527, 38.6960066959616 ], [ -77.289480409746901, 38.695832179513708 ], [ -77.289253372314477, 38.6967071148052 ], [ -77.288115161134442, 38.696532585780226 ], [ -77.288342211656584, 38.695657652588714 ], [ -77.287204019004903, 38.695483115186718 ], [ -77.286065831792129, 38.695308567307848 ], [ -77.28492765001856, 38.695134008952124 ], [ -77.285154734369314, 38.694259081692195 ], [ -77.286292903054004, 38.694433637947711 ], [ -77.286519968876874, 38.693558708218504 ], [ -77.286747029260937, 38.692683778120063 ], [ -77.287885177207343, 38.692858319698971 ], [ -77.28765812991179, 38.693733251897321 ] ] ] } },
{ "type": "Feature", "properties": { "id": "51_2", "growth_scenario": "moderate", "market_gravity_weight": 75 }, "geometry": { "type": "Polygon", "coordinates": [ [ [ -77.466373624313349, 39.002012487204304 ], [ -77.466147759268381, 39.002887775636559 ], [ -77.465004335053123, 39.002714869594556 ], [ -77.464778451352146, 39.003590155633553 ], [ -77.463635019351798, 39.003417236960267 ], [ -77.463409116994242, 39.004292520605865 ], [ -77.462265677209217, 39.004119589301197 ], [ -77.461122242860668, 39.003946647470016 ], [ -77.461348171659424, 39.003071368034249 ], [ -77.461574095021589, 39.002196088309603 ], [ -77.462717502929436, 39.002369025930982 ], [ -77.462943407635308, 39.001493743812375 ], [ -77.463169306905272, 39.000618461404628 ], [ -77.464312693809291, 39.000791384290345 ], [ -77.46545608614872, 39.00096429664984 ], [ -77.465230213318591, 39.001839583266701 ], [ -77.466373624313349, 39.002012487204304 ] ] ] } },
{ "type": "Feature", "properties": { "id": "51_20", "growth_scenario": "moderate", "market_gravity_weight": 75 }, "geometry": { "type": "Polygon", "coordinates": [ [ [ -77.274236071993784, 38.708959931590606 ], [ -77.274008811142508, 38.709834839625501 ], [ -77.273781544846543, 38.710709747294338 ], [ -77.27264315243761, 38.710535075667359 ], [ -77.271504765473836, 38.710360393562091 ], [ -77.270366383955533, 38.710185700978556 ], [ -77.269228007882944, 38.710010997916932 ], [ -77.268089637256395, 38.709836284377154 ], [ -77.268316969015402, 38.708961387222807 ], [ -77.269455326549746, 38.709136098659464 ], [ -77.270593689529903, 38.709310799618102 ], [ -77.270820989658731, 38.70843589789132 ], [ -77.271048284342214, 38.707560995798083 ], [ -77.272186626583562, 38.707735682073171 ], [ -77.273324974269784, 38.707910357870354 ], [ -77.273097705770567, 38.708785264168924 ], [ -77.274236071993784, 38.708959931590606 ] ] ] } },
{ "type": "Feature", "properties": { "id": "51_21", "growth_scenario": "moderate", "market_gravity_weight": 75 }, "geometry": { "type": "Polygon", "coordinates": [ [ [ -77.532298860201209, 39.082889663133642 ], [ -77.533443705792692, 39.083061951698802 ], [ -77.533218396762592, 39.083937374154303 ], [ -77.532993082303832, 39.08481279634313 ], [ -77.531848210196699, 39.084640503570988 ], [ -77.531622877050836, 39.085515923389835 ], [ -77.530477997114772, 39.085343617973201 ], [ -77.529333122608307, 39.085171302015794 ], [ -77.529558482270104, 39.08429588640454 ], [ -77.52841362645124, 39.084123562010426 ], [ -77.528638993940717, 39.083248148236372 ], [ -77.52978383650219, 39.083420470526598 ], [ -77.530009185304735, 39.082545054381832 ], [ -77.531154020038457, 39.082717364027928 ], [ -77.53137935015468, 39.081841945512544 ], [ -77.532524177060239, 39.082014242514745 ], [ -77.532298860201209, 39.082889663133642 ] ] ] } },
{ "type": "Feature", "properties": { "id": "51_22", "growth_scenario": "moderate", "market_gravity_weight": 75 }, "geometry": { "type": "Polygon", "coordinates": [ [ [ -77.199997495926283, 38.748500815703437 ], [ -77.201136306240727, 38.748676156567257 ], [ -77.200908045688607, 38.749550932546683 ], [ -77.20204687457236, 38.749726265043506 ], [ -77.201818621648528, 38.750601042776282 ], [ -77.20067977966572, 38.750425708166048 ], [ -77.200451508171881, 38.751300483425645 ], [ -77.199312658560899, 38.751125136221262 ], [ -77.198173814421367, 38.750949778536452 ], [ -77.198402112113286, 38.750075007504172 ], [ -77.197263286544214, 38.749899641452679 ], [ -77.197491591863042, 38.749024872174147 ], [ -77.19771989171025, 38.748150102535334 ], [ -77.198858691082691, 38.748325464359432 ], [ -77.19908697236059, 38.747450692246595 ], [ -77.200225764106079, 38.747626041477169 ], [ -77.199997495926283, 38.748500815703437 ] ] ] } },
{ "type": "Feature", "properties": { "id": "51_23", "growth_scenario": "moderate", "market_gravity_weight": 75 }, "geometry": { "type": "Polygon", "coordinates": [ [ [ -77.476860792363894, 38.993594166185375 ], [ -77.475717488751101, 38.993421359069352 ], [ -77.47549176278855, 38.994296663309264 ], [ -77.474348451388465, 38.994123843564715 ], [ -77.47320514542001, 38.993951013294385 ], [ -77.472061844883498, 38.993778172498352 ], [ -77.4722876105008, 38.992902874567115 ], [ -77.472513370686087, 38.992027576345102 ], [ -77.4736566447868, 38.992200412935134 ], [ -77.473882386322757, 38.991325112319252 ], [ -77.475025652637356, 38.991497936281114 ], [ -77.476168924382975, 38.991670749717606 ], [ -77.477312201559386, 38.991843552628524 ], [ -77.477086499676972, 38.992718859552305 ], [ -77.476860792363894, 38.993594166185375 ] ] ] } },
{ "type": "Feature", "properties": { "id": "51_24", "growth_scenario": "moderate", "market_gravity_weight": 75 }, "geometry": { "type": "Polygon", "coordinates": [ [ [ -77.792123851305178, 38.311950310634955 ], [ -77.791903992544235, 38.312826155501405 ], [ -77.790770552551265, 38.312656256880899 ], [ -77.789637117803068, 38.31248634781285 ], [ -77.789857002582721, 38.31161050698271 ], [ -77.788723586088679, 38.311440589485485 ], [ -77.787590174839778, 38.311270661540881 ], [ -77.786456768836345, 38.311100723149103 ], [ -77.786676687396977, 38.31022488793807 ], [ -77.787810080391992, 38.310394824311466 ], [ -77.788943478632277, 38.31056475023771 ], [ -77.789163365930889, 38.309688910553767 ], [ -77.790296756407614, 38.309858824014782 ], [ -77.791430152128839, 38.310028727028538 ], [ -77.792563553094283, 38.310198619595084 ], [ -77.792343704821789, 38.311074465332958 ], [ -77.792123851305178, 38.311950310634955 ] ] ] } },
{ "type": "Feature", "properties": { "id": "51_25", "growth_scenario": "moderate", "market_gravity_weight": 75 }, "geometry": { "type": "Polygon", "coordinates": [ [ [ -77.522220930373294, 39.080463190049613 ], [ -77.521995494206521, 39.081338591733299 ], [ -77.521770052608375, 39.082213993149317 ], [ -77.520625248061805, 39.082041597077875 ], [ -77.519480448947107, 39.081869190466641 ], [ -77.519705917056555, 39.08099379325985 ], [ -77.518561136629373, 39.080821378213599 ], [ -77.518786612561897, 39.079945982843611 ], [ -77.51901208306235, 39.079070587205457 ], [ -77.520156836979695, 39.079242998042453 ], [ -77.520382288793797, 39.07836760003147 ], [ -77.521527034888067, 39.078539998224635 ], [ -77.52267178641344, 39.07871238587839 ], [ -77.522446361108862, 39.079587788098081 ], [ -77.522220930373294, 39.080463190049613 ] ] ] } },
{ "type": "Feature", "properties": { "id": "51_26", "growth_scenario": "moderate", "market_gravity_weight": 75 }, "geometry": { "type": "Polygon", "coordinates": [ [ [ -77.52841362645124, 39.084123562010426 ], [ -77.529558482270104, 39.08429588640454 ], [ -77.529333122608307, 39.085171302015794 ], [ -77.528188253531752, 39.084998975517692 ], [ -77.527962875182084, 39.085874388758484 ], [ -77.526817998277949, 39.08570204961562 ], [ -77.52567312680452, 39.085529699932074 ], [ -77.524528260762082, 39.085357339708032 ], [ -77.524753678884537, 39.084481932780115 ], [ -77.525898531669583, 39.084654290899813 ], [ -77.526123931103854, 39.083778881600715 ], [ -77.526349325107518, 39.082903472034779 ], [ -77.526574713680773, 39.082028062201694 ], [ -77.527719532125616, 39.08220040346859 ], [ -77.528864356000355, 39.082372734195317 ], [ -77.528638993940717, 39.083248148236372 ], [ -77.52841362645124, 39.084123562010426 ] ] ] } },
{ "type": "Feature", "properties": { "id": "51_27", "growth_scenario": "moderate", "market_gravity_weight": 75 }, "geometry": { "type": "Polygon", "coordinates": [ [ [ -77.262847179149674, 38.689015984999187 ], [ -77.263074508903088, 38.688141098652274 ], [ -77.264212529494003, 38.688315858120617 ], [ -77.265350555529096, 38.688490607114055 ], [ -77.265123251944203, 38.689365497665037 ], [ -77.266261296507736, 38.689540238285332 ], [ -77.267399346515063, 38.68971496843043 ], [ -77.268537401965872, 38.689889688100223 ], [ -77.269675462859908, 38.690064397294663 ], [ -77.269448206171461, 38.69093929588162 ], [ -77.269220944039901, 38.691814194097908 ], [ -77.268082856974729, 38.691639480700097 ], [ -77.266944775353195, 38.691464756826747 ], [ -77.267172063655963, 38.690589862813958 ], [ -77.266034000563621, 38.690415130567068 ], [ -77.265806699175528, 38.691290022477901 ], [ -77.264668628442053, 38.691115277653587 ], [ -77.26489594291526, 38.690240387844838 ], [ -77.263757890711176, 38.690065634647404 ], [ -77.263985212824764, 38.689190746569651 ], [ -77.262847179149674, 38.689015984999187 ] ] ] } },
{ "type": "Feature", "properties": { "id": "51_28", "growth_scenario": "moderate", "market_gravity_weight": 75 }, "geometry": { "type": "Polygon", "coordinates": [ [ [ -77.47410812242741, 38.990449811412169 ], [ -77.475251375524621, 38.990622633271428 ], [ -77.475025652637356, 38.991497936281114 ], [ -77.473882386322757, 38.991325112319252 ], [ -77.4736566447868, 38.992200412935134 ], [ -77.472513370686087, 38.992027576345102 ], [ -77.4722876105008, 38.992902874567115 ], [ -77.471144328614344, 38.992730025348635 ], [ -77.47137010201719, 38.991854729229644 ], [ -77.470226838780448, 38.991681871588916 ], [ -77.469083580976104, 38.991509003422955 ], [ -77.469309375380789, 38.990633711219047 ], [ -77.470452619968242, 38.990806577281859 ], [ -77.470678395723837, 38.989931282683372 ], [ -77.471821632526726, 38.990104136118077 ], [ -77.472964874761345, 38.990276979027719 ], [ -77.473190618651714, 38.989401679931973 ], [ -77.474333853100887, 38.989574510213799 ], [ -77.47410812242741, 38.990449811412169 ] ] ] } },
{ "type": "Feature", "properties": { "id": "51_29", "growth_scenario": "moderate", "market_gravity_weight": 75 }, "geometry": { "type": "Polygon", "coordinates": [ [ [ -77.49127314623594, 38.997590367866842 ], [ -77.492416552297058, 38.99776303181752 ], [ -77.492191013780214, 38.998638367008496 ], [ -77.491047594497161, 38.998465700956494 ], [ -77.490822037330759, 38.999341033757425 ], [ -77.489678610253321, 38.999168355076762 ], [ -77.488535188604018, 38.998995665869025 ], [ -77.488760772214292, 38.998120337271253 ], [ -77.48761736921503, 38.997947639638227 ], [ -77.486473971644273, 38.99777493147824 ], [ -77.485330579502346, 38.997602212791584 ], [ -77.485556197347847, 38.996726890210283 ], [ -77.485781809764447, 38.995851567339606 ], [ -77.486925175464776, 38.996024281822635 ], [ -77.486699576268833, 38.996899606795083 ], [ -77.487842960618437, 38.997072312853234 ], [ -77.488986350396345, 38.997245008384631 ], [ -77.490129745602289, 38.997417693389167 ], [ -77.490355305135054, 38.996542362112002 ], [ -77.491498692547296, 38.996715034488332 ], [ -77.49127314623594, 38.997590367866842 ] ] ] } },
{ "type": "Feature", "properties": { "id": "51_3", "growth_scenario": "moderate", "market_gravity_weight": 75 }, "geometry": { "type": "Polygon", "coordinates": [ [ [ -77.468646218347374, 38.997808923595429 ], [ -77.469789574111886, 38.997981795960158 ], [ -77.469563762678774, 38.998857090046798 ], [ -77.468420393694842, 38.998684215578322 ], [ -77.46819456360835, 38.99955950727157 ], [ -77.467051186838859, 38.999386620172949 ], [ -77.465907815503812, 38.999213722548191 ], [ -77.464764449603507, 38.999040814397453 ], [ -77.46499031934799, 38.998165529016447 ], [ -77.463846972101663, 38.997992612444001 ], [ -77.464072849629943, 38.997117328877373 ], [ -77.465216183657617, 38.997290243345617 ], [ -77.465442042532601, 38.996414957384658 ], [ -77.466585368776379, 38.996587859223105 ], [ -77.46772870045433, 38.996760750535834 ], [ -77.467502868016638, 38.997636040704698 ], [ -77.468646218347374, 38.997808923595429 ] ] ] } },
{ "type": "Feature", "properties": { "id": "51_30", "growth_scenario": "moderate", "market_gravity_weight": 75 }, "geometry": { "type": "Polygon", "coordinates": [ [ [ -78.374797189822175, 36.687341191125299 ], [ -78.374588891957998, 36.688218487234025 ], [ -78.374380589226945, 36.689095782568586 ], [ -78.373270366749168, 36.688931175592124 ], [ -78.373062046637386, 36.689808468307227 ], [ -78.371951816513445, 36.689643849221646 ], [ -78.372160149138693, 36.688766558352214 ], [ -78.371049936395835, 36.688601930848868 ], [ -78.371258276666552, 36.687724641050998 ], [ -78.371466612069582, 36.686847350478693 ], [ -78.370356429220067, 36.686682716403446 ], [ -78.370564772267926, 36.685805426902142 ], [ -78.371674942605082, 36.68597005913184 ], [ -78.372785117809627, 36.686134681098459 ], [ -78.373895297881234, 36.686299292801941 ], [ -78.373686992370907, 36.687176587839687 ], [ -78.374797189822175, 36.687341191125299 ] ] ] } },
{ "type": "Feature", "properties": { "id": "51_31", "growth_scenario": "moderate", "market_gravity_weight": 75 }, "geometry": { "type": "Polygon", "coordinates": [ [ [ -77.491965469836018, 38.999513701910857 ], [ -77.4931089077688, 38.99968635953708 ], [ -77.492883371619783, 39.000561696252483 ], [ -77.491739920464269, 39.000389036524872 ], [ -77.491514365664827, 39.001264370850606 ], [ -77.490370906714261, 39.001091698494029 ], [ -77.490145333263783, 39.00196703043013 ], [ -77.489001866518521, 39.001794345444274 ], [ -77.489227453191901, 39.000919015610009 ], [ -77.488084005098059, 39.000746322198701 ], [ -77.488309599565341, 38.999870994178103 ], [ -77.487166170122507, 38.999698292341449 ], [ -77.487391772383134, 38.998822966134185 ], [ -77.488535188604018, 38.998995665869025 ], [ -77.489678610253321, 38.999168355076762 ], [ -77.490822037330759, 38.999341033757425 ], [ -77.491047594497161, 38.998465700956494 ], [ -77.492191013780214, 38.998638367008496 ], [ -77.491965469836018, 38.999513701910857 ] ] ] } },
{ "type": "Feature", "properties": { "id": "51_32", "growth_scenario": "moderate", "market_gravity_weight": 75 }, "geometry": { "type": "Polygon", "coordinates": [ [ [ -77.45197496382093, 39.002562733872146 ], [ -77.453118354667069, 39.002735759913378 ], [ -77.454261750952014, 39.002908775428594 ], [ -77.455405152675496, 39.00308178041773 ], [ -77.456548559837216, 39.00325477488078 ], [ -77.456322572720467, 39.004130045606395 ], [ -77.457465998540144, 39.00430303164876 ], [ -77.45860942979769, 39.004476007164648 ], [ -77.458383463683603, 39.005351281812509 ], [ -77.457240019205557, 39.005178304191077 ], [ -77.456096580165564, 39.005005316043153 ], [ -77.454953146563909, 39.004832317368859 ], [ -77.453809718400876, 39.004659308168129 ], [ -77.452666295676764, 39.004486288441115 ], [ -77.45152287839187, 39.004313258187914 ], [ -77.451748923826059, 39.003437996174696 ], [ -77.45197496382093, 39.002562733872146 ] ] ] } },
{ "type": "Feature", "properties": { "id": "51_33", "growth_scenario": "moderate", "market_gravity_weight": 75 }, "geometry": { "type": "Polygon", "coordinates": [ [ [ -78.369594552403242, 36.680212400514357 ], [ -78.369386213537709, 36.681089690976719 ], [ -78.369177869804844, 36.681966980663248 ], [ -78.370287980361169, 36.682131626036416 ], [ -78.371398095784741, 36.682296261147094 ], [ -78.371189772206378, 36.68317355374873 ], [ -78.37007964427174, 36.68300891679268 ], [ -78.368969521204477, 36.682844269574026 ], [ -78.367859403004871, 36.68267961209277 ], [ -78.367651037025823, 36.683556898382427 ], [ -78.366540911183307, 36.683392228792933 ], [ -78.366749289673209, 36.682514944349094 ], [ -78.366957663294912, 36.681637659129592 ], [ -78.367166032048573, 36.680760373134127 ], [ -78.367374395934377, 36.679883086362707 ], [ -78.368484471735101, 36.680047748569628 ], [ -78.368692818243417, 36.679170459176476 ], [ -78.369802886401644, 36.679335109275847 ], [ -78.369594552403242, 36.680212400514357 ] ] ] } },
{ "type": "Feature", "properties": { "id": "51_34", "growth_scenario": "moderate", "market_gravity_weight": 75 }, "geometry": { "type": "Polygon", "coordinates": [ [ [ -77.436695687281386, 39.015710956246544 ], [ -77.436469422560435, 39.016586192577407 ], [ -77.43624315239397, 39.017461428621445 ], [ -77.436016876781778, 39.01833666437885 ], [ -77.434873281384341, 39.018163480396147 ], [ -77.433729691433101, 39.017990285886121 ], [ -77.432586106928383, 39.017817080848914 ], [ -77.432812422207959, 39.016941851418501 ], [ -77.433038732040956, 39.016066621701242 ], [ -77.434182290101432, 39.016239822520319 ], [ -77.434408581266339, 39.015364590407003 ], [ -77.433265036427528, 39.01519139169686 ], [ -77.433491335367904, 39.014316161405134 ], [ -77.434634866985292, 39.014489358006458 ], [ -77.43577840404842, 39.014662544081006 ], [ -77.435552131551034, 39.015537778590222 ], [ -77.436695687281386, 39.015710956246544 ] ] ] } },
{ "type": "Feature", "properties": { "id": "51_35", "growth_scenario": "moderate", "market_gravity_weight": 75 }, "geometry": { "type": "Polygon", "coordinates": [ [ [ -77.789011389560727, 38.319662984003543 ], [ -77.788791470580691, 38.320538822938808 ], [ -77.787657918736144, 38.320368895703268 ], [ -77.787437981497519, 38.321244732185605 ], [ -77.786304421887735, 38.32107479248247 ], [ -77.785170867525167, 38.320904842330854 ], [ -77.785390830787478, 38.320029009886895 ], [ -77.785610788802515, 38.319153177008886 ], [ -77.785830741570422, 38.31827734369655 ], [ -77.786964256898571, 38.318447287790669 ], [ -77.787184191408642, 38.317571452024858 ], [ -77.788317698972335, 38.317741383651963 ], [ -77.789451211782193, 38.317911304830844 ], [ -77.7892313032945, 38.318787144634314 ], [ -77.789011389560727, 38.319662984003543 ] ] ] } },
{ "type": "Feature", "properties": { "id": "51_36", "growth_scenario": "moderate", "market_gravity_weight": 75 }, "geometry": { "type": "Polygon", "coordinates": [ [ [ -77.792158002332727, 38.316499426859771 ], [ -77.791938130358574, 38.317375271569084 ], [ -77.791718253139294, 38.318251115844035 ], [ -77.79058472983796, 38.318081215561563 ], [ -77.790364834361711, 38.318957057383713 ], [ -77.7892313032945, 38.318787144634314 ], [ -77.789451211782193, 38.317911304830844 ], [ -77.788317698972335, 38.317741383651963 ], [ -77.787184191408642, 38.317571452024858 ], [ -77.78740412067225, 38.316695615824521 ], [ -77.788537615225138, 38.316865545432741 ], [ -77.788757526231947, 38.315989706778936 ], [ -77.788977431992976, 38.315113867690208 ], [ -77.790110905770732, 38.315283782813253 ], [ -77.791244384793785, 38.315453687488521 ], [ -77.791024505053812, 38.316329530614169 ], [ -77.792158002332727, 38.316499426859771 ] ] ] } },
{ "type": "Feature", "properties": { "id": "51_37", "growth_scenario": "moderate", "market_gravity_weight": 75 }, "geometry": { "type": "Polygon", "coordinates": [ [ [ -77.786203062879949, 38.307427438920953 ], [ -77.787336411606375, 38.307597379686321 ], [ -77.787116508781821, 38.308473216206842 ], [ -77.788249875760812, 38.308643148543744 ], [ -77.788029980698951, 38.309518986645735 ], [ -77.786896600712083, 38.309349052290692 ], [ -77.786676687396977, 38.31022488793807 ], [ -77.785543299647529, 38.310054941117635 ], [ -77.78440991714389, 38.309884983850175 ], [ -77.784629856474737, 38.309009152239781 ], [ -77.783496492224828, 38.308839186544105 ], [ -77.783716439317018, 38.307963356515586 ], [ -77.783936381163201, 38.307087526050168 ], [ -77.785069719398791, 38.307257487708867 ], [ -77.785289642992382, 38.306381654787927 ], [ -77.786422973466614, 38.306551603981703 ], [ -77.786203062879949, 38.307427438920953 ] ] ] } },
{ "type": "Feature", "properties": { "id": "51_38", "growth_scenario": "moderate", "market_gravity_weight": 75 }, "geometry": { "type": "Polygon", "coordinates": [ [ [ -78.357868558298037, 36.681197232957153 ], [ -78.356758488789964, 36.681032472853829 ], [ -78.356549997709962, 36.681909740681377 ], [ -78.35543992056337, 36.681744968469431 ], [ -78.355231412103109, 36.682622233673925 ], [ -78.354121327318325, 36.682457449353166 ], [ -78.353912801477279, 36.683334711934549 ], [ -78.352802709054657, 36.683169915504727 ], [ -78.351692621503986, 36.683005108812971 ], [ -78.351901172363597, 36.682127849925898 ], [ -78.352109718351159, 36.681250590262515 ], [ -78.353219780883691, 36.681415393259947 ], [ -78.354329848287861, 36.681580185995614 ], [ -78.354538364386016, 36.680702921861709 ], [ -78.355648424152534, 36.680867702488669 ], [ -78.355856922870785, 36.679990435731369 ], [ -78.35696697499931, 36.680155204249857 ], [ -78.358077031998334, 36.680319962506601 ], [ -78.359187093867533, 36.680484710501538 ], [ -78.358978632676468, 36.681361982798528 ], [ -78.357868558298037, 36.681197232957153 ] ] ] } },
{ "type": "Feature", "properties": { "id": "51_39", "growth_scenario": "moderate", "market_gravity_weight": 75 }, "geometry": { "type": "Polygon", "coordinates": [ [ [ -78.349748236624194, 36.68634931225764 ], [ -78.350858369341481, 36.686514136601367 ], [ -78.351968506931669, 36.686678950682818 ], [ -78.351759944219765, 36.687556207538464 ], [ -78.351551376635058, 36.688433463618949 ], [ -78.350441214023462, 36.68826864584225 ], [ -78.350232629054688, 36.689145899299945 ], [ -78.349122458805425, 36.688981069412861 ], [ -78.349331056285138, 36.688103817803004 ], [ -78.348220903420327, 36.687938979501304 ], [ -78.34711075542927, 36.687774130937314 ], [ -78.347319373056294, 36.686896882248156 ], [ -78.347527985809435, 36.686019632783513 ], [ -78.348638108780079, 36.686184477651665 ], [ -78.348846704149722, 36.685307225563562 ], [ -78.349956819483879, 36.685472058321785 ], [ -78.349748236624194, 36.68634931225764 ] ] ] } },
{ "type": "Feature", "properties": { "id": "51_4", "growth_scenario": "moderate", "market_gravity_weight": 75 }, "geometry": { "type": "Polygon", "coordinates": [ [ [ -78.379516493860891, 36.677142708879444 ], [ -78.379308279406359, 36.678020017980614 ], [ -78.379100060087509, 36.678897326305631 ], [ -78.380210147016768, 36.679061880354681 ], [ -78.380001935344353, 36.679939189747941 ], [ -78.379793718807548, 36.680816498365559 ], [ -78.379585497406197, 36.681693806207562 ], [ -78.378475372943385, 36.681529246625487 ], [ -78.378683606856185, 36.680651940627861 ], [ -78.377573499769653, 36.68048737262756 ], [ -78.377781741328661, 36.679610067698782 ], [ -78.37798997802274, 36.678732761994148 ], [ -78.378198209852059, 36.677855455513452 ], [ -78.378406436816803, 36.676978148256453 ], [ -78.378614658917115, 36.676100840223107 ], [ -78.377504619247205, 36.675936271182174 ], [ -78.377712848992772, 36.675058964216326 ], [ -78.37882287615318, 36.675223531413067 ], [ -78.379932908177693, 36.675388088347852 ], [ -78.379724703451288, 36.676265399001863 ], [ -78.379516493860891, 36.677142708879444 ] ] ] } },
{ "type": "Feature", "properties": { "id": "51_40", "growth_scenario": "moderate", "market_gravity_weight": 75 }, "geometry": { "type": "Polygon", "coordinates": [ [ [ -77.525376466520811, 39.068207538259443 ], [ -77.526521064439251, 39.068379890130821 ], [ -77.526295717543107, 39.069255297686034 ], [ -77.52515110637313, 39.069082943711628 ], [ -77.524925740796775, 39.069958348893337 ], [ -77.524700369791546, 39.070833753804749 ], [ -77.523555737546715, 39.070661385085415 ], [ -77.52333034786021, 39.071536787623295 ], [ -77.522185707792673, 39.071364406261964 ], [ -77.522411110731213, 39.070489005827632 ], [ -77.521266489345365, 39.070316616031491 ], [ -77.521491900105786, 39.069441217430509 ], [ -77.522636508240097, 39.069613605123024 ], [ -77.522861900319512, 39.068738204148033 ], [ -77.52308728696967, 39.067862802902276 ], [ -77.524231874030846, 39.068035175849921 ], [ -77.524457242001077, 39.067159772230198 ], [ -77.525601821240002, 39.06733213253667 ], [ -77.525376466520811, 39.068207538259443 ] ] ] } },
{ "type": "Feature", "properties": { "id": "51_41", "growth_scenario": "moderate", "market_gravity_weight": 75 }, "geometry": { "type": "Polygon", "coordinates": [ [ [ -78.351484065772112, 36.683882366923875 ], [ -78.351275505167877, 36.684759624258767 ], [ -78.351066939691037, 36.685636880817889 ], [ -78.349956819483879, 36.685472058321785 ], [ -78.348846704149722, 36.685307225563562 ], [ -78.347736593688836, 36.685142382543191 ], [ -78.346626488101506, 36.684977529260884 ], [ -78.346835103616712, 36.684100280092551 ], [ -78.347043714258263, 36.683223030148113 ], [ -78.348153794827184, 36.683387879734859 ], [ -78.348362388086443, 36.682510627166423 ], [ -78.349472461019602, 36.682675464643708 ], [ -78.350582538825535, 36.682840291859279 ], [ -78.350373970584371, 36.683717548122743 ], [ -78.351484065772112, 36.683882366923875 ] ] ] } },
{ "type": "Feature", "properties": { "id": "51_42", "growth_scenario": "moderate", "market_gravity_weight": 75 }, "geometry": { "type": "Polygon", "coordinates": [ [ [ -78.371121276048413, 36.678622455253212 ], [ -78.372231341430322, 36.678787082983163 ], [ -78.372023037318769, 36.679664378688102 ], [ -78.370912959426846, 36.679499749113063 ], [ -78.370704637938573, 36.680377042196817 ], [ -78.369594552403242, 36.680212400514357 ], [ -78.369802886401644, 36.679335109275847 ], [ -78.368692818243417, 36.679170459176476 ], [ -78.367582754952466, 36.679005798814991 ], [ -78.367791109103024, 36.678128510490907 ], [ -78.367999458386237, 36.67725122139025 ], [ -78.369109496658467, 36.677415878061041 ], [ -78.369317828565514, 36.676538586338388 ], [ -78.370427859195544, 36.676703230902255 ], [ -78.371537894692054, 36.676867865204187 ], [ -78.37132958780343, 36.677745160616979 ], [ -78.371121276048413, 36.678622455253212 ] ] ] } },
{ "type": "Feature", "properties": { "id": "51_43", "growth_scenario": "moderate", "market_gravity_weight": 75 }, "geometry": { "type": "Polygon", "coordinates": [ [ [ -77.464524588381863, 38.995366760873338 ], [ -77.464298721723281, 38.996242045020551 ], [ -77.464072849629943, 38.997117328877373 ], [ -77.462929521037196, 38.996944403883411 ], [ -77.461786197879675, 38.996771468363839 ], [ -77.461560293914673, 38.997646747721681 ], [ -77.460416962974634, 38.997473799571956 ], [ -77.460642880157678, 38.996598522318692 ], [ -77.459499567871489, 38.99642556574809 ], [ -77.459725492836313, 38.995550290308863 ], [ -77.459951412365214, 38.994675014578917 ], [ -77.461094698216527, 38.99484796694049 ], [ -77.462237989503265, 38.995020908776816 ], [ -77.463381286225157, 38.995193840087765 ], [ -77.463607160666768, 38.994318557754006 ], [ -77.464750449605916, 38.994491476435556 ], [ -77.464524588381863, 38.995366760873338 ] ] ] } },
{ "type": "Feature", "properties": { "id": "51_44", "growth_scenario": "moderate", "market_gravity_weight": 75 }, "geometry": { "type": "Polygon", "coordinates": [ [ [ -78.356617613812546, 36.686460839364017 ], [ -78.356409106016102, 36.687338104384175 ], [ -78.355298948936991, 36.687173331352575 ], [ -78.355090423757773, 36.688050593750468 ], [ -78.353980259039403, 36.687885808609018 ], [ -78.352870099193325, 36.687721013205021 ], [ -78.353078649394504, 36.686843754501865 ], [ -78.353287194723322, 36.685966495023386 ], [ -78.352177064770942, 36.6858016930518 ], [ -78.352385617737767, 36.684924434645232 ], [ -78.353495735179948, 36.685089234769485 ], [ -78.354605857494178, 36.685254024631533 ], [ -78.355715984680145, 36.685418804231276 ], [ -78.356826116737608, 36.685583573568685 ], [ -78.357936253666281, 36.685748332643648 ], [ -78.357727763252072, 36.686625600285943 ], [ -78.356617613812546, 36.686460839364017 ] ] ] } },
{ "type": "Feature", "properties": { "id": "51_45", "growth_scenario": "moderate", "market_gravity_weight": 75 }, "geometry": { "type": "Polygon", "coordinates": [ [ [ -77.793731207048552, 38.314917617898125 ], [ -77.793511358574804, 38.31579346549502 ], [ -77.792377869061923, 38.315623581715776 ], [ -77.792158002332727, 38.316499426859771 ], [ -77.791024505053812, 38.316329530614169 ], [ -77.791244384793785, 38.315453687488521 ], [ -77.790110905770732, 38.315283782813253 ], [ -77.790330793275984, 38.31440794127105 ], [ -77.79055067553611, 38.313532099293681 ], [ -77.790770552551265, 38.312656256880899 ], [ -77.791903992544235, 38.312826155501405 ], [ -77.793037437781706, 38.312996043674254 ], [ -77.79417088826338, 38.313165921399403 ], [ -77.793951050278011, 38.31404176986635 ], [ -77.793731207048552, 38.314917617898125 ] ] ] } },
{ "type": "Feature", "properties": { "id": "51_46", "growth_scenario": "moderate", "market_gravity_weight": 75 }, "geometry": { "type": "Polygon", "coordinates": [ [ [ -77.780316417066572, 38.307453402804647 ], [ -77.781449752570197, 38.307623397821487 ], [ -77.781229779463942, 38.308499223812532 ], [ -77.780096430953549, 38.308329226776863 ], [ -77.778963087690229, 38.308159219294573 ], [ -77.778743083323278, 38.309035040810727 ], [ -77.777609732300661, 38.308865020862854 ], [ -77.777829749674282, 38.307989201365899 ], [ -77.778049761800247, 38.307113381431812 ], [ -77.776916442038129, 38.306943355075902 ], [ -77.777136461922538, 38.306067536723546 ], [ -77.777356476559362, 38.305191717933489 ], [ -77.778489770309932, 38.30536174025125 ], [ -77.779623069307618, 38.30553175212296 ], [ -77.780756373552094, 38.30570175354849 ], [ -77.780536397932693, 38.306577578395256 ], [ -77.780316417066572, 38.307453402804647 ] ] ] } },
{ "type": "Feature", "properties": { "id": "51_47", "growth_scenario": "moderate", "market_gravity_weight": 75 }, "geometry": { "type": "Polygon", "coordinates": [ [ [ -77.792089704508456, 38.307401193250939 ], [ -77.79186985895916, 38.308277038279911 ], [ -77.790736489254485, 38.308107139301896 ], [ -77.790516625453208, 38.308982981876532 ], [ -77.789383247984702, 38.308813070433573 ], [ -77.789163365930889, 38.309688910553767 ], [ -77.788029980698951, 38.309518986645735 ], [ -77.788249875760812, 38.308643148543744 ], [ -77.787116508781821, 38.308473216206842 ], [ -77.787336411606375, 38.307597379686321 ], [ -77.787556309185945, 38.30672154272898 ], [ -77.788689650150076, 38.306891471029623 ], [ -77.788909529477834, 38.3060156316172 ], [ -77.7900428626793, 38.306185547453275 ], [ -77.791176201124813, 38.306355452842659 ], [ -77.790956347811616, 38.307231296290652 ], [ -77.792089704508456, 38.307401193250939 ] ] ] } },
{ "type": "Feature", "properties": { "id": "51_48", "growth_scenario": "moderate", "market_gravity_weight": 75 }, "geometry": { "type": "Polygon", "coordinates": [ [ [ -78.855787283481789, 38.469175708742391 ], [ -78.854649029654766, 38.469015626270384 ], [ -78.853510780801116, 38.468855533285861 ], [ -78.853303150811357, 38.469733216644457 ], [ -78.852164893751763, 38.469573111230766 ], [ -78.851026641666266, 38.469412995304481 ], [ -78.851234298015072, 38.468535315779214 ], [ -78.851441949389638, 38.467657635898433 ], [ -78.851649595790121, 38.466779955661877 ], [ -78.852787808338178, 38.466940065838202 ], [ -78.85392602585982, 38.467100165502266 ], [ -78.855064248354765, 38.467260254654065 ], [ -78.856202475822727, 38.467420333293447 ], [ -78.855994882138688, 38.468298021195608 ], [ -78.855787283481789, 38.469175708742391 ] ] ] } },
{ "type": "Feature", "properties": { "id": "51_49", "growth_scenario": "moderate", "market_gravity_weight": 75 }, "geometry": { "type": "Polygon", "coordinates": [ [ [ -77.518300918491136, 39.072597986382661 ], [ -77.519445568771999, 39.072770403567269 ], [ -77.519220123038139, 39.073645798984025 ], [ -77.52036479200234, 39.073818207734107 ], [ -77.520139354090261, 39.074693604985377 ], [ -77.518994671873244, 39.074521194131101 ], [ -77.518769215277175, 39.075396589008818 ], [ -77.517624525238446, 39.075224165511429 ], [ -77.516479840631419, 39.075051731475256 ], [ -77.515335161456377, 39.074879286900391 ], [ -77.51556065781061, 39.074003898336109 ], [ -77.515786148732772, 39.073128509502062 ], [ -77.516930801403049, 39.073300949867871 ], [ -77.517156273641376, 39.072425558659624 ], [ -77.517381740448286, 39.071550167181272 ], [ -77.51852637204621, 39.071722592800107 ], [ -77.518300918491136, 39.072597986382661 ] ] ] } },
{ "type": "Feature", "properties": { "id": "51_5", "growth_scenario": "moderate", "market_gravity_weight": 75 }, "geometry": { "type": "Polygon", "coordinates": [ [ [ -77.786236845029975, 38.311976557924105 ], [ -77.787370264042124, 38.312146498334378 ], [ -77.787150347998832, 38.313022334692036 ], [ -77.786930426709731, 38.313898170614067 ], [ -77.7880638769862, 38.314068104614073 ], [ -77.787843963460844, 38.314943942119299 ], [ -77.786710500174621, 38.314774006100699 ], [ -77.786490568393305, 38.315649841152002 ], [ -77.785357097343407, 38.315479892666893 ], [ -77.785577042134577, 38.314604059634334 ], [ -77.784443589341009, 38.314434102720476 ], [ -77.7846635418951, 38.313558271271489 ], [ -77.784883489202613, 38.312682439386933 ], [ -77.783750067673921, 38.312512476063375 ], [ -77.783970022743688, 38.311636645761766 ], [ -77.785103431263721, 38.311806607066529 ], [ -77.785323368078636, 38.310930774310172 ], [ -77.786456768836345, 38.311100723149103 ], [ -77.786236845029975, 38.311976557924105 ] ] ] } },
{ "type": "Feature", "properties": { "id": "51_50", "growth_scenario": "moderate", "market_gravity_weight": 75 }, "geometry": { "type": "Polygon", "coordinates": [ [ [ -78.371883268273251, 36.685092767010246 ], [ -78.371674942605082, 36.68597005913184 ], [ -78.370564772267926, 36.685805426902142 ], [ -78.370356429220067, 36.686682716403446 ], [ -78.370148081304421, 36.687560005130038 ], [ -78.369037890810262, 36.687395358945949 ], [ -78.367927705184343, 36.687230702498731 ], [ -78.368136078124707, 36.686353417463735 ], [ -78.36834444619673, 36.685476131653949 ], [ -78.367234290463259, 36.685311468635533 ], [ -78.367442666178675, 36.684434183896606 ], [ -78.368552809400597, 36.68459884506921 ], [ -78.368761167736452, 36.683721557709312 ], [ -78.369871303314909, 36.683886206773472 ], [ -78.370981443760911, 36.684050845574987 ], [ -78.370773110448141, 36.684928136626084 ], [ -78.371883268273251, 36.685092767010246 ] ] ] } },
{ "type": "Feature", "properties": { "id": "51_51", "growth_scenario": "moderate", "market_gravity_weight": 75 }, "geometry": { "type": "Polygon", "coordinates": [ [ [ -77.271502857373889, 38.70581119051127 ], [ -77.271275573580539, 38.706686093338092 ], [ -77.272413902730136, 38.706860777510549 ], [ -77.272186626583562, 38.707735682073171 ], [ -77.271048284342214, 38.707560995798083 ], [ -77.269909947546026, 38.70738629904514 ], [ -77.270137249875916, 38.706511398687873 ], [ -77.270364546760518, 38.705636497963674 ], [ -77.269226241592222, 38.705461794938564 ], [ -77.268087941869268, 38.70528708143604 ], [ -77.266949647591943, 38.705112357456038 ], [ -77.267176978303283, 38.704237462672936 ], [ -77.268315259490223, 38.70441218455008 ], [ -77.268542571665705, 38.703537287296534 ], [ -77.269680845207773, 38.703711996593718 ], [ -77.270819124194787, 38.703886695413608 ], [ -77.271957408626477, 38.704061383756112 ], [ -77.271730135722478, 38.704936287317295 ], [ -77.271502857373889, 38.70581119051127 ] ] ] } },
{ "type": "Feature", "properties": { "id": "51_52", "growth_scenario": "moderate", "market_gravity_weight": 75 }, "geometry": { "type": "Polygon", "coordinates": [ [ [ -77.533687341152813, 39.086735926360504 ], [ -77.533462023666019, 39.087611349854548 ], [ -77.532317106353787, 39.087439061312324 ], [ -77.532091770178525, 39.088314482436843 ], [ -77.530946845036567, 39.08814218124958 ], [ -77.531172194470969, 39.087266762228957 ], [ -77.530027288017862, 39.087094452604532 ], [ -77.530252645281223, 39.086219035421962 ], [ -77.529107757516599, 39.086046717360595 ], [ -77.529333122608307, 39.085171302015794 ], [ -77.530477997114772, 39.085343617973201 ], [ -77.531622877050836, 39.085515923389835 ], [ -77.531848210196699, 39.084640503570988 ], [ -77.532993082303832, 39.08481279634313 ], [ -77.534137959839825, 39.084985078574526 ], [ -77.533912653210692, 39.085860502600582 ], [ -77.533687341152813, 39.086735926360504 ] ] ] } },
{ "type": "Feature", "properties": { "id": "51_53", "growth_scenario": "moderate", "market_gravity_weight": 75 }, "geometry": { "type": "Polygon", "coordinates": [ [ [ -77.49425235112885, 38.999859006635916 ], [ -77.495395799915826, 39.000031643207379 ], [ -77.495170290212783, 39.00090698412523 ], [ -77.496313757649702, 39.00107961227026 ], [ -77.496088255743388, 39.001954955001345 ], [ -77.494944775082899, 39.001782324755133 ], [ -77.494719254525961, 39.002657665097388 ], [ -77.49357576606883, 39.002485022222089 ], [ -77.493801299849451, 39.001609683981258 ], [ -77.492657830043314, 39.001437032679746 ], [ -77.492432283039221, 39.002312368819076 ], [ -77.491288805437449, 39.002139704888371 ], [ -77.490145333263783, 39.00196703043013 ], [ -77.490370906714261, 39.001091698494029 ], [ -77.491514365664827, 39.001264370850606 ], [ -77.491739920464269, 39.000389036524872 ], [ -77.492883371619783, 39.000561696252483 ], [ -77.4931089077688, 38.99968635953708 ], [ -77.493334438490578, 38.99881102253341 ], [ -77.49447786862801, 38.998983667531043 ], [ -77.49425235112885, 38.999859006635916 ] ] ] } },
{ "type": "Feature", "properties": { "id": "51_54", "growth_scenario": "moderate", "market_gravity_weight": 75 }, "geometry": { "type": "Polygon", "coordinates": [ [ [ -78.357451596286154, 36.68295177152946 ], [ -78.358561695683875, 36.683116525064023 ], [ -78.359671799952039, 36.683281268336387 ], [ -78.359463336660383, 36.684158540151842 ], [ -78.359254868498397, 36.685035811191703 ], [ -78.358144739209536, 36.684871064225973 ], [ -78.357034614791431, 36.684706306997903 ], [ -78.355924495244395, 36.684541539507485 ], [ -78.354814380568669, 36.684376761754848 ], [ -78.353704270764538, 36.684211973739934 ], [ -78.353912801477279, 36.683334711934549 ], [ -78.355022898771608, 36.68349949810235 ], [ -78.355231412103109, 36.682622233673925 ], [ -78.356341501759132, 36.682787007732728 ], [ -78.356549997709962, 36.681909740681377 ], [ -78.357660079727367, 36.682074502631345 ], [ -78.357451596286154, 36.68295177152946 ] ] ] } },
{ "type": "Feature", "properties": { "id": "51_55", "growth_scenario": "moderate", "market_gravity_weight": 75 }, "geometry": { "type": "Polygon", "coordinates": [ [ [ -78.346626488101506, 36.684977529260884 ], [ -78.347736593688836, 36.685142382543191 ], [ -78.348846704149722, 36.685307225563562 ], [ -78.348638108780079, 36.686184477651665 ], [ -78.347527985809435, 36.686019632783513 ], [ -78.347319373056294, 36.686896882248156 ], [ -78.34711075542927, 36.687774130937314 ], [ -78.346902132928207, 36.688651378851155 ], [ -78.345791977300806, 36.688486518176582 ], [ -78.346000612312309, 36.68760927211094 ], [ -78.344890474069643, 36.687444403022276 ], [ -78.34509911671681, 36.686567158029469 ], [ -78.345307754489539, 36.685689912260919 ], [ -78.344197646140842, 36.685525036606585 ], [ -78.344406291548594, 36.684647791910393 ], [ -78.345516387388002, 36.684812665716557 ], [ -78.34572501541237, 36.683935418396246 ], [ -78.346835103616712, 36.684100280092551 ], [ -78.346626488101506, 36.684977529260884 ] ] ] } },
{ "type": "Feature", "properties": { "id": "51_56", "growth_scenario": "moderate", "market_gravity_weight": 75 }, "geometry": { "type": "Polygon", "coordinates": [ [ [ -78.355783553396805, 36.689969894795055 ], [ -78.354673358783174, 36.689805116221606 ], [ -78.354464818987466, 36.690682376295257 ], [ -78.353354616734293, 36.690517585611396 ], [ -78.352244419353895, 36.690352784664668 ], [ -78.351134226846526, 36.690187973455096 ], [ -78.351342804177364, 36.689310718924432 ], [ -78.351551376635058, 36.688433463618949 ], [ -78.352661544119599, 36.688598271133081 ], [ -78.352870099193325, 36.687721013205021 ], [ -78.353980259039403, 36.687885808609018 ], [ -78.355090423757773, 36.688050593750468 ], [ -78.356200593348106, 36.688215368629251 ], [ -78.355992075808402, 36.689092632099502 ], [ -78.355783553396805, 36.689969894795055 ] ] ] } },
{ "type": "Feature", "properties": { "id": "51_57", "growth_scenario": "moderate", "market_gravity_weight": 75 }, "geometry": { "type": "Polygon", "coordinates": [ [ [ -77.785170867525167, 38.320904842330854 ], [ -77.786304421887735, 38.32107479248247 ], [ -77.787437981497519, 38.321244732185605 ], [ -77.788571546354234, 38.321414661440222 ], [ -77.78835161688113, 38.322290499507993 ], [ -77.787218039012004, 38.322120568234254 ], [ -77.786998091279386, 38.322996403849366 ], [ -77.785864505644838, 38.322826460107656 ], [ -77.784730925257875, 38.322656505917237 ], [ -77.78451094625251, 38.323532337060101 ], [ -77.783377358100964, 38.323362370401433 ], [ -77.783597350118754, 38.322486541278217 ], [ -77.78381733688839, 38.321610711721391 ], [ -77.782683780009378, 38.321440738653457 ], [ -77.782903774542746, 38.320564910682421 ], [ -77.784037318410071, 38.320734881730786 ], [ -77.784257294683968, 38.319859051306231 ], [ -77.785390830787478, 38.320029009886895 ], [ -77.785170867525167, 38.320904842330854 ] ] ] } },
{ "type": "Feature", "properties": { "id": "51_58", "growth_scenario": "moderate", "market_gravity_weight": 75 }, "geometry": { "type": "Polygon", "coordinates": [ [ [ -77.792412037535243, 38.320172696962601 ], [ -77.792192157591884, 38.321048541954021 ], [ -77.791058590008859, 38.320878646064294 ], [ -77.79083869180721, 38.321754488603432 ], [ -77.789705116457554, 38.321584580246181 ], [ -77.788571546354234, 38.321414661440222 ], [ -77.788791470580691, 38.320538822938808 ], [ -77.789011389560727, 38.319662984003543 ], [ -77.7892313032945, 38.318787144634314 ], [ -77.790364834361711, 38.318957057383713 ], [ -77.79058472983796, 38.318081215561563 ], [ -77.791718253139294, 38.318251115844035 ], [ -77.792851781685968, 38.318421005678168 ], [ -77.792631912233219, 38.319296851537317 ], [ -77.792412037535243, 38.320172696962601 ] ] ] } },
{ "type": "Feature", "properties": { "id": "51_59", "growth_scenario": "moderate", "market_gravity_weight": 75 }, "geometry": { "type": "Polygon", "coordinates": [ [ [ -77.774462819967766, 38.312028207091053 ], [ -77.774242750337478, 38.312904020365458 ], [ -77.773109350024399, 38.312733958979464 ], [ -77.771975954960936, 38.312563887146773 ], [ -77.771755854065859, 38.313439695944773 ], [ -77.770622451244847, 38.313269611645076 ], [ -77.770842565147376, 38.31239380486727 ], [ -77.769709180584016, 38.312223712141105 ], [ -77.769929302243327, 38.311347906947084 ], [ -77.771062673799719, 38.31151799765302 ], [ -77.771282777202032, 38.31064219000212 ], [ -77.772416141001557, 38.310812268241428 ], [ -77.772636226147469, 38.309936458133663 ], [ -77.773769582189729, 38.310106523906548 ], [ -77.774902943481052, 38.310276579232919 ], [ -77.774682884348891, 38.31115239338029 ], [ -77.774462819967766, 38.312028207091053 ] ] ] } },
{ "type": "Feature", "properties": { "id": "51_6", "growth_scenario": "moderate", "market_gravity_weight": 75 }, "geometry": { "type": "Polygon", "coordinates": [ [ [ -77.265353604794029, 38.697589004549691 ], [ -77.265126272934722, 38.698463895602849 ], [ -77.263988092064182, 38.69828914443525 ], [ -77.263760741671533, 38.699164033016686 ], [ -77.262622553159005, 38.698989269269923 ], [ -77.26239518423246, 38.699864155379444 ], [ -77.26125698807833, 38.699689379053289 ], [ -77.261484370092674, 38.698814495046832 ], [ -77.261711746660538, 38.697939610671249 ], [ -77.261939117782106, 38.697064725926317 ], [ -77.262166483457577, 38.696189840811854 ], [ -77.263304627262215, 38.696364608726313 ], [ -77.264442776512482, 38.696539366164721 ], [ -77.265580931208078, 38.696714113127115 ], [ -77.266719091348719, 38.696888849613337 ], [ -77.266491778022186, 38.697763743138381 ], [ -77.265353604794029, 38.697589004549691 ] ] ] } },
{ "type": "Feature", "properties": { "id": "51_60", "growth_scenario": "moderate", "market_gravity_weight": 75 }, "geometry": { "type": "Polygon", "coordinates": [ [ [ -77.775122997364434, 38.309400764648785 ], [ -77.774902943481052, 38.310276579232919 ], [ -77.773769582189729, 38.310106523906548 ], [ -77.772636226147469, 38.309936458133663 ], [ -77.772416141001557, 38.310812268241428 ], [ -77.771282777202032, 38.31064219000212 ], [ -77.771502875354543, 38.309766381914372 ], [ -77.770369529811276, 38.309596295248674 ], [ -77.770589635720256, 38.308720488743866 ], [ -77.771722968257421, 38.308890573389533 ], [ -77.771943055910839, 38.308014764427497 ], [ -77.773076380691407, 38.308184836607161 ], [ -77.773296450089831, 38.307309025188019 ], [ -77.774429767113475, 38.307479084901807 ], [ -77.775563089385599, 38.307649134169431 ], [ -77.775343045999222, 38.308524949627682 ], [ -77.775122997364434, 38.309400764648785 ] ] ] } },
{ "type": "Feature", "properties": { "id": "51_61", "growth_scenario": "moderate", "market_gravity_weight": 75 }, "geometry": { "type": "Polygon", "coordinates": [ [ [ -77.782109640410098, 38.304995917224879 ], [ -77.783242942141257, 38.305165895739449 ], [ -77.78302299778035, 38.306041725060894 ], [ -77.784156317763532, 38.306211695147603 ], [ -77.783936381163201, 38.307087526050168 ], [ -77.783716439317018, 38.307963356515586 ], [ -77.782583093320454, 38.307793382391857 ], [ -77.781449752570197, 38.307623397821487 ], [ -77.780316417066572, 38.307453402804647 ], [ -77.780536397932693, 38.306577578395256 ], [ -77.780756373552094, 38.30570175354849 ], [ -77.779623069307618, 38.30553175212296 ], [ -77.779843052686203, 38.30465592885735 ], [ -77.780976343924991, 38.304825928264194 ], [ -77.781196309051538, 38.303950102542046 ], [ -77.782329592531042, 38.304120089484258 ], [ -77.782109640410098, 38.304995917224879 ] ] ] } },
{ "type": "Feature", "properties": { "id": "51_62", "growth_scenario": "moderate", "market_gravity_weight": 75 }, "geometry": { "type": "Polygon", "coordinates": [ [ [ -77.28469783080557, 38.691459737264779 ], [ -77.284470749684274, 38.692334663532719 ], [ -77.284243663123775, 38.693209589431071 ], [ -77.285381813280793, 38.693384154063082 ], [ -77.285154734369314, 38.694259081692195 ], [ -77.28492765001856, 38.695134008952124 ], [ -77.284700560228302, 38.696008935843039 ], [ -77.283562370805242, 38.695834364910127 ], [ -77.282424186822126, 38.695659783500425 ], [ -77.282651302790143, 38.69478486081033 ], [ -77.281513137335878, 38.694610271024516 ], [ -77.281740260952134, 38.693735350065815 ], [ -77.282878413318087, 38.693909937751108 ], [ -77.28310551840616, 38.693035014322568 ], [ -77.283332618054587, 38.692160090524503 ], [ -77.283559712263511, 38.691285166356636 ], [ -77.283786801033159, 38.690410241818896 ], [ -77.284924906487859, 38.690584810626952 ], [ -77.28469783080557, 38.691459737264779 ] ] ] } },
{ "type": "Feature", "properties": { "id": "51_63", "growth_scenario": "moderate", "market_gravity_weight": 75 }, "geometry": { "type": "Polygon", "coordinates": [ [ [ -78.375074221536252, 36.691014971319802 ], [ -78.374865916717908, 36.691892266178584 ], [ -78.37465760703229, 36.692769560264075 ], [ -78.373547329630512, 36.692604956168964 ], [ -78.372437057096462, 36.69244034180992 ], [ -78.372645391811204, 36.691563051415955 ], [ -78.37153513665946, 36.691398428638912 ], [ -78.371743479020409, 36.690521139317148 ], [ -78.371951816513445, 36.689643849221646 ], [ -78.373062046637386, 36.689808468307227 ], [ -78.373270366749168, 36.688931175592124 ], [ -78.374380589226945, 36.689095782568586 ], [ -78.375490816571755, 36.689260379281492 ], [ -78.375282521487478, 36.690137675687502 ], [ -78.375074221536252, 36.691014971319802 ] ] ] } },
{ "type": "Feature", "properties": { "id": "51_64", "growth_scenario": "moderate", "market_gravity_weight": 75 }, "geometry": { "type": "Polygon", "coordinates": [ [ [ -77.279471184104963, 38.707033744966729 ], [ -77.280609538268465, 38.707208353691215 ], [ -77.280382359212183, 38.708083273335312 ], [ -77.281520731911158, 38.708257873683309 ], [ -77.281293560505532, 38.709132795062956 ], [ -77.28243195174035, 38.709307387034258 ], [ -77.282204787985918, 38.710182310149811 ], [ -77.281066383657318, 38.710007716076824 ], [ -77.279927984771476, 38.709833111525185 ], [ -77.278789591328689, 38.709658496495045 ], [ -77.277651203329242, 38.709483870986432 ], [ -77.277878419457608, 38.708608956278532 ], [ -77.278105630142534, 38.707734041204439 ], [ -77.278332835384234, 38.706859125763998 ], [ -77.278560035182878, 38.705984209957066 ], [ -77.279698370811275, 38.706158827057941 ], [ -77.279471184104963, 38.707033744966729 ] ] ] } },
{ "type": "Feature", "properties": { "id": "51_65", "growth_scenario": "moderate", "market_gravity_weight": 75 }, "geometry": { "type": "Polygon", "coordinates": [ [ [ -77.529107757516599, 39.086046717360595 ], [ -77.530252645281223, 39.086219035421962 ], [ -77.530027288017862, 39.087094452604532 ], [ -77.531172194470969, 39.087266762228957 ], [ -77.530946845036567, 39.08814218124958 ], [ -77.53072149017224, 39.089017600004532 ], [ -77.52957655720094, 39.08884528617201 ], [ -77.528431629660048, 39.088672961798267 ], [ -77.528206242846736, 39.0895483760792 ], [ -77.527061307477368, 39.089376039059964 ], [ -77.52728670754982, 39.088500626883402 ], [ -77.527512102191295, 39.08762521444114 ], [ -77.527737491401979, 39.086749801732878 ], [ -77.527962875182084, 39.085874388758484 ], [ -77.528188253531752, 39.084998975517692 ], [ -77.529333122608307, 39.085171302015794 ], [ -77.529107757516599, 39.086046717360595 ] ] ] } },
{ "type": "Feature", "properties": { "id": "51_66", "growth_scenario": "moderate", "market_gravity_weight": 75 }, "geometry": { "type": "Polygon", "coordinates": [ [ [ -77.517520277229821, 39.107945401312719 ], [ -77.518665482631334, 39.108117826826359 ], [ -77.518439917796229, 39.108993226624797 ], [ -77.519585141899384, 39.109165643702013 ], [ -77.51935958489338, 39.110041045346101 ], [ -77.520504827698574, 39.110213453986546 ], [ -77.520279278522281, 39.111088857476588 ], [ -77.51913402245097, 39.110916446729178 ], [ -77.517988771816263, 39.110744025438024 ], [ -77.516843526618487, 39.110571593603112 ], [ -77.515698286857884, 39.110399151224584 ], [ -77.515923889097465, 39.109523756162993 ], [ -77.516149485899746, 39.108648360840093 ], [ -77.516375077264939, 39.107772965255727 ], [ -77.516600663193216, 39.106897569409725 ], [ -77.517745849893444, 39.107070003359695 ], [ -77.517520277229821, 39.107945401312719 ] ] ] } },
{ "type": "Feature", "properties": { "id": "51_67", "growth_scenario": "moderate", "market_gravity_weight": 75 }, "geometry": { "type": "Polygon", "coordinates": [ [ [ -78.371258276666552, 36.687724641050998 ], [ -78.371049936395835, 36.688601930848868 ], [ -78.372160149138693, 36.688766558352214 ], [ -78.371951816513445, 36.689643849221646 ], [ -78.371743479020409, 36.690521139317148 ], [ -78.37063324125063, 36.690356508122278 ], [ -78.370424886375815, 36.691233795598151 ], [ -78.369314640960525, 36.691069152293728 ], [ -78.369523008349034, 36.690191866663859 ], [ -78.368412780315921, 36.690027214941949 ], [ -78.368621155349203, 36.689149930384168 ], [ -78.368829525513945, 36.68827264505228 ], [ -78.369037890810262, 36.687395358945949 ], [ -78.370148081304421, 36.687560005130038 ], [ -78.370356429220067, 36.686682716403446 ], [ -78.371466612069582, 36.686847350478693 ], [ -78.371258276666552, 36.687724641050998 ] ] ] } },
{ "type": "Feature", "properties": { "id": "51_68", "growth_scenario": "moderate", "market_gravity_weight": 75 }, "geometry": { "type": "Polygon", "coordinates": [ [ [ -78.35162530694717, 36.678453998894476 ], [ -78.351416763066837, 36.679331259041021 ], [ -78.350306735294723, 36.67916643921469 ], [ -78.350098174034528, 36.680043696737037 ], [ -78.349889607902043, 36.680920953482563 ], [ -78.348779559986014, 36.68075611970022 ], [ -78.347669516942673, 36.680591275656333 ], [ -78.347878108091294, 36.679714022605609 ], [ -78.348086694367112, 36.678836768777856 ], [ -78.346976681212112, 36.678671918167552 ], [ -78.347185275122555, 36.677794665410026 ], [ -78.348295275770269, 36.67795951417294 ], [ -78.348503852300979, 36.677082258790627 ], [ -78.349613845313996, 36.677247095445153 ], [ -78.35072384319902, 36.677411921838576 ], [ -78.350515291682839, 36.678289180915222 ], [ -78.35162530694717, 36.678453998894476 ] ] ] } },
{ "type": "Feature", "properties": { "id": "51_69", "growth_scenario": "moderate", "market_gravity_weight": 75 }, "geometry": { "type": "Polygon", "coordinates": [ [ [ -78.350232629054688, 36.689145899299945 ], [ -78.350024039212485, 36.690023151982814 ], [ -78.349815444496684, 36.690900403890915 ], [ -78.34870524922475, 36.690735570307865 ], [ -78.348496637123461, 36.691612819593381 ], [ -78.347386434213973, 36.691447973899358 ], [ -78.347595058826826, 36.690570726462099 ], [ -78.346484873303197, 36.690405872353615 ], [ -78.346693505552892, 36.689528625989823 ], [ -78.345583337414809, 36.689363763467071 ], [ -78.345791977300806, 36.688486518176582 ], [ -78.346902132928207, 36.688651378851155 ], [ -78.34711075542927, 36.687774130937314 ], [ -78.348220903420327, 36.687938979501304 ], [ -78.349331056285138, 36.688103817803004 ], [ -78.349122458805425, 36.688981069412861 ], [ -78.350232629054688, 36.689145899299945 ] ] ] } },
{ "type": "Feature", "properties": { "id": "51_7", "growth_scenario": "moderate", "market_gravity_weight": 75 }, "geometry": { "type": "Polygon", "coordinates": [ [ [ -77.46932365970315, 38.995183045907012 ], [ -77.469097851351336, 38.996058338759994 ], [ -77.468872037566143, 38.996933631322747 ], [ -77.46772870045433, 38.996760750535834 ], [ -77.466585368776379, 38.996587859223105 ], [ -77.465442042532601, 38.996414957384658 ], [ -77.465216183657617, 38.997290243345617 ], [ -77.464072849629943, 38.997117328877373 ], [ -77.464298721723281, 38.996242045020551 ], [ -77.464524588381863, 38.995366760873338 ], [ -77.464750449605916, 38.994491476435556 ], [ -77.465893743979422, 38.994664384591687 ], [ -77.467037043786974, 38.994837282222292 ], [ -77.468180349028316, 38.995010169327436 ], [ -77.468406165165007, 38.994134878287582 ], [ -77.469549462621771, 38.994307752763582 ], [ -77.46932365970315, 38.995183045907012 ] ] ] } },
{ "type": "Feature", "properties": { "id": "51_70", "growth_scenario": "moderate", "market_gravity_weight": 75 }, "geometry": { "type": "Polygon", "coordinates": [ [ [ -77.787996088610839, 38.304969867502905 ], [ -77.7877762015207, 38.305845705334534 ], [ -77.787556309185945, 38.30672154272898 ], [ -77.786422973466614, 38.306551603981703 ], [ -77.785289642992382, 38.306381654787927 ], [ -77.785069719398791, 38.307257487708867 ], [ -77.783936381163201, 38.307087526050168 ], [ -77.784156317763532, 38.306211695147603 ], [ -77.78302299778035, 38.306041725060894 ], [ -77.783242942141257, 38.305165895739449 ], [ -77.784376249118182, 38.30533586380777 ], [ -77.784596175227364, 38.304460032030363 ], [ -77.784816096091262, 38.303584199815297 ], [ -77.785949382301624, 38.303754153400988 ], [ -77.7870826737568, 38.303924096540513 ], [ -77.786862778904876, 38.30479993279171 ], [ -77.787996088610839, 38.304969867502905 ] ] ] } },
{ "type": "Feature", "properties": { "id": "51_71", "growth_scenario": "moderate", "market_gravity_weight": 75 }, "geometry": { "type": "Polygon", "coordinates": [ [ [ -77.518751820170365, 39.070847198947455 ], [ -77.51852637204621, 39.071722592800107 ], [ -77.517381740448286, 39.071550167181272 ], [ -77.517156273641376, 39.072425558659624 ], [ -77.516930801403049, 39.073300949867871 ], [ -77.515786148732772, 39.073128509502062 ], [ -77.514641501494367, 39.072956058597811 ], [ -77.514867000236379, 39.0720806715984 ], [ -77.513722371681709, 39.071908212260432 ], [ -77.513947878242973, 39.07103282709528 ], [ -77.512803268371655, 39.070860359323746 ], [ -77.51302878275159, 39.069984975992661 ], [ -77.514173379372139, 39.070157441659688 ], [ -77.515317981424587, 39.070329896788742 ], [ -77.516462588908638, 39.070502341379765 ], [ -77.517607201823992, 39.070674775432678 ], [ -77.517832657768679, 39.069799383413724 ], [ -77.518977262863814, 39.069971804824497 ], [ -77.518751820170365, 39.070847198947455 ] ], [ [ -77.51601163422302, 39.072253120398152 ], [ -77.51623711428158, 39.0713777310241 ], [ -77.515092493546391, 39.071205284328791 ], [ -77.514867000236379, 39.0720806715984 ], [ -77.51601163422302, 39.072253120398152 ] ] ] } },
{ "type": "Feature", "properties": { "id": "51_72", "growth_scenario": "moderate", "market_gravity_weight": 75 }, "geometry": { "type": "Polygon", "coordinates": [ [ [ -77.285833154830911, 38.687085100373523 ], [ -77.285606100902697, 38.687960028492597 ], [ -77.284468034708297, 38.687785465984099 ], [ -77.284240962255353, 38.688660391632837 ], [ -77.283102888413197, 38.688485816548663 ], [ -77.282875797434968, 38.689360739726865 ], [ -77.284013884363702, 38.689535316911012 ], [ -77.285151976731356, 38.689709883619145 ], [ -77.284924906487859, 38.690584810626952 ], [ -77.283786801033159, 38.690410241818896 ], [ -77.283559712263511, 38.691285166356636 ], [ -77.282421599160742, 38.691110584972328 ], [ -77.28264870101755, 38.690235662534732 ], [ -77.281510606441316, 38.69006107277459 ], [ -77.281737715945397, 38.68918615206691 ], [ -77.281964820010032, 38.688311230988752 ], [ -77.282191918635363, 38.687436309539905 ], [ -77.283329973952434, 38.687610892999849 ], [ -77.283557054052864, 38.686735969080274 ], [ -77.284695101722733, 38.686910539964721 ], [ -77.28492216329883, 38.686035613574418 ], [ -77.286060203321099, 38.686210171883666 ], [ -77.285833154830911, 38.687085100373523 ] ] ] } },
{ "type": "Feature", "properties": { "id": "51_73", "growth_scenario": "moderate", "market_gravity_weight": 75 }, "geometry": { "type": "Polygon", "coordinates": [ [ [ -77.266266040917628, 38.703187837270782 ], [ -77.26740430356891, 38.703362567522191 ], [ -77.267176978303283, 38.704237462672936 ], [ -77.266038702562099, 38.70406273031859 ], [ -77.264900432266927, 38.703887987487178 ], [ -77.264673075375356, 38.70476287806423 ], [ -77.26444571303729, 38.705637768273562 ], [ -77.263307422008495, 38.705463010758578 ], [ -77.262169136426664, 38.705288242766365 ], [ -77.262396524944762, 38.704413356763652 ], [ -77.261258257899925, 38.704238580397799 ], [ -77.26148565406038, 38.703363696130658 ], [ -77.262623908015769, 38.703538470393134 ], [ -77.262851285639925, 38.702663583654569 ], [ -77.263989531952859, 38.702838345336893 ], [ -77.265127783712188, 38.703013096542342 ], [ -77.265355129711352, 38.702138205229495 ], [ -77.266493373827345, 38.702312943855077 ], [ -77.266266040917628, 38.703187837270782 ] ] ] } },
{ "type": "Feature", "properties": { "id": "51_74", "growth_scenario": "moderate", "market_gravity_weight": 75 }, "geometry": { "type": "Polygon", "coordinates": [ [ [ -77.534832250634949, 39.086908202257916 ], [ -77.534606946407379, 39.087783627855558 ], [ -77.534381636750993, 39.088659053187591 ], [ -77.534156321665577, 39.08953447825418 ], [ -77.533011372404843, 39.089362196045727 ], [ -77.532786038630093, 39.090237618743259 ], [ -77.53164108153895, 39.090065323889348 ], [ -77.530496129877818, 39.089893018494024 ], [ -77.52935118364698, 39.089720702557258 ], [ -77.52957655720094, 39.08884528617201 ], [ -77.53072149017224, 39.089017600004532 ], [ -77.530946845036567, 39.08814218124958 ], [ -77.532091770178525, 39.088314482436843 ], [ -77.532317106353787, 39.087439061312324 ], [ -77.533462023666019, 39.087611349854548 ], [ -77.533687341152813, 39.086735926360504 ], [ -77.533912653210692, 39.085860502600582 ], [ -77.535057549433873, 39.086032776394468 ], [ -77.534832250634949, 39.086908202257916 ] ] ] } },
{ "type": "Feature", "properties": { "id": "51_75", "growth_scenario": "moderate", "market_gravity_weight": 75 }, "geometry": { "type": "Polygon", "coordinates": [ [ [ -78.359739606481668, 36.687832361902871 ], [ -78.359531131348405, 36.688709631688937 ], [ -78.358420947143699, 36.688544887598574 ], [ -78.358212454627491, 36.689422154763051 ], [ -78.358003957239944, 36.690299421153036 ], [ -78.35689375288247, 36.690134663105532 ], [ -78.355783553396805, 36.689969894795055 ], [ -78.355992075808402, 36.689092632099502 ], [ -78.356200593348106, 36.688215368629251 ], [ -78.355090423757773, 36.688050593750468 ], [ -78.355298948936991, 36.687173331352575 ], [ -78.356409106016102, 36.687338104384175 ], [ -78.356617613812546, 36.686460839364017 ], [ -78.357727763252072, 36.686625600285943 ], [ -78.358837917562724, 36.686790350945266 ], [ -78.358629434788725, 36.687667619659329 ], [ -78.359739606481668, 36.687832361902871 ] ] ] } },
{ "type": "Feature", "properties": { "id": "51_8", "growth_scenario": "moderate", "market_gravity_weight": 75 }, "geometry": { "type": "Polygon", "coordinates": [ [ [ -78.375422054215136, 36.684709298152512 ], [ -78.375213770950594, 36.685586596584685 ], [ -78.37500548281966, 36.68646389424223 ], [ -78.374797189822175, 36.687341191125299 ], [ -78.373686992370907, 36.687176587839687 ], [ -78.373895297881234, 36.686299292801941 ], [ -78.372785117809627, 36.686134681098459 ], [ -78.371674942605082, 36.68597005913184 ], [ -78.371883268273251, 36.685092767010246 ], [ -78.370773110448141, 36.684928136626084 ], [ -78.370981443760911, 36.684050845574987 ], [ -78.372091589074202, 36.684215474113721 ], [ -78.372299905008148, 36.683338180442092 ], [ -78.373410042676781, 36.683502796872688 ], [ -78.374520185211978, 36.683667403040495 ], [ -78.374311894301599, 36.684544700402547 ], [ -78.375422054215136, 36.684709298152512 ] ] ] } },
{ "type": "Feature", "properties": { "id": "51_9", "growth_scenario": "moderate", "market_gravity_weight": 75 }, "geometry": { "type": "Polygon", "coordinates": [ [ [ -77.462703630290463, 38.997819685345704 ], [ -77.463846972101663, 38.997992612444001 ], [ -77.46499031934799, 38.998165529016447 ], [ -77.464764449603507, 38.999040814397453 ], [ -77.465907815503812, 38.999213722548191 ], [ -77.467051186838859, 38.999386620172949 ], [ -77.466825338098388, 39.000261909472648 ], [ -77.466599483923289, 39.001137198483065 ], [ -77.466373624313349, 39.002012487204304 ], [ -77.465230213318591, 39.001839583266701 ], [ -77.46545608614872, 39.00096429664984 ], [ -77.464312693809291, 39.000791384290345 ], [ -77.464538574424026, 38.999916099488615 ], [ -77.463395200739512, 38.999743178707398 ], [ -77.463621089138243, 38.998867895720601 ], [ -77.462477734108305, 38.998694966517888 ], [ -77.461334384513989, 38.998522026789345 ], [ -77.461560293914673, 38.997646747721681 ], [ -77.461786197879675, 38.996771468363839 ], [ -77.462929521037196, 38.996944403883411 ], [ -77.462703630290463, 38.997819685345704 ] ] ] } },
{ "type": "Feature", "properties": { "id": "53_0", "growth_scenario": "moderate", "market_gravity_weight": 75 }, "geometry": { "type": "Polygon", "coordinates": [ [ [ -119.874696993578326, 47.243358342143189 ], [ -119.875023557012213, 47.244234352162181 ], [ -119.873751131146449, 47.24445917515694 ], [ -119.87407768741042, 47.245335190652817 ], [ -119.872805236884815, 47.245560005759884 ], [ -119.871532777614576, 47.245784809307125 ], [ -119.871206253181427, 47.244908786467981 ], [ -119.870879737492146, 47.244032765434419 ], [ -119.87055323054642, 47.243156746206076 ], [ -119.871825642071002, 47.242931953672979 ], [ -119.871499127953996, 47.242055939920668 ], [ -119.872771514820826, 47.241831139499418 ], [ -119.874043892944115, 47.241606327519037 ], [ -119.874370438889073, 47.242482333928912 ], [ -119.874696993578326, 47.243358342143189 ] ] ] } },
{ "type": "Feature", "properties": { "id": "53_1", "growth_scenario": "moderate", "market_gravity_weight": 75 }, "geometry": { "type": "Polygon", "coordinates": [ [ [ -119.89916276329518, 47.236231729580936 ], [ -119.899489618692698, 47.237107660733876 ], [ -119.900761813116105, 47.236882606046585 ], [ -119.901088693171488, 47.237758535325682 ], [ -119.901415581978853, 47.238634466405372 ], [ -119.900143355741889, 47.238859528441552 ], [ -119.900470237394259, 47.239735464996883 ], [ -119.899197986497711, 47.239960519151204 ], [ -119.898871120753, 47.239084578921343 ], [ -119.897598877012499, 47.239309617844619 ], [ -119.897272035927017, 47.238433675741796 ], [ -119.896945203592423, 47.237557735440127 ], [ -119.896618380008363, 47.236681796939337 ], [ -119.897890576027052, 47.236456769038114 ], [ -119.897563745286632, 47.235580836011586 ], [ -119.898835916648579, 47.235355800228191 ], [ -119.89916276329518, 47.236231729580936 ] ] ] } },
{ "type": "Feature", "properties": { "id": "53_10", "growth_scenario": "moderate", "market_gravity_weight": 75 }, "geometry": { "type": "Polygon", "coordinates": [ [ [ -119.84579207605681, 47.216719746170881 ], [ -119.847064058627055, 47.216495201795141 ], [ -119.847390118181863, 47.217371198261397 ], [ -119.847716186465206, 47.218247196524828 ], [ -119.846444172081533, 47.218471748227991 ], [ -119.845172148969283, 47.218696288374545 ], [ -119.843900117128896, 47.218920816964442 ], [ -119.8426280765607, 47.21914533399756 ], [ -119.84135602726505, 47.219369839473622 ], [ -119.841030038519705, 47.218493822892569 ], [ -119.842302071907071, 47.218269321079717 ], [ -119.841976075980497, 47.217393309959888 ], [ -119.843248084733176, 47.217168800253361 ], [ -119.844520084758742, 47.216944278990319 ], [ -119.844194065744858, 47.216068276994342 ], [ -119.845466041136419, 47.215843747838157 ], [ -119.84579207605681, 47.216719746170881 ] ] ] } },
{ "type": "Feature", "properties": { "id": "53_2", "growth_scenario": "moderate", "market_gravity_weight": 75 }, "geometry": { "type": "Polygon", "coordinates": [ [ [ -119.877758963102806, 47.229745540909818 ], [ -119.87903108910254, 47.229520692073862 ], [ -119.879357641498956, 47.230396651165897 ], [ -119.880629774662935, 47.230171787103522 ], [ -119.880956351709131, 47.231047744324627 ], [ -119.879684202638117, 47.231272612057495 ], [ -119.880010772520365, 47.232148574749026 ], [ -119.87873859879852, 47.232373434595885 ], [ -119.877466416333647, 47.232598282886087 ], [ -119.877139878267215, 47.231722312853748 ], [ -119.875867702968065, 47.231947145916813 ], [ -119.875541189552024, 47.231071174014652 ], [ -119.875214684877648, 47.230195203912629 ], [ -119.876486828361067, 47.229970378189506 ], [ -119.87616031652064, 47.229094413556993 ], [ -119.877432435355416, 47.228869579947116 ], [ -119.877758963102806, 47.229745540909818 ] ] ] } },
{ "type": "Feature", "properties": { "id": "53_3", "growth_scenario": "moderate", "market_gravity_weight": 75 }, "geometry": { "type": "Polygon", "coordinates": [ [ [ -119.87945992759073, 47.24158295573352 ], [ -119.879786545933214, 47.242458949260367 ], [ -119.880113173021812, 47.24333494459124 ], [ -119.878840782138155, 47.243559813822486 ], [ -119.879167402059679, 47.244435814630073 ], [ -119.877894986516097, 47.244660675974679 ], [ -119.876622562226444, 47.244885525760118 ], [ -119.876295974133015, 47.244009517608106 ], [ -119.875969394784931, 47.243133511260886 ], [ -119.875642824181867, 47.242257506718246 ], [ -119.875316262323423, 47.241381503979866 ], [ -119.876588622958423, 47.241156668881956 ], [ -119.877860974848744, 47.240931822225349 ], [ -119.878187568533036, 47.241807817620384 ], [ -119.87945992759073, 47.24158295573352 ] ] ] } },
{ "type": "Feature", "properties": { "id": "53_4", "growth_scenario": "moderate", "market_gravity_weight": 75 }, "geometry": { "type": "Polygon", "coordinates": [ [ [ -119.864577862765842, 47.216202925217722 ], [ -119.865849770814123, 47.215978208071668 ], [ -119.866176079226662, 47.216854158616904 ], [ -119.866502396373946, 47.217730110957611 ], [ -119.867774327493223, 47.217505374924158 ], [ -119.868100669278775, 47.218381325394155 ], [ -119.86682872225623, 47.218606065094328 ], [ -119.865556766498315, 47.218830793239505 ], [ -119.8642848020054, 47.219055509829516 ], [ -119.863012828777798, 47.219280214864305 ], [ -119.862686550607251, 47.21840424972833 ], [ -119.862360281170652, 47.217528286388912 ], [ -119.863632222590084, 47.217303588686484 ], [ -119.863305945983569, 47.216427630809058 ], [ -119.862979678110662, 47.215551674727237 ], [ -119.864251578990121, 47.215326972801748 ], [ -119.864577862765842, 47.216202925217722 ] ] ] } },
{ "type": "Feature", "properties": { "id": "53_5", "growth_scenario": "moderate", "market_gravity_weight": 75 }, "geometry": { "type": "Polygon", "coordinates": [ [ [ -119.902325492617948, 47.233804707012865 ], [ -119.902652378229405, 47.234680623543902 ], [ -119.901380233120321, 47.234905693994214 ], [ -119.901707111578261, 47.235781615998853 ], [ -119.900434941812378, 47.236006678567733 ], [ -119.900761813116105, 47.236882606046585 ], [ -119.899489618692698, 47.237107660733876 ], [ -119.89916276329518, 47.236231729580936 ], [ -119.898835916648579, 47.235355800228191 ], [ -119.897563745286632, 47.235580836011586 ], [ -119.897236923296461, 47.234704904785112 ], [ -119.896910110056169, 47.233828975358463 ], [ -119.898182249606791, 47.233603946922109 ], [ -119.899454380407519, 47.233378906930355 ], [ -119.900726502458014, 47.233153855383222 ], [ -119.901053363413681, 47.234029773789104 ], [ -119.902325492617948, 47.233804707012865 ] ] ] } },
{ "type": "Feature", "properties": { "id": "53_6", "growth_scenario": "moderate", "market_gravity_weight": 75 }, "geometry": { "type": "Polygon", "coordinates": [ [ [ -119.871532777614576, 47.245784809307125 ], [ -119.871859310791962, 47.246660833952177 ], [ -119.872185852713926, 47.2475368604034 ], [ -119.870913352866509, 47.247761659734145 ], [ -119.870586826861214, 47.246885629611178 ], [ -119.869314334186285, 47.247110413709919 ], [ -119.868987832841825, 47.246234381721827 ], [ -119.867715347339995, 47.246459150588976 ], [ -119.867388870655674, 47.245583116736 ], [ -119.866116392327683, 47.245807870371827 ], [ -119.865789940302719, 47.24493183465416 ], [ -119.867062402714112, 47.244707084689097 ], [ -119.868334856383058, 47.244482323164071 ], [ -119.869607301309188, 47.244257550079048 ], [ -119.870879737492146, 47.244032765434419 ], [ -119.871206253181427, 47.244908786467981 ], [ -119.871532777614576, 47.245784809307125 ] ] ] } },
{ "type": "Feature", "properties": { "id": "53_7", "growth_scenario": "moderate", "market_gravity_weight": 75 }, "geometry": { "type": "Polygon", "coordinates": [ [ [ -119.888692925815164, 47.240884566714215 ], [ -119.889965230806553, 47.240659608690301 ], [ -119.891237527048929, 47.240434639108905 ], [ -119.891564297340494, 47.241310601383027 ], [ -119.892836600743152, 47.241085616570615 ], [ -119.893163395694529, 47.241961576973658 ], [ -119.891891076381754, 47.242186565459903 ], [ -119.892217864173105, 47.243062531339724 ], [ -119.890945520199452, 47.243287511942341 ], [ -119.889673167475721, 47.243512480986958 ], [ -119.88934641150631, 47.242636507759507 ], [ -119.888074065944366, 47.242861461572481 ], [ -119.887747334635421, 47.241985486474931 ], [ -119.887420612075104, 47.241109513180533 ], [ -119.887093898263103, 47.240233541689065 ], [ -119.888366196092775, 47.240008598895862 ], [ -119.888692925815164, 47.240884566714215 ] ] ] } },
{ "type": "Feature", "properties": { "id": "53_8", "growth_scenario": "moderate", "market_gravity_weight": 75 }, "geometry": { "type": "Polygon", "coordinates": [ [ [ -119.901124026956253, 47.241487343512048 ], [ -119.901450934866546, 47.242363285472422 ], [ -119.900178636244817, 47.242588350651531 ], [ -119.900505536999347, 47.243464298089542 ], [ -119.899233213715178, 47.243689355386749 ], [ -119.89956010731315, 47.244565308302796 ], [ -119.898287759365871, 47.244790357717832 ], [ -119.897960881678046, 47.243914401126524 ], [ -119.897634012742813, 47.243038446338439 ], [ -119.897307152559819, 47.242162493353085 ], [ -119.896980301128693, 47.241286542170378 ], [ -119.898252585437476, 47.241061507454951 ], [ -119.899524860994347, 47.240836461182667 ], [ -119.900797127798924, 47.240611403353611 ], [ -119.902069385850879, 47.240386333967869 ], [ -119.902396300916223, 47.241262270451251 ], [ -119.901124026956253, 47.241487343512048 ] ] ] } },
{ "type": "Feature", "properties": { "id": "53_9", "growth_scenario": "moderate", "market_gravity_weight": 75 }, "geometry": { "type": "Polygon", "coordinates": [ [ [ -119.847422381583442, 47.221099764797081 ], [ -119.847748468876105, 47.221975773916888 ], [ -119.846476382131158, 47.222200328719993 ], [ -119.846802462244639, 47.223076343303262 ], [ -119.845530350860741, 47.223300890213558 ], [ -119.845204286656724, 47.222424871965835 ], [ -119.844878231181852, 47.221548855517348 ], [ -119.843606142887623, 47.221773383541645 ], [ -119.84328011205065, 47.220897365228176 ], [ -119.842008030937336, 47.22112187803134 ], [ -119.841682024737494, 47.220245857853079 ], [ -119.842954089941784, 47.220021348713615 ], [ -119.844226146418308, 47.21979682801696 ], [ -119.845498194166638, 47.219572295763349 ], [ -119.846770233186518, 47.219347751952888 ], [ -119.847096303020365, 47.22022375747585 ], [ -119.847422381583442, 47.221099764797081 ] ] ] } },
{ "type": "Feature", "properties": { "id": "56_0", "growth_scenario": "moderate", "market_gravity_weight": 75 }, "geometry": { "type": "Polygon", "coordinates": [ [ [ -104.835835379949401, 41.101028193579815 ], [ -104.837030316133095, 41.100945266622084 ], [ -104.837141754556171, 41.10183454932222 ], [ -104.835946803477952, 41.101917477385726 ], [ -104.836058229808643, 41.102806761770424 ], [ -104.836169658941557, 41.103696046734093 ], [ -104.836281090876795, 41.104585332277026 ], [ -104.836392525614485, 41.105474618399477 ], [ -104.835197512151993, 41.105557539709871 ], [ -104.835086092310391, 41.104668252481616 ], [ -104.834974675270871, 41.103778965832959 ], [ -104.834863261033306, 41.102889679763607 ], [ -104.833668289456114, 41.102972586580535 ], [ -104.832473315077436, 41.103055482221201 ], [ -104.83236193343204, 41.102166194519981 ], [ -104.833556892915524, 41.102083299984677 ], [ -104.833445499176321, 41.101194013967699 ], [ -104.834640440963682, 41.10111110936176 ], [ -104.834529035131396, 41.100221825028754 ], [ -104.835723959222861, 41.100138910352477 ], [ -104.835835379949401, 41.101028193579815 ] ] ] } },
{ "type": "Feature", "properties": { "id": "56_1", "growth_scenario": "moderate", "market_gravity_weight": 75 }, "geometry": { "type": "Polygon", "coordinates": [ [ [ -104.835420360241841, 41.107336115905909 ], [ -104.835531788490286, 41.108225404874275 ], [ -104.83564321954124, 41.10911469442307 ], [ -104.835754653394787, 41.110003984552677 ], [ -104.834559562643605, 41.110086900215542 ], [ -104.834448143688078, 41.109197608980018 ], [ -104.833253065032707, 41.109280512359739 ], [ -104.832057983575453, 41.109363404562124 ], [ -104.830862899316713, 41.109446285587133 ], [ -104.82966781225683, 41.109529155434764 ], [ -104.829556455695283, 41.108639860358061 ], [ -104.829445101934397, 41.107750565862091 ], [ -104.830640159198452, 41.107667698224965 ], [ -104.831835213661591, 41.107584819410768 ], [ -104.831946597217836, 41.108474111696125 ], [ -104.833141663777184, 41.108391220599295 ], [ -104.834336727534804, 41.108308318325335 ], [ -104.834225314183655, 41.107419028251222 ], [ -104.834113903634531, 41.106529738757423 ], [ -104.835308934795776, 41.106446827517928 ], [ -104.835420360241841, 41.107336115905909 ] ] ] } },
{ "type": "Feature", "properties": { "id": "56_2", "growth_scenario": "moderate", "market_gravity_weight": 75 }, "geometry": { "type": "Polygon", "coordinates": [ [ [ -104.841395548489501, 41.106921386526366 ], [ -104.841507051222891, 41.107810669963463 ], [ -104.840312004283561, 41.107893639299547 ], [ -104.840423494924138, 41.108782924423458 ], [ -104.839228430283612, 41.108865883689027 ], [ -104.838033362839354, 41.108948831777553 ], [ -104.838144826488687, 41.109838119694857 ], [ -104.836949741343261, 41.109921057712413 ], [ -104.836838292591779, 41.109031768688908 ], [ -104.836726846643273, 41.108142480246087 ], [ -104.836615403497632, 41.107253192383737 ], [ -104.837810443950644, 41.107170257684643 ], [ -104.837698988711026, 41.106280971508568 ], [ -104.838894011464319, 41.106198026738824 ], [ -104.840089031414209, 41.10611507079237 ], [ -104.84020051644697, 41.107004354755937 ], [ -104.841395548489501, 41.106921386526366 ] ] ] } },
{ "type": "Feature", "properties": { "id": "56_3", "growth_scenario": "moderate", "market_gravity_weight": 75 }, "geometry": { "type": "Polygon", "coordinates": [ [ [ -104.841172551435335, 41.105142821392107 ], [ -104.842367550881406, 41.105059844199033 ], [ -104.84247906290237, 41.10594912536974 ], [ -104.842590577727833, 41.106838407120179 ], [ -104.841395548489501, 41.106921386526366 ], [ -104.84020051644697, 41.107004354755937 ], [ -104.840089031414209, 41.10611507079237 ], [ -104.838894011464319, 41.106198026738824 ], [ -104.837698988711026, 41.106280971508568 ], [ -104.837587536274441, 41.105391685912416 ], [ -104.838782544131476, 41.105308742248845 ], [ -104.838671079601923, 41.104419458338462 ], [ -104.838559617875532, 41.103530175007428 ], [ -104.83975459313811, 41.103447222379799 ], [ -104.840949565597228, 41.103364258575908 ], [ -104.841061057114331, 41.104253539694326 ], [ -104.841172551435335, 41.105142821392107 ] ] ] } }
]
}
