{
"type": "FeatureCollection",
"name": "moderate_growth_25_market_gravity_epsg4326",
"crs": { "type": "name", "properties": { "name": "urn:ogc:def:crs:OGC:1.3:CRS84" } },
"features": [
{ "type": "Feature", "properties": { "id": "1_0", "growth_scenario": "moderate", "market_gravity_weight": 25 }, "geometry": { "type": "Polygon", "coordinates": [ [ [ -86.626433445298858, 34.834674343365954 ], [ -86.626324886171787, 34.835563920521828 ], [ -86.627421934305318, 34.835651945152449 ], [ -86.627313385212133, 34.836541522310874 ], [ -86.62841044839216, 34.836629537598036 ], [ -86.628301909333445, 34.837519114759132 ], [ -86.627204833612751, 34.837431098538076 ], [ -86.626107760398369, 34.837343072039523 ], [ -86.625999193751824, 34.838232646401707 ], [ -86.625890624598611, 34.839122219832973 ], [ -86.625782052938675, 34.840011792333584 ], [ -86.624684944607679, 34.83992375275507 ], [ -86.624793528808979, 34.83903418118868 ], [ -86.624902110503243, 34.838144608691522 ], [ -86.625010689690555, 34.837255035263524 ], [ -86.625119266371001, 34.836365460904361 ], [ -86.625227840544696, 34.835475885613938 ], [ -86.625336412211666, 34.834586309392108 ], [ -86.625444981372056, 34.833696732238565 ], [ -86.626542001919617, 34.833784765278459 ], [ -86.626433445298858, 34.834674343365954 ] ] ] } },
{ "type": "Feature", "properties": { "id": "1_1", "growth_scenario": "moderate", "market_gravity_weight": 25 }, "geometry": { "type": "Polygon", "coordinates": [ [ [ -86.637199755190252, 34.846317026452766 ], [ -86.63829696884477, 34.846404948294406 ], [ -86.639394185003255, 34.846492859857221 ], [ -86.639285758864759, 34.847382437987171 ], [ -86.640382990071444, 34.847470340204204 ], [ -86.640274573974025, 34.848359918338573 ], [ -86.639177330222523, 34.848272015188464 ], [ -86.63808008897486, 34.848184101759351 ], [ -86.636982850231306, 34.848096178051186 ], [ -86.635885613992173, 34.848008244064104 ], [ -86.635777145211279, 34.848897817536987 ], [ -86.634679898932077, 34.848809872337405 ], [ -86.634788380257717, 34.847920299798069 ], [ -86.63489685907841, 34.847030726330068 ], [ -86.635994080268361, 34.847118669662599 ], [ -86.636102544039957, 34.846229094332351 ], [ -86.636211005307032, 34.845339518073118 ], [ -86.637308203913335, 34.845427449260214 ], [ -86.637199755190252, 34.846317026452766 ] ] ] } },
{ "type": "Feature", "properties": { "id": "1_2", "growth_scenario": "moderate", "market_gravity_weight": 25 }, "geometry": { "type": "Polygon", "coordinates": [ [ [ -86.622925157556978, 34.836189358388566 ], [ -86.622816555795808, 34.837078930879173 ], [ -86.623913621489606, 34.837166988210022 ], [ -86.623805029761613, 34.838056560703826 ], [ -86.623696435526369, 34.838946132266692 ], [ -86.622599344751094, 34.838858073067072 ], [ -86.62150225648341, 34.838770003589879 ], [ -86.6204051707236, 34.838681923835225 ], [ -86.619308087471978, 34.838593833802946 ], [ -86.619416731870217, 34.837704265978267 ], [ -86.619525373760112, 34.836814697222472 ], [ -86.620622431930769, 34.836902785385377 ], [ -86.621719492609429, 34.836990863270934 ], [ -86.621828106910826, 34.836101291714698 ], [ -86.621936718704617, 34.835211719227104 ], [ -86.623033756810813, 34.835299784966551 ], [ -86.622925157556978, 34.836189358388566 ] ] ] } },
{ "type": "Feature", "properties": { "id": "4_0", "growth_scenario": "moderate", "market_gravity_weight": 25 }, "geometry": { "type": "Polygon", "coordinates": [ [ [ -113.176426561429665, 34.563618170878947 ], [ -113.177507193996291, 34.563457428042881 ], [ -113.177704678468174, 34.564337045855012 ], [ -113.177902167431384, 34.565216662464849 ], [ -113.176821511108983, 34.56537740863935 ], [ -113.177018992685419, 34.566257025716425 ], [ -113.175938319993364, 34.566417763528662 ], [ -113.175740850295355, 34.565538144782302 ], [ -113.174660184990756, 34.565698870893804 ], [ -113.174462731662047, 34.564819249276468 ], [ -113.173382073745174, 34.564979963687371 ], [ -113.173184636785251, 34.564100339199122 ], [ -113.17298720431549, 34.56322071350877 ], [ -113.174067838476162, 34.563060002435556 ], [ -113.17514846814656, 34.562899281331042 ], [ -113.17534592437211, 34.563778903683648 ], [ -113.176426561429665, 34.563618170878947 ] ] ] } },
{ "type": "Feature", "properties": { "id": "4_1", "growth_scenario": "moderate", "market_gravity_weight": 25 }, "geometry": { "type": "Polygon", "coordinates": [ [ [ -113.17596000860695, 34.586412070086993 ], [ -113.174879052056298, 34.586572794471515 ], [ -113.175076565665222, 34.587452393974075 ], [ -113.173995592736262, 34.587613109995011 ], [ -113.174193098953182, 34.588492709970453 ], [ -113.173112109645601, 34.588653417627647 ], [ -113.172914615314198, 34.587773815981897 ], [ -113.171833633399288, 34.58793451193479 ], [ -113.171636155446151, 34.587054907421617 ], [ -113.171438681985464, 34.586175301711002 ], [ -113.172519640129792, 34.586014609098342 ], [ -113.17232215927649, 34.585135003860167 ], [ -113.173403101043505, 34.58497430288368 ], [ -113.174484038317885, 34.584813591873456 ], [ -113.175564971099377, 34.58465287082948 ], [ -113.175762487606505, 34.585532471057171 ], [ -113.17596000860695, 34.586412070086993 ] ], [ [ -113.174681542940561, 34.585693193771384 ], [ -113.173600593781572, 34.58585390645176 ], [ -113.173798091012458, 34.586733508822142 ], [ -113.174879052056298, 34.586572794471515 ], [ -113.174681542940561, 34.585693193771384 ] ] ] } },
{ "type": "Feature", "properties": { "id": "4_10", "growth_scenario": "moderate", "market_gravity_weight": 25 }, "geometry": { "type": "Polygon", "coordinates": [ [ [ -114.751981987079432, 32.502286268571801 ], [ -114.752191765120116, 32.503165615411511 ], [ -114.752401547793283, 32.504044960588601 ], [ -114.752611335099203, 32.50492430410327 ], [ -114.751562010297192, 32.505100105013952 ], [ -114.751771791112617, 32.505979448552793 ], [ -114.750722450554548, 32.506155241389465 ], [ -114.750512680862585, 32.505275896164264 ], [ -114.749463346795565, 32.505451677554106 ], [ -114.749253592859404, 32.504572328980608 ], [ -114.749043843555228, 32.503692978744866 ], [ -114.750093155375694, 32.503517200727323 ], [ -114.74988339958044, 32.502637850515306 ], [ -114.750932695646014, 32.502462064423611 ], [ -114.75072293336018, 32.501582714235013 ], [ -114.75177221367116, 32.5014069200694 ], [ -114.751981987079432, 32.502286268571801 ] ] ] } },
{ "type": "Feature", "properties": { "id": "4_11", "growth_scenario": "moderate", "market_gravity_weight": 25 }, "geometry": { "type": "Polygon", "coordinates": [ [ [ -112.57838353367093, 34.749891594152508 ], [ -112.579467999260046, 34.749736421609406 ], [ -112.579659139773639, 34.750616853573661 ], [ -112.578574662193503, 34.750772027740993 ], [ -112.578765795078269, 34.751652460185987 ], [ -112.577681301144466, 34.751807625904547 ], [ -112.577490180251132, 34.75092719183538 ], [ -112.576405693946825, 34.751082345856673 ], [ -112.57621458940676, 34.750201909020085 ], [ -112.575130110732232, 34.750357051344444 ], [ -112.574939022544953, 34.74947661174042 ], [ -112.574747938718815, 34.748596170992833 ], [ -112.575832393411176, 34.74844103191613 ], [ -112.576916843742268, 34.748285882766666 ], [ -112.57800128971185, 34.748130723544413 ], [ -112.578192409510436, 34.749011159420377 ], [ -112.57838353367093, 34.749891594152508 ] ] ] } },
{ "type": "Feature", "properties": { "id": "4_12", "growth_scenario": "moderate", "market_gravity_weight": 25 }, "geometry": { "type": "Polygon", "coordinates": [ [ [ -112.580552460486857, 34.749581238993471 ], [ -112.580743612991327, 34.750461669333433 ], [ -112.581828081846297, 34.750306475020345 ], [ -112.582019250704491, 34.751186902592202 ], [ -112.582210423925815, 34.752067329020541 ], [ -112.582401601510398, 34.752947754305538 ], [ -112.581317096681701, 34.753102953492252 ], [ -112.580232587489817, 34.753258142605802 ], [ -112.580041433888383, 34.75237771407172 ], [ -112.578956932325397, 34.75253289148764 ], [ -112.578765795078269, 34.751652460185987 ], [ -112.578574662193503, 34.750772027740993 ], [ -112.579659139773639, 34.750616853573661 ], [ -112.579467999260046, 34.749736421609406 ], [ -112.579276863108774, 34.748855988501397 ], [ -112.580361312344948, 34.748700807509721 ], [ -112.580552460486857, 34.749581238993471 ] ] ] } },
{ "type": "Feature", "properties": { "id": "4_13", "growth_scenario": "moderate", "market_gravity_weight": 25 }, "geometry": { "type": "Polygon", "coordinates": [ [ [ -113.182445653539517, 34.585447513071607 ], [ -113.183526578630705, 34.585286718451471 ], [ -113.183724187315079, 34.586166304588303 ], [ -113.182643250339979, 34.586327100879423 ], [ -113.181562308869786, 34.586487887136975 ], [ -113.181759898281072, 34.587367475417899 ], [ -113.180678940431534, 34.587528253312776 ], [ -113.179597978087259, 34.587689021173809 ], [ -113.178517011248459, 34.58784977900104 ], [ -113.178319457490986, 34.586970185707635 ], [ -113.178121908227624, 34.586090591216568 ], [ -113.179202851297163, 34.585929836730742 ], [ -113.179005294643503, 34.585050242712413 ], [ -113.180086221334733, 34.584889479863648 ], [ -113.181167143531638, 34.584728706981338 ], [ -113.181364723953365, 34.585608297658197 ], [ -113.182445653539517, 34.585447513071607 ] ] ] } },
{ "type": "Feature", "properties": { "id": "4_2", "growth_scenario": "moderate", "market_gravity_weight": 25 }, "geometry": { "type": "Polygon", "coordinates": [ [ [ -113.176843427779133, 34.58537173830922 ], [ -113.177040960664129, 34.586251335668642 ], [ -113.178121908227624, 34.586090591216568 ], [ -113.178319457490986, 34.586970185707635 ], [ -113.178517011248459, 34.58784977900104 ], [ -113.177436039915392, 34.588010526794342 ], [ -113.176355064088327, 34.588171264553743 ], [ -113.175274083767519, 34.58833199227913 ], [ -113.175471606363303, 34.589211589386963 ], [ -113.174390609663348, 34.589372308748729 ], [ -113.174193098953182, 34.588492709970453 ], [ -113.173995592736262, 34.587613109995011 ], [ -113.175076565665222, 34.587452393974075 ], [ -113.174879052056298, 34.586572794471515 ], [ -113.17596000860695, 34.586412070086993 ], [ -113.175762487606505, 34.585532471057171 ], [ -113.175564971099377, 34.58465287082948 ], [ -113.176645899387694, 34.58449213975193 ], [ -113.176843427779133, 34.58537173830922 ] ] ] } },
{ "type": "Feature", "properties": { "id": "4_3", "growth_scenario": "moderate", "market_gravity_weight": 25 }, "geometry": { "type": "Polygon", "coordinates": [ [ [ -113.174951016411555, 34.562019657775998 ], [ -113.17514846814656, 34.562899281331042 ], [ -113.174067838476162, 34.563060002435556 ], [ -113.17298720431549, 34.56322071350877 ], [ -113.173184636785251, 34.564100339199122 ], [ -113.173382073745174, 34.564979963687371 ], [ -113.172301411338012, 34.565140668066832 ], [ -113.172103986256445, 34.564261041909745 ], [ -113.171906565664813, 34.563381414550605 ], [ -113.170825922524358, 34.563542105561083 ], [ -113.169745274894396, 34.563702786540077 ], [ -113.169547882548684, 34.562823154641656 ], [ -113.170628518300489, 34.562662475331145 ], [ -113.170431118565986, 34.561782843898904 ], [ -113.171511737950667, 34.561622156225575 ], [ -113.172592352845868, 34.561461458520931 ], [ -113.173672963251363, 34.561300750785215 ], [ -113.173870398618703, 34.562180377211632 ], [ -113.174951016411555, 34.562019657775998 ] ] ] } },
{ "type": "Feature", "properties": { "id": "4_4", "growth_scenario": "moderate", "market_gravity_weight": 25 }, "geometry": { "type": "Polygon", "coordinates": [ [ [ -113.174193098953182, 34.588492709970453 ], [ -113.174390609663348, 34.589372308748729 ], [ -113.173309608470007, 34.589533018076288 ], [ -113.172228602783505, 34.589693717369585 ], [ -113.1711475926041, 34.58985440662854 ], [ -113.170066577932047, 34.590015085853167 ], [ -113.170264045590642, 34.590894690115555 ], [ -113.169183014539556, 34.591055360975801 ], [ -113.168985558767616, 34.590175755043383 ], [ -113.16790453511102, 34.590336414199065 ], [ -113.167707095717731, 34.589456805400026 ], [ -113.167509660816165, 34.588577195404227 ], [ -113.168590660699962, 34.588416539588266 ], [ -113.168788107487785, 34.589296147914219 ], [ -113.169869114765859, 34.589135480394049 ], [ -113.170950117551698, 34.588974802839516 ], [ -113.170752646991772, 34.588095197853491 ], [ -113.171833633399288, 34.58793451193479 ], [ -113.172914615314198, 34.587773815981897 ], [ -113.173112109645601, 34.588653417627647 ], [ -113.174193098953182, 34.588492709970453 ] ] ] } },
{ "type": "Feature", "properties": { "id": "4_5", "growth_scenario": "moderate", "market_gravity_weight": 25 }, "geometry": { "type": "Polygon", "coordinates": [ [ [ -113.178390330213659, 34.562417057830359 ], [ -113.179470941920485, 34.562256296601227 ], [ -113.180551549135785, 34.562095525341121 ], [ -113.180749064748127, 34.562975139347735 ], [ -113.179668445655778, 34.563135912277261 ], [ -113.178587822071748, 34.56329667517565 ], [ -113.178785318421248, 34.56417629131851 ], [ -113.179865953882739, 34.564015526750751 ], [ -113.180946584852407, 34.563854752151805 ], [ -113.182027211329981, 34.563693967521694 ], [ -113.18222474780373, 34.564573577453721 ], [ -113.181144109448738, 34.564734363753367 ], [ -113.181341638537319, 34.565613974152726 ], [ -113.180260983812303, 34.565774752090796 ], [ -113.180063466601524, 34.564895140021818 ], [ -113.178982819262316, 34.565055906259012 ], [ -113.177902167431384, 34.565216662464849 ], [ -113.177704678468174, 34.564337045855012 ], [ -113.177507193996291, 34.563457428042881 ], [ -113.177309714015578, 34.562577809028369 ], [ -113.177112238525879, 34.561698188811292 ], [ -113.178192842846855, 34.561537439282411 ], [ -113.178390330213659, 34.562417057830359 ] ] ] } },
{ "type": "Feature", "properties": { "id": "4_6", "growth_scenario": "moderate", "market_gravity_weight": 25 }, "geometry": { "type": "Polygon", "coordinates": [ [ [ -113.171813010989396, 34.567940238681956 ], [ -113.172893713523706, 34.567779539327539 ], [ -113.173091156566429, 34.568659160678109 ], [ -113.174171866489601, 34.568498449622737 ], [ -113.174369325902646, 34.569378068102985 ], [ -113.174566789806761, 34.57025768538216 ], [ -113.173486056124091, 34.570418399775932 ], [ -113.172405317950435, 34.570579104137586 ], [ -113.171324575286079, 34.570739798467052 ], [ -113.171127147022048, 34.569860176180462 ], [ -113.170929723248349, 34.56898055269297 ], [ -113.169848999853912, 34.569141233652338 ], [ -113.169651592450208, 34.568261607295014 ], [ -113.170732303964812, 34.568100928004476 ], [ -113.170534889171293, 34.567221302114689 ], [ -113.171615584316456, 34.567060614461028 ], [ -113.171813010989396, 34.567940238681956 ] ] ] } },
{ "type": "Feature", "properties": { "id": "4_7", "growth_scenario": "moderate", "market_gravity_weight": 25 }, "geometry": { "type": "Polygon", "coordinates": [ [ [ -113.179888657291272, 34.584009886317915 ], [ -113.180086221334733, 34.584889479863648 ], [ -113.179005294643503, 34.585050242712413 ], [ -113.179202851297163, 34.585929836730742 ], [ -113.178121908227624, 34.586090591216568 ], [ -113.177040960664129, 34.586251335668642 ], [ -113.176843427779133, 34.58537173830922 ], [ -113.176645899387694, 34.58449213975193 ], [ -113.176448375489656, 34.583612539996473 ], [ -113.177529287400674, 34.5834518005557 ], [ -113.177331756112238, 34.582572201272264 ], [ -113.178412651646255, 34.582411453468417 ], [ -113.179493542686686, 34.582250695631281 ], [ -113.17969109774198, 34.583130291573831 ], [ -113.179888657291272, 34.584009886317915 ] ] ] } },
{ "type": "Feature", "properties": { "id": "4_8", "growth_scenario": "moderate", "market_gravity_weight": 25 }, "geometry": { "type": "Polygon", "coordinates": [ [ [ -114.640554311715931, 32.63973704519654 ], [ -114.640763219885855, 32.640616400355078 ], [ -114.639711857353134, 32.640791127527578 ], [ -114.639920758973233, 32.64167048273876 ], [ -114.638869380645957, 32.641845201818469 ], [ -114.637817997696615, 32.642019911120329 ], [ -114.637609118421452, 32.641140552539369 ], [ -114.637400243767985, 32.640261192326179 ], [ -114.637191373736073, 32.63938183048063 ], [ -114.638242723168503, 32.639207126233124 ], [ -114.638033846586183, 32.638327764439765 ], [ -114.639085180225251, 32.638153052099383 ], [ -114.640136509242652, 32.637978329981607 ], [ -114.640345408168244, 32.638857688405416 ], [ -114.640554311715931, 32.63973704519654 ] ] ] } },
{ "type": "Feature", "properties": { "id": "4_9", "growth_scenario": "moderate", "market_gravity_weight": 25 }, "geometry": { "type": "Polygon", "coordinates": [ [ [ -114.645177581270289, 32.640796740674361 ], [ -114.645386543373462, 32.641676085827072 ], [ -114.644335176988179, 32.641850855480641 ], [ -114.644544132542848, 32.642730200686479 ], [ -114.644753092721061, 32.643609544260187 ], [ -114.643701699367739, 32.643784307506955 ], [ -114.643910652996922, 32.644663651134323 ], [ -114.642859243847298, 32.64483840628867 ], [ -114.642650301390958, 32.643959060975924 ], [ -114.642441363557808, 32.643079714031323 ], [ -114.642232430347747, 32.642200365454727 ], [ -114.642023501760576, 32.641321015245978 ], [ -114.641814577796197, 32.640441663404957 ], [ -114.642865931083918, 32.640266916677191 ], [ -114.643917279748777, 32.640092160171882 ], [ -114.644126226056883, 32.640971508642529 ], [ -114.645177581270289, 32.640796740674361 ] ] ] } },
{ "type": "Feature", "properties": { "id": "6_0", "growth_scenario": "moderate", "market_gravity_weight": 25 }, "geometry": { "type": "Polygon", "coordinates": [ [ [ -121.937860595924974, 37.424626813150724 ], [ -121.938168104723786, 37.425486103063086 ], [ -121.937069543468922, 37.425726633570157 ], [ -121.937377047673067, 37.426585925179992 ], [ -121.936278467604481, 37.426826448449006 ], [ -121.93597097510478, 37.425967154125367 ], [ -121.934872399631558, 37.426207664728587 ], [ -121.934564925945367, 37.425348366675109 ], [ -121.934257459367785, 37.424489067605506 ], [ -121.933949999898545, 37.423629767519465 ], [ -121.935048540259103, 37.423389265056741 ], [ -121.936147073511279, 37.423148752642334 ], [ -121.937245599654901, 37.422908230276256 ], [ -121.937553094235426, 37.423767522221894 ], [ -121.937860595924974, 37.424626813150724 ] ] ] } },
{ "type": "Feature", "properties": { "id": "6_1", "growth_scenario": "moderate", "market_gravity_weight": 25 }, "geometry": { "type": "Polygon", "coordinates": [ [ [ -121.93109290170851, 37.428888222387492 ], [ -121.932191529027264, 37.428647746166156 ], [ -121.933290149237351, 37.428407259992255 ], [ -121.934388762338571, 37.428166763866031 ], [ -121.934696245646649, 37.42902606158566 ], [ -121.935003736064047, 37.429885358289809 ], [ -121.93390509955141, 37.430125859843812 ], [ -121.932806455929381, 37.430366351445223 ], [ -121.931707805198229, 37.430606833093947 ], [ -121.930609147358197, 37.430847304789957 ], [ -121.930301703765551, 37.429987997230576 ], [ -121.929203050523626, 37.430228456260174 ], [ -121.928895625745966, 37.429369144972291 ], [ -121.929994267281344, 37.429128688656235 ], [ -121.929686837905322, 37.428269379066698 ], [ -121.930785460626396, 37.428028915511383 ], [ -121.93109290170851, 37.428888222387492 ] ] ] } },
{ "type": "Feature", "properties": { "id": "6_10", "growth_scenario": "moderate", "market_gravity_weight": 25 }, "geometry": { "type": "Polygon", "coordinates": [ [ [ -121.475385682512126, 38.662000500889064 ], [ -121.475692957118611, 38.66286080581493 ], [ -121.47457428875947, 38.663097111819106 ], [ -121.474881558425267, 38.663957418812451 ], [ -121.475188835325213, 38.66481772508115 ], [ -121.475496119459521, 38.665678030625308 ], [ -121.475803410828476, 38.666538335445154 ], [ -121.474684686533635, 38.666774642495454 ], [ -121.474377407340484, 38.665914334882913 ], [ -121.474070135381751, 38.665054026546152 ], [ -121.47376287065714, 38.664193717485006 ], [ -121.473455613166436, 38.663333407699277 ], [ -121.473148362909384, 38.662473097188879 ], [ -121.472841119885729, 38.661612785953487 ], [ -121.472533884095242, 38.660752473993135 ], [ -121.473652523164446, 38.660516186489389 ], [ -121.474771155000525, 38.660279888861851 ], [ -121.475078415139507, 38.661140195238076 ], [ -121.475385682512126, 38.662000500889064 ] ] ] } },
{ "type": "Feature", "properties": { "id": "6_11", "growth_scenario": "moderate", "market_gravity_weight": 25 }, "geometry": { "type": "Polygon", "coordinates": [ [ [ -121.486375436828851, 38.662454153614618 ], [ -121.487494057180811, 38.662217740788321 ], [ -121.487801475229986, 38.663078015608157 ], [ -121.488920100517518, 38.66284158986511 ], [ -121.489227537976774, 38.663701861165578 ], [ -121.488108900516394, 38.663938289702408 ], [ -121.488416333040348, 38.664798563071194 ], [ -121.487297676169163, 38.665034984278435 ], [ -121.487605103757346, 38.665895259715803 ], [ -121.486486427474816, 38.66613167359337 ], [ -121.486179012060447, 38.665271395362133 ], [ -121.485871603883353, 38.664411116405894 ], [ -121.484752944711133, 38.664647514572366 ], [ -121.484445555944646, 38.663787232097398 ], [ -121.485564202943294, 38.663550836724404 ], [ -121.485256809240042, 38.66269055631755 ], [ -121.484949422773354, 38.661830275185103 ], [ -121.486068038189302, 38.6615938752755 ], [ -121.486375436828851, 38.662454153614618 ] ] ] } },
{ "type": "Feature", "properties": { "id": "6_12", "growth_scenario": "moderate", "market_gravity_weight": 25 }, "geometry": { "type": "Polygon", "coordinates": [ [ [ -121.492275932954072, 38.662132251897241 ], [ -121.493394529290129, 38.661895785662047 ], [ -121.493702015438188, 38.662756045786622 ], [ -121.492583406930308, 38.66299251481589 ], [ -121.492890888145013, 38.663852777008643 ], [ -121.493198376598457, 38.664713038475639 ], [ -121.492079736507236, 38.664949502970394 ], [ -121.492387220026885, 38.665809766506172 ], [ -121.491268560523864, 38.666046223671948 ], [ -121.49096108917729, 38.665185957341848 ], [ -121.490653625069214, 38.664325690286411 ], [ -121.489534982673788, 38.664562131740503 ], [ -121.489227537976774, 38.663701861165578 ], [ -121.49034616819938, 38.663465422505496 ], [ -121.490038718567547, 38.662605153998854 ], [ -121.491157329379817, 38.662368708009531 ], [ -121.490849874813676, 38.661508441570852 ], [ -121.491968466216107, 38.661271988252473 ], [ -121.492275932954072, 38.662132251897241 ] ] ] } },
{ "type": "Feature", "properties": { "id": "6_13", "growth_scenario": "moderate", "market_gravity_weight": 25 }, "geometry": { "type": "Polygon", "coordinates": [ [ [ -121.985530932710944, 37.494804836234152 ], [ -121.986630358701305, 37.494563872762349 ], [ -121.986938721347485, 37.495423020362445 ], [ -121.987247091128623, 37.496282166957847 ], [ -121.986147641700626, 37.496523135880174 ], [ -121.986456006897782, 37.497382284196618 ], [ -121.985356538615406, 37.497623245887176 ], [ -121.985048185137657, 37.496764094845368 ], [ -121.983948721439987, 37.497005043853356 ], [ -121.982849250607771, 37.497245982904055 ], [ -121.982540927703852, 37.496386825407797 ], [ -121.982232611933952, 37.495527666907321 ], [ -121.983332059327054, 37.495286733306699 ], [ -121.984431499586123, 37.495045789748929 ], [ -121.984123167511868, 37.494186635693978 ], [ -121.985222588917978, 37.493945684904205 ], [ -121.985530932710944, 37.494804836234152 ] ] ] } },
{ "type": "Feature", "properties": { "id": "6_14", "growth_scenario": "moderate", "market_gravity_weight": 25 }, "geometry": { "type": "Polygon", "coordinates": [ [ [ -122.265978672152571, 38.261158327667303 ], [ -122.267088638442374, 38.260914864730807 ], [ -122.267403493743188, 38.261773174384167 ], [ -122.267718356399058, 38.262631483178609 ], [ -122.268828339176153, 38.262388004555199 ], [ -122.269143221108649, 38.263246309661753 ], [ -122.268033226410168, 38.263489791114267 ], [ -122.26692322435612, 38.263733262537464 ], [ -122.265813214946832, 38.263976723931201 ], [ -122.265498368779248, 38.26311841033764 ], [ -122.26438836393703, 38.263361858873054 ], [ -122.264073537046173, 38.26250354159216 ], [ -122.26375871750966, 38.26164522345276 ], [ -122.264868698508266, 38.261401780574658 ], [ -122.264553874404371, 38.260543464404989 ], [ -122.265663836127473, 38.260300014326248 ], [ -122.265978672152571, 38.261158327667303 ] ] ] } },
{ "type": "Feature", "properties": { "id": "6_15", "growth_scenario": "moderate", "market_gravity_weight": 25 }, "geometry": { "type": "Polygon", "coordinates": [ [ [ -121.541956294321523, 38.639588715923402 ], [ -121.543074384884235, 38.639351800267256 ], [ -121.543382360756567, 38.640211935700648 ], [ -121.544500456229017, 38.639975007130531 ], [ -121.544808451505077, 38.640835139033143 ], [ -121.54369034387588, 38.641072070400178 ], [ -121.543998334242403, 38.641932204365972 ], [ -121.542880207208754, 38.642169128412689 ], [ -121.541762072927853, 38.642406042341918 ], [ -121.540643931399984, 38.642642946153558 ], [ -121.540335977505876, 38.641782803797192 ], [ -121.540028030858281, 38.640922660707353 ], [ -121.541146148070922, 38.640685762489198 ], [ -121.540838196512354, 38.639825621462386 ], [ -121.5405302522, 38.63896547970171 ], [ -121.541648337852408, 38.638728576959267 ], [ -121.541956294321523, 38.639588715923402 ] ] ] } },
{ "type": "Feature", "properties": { "id": "6_16", "growth_scenario": "moderate", "market_gravity_weight": 25 }, "geometry": { "type": "Polygon", "coordinates": [ [ [ -121.489534982673788, 38.664562131740503 ], [ -121.490653625069214, 38.664325690286411 ], [ -121.49096108917729, 38.665185957341848 ], [ -121.491268560523864, 38.666046223671948 ], [ -121.490149893782103, 38.666282670714253 ], [ -121.490457360193929, 38.667142939113468 ], [ -121.489338674039871, 38.667379378826467 ], [ -121.488219980647301, 38.667615808415803 ], [ -121.487912538583316, 38.666755534428219 ], [ -121.48679385012673, 38.666991951099696 ], [ -121.486486427474816, 38.66613167359337 ], [ -121.487605103757346, 38.665895259715803 ], [ -121.487297676169163, 38.665034984278435 ], [ -121.488416333040348, 38.664798563071194 ], [ -121.488108900516394, 38.663938289702408 ], [ -121.489227537976774, 38.663701861165578 ], [ -121.489534982673788, 38.664562131740503 ] ] ] } },
{ "type": "Feature", "properties": { "id": "6_17", "growth_scenario": "moderate", "market_gravity_weight": 25 }, "geometry": { "type": "Polygon", "coordinates": [ [ [ -121.48220824023791, 38.664259992472559 ], [ -121.482515604656498, 38.665120280534282 ], [ -121.481396923774597, 38.665356648329542 ], [ -121.481704283254956, 38.66621693845979 ], [ -121.480585582962135, 38.666453298924374 ], [ -121.480892937503796, 38.66731359112336 ], [ -121.479774217799601, 38.667549944257203 ], [ -121.479466875433218, 38.666689649264853 ], [ -121.478348160668446, 38.666925989481186 ], [ -121.47804083771328, 38.666065690971472 ], [ -121.479159540302717, 38.665829353548204 ], [ -121.478852212407844, 38.664969057107086 ], [ -121.477733521993443, 38.665205391737317 ], [ -121.477426213508721, 38.664345091778607 ], [ -121.4785448917483, 38.664108759941215 ], [ -121.479663562752762, 38.66387241797991 ], [ -121.480782226521868, 38.663636065894721 ], [ -121.481089571530319, 38.664496357474583 ], [ -121.48220824023791, 38.664259992472559 ] ] ] } },
{ "type": "Feature", "properties": { "id": "6_18", "growth_scenario": "moderate", "market_gravity_weight": 25 }, "geometry": { "type": "Polygon", "coordinates": [ [ [ -121.545926551886808, 38.640598197548883 ], [ -121.547044645020847, 38.640361245947481 ], [ -121.547352671857553, 38.64122137152183 ], [ -121.547660705942491, 38.642081496362295 ], [ -121.546542588495242, 38.642318453558246 ], [ -121.546850617671637, 38.643178580462425 ], [ -121.545732480818998, 38.64341553033843 ], [ -121.544614336718141, 38.643652470096981 ], [ -121.544306331856433, 38.642792337598202 ], [ -121.543188192665284, 38.643029264441992 ], [ -121.542880207208754, 38.642169128412689 ], [ -121.543998334242403, 38.641932204365972 ], [ -121.54369034387588, 38.641072070400178 ], [ -121.544808451505077, 38.640835139033143 ], [ -121.544500456229017, 38.639975007130531 ], [ -121.545618544454271, 38.6397380684433 ], [ -121.545926551886808, 38.640598197548883 ] ] ] } },
{ "type": "Feature", "properties": { "id": "6_19", "growth_scenario": "moderate", "market_gravity_weight": 25 }, "geometry": { "type": "Polygon", "coordinates": [ [ [ -121.532654139104039, 38.657290567134368 ], [ -121.532962067934747, 38.658150729288764 ], [ -121.531843657022122, 38.658387553632444 ], [ -121.532151580936173, 38.659247717855088 ], [ -121.532459512098086, 38.660107881348637 ], [ -121.531341069608004, 38.660344701167396 ], [ -121.531033150611108, 38.659484534876157 ], [ -121.530725238861862, 38.658624367855957 ], [ -121.529606813454237, 38.658861171959323 ], [ -121.529914713038409, 38.659721341776965 ], [ -121.528796268218329, 38.6599581385574 ], [ -121.528488380799416, 38.659097965942308 ], [ -121.528180500627428, 38.658237792598449 ], [ -121.527872627702067, 38.65737761852543 ], [ -121.52899103602698, 38.657140830136804 ], [ -121.530109437105281, 38.656904031628024 ], [ -121.531227830936672, 38.656667222999197 ], [ -121.531535740355693, 38.657527388680514 ], [ -121.532654139104039, 38.657290567134368 ] ] ] } },
{ "type": "Feature", "properties": { "id": "6_2", "growth_scenario": "moderate", "market_gravity_weight": 25 }, "geometry": { "type": "Polygon", "coordinates": [ [ [ -121.929555767377408, 37.424591677850941 ], [ -121.929863180028221, 37.425450988789791 ], [ -121.930170599786493, 37.426310298712679 ], [ -121.930478026652494, 37.427169607619867 ], [ -121.930785460626396, 37.428028915511383 ], [ -121.929686837905322, 37.428269379066698 ], [ -121.928588208076306, 37.428509832669363 ], [ -121.92828079751439, 37.427650519351239 ], [ -121.927973394059933, 37.426791205017707 ], [ -121.926874780535655, 37.427031643241435 ], [ -121.926567395894395, 37.426172325179451 ], [ -121.927665997712751, 37.425931889668625 ], [ -121.928764592424102, 37.425691444205398 ], [ -121.9284571914785, 37.424832130553511 ], [ -121.92814979763989, 37.423972815885733 ], [ -121.929248361833814, 37.423732365895972 ], [ -121.930346918920762, 37.423491905954151 ], [ -121.930654336169098, 37.424351215196126 ], [ -121.929555767377408, 37.424591677850941 ] ] ] } },
{ "type": "Feature", "properties": { "id": "6_20", "growth_scenario": "moderate", "market_gravity_weight": 25 }, "geometry": { "type": "Polygon", "coordinates": [ [ [ -121.543268547594465, 38.636534472178063 ], [ -121.543576513883153, 38.637394607017811 ], [ -121.54388448741831, 38.638254741123049 ], [ -121.54419246820018, 38.639114874493885 ], [ -121.543074384884235, 38.639351800267256 ], [ -121.541956294321523, 38.639588715923402 ], [ -121.541648337852408, 38.638728576959267 ], [ -121.5405302522, 38.63896547970171 ], [ -121.540222315133647, 38.638105337207051 ], [ -121.53991438531304, 38.63724519397816 ], [ -121.53960646273795, 38.636385050014916 ], [ -121.540724511921539, 38.636148155661317 ], [ -121.54184255385961, 38.635911251190819 ], [ -121.542150500746558, 38.636771389561638 ], [ -121.543268547594465, 38.636534472178063 ] ] ] } },
{ "type": "Feature", "properties": { "id": "6_3", "growth_scenario": "moderate", "market_gravity_weight": 25 }, "geometry": { "type": "Polygon", "coordinates": [ [ [ -121.490431241091002, 38.656970659131225 ], [ -121.490738671641537, 38.657830926409027 ], [ -121.491046109429078, 38.658691192959886 ], [ -121.489927554540714, 38.658927637897293 ], [ -121.490234987394359, 38.659787906514921 ], [ -121.489116413097605, 38.660024344123173 ], [ -121.488808992415315, 38.659164072712066 ], [ -121.487690423053181, 38.659400497404114 ], [ -121.487383021779024, 38.658540222473228 ], [ -121.487075627741135, 38.657679946815747 ], [ -121.485957075485501, 38.657916355798775 ], [ -121.485649700854765, 38.657056076621579 ], [ -121.48676824093927, 38.656819670431517 ], [ -121.487886773788006, 38.656583254118878 ], [ -121.489005299400731, 38.656346827683741 ], [ -121.489312710544141, 38.657207098481919 ], [ -121.490431241091002, 38.656970659131225 ] ] ] } },
{ "type": "Feature", "properties": { "id": "6_4", "growth_scenario": "moderate", "market_gravity_weight": 25 }, "geometry": { "type": "Polygon", "coordinates": [ [ [ -121.480818594049808, 38.636796760506748 ], [ -121.481936839803836, 38.636560398280615 ], [ -121.482244084576436, 38.637420685846998 ], [ -121.483362335264857, 38.637184310710019 ], [ -121.48366959943337, 38.638044594754859 ], [ -121.483976870833118, 38.638904878068828 ], [ -121.48285859581425, 38.63914125878722 ], [ -121.481740313564075, 38.639377629384875 ], [ -121.480622024082891, 38.639613989861779 ], [ -121.480314789179957, 38.638753698175947 ], [ -121.479196504634089, 38.638990045741551 ], [ -121.478889289127551, 38.638129750534802 ], [ -121.480007561507563, 38.637893405759506 ], [ -121.479700341065467, 38.637033112612379 ], [ -121.479393127853399, 38.636172818734394 ], [ -121.480511368672609, 38.635936469418979 ], [ -121.480818594049808, 38.636796760506748 ] ] ] } },
{ "type": "Feature", "properties": { "id": "6_5", "growth_scenario": "moderate", "market_gravity_weight": 25 }, "geometry": { "type": "Polygon", "coordinates": [ [ [ -121.491857207122067, 38.657594474142584 ], [ -121.492975735365349, 38.657358011753729 ], [ -121.493283197493895, 38.658218272717555 ], [ -121.492164657080238, 38.658454737899945 ], [ -121.492472114275856, 38.659315000930334 ], [ -121.492779578709218, 38.660175263234095 ], [ -121.493087050380566, 38.661035524811268 ], [ -121.493394529290129, 38.661895785662047 ], [ -121.492275932954072, 38.662132251897241 ], [ -121.491968466216107, 38.661271988252473 ], [ -121.490849874813676, 38.661508441570852 ], [ -121.490542427485252, 38.660648174406077 ], [ -121.490234987394359, 38.659787906514921 ], [ -121.489927554540714, 38.658927637897293 ], [ -121.491046109429078, 38.658691192959886 ], [ -121.490738671641537, 38.657830926409027 ], [ -121.490431241091002, 38.656970659131225 ], [ -121.491549764401142, 38.65673420965819 ], [ -121.491857207122067, 38.657594474142584 ] ] ] } },
{ "type": "Feature", "properties": { "id": "6_6", "growth_scenario": "moderate", "market_gravity_weight": 25 }, "geometry": { "type": "Polygon", "coordinates": [ [ [ -121.485957075485501, 38.657916355798775 ], [ -121.487075627741135, 38.657679946815747 ], [ -121.487383021779024, 38.658540222473228 ], [ -121.487690423053181, 38.659400497404114 ], [ -121.487997831563874, 38.660260771608584 ], [ -121.488305247311317, 38.661121045086745 ], [ -121.487186646368698, 38.661357465242695 ], [ -121.487494057180811, 38.662217740788321 ], [ -121.486375436828851, 38.662454153614618 ], [ -121.486068038189302, 38.6615938752755 ], [ -121.485760646786304, 38.660733596210541 ], [ -121.4854532626196, 38.659873316419613 ], [ -121.485145885688922, 38.65901303590244 ], [ -121.484838515994056, 38.658152754658992 ], [ -121.484531153534718, 38.657292472688958 ], [ -121.485649700854765, 38.657056076621579 ], [ -121.485957075485501, 38.657916355798775 ] ] ] } },
{ "type": "Feature", "properties": { "id": "6_7", "growth_scenario": "moderate", "market_gravity_weight": 25 }, "geometry": { "type": "Polygon", "coordinates": [ [ [ -121.470800812259128, 38.659268119692847 ], [ -121.46968218307336, 38.659504381365359 ], [ -121.468563546655673, 38.659740632914065 ], [ -121.467444903006282, 38.659976874338753 ], [ -121.467137737610855, 38.65911654903632 ], [ -121.46825636908558, 38.658880310403006 ], [ -121.46937499332887, 38.658644061645695 ], [ -121.470493610340498, 38.658407802764607 ], [ -121.471612220120178, 38.658171533759848 ], [ -121.472730822667728, 38.657935254631397 ], [ -121.473849417982848, 38.657698965379439 ], [ -121.474156656422437, 38.658559273932667 ], [ -121.474463902094911, 38.659419581760098 ], [ -121.474771155000525, 38.660279888861851 ], [ -121.473652523164446, 38.660516186489389 ], [ -121.472533884095242, 38.660752473993135 ], [ -121.472226655537639, 38.659892161307468 ], [ -121.471919434212722, 38.659031847896443 ], [ -121.470800812259128, 38.659268119692847 ] ] ] } },
{ "type": "Feature", "properties": { "id": "6_8", "growth_scenario": "moderate", "market_gravity_weight": 25 }, "geometry": { "type": "Polygon", "coordinates": [ [ [ -121.489116413097605, 38.660024344123173 ], [ -121.490234987394359, 38.659787906514921 ], [ -121.490542427485252, 38.660648174406077 ], [ -121.490849874813676, 38.661508441570852 ], [ -121.491157329379817, 38.662368708009531 ], [ -121.490038718567547, 38.662605153998854 ], [ -121.49034616819938, 38.663465422505496 ], [ -121.489227537976774, 38.663701861165578 ], [ -121.488920100517518, 38.66284158986511 ], [ -121.487801475229986, 38.663078015608157 ], [ -121.487494057180811, 38.662217740788321 ], [ -121.487186646368698, 38.661357465242695 ], [ -121.488305247311317, 38.661121045086745 ], [ -121.487997831563874, 38.660260771608584 ], [ -121.487690423053181, 38.659400497404114 ], [ -121.488808992415315, 38.659164072712066 ], [ -121.489116413097605, 38.660024344123173 ] ] ] } },
{ "type": "Feature", "properties": { "id": "6_9", "growth_scenario": "moderate", "market_gravity_weight": 25 }, "geometry": { "type": "Polygon", "coordinates": [ [ [ -122.267883737510616, 38.259813084081578 ], [ -122.268993677170158, 38.259569603915921 ], [ -122.270103609474731, 38.259326113721492 ], [ -122.270418493182149, 38.260184415747403 ], [ -122.270733384245048, 38.261042716913927 ], [ -122.26962342809982, 38.261286212766286 ], [ -122.269938314597752, 38.262144515902691 ], [ -122.268828339176153, 38.262388004555199 ], [ -122.267718356399058, 38.262631483178609 ], [ -122.267403493743188, 38.261773174384167 ], [ -122.267088638442374, 38.260914864730807 ], [ -122.265978672152571, 38.261158327667303 ], [ -122.265663836127473, 38.260300014326248 ], [ -122.266773790496302, 38.260056554218401 ], [ -122.266458949904759, 38.25919824284675 ], [ -122.267568884998582, 38.258954775538605 ], [ -122.267883737510616, 38.259813084081578 ] ] ] } },
{ "type": "Feature", "properties": { "id": "8_0", "growth_scenario": "moderate", "market_gravity_weight": 25 }, "geometry": { "type": "Polygon", "coordinates": [ [ [ -104.784392990214641, 38.986422986233904 ], [ -104.784500548841493, 38.987311376998456 ], [ -104.783340249844727, 38.987393725664859 ], [ -104.783447797053043, 38.988282117474924 ], [ -104.78355534688761, 38.989170509314114 ], [ -104.782395017174153, 38.989252849168039 ], [ -104.782287481385026, 38.988364456312212 ], [ -104.78217994822181, 38.987476063485516 ], [ -104.781019643973082, 38.987558390460428 ], [ -104.780912127480534, 38.986669996646128 ], [ -104.78080461361337, 38.985781602860513 ], [ -104.781964889772709, 38.985699277918442 ], [ -104.781857364486626, 38.98481088517768 ], [ -104.783017623976249, 38.984728550406615 ], [ -104.784177880840019, 38.984646204790245 ], [ -104.784285434214183, 38.985534595497938 ], [ -104.784392990214641, 38.986422986233904 ] ] ] } },
{ "type": "Feature", "properties": { "id": "8_1", "growth_scenario": "moderate", "market_gravity_weight": 25 }, "geometry": { "type": "Polygon", "coordinates": [ [ [ -104.780589593754783, 38.98400481537449 ], [ -104.78174984182607, 38.983922492465133 ], [ -104.782910087271944, 38.983840158710564 ], [ -104.78407033009205, 38.983757814110739 ], [ -104.784177880840019, 38.984646204790245 ], [ -104.783017623976249, 38.984728550406615 ], [ -104.781857364486626, 38.98481088517768 ], [ -104.781964889772709, 38.985699277918442 ], [ -104.78080461361337, 38.985781602860513 ], [ -104.780912127480534, 38.986669996646128 ], [ -104.779751834651307, 38.986752311758941 ], [ -104.77964433482876, 38.985863916957086 ], [ -104.778484053419206, 38.985946220208042 ], [ -104.778376570265991, 38.985057824418575 ], [ -104.778269089737279, 38.984169428657452 ], [ -104.779429343058396, 38.984087127438642 ], [ -104.779321851110396, 38.983198732721696 ], [ -104.780482087763161, 38.983116421673742 ], [ -104.780589593754783, 38.98400481537449 ] ] ] } },
{ "type": "Feature", "properties": { "id": "8_2", "growth_scenario": "moderate", "market_gravity_weight": 25 }, "geometry": { "type": "Polygon", "coordinates": [ [ [ -104.784823240481316, 38.989976549465695 ], [ -104.784930809614679, 38.990864940346697 ], [ -104.783770454435853, 38.990947293080396 ], [ -104.783878012149714, 38.991835685008034 ], [ -104.783985572490195, 38.992724076965501 ], [ -104.782825186591609, 38.992806420886659 ], [ -104.782717640297903, 38.991918027912256 ], [ -104.782610096630492, 38.991029634967859 ], [ -104.781449736198951, 38.991111966009029 ], [ -104.781342209203927, 38.990223572077774 ], [ -104.78018186019284, 38.990305891256142 ], [ -104.780074349869565, 38.989417496337992 ], [ -104.781234684834686, 38.989335178176006 ], [ -104.782395017174153, 38.989252849168039 ], [ -104.78355534688761, 38.989170509314114 ], [ -104.784715673974745, 38.989088158614123 ], [ -104.785875998435188, 38.989005797068295 ], [ -104.785983578987356, 38.989894186902859 ], [ -104.784823240481316, 38.989976549465695 ] ] ] } },
{ "type": "Feature", "properties": { "id": "12_0", "growth_scenario": "moderate", "market_gravity_weight": 25 }, "geometry": { "type": "Polygon", "coordinates": [ [ [ -80.309852773469771, 25.96500921701886 ], [ -80.309690159728319, 25.965907777016508 ], [ -80.309527542646833, 25.966806334244012 ], [ -80.3085515699468, 25.96665661046957 ], [ -80.308714196772968, 25.965758054360762 ], [ -80.307738237157821, 25.965608322407324 ], [ -80.307575600587086, 25.966506877397308 ], [ -80.306599634567888, 25.966357135027319 ], [ -80.305623671889393, 25.966207383359624 ], [ -80.305786327948951, 25.965308830607423 ], [ -80.304810378355612, 25.96515907076104 ], [ -80.304973040818453, 25.964260516357449 ], [ -80.305948980667722, 25.964410275084855 ], [ -80.30611163004582, 25.96351171679181 ], [ -80.307087563491791, 25.963661465102902 ], [ -80.306924923857693, 25.964560024514764 ], [ -80.307900870388139, 25.964709764647139 ], [ -80.308876820258888, 25.964859495481793 ], [ -80.309039440404717, 25.963960933832439 ], [ -80.310015383871303, 25.964110654250849 ], [ -80.309852773469771, 25.96500921701886 ] ] ] } },
{ "type": "Feature", "properties": { "id": "12_1", "growth_scenario": "moderate", "market_gravity_weight": 25 }, "geometry": { "type": "Polygon", "coordinates": [ [ [ -80.305623671889393, 25.966207383359624 ], [ -80.306599634567888, 25.966357135027319 ], [ -80.307575600587086, 25.966506877397308 ], [ -80.307412960675862, 25.967405429617159 ], [ -80.307250317424007, 25.968303979067105 ], [ -80.306274331915304, 25.968154234459256 ], [ -80.305298349747503, 25.968004480553567 ], [ -80.304322370920801, 25.967854717350097 ], [ -80.303346395435383, 25.967704944848872 ], [ -80.303509077665993, 25.966806399875168 ], [ -80.302533115266471, 25.966656619195398 ], [ -80.302695803899965, 25.965758072570697 ], [ -80.303671756555232, 25.965907852131267 ], [ -80.30464771255177, 25.966057622394281 ], [ -80.304810378355612, 25.96515907076104 ], [ -80.305786327948951, 25.965308830607423 ], [ -80.305623671889393, 25.966207383359624 ] ] ] } },
{ "type": "Feature", "properties": { "id": "12_2", "growth_scenario": "moderate", "market_gravity_weight": 25 }, "geometry": { "type": "Polygon", "coordinates": [ [ [ -80.307250199785514, 25.962762902920367 ], [ -80.308226126827961, 25.962912640815222 ], [ -80.308063500278152, 25.963811204116471 ], [ -80.307087563491791, 25.963661465102902 ], [ -80.30611163004582, 25.96351171679181 ], [ -80.305948980667722, 25.964410275084855 ], [ -80.304973040818453, 25.964260516357449 ], [ -80.304810378355612, 25.96515907076104 ], [ -80.30383443210323, 25.965009301617119 ], [ -80.303997104310056, 25.964110748332509 ], [ -80.304159773175812, 25.963212192277247 ], [ -80.305135699940436, 25.963361959183285 ], [ -80.305298355721646, 25.962463399238345 ], [ -80.305461008162183, 25.961564836522612 ], [ -80.30562365726216, 25.960666271035798 ], [ -80.306599558137023, 25.960816025288025 ], [ -80.307575462352162, 25.960965770242925 ], [ -80.307412832738919, 25.961864337967128 ], [ -80.307250199785514, 25.962762902920367 ] ] ] } },
{ "type": "Feature", "properties": { "id": "13_0", "growth_scenario": "moderate", "market_gravity_weight": 25 }, "geometry": { "type": "Polygon", "coordinates": [ [ [ -83.97911491238068, 34.885376345085788 ], [ -83.978975747571383, 34.886263078289616 ], [ -83.977881431733437, 34.88615030570687 ], [ -83.977742251321644, 34.887037036735741 ], [ -83.976647926291633, 34.886924252733941 ], [ -83.975553604467336, 34.886811458508078 ], [ -83.975414396054944, 34.887698186166695 ], [ -83.974320065039208, 34.887585380521521 ], [ -83.974459285848994, 34.8866986540583 ], [ -83.974598503452555, 34.885811926614927 ], [ -83.974737717849948, 34.884925198191347 ], [ -83.975832011674285, 34.885038000250667 ], [ -83.975971210469083, 34.884151269651539 ], [ -83.977065495102465, 34.884264060291969 ], [ -83.978159782941219, 34.884376840708725 ], [ -83.978020608939929, 34.885263573697941 ], [ -83.97911491238068, 34.885376345085788 ] ] ] } },
{ "type": "Feature", "properties": { "id": "13_1", "growth_scenario": "moderate", "market_gravity_weight": 25 }, "geometry": { "type": "Polygon", "coordinates": [ [ [ -83.846804381075628, 34.948267806402875 ], [ -83.846663577833027, 34.949154324424896 ], [ -83.84652277134559, 34.950040841476756 ], [ -83.845427743601732, 34.949926840586869 ], [ -83.844332719103122, 34.949812829468712 ], [ -83.84323769785, 34.94969880812252 ], [ -83.842142679842638, 34.949584776548157 ], [ -83.842001820474792, 34.950471287787074 ], [ -83.84090679330491, 34.950357244773663 ], [ -83.841047665081362, 34.949470734745773 ], [ -83.841188533611472, 34.948584223747631 ], [ -83.841329398895354, 34.947697711779078 ], [ -83.8424243888403, 34.947811751159612 ], [ -83.842283535964455, 34.948698264339065 ], [ -83.843378541563368, 34.948812294702535 ], [ -83.844473550407955, 34.948926314838047 ], [ -83.844614378467412, 34.948039799237087 ], [ -83.84570937814901, 34.94815380793397 ], [ -83.845850190555083, 34.947267290152048 ], [ -83.846945181073494, 34.947381287410508 ], [ -83.846804381075628, 34.948267806402875 ] ] ] } },
{ "type": "Feature", "properties": { "id": "13_10", "growth_scenario": "moderate", "market_gravity_weight": 25 }, "geometry": { "type": "Polygon", "coordinates": [ [ [ -84.032944974818733, 34.149081295567314 ], [ -84.032807741516791, 34.149968833380214 ], [ -84.033891778363213, 34.15008118725153 ], [ -84.034975818340229, 34.150193530983273 ], [ -84.036059861447541, 34.150305864575294 ], [ -84.035922661517588, 34.151193404732702 ], [ -84.034838606242545, 34.151081069981984 ], [ -84.034701391014437, 34.15196860784912 ], [ -84.034564172655834, 34.152856144584767 ], [ -84.033480096175182, 34.15274379737653 ], [ -84.033617326701957, 34.151856261799772 ], [ -84.033754554097925, 34.150968725091467 ], [ -84.032670505083999, 34.150856370061241 ], [ -84.031586459201037, 34.15074400489133 ], [ -84.03172370780122, 34.149856469369276 ], [ -84.030639677216783, 34.149744095218779 ], [ -84.030776934852852, 34.148856559723832 ], [ -84.029692919566727, 34.148744176592956 ], [ -84.029830186238172, 34.14785664112501 ], [ -84.030914189357674, 34.147969023096763 ], [ -84.031998195608338, 34.148081394929228 ], [ -84.031860953270296, 34.14896893271532 ], [ -84.032944974818733, 34.149081295567314 ] ] ] } },
{ "type": "Feature", "properties": { "id": "13_11", "growth_scenario": "moderate", "market_gravity_weight": 25 }, "geometry": { "type": "Polygon", "coordinates": [ [ [ -83.921838034919418, 33.978758453682964 ], [ -83.921699836813787, 33.979646048960539 ], [ -83.920618331507868, 33.979532623170563 ], [ -83.91953682934772, 33.979419187263076 ], [ -83.919398603882698, 33.980306779046117 ], [ -83.919260375271563, 33.981194369659597 ], [ -83.918178852043638, 33.981080921309371 ], [ -83.918317092761825, 33.980193331858509 ], [ -83.917235584787363, 33.980079874553446 ], [ -83.917373834465806, 33.979192285095806 ], [ -83.917512080997682, 33.97830469446842 ], [ -83.917650324383089, 33.97741710267114 ], [ -83.918731796038358, 33.977530556488077 ], [ -83.919813270839725, 33.977644000187823 ], [ -83.920894748786921, 33.977757433770336 ], [ -83.920756541720223, 33.97864502905535 ], [ -83.921838034919418, 33.978758453682964 ] ] ] } },
{ "type": "Feature", "properties": { "id": "13_12", "growth_scenario": "moderate", "market_gravity_weight": 25 }, "geometry": { "type": "Polygon", "coordinates": [ [ [ -83.915763916266016, 33.975414982231527 ], [ -83.916845357417245, 33.975528453957196 ], [ -83.917926801714898, 33.975641915565966 ], [ -83.917788564622114, 33.976529509703653 ], [ -83.916707108218972, 33.976416046932286 ], [ -83.916568855874175, 33.977303638737013 ], [ -83.916430600382753, 33.978191229371596 ], [ -83.91629234174458, 33.979078818836186 ], [ -83.91521085217019, 33.978965342459233 ], [ -83.915349122914549, 33.978077754157546 ], [ -83.914267648593338, 33.977964268826341 ], [ -83.914405928296489, 33.977076680517555 ], [ -83.914544204852504, 33.976189091038457 ], [ -83.913462757889718, 33.976075597916143 ], [ -83.913601043403816, 33.975188008429591 ], [ -83.91468247826144, 33.975301500388973 ], [ -83.914820748523439, 33.974413908568813 ], [ -83.915902174422996, 33.974527389248586 ], [ -83.915763916266016, 33.975414982231527 ] ] ] } },
{ "type": "Feature", "properties": { "id": "13_13", "growth_scenario": "moderate", "market_gravity_weight": 25 }, "geometry": { "type": "Polygon", "coordinates": [ [ [ -84.550349960710577, 33.680514014257966 ], [ -84.550219417326446, 33.681402688386747 ], [ -84.551297693587458, 33.681510273505729 ], [ -84.551167159296199, 33.682398947510357 ], [ -84.551036622042716, 33.683287620299673 ], [ -84.549958321670871, 33.683180032997775 ], [ -84.550088870979906, 33.682291361299946 ], [ -84.549010585626121, 33.68218376499069 ], [ -84.548880024261635, 33.683072435596891 ], [ -84.548749459934285, 33.683961104987802 ], [ -84.54767115343229, 33.683853496396232 ], [ -84.547801729815262, 33.682964828097006 ], [ -84.547932303235086, 33.682076158582525 ], [ -84.546854023807086, 33.681968542075502 ], [ -84.546984606318858, 33.681079872437259 ], [ -84.548062873691876, 33.681187487852476 ], [ -84.548193441185745, 33.680298815906781 ], [ -84.549271699466871, 33.680406420131739 ], [ -84.549402251943363, 33.679517745878613 ], [ -84.550480501132398, 33.679625338913418 ], [ -84.550349960710577, 33.680514014257966 ] ] ] } },
{ "type": "Feature", "properties": { "id": "13_2", "growth_scenario": "moderate", "market_gravity_weight": 25 }, "geometry": { "type": "Polygon", "coordinates": [ [ [ -84.156080242130926, 33.927326055877352 ], [ -84.155944799503757, 33.928213986566462 ], [ -84.154863669721053, 33.928102741595225 ], [ -84.153782543020355, 33.92799148650667 ], [ -84.15364707309881, 33.928879413744653 ], [ -84.153511600094916, 33.929767339808222 ], [ -84.152430452263886, 33.929656072325386 ], [ -84.151349307515559, 33.929544794725068 ], [ -84.151484804732206, 33.928656870938681 ], [ -84.151620298865978, 33.927768945977824 ], [ -84.151755789916933, 33.926881019842348 ], [ -84.15283689834709, 33.926992294026874 ], [ -84.152972374209838, 33.926104365578126 ], [ -84.154053473616756, 33.926215628507038 ], [ -84.155134576105723, 33.926326881318907 ], [ -84.154999124454349, 33.927214812044362 ], [ -84.156080242130926, 33.927326055877352 ] ] ] } },
{ "type": "Feature", "properties": { "id": "13_3", "growth_scenario": "moderate", "market_gravity_weight": 25 }, "geometry": { "type": "Polygon", "coordinates": [ [ [ -84.007914967410954, 33.82718444969607 ], [ -84.007778015071665, 33.828072321590987 ], [ -84.00669848278126, 33.827959677707163 ], [ -84.00656151526475, 33.828847547255492 ], [ -84.006424544636431, 33.829735415605491 ], [ -84.00534499132624, 33.829622759322639 ], [ -84.004265441128268, 33.829510092937149 ], [ -84.004402435888252, 33.828622226883851 ], [ -84.004539427535889, 33.827734359632124 ], [ -84.003459904581462, 33.827621685440988 ], [ -84.003596905181965, 33.826733818139047 ], [ -84.004676416071248, 33.826846491181733 ], [ -84.004813401494459, 33.825958621532607 ], [ -84.005892903430905, 33.826071283324787 ], [ -84.006972408479143, 33.82618393501474 ], [ -84.006835447186006, 33.827071806960291 ], [ -84.007914967410954, 33.82718444969607 ] ] ] } },
{ "type": "Feature", "properties": { "id": "13_4", "growth_scenario": "moderate", "market_gravity_weight": 25 }, "geometry": { "type": "Polygon", "coordinates": [ [ [ -84.021352039257778, 34.053186900649145 ], [ -84.022434712926042, 34.053299375048901 ], [ -84.022297528601726, 34.054187006145135 ], [ -84.022160341151576, 34.055074636089586 ], [ -84.023243042219136, 34.055187102672875 ], [ -84.023105863780202, 34.056074732621724 ], [ -84.02202315057545, 34.055962264882375 ], [ -84.020940440496759, 34.055849787014488 ], [ -84.019857733544384, 34.055737299018034 ], [ -84.018775029718626, 34.055624800892978 ], [ -84.018912256705633, 34.054737175568768 ], [ -84.019049480565911, 34.053849549092774 ], [ -84.020132160118223, 34.053962044905255 ], [ -84.020269368715518, 34.053074416121099 ], [ -84.020406574186538, 34.052186786184805 ], [ -84.021489232592629, 34.052299269556798 ], [ -84.021352039257778, 34.053186900649145 ] ] ] } },
{ "type": "Feature", "properties": { "id": "13_5", "growth_scenario": "moderate", "market_gravity_weight": 25 }, "geometry": { "type": "Polygon", "coordinates": [ [ [ -84.020683637520492, 34.114443262769861 ], [ -84.021767162139568, 34.114555734809223 ], [ -84.021629862257456, 34.115443297260562 ], [ -84.022713402163063, 34.115555760323133 ], [ -84.022576111306009, 34.116443322793828 ], [ -84.021492559244393, 34.116330858572752 ], [ -84.02135525310031, 34.117218418745779 ], [ -84.020271692013623, 34.117105943230563 ], [ -84.020134370581985, 34.117993501106028 ], [ -84.019050800470396, 34.117881014296458 ], [ -84.019188134058339, 34.116993457579824 ], [ -84.018104579234759, 34.116880961793548 ], [ -84.018241921846936, 34.115993405096845 ], [ -84.019325464514608, 34.116105899724211 ], [ -84.019462791839288, 34.115218340729385 ], [ -84.019600116032493, 34.11433078059526 ], [ -84.019737437094349, 34.113443219321624 ], [ -84.020820946427094, 34.113555700337571 ], [ -84.020683637520492, 34.114443262769861 ] ] ] } },
{ "type": "Feature", "properties": { "id": "13_6", "growth_scenario": "moderate", "market_gravity_weight": 25 }, "geometry": { "type": "Polygon", "coordinates": [ [ [ -84.012580869697189, 34.102779859034598 ], [ -84.012443485858924, 34.103667423586735 ], [ -84.012306098888303, 34.104554986996966 ], [ -84.012168708785268, 34.10544254926554 ], [ -84.013252095835085, 34.105555102087727 ], [ -84.013114714751723, 34.106442664373724 ], [ -84.012977330535975, 34.107330225518403 ], [ -84.011893919181418, 34.107217670378112 ], [ -84.010810510959615, 34.107105105103621 ], [ -84.009727105870866, 34.106992529694928 ], [ -84.009864526543794, 34.106104972027751 ], [ -84.010001944083527, 34.105217413219094 ], [ -84.011085324867992, 34.105329986309279 ], [ -84.011222727122885, 34.104442425199792 ], [ -84.01136012624508, 34.103554862948585 ], [ -84.011497522234663, 34.102667299555435 ], [ -84.011634915091747, 34.101779735020109 ], [ -84.012718250403211, 34.101892293340406 ], [ -84.012580869697189, 34.102779859034598 ] ] ] } },
{ "type": "Feature", "properties": { "id": "13_7", "growth_scenario": "moderate", "market_gravity_weight": 25 }, "geometry": { "type": "Polygon", "coordinates": [ [ [ -84.042714234958495, 34.142879415956003 ], [ -84.042577124023225, 34.143766972095193 ], [ -84.042440009960103, 34.14465452710148 ], [ -84.041356036375461, 34.144542252314473 ], [ -84.041218907018006, 34.145429805030155 ], [ -84.04013492439536, 34.145317518946051 ], [ -84.040272065919069, 34.144429967388284 ], [ -84.039188098591154, 34.144317672322941 ], [ -84.039325249152256, 34.143430120790455 ], [ -84.03946239658471, 34.142542568124796 ], [ -84.040546339581113, 34.142654860874174 ], [ -84.04068347171966, 34.141767305917426 ], [ -84.041767405678883, 34.14187958737002 ], [ -84.042851342766014, 34.141991858683745 ], [ -84.043935282980783, 34.142104119858523 ], [ -84.043798187338936, 34.142991678288396 ], [ -84.042714234958495, 34.142879415956003 ] ] ] } },
{ "type": "Feature", "properties": { "id": "13_8", "growth_scenario": "moderate", "market_gravity_weight": 25 }, "geometry": { "type": "Polygon", "coordinates": [ [ [ -84.031079447430955, 34.132655992356042 ], [ -84.030942221817583, 34.133543545940583 ], [ -84.03202602717748, 34.133655919511362 ], [ -84.031888810596357, 34.134543473118988 ], [ -84.031751590885378, 34.135431025591529 ], [ -84.030667761200704, 34.135318649703862 ], [ -84.030530526196998, 34.136206199883041 ], [ -84.02944668747989, 34.136093812698931 ], [ -84.029583934646269, 34.135206263678349 ], [ -84.029721178682166, 34.134318713522774 ], [ -84.028637367420515, 34.134206318518096 ], [ -84.028774620488079, 34.133318768385919 ], [ -84.027690824518999, 34.133206364402191 ], [ -84.02782808661766, 34.132318814293285 ], [ -84.028911870425077, 34.132431217118409 ], [ -84.029995657362932, 34.132543609806007 ], [ -84.030132892007998, 34.131656056244395 ], [ -84.031216669914414, 34.131768437636055 ], [ -84.031079447430955, 34.132655992356042 ] ] ] } },
{ "type": "Feature", "properties": { "id": "13_9", "growth_scenario": "moderate", "market_gravity_weight": 25 }, "geometry": { "type": "Polygon", "coordinates": [ [ [ -83.961876730673595, 34.166944239728629 ], [ -83.962960901337539, 34.16705725365243 ], [ -83.962822837873276, 34.167944688880773 ], [ -83.962684771258779, 34.168832122979197 ], [ -83.962546701493963, 34.169719555947957 ], [ -83.961462494324834, 34.169606538525052 ], [ -83.961324409240632, 34.170493969197793 ], [ -83.960240193053394, 34.170380940468249 ], [ -83.960378290306409, 34.169493510962035 ], [ -83.95929408943897, 34.169380473258968 ], [ -83.959432195709454, 34.168493043789759 ], [ -83.959570298828808, 34.167605613190723 ], [ -83.960654475359632, 34.167718648560594 ], [ -83.960792563160041, 34.166831215665013 ], [ -83.960930647809803, 34.165943781639264 ], [ -83.962014803155611, 34.166056804536488 ], [ -83.961876730673595, 34.166944239728629 ] ] ] } },
{ "type": "Feature", "properties": { "id": "17_0", "growth_scenario": "moderate", "market_gravity_weight": 25 }, "geometry": { "type": "Polygon", "coordinates": [ [ [ -88.423194718876346, 41.69028005523645 ], [ -88.423098332929385, 41.691170862259717 ], [ -88.421891961903285, 41.691099682552753 ], [ -88.421795558292871, 41.691990489375961 ], [ -88.420589174498019, 41.691919297395174 ], [ -88.419382793151144, 41.691848094111677 ], [ -88.419479227193946, 41.690957289230823 ], [ -88.41827286351149, 41.690886075615929 ], [ -88.418369310321708, 41.689995272477184 ], [ -88.419575658788489, 41.690066485120717 ], [ -88.419672087934856, 41.689175681781194 ], [ -88.42087842363442, 41.689246882151082 ], [ -88.422084761781676, 41.689318071218658 ], [ -88.423291102376254, 41.689389248983822 ], [ -88.424497445417771, 41.689460415446597 ], [ -88.42440107713351, 41.690351222669896 ], [ -88.423194718876346, 41.69028005523645 ] ] ] } },
{ "type": "Feature", "properties": { "id": "17_1", "growth_scenario": "moderate", "market_gravity_weight": 25 }, "geometry": { "type": "Polygon", "coordinates": [ [ [ -88.425607437837343, 41.690422378800783 ], [ -88.425511082322572, 41.691313187765417 ], [ -88.424304706402609, 41.691242030663943 ], [ -88.424208333224982, 41.692132839428908 ], [ -88.423001944535315, 41.692061670053846 ], [ -88.422905553694036, 41.692952478619176 ], [ -88.42280916040545, 41.693843287955907 ], [ -88.421602743729181, 41.693772105335967 ], [ -88.421699152234865, 41.69288129697027 ], [ -88.4204927532234, 41.692810104018385 ], [ -88.420589174498019, 41.691919297395174 ], [ -88.421795558292871, 41.691990489375961 ], [ -88.421891961903285, 41.691099682552753 ], [ -88.423098332929385, 41.691170862259717 ], [ -88.423194718876346, 41.69028005523645 ], [ -88.42440107713351, 41.690351222669896 ], [ -88.424497445417771, 41.689460415446597 ], [ -88.423291102376254, 41.689389248983822 ], [ -88.423387483429252, 41.688498443501587 ], [ -88.424593811255477, 41.688569608993674 ], [ -88.425800141528157, 41.6886407631835 ], [ -88.425703790905843, 41.689531570606881 ], [ -88.425607437837343, 41.690422378800783 ] ] ] } },
{ "type": "Feature", "properties": { "id": "17_10", "growth_scenario": "moderate", "market_gravity_weight": 25 }, "geometry": { "type": "Polygon", "coordinates": [ [ [ -87.884539931769638, 42.304246631096127 ], [ -87.885756363366681, 42.304322901374945 ], [ -87.885652245899422, 42.305213933255693 ], [ -87.885548125766661, 42.306104966073264 ], [ -87.885444002968299, 42.306995999827869 ], [ -87.88422752500054, 42.306919726358061 ], [ -87.883011049698851, 42.306843441489967 ], [ -87.881794577063644, 42.306767145223766 ], [ -87.881898746233588, 42.305876114660769 ], [ -87.882002912736766, 42.304985085034652 ], [ -87.882107076573277, 42.304094056345157 ], [ -87.88332350283838, 42.304170349419472 ], [ -87.883427648552413, 42.303279320602542 ], [ -87.884644062027647, 42.303355601215436 ], [ -87.884539931769638, 42.304246631096127 ] ] ] } },
{ "type": "Feature", "properties": { "id": "17_11", "growth_scenario": "moderate", "market_gravity_weight": 25 }, "geometry": { "type": "Polygon", "coordinates": [ [ [ -88.792286945254361, 41.949055522699865 ], [ -88.792194906002734, 41.949946855125575 ], [ -88.790983703844887, 41.949879116267368 ], [ -88.790891646899254, 41.950770448612403 ], [ -88.789680431740152, 41.950702697466149 ], [ -88.788469218928029, 41.950634934965045 ], [ -88.787258008463269, 41.95056716110917 ], [ -88.78604680034627, 41.950499375898403 ], [ -88.786138918682425, 41.949608047287441 ], [ -88.787350111451929, 41.949675831564406 ], [ -88.787442212092913, 41.948784502871966 ], [ -88.78865339186288, 41.948852274860805 ], [ -88.788745474809474, 41.947960946086795 ], [ -88.789956641579707, 41.948028705787706 ], [ -88.791167810696678, 41.948096454134244 ], [ -88.791075758443981, 41.948987784774729 ], [ -88.792286945254361, 41.949055522699865 ] ] ] } },
{ "type": "Feature", "properties": { "id": "17_12", "growth_scenario": "moderate", "market_gravity_weight": 25 }, "geometry": { "type": "Polygon", "coordinates": [ [ [ -88.793130024719716, 41.952688587820703 ], [ -88.793037991432172, 41.953579924590649 ], [ -88.791826725534094, 41.953512193355088 ], [ -88.791734674550952, 41.954403530045461 ], [ -88.790523395649956, 41.95433578652122 ], [ -88.790615461982483, 41.953444450764152 ], [ -88.789404200777753, 41.953376696817898 ], [ -88.789496280112346, 41.952485362847625 ], [ -88.78828503660371, 41.952417598479528 ], [ -88.788377128939587, 41.951526266295879 ], [ -88.789588357099788, 41.951594029730458 ], [ -88.790799587607054, 41.951661781810031 ], [ -88.790891646899254, 41.950770448612403 ], [ -88.792102864404967, 41.950838188403687 ], [ -88.793314084256892, 41.950905916840071 ], [ -88.793222055661261, 41.951797251903884 ], [ -88.793130024719716, 41.952688587820703 ] ] ] } },
{ "type": "Feature", "properties": { "id": "17_13", "growth_scenario": "moderate", "market_gravity_weight": 25 }, "geometry": { "type": "Polygon", "coordinates": [ [ [ -88.796012510623925, 41.948367333975561 ], [ -88.795920519760131, 41.949258668347305 ], [ -88.797131715952304, 41.949326360853682 ], [ -88.797039738091442, 41.950217697010139 ], [ -88.795828526551446, 41.950150003571302 ], [ -88.794617317356398, 41.950082298777588 ], [ -88.793406110506695, 41.950014582628974 ], [ -88.792194906002734, 41.949946855125575 ], [ -88.792286945254361, 41.949055522699865 ], [ -88.791075758443981, 41.948987784774729 ], [ -88.791167810696678, 41.948096454134244 ], [ -88.79237898215996, 41.948164191126324 ], [ -88.792471016719631, 41.947272860404695 ], [ -88.79368217518207, 41.947340585109487 ], [ -88.794893335989968, 41.947408298459891 ], [ -88.794801332123981, 41.948299631047021 ], [ -88.796012510623925, 41.948367333975561 ] ] ] } },
{ "type": "Feature", "properties": { "id": "17_14", "growth_scenario": "moderate", "market_gravity_weight": 25 }, "geometry": { "type": "Polygon", "coordinates": [ [ [ -88.858519474405583, 41.313804189521647 ], [ -88.859719820583777, 41.313871250540579 ], [ -88.859629461749876, 41.314762041264743 ], [ -88.859539100633299, 41.315652832662387 ], [ -88.860739479245836, 41.315719884238895 ], [ -88.860649130922937, 41.316610677212807 ], [ -88.859448737233976, 41.316543624733811 ], [ -88.85824834582786, 41.316476561007185 ], [ -88.857047956704946, 41.316409486032882 ], [ -88.857138350256903, 41.315518695766841 ], [ -88.85593797849377, 41.315451610447845 ], [ -88.856028384838027, 41.314560821758405 ], [ -88.856118788898485, 41.313670033742277 ], [ -88.857319130510376, 41.313737117255556 ], [ -88.857409517212062, 41.312846329009822 ], [ -88.858609846032124, 41.312913400373283 ], [ -88.858519474405583, 41.313804189521647 ] ] ] } },
{ "type": "Feature", "properties": { "id": "17_15", "growth_scenario": "moderate", "market_gravity_weight": 25 }, "geometry": { "type": "Polygon", "coordinates": [ [ [ -88.382553825394083, 42.153291483532328 ], [ -88.383768152328003, 42.153363069832587 ], [ -88.383670622461935, 42.154254319961922 ], [ -88.382456280111356, 42.154182732668509 ], [ -88.382358732335703, 42.155073982708011 ], [ -88.38357309010334, 42.155145570994705 ], [ -88.384787450363604, 42.155217147899087 ], [ -88.384689930929923, 42.156108400828657 ], [ -88.383475555252133, 42.156036822931149 ], [ -88.3833780179082, 42.156928075771532 ], [ -88.382163629305282, 42.156856485498167 ], [ -88.382066074050329, 42.157747738249363 ], [ -88.380851672522496, 42.157676135599907 ], [ -88.380949243195573, 42.156784883842285 ], [ -88.381046811375072, 42.155893632988743 ], [ -88.381144377061077, 42.155002383039005 ], [ -88.381241940253688, 42.154111133992856 ], [ -88.38133950095299, 42.153219885850021 ], [ -88.381437059159069, 42.152328638610278 ], [ -88.382651368184, 42.15240023529924 ], [ -88.382553825394083, 42.153291483532328 ] ] ] } },
{ "type": "Feature", "properties": { "id": "17_2", "growth_scenario": "moderate", "market_gravity_weight": 25 }, "geometry": { "type": "Polygon", "coordinates": [ [ [ -88.480948412918877, 41.683813379491539 ], [ -88.48215471835681, 41.683884005065174 ], [ -88.483361026222454, 41.683954619336141 ], [ -88.483265412677596, 41.684845465262114 ], [ -88.482059089595651, 41.684774850028148 ], [ -88.481963458406696, 41.685665695761365 ], [ -88.480757122535948, 41.685595068261335 ], [ -88.480661473702142, 41.68648591380186 ], [ -88.47945512504279, 41.686415274035468 ], [ -88.47955078909348, 41.685524429458354 ], [ -88.479646450715535, 41.68463358565171 ], [ -88.478440134918117, 41.684562936509387 ], [ -88.477233821549632, 41.684492276064312 ], [ -88.477329511175071, 41.683601434955008 ], [ -88.477425198371279, 41.682710594615578 ], [ -88.47863148130827, 41.682781253133371 ], [ -88.478535809327624, 41.683672094436439 ], [ -88.479742109909012, 41.683742742615294 ], [ -88.479837766674024, 41.682851900348801 ], [ -88.481044054468157, 41.682922536261785 ], [ -88.480948412918877, 41.683813379491539 ] ] ] } },
{ "type": "Feature", "properties": { "id": "17_3", "growth_scenario": "moderate", "market_gravity_weight": 25 }, "geometry": { "type": "Polygon", "coordinates": [ [ [ -88.482978557478177, 41.687518007663066 ], [ -88.482882934223099, 41.688408856671941 ], [ -88.481676550272141, 41.688338237585377 ], [ -88.48158090937109, 41.689229086402207 ], [ -88.480374512630178, 41.689158455048826 ], [ -88.480470168749349, 41.688267607195378 ], [ -88.479263789655107, 41.68819696550193 ], [ -88.479359458563366, 41.687306119383202 ], [ -88.478153097115595, 41.687235467350149 ], [ -88.478248778812201, 41.686344622965983 ], [ -88.47945512504279, 41.686415274035468 ], [ -88.480661473702142, 41.68648591380186 ], [ -88.480757122535948, 41.685595068261335 ], [ -88.481963458406696, 41.685665695761365 ], [ -88.483169796705312, 41.685736311958436 ], [ -88.483074178305543, 41.68662715942537 ], [ -88.482978557478177, 41.687518007663066 ] ] ] } },
{ "type": "Feature", "properties": { "id": "17_4", "growth_scenario": "moderate", "market_gravity_weight": 25 }, "geometry": { "type": "Polygon", "coordinates": [ [ [ -88.487899616640433, 41.68690951503411 ], [ -88.487804056683771, 41.687800367123018 ], [ -88.486597678242163, 41.687729794213162 ], [ -88.486502100641118, 41.688620646110728 ], [ -88.485295709407978, 41.688550060934638 ], [ -88.484089320601839, 41.688479464455057 ], [ -88.483993710137284, 41.689370315198317 ], [ -88.482787308540253, 41.689299706452097 ], [ -88.482882934223099, 41.688408856671941 ], [ -88.482978557478177, 41.687518007663066 ], [ -88.483074178305543, 41.68662715942537 ], [ -88.484280534248825, 41.686697765282403 ], [ -88.484376137431454, 41.685806916852485 ], [ -88.485582480584711, 41.685877510443504 ], [ -88.486788826164684, 41.685948092731408 ], [ -88.486693253416661, 41.686838943086805 ], [ -88.487899616640433, 41.68690951503411 ] ] ] } },
{ "type": "Feature", "properties": { "id": "17_5", "growth_scenario": "moderate", "market_gravity_weight": 25 }, "geometry": { "type": "Polygon", "coordinates": [ [ [ -88.484662932416953, 41.683134376185556 ], [ -88.485869229920752, 41.683204966888326 ], [ -88.485773649235327, 41.684095813969826 ], [ -88.486979964381774, 41.684166394332514 ], [ -88.486884396486374, 41.68505724314673 ], [ -88.486788826164684, 41.685948092731408 ], [ -88.485582480584711, 41.685877510443504 ], [ -88.484376137431454, 41.685806916852485 ], [ -88.483169796705312, 41.685736311958436 ], [ -88.483265412677596, 41.684845465262114 ], [ -88.483361026222454, 41.683954619336141 ], [ -88.48215471835681, 41.683884005065174 ], [ -88.482250344690272, 41.682993160872243 ], [ -88.483456637339998, 41.683063774180177 ], [ -88.483552246030314, 41.682172929794049 ], [ -88.484758525891621, 41.682243530836651 ], [ -88.484662932416953, 41.683134376185556 ] ] ] } },
{ "type": "Feature", "properties": { "id": "17_6", "growth_scenario": "moderate", "market_gravity_weight": 25 }, "geometry": { "type": "Polygon", "coordinates": [ [ [ -87.561422581396329, 41.685856103948353 ], [ -87.562627940187838, 41.685935345920875 ], [ -87.56252064076233, 41.686825467812106 ], [ -87.562413338614888, 41.687715590454516 ], [ -87.563618730463347, 41.687794823303285 ], [ -87.563511440761971, 41.688684947776892 ], [ -87.562306033745401, 41.688605713848233 ], [ -87.562198726153738, 41.689495837993533 ], [ -87.562091415839845, 41.690385962890673 ], [ -87.560885981208244, 41.690306715518176 ], [ -87.560993306690918, 41.689416591701132 ], [ -87.561100629450976, 41.688526468635857 ], [ -87.559895227879082, 41.688447212139884 ], [ -87.560002563084524, 41.687557090906317 ], [ -87.560109895567138, 41.686666970423978 ], [ -87.560217225327051, 41.685776850692605 ], [ -87.560324552364364, 41.684886731712091 ], [ -87.561529893266865, 41.684965983887764 ], [ -87.561422581396329, 41.685856103948353 ] ] ] } },
{ "type": "Feature", "properties": { "id": "17_7", "growth_scenario": "moderate", "market_gravity_weight": 25 }, "geometry": { "type": "Polygon", "coordinates": [ [ [ -88.285921305850636, 41.393447809380135 ], [ -88.285823590817301, 41.394338245805024 ], [ -88.284622441854751, 41.394265801147888 ], [ -88.283421295362714, 41.394193345241312 ], [ -88.283323547696682, 41.395083780395588 ], [ -88.282122388594388, 41.395011312262 ], [ -88.282220151341562, 41.394120878085417 ], [ -88.281019009791649, 41.39404839968018 ], [ -88.281116785148228, 41.393157967165614 ], [ -88.282317911617469, 41.39323044459308 ], [ -88.282415669422235, 41.392340011784768 ], [ -88.283616783282241, 41.392412476985427 ], [ -88.28371452353592, 41.391522043883313 ], [ -88.284915624786507, 41.391594496857408 ], [ -88.286116728507324, 41.391666938582567 ], [ -88.286019018413953, 41.392557373639434 ], [ -88.285921305850636, 41.393447809380135 ] ] ] } },
{ "type": "Feature", "properties": { "id": "17_8", "growth_scenario": "moderate", "market_gravity_weight": 25 }, "geometry": { "type": "Polygon", "coordinates": [ [ [ -87.975779671675625, 42.309935270364974 ], [ -87.975676698273205, 42.310826380522897 ], [ -87.975573722234145, 42.311717491621302 ], [ -87.975470743558361, 42.312608603660422 ], [ -87.975367762245753, 42.3134997166405 ], [ -87.974151072604641, 42.313424285699725 ], [ -87.974254069382468, 42.312533173771925 ], [ -87.973037397843783, 42.312457732482201 ], [ -87.973140407449094, 42.311566622547758 ], [ -87.973243414416899, 42.310675513553868 ], [ -87.97446005502654, 42.310750952738857 ], [ -87.974563043892985, 42.309859843633028 ], [ -87.973346418747283, 42.309784405500402 ], [ -87.973449420440375, 42.308893298387005 ], [ -87.973552419496258, 42.308002192213443 ], [ -87.974769013715246, 42.308077628241683 ], [ -87.975985610570987, 42.308153052869393 ], [ -87.975882642441519, 42.309044161147206 ], [ -87.975779671675625, 42.309935270364974 ] ] ] } },
{ "type": "Feature", "properties": { "id": "17_9", "growth_scenario": "moderate", "market_gravity_weight": 25 }, "geometry": { "type": "Polygon", "coordinates": [ [ [ -87.974151072604641, 42.313424285699725 ], [ -87.975367762245753, 42.3134997166405 ], [ -87.975264778296207, 42.314390830561855 ], [ -87.975161791709638, 42.31528194542468 ], [ -87.973945071136953, 42.315206512379135 ], [ -87.972728353201774, 42.315131067931958 ], [ -87.9726253330454, 42.31602218163151 ], [ -87.971408602281983, 42.315946724729883 ], [ -87.971511637904527, 42.3150556120831 ], [ -87.970294925245554, 42.314980144832653 ], [ -87.970397973695484, 42.314089034180327 ], [ -87.970501019506813, 42.313197924469335 ], [ -87.97171770123478, 42.313273389614096 ], [ -87.972934385600851, 42.313348843357538 ], [ -87.973037397843783, 42.312457732482201 ], [ -87.974254069382468, 42.312533173771925 ], [ -87.974151072604641, 42.313424285699725 ] ] ] } },
{ "type": "Feature", "properties": { "id": "19_0", "growth_scenario": "moderate", "market_gravity_weight": 25 }, "geometry": { "type": "Polygon", "coordinates": [ [ [ -93.611207765117783, 41.886643923836687 ], [ -93.612420979002806, 41.886666383633134 ], [ -93.612390491851599, 41.887559939988904 ], [ -93.613603721993584, 41.887582388687939 ], [ -93.613573249542938, 41.88847594625048 ], [ -93.613542776314219, 41.889369504710672 ], [ -93.612329515213872, 41.88934705539301 ], [ -93.612299025727282, 41.89024061444173 ], [ -93.611085749925678, 41.890218153407289 ], [ -93.611116254892011, 41.889324594668047 ], [ -93.609902995349046, 41.889302122535916 ], [ -93.609933515015783, 41.888408565004212 ], [ -93.609964033903296, 41.887515008370123 ], [ -93.609994552011585, 41.88662145263342 ], [ -93.610025069340679, 41.885727897793863 ], [ -93.611238266968755, 41.885750368687489 ], [ -93.611207765117783, 41.886643923836687 ] ] ] } },
{ "type": "Feature", "properties": { "id": "19_1", "growth_scenario": "moderate", "market_gravity_weight": 25 }, "geometry": { "type": "Polygon", "coordinates": [ [ [ -91.975921055041908, 41.035808003416328 ], [ -91.975870298551627, 41.036700295239775 ], [ -91.97467234347971, 41.036662483386948 ], [ -91.974621570635691, 41.037554775348006 ], [ -91.973423601769795, 41.037516951743619 ], [ -91.972225634184326, 41.037479116892371 ], [ -91.971027667879738, 41.037441270794361 ], [ -91.971078485945668, 41.036548980348371 ], [ -91.969880535996154, 41.036511123508873 ], [ -91.969931367854429, 41.03561883421046 ], [ -91.971129302730446, 41.035656690544691 ], [ -91.972327238887573, 41.035694535632409 ], [ -91.972378039318059, 41.034802245965622 ], [ -91.973575961682727, 41.034840079301837 ], [ -91.974773885327693, 41.034877901391653 ], [ -91.974723115043687, 41.035770192068235 ], [ -91.975921055041908, 41.035808003416328 ] ] ] } },
{ "type": "Feature", "properties": { "id": "19_10", "growth_scenario": "moderate", "market_gravity_weight": 25 }, "geometry": { "type": "Polygon", "coordinates": [ [ [ -91.975027717549636, 41.030416457631418 ], [ -91.976225567113644, 41.030454265951718 ], [ -91.97742341795697, 41.030492063026351 ], [ -91.977372684215055, 41.031384351505153 ], [ -91.976174818300265, 41.03134655392612 ], [ -91.976124068207511, 41.032238842541361 ], [ -91.976073316835354, 41.033131131797795 ], [ -91.974875422055931, 41.033093321963712 ], [ -91.973677528556365, 41.033055500883499 ], [ -91.973728310072829, 41.032163212636441 ], [ -91.972530432925566, 41.032125380815025 ], [ -91.972581228233551, 41.031233093713993 ], [ -91.972632022261067, 41.030340807253751 ], [ -91.973829869265302, 41.030378638065407 ], [ -91.97388064694141, 41.029486351740893 ], [ -91.975078480154735, 41.029524170802169 ], [ -91.975027717549636, 41.030416457631418 ] ] ] } },
{ "type": "Feature", "properties": { "id": "19_11", "growth_scenario": "moderate", "market_gravity_weight": 25 }, "geometry": { "type": "Polygon", "coordinates": [ [ [ -93.523395580927968, 41.555109786537336 ], [ -93.523364106380455, 41.55600300354677 ], [ -93.523332631033128, 41.556896221357682 ], [ -93.523301154885942, 41.557789439970421 ], [ -93.522093644833859, 41.557766150480646 ], [ -93.520886135582089, 41.557742849641976 ], [ -93.519678627130986, 41.557719537454545 ], [ -93.519710149274772, 41.556826319793345 ], [ -93.518502656956869, 41.556802996574525 ], [ -93.518534193631382, 41.555909780032572 ], [ -93.519741670617535, 41.555933102933942 ], [ -93.520949148404696, 41.555956414486765 ], [ -93.520980653615069, 41.555063198111405 ], [ -93.522188116871419, 41.55508649799863 ], [ -93.522219605950184, 41.554193282107462 ], [ -93.523427054675665, 41.554216570329196 ], [ -93.523395580927968, 41.555109786537336 ] ] ] } },
{ "type": "Feature", "properties": { "id": "19_12", "growth_scenario": "moderate", "market_gravity_weight": 25 }, "geometry": { "type": "Polygon", "coordinates": [ [ [ -93.499786769776406, 41.675326766966677 ], [ -93.499754940833014, 41.676220089364314 ], [ -93.500964481438274, 41.676243591689769 ], [ -93.500932667068696, 41.677136915244418 ], [ -93.500900851889256, 41.67803023963512 ], [ -93.49969128051552, 41.678006736666944 ], [ -93.499659449141362, 41.678900061572485 ], [ -93.49844986319313, 41.678876546913351 ], [ -93.498481709952074, 41.677983222329296 ], [ -93.4972721401993, 41.677959696622054 ], [ -93.49730400153193, 41.67706637319592 ], [ -93.496094447974556, 41.677042836440975 ], [ -93.496126323880119, 41.676149514172572 ], [ -93.497335862053546, 41.676173050605705 ], [ -93.498545401037973, 41.676196575669636 ], [ -93.498577245364999, 41.675303253593412 ], [ -93.498609088881437, 41.674409932352738 ], [ -93.499818597909623, 41.674433445404524 ], [ -93.499786769776406, 41.675326766966677 ] ] ] } },
{ "type": "Feature", "properties": { "id": "19_13", "growth_scenario": "moderate", "market_gravity_weight": 25 }, "geometry": { "type": "Polygon", "coordinates": [ [ [ -93.715288114157573, 41.524703337617446 ], [ -93.716495118010883, 41.524724810507806 ], [ -93.716466109563186, 41.525618045604126 ], [ -93.715259090388528, 41.525596572421776 ], [ -93.71523006588221, 41.52648980802018 ], [ -93.714023032123151, 41.526468323201179 ], [ -93.714052071951144, 41.525575087894893 ], [ -93.712845054251417, 41.525553592023513 ], [ -93.711638037289745, 41.525532084807544 ], [ -93.711667107022592, 41.524638850880095 ], [ -93.711696176017043, 41.5237456177464 ], [ -93.712903162336616, 41.52376712437745 ], [ -93.712932215272218, 41.522873891744972 ], [ -93.714139187009295, 41.522895386739563 ], [ -93.715346159483929, 41.522916870390056 ], [ -93.715317137189359, 41.523810103607012 ], [ -93.715288114157573, 41.524703337617446 ] ] ] } },
{ "type": "Feature", "properties": { "id": "19_2", "growth_scenario": "moderate", "market_gravity_weight": 25 }, "geometry": { "type": "Polygon", "coordinates": [ [ [ -91.973677528556365, 41.033055500883499 ], [ -91.974875422055931, 41.033093321963712 ], [ -91.976073316835354, 41.033131131797795 ], [ -91.976022564183737, 41.034023421695615 ], [ -91.975971810252602, 41.034915712235005 ], [ -91.974773885327693, 41.034877901391653 ], [ -91.973575961682727, 41.034840079301837 ], [ -91.972378039318059, 41.034802245965622 ], [ -91.971180118234088, 41.034764401382994 ], [ -91.969982198431197, 41.034726545554044 ], [ -91.970033027726529, 41.033834257539418 ], [ -91.971230932456677, 41.033872112863122 ], [ -91.97128174539823, 41.032979824984778 ], [ -91.972479636337013, 41.033017668557164 ], [ -91.972530432925566, 41.032125380815025 ], [ -91.973728310072829, 41.032163212636441 ], [ -91.973677528556365, 41.033055500883499 ] ] ] } },
{ "type": "Feature", "properties": { "id": "19_3", "growth_scenario": "moderate", "market_gravity_weight": 25 }, "geometry": { "type": "Polygon", "coordinates": [ [ [ -93.614756038192667, 41.889391942621145 ], [ -93.614725579665659, 41.890285502288421 ], [ -93.615938857801623, 41.890307929100658 ], [ -93.61590841397711, 41.891201489975224 ], [ -93.614695120360906, 41.891179062853958 ], [ -93.614664660278407, 41.892072624317947 ], [ -93.613451351959384, 41.892050185479853 ], [ -93.612238044418532, 41.892027735234088 ], [ -93.611024737656265, 41.892005273580615 ], [ -93.611055244180449, 41.891111713044737 ], [ -93.611085749925678, 41.890218153407289 ], [ -93.612299025727282, 41.89024061444173 ], [ -93.612329515213872, 41.88934705539301 ], [ -93.613542776314219, 41.889369504710672 ], [ -93.613573249542938, 41.88847594625048 ], [ -93.614786495941985, 41.888498383851754 ], [ -93.614756038192667, 41.889391942621145 ] ] ] } },
{ "type": "Feature", "properties": { "id": "19_4", "growth_scenario": "moderate", "market_gravity_weight": 25 }, "geometry": { "type": "Polygon", "coordinates": [ [ [ -91.971383367438477, 41.031195251151679 ], [ -91.972581228233551, 41.031233093713993 ], [ -91.972530432925566, 41.032125380815025 ], [ -91.972479636337013, 41.033017668557164 ], [ -91.97128174539823, 41.032979824984778 ], [ -91.971230932456677, 41.033872112863122 ], [ -91.970033027726529, 41.033834257539418 ], [ -91.969982198431197, 41.034726545554044 ], [ -91.968784279909755, 41.034688678478744 ], [ -91.968835124277788, 41.033796390969492 ], [ -91.968885967364031, 41.03290410410176 ], [ -91.968936809168525, 41.032011817875308 ], [ -91.968987649691357, 41.0311195322898 ], [ -91.970185507924285, 41.03115739734362 ], [ -91.970236332094288, 41.030265111893577 ], [ -91.971434176537258, 41.030302965196448 ], [ -91.971383367438477, 41.031195251151679 ] ] ] } },
{ "type": "Feature", "properties": { "id": "19_5", "growth_scenario": "moderate", "market_gravity_weight": 25 }, "geometry": { "type": "Polygon", "coordinates": [ [ [ -93.614908319162808, 41.884924157748578 ], [ -93.614877864524004, 41.885817712928784 ], [ -93.614847409107625, 41.886711269005843 ], [ -93.613634193666215, 41.886688832022848 ], [ -93.613603721993584, 41.887582388687939 ], [ -93.612390491851599, 41.887559939988904 ], [ -93.612420979002806, 41.886666383633134 ], [ -93.611207765117783, 41.886643923836687 ], [ -93.611238266968755, 41.885750368687489 ], [ -93.610025069340679, 41.885727897793863 ], [ -93.610055585890606, 41.884834343851104 ], [ -93.611268768040944, 41.884856814435167 ], [ -93.61129926833442, 41.88396326107943 ], [ -93.612512435786115, 41.883985719947631 ], [ -93.613725604016125, 41.884008167409526 ], [ -93.613695134677442, 41.884901721383883 ], [ -93.614908319162808, 41.884924157748578 ] ] ] } },
{ "type": "Feature", "properties": { "id": "19_6", "growth_scenario": "moderate", "market_gravity_weight": 25 }, "geometry": { "type": "Polygon", "coordinates": [ [ [ -92.437833691183258, 40.989668248689767 ], [ -92.436636299062499, 40.98963477606317 ], [ -92.43543890807365, 40.989601292193122 ], [ -92.435393974009983, 40.990493722410655 ], [ -92.43419656908776, 40.990460226850743 ], [ -92.432999165298256, 40.990426720047296 ], [ -92.433044129493254, 40.989534290722752 ], [ -92.433089092555207, 40.988641862032104 ], [ -92.433134054484157, 40.987749433975125 ], [ -92.434331413077842, 40.987782939438986 ], [ -92.435528772804147, 40.987816433659646 ], [ -92.436726133662646, 40.987849916637224 ], [ -92.437923495652996, 40.987883388371614 ], [ -92.437878593983868, 40.988775818213853 ], [ -92.437833691183258, 40.989668248689767 ] ] ] } },
{ "type": "Feature", "properties": { "id": "19_7", "growth_scenario": "moderate", "market_gravity_weight": 25 }, "geometry": { "type": "Polygon", "coordinates": [ [ [ -92.435708488678912, 40.984246724192168 ], [ -92.43566356140839, 40.985139150609761 ], [ -92.436860877074224, 40.985172632248712 ], [ -92.436815963735455, 40.98606505974513 ], [ -92.438013295596903, 40.986098530587441 ], [ -92.437968396190641, 40.986990959162888 ], [ -92.436771049264948, 40.986957487874548 ], [ -92.435573703471036, 40.986924005343212 ], [ -92.434376358809303, 40.986890511568845 ], [ -92.433179015280118, 40.98685700655161 ], [ -92.43198167288385, 40.986823490291293 ], [ -92.432026647610982, 40.985931063947532 ], [ -92.433223974943161, 40.985964579761209 ], [ -92.433268933473315, 40.985072153603703 ], [ -92.434466246874621, 40.985105657728099 ], [ -92.43451118920855, 40.984213231756804 ], [ -92.434556130410087, 40.983320806418035 ], [ -92.435753414817384, 40.983354298407129 ], [ -92.435708488678912, 40.984246724192168 ] ] ] } },
{ "type": "Feature", "properties": { "id": "19_8", "growth_scenario": "moderate", "market_gravity_weight": 25 }, "geometry": { "type": "Polygon", "coordinates": [ [ [ -91.978469110232183, 41.033206717727545 ], [ -91.978418387725824, 41.034099008634179 ], [ -91.977220475315207, 41.03406122078804 ], [ -91.977169736457057, 41.034953511831986 ], [ -91.978367663940716, 41.034991300182483 ], [ -91.978316938876787, 41.035883592372741 ], [ -91.977118996319746, 41.035845803517816 ], [ -91.977068254903187, 41.03673809584582 ], [ -91.975870298551627, 41.036700295239775 ], [ -91.975921055041908, 41.035808003416328 ], [ -91.974723115043687, 41.035770192068235 ], [ -91.974773885327693, 41.034877901391653 ], [ -91.975971810252602, 41.034915712235005 ], [ -91.976022564183737, 41.034023421695615 ], [ -91.976073316835354, 41.033131131797795 ], [ -91.977271212894223, 41.03316893038577 ], [ -91.977321949194149, 41.032276640624865 ], [ -91.976124068207511, 41.032238842541361 ], [ -91.976174818300265, 41.03134655392612 ], [ -91.977372684215055, 41.031384351505153 ], [ -91.978570551408851, 41.031422137838334 ], [ -91.978519831459835, 41.032314427462332 ], [ -91.978469110232183, 41.033206717727545 ] ] ] } },
{ "type": "Feature", "properties": { "id": "19_9", "growth_scenario": "moderate", "market_gravity_weight": 25 }, "geometry": { "type": "Polygon", "coordinates": [ [ [ -92.373687821107893, 41.001264881880978 ], [ -92.373642101469628, 41.002157298663583 ], [ -92.374839675290602, 41.002191363192026 ], [ -92.374793969569623, 41.003083781065705 ], [ -92.374748262696698, 41.003976199576542 ], [ -92.373550658736164, 41.003942134139585 ], [ -92.372353055928016, 41.003908057457458 ], [ -92.371155454272639, 41.003873969530062 ], [ -92.369957853770387, 41.00383987035746 ], [ -92.370003620922944, 41.002947453664547 ], [ -92.371201206355352, 41.00298155238243 ], [ -92.371246957284953, 41.002089135871827 ], [ -92.371292707061514, 41.001196719998035 ], [ -92.372490263508382, 41.0012308065619 ], [ -92.372535997063181, 41.000338390870169 ], [ -92.373733539593914, 41.000372465734898 ], [ -92.373687821107893, 41.001264881880978 ] ] ] } },
{ "type": "Feature", "properties": { "id": "21_0", "growth_scenario": "moderate", "market_gravity_weight": 25 }, "geometry": { "type": "Polygon", "coordinates": [ [ [ -87.148434951781667, 36.819225768197441 ], [ -87.148329707455545, 36.82011444203178 ], [ -87.149456375496513, 36.820197450624541 ], [ -87.149351141915758, 36.821086124920079 ], [ -87.149245905839749, 36.821974798729748 ], [ -87.150372602858084, 36.822057798677768 ], [ -87.15026737752828, 36.822946472949006 ], [ -87.149140667268398, 36.822863472053655 ], [ -87.148013959503956, 36.822780460618844 ], [ -87.148119211316782, 36.821891788242311 ], [ -87.146992519289455, 36.821808767215508 ], [ -87.147097781847705, 36.820920095300679 ], [ -87.145971105557322, 36.820837064682173 ], [ -87.146076378860343, 36.819948393228927 ], [ -87.146181649667284, 36.81905972128947 ], [ -87.147308299476634, 36.819142750012972 ], [ -87.147413554547498, 36.818254076639626 ], [ -87.148540193612391, 36.818337093876785 ], [ -87.148434951781667, 36.819225768197441 ] ] ] } },
{ "type": "Feature", "properties": { "id": "21_1", "growth_scenario": "moderate", "market_gravity_weight": 25 }, "geometry": { "type": "Polygon", "coordinates": [ [ [ -87.152836394589201, 36.820446413167865 ], [ -87.153963072609002, 36.820529379603819 ], [ -87.155089753122738, 36.820612335500492 ], [ -87.156216436130094, 36.820695280857848 ], [ -87.156111281996317, 36.821583960834779 ], [ -87.15498458574757, 36.821501014530796 ], [ -87.15385789199253, 36.82141805768741 ], [ -87.153752708882038, 36.822306735285274 ], [ -87.153647523277428, 36.823195412397631 ], [ -87.152520805533086, 36.823112443121033 ], [ -87.152415604192171, 36.824001118801078 ], [ -87.151288875700288, 36.823918138037783 ], [ -87.151394090283276, 36.823029463304799 ], [ -87.151499302371434, 36.822140788086386 ], [ -87.151604511964862, 36.82125211238241 ], [ -87.151709719063646, 36.820363436192608 ], [ -87.151814923667885, 36.819474759516822 ], [ -87.152941585952618, 36.819557735545118 ], [ -87.152836394589201, 36.820446413167865 ] ] ] } },
{ "type": "Feature", "properties": { "id": "21_2", "growth_scenario": "moderate", "market_gravity_weight": 25 }, "geometry": { "type": "Polygon", "coordinates": [ [ [ -87.151109110310543, 36.815837065169902 ], [ -87.15100390244416, 36.816725742844866 ], [ -87.15089869208326, 36.817614420032946 ], [ -87.150793479227772, 36.818503096734382 ], [ -87.150688263877598, 36.819391772949388 ], [ -87.150583046032637, 36.820280448678183 ], [ -87.149456375496513, 36.820197450624541 ], [ -87.149561606582083, 36.819308775842934 ], [ -87.148434951781667, 36.819225768197441 ], [ -87.148540193612391, 36.818337093876785 ], [ -87.147413554547498, 36.818254076639626 ], [ -87.147518807122765, 36.817365402779714 ], [ -87.148645432947816, 36.817448419069564 ], [ -87.148750669788029, 36.81655974377567 ], [ -87.14987728486868, 36.816642748579604 ], [ -87.149982505974464, 36.815754071851636 ], [ -87.150087724585504, 36.814865394636598 ], [ -87.151214315682495, 36.814948387007853 ], [ -87.151109110310543, 36.815837065169902 ] ] ] } },
{ "type": "Feature", "properties": { "id": "25_0", "growth_scenario": "moderate", "market_gravity_weight": 25 }, "geometry": { "type": "Polygon", "coordinates": [ [ [ -71.038524620145594, 42.504244545404205 ], [ -71.038206700667743, 42.505108391199933 ], [ -71.03938912111191, 42.505340653309531 ], [ -71.039707026941528, 42.504476804351256 ], [ -71.04088944164819, 42.504709052623582 ], [ -71.04057154946706, 42.505572904744184 ], [ -71.040253649375217, 42.506436757102335 ], [ -71.039071207371265, 42.506204502505113 ], [ -71.038753285719324, 42.507068351938294 ], [ -71.037570837977881, 42.50683608350333 ], [ -71.036388398148318, 42.506603804393393 ], [ -71.035205966230919, 42.506371514608574 ], [ -71.03552392882834, 42.505507674664024 ], [ -71.035841883513626, 42.504643834956582 ], [ -71.037024288134901, 42.504876118415609 ], [ -71.037342221260673, 42.504012275782436 ], [ -71.037660146475147, 42.503148433386151 ], [ -71.038842531712447, 42.503380699845401 ], [ -71.038524620145594, 42.504244545404205 ] ] ] } },
{ "type": "Feature", "properties": { "id": "25_1", "growth_scenario": "moderate", "market_gravity_weight": 25 }, "geometry": { "type": "Polygon", "coordinates": [ [ [ -71.308060924583344, 42.686477390985559 ], [ -71.309247341880592, 42.686707257249509 ], [ -71.310433767052288, 42.68693711279343 ], [ -71.31011840226968, 42.687801839663258 ], [ -71.308931963332682, 42.687571980966048 ], [ -71.308616576910012, 42.688436704987012 ], [ -71.309803029612624, 42.688666566837682 ], [ -71.309487649080836, 42.689531294316886 ], [ -71.308301182612325, 42.689301429312636 ], [ -71.307114724019144, 42.68907155358805 ], [ -71.305928273301546, 42.688841667143102 ], [ -71.306243695130163, 42.687976949124995 ], [ -71.306559109083167, 42.687112231411248 ], [ -71.305372693771247, 42.686882340553872 ], [ -71.305688113613371, 42.686017626297946 ], [ -71.306874515160857, 42.686247514001614 ], [ -71.307189913363487, 42.685382796895972 ], [ -71.30837630902154, 42.685612670726506 ], [ -71.308060924583344, 42.686477390985559 ] ] ] } },
{ "type": "Feature", "properties": { "id": "26_0", "growth_scenario": "moderate", "market_gravity_weight": 25 }, "geometry": { "type": "Polygon", "coordinates": [ [ [ -85.574558412657055, 42.876430541780429 ], [ -85.575782008082925, 42.876528523705176 ], [ -85.575647248737084, 42.877418146753982 ], [ -85.574423637747785, 42.877320163437041 ], [ -85.57428885936784, 42.878209786140935 ], [ -85.574154077517107, 42.879099409892376 ], [ -85.572930438870699, 42.879001412350455 ], [ -85.571706803695591, 42.878903403368305 ], [ -85.571841616674348, 42.878013782402043 ], [ -85.570618000534765, 42.877915763372485 ], [ -85.570752825605368, 42.877026144846383 ], [ -85.570887647204145, 42.876136527367301 ], [ -85.572111232217267, 42.876234543611496 ], [ -85.573334820701703, 42.876332548415874 ], [ -85.573469607703359, 42.875442929198563 ], [ -85.574693184095793, 42.875540921170831 ], [ -85.574558412657055, 42.876430541780429 ] ] ] } },
{ "type": "Feature", "properties": { "id": "27_0", "growth_scenario": "moderate", "market_gravity_weight": 25 }, "geometry": { "type": "Polygon", "coordinates": [ [ [ -94.187520453561561, 46.320078812043072 ], [ -94.18749574998364, 46.320980429580089 ], [ -94.18747104573238, 46.321882049492793 ], [ -94.187446340807753, 46.322783671781458 ], [ -94.187421635209745, 46.323685296446456 ], [ -94.186126464331039, 46.3236680914112 ], [ -94.186151187573756, 46.322766467026142 ], [ -94.184856035013638, 46.322749249983964 ], [ -94.183560883127868, 46.32273202065506 ], [ -94.183585640985115, 46.321830399206625 ], [ -94.183610398167559, 46.320928780134174 ], [ -94.184905514765447, 46.320946008902581 ], [ -94.184930253629901, 46.320044391925514 ], [ -94.186225353258848, 46.320061608127382 ], [ -94.186250073806249, 46.319159993245485 ], [ -94.187545156466186, 46.319177196881277 ], [ -94.187520453561561, 46.320078812043072 ] ] ] } },
{ "type": "Feature", "properties": { "id": "29_0", "growth_scenario": "moderate", "market_gravity_weight": 25 }, "geometry": { "type": "Polygon", "coordinates": [ [ [ -94.583189144956663, 39.326491700016149 ], [ -94.583171691463306, 39.327383863760573 ], [ -94.583154237539944, 39.328276027711695 ], [ -94.583136783186589, 39.329168191869677 ], [ -94.583119328403214, 39.33006035623481 ], [ -94.581948671500882, 39.330047048185968 ], [ -94.58077801502894, 39.330033729147111 ], [ -94.580795498646765, 39.329141565116181 ], [ -94.579624857022765, 39.329128235254714 ], [ -94.579642354626714, 39.328236071598319 ], [ -94.580812981833859, 39.328249401292446 ], [ -94.580830464590235, 39.327357237675614 ], [ -94.580847946915924, 39.326465074265379 ], [ -94.582018545721141, 39.326478392635487 ], [ -94.582036013200337, 39.32558622926463 ], [ -94.583206598020055, 39.325599536478244 ], [ -94.583189144956663, 39.326491700016149 ] ] ] } },
{ "type": "Feature", "properties": { "id": "29_1", "growth_scenario": "moderate", "market_gravity_weight": 25 }, "geometry": { "type": "Polygon", "coordinates": [ [ [ -94.579659851799576, 39.327343908148755 ], [ -94.580830464590235, 39.327357237675614 ], [ -94.580812981833859, 39.328249401292446 ], [ -94.579642354626714, 39.328236071598319 ], [ -94.579624857022765, 39.329128235254714 ], [ -94.579607358987744, 39.330020399118283 ], [ -94.579589860521608, 39.330912563189166 ], [ -94.578419190493975, 39.330899222002849 ], [ -94.578436703377633, 39.330007058099461 ], [ -94.577266048199007, 39.329993706090697 ], [ -94.577283575068378, 39.329101542562242 ], [ -94.576112934738703, 39.329088179731194 ], [ -94.576130475593089, 39.328196016577614 ], [ -94.577301101505967, 39.328209379240874 ], [ -94.577318627511772, 39.32731721612636 ], [ -94.578489239439961, 39.327330567632323 ], [ -94.57850675059791, 39.326438404556917 ], [ -94.579677348541395, 39.32645174490586 ], [ -94.579659851799576, 39.327343908148755 ] ] ] } },
{ "type": "Feature", "properties": { "id": "30_0", "growth_scenario": "moderate", "market_gravity_weight": 25 }, "geometry": { "type": "Polygon", "coordinates": [ [ [ -114.091543450475996, 46.895413207879244 ], [ -114.091790709499691, 46.896300257980727 ], [ -114.09203797520027, 46.897187310150578 ], [ -114.090754855437979, 46.897358248005801 ], [ -114.089471728998987, 46.897529173977418 ], [ -114.089224496660464, 46.896642116223227 ], [ -114.087941380226567, 46.896813027519329 ], [ -114.087694171245104, 46.895925969042004 ], [ -114.087446968939005, 46.895038912633076 ], [ -114.088730052011272, 46.89486800692044 ], [ -114.088482839700077, 46.893980955371063 ], [ -114.089765899416932, 46.89381004056694 ], [ -114.091048952458138, 46.893639113879885 ], [ -114.091296198128902, 46.894526159845711 ], [ -114.091543450475996, 46.895413207879244 ] ] ] } },
{ "type": "Feature", "properties": { "id": "31_0", "growth_scenario": "moderate", "market_gravity_weight": 25 }, "geometry": { "type": "Polygon", "coordinates": [ [ [ -96.094660624769944, 41.124233176815359 ], [ -96.095861139176534, 41.124232281516676 ], [ -96.095862350165632, 41.12512544035598 ], [ -96.094661820593274, 41.125126335666643 ], [ -96.093461290990689, 41.125127219694257 ], [ -96.09346247167808, 41.126020379245716 ], [ -96.092261926879502, 41.126021252001983 ], [ -96.092260761358276, 41.1251280924388 ], [ -96.091060231696403, 41.125128953900301 ], [ -96.091059081370389, 41.124235795013902 ], [ -96.091057931073436, 41.1233426368156 ], [ -96.092258430404129, 41.123341775377213 ], [ -96.092257264971224, 41.12244861787822 ], [ -96.093457749107472, 41.122447745168749 ], [ -96.094658233213906, 41.122446861176698 ], [ -96.094659428976811, 41.123340018652137 ], [ -96.094660624769944, 41.124233176815359 ] ] ] } },
{ "type": "Feature", "properties": { "id": "31_1", "growth_scenario": "moderate", "market_gravity_weight": 25 }, "geometry": { "type": "Polygon", "coordinates": [ [ [ -96.143888957018504, 41.127759854675055 ], [ -96.143890774820974, 41.128653015665044 ], [ -96.142690186104673, 41.128654362369325 ], [ -96.142691988785458, 41.129547524066631 ], [ -96.141491384855982, 41.129548859505135 ], [ -96.1414931724143, 41.1304420219099 ], [ -96.140292553271635, 41.13044334608243 ], [ -96.140290780881315, 41.129550183659887 ], [ -96.139090176861885, 41.129551496530873 ], [ -96.139088419683986, 41.128658334780319 ], [ -96.139086662550511, 41.127765173719041 ], [ -96.140287236235054, 41.127763860883249 ], [ -96.140285463979097, 41.126870700528592 ], [ -96.141486022452, 41.126869376427123 ], [ -96.142686580879754, 41.1268680410423 ], [ -96.142688383469448, 41.127761201361281 ], [ -96.143888957018504, 41.127759854675055 ] ] ] } },
{ "type": "Feature", "properties": { "id": "31_2", "growth_scenario": "moderate", "market_gravity_weight": 25 }, "geometry": { "type": "Polygon", "coordinates": [ [ [ -96.044239555999738, 41.125153750118194 ], [ -96.04544008651115, 41.125153328695788 ], [ -96.045440660551634, 41.126046488597218 ], [ -96.04664120621473, 41.126046055886036 ], [ -96.046641795436287, 41.126939216470213 ], [ -96.045441234606614, 41.126939649187271 ], [ -96.045441808676088, 41.127832810466124 ], [ -96.044241232664945, 41.127833231905498 ], [ -96.044241791581612, 41.128726393879042 ], [ -96.044242350512377, 41.129619556542018 ], [ -96.043041744152063, 41.12961996670883 ], [ -96.043041200389013, 41.128726804040411 ], [ -96.043040656639704, 41.12783364206134 ], [ -96.043040112904123, 41.126940480771289 ], [ -96.043039569182298, 41.126047320170102 ], [ -96.043039025474201, 41.125154160257544 ], [ -96.043038481779831, 41.124261001033275 ], [ -96.044238997139558, 41.124260590899475 ], [ -96.044239555999738, 41.125153750118194 ] ] ] } },
{ "type": "Feature", "properties": { "id": "31_3", "growth_scenario": "moderate", "market_gravity_weight": 25 }, "geometry": { "type": "Polygon", "coordinates": [ [ [ -96.142789401233316, 41.177779286225096 ], [ -96.142791206421862, 41.178672486217238 ], [ -96.141589767682149, 41.178673822641656 ], [ -96.141591557727224, 41.179567023354871 ], [ -96.140390103753148, 41.179568348504993 ], [ -96.140391878653986, 41.180461549939551 ], [ -96.139190409445533, 41.180462863815023 ], [ -96.139188649734194, 41.179569662362809 ], [ -96.13918689006735, 41.178676461614081 ], [ -96.139185130445, 41.177783261568621 ], [ -96.139183370867144, 41.176890062226136 ], [ -96.140384779319888, 41.176888748421256 ], [ -96.141586187727782, 41.17688742332458 ], [ -96.142787596090415, 41.176886086936037 ], [ -96.143989004407402, 41.17688473925574 ], [ -96.143990824738637, 41.177777938526724 ], [ -96.142789401233316, 41.177779286225096 ] ] ] } },
{ "type": "Feature", "properties": { "id": "31_4", "growth_scenario": "moderate", "market_gravity_weight": 25 }, "geometry": { "type": "Polygon", "coordinates": [ [ [ -96.135378904459401, 41.072394391339557 ], [ -96.135380613412977, 41.073287510202064 ], [ -96.134180964031657, 41.073288776868807 ], [ -96.134182657884452, 41.074181896422168 ], [ -96.13298299331646, 41.074183151831427 ], [ -96.131783328706092, 41.074184395966256 ], [ -96.130583664053717, 41.074185628826655 ], [ -96.129383999359717, 41.074186850412659 ], [ -96.129382366082567, 41.073293730793033 ], [ -96.13058201563264, 41.073292509223329 ], [ -96.130580367253188, 41.072399390293931 ], [ -96.131780001618125, 41.072398157466509 ], [ -96.131778338137138, 41.071505039227205 ], [ -96.132977957316925, 41.071503795142291 ], [ -96.134177576454348, 41.071502539783452 ], [ -96.134179270221622, 41.072395657989276 ], [ -96.135378904459401, 41.072394391339557 ] ] ] } },
{ "type": "Feature", "properties": { "id": "31_5", "growth_scenario": "moderate", "market_gravity_weight": 25 }, "geometry": { "type": "Polygon", "coordinates": [ [ [ -96.142583908498082, 41.075959033759595 ], [ -96.142585708494536, 41.076852155214318 ], [ -96.141385998799947, 41.076853489598008 ], [ -96.141387783696416, 41.077746611745425 ], [ -96.140188058811333, 41.077747934871965 ], [ -96.140189828607063, 41.078641057712275 ], [ -96.138990088531486, 41.078642369581353 ], [ -96.138988333881585, 41.077749246723556 ], [ -96.138986579275979, 41.076856124540853 ], [ -96.138984824714669, 41.075963003033046 ], [ -96.138983070197654, 41.07506988219982 ], [ -96.140182749692272, 41.075068570400951 ], [ -96.141382429142212, 41.075067247327496 ], [ -96.142582108547089, 41.075065912979476 ], [ -96.143781787906519, 41.075064567356861 ], [ -96.143783603002191, 41.07595768811894 ], [ -96.142583908498082, 41.075959033759595 ] ] ] } },
{ "type": "Feature", "properties": { "id": "31_6", "growth_scenario": "moderate", "market_gravity_weight": 25 }, "geometry": { "type": "Polygon", "coordinates": [ [ [ -96.13777817280517, 41.072391824217668 ], [ -96.137779912045787, 41.07328494304587 ], [ -96.1377816513303, 41.074178062547944 ], [ -96.136581986891755, 41.07417935178043 ], [ -96.135382322409683, 41.074180629738542 ], [ -96.135380613412977, 41.073287510202064 ], [ -96.135378904459401, 41.072394391339557 ], [ -96.134179270221622, 41.072395657989276 ], [ -96.134177576454348, 41.071502539783452 ], [ -96.134175882729835, 41.070609422250968 ], [ -96.13537548668171, 41.070608155635099 ], [ -96.136575090590455, 41.070606877745369 ], [ -96.1377746944557, 41.070605588581891 ], [ -96.137776433608479, 41.071498706063046 ], [ -96.13777817280517, 41.072391824217668 ] ] ] } },
{ "type": "Feature", "properties": { "id": "31_7", "growth_scenario": "moderate", "market_gravity_weight": 25 }, "geometry": { "type": "Polygon", "coordinates": [ [ [ -96.141377074993557, 41.072387888978923 ], [ -96.142576708966757, 41.072386554684449 ], [ -96.142578508781412, 41.073279673442201 ], [ -96.142580308641527, 41.074172792873775 ], [ -96.141380644380931, 41.074174127203918 ], [ -96.140180980075272, 41.074175450259659 ], [ -96.138981315724934, 41.074176762041013 ], [ -96.138979561296509, 41.073283642556305 ], [ -96.138977806912379, 41.072390523745561 ], [ -96.138976052572559, 41.071497405608362 ], [ -96.138974298277006, 41.070604288144523 ], [ -96.140173902054045, 41.070602976433364 ], [ -96.141373505786405, 41.070601653448428 ], [ -96.141375290367463, 41.07149477087696 ], [ -96.141377074993557, 41.072387888978923 ] ] ] } },
{ "type": "Feature", "properties": { "id": "32_0", "growth_scenario": "moderate", "market_gravity_weight": 25 }, "geometry": { "type": "Polygon", "coordinates": [ [ [ -115.020283814295965, 36.110125374137048 ], [ -115.020506674276632, 36.111000472291437 ], [ -115.019408079492763, 36.111177991243224 ], [ -115.018309479556535, 36.111355500056675 ], [ -115.017210874468205, 36.111532998731676 ], [ -115.016988051019496, 36.110657894747867 ], [ -115.015889452956984, 36.110835381341445 ], [ -115.015666646837374, 36.109960274461827 ], [ -115.016765232722463, 36.109782789811128 ], [ -115.016542419576922, 36.108907683921295 ], [ -115.017640988133536, 36.108730191075196 ], [ -115.018739551538587, 36.108552688090917 ], [ -115.019838109791777, 36.1083751749686 ], [ -115.020060959467727, 36.109250275029524 ], [ -115.020283814295965, 36.110125374137048 ] ] ] } },
{ "type": "Feature", "properties": { "id": "32_1", "growth_scenario": "moderate", "market_gravity_weight": 25 }, "geometry": { "type": "Polygon", "coordinates": [ [ [ -119.721187771399386, 39.457564367059064 ], [ -119.721477499287744, 39.458429009615479 ], [ -119.720340979015987, 39.458649427056301 ], [ -119.720630701125529, 39.459514071862792 ], [ -119.719494161215181, 39.459734481671994 ], [ -119.719204451814605, 39.458869834171445 ], [ -119.718914749343384, 39.458005186226984 ], [ -119.717778227921571, 39.458225580322519 ], [ -119.717488545088145, 39.457360929240238 ], [ -119.716352029446398, 39.457581310316307 ], [ -119.71606236625027, 39.456716656096411 ], [ -119.717198869183349, 39.456496277713889 ], [ -119.718335365188054, 39.456275889005802 ], [ -119.719471854264143, 39.456055489972208 ], [ -119.720608336411303, 39.455835080613241 ], [ -119.720898050440638, 39.456699724058367 ], [ -119.721187771399386, 39.457564367059064 ] ] ] } },
{ "type": "Feature", "properties": { "id": "32_2", "growth_scenario": "moderate", "market_gravity_weight": 25 }, "geometry": { "type": "Polygon", "coordinates": [ [ [ -119.737841830853924, 39.572207175175919 ], [ -119.73813221835475, 39.573071811129182 ], [ -119.738422612811945, 39.573936446664071 ], [ -119.737284325692727, 39.574157026508729 ], [ -119.736993943982213, 39.57329238826663 ], [ -119.735855662653563, 39.573512955064324 ], [ -119.735565300645831, 39.572648313696796 ], [ -119.734427025108218, 39.572868867447703 ], [ -119.734136682802728, 39.572004222954995 ], [ -119.732998413056663, 39.572224763659349 ], [ -119.732708090452917, 39.571360116041525 ], [ -119.733846347452342, 39.571139578043848 ], [ -119.734984597496933, 39.570919029706474 ], [ -119.73612284058639, 39.57069847102963 ], [ -119.737261076720472, 39.570477902013302 ], [ -119.737551450309255, 39.571342538804011 ], [ -119.737841830853924, 39.572207175175919 ] ] ] } },
{ "type": "Feature", "properties": { "id": "32_3", "growth_scenario": "moderate", "market_gravity_weight": 25 }, "geometry": { "type": "Polygon", "coordinates": [ [ [ -119.718556691658122, 39.680922963415867 ], [ -119.718847285794297, 39.681787677899422 ], [ -119.717707235611414, 39.682008088180829 ], [ -119.717997823931782, 39.682872804988484 ], [ -119.716857753988748, 39.683093207630726 ], [ -119.715717677073798, 39.683313599917597 ], [ -119.71542711433014, 39.682448877678084 ], [ -119.715136558557901, 39.68158415504692 ], [ -119.714846009756812, 39.680719432023992 ], [ -119.715986048307087, 39.680499047884389 ], [ -119.715695493689225, 39.679634327185049 ], [ -119.716835512480912, 39.679413935406046 ], [ -119.71797552430138, 39.679193533272169 ], [ -119.718266104493892, 39.680058248540192 ], [ -119.718556691658122, 39.680922963415867 ] ] ] } },
{ "type": "Feature", "properties": { "id": "32_4", "growth_scenario": "moderate", "market_gravity_weight": 25 }, "geometry": { "type": "Polygon", "coordinates": [ [ [ -119.712856434968216, 39.682024897691626 ], [ -119.713996500248513, 39.681804531546945 ], [ -119.714287043232304, 39.682669256893767 ], [ -119.71542711433014, 39.682448877678084 ], [ -119.715717677073798, 39.683313599917597 ], [ -119.716008246789116, 39.684178321765764 ], [ -119.714868150113531, 39.684398706413091 ], [ -119.715158714011451, 39.68526343058597 ], [ -119.71401859757475, 39.68548380759367 ], [ -119.713728046466315, 39.684619080704834 ], [ -119.712587935847736, 39.684839444640879 ], [ -119.712297404500148, 39.683974714645338 ], [ -119.712006880123425, 39.683109984258714 ], [ -119.711716362717297, 39.6822452534809 ], [ -119.711425852281522, 39.68138052231162 ], [ -119.712565911743752, 39.6811601692377 ], [ -119.712856434968216, 39.682024897691626 ] ] ] } },
{ "type": "Feature", "properties": { "id": "32_5", "growth_scenario": "moderate", "market_gravity_weight": 25 }, "geometry": { "type": "Polygon", "coordinates": [ [ [ -115.173137248903032, 36.001465553132974 ], [ -115.17291294934374, 36.000590672584977 ], [ -115.174009580742862, 36.000411726174661 ], [ -115.175106206965182, 36.000232769645244 ], [ -115.176202828010446, 36.000053802996888 ], [ -115.177299443878411, 35.999874826229636 ], [ -115.178396054568807, 35.999695839343502 ], [ -115.17862041475253, 36.000570710138504 ], [ -115.178844780114261, 36.001445579950797 ], [ -115.177748145174519, 36.001624570738542 ], [ -115.176651505056896, 36.00180355140732 ], [ -115.176875851346495, 36.002678424139027 ], [ -115.175779193925806, 36.002857396639449 ], [ -115.175554859761576, 36.00198252195699 ], [ -115.174458209288872, 36.002161482387493 ], [ -115.174233892427395, 36.00128660477224 ], [ -115.173137248903032, 36.001465553132974 ] ] ] } },
{ "type": "Feature", "properties": { "id": "32_6", "growth_scenario": "moderate", "market_gravity_weight": 25 }, "geometry": { "type": "Polygon", "coordinates": [ [ [ -115.153164600400615, 36.213426743205332 ], [ -115.152939903081716, 36.212551955225379 ], [ -115.154039656428125, 36.212373219276465 ], [ -115.155139404573788, 36.212194473182848 ], [ -115.15623914751842, 36.212015716944521 ], [ -115.157338885261822, 36.21183695056159 ], [ -115.158438617803711, 36.211658174034085 ], [ -115.158663376098389, 36.212532952196568 ], [ -115.159763115633126, 36.212354163560761 ], [ -115.159987891324661, 36.213228938822091 ], [ -115.158888139595049, 36.213407729421725 ], [ -115.157788382663284, 36.213586509876663 ], [ -115.156688620529678, 36.213765280186927 ], [ -115.155588853194445, 36.213944040352331 ], [ -115.154489080657854, 36.214122790372869 ], [ -115.154264365942538, 36.213248005293146 ], [ -115.153164600400615, 36.213426743205332 ] ] ] } },
{ "type": "Feature", "properties": { "id": "34_0", "growth_scenario": "moderate", "market_gravity_weight": 25 }, "geometry": { "type": "Polygon", "coordinates": [ [ [ -74.844568946005538, 40.516047663949138 ], [ -74.845729852231088, 40.516244756648298 ], [ -74.846890764876548, 40.51644183873627 ], [ -74.846628003618193, 40.517312562035826 ], [ -74.846365235939956, 40.518183285286469 ], [ -74.845204296383869, 40.517986198158745 ], [ -74.844941508829777, 40.518856918840861 ], [ -74.843780562238578, 40.518659818581547 ], [ -74.843517754808047, 40.519530536694845 ], [ -74.842356801182206, 40.519333423303785 ], [ -74.842619622068327, 40.518462707710803 ], [ -74.842882436533216, 40.517591992069171 ], [ -74.843145244577116, 40.516721276378583 ], [ -74.843408046200253, 40.515850560638903 ], [ -74.843670841402869, 40.514979844849883 ], [ -74.844831727753757, 40.515176945640192 ], [ -74.844568946005538, 40.516047663949138 ] ] ] } },
{ "type": "Feature", "properties": { "id": "34_1", "growth_scenario": "moderate", "market_gravity_weight": 25 }, "geometry": { "type": "Polygon", "coordinates": [ [ [ -74.324720428867025, 40.459604165701371 ], [ -74.325878962890002, 40.459806011087444 ], [ -74.325610054587003, 40.460675609083658 ], [ -74.325341139727399, 40.46154520698915 ], [ -74.324182578978736, 40.461343356458656 ], [ -74.323913644198996, 40.462212951701154 ], [ -74.323644702861898, 40.463082546853272 ], [ -74.322486121943953, 40.462880680602197 ], [ -74.322755076644412, 40.462011088022713 ], [ -74.323024024787188, 40.461141495352678 ], [ -74.323292966372563, 40.460271902591856 ], [ -74.323561901400737, 40.459402309740099 ], [ -74.322403380491409, 40.459200443203699 ], [ -74.322672322324593, 40.458330852832987 ], [ -74.32294125760076, 40.45746126237087 ], [ -74.324099751786491, 40.457663123762813 ], [ -74.325258252528698, 40.457864974579856 ], [ -74.324989343976085, 40.458734570186195 ], [ -74.324720428867025, 40.459604165701371 ] ] ] } },
{ "type": "Feature", "properties": { "id": "34_2", "growth_scenario": "moderate", "market_gravity_weight": 25 }, "geometry": { "type": "Polygon", "coordinates": [ [ [ -74.349335891785159, 40.451060771226629 ], [ -74.349067302383361, 40.451930414197882 ], [ -74.347908830682357, 40.451728782008026 ], [ -74.34764022136919, 40.452598422318765 ], [ -74.346481742854152, 40.452396776984635 ], [ -74.346750365530042, 40.451527139242856 ], [ -74.345591906926714, 40.451325485902473 ], [ -74.345860536415813, 40.450455850637816 ], [ -74.344702097723712, 40.450254189291343 ], [ -74.344970734025466, 40.449384556503411 ], [ -74.346129159355883, 40.449586215280945 ], [ -74.347287591235101, 40.4497878634836 ], [ -74.347556194264769, 40.448918225465597 ], [ -74.34871461933065, 40.449119860524533 ], [ -74.349873050944495, 40.449321485008511 ], [ -74.349604474638795, 40.450191128163567 ], [ -74.349335891785159, 40.451060771226629 ] ] ] } },
{ "type": "Feature", "properties": { "id": "34_3", "growth_scenario": "moderate", "market_gravity_weight": 25 }, "geometry": { "type": "Polygon", "coordinates": [ [ [ -74.344080958357949, 40.448313256839668 ], [ -74.345239363778134, 40.448514923623101 ], [ -74.344970734025466, 40.449384556503411 ], [ -74.344702097723712, 40.450254189291343 ], [ -74.345860536415813, 40.450455850637816 ], [ -74.345591906926714, 40.451325485902473 ], [ -74.345323270888329, 40.452195121075171 ], [ -74.344164805472005, 40.451993454590387 ], [ -74.343006346605492, 40.451791777530495 ], [ -74.343275009368142, 40.450922147496271 ], [ -74.343543665580953, 40.450052517369897 ], [ -74.342385239987777, 40.44985083487353 ], [ -74.341226820944513, 40.449649141802524 ], [ -74.341495497329888, 40.448779516722176 ], [ -74.342653903012177, 40.448981207223945 ], [ -74.342922559486908, 40.448111579481591 ], [ -74.343191209412197, 40.447241951646348 ], [ -74.344349594922633, 40.447443626435458 ], [ -74.344080958357949, 40.448313256839668 ] ] ] } },
{ "type": "Feature", "properties": { "id": "34_4", "growth_scenario": "moderate", "market_gravity_weight": 25 }, "geometry": { "type": "Polygon", "coordinates": [ [ [ -74.313613460521623, 40.440255573468932 ], [ -74.313344476415722, 40.441125134665626 ], [ -74.31450267819902, 40.441327081789026 ], [ -74.31566088653851, 40.441529018340347 ], [ -74.315391922584837, 40.442398584584005 ], [ -74.314233700890881, 40.442196645461095 ], [ -74.313964717026337, 40.443066209037255 ], [ -74.313695726605147, 40.443935772517662 ], [ -74.312537484758309, 40.443733817679011 ], [ -74.312806488534292, 40.442864256770413 ], [ -74.311648266599178, 40.442662293931456 ], [ -74.311917277172512, 40.441792735498915 ], [ -74.310759075148667, 40.44159076465985 ], [ -74.311028092518768, 40.440721208703081 ], [ -74.31129710333181, 40.439851652649843 ], [ -74.312455278648457, 40.440053618345267 ], [ -74.312724269551538, 40.439184059623706 ], [ -74.313882438071289, 40.439386012175852 ], [ -74.313613460521623, 40.440255573468932 ] ] ] } },
{ "type": "Feature", "properties": { "id": "34_5", "growth_scenario": "moderate", "market_gravity_weight": 25 }, "geometry": { "type": "Polygon", "coordinates": [ [ [ -74.511747784699111, 40.853006338387011 ], [ -74.510582303369191, 40.852806138911916 ], [ -74.510314170203898, 40.853676367542931 ], [ -74.509148681913786, 40.853476154836976 ], [ -74.508880528634506, 40.854346380895954 ], [ -74.507715033384684, 40.854146154958883 ], [ -74.507983200200854, 40.853275931489399 ], [ -74.506817725065389, 40.853075697500316 ], [ -74.50708589884043, 40.852205476637693 ], [ -74.507354066037976, 40.851335255792016 ], [ -74.508519514101039, 40.851535484602081 ], [ -74.508787661185508, 40.850665261183849 ], [ -74.509953102289558, 40.85086547676341 ], [ -74.511118549970078, 40.851065681701691 ], [ -74.512284004226743, 40.851265875998649 ], [ -74.51201589775097, 40.852136107184236 ], [ -74.511747784699111, 40.853006338387011 ] ], [ [ -74.510850429957827, 40.851935910298302 ], [ -74.50968496874107, 40.851735702770888 ], [ -74.509416828615898, 40.852605928795349 ], [ -74.510582303369191, 40.852806138911916 ], [ -74.510850429957827, 40.851935910298302 ] ] ] } },
{ "type": "Feature", "properties": { "id": "34_6", "growth_scenario": "moderate", "market_gravity_weight": 25 }, "geometry": { "type": "Polygon", "coordinates": [ [ [ -74.484348740402481, 40.404857338098729 ], [ -74.484081969884812, 40.405727241545392 ], [ -74.485240078473353, 40.405927621663068 ], [ -74.486398193563573, 40.406127991204549 ], [ -74.48613144327301, 40.406997899654264 ], [ -74.48497331481812, 40.406797527563448 ], [ -74.484706544660966, 40.407667433368267 ], [ -74.483548409343271, 40.407467048151531 ], [ -74.483281619318944, 40.408336951311412 ], [ -74.482123477138927, 40.408136552968458 ], [ -74.482390280528037, 40.407266652358388 ], [ -74.482657077414387, 40.406396751652835 ], [ -74.482923867798249, 40.405526850851508 ], [ -74.481765772213976, 40.405326449581644 ], [ -74.482032569459221, 40.40445655123402 ], [ -74.483190651679834, 40.404656949954379 ], [ -74.483457429059385, 40.4037870489611 ], [ -74.4846155044184, 40.403987434556115 ], [ -74.485773586278953, 40.404187809575177 ], [ -74.485506835626879, 40.405057715667098 ], [ -74.484348740402481, 40.404857338098729 ] ] ] } },
{ "type": "Feature", "properties": { "id": "34_7", "growth_scenario": "moderate", "market_gravity_weight": 25 }, "geometry": { "type": "Polygon", "coordinates": [ [ [ -74.488981160307674, 40.405658784914877 ], [ -74.487823045579759, 40.405458439075218 ], [ -74.487556315155217, 40.40632835016963 ], [ -74.487289578229536, 40.407198261168631 ], [ -74.487022834802517, 40.408068172072312 ], [ -74.485864686480795, 40.407867808008625 ], [ -74.48613144327301, 40.406997899654264 ], [ -74.486398193563573, 40.406127991204549 ], [ -74.485240078473353, 40.405927621663068 ], [ -74.485506835626879, 40.405057715667098 ], [ -74.485773586278953, 40.404187809575177 ], [ -74.486040330429802, 40.40331790338724 ], [ -74.48719840542779, 40.403518265281264 ], [ -74.488356486926463, 40.403718616599214 ], [ -74.489514574925551, 40.403918957341098 ], [ -74.489247870866791, 40.404788871175889 ], [ -74.488981160307674, 40.405658784914877 ] ] ] } },
{ "type": "Feature", "properties": { "id": "34_8", "growth_scenario": "moderate", "market_gravity_weight": 25 }, "geometry": { "type": "Polygon", "coordinates": [ [ [ -75.050407236733307, 40.823479695973973 ], [ -75.050145836333186, 40.824351028294629 ], [ -75.049884429515714, 40.825222360654422 ], [ -75.049623016280648, 40.826093693053629 ], [ -75.049361596627762, 40.826965025492342 ], [ -75.048195045234309, 40.826769756067151 ], [ -75.047933605562733, 40.827641086019327 ], [ -75.046767046987242, 40.82744580340097 ], [ -75.047028500259202, 40.826574475975235 ], [ -75.047289947112503, 40.825703148589035 ], [ -75.047551387547401, 40.824831821242142 ], [ -75.047812821564094, 40.823960493934393 ], [ -75.048074249162838, 40.823089166665547 ], [ -75.049240739739375, 40.823284436652862 ], [ -75.049502147321505, 40.822413106896917 ], [ -75.050668630716316, 40.822608363692197 ], [ -75.050407236733307, 40.823479695973973 ] ] ] } },
{ "type": "Feature", "properties": { "id": "36_0", "growth_scenario": "moderate", "market_gravity_weight": 25 }, "geometry": { "type": "Polygon", "coordinates": [ [ [ -74.024942367177161, 41.150939206445067 ], [ -74.026111374185717, 41.151143900379424 ], [ -74.025836145912351, 41.15201330982196 ], [ -74.025560910867611, 41.152882719330918 ], [ -74.025285669051243, 41.153752128906632 ], [ -74.025010420463033, 41.154621538549144 ], [ -74.023841359120581, 41.154416833921452 ], [ -74.024116621292691, 41.153547426952436 ], [ -74.022947580306308, 41.153342714339907 ], [ -74.023222849289667, 41.152473310111127 ], [ -74.022053828658869, 41.152268589513895 ], [ -74.022329104452851, 41.151399188025081 ], [ -74.022604373474593, 41.150529786602448 ], [ -74.02377336694002, 41.150734501852718 ], [ -74.024048615607498, 41.149865097822627 ], [ -74.02521760226216, 41.150069799741829 ], [ -74.024942367177161, 41.150939206445067 ] ] ] } },
{ "type": "Feature", "properties": { "id": "36_1", "growth_scenario": "moderate", "market_gravity_weight": 25 }, "geometry": { "type": "Polygon", "coordinates": [ [ [ -73.973218459213626, 43.689575912316172 ], [ -73.972932318592513, 43.690448153649434 ], [ -73.974144670774862, 43.690654018765237 ], [ -73.975357030257626, 43.690859872830544 ], [ -73.975070911545615, 43.691732120827211 ], [ -73.973858537457801, 43.691526263810083 ], [ -73.973572396840055, 43.69239850961501 ], [ -73.972360015447805, 43.692192638595174 ], [ -73.971147641356879, 43.691986756524685 ], [ -73.971433811184582, 43.691114516623983 ], [ -73.970221458999831, 43.690908626455219 ], [ -73.969009114116758, 43.690702725236143 ], [ -73.96929530585129, 43.689830491999778 ], [ -73.969581490284114, 43.688958259522742 ], [ -73.970793805959588, 43.689164154837357 ], [ -73.970507636130407, 43.69003639026657 ], [ -73.971719973710933, 43.690242277483136 ], [ -73.972006128936215, 43.68937003910186 ], [ -73.972292276860685, 43.688497801479933 ], [ -73.973504592534255, 43.688703671742495 ], [ -73.973218459213626, 43.689575912316172 ] ] ] } },
{ "type": "Feature", "properties": { "id": "36_2", "growth_scenario": "moderate", "market_gravity_weight": 25 }, "geometry": { "type": "Polygon", "coordinates": [ [ [ -73.977141583354822, 43.689321216228578 ], [ -73.975929245781657, 43.689115379116934 ], [ -73.975643141669536, 43.68998762559383 ], [ -73.975357030257626, 43.690859872830544 ], [ -73.974144670774862, 43.690654018765237 ], [ -73.974430796791523, 43.689781774480267 ], [ -73.973218459213626, 43.689575912316172 ], [ -73.973504592534255, 43.688703671742495 ], [ -73.972292276860685, 43.688497801479933 ], [ -73.972578417484641, 43.687625564617065 ], [ -73.973790718554682, 43.687831431928018 ], [ -73.974076837275192, 43.6869591928725 ], [ -73.975289131041691, 43.687165046181946 ], [ -73.976501432107526, 43.687370888441365 ], [ -73.977713740472339, 43.687576719650636 ], [ -73.977427665563027, 43.68844896755995 ], [ -73.977141583354822, 43.689321216228578 ] ] ] } },
{ "type": "Feature", "properties": { "id": "36_3", "growth_scenario": "moderate", "market_gravity_weight": 25 }, "geometry": { "type": "Polygon", "coordinates": [ [ [ -73.970944644688132, 43.680902321558683 ], [ -73.970658511358153, 43.681774544261643 ], [ -73.971870702917172, 43.681980427012697 ], [ -73.971584576888347, 43.682852653423893 ], [ -73.97279679034763, 43.683058528077034 ], [ -73.972510671620583, 43.683930758196894 ], [ -73.971298443559974, 43.683724880592486 ], [ -73.970086222799168, 43.683518991938932 ], [ -73.968874009338521, 43.683313092236268 ], [ -73.967661803178316, 43.683107181484509 ], [ -73.967947980309035, 43.682234963170373 ], [ -73.968234150139224, 43.6813627456132 ], [ -73.96852031266917, 43.680490528812761 ], [ -73.969732475028835, 43.680696430710022 ], [ -73.970018615659271, 43.679824211714894 ], [ -73.971230770718776, 43.680030099612466 ], [ -73.970944644688132, 43.680902321558683 ] ] ] } },
{ "type": "Feature", "properties": { "id": "36_4", "growth_scenario": "moderate", "market_gravity_weight": 25 }, "geometry": { "type": "Polygon", "coordinates": [ [ [ -73.999328942561377, 43.680195415071175 ], [ -74.000541192390202, 43.680401034084738 ], [ -74.000255438685173, 43.681273320074681 ], [ -73.999043174251895, 43.68106769811363 ], [ -73.998757398651705, 43.681939981914695 ], [ -73.998471615760494, 43.682812266474585 ], [ -73.998185825578048, 43.683684551793483 ], [ -73.996973524620984, 43.683478909938323 ], [ -73.995761230955779, 43.683273257032447 ], [ -73.994548944582775, 43.683067593075826 ], [ -73.993336665502298, 43.682861918068795 ], [ -73.993622514103791, 43.681989644542668 ], [ -73.994834778579929, 43.682195316601359 ], [ -73.996047050348309, 43.682400977609674 ], [ -73.997259329408607, 43.682606627567438 ], [ -73.997545126904626, 43.681734345955448 ], [ -73.997830917109354, 43.680862065102104 ], [ -73.996618667257849, 43.680656421040233 ], [ -73.996904464775412, 43.679784143893052 ], [ -73.998116700023004, 43.679989785007251 ], [ -73.998402475645889, 43.67911750567054 ], [ -73.99961470358042, 43.679323132787026 ], [ -73.999328942561377, 43.680195415071175 ] ] ] } },
{ "type": "Feature", "properties": { "id": "36_5", "growth_scenario": "moderate", "market_gravity_weight": 25 }, "geometry": { "type": "Polygon", "coordinates": [ [ [ -73.976283292933786, 43.691937966793539 ], [ -73.977495681622003, 43.692143801708987 ], [ -73.97720958482121, 43.693016056369409 ], [ -73.976923480720458, 43.693888311790488 ], [ -73.975711062820054, 43.693682470971503 ], [ -73.975424936812445, 43.694554724201723 ], [ -73.974212511606325, 43.694348869379482 ], [ -73.973000093701359, 43.694143003506113 ], [ -73.973286248921326, 43.69327075618024 ], [ -73.972073852923657, 43.693064882208212 ], [ -73.972360015447805, 43.692192638595174 ], [ -73.973572396840055, 43.69239850961501 ], [ -73.973858537457801, 43.691526263810083 ], [ -73.975070911545615, 43.691732120827211 ], [ -73.975357030257626, 43.690859872830544 ], [ -73.976569397040464, 43.691065715845184 ], [ -73.976283292933786, 43.691937966793539 ] ] ] } },
{ "type": "Feature", "properties": { "id": "36_6", "growth_scenario": "moderate", "market_gravity_weight": 25 }, "geometry": { "type": "Polygon", "coordinates": [ [ [ -73.974935149639919, 43.684342480257591 ], [ -73.97464905281754, 43.685214717037489 ], [ -73.973436795556083, 43.685008858580787 ], [ -73.973150676832063, 43.685881093167751 ], [ -73.972864550808339, 43.686753328513106 ], [ -73.97165227164146, 43.686547453103969 ], [ -73.971938412267775, 43.685675220710074 ], [ -73.970726155003518, 43.685469337202854 ], [ -73.971012302931783, 43.68459710851873 ], [ -73.969800067569608, 43.684391216913667 ], [ -73.970086222799168, 43.683518991938932 ], [ -73.971298443559974, 43.683724880592486 ], [ -73.972510671620583, 43.683930758196894 ], [ -73.97279679034763, 43.683058528077034 ], [ -73.974009011106119, 43.683264391681014 ], [ -73.975221239163474, 43.683470244235686 ], [ -73.976433474519411, 43.683676085740906 ], [ -73.976147399598005, 43.68454832471366 ], [ -73.974935149639919, 43.684342480257591 ] ] ] } },
{ "type": "Feature", "properties": { "id": "36_7", "growth_scenario": "moderate", "market_gravity_weight": 25 }, "geometry": { "type": "Polygon", "coordinates": [ [ [ -73.996401893169846, 43.685223476957837 ], [ -73.996116066505792, 43.686095761606865 ], [ -73.995830232549054, 43.686968047015796 ], [ -73.995544391299362, 43.68784033318488 ], [ -73.995258542756403, 43.68871262011421 ], [ -73.994046161454946, 43.688506949516658 ], [ -73.994332024604759, 43.687634665536223 ], [ -73.993119665203736, 43.687428986836302 ], [ -73.993405535666241, 43.686556706565071 ], [ -73.992193198165097, 43.686351019763045 ], [ -73.992479075939642, 43.685478743200491 ], [ -73.992764946420493, 43.684606467397437 ], [ -73.993977254710657, 43.684812148301738 ], [ -73.995189570293888, 43.685017818155202 ], [ -73.995475404271062, 43.684145537214178 ], [ -73.996687712541473, 43.684351193068402 ], [ -73.996401893169846, 43.685223476957837 ] ] ] } },
{ "type": "Feature", "properties": { "id": "36_8", "growth_scenario": "moderate", "market_gravity_weight": 25 }, "geometry": { "type": "Polygon", "coordinates": [ [ [ -74.000201776252482, 41.248468658997972 ], [ -73.999925849322977, 41.249338087826409 ], [ -73.999649915595981, 41.250207516744801 ], [ -73.998479344642504, 41.25000256267716 ], [ -73.998203390500379, 41.250871988999599 ], [ -73.997032812727753, 41.250667021574742 ], [ -73.995862241753713, 41.250462043478834 ], [ -73.99613822312989, 41.249592622528986 ], [ -73.99641419770748, 41.24872320166893 ], [ -73.996690165486669, 41.247853780898467 ], [ -73.996966126467754, 41.24698436021734 ], [ -73.99813664297595, 41.247189327568641 ], [ -73.99930716628171, 41.247394284249332 ], [ -73.999031232532914, 41.248263710302226 ], [ -74.000201776252482, 41.248468658997972 ] ] ] } },
{ "type": "Feature", "properties": { "id": "37_0", "growth_scenario": "moderate", "market_gravity_weight": 25 }, "geometry": { "type": "Polygon", "coordinates": [ [ [ -78.292564312457742, 35.798338911798012 ], [ -78.29366135083157, 35.798504361490231 ], [ -78.294758393979805, 35.798669801029234 ], [ -78.294551607549153, 35.799547475318299 ], [ -78.293454552186716, 35.799382033983854 ], [ -78.293247748767314, 35.800259705510655 ], [ -78.29304094057315, 35.801137376070905 ], [ -78.291943865556448, 35.80097192099182 ], [ -78.291737040372567, 35.801849588789878 ], [ -78.290639957916383, 35.801684121761561 ], [ -78.290846795314906, 35.800806455759322 ], [ -78.291053627938012, 35.799928788790588 ], [ -78.28995657468613, 35.799763315200565 ], [ -78.290163414747923, 35.798885649060821 ], [ -78.291260455785846, 35.799051120855033 ], [ -78.29146727885859, 35.798173451952565 ], [ -78.291674097156402, 35.797295782083047 ], [ -78.292771118541935, 35.797461240132897 ], [ -78.292564312457742, 35.798338911798012 ] ] ] } },
{ "type": "Feature", "properties": { "id": "37_1", "growth_scenario": "moderate", "market_gravity_weight": 25 }, "geometry": { "type": "Polygon", "coordinates": [ [ [ -78.290639957916383, 35.801684121761561 ], [ -78.291737040372567, 35.801849588789878 ], [ -78.292834127604081, 35.802015045664703 ], [ -78.292627309859952, 35.80289271429227 ], [ -78.291530210413356, 35.802727255621633 ], [ -78.291323375678658, 35.803604921487228 ], [ -78.290226268792381, 35.803439450866932 ], [ -78.289129166682031, 35.803273970092974 ], [ -78.288032069347835, 35.80310847916541 ], [ -78.288238940727581, 35.802230818688109 ], [ -78.28844580733103, 35.801353157244471 ], [ -78.289542880235771, 35.80151864457973 ], [ -78.289749729848793, 35.80064098037348 ], [ -78.288652669158381, 35.800475494834295 ], [ -78.288859526209762, 35.799597831457319 ], [ -78.28995657468613, 35.799763315200565 ], [ -78.291053627938012, 35.799928788790588 ], [ -78.290846795314906, 35.800806455759322 ], [ -78.290639957916383, 35.801684121761561 ] ] ] } },
{ "type": "Feature", "properties": { "id": "37_2", "growth_scenario": "moderate", "market_gravity_weight": 25 }, "geometry": { "type": "Polygon", "coordinates": [ [ [ -78.296475735908373, 35.796202196360369 ], [ -78.296268976013266, 35.797079875345673 ], [ -78.297366004281301, 35.797245290987803 ], [ -78.297159251826628, 35.798122970801096 ], [ -78.296062211344605, 35.797957553363815 ], [ -78.294965175636307, 35.797792125773356 ], [ -78.293868144702003, 35.797626688029688 ], [ -78.292771118541935, 35.797461240132897 ], [ -78.292977919851623, 35.796583567500569 ], [ -78.291880910679424, 35.796418111246226 ], [ -78.29208771942784, 35.795540439441915 ], [ -78.293184716386946, 35.795705893900909 ], [ -78.293391508148119, 35.794828219333645 ], [ -78.294488497668425, 35.794993661844572 ], [ -78.295585491962512, 35.795159094202589 ], [ -78.295378724627483, 35.79603677236021 ], [ -78.296475735908373, 35.796202196360369 ] ] ] } },
{ "type": "Feature", "properties": { "id": "37_3", "growth_scenario": "moderate", "market_gravity_weight": 25 }, "geometry": { "type": "Polygon", "coordinates": [ [ [ -78.296538965821156, 35.800756004440132 ], [ -78.296332194271628, 35.801633680386786 ], [ -78.29523510493101, 35.801468255768413 ], [ -78.295028316392049, 35.802345928953464 ], [ -78.293931219610656, 35.802180492385929 ], [ -78.293724414081765, 35.803058162809243 ], [ -78.2935176037779, 35.803935832266554 ], [ -78.292420487340578, 35.803770381953804 ], [ -78.292627309859952, 35.80289271429227 ], [ -78.292834127604081, 35.802015045664703 ], [ -78.291737040372567, 35.801849588789878 ], [ -78.291943865556448, 35.80097192099182 ], [ -78.29304094057315, 35.801137376070905 ], [ -78.293247748767314, 35.800259705510655 ], [ -78.293454552186716, 35.799382033983854 ], [ -78.294551607549153, 35.799547475318299 ], [ -78.29564866768591, 35.799712906499408 ], [ -78.295441888695549, 35.800590581617122 ], [ -78.296538965821156, 35.800756004440132 ] ] ] } },
{ "type": "Feature", "properties": { "id": "37_4", "growth_scenario": "moderate", "market_gravity_weight": 25 }, "geometry": { "type": "Polygon", "coordinates": [ [ [ -78.297636047720687, 35.800921417109507 ], [ -78.298733134393942, 35.801086819625233 ], [ -78.29852638727499, 35.801964499162452 ], [ -78.298319635382441, 35.802842177733623 ], [ -78.297222524278197, 35.802676771627354 ], [ -78.297015755396004, 35.803554447437357 ], [ -78.295918636850047, 35.803389029381805 ], [ -78.296125417947991, 35.802511355367351 ], [ -78.296332194271628, 35.801633680386786 ], [ -78.296538965821156, 35.800756004440132 ], [ -78.295441888695549, 35.800590581617122 ], [ -78.29564866768591, 35.799712906499408 ], [ -78.294551607549153, 35.799547475318299 ], [ -78.294758393979805, 35.798669801029234 ], [ -78.295855441902205, 35.798835230415001 ], [ -78.296952494598486, 35.799000649647382 ], [ -78.298049552068406, 35.799166058726449 ], [ -78.297842802281309, 35.800043738401214 ], [ -78.297636047720687, 35.800921417109507 ] ] ] } },
{ "type": "Feature", "properties": { "id": "37_5", "growth_scenario": "moderate", "market_gravity_weight": 25 }, "geometry": { "type": "Polygon", "coordinates": [ [ [ -78.296125417947991, 35.802511355367351 ], [ -78.295918636850047, 35.803389029381805 ], [ -78.297015755396004, 35.803554447437357 ], [ -78.29680898173963, 35.804432122281519 ], [ -78.295711850977682, 35.804266702430475 ], [ -78.295505060330697, 35.805144374513468 ], [ -78.294407922127291, 35.804978942712779 ], [ -78.294201114489184, 35.805856612034496 ], [ -78.293103968844605, 35.805691168283907 ], [ -78.293310788698918, 35.804813500758065 ], [ -78.292213660045817, 35.804648048649362 ], [ -78.292420487340578, 35.803770381953804 ], [ -78.2935176037779, 35.803935832266554 ], [ -78.293724414081765, 35.803058162809243 ], [ -78.293931219610656, 35.802180492385929 ], [ -78.295028316392049, 35.802345928953464 ], [ -78.29523510493101, 35.801468255768413 ], [ -78.296332194271628, 35.801633680386786 ], [ -78.296125417947991, 35.802511355367351 ] ] ] } },
{ "type": "Feature", "properties": { "id": "38_0", "growth_scenario": "moderate", "market_gravity_weight": 25 }, "geometry": { "type": "Polygon", "coordinates": [ [ [ -100.877440763222623, 46.84578532392463 ], [ -100.877507748041268, 46.846687362432718 ], [ -100.87620374541487, 46.846733693456883 ], [ -100.874899740950667, 46.846780012110536 ], [ -100.874832791823053, 46.845877972066233 ], [ -100.873528803367165, 46.845924277581389 ], [ -100.87222481307451, 46.845970570726067 ], [ -100.872157901474537, 46.845068531693329 ], [ -100.872090991710763, 46.844166495207091 ], [ -100.873394946313439, 46.844120203597477 ], [ -100.874698899079519, 46.844073899617833 ], [ -100.87600285000849, 46.844027583268137 ], [ -100.877306799099898, 46.843981254548503 ], [ -100.877373780242195, 46.844883287963341 ], [ -100.877440763222623, 46.84578532392463 ] ] ] } },
{ "type": "Feature", "properties": { "id": "38_1", "growth_scenario": "moderate", "market_gravity_weight": 25 }, "geometry": { "type": "Polygon", "coordinates": [ [ [ -100.884317447712448, 46.797610156865581 ], [ -100.884384477764428, 46.798512054749686 ], [ -100.88308143496603, 46.798558443990252 ], [ -100.883148449036611, 46.799460345170012 ], [ -100.881845386580864, 46.799506722818528 ], [ -100.881912384669064, 46.800408627294289 ], [ -100.880609302555825, 46.800454993350371 ], [ -100.880542322287837, 46.799553088107253 ], [ -100.879239256158002, 46.799599441036065 ], [ -100.87917229554661, 46.798697537554112 ], [ -100.87910533677146, 46.797795636600291 ], [ -100.880408367262163, 46.797749285205775 ], [ -100.880341392504349, 46.796847387546698 ], [ -100.881644403339649, 46.796801024560004 ], [ -100.882947412337884, 46.796754649214186 ], [ -100.883014422733154, 46.797656545338377 ], [ -100.884317447712448, 46.797610156865581 ] ] ] } },
{ "type": "Feature", "properties": { "id": "38_2", "growth_scenario": "moderate", "market_gravity_weight": 25 }, "geometry": { "type": "Polygon", "coordinates": [ [ [ -100.891717295112628, 46.844372847173993 ], [ -100.891784474383073, 46.845274874671922 ], [ -100.893088437073203, 46.84522839597367 ], [ -100.893155636031807, 46.846130425247296 ], [ -100.891851655497092, 46.846176904716195 ], [ -100.891918838454771, 46.847078937307153 ], [ -100.890614838231244, 46.847125405176293 ], [ -100.890547673118718, 46.846223371814823 ], [ -100.890480509849354, 46.845321341000151 ], [ -100.889176543472544, 46.845367794958335 ], [ -100.887872575253141, 46.845414236546461 ], [ -100.886568605191627, 46.845460665764477 ], [ -100.886501497298298, 46.844558635186075 ], [ -100.886434391246539, 46.843656607153875 ], [ -100.88773832561975, 46.843610179475448 ], [ -100.889042258151008, 46.843563739427339 ], [ -100.890346188839814, 46.843517287009512 ], [ -100.890413348423081, 46.844419312731816 ], [ -100.891717295112628, 46.844372847173993 ] ] ] } },
{ "type": "Feature", "properties": { "id": "38_3", "growth_scenario": "moderate", "market_gravity_weight": 25 }, "geometry": { "type": "Polygon", "coordinates": [ [ [ -97.051341107928735, 46.872328859085734 ], [ -97.052647258353701, 46.872318859950774 ], [ -97.05266172688242, 46.873222108532637 ], [ -97.052676195808871, 46.874125359709751 ], [ -97.051370009483463, 46.874135359177053 ], [ -97.051384460856696, 46.875038613116118 ], [ -97.05007825618307, 46.875048600334978 ], [ -97.04877205111265, 46.8750585751391 ], [ -97.048757635641394, 46.874155320868212 ], [ -97.047451448125727, 46.874165283092182 ], [ -97.047437051001239, 46.873262031251457 ], [ -97.048743220566408, 46.873252069193171 ], [ -97.048728805887635, 46.872348820113402 ], [ -97.050034957106547, 46.872338845806603 ], [ -97.050020524874512, 46.871435599487654 ], [ -97.051326657747182, 46.871425612932704 ], [ -97.051341107928735, 46.872328859085734 ] ] ] } },
{ "type": "Feature", "properties": { "id": "38_4", "growth_scenario": "moderate", "market_gravity_weight": 25 }, "geometry": { "type": "Polygon", "coordinates": [ [ [ -97.047451448125727, 46.874165283092182 ], [ -97.048757635641394, 46.874155320868212 ], [ -97.04877205111265, 46.8750585751391 ], [ -97.05007825618307, 46.875048600334978 ], [ -97.051384460856696, 46.875038613116118 ], [ -97.051398912627192, 46.875941869651271 ], [ -97.050092690002089, 46.875951857036114 ], [ -97.048786466980218, 46.875961832006034 ], [ -97.047480243562021, 46.87597179456111 ], [ -97.046174019748037, 46.875981744701228 ], [ -97.04486779553875, 46.875991682426452 ], [ -97.043561570934642, 46.876001607736825 ], [ -97.043547226873201, 46.875098350208752 ], [ -97.044853433525759, 46.875088425063431 ], [ -97.044839071907575, 46.87418517029645 ], [ -97.046145260214288, 46.874175232901536 ], [ -97.046130881040341, 46.87327198089551 ], [ -97.047437051001239, 46.873262031251457 ], [ -97.047451448125727, 46.874165283092182 ] ] ] } },
{ "type": "Feature", "properties": { "id": "38_5", "growth_scenario": "moderate", "market_gravity_weight": 25 }, "geometry": { "type": "Polygon", "coordinates": [ [ [ -100.876097770000698, 46.792476940457114 ], [ -100.877400697256633, 46.792430618381168 ], [ -100.877467627199451, 46.793332504940651 ], [ -100.877534558977572, 46.794234394026198 ], [ -100.876231596088061, 46.794280717635168 ], [ -100.876298511884031, 46.795182610013654 ], [ -100.876365429514962, 46.796084504918795 ], [ -100.876432348980956, 46.796986402351095 ], [ -100.875129330802281, 46.797032715900571 ], [ -100.875062429154866, 46.796130817701858 ], [ -100.874995529342016, 46.795228922030233 ], [ -100.874928631363645, 46.794327028885419 ], [ -100.873625664804834, 46.794373327776889 ], [ -100.873558786478057, 46.793471436392331 ], [ -100.87349190998512, 46.792569547533944 ], [ -100.874794840910027, 46.792523250174725 ], [ -100.874727948434639, 46.791621364608112 ], [ -100.876030859709161, 46.791575055656715 ], [ -100.876097770000698, 46.792476940457114 ] ] ] } },
{ "type": "Feature", "properties": { "id": "38_6", "growth_scenario": "moderate", "market_gravity_weight": 25 }, "geometry": { "type": "Polygon", "coordinates": [ [ [ -100.881510423697577, 46.794997238358121 ], [ -100.88281339705992, 46.794950864547147 ], [ -100.882880403780163, 46.79585275561719 ], [ -100.882947412337884, 46.796754649214186 ], [ -100.881644403339649, 46.796801024560004 ], [ -100.880341392504349, 46.796847387546698 ], [ -100.87903837983248, 46.796893738174113 ], [ -100.877735365324511, 46.796940076442262 ], [ -100.877668428040025, 46.796038179776637 ], [ -100.877601492591083, 46.795136285638073 ], [ -100.877534558977572, 46.794234394026198 ], [ -100.878837520031723, 46.794188058058559 ], [ -100.880140479250016, 46.794141709732216 ], [ -100.880207448498354, 46.795043599810327 ], [ -100.881510423697577, 46.794997238358121 ] ] ] } },
{ "type": "Feature", "properties": { "id": "38_7", "growth_scenario": "moderate", "market_gravity_weight": 25 }, "geometry": { "type": "Polygon", "coordinates": [ [ [ -100.882559678462442, 46.861883300558304 ], [ -100.883863977175437, 46.861836906972442 ], [ -100.883931066511238, 46.862738988305743 ], [ -100.885235381236598, 46.862692581576049 ], [ -100.885302490268373, 46.863594664692698 ], [ -100.886606821005927, 46.863548244818752 ], [ -100.886673949734657, 46.864450329718963 ], [ -100.88536960114233, 46.864496750363159 ], [ -100.884065250707764, 46.864543158632877 ], [ -100.882760898431428, 46.864589554528081 ], [ -100.881456544313821, 46.864635938048707 ], [ -100.881389487004668, 46.863733850068826 ], [ -100.881322431536219, 46.862831764642756 ], [ -100.881255377908403, 46.861929681770178 ], [ -100.881188326121134, 46.861027601450722 ], [ -100.882492608821622, 46.860981221008274 ], [ -100.882559678462442, 46.861883300558304 ] ] ] } },
{ "type": "Feature", "properties": { "id": "39_0", "growth_scenario": "moderate", "market_gravity_weight": 25 }, "geometry": { "type": "Polygon", "coordinates": [ [ [ -82.782219508365557, 39.878048517662968 ], [ -82.782055953469609, 39.87893233542205 ], [ -82.781892394552131, 39.879816153313243 ], [ -82.78172883161298, 39.880699971336682 ], [ -82.780560471250894, 39.880576235748599 ], [ -82.779392114910962, 39.880452489301433 ], [ -82.779555706014733, 39.879568674417193 ], [ -82.778387367779388, 39.879444918680854 ], [ -82.778550968942582, 39.878561105498555 ], [ -82.778714566083252, 39.877677292448112 ], [ -82.778878159201568, 39.876793479529269 ], [ -82.780046455192632, 39.876917230556629 ], [ -82.78121475520561, 39.877040970725439 ], [ -82.781051190249642, 39.877924786783339 ], [ -82.782219508365557, 39.878048517662968 ] ] ] } },
{ "type": "Feature", "properties": { "id": "39_1", "growth_scenario": "moderate", "market_gravity_weight": 25 }, "geometry": { "type": "Polygon", "coordinates": [ [ [ -82.803599173728855, 39.801014376788451 ], [ -82.803436056468954, 39.801898193159317 ], [ -82.804603178799255, 39.802021711832289 ], [ -82.80444007158664, 39.802905529878835 ], [ -82.803272935202443, 39.802782009643416 ], [ -82.803109809929211, 39.803665826241009 ], [ -82.802946680649086, 39.804549642952288 ], [ -82.801779520163194, 39.804426108743414 ], [ -82.801942663497712, 39.80354229359488 ], [ -82.800775521073433, 39.803418750100533 ], [ -82.800938674454642, 39.802534936628398 ], [ -82.799771550091691, 39.802411383848892 ], [ -82.799934713518923, 39.801527572052898 ], [ -82.801101823828461, 39.801651123269608 ], [ -82.801264969195003, 39.800767310023851 ], [ -82.802432069458547, 39.800890848830065 ], [ -82.802595196765068, 39.800007034134659 ], [ -82.803762286982305, 39.800130560530619 ], [ -82.803599173728855, 39.801014376788451 ] ] ] } },
{ "type": "Feature", "properties": { "id": "39_2", "growth_scenario": "moderate", "market_gravity_weight": 25 }, "geometry": { "type": "Polygon", "coordinates": [ [ [ -82.64010122102205, 39.701583495521561 ], [ -82.639936323891476, 39.702467062926111 ], [ -82.638771097930942, 39.702342018013496 ], [ -82.638606182755481, 39.703225583925146 ], [ -82.637440946838041, 39.703100526609148 ], [ -82.63760587601449, 39.702216962273248 ], [ -82.636440658142448, 39.702091895705458 ], [ -82.636605597274993, 39.701208333028049 ], [ -82.63544039744805, 39.701083257208758 ], [ -82.635605346536067, 39.700199696189578 ], [ -82.636770532362974, 39.700324770432999 ], [ -82.637935722234332, 39.700449833849177 ], [ -82.638100639277994, 39.699566269760524 ], [ -82.639265819193454, 39.699691320773823 ], [ -82.640431003152543, 39.6998163609599 ], [ -82.640266114109025, 39.700699928199576 ], [ -82.64010122102205, 39.701583495521561 ] ] ] } },
{ "type": "Feature", "properties": { "id": "39_3", "growth_scenario": "moderate", "market_gravity_weight": 25 }, "geometry": { "type": "Polygon", "coordinates": [ [ [ -82.637430232271953, 39.696790520871893 ], [ -82.63859536614585, 39.696915577985678 ], [ -82.638430461233625, 39.69779914182898 ], [ -82.638265552277716, 39.698682705753889 ], [ -82.637100390405749, 39.698557645489053 ], [ -82.636935463406502, 39.699441207920053 ], [ -82.63577029157932, 39.699316135252509 ], [ -82.635605346536067, 39.700199696189578 ], [ -82.634440164753926, 39.700074611118986 ], [ -82.634605123796732, 39.699191051757865 ], [ -82.633439960059107, 39.699065957436247 ], [ -82.633604929056048, 39.698182399732893 ], [ -82.634770078794588, 39.698307492478513 ], [ -82.634935029747638, 39.697423933280696 ], [ -82.636100169532085, 39.697549013623586 ], [ -82.636265102441911, 39.696665452931413 ], [ -82.636430031307555, 39.695781892320348 ], [ -82.637595147139223, 39.69590695868532 ], [ -82.637430232271953, 39.696790520871893 ] ] ] } },
{ "type": "Feature", "properties": { "id": "39_4", "growth_scenario": "moderate", "market_gravity_weight": 25 }, "geometry": { "type": "Polygon", "coordinates": [ [ [ -82.576196943981159, 39.706426574382121 ], [ -82.577362127156235, 39.706552201245387 ], [ -82.577196449376913, 39.707435687597062 ], [ -82.576031252204444, 39.707310059150664 ], [ -82.575865556364604, 39.708193544001162 ], [ -82.575699856461512, 39.709077028933677 ], [ -82.574534635356699, 39.708951386494462 ], [ -82.573369418315608, 39.708825733228771 ], [ -82.573535146214354, 39.707942251463059 ], [ -82.572369947234961, 39.707816588954572 ], [ -82.572535685067066, 39.706933108854315 ], [ -82.572701418835052, 39.70604962883575 ], [ -82.573866589820241, 39.706175288177228 ], [ -82.575031764869053, 39.706300936692664 ], [ -82.575197466579709, 39.705417453588908 ], [ -82.576362631694892, 39.705543089695183 ], [ -82.576196943981159, 39.706426574382121 ] ] ] } },
{ "type": "Feature", "properties": { "id": "40_0", "growth_scenario": "moderate", "market_gravity_weight": 25 }, "geometry": { "type": "Polygon", "coordinates": [ [ [ -97.73008101707056, 36.819331819829863 ], [ -97.730101616246273, 36.820224214543373 ], [ -97.728970230077508, 36.820240457276981 ], [ -97.728990816278653, 36.821132851775651 ], [ -97.727859416154672, 36.821149084071017 ], [ -97.726728015540843, 36.821165305742014 ], [ -97.726707456269835, 36.820272910871459 ], [ -97.726686897488349, 36.81938051559986 ], [ -97.726666339196356, 36.818488119927125 ], [ -97.72779769941593, 36.818471898813819 ], [ -97.727777128149313, 36.817579502925526 ], [ -97.728908474414979, 36.817563271374219 ], [ -97.730039820190541, 36.817547029198991 ], [ -97.730060418385321, 36.818439424715095 ], [ -97.73008101707056, 36.819331819829863 ] ] ] } },
{ "type": "Feature", "properties": { "id": "40_1", "growth_scenario": "moderate", "market_gravity_weight": 25 }, "geometry": { "type": "Polygon", "coordinates": [ [ [ -97.032951808770363, 36.161327680678554 ], [ -97.03296400102144, 36.162220519059723 ], [ -97.032976193560316, 36.163113356892467 ], [ -97.032988386387018, 36.164006194176963 ], [ -97.031866697561995, 36.164015894216917 ], [ -97.031854517973002, 36.163123056823899 ], [ -97.031842338671538, 36.162230218882613 ], [ -97.030720676034122, 36.162239908167415 ], [ -97.029599013109532, 36.162249586914157 ], [ -97.029586860569751, 36.161356748207702 ], [ -97.029574708316858, 36.160463908952678 ], [ -97.030696344767534, 36.160454230422587 ], [ -97.030684179565, 36.159561390726992 ], [ -97.03180580249203, 36.159551701767455 ], [ -97.032927425131604, 36.159542002270165 ], [ -97.032939616807099, 36.160434841748753 ], [ -97.032951808770363, 36.161327680678554 ] ] ] } },
{ "type": "Feature", "properties": { "id": "41_0", "growth_scenario": "moderate", "market_gravity_weight": 25 }, "geometry": { "type": "Polygon", "coordinates": [ [ [ -122.742638333733595, 45.334508035245761 ], [ -122.742992770987499, 45.335372037587774 ], [ -122.74176665551289, 45.335621796393369 ], [ -122.742121087415171, 45.336485803424004 ], [ -122.740894948297012, 45.336735554997716 ], [ -122.739668800033144, 45.336985295579119 ], [ -122.739314397127018, 45.336121281028511 ], [ -122.738960003365946, 45.335257267406888 ], [ -122.73860561874956, 45.334393254714008 ], [ -122.739831723519572, 45.334143525411868 ], [ -122.739477333550212, 45.333279517406886 ], [ -122.740703414678592, 45.333029780872351 ], [ -122.741929486662343, 45.332780033346133 ], [ -122.742283905625328, 45.333644033831966 ], [ -122.742638333733595, 45.334508035245761 ] ] ] } },
{ "type": "Feature", "properties": { "id": "41_1", "growth_scenario": "moderate", "market_gravity_weight": 25 }, "geometry": { "type": "Polygon", "coordinates": [ [ [ -122.484645282237722, 45.457889398833345 ], [ -122.484997037565833, 45.458754344725044 ], [ -122.485348801994562, 45.459619291604596 ], [ -122.484119449608386, 45.459866784514297 ], [ -122.484471208537002, 45.46073173612853 ], [ -122.483241832448769, 45.460979221751472 ], [ -122.482890088121579, 45.460114266390789 ], [ -122.481660717534453, 45.46036173723401 ], [ -122.480431337847278, 45.460609197043787 ], [ -122.480079631823642, 45.459744235179365 ], [ -122.481308996909007, 45.459496779115668 ], [ -122.480957285383269, 45.458631821985684 ], [ -122.480605582956855, 45.457766865843944 ], [ -122.481834909740613, 45.45751940623866 ], [ -122.483064227425047, 45.457271935600353 ], [ -122.483415959052763, 45.458136884250486 ], [ -122.484645282237722, 45.457889398833345 ] ] ] } },
{ "type": "Feature", "properties": { "id": "41_10", "growth_scenario": "moderate", "market_gravity_weight": 25 }, "geometry": { "type": "Polygon", "coordinates": [ [ [ -122.481483201812679, 45.456654454830364 ], [ -122.48271250489698, 45.456406987937832 ], [ -122.483941798881986, 45.456159510012583 ], [ -122.484293536009886, 45.457024453929272 ], [ -122.483064227425047, 45.457271935600353 ], [ -122.481834909740613, 45.45751940623866 ], [ -122.480605582956855, 45.457766865843944 ], [ -122.480957285383269, 45.458631821985684 ], [ -122.481308996909007, 45.459496779115668 ], [ -122.480079631823642, 45.459744235179365 ], [ -122.479727934899344, 45.458879274303612 ], [ -122.4793762470741, 45.458014314416133 ], [ -122.47902456834754, 45.457149355516734 ], [ -122.47867289871931, 45.456284397605231 ], [ -122.478321238189082, 45.455419440681268 ], [ -122.479550530270217, 45.455172003345062 ], [ -122.480779813253363, 45.454924554975996 ], [ -122.481131502983715, 45.455789504409552 ], [ -122.481483201812679, 45.456654454830364 ] ] ] } },
{ "type": "Feature", "properties": { "id": "41_11", "growth_scenario": "moderate", "market_gravity_weight": 25 }, "geometry": { "type": "Polygon", "coordinates": [ [ [ -122.615055950312922, 45.142421676045892 ], [ -122.615407731907808, 45.143285606211769 ], [ -122.614184650807317, 45.143534087865035 ], [ -122.614536427018095, 45.144398022624614 ], [ -122.613313322423494, 45.144646497022876 ], [ -122.613665093249537, 45.145510436376632 ], [ -122.612441965160144, 45.145758903519692 ], [ -122.612090208774177, 45.144894960450728 ], [ -122.610867086070485, 45.145143412907991 ], [ -122.610515353179053, 45.144279467003265 ], [ -122.610163629341329, 45.143415521977602 ], [ -122.611386723165097, 45.143167076950043 ], [ -122.611034993941331, 45.142303136517874 ], [ -122.612258064272226, 45.142054684234651 ], [ -122.613481125549427, 45.141806220981351 ], [ -122.613832883651213, 45.142670153984028 ], [ -122.615055950312922, 45.142421676045892 ] ] ] } },
{ "type": "Feature", "properties": { "id": "41_12", "growth_scenario": "moderate", "market_gravity_weight": 25 }, "geometry": { "type": "Polygon", "coordinates": [ [ [ -122.282378226443683, 45.431101425650816 ], [ -122.282727224660235, 45.431966837484744 ], [ -122.281497633623786, 45.432212468412629 ], [ -122.281846626243862, 45.433077884958529 ], [ -122.2806170115486, 45.433323508558651 ], [ -122.279387387822482, 45.433569121114104 ], [ -122.279038424458705, 45.432703697135075 ], [ -122.277808806330725, 45.432949294929358 ], [ -122.277459866625506, 45.432083868229974 ], [ -122.278689470125144, 45.4318382741519 ], [ -122.278340524821445, 45.430972852164167 ], [ -122.279570104663534, 45.430727250757684 ], [ -122.280799675475805, 45.430481638306865 ], [ -122.282029237257916, 45.430236014811889 ], [ -122.283258790009583, 45.429990380272827 ], [ -122.283607793822014, 45.430855787395309 ], [ -122.282378226443683, 45.431101425650816 ] ] ] } },
{ "type": "Feature", "properties": { "id": "41_13", "growth_scenario": "moderate", "market_gravity_weight": 25 }, "geometry": { "type": "Polygon", "coordinates": [ [ [ -122.277825440447231, 45.426400174321202 ], [ -122.279054938127402, 45.426154580449079 ], [ -122.280284426779147, 45.425908975533382 ], [ -122.280633370816048, 45.426774381401039 ], [ -122.281862865064113, 45.426528761726246 ], [ -122.282211832755507, 45.427394164871906 ], [ -122.280982323882, 45.427639788262482 ], [ -122.28133128597743, 45.428505196117925 ], [ -122.280101753448406, 45.428750812180724 ], [ -122.27887221188989, 45.428996417199556 ], [ -122.278523279046993, 45.42813100191249 ], [ -122.277293743086105, 45.428376592171652 ], [ -122.27694483389844, 45.427511174163492 ], [ -122.276595933738918, 45.426645757149622 ], [ -122.276247042607238, 45.425780341129823 ], [ -122.27747653468974, 45.42553476201649 ], [ -122.277825440447231, 45.426400174321202 ] ] ] } },
{ "type": "Feature", "properties": { "id": "41_2", "growth_scenario": "moderate", "market_gravity_weight": 25 }, "geometry": { "type": "Polygon", "coordinates": [ [ [ -122.379459478181147, 45.437858179671849 ], [ -122.378230134729534, 45.438104695041403 ], [ -122.378580409622515, 45.438969874040247 ], [ -122.379809767685927, 45.438723354940834 ], [ -122.381039116686495, 45.438476824803644 ], [ -122.381389429865848, 45.439341997332214 ], [ -122.380160066253538, 45.439588531199533 ], [ -122.378930693578027, 45.439835054028983 ], [ -122.379280986596413, 45.440700235007995 ], [ -122.378051590245278, 45.44094675052942 ], [ -122.377701311839658, 45.440081565820407 ], [ -122.376471921038757, 45.440328066573521 ], [ -122.376121666308478, 45.439462879125038 ], [ -122.377351042496613, 45.439216382101684 ], [ -122.37700078221576, 45.438351199373095 ], [ -122.376650530996784, 45.437486017634406 ], [ -122.376300288839346, 45.436620836885403 ], [ -122.377529612129777, 45.436374340012655 ], [ -122.378758926358728, 45.436127832102287 ], [ -122.379109197738856, 45.436993005392395 ], [ -122.379459478181147, 45.437858179671849 ] ] ] } },
{ "type": "Feature", "properties": { "id": "41_3", "growth_scenario": "moderate", "market_gravity_weight": 25 }, "geometry": { "type": "Polygon", "coordinates": [ [ [ -122.585780625763007, 45.187651415331466 ], [ -122.586132267487685, 45.188515516531901 ], [ -122.586483918270631, 45.189379618627171 ], [ -122.585259889711338, 45.189627865003168 ], [ -122.585611535088432, 45.190491971711985 ], [ -122.584387483006026, 45.190740210826384 ], [ -122.584035852093763, 45.189876100399061 ], [ -122.583684230239456, 45.189011990867151 ], [ -122.583332617442835, 45.18814788223046 ], [ -122.58210859969661, 45.18839609921001 ], [ -122.581757010421541, 45.187531987750376 ], [ -122.582981013703517, 45.187283774488613 ], [ -122.582629419021202, 45.18641966764141 ], [ -122.583853398782651, 45.186171447117502 ], [ -122.585077369487138, 45.185923215614032 ], [ -122.585428993096286, 45.186787315025605 ], [ -122.585780625763007, 45.187651415331466 ] ] ] } },
{ "type": "Feature", "properties": { "id": "41_4", "growth_scenario": "moderate", "market_gravity_weight": 25 }, "geometry": { "type": "Polygon", "coordinates": [ [ [ -122.360079770033636, 45.353827539744366 ], [ -122.360429369543112, 45.354692582221595 ], [ -122.359201482984503, 45.354938872763078 ], [ -122.359551076948989, 45.355803919919886 ], [ -122.360778978086771, 45.355557625663501 ], [ -122.361128595664894, 45.356422670070266 ], [ -122.359900679947685, 45.356668968041802 ], [ -122.358672755195954, 45.356915254987797 ], [ -122.358323166777026, 45.356050203150922 ], [ -122.35797358739201, 45.35518515227924 ], [ -122.357624017040536, 45.354320102372533 ], [ -122.356396126994028, 45.354566367148735 ], [ -122.35604658025494, 45.353701314492433 ], [ -122.357274455722248, 45.35345505343065 ], [ -122.356924903436806, 45.35259000545328 ], [ -122.358152755292721, 45.352343737080552 ], [ -122.359380598115791, 45.352097457682852 ], [ -122.359730179557985, 45.352962498231513 ], [ -122.360079770033636, 45.353827539744366 ] ] ] } },
{ "type": "Feature", "properties": { "id": "41_5", "growth_scenario": "moderate", "market_gravity_weight": 25 }, "geometry": { "type": "Polygon", "coordinates": [ [ [ -122.613665093249537, 45.145510436376632 ], [ -122.614016873130609, 45.146374376609671 ], [ -122.612793730600842, 45.146622847468116 ], [ -122.613145505096611, 45.147486792296235 ], [ -122.611922339070745, 45.147735255899356 ], [ -122.612274108180586, 45.148599205323002 ], [ -122.611050918657938, 45.148847661670601 ], [ -122.61069916398975, 45.147983708531441 ], [ -122.609475979853954, 45.148232150192428 ], [ -122.609124248682306, 45.147368194218323 ], [ -122.608772526564806, 45.14650423912439 ], [ -122.60999568181748, 45.146255804893698 ], [ -122.609643954312702, 45.145391854394632 ], [ -122.610867086070485, 45.145143412907991 ], [ -122.612090208774177, 45.144894960450728 ], [ -122.612441965160144, 45.145758903519692 ], [ -122.613665093249537, 45.145510436376632 ] ] ] } },
{ "type": "Feature", "properties": { "id": "41_6", "growth_scenario": "moderate", "market_gravity_weight": 25 }, "geometry": { "type": "Polygon", "coordinates": [ [ [ -122.607365728629631, 45.143048427545786 ], [ -122.608588826119714, 45.142800008173552 ], [ -122.608940526464153, 45.143663956034779 ], [ -122.609292235861702, 45.144527904775074 ], [ -122.608069109490927, 45.144776331576132 ], [ -122.608420813501127, 45.145640284910407 ], [ -122.607197663636057, 45.145888704455274 ], [ -122.605974504717835, 45.146137113029013 ], [ -122.60562282959026, 45.145273152265709 ], [ -122.604399676060964, 45.14552154615393 ], [ -122.604048024427414, 45.144657582556221 ], [ -122.605271163515198, 45.144409192382192 ], [ -122.604919506492337, 45.143545233378255 ], [ -122.606142622087049, 45.143296835947389 ], [ -122.605790959675488, 45.142432881536763 ], [ -122.607014051777838, 45.142184476849209 ], [ -122.607365728629631, 45.143048427545786 ] ] ] } },
{ "type": "Feature", "properties": { "id": "41_7", "growth_scenario": "moderate", "market_gravity_weight": 25 }, "geometry": { "type": "Polygon", "coordinates": [ [ [ -122.737896876949534, 45.332665232113548 ], [ -122.739122952725168, 45.332415510330009 ], [ -122.740349019356856, 45.332165777554799 ], [ -122.741575076844285, 45.331916033788069 ], [ -122.7428011251871, 45.331666279029889 ], [ -122.743155549501154, 45.332530274828422 ], [ -122.743509982960461, 45.333394271554468 ], [ -122.742283905625328, 45.333644033831966 ], [ -122.741929486662343, 45.332780033346133 ], [ -122.740703414678592, 45.333029780872351 ], [ -122.739477333550212, 45.333279517406886 ], [ -122.739831723519572, 45.334143525411868 ], [ -122.73860561874956, 45.334393254714008 ], [ -122.737379504835189, 45.334642973024081 ], [ -122.737025143860834, 45.333778957500478 ], [ -122.735799035300445, 45.334028661059257 ], [ -122.735444697967509, 45.333164642705057 ], [ -122.736670792030182, 45.332914942905269 ], [ -122.736316449342894, 45.332050929238257 ], [ -122.737542519765171, 45.331801222205449 ], [ -122.737896876949534, 45.332665232113548 ] ] ] } },
{ "type": "Feature", "properties": { "id": "41_8", "growth_scenario": "moderate", "market_gravity_weight": 25 }, "geometry": { "type": "Polygon", "coordinates": [ [ [ -122.762709719723702, 45.315437992287713 ], [ -122.763935387633438, 45.315188055632262 ], [ -122.764289997343738, 45.316051960464861 ], [ -122.76464461620121, 45.316915866218139 ], [ -122.763418919321595, 45.317165810393256 ], [ -122.762193213294751, 45.317415743581101 ], [ -122.761838623407812, 45.316551830308121 ], [ -122.760612922719858, 45.316801748749029 ], [ -122.759387212885613, 45.317051656202537 ], [ -122.759032661116578, 45.316187736331734 ], [ -122.760258356464959, 45.315937832637573 ], [ -122.75990379935601, 45.315073917447187 ], [ -122.759549251392642, 45.314210003177514 ], [ -122.760774908625066, 45.313960096014625 ], [ -122.762000556711939, 45.313710177864792 ], [ -122.762355133644746, 45.314574084616076 ], [ -122.762709719723702, 45.315437992287713 ] ] ] } },
{ "type": "Feature", "properties": { "id": "41_9", "growth_scenario": "moderate", "market_gravity_weight": 25 }, "geometry": { "type": "Polygon", "coordinates": [ [ [ -122.743097789447674, 45.319435484451368 ], [ -122.743452152869651, 45.320299453183473 ], [ -122.743806525433598, 45.321163422839213 ], [ -122.742580673092789, 45.321413180212787 ], [ -122.74135481160998, 45.321662926596758 ], [ -122.741000468028275, 45.320798949425296 ], [ -122.739774611895385, 45.321048681061889 ], [ -122.739420291946388, 45.320184701056924 ], [ -122.73906598113814, 45.319320721975878 ], [ -122.74029180828866, 45.319070997854134 ], [ -122.739937492130053, 45.318207023454065 ], [ -122.741163295649514, 45.317957292100218 ], [ -122.742389090028354, 45.31770754975728 ], [ -122.74274343516737, 45.318571516642706 ], [ -122.743097789447674, 45.319435484451368 ] ] ] } },
{ "type": "Feature", "properties": { "id": "42_0", "growth_scenario": "moderate", "market_gravity_weight": 25 }, "geometry": { "type": "Polygon", "coordinates": [ [ [ -77.706077679877879, 39.77709240704489 ], [ -77.705852298560771, 39.77796832103563 ], [ -77.705626911758969, 39.77884423493493 ], [ -77.704470589313416, 39.778673497514973 ], [ -77.703314272353055, 39.778502749449203 ], [ -77.702157960878182, 39.778331990737783 ], [ -77.702383388284048, 39.777456083254499 ], [ -77.70260881020431, 39.776580175679463 ], [ -77.703765094610489, 39.776750930113437 ], [ -77.703990497511455, 39.775875020307915 ], [ -77.704215894927501, 39.774999110410377 ], [ -77.705372157750929, 39.775169849921959 ], [ -77.706528426058753, 39.775340578788317 ], [ -77.70630305571045, 39.776216492962519 ], [ -77.706077679877879, 39.77709240704489 ] ] ] } },
{ "type": "Feature", "properties": { "id": "42_1", "growth_scenario": "moderate", "market_gravity_weight": 25 }, "geometry": { "type": "Polygon", "coordinates": [ [ [ -77.689046474293193, 39.861863411386828 ], [ -77.690204097888568, 39.862034296966826 ], [ -77.689978256959435, 39.862910213850448 ], [ -77.688820619799301, 39.862739326123481 ], [ -77.687662988141668, 39.862568427739483 ], [ -77.68650536198686, 39.862397518698387 ], [ -77.685347741335136, 39.862226599000401 ], [ -77.685573636522051, 39.861350690705208 ], [ -77.685799526205741, 39.860474782338144 ], [ -77.686025410386435, 39.859598873899003 ], [ -77.687182990346614, 39.859769787155457 ], [ -77.68834057580932, 39.859940689755312 ], [ -77.689498166774243, 39.860111581698554 ], [ -77.689272323284754, 39.860987496578566 ], [ -77.689046474293193, 39.861863411386828 ] ] ] } },
{ "type": "Feature", "properties": { "id": "42_2", "growth_scenario": "moderate", "market_gravity_weight": 25 }, "geometry": { "type": "Polygon", "coordinates": [ [ [ -77.686985350948774, 39.865196165080413 ], [ -77.688143023301876, 39.865367069906185 ], [ -77.687917146796806, 39.86624298435855 ], [ -77.687691264788441, 39.867118898740515 ], [ -77.68653356530352, 39.866947989619852 ], [ -77.685375871322407, 39.866777069841604 ], [ -77.684218182845385, 39.86660613940586 ], [ -77.68444410555135, 39.865730231466827 ], [ -77.68467002275311, 39.864854323456953 ], [ -77.684895934450864, 39.863978415376067 ], [ -77.685121840644797, 39.863102507223985 ], [ -77.686279474860967, 39.863273429069316 ], [ -77.687437114580447, 39.863444340257615 ], [ -77.68721123551623, 39.864320252704545 ], [ -77.686985350948774, 39.865196165080413 ] ] ] } },
{ "type": "Feature", "properties": { "id": "42_3", "growth_scenario": "moderate", "market_gravity_weight": 25 }, "geometry": { "type": "Polygon", "coordinates": [ [ [ -77.700877782323246, 39.867246319580978 ], [ -77.7020355206934, 39.867417096512298 ], [ -77.701809806992941, 39.868293036724694 ], [ -77.701584087792853, 39.869168976867726 ], [ -77.700426322286106, 39.868998195644245 ], [ -77.700200584017423, 39.869874133571841 ], [ -77.699974840248402, 39.870750071430365 ], [ -77.698817053104392, 39.870579275255551 ], [ -77.699042810442265, 39.869703339543449 ], [ -77.697885042367773, 39.869532534856582 ], [ -77.698110807773361, 39.868656601221744 ], [ -77.698336567678197, 39.867780667517444 ], [ -77.698562322082481, 39.866904733743461 ], [ -77.699720049452836, 39.867075531991325 ], [ -77.699945784789321, 39.866199596001259 ], [ -77.701103504092089, 39.866370381444831 ], [ -77.700877782323246, 39.867246319580978 ] ] ] } },
{ "type": "Feature", "properties": { "id": "42_4", "growth_scenario": "moderate", "market_gravity_weight": 25 }, "geometry": { "type": "Polygon", "coordinates": [ [ [ -77.703193264562998, 39.867587862785292 ], [ -77.704351013931728, 39.867758618399833 ], [ -77.70412532736816, 39.868634562903942 ], [ -77.705283095804475, 39.868805310005619 ], [ -77.706440869739524, 39.868976046448616 ], [ -77.706215204815194, 39.869851995174962 ], [ -77.705057417310925, 39.869681256586347 ], [ -77.704831733318443, 39.870557203098116 ], [ -77.70367393774373, 39.870386451704782 ], [ -77.702516147668462, 39.870215689652539 ], [ -77.701358363092922, 39.870044916941509 ], [ -77.701584087792853, 39.869168976867726 ], [ -77.701809806992941, 39.868293036724694 ], [ -77.7020355206934, 39.867417096512298 ], [ -77.7022612288944, 39.866541156230248 ], [ -77.703418959195957, 39.866711920357396 ], [ -77.703193264562998, 39.867587862785292 ] ] ] } },
{ "type": "Feature", "properties": { "id": "42_5", "growth_scenario": "moderate", "market_gravity_weight": 25 }, "geometry": { "type": "Polygon", "coordinates": [ [ [ -77.680091427568428, 39.910551600732695 ], [ -77.681249814214695, 39.910722572543321 ], [ -77.682408206373012, 39.910893533690277 ], [ -77.682182116855984, 39.911769455566642 ], [ -77.681023711115387, 39.911598492268055 ], [ -77.680797602503873, 39.91247441193309 ], [ -77.680571488379925, 39.91335033153868 ], [ -77.679413060986448, 39.913179353272483 ], [ -77.679186927766906, 39.914055270666736 ], [ -77.678028492303525, 39.913884279584416 ], [ -77.678254639105887, 39.913008364342318 ], [ -77.678480780395034, 39.912132449040804 ], [ -77.678706916171151, 39.911256533679598 ], [ -77.677548526968124, 39.911085538389898 ], [ -77.677774670813108, 39.910209625120814 ], [ -77.678933046434452, 39.910380618258486 ], [ -77.67915917118512, 39.909504702777404 ], [ -77.680317538737498, 39.909675683099749 ], [ -77.680091427568428, 39.910551600732695 ] ] ] } },
{ "type": "Feature", "properties": { "id": "42_6", "growth_scenario": "moderate", "market_gravity_weight": 25 }, "geometry": { "type": "Polygon", "coordinates": [ [ [ -77.604992573462724, 39.935820323455815 ], [ -77.606151188487246, 39.935991989375381 ], [ -77.605924090187713, 39.936867783821853 ], [ -77.605696986350623, 39.937743578211524 ], [ -77.604538344159977, 39.937571907967602 ], [ -77.604311221201584, 39.938447700138326 ], [ -77.60315257096569, 39.938276017067871 ], [ -77.601993926268364, 39.938104323333398 ], [ -77.602221076393192, 39.937228535487712 ], [ -77.601062450817679, 39.937056833251944 ], [ -77.601289608986463, 39.936181047512029 ], [ -77.602448220979355, 39.93635274758519 ], [ -77.602675360027021, 39.935476959625497 ], [ -77.603833963975887, 39.935648646872515 ], [ -77.604061083903062, 39.934772856693193 ], [ -77.60521967980749, 39.934944531114326 ], [ -77.604992573462724, 39.935820323455815 ] ] ] } },
{ "type": "Feature", "properties": { "id": "42_7", "growth_scenario": "moderate", "market_gravity_weight": 25 }, "geometry": { "type": "Polygon", "coordinates": [ [ [ -77.607309809049127, 39.936163644630994 ], [ -77.608468435148083, 39.936335289222669 ], [ -77.608241364014972, 39.937211087993198 ], [ -77.608014287344915, 39.938086886707033 ], [ -77.609172946147964, 39.938258524958407 ], [ -77.60894587752486, 39.939134325777843 ], [ -77.607787205137697, 39.938962685364444 ], [ -77.607560117393135, 39.939838483965588 ], [ -77.606401436959089, 39.939666830725599 ], [ -77.605242762062929, 39.939495166821175 ], [ -77.605469876975761, 39.938619372544593 ], [ -77.605696986350623, 39.937743578211524 ], [ -77.605924090187713, 39.936867783821853 ], [ -77.606151188487246, 39.935991989375381 ], [ -77.606378281249405, 39.935116194871753 ], [ -77.607536888228481, 39.935287847965441 ], [ -77.607309809049127, 39.936163644630994 ] ] ] } },
{ "type": "Feature", "properties": { "id": "42_8", "growth_scenario": "moderate", "market_gravity_weight": 25 }, "geometry": { "type": "Polygon", "coordinates": [ [ [ -77.600608117862976, 39.938808404561037 ], [ -77.600835287109916, 39.937932618934944 ], [ -77.601993926268364, 39.938104323333398 ], [ -77.60315257096569, 39.938276017067871 ], [ -77.604311221201584, 39.938447700138326 ], [ -77.605469876975761, 39.938619372544593 ], [ -77.605242762062929, 39.939495166821175 ], [ -77.606401436959089, 39.939666830725599 ], [ -77.606174330092429, 39.940542627108442 ], [ -77.605015641611928, 39.94037096104158 ], [ -77.604788515622545, 39.941246755205938 ], [ -77.603629819095985, 39.941075076311996 ], [ -77.602471128108277, 39.940903386753568 ], [ -77.602698281266342, 39.940027596914625 ], [ -77.60153960940184, 39.939855898854709 ], [ -77.601766770604655, 39.938980111122284 ], [ -77.600608117862976, 39.938808404561037 ] ] ] } },
{ "type": "Feature", "properties": { "id": "42_9", "growth_scenario": "moderate", "market_gravity_weight": 25 }, "geometry": { "type": "Polygon", "coordinates": [ [ [ -77.639048398067118, 39.980874555400455 ], [ -77.640207821568282, 39.981045911070154 ], [ -77.639980996235451, 39.981921785446168 ], [ -77.638821559130349, 39.9817504276145 ], [ -77.638594714658495, 39.982626299784322 ], [ -77.637435269484399, 39.982454929118646 ], [ -77.637662127560304, 39.981579059110942 ], [ -77.636502701525643, 39.981407679935501 ], [ -77.636729567669704, 39.980531812045676 ], [ -77.635570160774066, 39.98036042436074 ], [ -77.635797034985657, 39.979484558588503 ], [ -77.636023903661652, 39.978608692771289 ], [ -77.637183283351533, 39.978780076131876 ], [ -77.638342668576485, 39.978951448821071 ], [ -77.639502059336223, 39.979122810838781 ], [ -77.639275231469, 39.979998683141936 ], [ -77.639048398067118, 39.980874555400455 ] ] ] } },
{ "type": "Feature", "properties": { "id": "45_0", "growth_scenario": "moderate", "market_gravity_weight": 25 }, "geometry": { "type": "Polygon", "coordinates": [ [ [ -81.915939566668555, 33.635391524558059 ], [ -81.917013180161845, 33.635523707137288 ], [ -81.918086797276459, 33.63565587969002 ], [ -81.917926533135997, 33.636541287185509 ], [ -81.919000165730594, 33.636673451045219 ], [ -81.920073801946131, 33.636805604878262 ], [ -81.921147441782338, 33.636937748684517 ], [ -81.920987209598593, 33.637823158888622 ], [ -81.919913557902959, 33.637691013748892 ], [ -81.918839909828137, 33.637558858582423 ], [ -81.918679650304611, 33.638444264827946 ], [ -81.917605993991387, 33.638312098301036 ], [ -81.917445718986997, 33.639197501921451 ], [ -81.916372054435641, 33.639065324033893 ], [ -81.9165323412996, 33.638179921747245 ], [ -81.916692624541881, 33.63729451816905 ], [ -81.915618987330959, 33.637162332922379 ], [ -81.915779278810604, 33.636276929386199 ], [ -81.915939566668555, 33.635391524558059 ] ] ] } },
{ "type": "Feature", "properties": { "id": "45_1", "growth_scenario": "moderate", "market_gravity_weight": 25 }, "geometry": { "type": "Polygon", "coordinates": [ [ [ -81.869662378713684, 35.133656164713038 ], [ -81.869498430951623, 35.134539956431333 ], [ -81.868403944635745, 35.134407563189299 ], [ -81.868239980774959, 35.135291352510542 ], [ -81.867145485913554, 35.135158947661608 ], [ -81.86698150595349, 35.136042734585729 ], [ -81.865887002546771, 35.135910318129653 ], [ -81.86605099482918, 35.135026532617097 ], [ -81.864956507522137, 35.134894107377129 ], [ -81.865120508349179, 35.134010322290436 ], [ -81.865284505398748, 35.133126536217887 ], [ -81.866378968062151, 35.133258958634663 ], [ -81.866542949012981, 35.132375170164359 ], [ -81.867637403131894, 35.132507580974426 ], [ -81.868731861027484, 35.132639981589286 ], [ -81.868567904719882, 35.133523772882278 ], [ -81.869662378713684, 35.133656164713038 ] ] ] } },
{ "type": "Feature", "properties": { "id": "45_2", "growth_scenario": "moderate", "market_gravity_weight": 25 }, "geometry": { "type": "Polygon", "coordinates": [ [ [ -81.86905976231364, 35.130872396044623 ], [ -81.868895813558709, 35.131756189310117 ], [ -81.869990262909155, 35.131888578318531 ], [ -81.871084716035611, 35.132020957131679 ], [ -81.870920788147586, 35.132904752233046 ], [ -81.870756856483723, 35.13378854634842 ], [ -81.869662378713684, 35.133656164713038 ], [ -81.868567904719882, 35.133523772882278 ], [ -81.868731861027484, 35.132639981589286 ], [ -81.867637403131894, 35.132507580974426 ], [ -81.866542949012981, 35.132375170164359 ], [ -81.865448498670986, 35.132242749159118 ], [ -81.865612488166008, 35.131358961113996 ], [ -81.866706926186865, 35.131491380707807 ], [ -81.86687089958393, 35.130607590264795 ], [ -81.867965329060581, 35.130739998252231 ], [ -81.868129286360258, 35.129856205411393 ], [ -81.869223707292448, 35.129988601792689 ], [ -81.86905976231364, 35.130872396044623 ] ] ] } },
{ "type": "Feature", "properties": { "id": "45_3", "growth_scenario": "moderate", "market_gravity_weight": 25 }, "geometry": { "type": "Polygon", "coordinates": [ [ [ -81.616475604008542, 35.075624936027538 ], [ -81.617568814469436, 35.075759679435116 ], [ -81.617402089734426, 35.076643166859704 ], [ -81.618495316314565, 35.076777901518867 ], [ -81.618328600027354, 35.077661389370704 ], [ -81.617235361163509, 35.077526653278845 ], [ -81.616142126135685, 35.077391907005712 ], [ -81.615975381444869, 35.078275390986818 ], [ -81.614882137969644, 35.078140633099522 ], [ -81.613788898331137, 35.07800586503096 ], [ -81.612695662529617, 35.077871086781215 ], [ -81.61286244407124, 35.076987607099248 ], [ -81.613955667589295, 35.077122383915928 ], [ -81.614122433010607, 35.076238901795378 ], [ -81.615215648082184, 35.076373666997945 ], [ -81.615382397383698, 35.075490182438934 ], [ -81.615549142848892, 35.074606696874234 ], [ -81.616642337190825, 35.074741449030078 ], [ -81.616475604008542, 35.075624936027538 ] ] ] } },
{ "type": "Feature", "properties": { "id": "47_0", "growth_scenario": "moderate", "market_gravity_weight": 25 }, "geometry": { "type": "Polygon", "coordinates": [ [ [ -82.311032474370975, 36.424392089818262 ], [ -82.310870892288193, 36.425275582725277 ], [ -82.310709306417209, 36.426159074936635 ], [ -82.309595310259439, 36.426030917396695 ], [ -82.308481317890298, 36.42590274949022 ], [ -82.307367329310068, 36.425774571217346 ], [ -82.307528953531289, 36.424891083305255 ], [ -82.306414981523389, 36.424762896099367 ], [ -82.306576614738404, 36.423879408924584 ], [ -82.306738244164237, 36.422995921053712 ], [ -82.307852190606695, 36.423124105393242 ], [ -82.308966140837967, 36.423252279366714 ], [ -82.310080094857739, 36.4233804429741 ], [ -82.309918503780025, 36.42426393514414 ], [ -82.311032474370975, 36.424392089818262 ] ] ] } },
{ "type": "Feature", "properties": { "id": "47_1", "growth_scenario": "moderate", "market_gravity_weight": 25 }, "geometry": { "type": "Polygon", "coordinates": [ [ [ -82.311984879450591, 36.425403728465902 ], [ -82.313098870400921, 36.425531863840007 ], [ -82.312937310097425, 36.426415358916991 ], [ -82.312775746006167, 36.427298853298574 ], [ -82.312614178127021, 36.42818234698499 ], [ -82.311500148824408, 36.428054207312414 ], [ -82.31038612331011, 36.427926057273034 ], [ -82.309272101584398, 36.427797896866934 ], [ -82.309433707816311, 36.42691440747948 ], [ -82.308319702663454, 36.426786238139933 ], [ -82.308481317890298, 36.42590274949022 ], [ -82.309595310259439, 36.426030917396695 ], [ -82.310709306417209, 36.426159074936635 ], [ -82.310870892288193, 36.425275582725277 ], [ -82.311032474370975, 36.424392089818262 ], [ -82.312146448749999, 36.424520234126042 ], [ -82.311984879450591, 36.425403728465902 ] ] ] } },
{ "type": "Feature", "properties": { "id": "47_2", "growth_scenario": "moderate", "market_gravity_weight": 25 }, "geometry": { "type": "Polygon", "coordinates": [ [ [ -82.208254760311362, 36.488308284889257 ], [ -82.208091835388245, 36.489191604630832 ], [ -82.209206592525646, 36.48932070082089 ], [ -82.209043676577352, 36.490204021324253 ], [ -82.207928906642806, 36.490074923687615 ], [ -82.207765974074903, 36.490958242059804 ], [ -82.207603037684422, 36.491841559747627 ], [ -82.206488245977425, 36.491712448845789 ], [ -82.206651195165492, 36.490829132604844 ], [ -82.205536420078957, 36.490700012778305 ], [ -82.20569937824132, 36.489816697299815 ], [ -82.204584619774977, 36.48968756854881 ], [ -82.204747586911068, 36.488804253832541 ], [ -82.205862332580665, 36.48893338113664 ], [ -82.206025283097105, 36.488050064288529 ], [ -82.207140019793002, 36.488179179774484 ], [ -82.207302953690387, 36.487295860794596 ], [ -82.2084176814123, 36.487424964462754 ], [ -82.208254760311362, 36.488308284889257 ] ] ] } },
{ "type": "Feature", "properties": { "id": "48_0", "growth_scenario": "moderate", "market_gravity_weight": 25 }, "geometry": { "type": "Polygon", "coordinates": [ [ [ -98.721512348574009, 29.428747925868304 ], [ -98.722542328995416, 29.428722084325074 ], [ -98.722571844598647, 29.429624033377703 ], [ -98.721541853023226, 29.429649875145817 ], [ -98.721571358112001, 29.430551822486898 ], [ -98.721600863840365, 29.431453767891714 ], [ -98.721630370208317, 29.432355711360454 ], [ -98.720600344529828, 29.432381544025731 ], [ -98.719570318211979, 29.432407366913619 ], [ -98.71954083415352, 29.431505422995375 ], [ -98.71951135073418, 29.430603477141126 ], [ -98.719481867953959, 29.429701529350609 ], [ -98.719452385812801, 29.42879957962375 ], [ -98.720482367513043, 29.428773757634559 ], [ -98.720452874857145, 29.427871806195689 ], [ -98.721482844764324, 29.427845974654208 ], [ -98.721512348574009, 29.428747925868304 ] ] ] } },
{ "type": "Feature", "properties": { "id": "48_1", "growth_scenario": "moderate", "market_gravity_weight": 25 }, "geometry": { "type": "Polygon", "coordinates": [ [ [ -96.959070411559679, 32.983526001796456 ], [ -96.959081276096668, 32.98442201883384 ], [ -96.959092140879804, 32.985318034642866 ], [ -96.958015610455917, 32.985327072621281 ], [ -96.958004757866277, 32.984431056722237 ], [ -96.956928239390024, 32.984440084460616 ], [ -96.956917399239487, 32.983544067243301 ], [ -96.955840892710867, 32.983553084741793 ], [ -96.954764385936954, 32.983562092090374 ], [ -96.954753570417907, 32.98266607346509 ], [ -96.955830064998864, 32.982657066206194 ], [ -96.955819237532168, 32.981761046441868 ], [ -96.956895719675131, 32.981752029122944 ], [ -96.957972201572545, 32.981743001654266 ], [ -96.959048683224111, 32.981733964035868 ], [ -96.959059547268822, 32.982629983530536 ], [ -96.959070411559679, 32.983526001796456 ] ] ] } },
{ "type": "Feature", "properties": { "id": "48_10", "growth_scenario": "moderate", "market_gravity_weight": 25 }, "geometry": { "type": "Polygon", "coordinates": [ [ [ -96.974853547452355, 32.953820009208265 ], [ -96.974864586631838, 32.95471606552394 ], [ -96.973788474348879, 32.954725252644536 ], [ -96.972712361816164, 32.954734429618533 ], [ -96.972701347004659, 32.953838373120256 ], [ -96.971625246406489, 32.953847539856419 ], [ -96.970549145559161, 32.953856696445968 ], [ -96.970538155364551, 32.952960638530733 ], [ -96.970527165418815, 32.952064579380718 ], [ -96.971603241898961, 32.952055422973245 ], [ -96.972679318129948, 32.952046256419429 ], [ -96.973755394111507, 32.952037079719304 ], [ -96.97483146984338, 32.952027892872771 ], [ -96.974842508522869, 32.952923951657908 ], [ -96.974853547452355, 32.953820009208265 ] ] ] } },
{ "type": "Feature", "properties": { "id": "48_11", "growth_scenario": "moderate", "market_gravity_weight": 25 }, "geometry": { "type": "Polygon", "coordinates": [ [ [ -96.955056497600495, 33.007754131195213 ], [ -96.956133333688939, 33.007745121423511 ], [ -96.956144168272729, 33.008641105629891 ], [ -96.957221016316339, 33.008632085615616 ], [ -96.957231863346649, 33.00952806850875 ], [ -96.957242710622779, 33.010424050178628 ], [ -96.956165838176972, 33.010433070372713 ], [ -96.956176673497424, 33.011329050909502 ], [ -96.955099788604514, 33.011338061040441 ], [ -96.955088965485587, 33.010442080413846 ], [ -96.954012092548922, 33.010451080301976 ], [ -96.954001281876543, 33.009555098362668 ], [ -96.953990471449188, 33.00865911520016 ], [ -96.953979661266786, 33.00776313081424 ], [ -96.953968851329392, 33.006867145204808 ], [ -96.955045675462657, 33.006858145675501 ], [ -96.955056497600495, 33.007754131195213 ] ] ] } },
{ "type": "Feature", "properties": { "id": "48_12", "growth_scenario": "moderate", "market_gravity_weight": 25 }, "geometry": { "type": "Polygon", "coordinates": [ [ [ -96.959407326701637, 33.011301959598313 ], [ -96.959418198873038, 33.012197938642217 ], [ -96.959429071290828, 33.01309391646344 ], [ -96.958352162731614, 33.013102957233819 ], [ -96.957275253926255, 33.013111987850969 ], [ -96.957264405912568, 33.012216009849553 ], [ -96.95618750906344, 33.012225030223455 ], [ -96.955110611968706, 33.012234040444234 ], [ -96.954033714628693, 33.01224304051177 ], [ -96.954022903466296, 33.011347061018334 ], [ -96.954012092548922, 33.010451080301976 ], [ -96.955088965485587, 33.010442080413846 ], [ -96.955099788604514, 33.011338061040441 ], [ -96.956176673497424, 33.011329050909502 ], [ -96.956165838176972, 33.010433070372713 ], [ -96.957242710622779, 33.010424050178628 ], [ -96.958319582822767, 33.010415019831584 ], [ -96.958330442546256, 33.011311000188449 ], [ -96.959407326701637, 33.011301959598313 ] ] ] } },
{ "type": "Feature", "properties": { "id": "48_13", "growth_scenario": "moderate", "market_gravity_weight": 25 }, "geometry": { "type": "Polygon", "coordinates": [ [ [ -98.714096500994643, 29.422614832739384 ], [ -98.715126407815504, 29.422589061204736 ], [ -98.716156313998425, 29.422563279893687 ], [ -98.717186219543152, 29.422537488806125 ], [ -98.717215674906583, 29.423439452541583 ], [ -98.717245130908481, 29.424341414339494 ], [ -98.716215203058667, 29.424367205875701 ], [ -98.715185274570644, 29.424392987635269 ], [ -98.714155345444638, 29.424418759618227 ], [ -98.713125415680878, 29.424444521824501 ], [ -98.713096004289739, 29.423542559129771 ], [ -98.712066085041215, 29.423568311335416 ], [ -98.712036685440054, 29.422666346479154 ], [ -98.713066593536084, 29.422640594497494 ], [ -98.713037183419885, 29.421738627927489 ], [ -98.71406707972622, 29.421712866393428 ], [ -98.714096500994643, 29.422614832739384 ] ] ] } },
{ "type": "Feature", "properties": { "id": "48_14", "growth_scenario": "moderate", "market_gravity_weight": 25 }, "geometry": { "type": "Polygon", "coordinates": [ [ [ -96.966211916048167, 32.951205042798527 ], [ -96.966222857012198, 32.952101103546873 ], [ -96.967298934486209, 32.952091987724863 ], [ -96.968375011712155, 32.952082861756502 ], [ -96.968385977290964, 32.952978921088395 ], [ -96.969462066452053, 32.952969784882761 ], [ -96.96947304446293, 32.953865842889009 ], [ -96.96839694311808, 32.953874979185478 ], [ -96.967320841524881, 32.953884105335405 ], [ -96.967309887881513, 32.952988047147542 ], [ -96.966233798224025, 32.952997163060139 ], [ -96.965157708318728, 32.953006268826321 ], [ -96.964081618165949, 32.953015364446067 ], [ -96.964070701321134, 32.95211930475169 ], [ -96.964059784723545, 32.951223243822348 ], [ -96.962983718690268, 32.951232329114838 ], [ -96.962972814522857, 32.950336266859978 ], [ -96.964048868373169, 32.950327181657862 ], [ -96.965124921976269, 32.950318086309579 ], [ -96.965135850509597, 32.951214148383613 ], [ -96.966211916048167, 32.951205042798527 ] ] ] } },
{ "type": "Feature", "properties": { "id": "48_15", "growth_scenario": "moderate", "market_gravity_weight": 25 }, "geometry": { "type": "Polygon", "coordinates": [ [ [ -96.972646276688621, 32.949358072105277 ], [ -96.97372231612151, 32.949348895678909 ], [ -96.974798355304728, 32.949339709106518 ], [ -96.975874394237991, 32.94933051238808 ], [ -96.975885444350169, 32.950226574787322 ], [ -96.97480939323431, 32.950235771597271 ], [ -96.974820431413846, 32.95113183285261 ], [ -96.973744367865152, 32.951141019607739 ], [ -96.972668304066758, 32.951150196216652 ], [ -96.971592240018936, 32.951159362679306 ], [ -96.970516175721968, 32.951168518995686 ], [ -96.970505186273996, 32.950272457375434 ], [ -96.970494197074885, 32.949376394519859 ], [ -96.971570237006304, 32.949367238385612 ], [ -96.971559235873698, 32.948471174385503 ], [ -96.972635263373647, 32.948462008196373 ], [ -96.972646276688621, 32.949358072105277 ] ] ] } },
{ "type": "Feature", "properties": { "id": "48_16", "growth_scenario": "moderate", "market_gravity_weight": 25 }, "geometry": { "type": "Polygon", "coordinates": [ [ [ -97.02275760902458, 32.996414850737011 ], [ -97.0227691968838, 32.997310843876193 ], [ -97.021692510724804, 32.997320482050824 ], [ -97.020615824303505, 32.997330110074124 ], [ -97.020604260837985, 32.996434116743004 ], [ -97.019527586351529, 32.996443734519133 ], [ -97.018450911603324, 32.996453342143937 ], [ -97.018439372793026, 32.995557347395312 ], [ -97.018427834244164, 32.994661351420497 ], [ -97.019504484599437, 32.994651743987077 ], [ -97.020581134692975, 32.99464212640261 ], [ -97.021657784524535, 32.994632498667073 ], [ -97.022734434093806, 32.994622860780481 ], [ -97.02274602142792, 32.995518856371795 ], [ -97.02275760902458, 32.996414850737011 ] ] ] } },
{ "type": "Feature", "properties": { "id": "48_17", "growth_scenario": "moderate", "market_gravity_weight": 25 }, "geometry": { "type": "Polygon", "coordinates": [ [ [ -97.020627388031031, 32.998226102179373 ], [ -97.021704086649464, 32.998216474060186 ], [ -97.022780785005608, 32.998206835789532 ], [ -97.022792373390004, 32.999102826477227 ], [ -97.022803962036974, 32.999998815939414 ], [ -97.021727239285752, 33.000008454402163 ], [ -97.021738815997381, 33.00090444273512 ], [ -97.020662080785868, 33.000914071142169 ], [ -97.020673645561587, 33.001810058345995 ], [ -97.019596897889755, 33.001819676697018 ], [ -97.019585345312294, 33.000923689397368 ], [ -97.01957379299661, 33.000027700872629 ], [ -97.019562240942705, 32.999131711122615 ], [ -97.019550689150563, 32.99823572014715 ], [ -97.019539137620157, 32.997339727946063 ], [ -97.020615824303505, 32.997330110074124 ], [ -97.020627388031031, 32.998226102179373 ] ] ] } },
{ "type": "Feature", "properties": { "id": "48_18", "growth_scenario": "moderate", "market_gravity_weight": 25 }, "geometry": { "type": "Polygon", "coordinates": [ [ [ -96.970450242766873, 32.945792130740273 ], [ -96.97152623397055, 32.945782974970214 ], [ -96.971537234355822, 32.946679042678014 ], [ -96.971548234990209, 32.947575109149746 ], [ -96.971559235873698, 32.948471174385503 ], [ -96.971570237006304, 32.949367238385612 ], [ -96.970494197074885, 32.949376394519859 ], [ -96.969418156894591, 32.949385540508032 ], [ -96.969407180126694, 32.948489476326003 ], [ -96.96939620360736, 32.947593410908183 ], [ -96.968320187542957, 32.947602546568575 ], [ -96.968309223454014, 32.946706479824016 ], [ -96.969385227336588, 32.94669734425446 ], [ -96.969374251314363, 32.945801276364662 ], [ -96.969363275540701, 32.944905207238556 ], [ -96.970439254811936, 32.94489606170513 ], [ -96.970450242766873, 32.945792130740273 ] ] ] } },
{ "type": "Feature", "properties": { "id": "48_19", "growth_scenario": "moderate", "market_gravity_weight": 25 }, "geometry": { "type": "Polygon", "coordinates": [ [ [ -97.023915488636845, 33.002677128072264 ], [ -97.022838729553541, 33.002686776975118 ], [ -97.022850319250978, 33.003582761537302 ], [ -97.021773547706289, 33.003592400384228 ], [ -97.021761970207635, 33.002696415725957 ], [ -97.020685210599353, 33.002706044324853 ], [ -97.01960845072901, 33.002715662771799 ], [ -97.018531690596873, 33.002725271066765 ], [ -97.018520149956146, 33.001829284896225 ], [ -97.018508609576955, 33.00093329750085 ], [ -97.019585345312294, 33.000923689397368 ], [ -97.019596897889755, 33.001819676697018 ], [ -97.020673645561587, 33.001810058345995 ], [ -97.020662080785868, 33.000914071142169 ], [ -97.021738815997381, 33.00090444273512 ], [ -97.022815550946547, 33.000894804176369 ], [ -97.02389228563311, 33.000885155465795 ], [ -97.023903887003527, 33.001781142381517 ], [ -97.023915488636845, 33.002677128072264 ] ] ] } },
{ "type": "Feature", "properties": { "id": "48_2", "growth_scenario": "moderate", "market_gravity_weight": 25 }, "geometry": { "type": "Polygon", "coordinates": [ [ [ -96.959026955873014, 32.979941921359675 ], [ -96.957950498605967, 32.979950958798121 ], [ -96.957961349966325, 32.980846980840745 ], [ -96.956884880261327, 32.980856008219526 ], [ -96.956895719675131, 32.981752029122944 ], [ -96.955819237532168, 32.981761046441868 ], [ -96.955808410310752, 32.980865025448693 ], [ -96.955797583334629, 32.979969003226394 ], [ -96.954721125330906, 32.979978010216243 ], [ -96.954710310791924, 32.979081986675048 ], [ -96.955786756603771, 32.97907297977487 ], [ -96.955775930118193, 32.978176955093915 ], [ -96.956852363493198, 32.978167938134085 ], [ -96.957928796622681, 32.978158911024899 ], [ -96.959005229506346, 32.978149873766434 ], [ -96.959016092566642, 32.979045898177773 ], [ -96.959026955873014, 32.979941921359675 ] ] ] } },
{ "type": "Feature", "properties": { "id": "48_20", "growth_scenario": "moderate", "market_gravity_weight": 25 }, "geometry": { "type": "Polygon", "coordinates": [ [ [ -97.710679330507944, 30.193249459883813 ], [ -97.710698049971811, 30.194150058916605 ], [ -97.711737857968131, 30.194133840519669 ], [ -97.711756589215156, 30.195034437621956 ], [ -97.710716769845305, 30.195050656164288 ], [ -97.710735490128457, 30.19595125162704 ], [ -97.709695658975178, 30.195967460460057 ], [ -97.709714368293959, 30.196868054283243 ], [ -97.70867452535721, 30.196884253406857 ], [ -97.70763468201126, 30.196900442675634 ], [ -97.707615995440563, 30.195999848562128 ], [ -97.707597309278782, 30.195099252663805 ], [ -97.708637129876863, 30.195083063685221 ], [ -97.708618432750455, 30.194182466147122 ], [ -97.709658241565819, 30.194166267459085 ], [ -97.709639533475254, 30.193265668281057 ], [ -97.709620825794048, 30.192365067317667 ], [ -97.710660611453719, 30.19234885906571 ], [ -97.710679330507944, 30.193249459883813 ] ] ] } },
{ "type": "Feature", "properties": { "id": "48_21", "growth_scenario": "moderate", "market_gravity_weight": 25 }, "geometry": { "type": "Polygon", "coordinates": [ [ [ -96.990894032774165, 32.945616436205789 ], [ -96.990905252425435, 32.946512502257526 ], [ -96.989829253566299, 32.946521840741703 ], [ -96.989840461289987, 32.947417905650155 ], [ -96.988764449995401, 32.947427234081395 ], [ -96.987688438447307, 32.947436552366838 ], [ -96.987677255086936, 32.946540487272934 ], [ -96.987666071979802, 32.945644420942941 ], [ -96.987654889125906, 32.944748353376525 ], [ -96.988730864129849, 32.944739035369082 ], [ -96.988719669348342, 32.943842966658828 ], [ -96.989795631917943, 32.943833638598605 ], [ -96.990871594233781, 32.943824300393004 ], [ -96.990882813376956, 32.944720368917658 ], [ -96.990894032774165, 32.945616436205789 ] ] ] } },
{ "type": "Feature", "properties": { "id": "48_22", "growth_scenario": "moderate", "market_gravity_weight": 25 }, "geometry": { "type": "Polygon", "coordinates": [ [ [ -97.024910956160909, 32.996395544125974 ], [ -97.024922568413828, 32.997291537072805 ], [ -97.025999253784278, 32.997281868444105 ], [ -97.026010878497416, 32.998177860068758 ], [ -97.027087575801559, 32.998168181192241 ], [ -97.027099212975457, 32.999064171494801 ], [ -97.026022503473953, 32.999073850467738 ], [ -97.026034128713917, 32.999969839641274 ], [ -97.024957406751327, 32.999979508558987 ], [ -97.024945793709023, 32.999083519289101 ], [ -97.023869083680935, 32.999093177958962 ], [ -97.023857483099164, 32.99819718736741 ], [ -97.022780785005608, 32.998206835789532 ], [ -97.0227691968838, 32.997310843876193 ], [ -97.02275760902458, 32.996414850737011 ], [ -97.023834282724167, 32.996405202507134 ], [ -97.023822682930927, 32.995509208238047 ], [ -97.024899344171132, 32.995499549953138 ], [ -97.024910956160909, 32.996395544125974 ] ] ] } },
{ "type": "Feature", "properties": { "id": "48_23", "growth_scenario": "moderate", "market_gravity_weight": 25 }, "geometry": { "type": "Polygon", "coordinates": [ [ [ -97.023880684525594, 32.999989167325012 ], [ -97.024957406751327, 32.999979508558987 ], [ -97.024969020056787, 33.000875496603527 ], [ -97.026045754217321, 33.000865827589486 ], [ -97.027122488114401, 33.000856148423658 ], [ -97.027134126079432, 33.001752135050303 ], [ -97.026057379984152, 33.001761814312573 ], [ -97.026069006014424, 33.002657799810748 ], [ -97.02499224745722, 33.002667469017496 ], [ -97.025003861552193, 33.003563453387294 ], [ -97.02392709053305, 33.003573112538319 ], [ -97.023915488636845, 33.002677128072264 ], [ -97.023903887003527, 33.001781142381517 ], [ -97.02389228563311, 33.000885155465795 ], [ -97.022815550946547, 33.000894804176369 ], [ -97.021738815997381, 33.00090444273512 ], [ -97.021727239285752, 33.000008454402163 ], [ -97.022803962036974, 32.999998815939414 ], [ -97.022792373390004, 32.999102826477227 ], [ -97.023869083680935, 32.999093177958962 ], [ -97.023880684525594, 32.999989167325012 ] ] ] } },
{ "type": "Feature", "properties": { "id": "48_24", "growth_scenario": "moderate", "market_gravity_weight": 25 }, "geometry": { "type": "Polygon", "coordinates": [ [ [ -96.970417279648515, 32.943103919925257 ], [ -96.970428267105817, 32.943999991433493 ], [ -96.970439254811936, 32.94489606170513 ], [ -96.969363275540701, 32.944905207238556 ], [ -96.969374251314363, 32.945801276364662 ], [ -96.969385227336588, 32.94669734425446 ], [ -96.968309223454014, 32.946706479824016 ], [ -96.96829825961332, 32.945810411843375 ], [ -96.968287296020918, 32.944914342626483 ], [ -96.968276332676766, 32.944018272173068 ], [ -96.968265369580877, 32.943122200483103 ], [ -96.968254406733223, 32.942226127556268 ], [ -96.968243444133805, 32.941330053392448 ], [ -96.969319374931288, 32.941320918367836 ], [ -96.970395305480253, 32.941311773198116 ], [ -96.970406292439975, 32.942207847180207 ], [ -96.970417279648515, 32.943103919925257 ] ] ] } },
{ "type": "Feature", "properties": { "id": "48_25", "growth_scenario": "moderate", "market_gravity_weight": 25 }, "geometry": { "type": "Polygon", "coordinates": [ [ [ -98.708917591822569, 29.421841576299649 ], [ -98.708946957329616, 29.422743543765041 ], [ -98.708976323473166, 29.423645509292761 ], [ -98.709005690253221, 29.424547472883024 ], [ -98.709035057669823, 29.425449434535931 ], [ -98.708005113567893, 29.425475148082526 ], [ -98.706975168829658, 29.425500851852362 ], [ -98.706945823719195, 29.424598889752172 ], [ -98.706916479244811, 29.423696925714701 ], [ -98.706887135406447, 29.422794959739793 ], [ -98.70685779220409, 29.421892991827125 ], [ -98.705827891440748, 29.421918684926187 ], [ -98.705798560026523, 29.421016714852289 ], [ -98.70682844963774, 29.420991021976668 ], [ -98.707858338612979, 29.420965319324669 ], [ -98.707887692331454, 29.421867288951603 ], [ -98.708917591822569, 29.421841576299649 ] ] ] } },
{ "type": "Feature", "properties": { "id": "48_26", "growth_scenario": "moderate", "market_gravity_weight": 25 }, "geometry": { "type": "Polygon", "coordinates": [ [ [ -96.959548684151756, 33.022949591854164 ], [ -96.958471641351622, 33.022958633616149 ], [ -96.958460778427906, 33.022062669141896 ], [ -96.959537809022947, 33.022053627470044 ], [ -96.960614839371488, 33.022044575643967 ], [ -96.961691869473256, 33.02203551366361 ], [ -96.962768899327955, 33.022026441528951 ], [ -96.962779811072025, 33.022922405641992 ], [ -96.963856852884476, 33.0229133232625 ], [ -96.963867777081219, 33.023809286064484 ], [ -96.962790723063421, 33.023818368534535 ], [ -96.962801635302171, 33.024714330206798 ], [ -96.962812547788261, 33.025610290658939 ], [ -96.961735469111574, 33.025619363155471 ], [ -96.961724568831386, 33.024723402612857 ], [ -96.960647502113545, 33.024732464864286 ], [ -96.960636614286074, 33.023836503011218 ], [ -96.960625726705388, 33.022940539937828 ], [ -96.959548684151756, 33.022949591854164 ] ] ] } },
{ "type": "Feature", "properties": { "id": "48_27", "growth_scenario": "moderate", "market_gravity_weight": 25 }, "geometry": { "type": "Polygon", "coordinates": [ [ [ -96.968186963940212, 33.024668815857986 ], [ -96.969264028922737, 33.024659682524572 ], [ -96.969275014644083, 33.025555642431705 ], [ -96.968197937455727, 33.025564775856239 ], [ -96.968208911219975, 33.026460734634554 ], [ -96.969286000614474, 33.026451601118872 ], [ -96.969296986833868, 33.027347558586342 ], [ -96.968219885232969, 33.027356692193059 ], [ -96.967142783383295, 33.027365815644906 ], [ -96.966065681285144, 33.027374928941903 ], [ -96.966054731684977, 33.026478971201492 ], [ -96.966043782333031, 33.025583012241313 ], [ -96.964966704399274, 33.02559211520186 ], [ -96.96495576750138, 33.024696154930965 ], [ -96.966032833229264, 33.024687052061203 ], [ -96.967109898708969, 33.024677939036856 ], [ -96.967098937647791, 33.023781977727566 ], [ -96.968175990673458, 33.023772854639638 ], [ -96.968186963940212, 33.024668815857986 ] ] ] } },
{ "type": "Feature", "properties": { "id": "48_28", "growth_scenario": "moderate", "market_gravity_weight": 25 }, "geometry": { "type": "Polygon", "coordinates": [ [ [ -96.964966704399274, 33.02559211520186 ], [ -96.966043782333031, 33.025583012241313 ], [ -96.966054731684977, 33.026478971201492 ], [ -96.964977641545062, 33.026488074252818 ], [ -96.964988578938772, 33.027384032084043 ], [ -96.963911476344492, 33.027393125071306 ], [ -96.962834373502545, 33.027402207903677 ], [ -96.962823460521719, 33.026506249891185 ], [ -96.96174636963886, 33.026515322478197 ], [ -96.961735469111574, 33.025619363155471 ], [ -96.962812547788261, 33.025610290658939 ], [ -96.962801635302171, 33.024714330206798 ], [ -96.962790723063421, 33.023818368534535 ], [ -96.963867777081219, 33.023809286064484 ], [ -96.964944830851394, 33.023800193439932 ], [ -96.96495576750138, 33.024696154930965 ], [ -96.964966704399274, 33.02559211520186 ] ] ] } },
{ "type": "Feature", "properties": { "id": "48_29", "growth_scenario": "moderate", "market_gravity_weight": 25 }, "geometry": { "type": "Polygon", "coordinates": [ [ [ -96.957394598305243, 33.022967665223732 ], [ -96.9574054492698, 33.023863628567668 ], [ -96.957416300480304, 33.024759590691261 ], [ -96.957427151936798, 33.025655551594838 ], [ -96.956350072027448, 33.02566457331794 ], [ -96.956339232776926, 33.024768612324415 ], [ -96.955262164827843, 33.02477762380299 ], [ -96.955251338028688, 33.023881661499537 ], [ -96.954174282039887, 33.023890662733727 ], [ -96.954163467691544, 33.022994699120254 ], [ -96.954152653588338, 33.022098734286303 ], [ -96.955229685166586, 33.022089733231617 ], [ -96.956306716499455, 33.022080722022658 ], [ -96.957383747586661, 33.022071700659438 ], [ -96.958460778427906, 33.022062669141896 ], [ -96.958471641351622, 33.022958633616149 ], [ -96.957394598305243, 33.022967665223732 ] ] ] } },
{ "type": "Feature", "properties": { "id": "48_3", "growth_scenario": "moderate", "market_gravity_weight": 25 }, "geometry": { "type": "Polygon", "coordinates": [ [ [ -96.956949920427903, 32.986232115210349 ], [ -96.956960761315258, 32.987128128743159 ], [ -96.95697160244822, 32.988024141048207 ], [ -96.955895034950672, 32.988033158995705 ], [ -96.954818467207772, 32.988042166792816 ], [ -96.954807650463493, 32.987146154308256 ], [ -96.954796833964281, 32.986250140595928 ], [ -96.953720290364743, 32.986259138063389 ], [ -96.95370948630439, 32.985363123033466 ], [ -96.953698682488806, 32.984467106775426 ], [ -96.954775201701011, 32.984458109487186 ], [ -96.955851720668178, 32.984449102048863 ], [ -96.956928239390024, 32.984440084460616 ], [ -96.956939079786167, 32.985336100449537 ], [ -96.956949920427903, 32.986232115210349 ] ] ] } },
{ "type": "Feature", "properties": { "id": "48_30", "growth_scenario": "moderate", "market_gravity_weight": 25 }, "geometry": { "type": "Polygon", "coordinates": [ [ [ -96.993001031857304, 32.942013453157941 ], [ -96.993012274852902, 32.942909523970251 ], [ -96.99193632522595, 32.94291888237359 ], [ -96.991947556295599, 32.943814952042025 ], [ -96.990871594233781, 32.943824300393004 ], [ -96.989795631917943, 32.943833638598605 ], [ -96.989784425209379, 32.942937568744426 ], [ -96.989773218754564, 32.942041497653285 ], [ -96.989762012553498, 32.941145425325061 ], [ -96.990837938328539, 32.941136087397986 ], [ -96.990826720201497, 32.940240013925376 ], [ -96.991902633542821, 32.940230665946125 ], [ -96.992978546629857, 32.940221307821908 ], [ -96.992989789116294, 32.941117381108576 ], [ -96.993001031857304, 32.942013453157941 ] ] ] } },
{ "type": "Feature", "properties": { "id": "48_31", "growth_scenario": "moderate", "market_gravity_weight": 25 }, "geometry": { "type": "Polygon", "coordinates": [ [ [ -96.962823460521719, 33.026506249891185 ], [ -96.962834373502545, 33.027402207903677 ], [ -96.961757270413216, 33.027411280581177 ], [ -96.961768171434684, 33.028307237464603 ], [ -96.960691055891516, 33.028316300077663 ], [ -96.960701944953072, 33.029212255832142 ], [ -96.959624816956037, 33.029221308380478 ], [ -96.959613940101519, 33.028325352535695 ], [ -96.958536824064964, 33.028334394838723 ], [ -96.958525959663746, 33.027438437684431 ], [ -96.958515095508815, 33.026542479310564 ], [ -96.959592187132117, 33.026533437187879 ], [ -96.959581311017246, 33.025637477684477 ], [ -96.960658390187817, 33.025628425497338 ], [ -96.961735469111574, 33.025619363155471 ], [ -96.96174636963886, 33.026515322478197 ], [ -96.962823460521719, 33.026506249891185 ] ] ] } },
{ "type": "Feature", "properties": { "id": "48_32", "growth_scenario": "moderate", "market_gravity_weight": 25 }, "geometry": { "type": "Polygon", "coordinates": [ [ [ -98.708800136158942, 29.418233687057562 ], [ -98.708829499120199, 29.419135662275469 ], [ -98.708858862717889, 29.420037635554969 ], [ -98.708888226951998, 29.42093960689634 ], [ -98.707858338612979, 29.420965319324669 ], [ -98.70682844963774, 29.420991021976668 ], [ -98.705798560026523, 29.421016714852289 ], [ -98.705769229248034, 29.420114742840358 ], [ -98.704739350153019, 29.420140425716209 ], [ -98.704710031161923, 29.419238451542746 ], [ -98.705739899105268, 29.419212768890223 ], [ -98.706769766412933, 29.419187076461483 ], [ -98.706740425754433, 29.418285100796513 ], [ -98.707770281274762, 29.418259398815056 ], [ -98.707740930101011, 29.41735742143501 ], [ -98.708770773834075, 29.417331709901106 ], [ -98.708800136158942, 29.418233687057562 ] ] ] } },
{ "type": "Feature", "properties": { "id": "48_33", "growth_scenario": "moderate", "market_gravity_weight": 25 }, "geometry": { "type": "Polygon", "coordinates": [ [ [ -96.954174282039887, 33.023890662733727 ], [ -96.955251338028688, 33.023881661499537 ], [ -96.955262164827843, 33.02477762380299 ], [ -96.954185096633353, 33.024786625126964 ], [ -96.954195911471956, 33.025682586300157 ], [ -96.953118830826355, 33.025691577559158 ], [ -96.953108028193725, 33.024795616296338 ], [ -96.95203095950923, 33.024804597311096 ], [ -96.952020169327156, 33.023908634738639 ], [ -96.950943112603781, 33.023917605509347 ], [ -96.950932334871737, 33.023021641627203 ], [ -96.950921557383978, 33.022125676524567 ], [ -96.951998589696743, 33.022116705932781 ], [ -96.953075621764967, 33.022107725186679 ], [ -96.954152653588338, 33.022098734286303 ], [ -96.954163467691544, 33.022994699120254 ], [ -96.954174282039887, 33.023890662733727 ] ] ] } },
{ "type": "Feature", "properties": { "id": "48_34", "growth_scenario": "moderate", "market_gravity_weight": 25 }, "geometry": { "type": "Polygon", "coordinates": [ [ [ -96.969253531472035, 32.935944447942369 ], [ -96.96926450476073, 32.936840529441298 ], [ -96.969275478297888, 32.937736609702043 ], [ -96.969286452083509, 32.938632688724965 ], [ -96.970362346093665, 32.938623543827966 ], [ -96.970373332307105, 32.939519621522194 ], [ -96.96929742611762, 32.939528766510065 ], [ -96.969308400400195, 32.940424843057677 ], [ -96.969319374931288, 32.941320918367836 ], [ -96.968243444133805, 32.941330053392448 ], [ -96.968232481782621, 32.940433977991404 ], [ -96.968221519679645, 32.939537901353056 ], [ -96.968210557824875, 32.938641823477056 ], [ -96.968199596218312, 32.937745744363411 ], [ -96.967123713890544, 32.937754868879971 ], [ -96.967112764710976, 32.936858788437704 ], [ -96.968188634859942, 32.936849664011824 ], [ -96.96817767374975, 32.935953582422066 ], [ -96.968166712887751, 32.935057499594095 ], [ -96.969242558431802, 32.935048365205198 ], [ -96.97031840372739, 32.935039220671833 ], [ -96.970329388945871, 32.935935303318082 ], [ -96.969253531472035, 32.935944447942369 ] ] ] } },
{ "type": "Feature", "properties": { "id": "48_35", "growth_scenario": "moderate", "market_gravity_weight": 25 }, "geometry": { "type": "Polygon", "coordinates": [ [ [ -96.957427151936798, 33.025655551594838 ], [ -96.95743800363924, 33.02655151127847 ], [ -96.957448855587685, 33.027447469742398 ], [ -96.956371751265621, 33.027456491645502 ], [ -96.956382591253274, 33.028352448979867 ], [ -96.95530547447872, 33.028361460817948 ], [ -96.955294646697837, 33.027465503393678 ], [ -96.954217541884617, 33.027474504986984 ], [ -96.954206726555711, 33.026578546253411 ], [ -96.953129633703867, 33.026587537602104 ], [ -96.953118830826355, 33.025691577559158 ], [ -96.954195911471956, 33.025682586300157 ], [ -96.954185096633353, 33.024786625126964 ], [ -96.955262164827843, 33.02477762380299 ], [ -96.956339232776926, 33.024768612324415 ], [ -96.956350072027448, 33.02566457331794 ], [ -96.957427151936798, 33.025655551594838 ] ] ] } },
{ "type": "Feature", "properties": { "id": "48_36", "growth_scenario": "moderate", "market_gravity_weight": 25 }, "geometry": { "type": "Polygon", "coordinates": [ [ [ -97.705835000451344, 30.21044149364959 ], [ -97.705853670810541, 30.21134205952076 ], [ -97.704813644219158, 30.211358221543684 ], [ -97.704832303608683, 30.212258785778058 ], [ -97.703792265230533, 30.212274938089617 ], [ -97.703773617219355, 30.211374373710409 ], [ -97.702733589811402, 30.21139051602097 ], [ -97.702752226444233, 30.212291080544961 ], [ -97.70171218725001, 30.212307213143948 ], [ -97.70169356199554, 30.211406648475283 ], [ -97.700653533772027, 30.211422771073394 ], [ -97.699613505141087, 30.211438883815248 ], [ -97.699594903050567, 30.210538317075699 ], [ -97.699576301367188, 30.209637748554179 ], [ -97.700616307242058, 30.209621636101339 ], [ -97.700634920303344, 30.210522204478337 ], [ -97.701674937148738, 30.210506082024821 ], [ -97.702714953586479, 30.210489949715196 ], [ -97.703754969616313, 30.210473807549441 ], [ -97.704794985238024, 30.21045765552757 ], [ -97.704776326665296, 30.209557087729497 ], [ -97.705816330500781, 30.209540925996485 ], [ -97.705835000451344, 30.21044149364959 ] ] ] } },
{ "type": "Feature", "properties": { "id": "48_37", "growth_scenario": "moderate", "market_gravity_weight": 25 }, "geometry": { "type": "Polygon", "coordinates": [ [ [ -96.950943112603781, 33.023917605509347 ], [ -96.952020169327156, 33.023908634738639 ], [ -96.95203095950923, 33.024804597311096 ], [ -96.950953890580138, 33.024813568171275 ], [ -96.950964668800793, 33.025709529613131 ], [ -96.949887587421415, 33.025718490408089 ], [ -96.949876821406747, 33.024822528876825 ], [ -96.948799751989327, 33.024831479427803 ], [ -96.948788998424419, 33.02393551658723 ], [ -96.947711940968986, 33.023944456894434 ], [ -96.947701199853284, 33.023048492744508 ], [ -96.947690458981057, 33.022152527374153 ], [ -96.948767492025866, 33.022143587245218 ], [ -96.949844524826929, 33.022134636962079 ], [ -96.950921557383978, 33.022125676524567 ], [ -96.950932334871737, 33.023021641627203 ], [ -96.950943112603781, 33.023917605509347 ] ] ] } },
{ "type": "Feature", "properties": { "id": "48_38", "growth_scenario": "moderate", "market_gravity_weight": 25 }, "geometry": { "type": "Polygon", "coordinates": [ [ [ -96.958525959663746, 33.027438437684431 ], [ -96.958536824064964, 33.028334394838723 ], [ -96.959613940101519, 33.028325352535695 ], [ -96.959624816956037, 33.029221308380478 ], [ -96.958547688712443, 33.029230350773702 ], [ -96.95855855360621, 33.03012630548951 ], [ -96.958569418746279, 33.031022258986326 ], [ -96.957492265841481, 33.031031291404673 ], [ -96.957481412909004, 33.030135337817725 ], [ -96.956404271965781, 33.030144359990821 ], [ -96.956393431486674, 33.02924840509494 ], [ -96.955316302505025, 33.029257417022897 ], [ -96.95530547447872, 33.028361460817948 ], [ -96.956382591253274, 33.028352448979867 ], [ -96.956371751265621, 33.027456491645502 ], [ -96.957448855587685, 33.027447469742398 ], [ -96.95743800363924, 33.02655151127847 ], [ -96.958515095508815, 33.026542479310564 ], [ -96.958525959663746, 33.027438437684431 ] ] ] } },
{ "type": "Feature", "properties": { "id": "48_39", "growth_scenario": "moderate", "market_gravity_weight": 25 }, "geometry": { "type": "Polygon", "coordinates": [ [ [ -96.953129633703867, 33.026587537602104 ], [ -96.954206726555711, 33.026578546253411 ], [ -96.954217541884617, 33.027474504986984 ], [ -96.954228357458703, 33.028370462501016 ], [ -96.953151240193506, 33.028379454029107 ], [ -96.952074122683428, 33.028388435402171 ], [ -96.952063331522965, 33.027492477708854 ], [ -96.950986225975086, 33.027501448837469 ], [ -96.950975447265776, 33.026605489835156 ], [ -96.949898353680112, 33.026614450719492 ], [ -96.949887587421415, 33.025718490408089 ], [ -96.950964668800793, 33.025709529613131 ], [ -96.950953890580138, 33.024813568171275 ], [ -96.95203095950923, 33.024804597311096 ], [ -96.953108028193725, 33.024795616296338 ], [ -96.953118830826355, 33.025691577559158 ], [ -96.953129633703867, 33.026587537602104 ] ] ] } },
{ "type": "Feature", "properties": { "id": "48_4", "growth_scenario": "moderate", "market_gravity_weight": 25 }, "geometry": { "type": "Polygon", "coordinates": [ [ [ -96.954818467207772, 32.988042166792816 ], [ -96.955895034950672, 32.988033158995705 ], [ -96.95697160244822, 32.988024141048207 ], [ -96.956982443826817, 32.988920152125601 ], [ -96.956993285451048, 32.989816161975604 ], [ -96.957004127320928, 32.990712170598371 ], [ -96.957014969436443, 32.991608177994067 ], [ -96.955938353158771, 32.991617196300894 ], [ -96.955927523238699, 32.990721188815357 ], [ -96.954850918911106, 32.990730196881607 ], [ -96.954840101431571, 32.989834188079307 ], [ -96.953763509054056, 32.989843185905201 ], [ -96.953752704014533, 32.988947175786052 ], [ -96.953741899219793, 32.988051164439476 ], [ -96.953731094669877, 32.987155151865295 ], [ -96.954807650463493, 32.987146154308256 ], [ -96.954818467207772, 32.988042166792816 ] ] ] } },
{ "type": "Feature", "properties": { "id": "48_40", "growth_scenario": "moderate", "market_gravity_weight": 25 }, "geometry": { "type": "Polygon", "coordinates": [ [ [ -96.947711940968986, 33.023944456894434 ], [ -96.948788998424419, 33.02393551658723 ], [ -96.948799751989327, 33.024831479427803 ], [ -96.948810505797979, 33.02572744104836 ], [ -96.947733423930785, 33.025736381533854 ], [ -96.947722682328134, 33.024840419824137 ], [ -96.946645612423481, 33.0248493500659 ], [ -96.945568542275609, 33.02485827015299 ], [ -96.945557825327967, 33.023962307045302 ], [ -96.944480767142934, 33.023971216888903 ], [ -96.944470062643674, 33.023075252472097 ], [ -96.944459358387064, 33.022179286834906 ], [ -96.945536392161387, 33.022170377168955 ], [ -96.946613425692817, 33.02216145734868 ], [ -96.947690458981057, 33.022152527374153 ], [ -96.947701199853284, 33.023048492744508 ], [ -96.947711940968986, 33.023944456894434 ] ] ] } },
{ "type": "Feature", "properties": { "id": "48_41", "growth_scenario": "moderate", "market_gravity_weight": 25 }, "geometry": { "type": "Polygon", "coordinates": [ [ [ -96.949887587421415, 33.025718490408089 ], [ -96.949898353680112, 33.026614450719492 ], [ -96.950975447265776, 33.026605489835156 ], [ -96.950986225975086, 33.027501448837469 ], [ -96.950997004928723, 33.02839740662025 ], [ -96.949919886929678, 33.028406367683317 ], [ -96.948842768686561, 33.028415318591342 ], [ -96.947765650199671, 33.028424259344398 ], [ -96.947754907866539, 33.027528301293749 ], [ -96.946677801342972, 33.027537231802732 ], [ -96.946667071459927, 33.026641272443513 ], [ -96.947744165776911, 33.026632342023632 ], [ -96.947733423930785, 33.025736381533854 ], [ -96.948810505797979, 33.02572744104836 ], [ -96.948799751989327, 33.024831479427803 ], [ -96.949876821406747, 33.024822528876825 ], [ -96.949887587421415, 33.025718490408089 ] ] ] } },
{ "type": "Feature", "properties": { "id": "48_42", "growth_scenario": "moderate", "market_gravity_weight": 25 }, "geometry": { "type": "Polygon", "coordinates": [ [ [ -96.954239173277955, 33.029266418795785 ], [ -96.955316302505025, 33.029257417022897 ], [ -96.956393431486674, 33.02924840509494 ], [ -96.956404271965781, 33.030144359990821 ], [ -96.957481412909004, 33.030135337817725 ], [ -96.957492265841481, 33.031031291404673 ], [ -96.956415112690635, 33.03104031366771 ], [ -96.955337959294056, 33.031049325775506 ], [ -96.954260805651998, 33.031058327727955 ], [ -96.954271622206804, 33.031954280365788 ], [ -96.953194456111632, 33.031963272252646 ], [ -96.953183651764732, 33.031067319525093 ], [ -96.952106497632556, 33.031076301166955 ], [ -96.952095705738216, 33.030180347131065 ], [ -96.953172847662742, 33.030171365578767 ], [ -96.953162043805676, 33.029275410413533 ], [ -96.953151240193506, 33.028379454029107 ], [ -96.954228357458703, 33.028370462501016 ], [ -96.954239173277955, 33.029266418795785 ] ] ] } },
{ "type": "Feature", "properties": { "id": "48_43", "growth_scenario": "moderate", "market_gravity_weight": 25 }, "geometry": { "type": "Polygon", "coordinates": [ [ [ -98.70465139508606, 29.417434497380626 ], [ -98.704680712806265, 29.418336475430941 ], [ -98.705710569598182, 29.418310793001744 ], [ -98.705739899105268, 29.419212768890223 ], [ -98.704710031161923, 29.419238451542746 ], [ -98.704739350153019, 29.420140425716209 ], [ -98.703709470422524, 29.420166098815837 ], [ -98.703680162583126, 29.419264124419044 ], [ -98.702650293369118, 29.419289787519165 ], [ -98.702620997316401, 29.418387810960905 ], [ -98.701591138618923, 29.418413464061679 ], [ -98.700561279286759, 29.418439107386309 ], [ -98.700532006171514, 29.417537128443492 ], [ -98.70156185435242, 29.417511485341883 ], [ -98.701532570720588, 29.416609504683358 ], [ -98.702562407115792, 29.41658385202874 ], [ -98.703592242876084, 29.416558189598149 ], [ -98.70362154880992, 29.417460169810408 ], [ -98.70465139508606, 29.417434497380626 ] ] ] } },
{ "type": "Feature", "properties": { "id": "48_44", "growth_scenario": "moderate", "market_gravity_weight": 25 }, "geometry": { "type": "Polygon", "coordinates": [ [ [ -96.969154783053071, 32.927879658707184 ], [ -96.969165754106015, 32.928775751357307 ], [ -96.969176725407337, 32.929671842767647 ], [ -96.96918769695705, 32.93056793293843 ], [ -96.969198668755169, 32.931464021869843 ], [ -96.969209640801679, 32.932360109562033 ], [ -96.969220613096624, 32.933256196015193 ], [ -96.969231585640003, 32.93415228122953 ], [ -96.969242558431802, 32.935048365205198 ], [ -96.968166712887751, 32.935057499594095 ], [ -96.968155752273901, 32.934161415527647 ], [ -96.968144791908216, 32.933265330222525 ], [ -96.968133831790681, 32.932369243678579 ], [ -96.968122871921281, 32.931473155895588 ], [ -96.968111912300017, 32.93057706687344 ], [ -96.968100952926889, 32.929680976611863 ], [ -96.968089993801883, 32.928784885110765 ], [ -96.967014233249628, 32.928794008720494 ], [ -96.96700328654876, 32.927897915888927 ], [ -96.968079034924969, 32.927888792369906 ], [ -96.968068076296163, 32.9269926983891 ], [ -96.969143812248504, 32.926983564817128 ], [ -96.969154783053071, 32.927879658707184 ] ] ] } },
{ "type": "Feature", "properties": { "id": "48_45", "growth_scenario": "moderate", "market_gravity_weight": 25 }, "geometry": { "type": "Polygon", "coordinates": [ [ [ -98.726992186673613, 29.470132124791398 ], [ -98.727021765224407, 29.471033984270623 ], [ -98.725991262226927, 29.471059865734166 ], [ -98.726020830253901, 29.471961723510461 ], [ -98.72705134441668, 29.471935841821374 ], [ -98.727080924250458, 29.472837697443719 ], [ -98.727110504725758, 29.473739551137914 ], [ -98.726079968231673, 29.47376543327815 ], [ -98.726109538182527, 29.474667285269902 ], [ -98.726139108774674, 29.475569135333917 ], [ -98.725108549306967, 29.475595008143852 ], [ -98.725078989881084, 29.474693157854372 ], [ -98.725049431096295, 29.473791305637114 ], [ -98.725019872952558, 29.472889451491891 ], [ -98.724990315449872, 29.471987595418494 ], [ -98.724960758588196, 29.47108573741675 ], [ -98.724931202367529, 29.470183877486573 ], [ -98.725961694841189, 29.470158006029454 ], [ -98.725932128096659, 29.469256144395956 ], [ -98.726962608764282, 29.469230263383476 ], [ -98.726992186673613, 29.470132124791398 ] ] ] } },
{ "type": "Feature", "properties": { "id": "48_46", "growth_scenario": "moderate", "market_gravity_weight": 25 }, "geometry": { "type": "Polygon", "coordinates": [ [ [ -96.952106497632556, 33.031076301166955 ], [ -96.953183651764732, 33.031067319525093 ], [ -96.953194456111632, 33.031963272252646 ], [ -96.953205260703484, 33.032859223761548 ], [ -96.953216065540246, 33.033755174052061 ], [ -96.952138874783486, 33.033764155962714 ], [ -96.951061683782044, 33.033773127717723 ], [ -96.95105090336223, 33.032877177248118 ], [ -96.949973724324892, 33.032886138758123 ], [ -96.949962956357652, 33.031990186980728 ], [ -96.948885789284432, 33.031999138245901 ], [ -96.948875033769255, 33.031103185160603 ], [ -96.949952188634541, 33.031094233984675 ], [ -96.951029343255726, 33.031085272653492 ], [ -96.951018563569036, 33.030189318528095 ], [ -96.952095705738216, 33.030180347131065 ], [ -96.952106497632556, 33.031076301166955 ] ] ] } },
{ "type": "Feature", "properties": { "id": "48_47", "growth_scenario": "moderate", "market_gravity_weight": 25 }, "geometry": { "type": "Polygon", "coordinates": [ [ [ -98.705417309485767, 29.409290927469961 ], [ -98.706447054141137, 29.409265237498467 ], [ -98.706476388441445, 29.410167232556599 ], [ -98.707506143610104, 29.410141532586444 ], [ -98.707476798160798, 29.409239537751787 ], [ -98.708506541544509, 29.409213828229753 ], [ -98.70853589814277, 29.410115822840957 ], [ -98.708565255377238, 29.411017815512029 ], [ -98.708594613247939, 29.411919806243159 ], [ -98.707564836416609, 29.411945516435704 ], [ -98.70753548969536, 29.411043525481027 ], [ -98.706505723377489, 29.411069225674641 ], [ -98.705475956423882, 29.411094916092789 ], [ -98.70444618883478, 29.411120596735522 ], [ -98.704416876197229, 29.410218603170893 ], [ -98.703387119122141, 29.410244273815021 ], [ -98.703357818268898, 29.409342278087127 ], [ -98.704387564194946, 29.409316607666181 ], [ -98.704358252827859, 29.408414610221257 ], [ -98.70538798696991, 29.408388930248293 ], [ -98.705417309485767, 29.409290927469961 ] ] ] } },
{ "type": "Feature", "properties": { "id": "48_48", "growth_scenario": "moderate", "market_gravity_weight": 25 }, "geometry": { "type": "Polygon", "coordinates": [ [ [ -98.702562407115792, 29.41658385202874 ], [ -98.701532570720588, 29.416609504683358 ], [ -98.70156185435242, 29.417511485341883 ], [ -98.700532006171514, 29.417537128443492 ], [ -98.699502157356164, 29.417562761769066 ], [ -98.699472896026435, 29.416660780664678 ], [ -98.698443057727971, 29.416686403991367 ], [ -98.698413808183247, 29.415784420725348 ], [ -98.698384559272441, 29.414882435520376 ], [ -98.699414375269484, 29.414856812639307 ], [ -98.700444190632382, 29.414831179982414 ], [ -98.701474005360893, 29.414805537549739 ], [ -98.70250381945479, 29.414779885341268 ], [ -98.702533112967856, 29.415681869654527 ], [ -98.702562407115792, 29.41658385202874 ] ] ] } },
{ "type": "Feature", "properties": { "id": "48_5", "growth_scenario": "moderate", "market_gravity_weight": 25 }, "geometry": { "type": "Polygon", "coordinates": [ [ [ -96.954699496497923, 32.978185961904423 ], [ -96.954710310791924, 32.979081986675048 ], [ -96.954721125330906, 32.979978010216243 ], [ -96.955797583334629, 32.979969003226394 ], [ -96.955808410310752, 32.980865025448693 ], [ -96.955819237532168, 32.981761046441868 ], [ -96.955830064998864, 32.982657066206194 ], [ -96.954753570417907, 32.98266607346509 ], [ -96.954764385936954, 32.983562092090374 ], [ -96.953687878917989, 32.983571089289022 ], [ -96.953677075591926, 32.982675070574153 ], [ -96.953666272510617, 32.981779050630536 ], [ -96.953655469674032, 32.980883029458084 ], [ -96.953644667082187, 32.97998700705655 ], [ -96.953633864735068, 32.979090983425785 ], [ -96.953623062632673, 32.97819495856556 ], [ -96.953612260774975, 32.977298932475733 ], [ -96.954688682448904, 32.977289935904167 ], [ -96.954699496497923, 32.978185961904423 ] ] ] } },
{ "type": "Feature", "properties": { "id": "48_6", "growth_scenario": "moderate", "market_gravity_weight": 25 }, "geometry": { "type": "Polygon", "coordinates": [ [ [ -98.722424272980135, 29.425114268746565 ], [ -98.722453786024374, 29.426016225546675 ], [ -98.722483299708315, 29.426918180409704 ], [ -98.722512814031987, 29.427820133335754 ], [ -98.722542328995416, 29.428722084325074 ], [ -98.721512348574009, 29.428747925868304 ], [ -98.721482844764324, 29.427845974654208 ], [ -98.720452874857145, 29.427871806195689 ], [ -98.71942290431069, 29.427897627960274 ], [ -98.719393423447627, 29.426995674360054 ], [ -98.71936394322357, 29.426093718822905 ], [ -98.720393891463146, 29.426067897507618 ], [ -98.720364400725018, 29.425165940257983 ], [ -98.721394337172299, 29.425140109390593 ], [ -98.721364835920554, 29.424238150428423 ], [ -98.722394760575597, 29.424212310009075 ], [ -98.722424272980135, 29.425114268746565 ] ] ] } },
{ "type": "Feature", "properties": { "id": "48_7", "growth_scenario": "moderate", "market_gravity_weight": 25 }, "geometry": { "type": "Polygon", "coordinates": [ [ [ -96.954850918911106, 32.990730196881607 ], [ -96.955927523238699, 32.990721188815357 ], [ -96.955938353158771, 32.991617196300894 ], [ -96.95594918332425, 32.992513202559536 ], [ -96.955960013735108, 32.99340920759149 ], [ -96.955970844391359, 32.994305211396956 ], [ -96.955981675293032, 32.995201213976131 ], [ -96.954905009985396, 32.995210222491075 ], [ -96.954894191280289, 32.994314219822193 ], [ -96.953817537924095, 32.994323218096156 ], [ -96.953806731660407, 32.993427214111335 ], [ -96.953795925641572, 32.992531208900026 ], [ -96.953785119867561, 32.991635202462 ], [ -96.953774314338403, 32.99073919479715 ], [ -96.953763509054056, 32.989843185905201 ], [ -96.954840101431571, 32.989834188079307 ], [ -96.954850918911106, 32.990730196881607 ] ] ] } },
{ "type": "Feature", "properties": { "id": "48_8", "growth_scenario": "moderate", "market_gravity_weight": 25 }, "geometry": { "type": "Polygon", "coordinates": [ [ [ -98.719334463638504, 29.425191761348653 ], [ -98.720364400725018, 29.425165940257983 ], [ -98.720393891463146, 29.426067897507618 ], [ -98.71936394322357, 29.426093718822905 ], [ -98.719393423447627, 29.426995674360054 ], [ -98.71942290431069, 29.427897627960274 ], [ -98.720452874857145, 29.427871806195689 ], [ -98.720482367513043, 29.428773757634559 ], [ -98.719452385812801, 29.42879957962375 ], [ -98.718422403473483, 29.42882539183589 ], [ -98.718392933125202, 29.427923439947861 ], [ -98.718363463415713, 29.427021486123106 ], [ -98.717333502745035, 29.427047288109296 ], [ -98.717304044827671, 29.426145332123152 ], [ -98.716274094671846, 29.42617112410807 ], [ -98.716244648546123, 29.425269165960508 ], [ -98.717274587548829, 29.425243374199965 ], [ -98.718304525913041, 29.425217572662689 ], [ -98.718275058119801, 29.424315613026671 ], [ -98.719304984692428, 29.424289801937171 ], [ -98.719334463638504, 29.425191761348653 ] ] ] } },
{ "type": "Feature", "properties": { "id": "48_9", "growth_scenario": "moderate", "market_gravity_weight": 25 }, "geometry": { "type": "Polygon", "coordinates": [ [ [ -98.7202759323458, 29.422460056884752 ], [ -98.720305421166358, 29.423362019946754 ], [ -98.721335335308268, 29.423336189528737 ], [ -98.721364835920554, 29.424238150428423 ], [ -98.721394337172299, 29.425140109390593 ], [ -98.720364400725018, 29.425165940257983 ], [ -98.719334463638504, 29.425191761348653 ], [ -98.719304984692428, 29.424289801937171 ], [ -98.718275058119801, 29.424315613026671 ], [ -98.717245130908481, 29.424341414339494 ], [ -98.717215674906583, 29.423439452541583 ], [ -98.717186219543152, 29.422537488806125 ], [ -98.718216124449455, 29.422511687942155 ], [ -98.719246028717095, 29.422485877301664 ], [ -98.719216551687794, 29.421583912077345 ], [ -98.720246444164388, 29.421558091885014 ], [ -98.7202759323458, 29.422460056884752 ] ] ] } },
{ "type": "Feature", "properties": { "id": "49_0", "growth_scenario": "moderate", "market_gravity_weight": 25 }, "geometry": { "type": "Polygon", "coordinates": [ [ [ -111.903488827101754, 40.4950167005723 ], [ -111.902315524926266, 40.495165395073613 ], [ -111.902513714761753, 40.496045660960071 ], [ -111.901340393619648, 40.496194346528014 ], [ -111.901538574275861, 40.497074614526426 ], [ -111.900365234166784, 40.497223291160893 ], [ -111.900167067583951, 40.496343021242176 ], [ -111.898993736654987, 40.496491685102313 ], [ -111.898795589038642, 40.495611413454959 ], [ -111.899968905894383, 40.495462751515007 ], [ -111.899770749097911, 40.494582481979187 ], [ -111.899572597194336, 40.493702212634524 ], [ -111.900745881011886, 40.493553543681038 ], [ -111.901919159936355, 40.493404863874012 ], [ -111.903092433967444, 40.493256173213567 ], [ -111.90329062808766, 40.494136436797447 ], [ -111.903488827101754, 40.4950167005723 ] ] ] } },
{ "type": "Feature", "properties": { "id": "49_1", "growth_scenario": "moderate", "market_gravity_weight": 25 }, "geometry": { "type": "Polygon", "coordinates": [ [ [ -112.054705231259035, 40.533717273234977 ], [ -112.05587884868325, 40.533567163601376 ], [ -112.056079042040381, 40.53444721015714 ], [ -112.056279240342221, 40.535327256907955 ], [ -112.055105594773423, 40.5354773704236 ], [ -112.055305783947361, 40.536357419310875 ], [ -112.054132119361043, 40.536507523913954 ], [ -112.0529584498303, 40.536657617663288 ], [ -112.051784775355458, 40.536807700558739 ], [ -112.051584628400974, 40.535927645848659 ], [ -112.05275828880248, 40.535777564893991 ], [ -112.052558132718545, 40.534897512320292 ], [ -112.052357981578353, 40.534017459941893 ], [ -112.053531608890623, 40.533867372015123 ], [ -112.053331448621805, 40.532987321772602 ], [ -112.054505056918231, 40.532837224933182 ], [ -112.054705231259035, 40.533717273234977 ] ] ] } },
{ "type": "Feature", "properties": { "id": "49_2", "growth_scenario": "moderate", "market_gravity_weight": 25 }, "geometry": { "type": "Polygon", "coordinates": [ [ [ -112.051065707612139, 40.5495787522581 ], [ -112.051265886506329, 40.550458815754716 ], [ -112.050091981108338, 40.550608884348847 ], [ -112.050292150868742, 40.551488949986549 ], [ -112.049118226446112, 40.551639009666175 ], [ -112.047944297078459, 40.551789058489462 ], [ -112.047744155477162, 40.5509089889688 ], [ -112.046570235244644, 40.55105902499438 ], [ -112.0453963100679, 40.551209050163671 ], [ -112.04519620157032, 40.55032897696033 ], [ -112.046370112667375, 40.550178953732143 ], [ -112.04616999503412, 40.549298882669376 ], [ -112.047343887107971, 40.549148850526166 ], [ -112.048517774237666, 40.548998807526928 ], [ -112.04969165642288, 40.548848753671756 ], [ -112.049891816293112, 40.549728818910644 ], [ -112.051065707612139, 40.5495787522581 ] ] ] } },
{ "type": "Feature", "properties": { "id": "49_3", "growth_scenario": "moderate", "market_gravity_weight": 25 }, "geometry": { "type": "Polygon", "coordinates": [ [ [ -112.043048444883169, 40.55150906793299 ], [ -112.044222379947314, 40.551359064476529 ], [ -112.0453963100679, 40.551209050163671 ], [ -112.046570235244644, 40.55105902499438 ], [ -112.046770362766097, 40.551939096456387 ], [ -112.047944297078459, 40.551789058489462 ], [ -112.049118226446112, 40.551639009666175 ], [ -112.049318387072077, 40.552519077445247 ], [ -112.048144443624452, 40.552669128210098 ], [ -112.046970495231918, 40.552819168118418 ], [ -112.04717063264232, 40.553699239980574 ], [ -112.045996665224578, 40.553849270973714 ], [ -112.044822692862411, 40.553999291110031 ], [ -112.044622583613531, 40.553119215365228 ], [ -112.043448620388304, 40.553269222703619 ], [ -112.043248530164036, 40.552389145218179 ], [ -112.043048444883169, 40.55150906793299 ] ] ] } },
{ "type": "Feature", "properties": { "id": "49_4", "growth_scenario": "moderate", "market_gravity_weight": 25 }, "geometry": { "type": "Polygon", "coordinates": [ [ [ -112.034830761042528, 40.55255878814085 ], [ -112.036004730702288, 40.552408860681659 ], [ -112.036204731497094, 40.553288949609858 ], [ -112.037378710297091, 40.553139009353565 ], [ -112.037578730115129, 40.554019096542241 ], [ -112.03640473723334, 40.554169038738785 ], [ -112.036604747911213, 40.555049128068696 ], [ -112.035430736005523, 40.555199061348269 ], [ -112.034256719158392, 40.555348983770436 ], [ -112.034056736645297, 40.554468890560202 ], [ -112.032882728939654, 40.55461880018489 ], [ -112.032682765449863, 40.553738705235929 ], [ -112.032482806900532, 40.552858610488002 ], [ -112.033656786441838, 40.552708704742983 ], [ -112.033456818751091, 40.55182861213553 ], [ -112.034630779270273, 40.55167869747325 ], [ -112.034830761042528, 40.55255878814085 ] ] ] } },
{ "type": "Feature", "properties": { "id": "51_0", "growth_scenario": "moderate", "market_gravity_weight": 25 }, "geometry": { "type": "Polygon", "coordinates": [ [ [ -79.919772712271993, 37.337668161501433 ], [ -79.920895881852061, 37.337818427607644 ], [ -79.920704010605405, 37.33869803182278 ], [ -79.921827197608096, 37.338848289255161 ], [ -79.921635334713571, 37.339727894627543 ], [ -79.922758539139181, 37.339878143385953 ], [ -79.922566684597399, 37.340757749915916 ], [ -79.921443467283751, 37.340607499427634 ], [ -79.920320254505583, 37.340457238535357 ], [ -79.919197046263193, 37.340306967239059 ], [ -79.918073842556865, 37.340156685538844 ], [ -79.918265748649873, 37.339277085929126 ], [ -79.918457650206705, 37.338397485746746 ], [ -79.918649547227503, 37.337517884991641 ], [ -79.918841439712423, 37.336638283663504 ], [ -79.919964591870212, 37.336788558443317 ], [ -79.919772712271993, 37.337668161501433 ] ] ] } },
{ "type": "Feature", "properties": { "id": "51_1", "growth_scenario": "moderate", "market_gravity_weight": 25 }, "geometry": { "type": "Polygon", "coordinates": [ [ [ -79.916211307952096, 37.338096898056129 ], [ -79.917334476811249, 37.338247197103215 ], [ -79.917142562367303, 37.339126795555366 ], [ -79.916950643386883, 37.340006393434805 ], [ -79.916758719869833, 37.340885990741683 ], [ -79.915635512348942, 37.340735686503294 ], [ -79.915443571407295, 37.341615281507352 ], [ -79.914320355535821, 37.341464965134442 ], [ -79.914512309365151, 37.340585371861067 ], [ -79.913389110918715, 37.340435046815038 ], [ -79.913581073097873, 37.33955545469987 ], [ -79.913773030739549, 37.338675862012046 ], [ -79.914896203411857, 37.338826183596737 ], [ -79.915088143629561, 37.337946588605433 ], [ -79.915280079310378, 37.337066993041148 ], [ -79.916403230746411, 37.337217300761402 ], [ -79.916211307952096, 37.338096898056129 ] ] ] } },
{ "type": "Feature", "properties": { "id": "51_10", "growth_scenario": "moderate", "market_gravity_weight": 25 }, "geometry": { "type": "Polygon", "coordinates": [ [ [ -79.868141394713291, 37.261940328383666 ], [ -79.867949096051845, 37.262819873029642 ], [ -79.867756792849889, 37.263699417084119 ], [ -79.868878742180854, 37.263850168624998 ], [ -79.868686447294849, 37.264729713818824 ], [ -79.86756448510728, 37.264578960547233 ], [ -79.867372172823863, 37.265458503419161 ], [ -79.867179855999453, 37.266338045700195 ], [ -79.866987534633921, 37.267217587390356 ], [ -79.865865538416088, 37.267066818533571 ], [ -79.866057872638947, 37.266187278574456 ], [ -79.866250202320344, 37.265307738024418 ], [ -79.866442527460507, 37.264428196883387 ], [ -79.866634848059576, 37.263548655151098 ], [ -79.865512907810228, 37.263397882825984 ], [ -79.865705236724352, 37.262518342233115 ], [ -79.865897561097412, 37.261638801048584 ], [ -79.867019475635047, 37.261789569912061 ], [ -79.867211782611761, 37.260910026404936 ], [ -79.868333688834426, 37.261060783145894 ], [ -79.868141394713291, 37.261940328383666 ] ] ] } },
{ "type": "Feature", "properties": { "id": "51_11", "growth_scenario": "moderate", "market_gravity_weight": 25 }, "geometry": { "type": "Polygon", "coordinates": [ [ [ -79.862147114310616, 37.262945503498571 ], [ -79.861954742287352, 37.263825038306464 ], [ -79.86176236572183, 37.264704572522817 ], [ -79.862884318058576, 37.264855379486477 ], [ -79.864006274937438, 37.265006176057994 ], [ -79.863813919542437, 37.265885713145728 ], [ -79.862691949807029, 37.265734914842895 ], [ -79.861569984613908, 37.265584106147799 ], [ -79.860448023963343, 37.265433287060581 ], [ -79.859326067855605, 37.265282457581172 ], [ -79.859518474675824, 37.264402927419312 ], [ -79.858396535967145, 37.264252089279601 ], [ -79.858588951100003, 37.263372560257864 ], [ -79.859710876953059, 37.263523396665967 ], [ -79.859903274687497, 37.262643865320854 ], [ -79.861025192227885, 37.262794689605585 ], [ -79.861217572564442, 37.261915155937253 ], [ -79.862339481791835, 37.262065968098931 ], [ -79.862147114310616, 37.262945503498571 ] ] ] } },
{ "type": "Feature", "properties": { "id": "51_12", "growth_scenario": "moderate", "market_gravity_weight": 25 }, "geometry": { "type": "Polygon", "coordinates": [ [ [ -79.869780378359152, 37.333684731166024 ], [ -79.870903386744146, 37.333835460178186 ], [ -79.87071093496894, 37.334714986447182 ], [ -79.869587913702958, 37.334564255700123 ], [ -79.869395444497954, 37.335443779658846 ], [ -79.868272414899664, 37.335293036775319 ], [ -79.868464896985785, 37.334413514551699 ], [ -79.867341884817705, 37.334262763001888 ], [ -79.867534375235408, 37.33338324193781 ], [ -79.866411380497226, 37.333232481721979 ], [ -79.866603879245929, 37.332352961817257 ], [ -79.866796373445283, 37.331473441336485 ], [ -79.867919342423292, 37.331624198082153 ], [ -79.86904231595021, 37.331774944426904 ], [ -79.870165294025739, 37.33192568037061 ], [ -79.869972838466694, 37.332805206056179 ], [ -79.869780378359152, 37.333684731166024 ] ] ] } },
{ "type": "Feature", "properties": { "id": "51_13", "growth_scenario": "moderate", "market_gravity_weight": 25 }, "geometry": { "type": "Polygon", "coordinates": [ [ [ -77.786236845029975, 38.311976557924105 ], [ -77.787370264042124, 38.312146498334378 ], [ -77.787150347998832, 38.313022334692036 ], [ -77.786930426709731, 38.313898170614067 ], [ -77.7880638769862, 38.314068104614073 ], [ -77.787843963460844, 38.314943942119299 ], [ -77.786710500174621, 38.314774006100699 ], [ -77.786490568393305, 38.315649841152002 ], [ -77.785357097343407, 38.315479892666893 ], [ -77.785577042134577, 38.314604059634334 ], [ -77.784443589341009, 38.314434102720476 ], [ -77.7846635418951, 38.313558271271489 ], [ -77.784883489202613, 38.312682439386933 ], [ -77.783750067673921, 38.312512476063375 ], [ -77.783970022743688, 38.311636645761766 ], [ -77.785103431263721, 38.311806607066529 ], [ -77.785323368078636, 38.310930774310172 ], [ -77.786456768836345, 38.311100723149103 ], [ -77.786236845029975, 38.311976557924105 ] ] ] } },
{ "type": "Feature", "properties": { "id": "51_14", "growth_scenario": "moderate", "market_gravity_weight": 25 }, "geometry": { "type": "Polygon", "coordinates": [ [ [ -80.040727905035851, 37.195394775104113 ], [ -80.041849174497798, 37.195543929401275 ], [ -80.041659096296712, 37.19642377034787 ], [ -80.042780383093614, 37.196572915963891 ], [ -80.04259031325698, 37.197452758019047 ], [ -80.04146901361014, 37.19730361069437 ], [ -80.041278926437954, 37.198183450440993 ], [ -80.040157618426704, 37.198034291017592 ], [ -80.040347718448942, 37.197154452979817 ], [ -80.039226427773656, 37.197005284875353 ], [ -80.038105141584566, 37.196856106381148 ], [ -80.036983859881957, 37.196706917497195 ], [ -80.035862582666113, 37.196557718223588 ], [ -80.036052729599945, 37.19567788642189 ], [ -80.037173993966647, 37.195827083986359 ], [ -80.038295262819958, 37.195976271161214 ], [ -80.039416536159592, 37.196125447946471 ], [ -80.039606640059489, 37.195245610417366 ], [ -80.039796739473502, 37.194365772287789 ], [ -80.040917991600836, 37.194514935265872 ], [ -80.040727905035851, 37.195394775104113 ] ] ] } },
{ "type": "Feature", "properties": { "id": "51_15", "growth_scenario": "moderate", "market_gravity_weight": 25 }, "geometry": { "type": "Polygon", "coordinates": [ [ [ -80.387466808197942, 37.120686928103183 ], [ -80.388587640831915, 37.120832875596314 ], [ -80.389708477848544, 37.120978812696933 ], [ -80.389522691031175, 37.121859220012638 ], [ -80.389336899831278, 37.122739626724041 ], [ -80.38821603710187, 37.122593686286677 ], [ -80.387095178755388, 37.122447735456667 ], [ -80.386909357459345, 37.123328138226839 ], [ -80.386723531779907, 37.124208540392914 ], [ -80.385602652103358, 37.124062575832959 ], [ -80.384481776810631, 37.123916600880229 ], [ -80.38466762820353, 37.123036202051729 ], [ -80.385788490639584, 37.123182175335565 ], [ -80.385974324792159, 37.12230177423411 ], [ -80.38616015456121, 37.121421372528204 ], [ -80.386345979946881, 37.12054097021781 ], [ -80.386531800949356, 37.119660567302645 ], [ -80.387652616344752, 37.1198065235196 ], [ -80.387466808197942, 37.120686928103183 ] ] ] } },
{ "type": "Feature", "properties": { "id": "51_16", "growth_scenario": "moderate", "market_gravity_weight": 25 }, "geometry": { "type": "Polygon", "coordinates": [ [ [ -79.894115460735364, 37.370445034833622 ], [ -79.892991852698032, 37.37029452254523 ], [ -79.893184133090941, 37.369414971730372 ], [ -79.892060542495912, 37.369264450769904 ], [ -79.891868249207548, 37.370143999850079 ], [ -79.891675951372065, 37.371023548363553 ], [ -79.89055233953313, 37.37087301352652 ], [ -79.890360024254505, 37.371752559738503 ], [ -79.889236404067418, 37.371602012759539 ], [ -79.88942873224174, 37.370722468282686 ], [ -79.888305129498207, 37.370571912632094 ], [ -79.887181531302815, 37.370421346574737 ], [ -79.88737388071965, 37.369541805001752 ], [ -79.888497466019942, 37.369692369323843 ], [ -79.889621055868218, 37.369842923239283 ], [ -79.890744650264182, 37.369993466748014 ], [ -79.890936956447831, 37.369113919402785 ], [ -79.891129258084248, 37.368234371490644 ], [ -79.892252831237315, 37.368384901122958 ], [ -79.893376408937186, 37.368535420348671 ], [ -79.894499991183551, 37.368685929167768 ], [ -79.894307728232647, 37.36956548228401 ], [ -79.894115460735364, 37.370445034833622 ] ] ] } },
{ "type": "Feature", "properties": { "id": "51_17", "growth_scenario": "moderate", "market_gravity_weight": 25 }, "geometry": { "type": "Polygon", "coordinates": [ [ [ -80.386998375841344, 37.204752389016186 ], [ -80.388120471242132, 37.204898335939788 ], [ -80.387934456569894, 37.205778711303552 ], [ -80.389056569248552, 37.205924649497376 ], [ -80.388870563069005, 37.20680502594896 ], [ -80.387748437504825, 37.206659086081629 ], [ -80.386626316333633, 37.206513135810887 ], [ -80.386440279989984, 37.207393508329851 ], [ -80.385318150326555, 37.207247545981964 ], [ -80.384196025056838, 37.207101573230652 ], [ -80.384382087171289, 37.206221204059368 ], [ -80.384568144891929, 37.205340834302383 ], [ -80.3847541982189, 37.204460463959528 ], [ -80.385876284833515, 37.204606431689399 ], [ -80.386062320882502, 37.203726059086826 ], [ -80.387184399005719, 37.203872014740035 ], [ -80.386998375841344, 37.204752389016186 ] ] ] } },
{ "type": "Feature", "properties": { "id": "51_18", "growth_scenario": "moderate", "market_gravity_weight": 25 }, "geometry": { "type": "Polygon", "coordinates": [ [ [ -80.383892470515448, 37.273999754667969 ], [ -80.385015602939276, 37.274145726546699 ], [ -80.384829378649314, 37.275026074156557 ], [ -80.385952528383697, 37.275172037301083 ], [ -80.385766312601092, 37.276052386018641 ], [ -80.386889479646342, 37.276198340428799 ], [ -80.38670327237169, 37.277078690254264 ], [ -80.385580092416802, 37.276932734166159 ], [ -80.384456916863769, 37.276786767665563 ], [ -80.383333745712861, 37.276640790752602 ], [ -80.382210578964376, 37.276494803427283 ], [ -80.382396837876612, 37.275614460314252 ], [ -80.382583092386312, 37.274734116630967 ], [ -80.382769342493603, 37.273853772377322 ], [ -80.382955588198627, 37.272973427552962 ], [ -80.384078703312198, 37.273119408165627 ], [ -80.383892470515448, 37.273999754667969 ] ] ] } },
{ "type": "Feature", "properties": { "id": "51_19", "growth_scenario": "moderate", "market_gravity_weight": 25 }, "geometry": { "type": "Polygon", "coordinates": [ [ [ -79.915472010454479, 37.336187396903561 ], [ -79.916595149004266, 37.336337702893573 ], [ -79.916403230746411, 37.337217300761402 ], [ -79.915280079310378, 37.337066993041148 ], [ -79.915088143629561, 37.337946588605433 ], [ -79.914896203411857, 37.338826183596737 ], [ -79.913773030739549, 37.338675862012046 ], [ -79.913581073097873, 37.33955545469987 ], [ -79.912457892076134, 37.339405120980899 ], [ -79.912649862604596, 37.338525530023773 ], [ -79.91152669900724, 37.338375187632153 ], [ -79.911718677884394, 37.337495597832813 ], [ -79.912841828595418, 37.337645938493772 ], [ -79.913033790048786, 37.336766346390476 ], [ -79.913225746964869, 37.335886753713865 ], [ -79.914348876441252, 37.336037080510344 ], [ -79.914540815934558, 37.335157485529713 ], [ -79.915663937061993, 37.335307800192609 ], [ -79.915472010454479, 37.336187396903561 ] ] ] } },
{ "type": "Feature", "properties": { "id": "51_2", "growth_scenario": "moderate", "market_gravity_weight": 25 }, "geometry": { "type": "Polygon", "coordinates": [ [ [ -79.91650155080373, 37.24670093594095 ], [ -79.916309862303009, 37.247580562184766 ], [ -79.917431667019443, 37.247730865243909 ], [ -79.918553476261138, 37.247881157911181 ], [ -79.919675290027826, 37.248031440186459 ], [ -79.919483635569065, 37.248911071010916 ], [ -79.918361808946372, 37.248760787011129 ], [ -79.918170137106472, 37.249640415518208 ], [ -79.917048302152807, 37.249490119401671 ], [ -79.915926471724731, 37.249339812892998 ], [ -79.914804645822528, 37.249189495992276 ], [ -79.914996356230347, 37.248309872659568 ], [ -79.915188062112136, 37.24743024873375 ], [ -79.914066266447108, 37.247279924890933 ], [ -79.914257980658149, 37.246400302096696 ], [ -79.915379763468096, 37.246550624214706 ], [ -79.915571460298381, 37.245670999102195 ], [ -79.916693234779046, 37.245821309103775 ], [ -79.91650155080373, 37.24670093594095 ] ] ] } },
{ "type": "Feature", "properties": { "id": "51_20", "growth_scenario": "moderate", "market_gravity_weight": 25 }, "geometry": { "type": "Polygon", "coordinates": [ [ [ -77.467291188918864, 39.003060671152049 ], [ -77.468434624004274, 39.003233556140863 ], [ -77.468208779966247, 39.004108848493189 ], [ -77.469352233707667, 39.004281725059471 ], [ -77.469126397456463, 39.005157019227759 ], [ -77.467982930493378, 39.004984140557156 ], [ -77.466839468965318, 39.004811251359577 ], [ -77.465696012872584, 39.00463835163513 ], [ -77.465470131521371, 39.005513639201759 ], [ -77.464326667642879, 39.005340726845766 ], [ -77.464552562215474, 39.004465441383886 ], [ -77.463409116994242, 39.004292520605865 ], [ -77.463635019351798, 39.003417236960267 ], [ -77.464778451352146, 39.003590155633553 ], [ -77.465004335053123, 39.002714869594556 ], [ -77.466147759268381, 39.002887775636559 ], [ -77.466373624313349, 39.002012487204304 ], [ -77.467517040743161, 39.002185380615394 ], [ -77.467291188918864, 39.003060671152049 ] ] ] } },
{ "type": "Feature", "properties": { "id": "51_21", "growth_scenario": "moderate", "market_gravity_weight": 25 }, "geometry": { "type": "Polygon", "coordinates": [ [ [ -77.462039756194471, 39.004994870553318 ], [ -77.46318320920048, 39.005167803962948 ], [ -77.464326667642879, 39.005340726845766 ], [ -77.465470131521371, 39.005513639201759 ], [ -77.465244244734365, 39.006388926480263 ], [ -77.46501835251135, 39.007264213470805 ], [ -77.463874862189229, 39.007091296905038 ], [ -77.463648951307789, 39.007966581502821 ], [ -77.462505453200095, 39.007793652304876 ], [ -77.461361960529374, 39.007620712579822 ], [ -77.461587897854741, 39.006745432192446 ], [ -77.461813829743051, 39.005870151516987 ], [ -77.460670368952634, 39.005697205475535 ], [ -77.460896308625152, 39.004821926617034 ], [ -77.461122242860668, 39.003946647470016 ], [ -77.462265677209217, 39.004119589301197 ], [ -77.462039756194471, 39.004994870553318 ] ] ] } },
{ "type": "Feature", "properties": { "id": "51_22", "growth_scenario": "moderate", "market_gravity_weight": 25 }, "geometry": { "type": "Polygon", "coordinates": [ [ [ -80.443870173763671, 37.219371501369501 ], [ -80.444992600354411, 37.219516920593875 ], [ -80.44480722089034, 37.220397378183073 ], [ -80.445929664755539, 37.220542788668766 ], [ -80.445744293808175, 37.221423247346081 ], [ -80.445558918481836, 37.222303705443217 ], [ -80.444436448824746, 37.222158291620474 ], [ -80.443313983547057, 37.222012867390255 ], [ -80.44219152264904, 37.221867432752745 ], [ -80.442376936663209, 37.220986979661568 ], [ -80.442562346297535, 37.22010652599009 ], [ -80.441439915570498, 37.219961084282922 ], [ -80.441625333720211, 37.219080631699583 ], [ -80.442747751552176, 37.219226071738035 ], [ -80.442933152427301, 37.218345616905268 ], [ -80.444055561743866, 37.218491044868188 ], [ -80.443870173763671, 37.219371501369501 ] ] ] } },
{ "type": "Feature", "properties": { "id": "51_23", "growth_scenario": "moderate", "market_gravity_weight": 25 }, "geometry": { "type": "Polygon", "coordinates": [ [ [ -80.447628874666989, 37.228903109959887 ], [ -80.448751452123901, 37.22904849383125 ], [ -80.448566093355396, 37.229928953969704 ], [ -80.448380730207688, 37.230809413529954 ], [ -80.447258126952477, 37.230664026321101 ], [ -80.446135528076908, 37.230518628703685 ], [ -80.445950134750845, 37.231399084348226 ], [ -80.444827527355926, 37.231253674653104 ], [ -80.445012933581282, 37.230373220677585 ], [ -80.445198335426412, 37.229492766124025 ], [ -80.444075758209848, 37.229347349358491 ], [ -80.444261168573476, 37.228466895895579 ], [ -80.444446574556878, 37.227586441853994 ], [ -80.445569125976647, 37.227731855281455 ], [ -80.446691681776173, 37.227877258300772 ], [ -80.446506301589423, 37.228757715680125 ], [ -80.447628874666989, 37.228903109959887 ] ] ] } },
{ "type": "Feature", "properties": { "id": "51_24", "growth_scenario": "moderate", "market_gravity_weight": 25 }, "geometry": { "type": "Polygon", "coordinates": [ [ [ -78.356617613812546, 36.686460839364017 ], [ -78.356409106016102, 36.687338104384175 ], [ -78.355298948936991, 36.687173331352575 ], [ -78.355090423757773, 36.688050593750468 ], [ -78.353980259039403, 36.687885808609018 ], [ -78.352870099193325, 36.687721013205021 ], [ -78.353078649394504, 36.686843754501865 ], [ -78.353287194723322, 36.685966495023386 ], [ -78.352177064770942, 36.6858016930518 ], [ -78.352385617737767, 36.684924434645232 ], [ -78.353495735179948, 36.685089234769485 ], [ -78.354605857494178, 36.685254024631533 ], [ -78.355715984680145, 36.685418804231276 ], [ -78.356826116737608, 36.685583573568685 ], [ -78.357936253666281, 36.685748332643648 ], [ -78.357727763252072, 36.686625600285943 ], [ -78.356617613812546, 36.686460839364017 ] ] ] } },
{ "type": "Feature", "properties": { "id": "51_25", "growth_scenario": "moderate", "market_gravity_weight": 25 }, "geometry": { "type": "Polygon", "coordinates": [ [ [ -82.103271139263512, 36.661072039561482 ], [ -82.103106605465925, 36.6619551292642 ], [ -82.101989469735386, 36.661825059743542 ], [ -82.101824919222054, 36.662708147329823 ], [ -82.100707774512813, 36.662578065952523 ], [ -82.100543207283167, 36.663461151422446 ], [ -82.099426053595522, 36.663331058188248 ], [ -82.099590633672605, 36.662447974185092 ], [ -82.099755209880371, 36.661564889532094 ], [ -82.099919782218976, 36.660681804228965 ], [ -82.101036897365162, 36.660811893063055 ], [ -82.101201452988136, 36.659928805643119 ], [ -82.101366004742488, 36.659045717572745 ], [ -82.102483098064297, 36.659175793084074 ], [ -82.103600195254302, 36.659305858205705 ], [ -82.103435669192933, 36.660188949208752 ], [ -82.103271139263512, 36.661072039561482 ] ] ] } },
{ "type": "Feature", "properties": { "id": "51_26", "growth_scenario": "moderate", "market_gravity_weight": 25 }, "geometry": { "type": "Polygon", "coordinates": [ [ [ -78.346626488101506, 36.684977529260884 ], [ -78.347736593688836, 36.685142382543191 ], [ -78.348846704149722, 36.685307225563562 ], [ -78.348638108780079, 36.686184477651665 ], [ -78.347527985809435, 36.686019632783513 ], [ -78.347319373056294, 36.686896882248156 ], [ -78.34711075542927, 36.687774130937314 ], [ -78.346902132928207, 36.688651378851155 ], [ -78.345791977300806, 36.688486518176582 ], [ -78.346000612312309, 36.68760927211094 ], [ -78.344890474069643, 36.687444403022276 ], [ -78.34509911671681, 36.686567158029469 ], [ -78.345307754489539, 36.685689912260919 ], [ -78.344197646140842, 36.685525036606585 ], [ -78.344406291548594, 36.684647791910393 ], [ -78.345516387388002, 36.684812665716557 ], [ -78.34572501541237, 36.683935418396246 ], [ -78.346835103616712, 36.684100280092551 ], [ -78.346626488101506, 36.684977529260884 ] ] ] } },
{ "type": "Feature", "properties": { "id": "51_27", "growth_scenario": "moderate", "market_gravity_weight": 25 }, "geometry": { "type": "Polygon", "coordinates": [ [ [ -82.062410033515548, 36.684278730812643 ], [ -82.063527434607423, 36.684409166523871 ], [ -82.063362382353503, 36.685292190598588 ], [ -82.064479800178731, 36.685422617389705 ], [ -82.064314756895655, 36.686305642290073 ], [ -82.06319732621813, 36.686175214027323 ], [ -82.063032266201162, 36.687058236810238 ], [ -82.06191482655278, 36.686927796683705 ], [ -82.061749749801322, 36.687810817349131 ], [ -82.060632301182366, 36.687680365358538 ], [ -82.060797390786433, 36.686797346165044 ], [ -82.060962476508195, 36.685914326325879 ], [ -82.061127558347778, 36.685031305840809 ], [ -82.060010152167834, 36.684900847874232 ], [ -82.060175242976968, 36.684017828214934 ], [ -82.061292636305311, 36.68414828470965 ], [ -82.061457710380935, 36.683265262932181 ], [ -82.062575094739714, 36.683395707563392 ], [ -82.062410033515548, 36.684278730812643 ] ] ] } },
{ "type": "Feature", "properties": { "id": "51_28", "growth_scenario": "moderate", "market_gravity_weight": 25 }, "geometry": { "type": "Polygon", "coordinates": [ [ [ -79.235554062944374, 37.39635603298894 ], [ -79.236676707285312, 37.396512624984055 ], [ -79.236476596567712, 37.397391107045166 ], [ -79.236276481122118, 37.398269588521373 ], [ -79.236076360948346, 37.399148069412796 ], [ -79.235876236046224, 37.40002654971962 ], [ -79.234753540340563, 37.399869950506648 ], [ -79.234953678084281, 37.398991472004425 ], [ -79.23383099994885, 37.398834864209981 ], [ -79.234031145805105, 37.39795638692766 ], [ -79.232908485239577, 37.397799770551941 ], [ -79.233108639207785, 37.396921294489395 ], [ -79.233308788447133, 37.396042817841639 ], [ -79.234431423331543, 37.396199430608121 ], [ -79.234631555002068, 37.39532095157049 ], [ -79.235754181774595, 37.395477552146978 ], [ -79.235554062944374, 37.39635603298894 ] ] ] } },
{ "type": "Feature", "properties": { "id": "51_29", "growth_scenario": "moderate", "market_gravity_weight": 25 }, "geometry": { "type": "Polygon", "coordinates": [ [ [ -81.939583893429699, 36.72402246100043 ], [ -81.939417296090113, 36.724905295595036 ], [ -81.939250694831415, 36.725788129548562 ], [ -81.938132894652057, 36.725656542098378 ], [ -81.937966276618269, 36.726539373924403 ], [ -81.936848467502728, 36.726407774594321 ], [ -81.937015098392237, 36.725524944255106 ], [ -81.93589730605224, 36.725393336018691 ], [ -81.936063945877194, 36.724510506525235 ], [ -81.936230581782155, 36.723627676390542 ], [ -81.937348348411888, 36.7237592816534 ], [ -81.937514967542313, 36.722876449390597 ], [ -81.938632725236744, 36.723008042773984 ], [ -81.939750486850315, 36.72313962576461 ], [ -81.9408682523827, 36.723271198362269 ], [ -81.940701671817223, 36.724154035084482 ], [ -81.939583893429699, 36.72402246100043 ] ] ] } },
{ "type": "Feature", "properties": { "id": "51_3", "growth_scenario": "moderate", "market_gravity_weight": 25 }, "geometry": { "type": "Polygon", "coordinates": [ [ [ -78.379516493860891, 36.677142708879444 ], [ -78.379308279406359, 36.678020017980614 ], [ -78.379100060087509, 36.678897326305631 ], [ -78.380210147016768, 36.679061880354681 ], [ -78.380001935344353, 36.679939189747941 ], [ -78.379793718807548, 36.680816498365559 ], [ -78.379585497406197, 36.681693806207562 ], [ -78.378475372943385, 36.681529246625487 ], [ -78.378683606856185, 36.680651940627861 ], [ -78.377573499769653, 36.68048737262756 ], [ -78.377781741328661, 36.679610067698782 ], [ -78.37798997802274, 36.678732761994148 ], [ -78.378198209852059, 36.677855455513452 ], [ -78.378406436816803, 36.676978148256453 ], [ -78.378614658917115, 36.676100840223107 ], [ -78.377504619247205, 36.675936271182174 ], [ -78.377712848992772, 36.675058964216326 ], [ -78.37882287615318, 36.675223531413067 ], [ -78.379932908177693, 36.675388088347852 ], [ -78.379724703451288, 36.676265399001863 ], [ -78.379516493860891, 36.677142708879444 ] ] ] } },
{ "type": "Feature", "properties": { "id": "51_30", "growth_scenario": "moderate", "market_gravity_weight": 25 }, "geometry": { "type": "Polygon", "coordinates": [ [ [ -82.006245617562172, 36.721924407553807 ], [ -82.006079808979649, 36.722807335205658 ], [ -82.005913996496275, 36.723690262218057 ], [ -82.005748180111908, 36.724573188591201 ], [ -82.006866082409474, 36.724704147954547 ], [ -82.007983988607876, 36.724835096922646 ], [ -82.007818194044603, 36.725718025615912 ], [ -82.006700274985008, 36.725587075168214 ], [ -82.006534463659563, 36.726470001743216 ], [ -82.00541653563964, 36.726339039420509 ], [ -82.004298611521094, 36.72620806670249 ], [ -82.004464448569053, 36.72532514308709 ], [ -82.00463028171545, 36.724442218832756 ], [ -82.004796110960442, 36.72355929393931 ], [ -82.004961936304142, 36.722676368406539 ], [ -82.003844067529784, 36.722545391212599 ], [ -82.004009901832248, 36.72166246651998 ], [ -82.005127757746706, 36.721793442234265 ], [ -82.005293575288263, 36.720910515422254 ], [ -82.006411422243985, 36.721041479262276 ], [ -82.006245617562172, 36.721924407553807 ] ] ] } },
{ "type": "Feature", "properties": { "id": "51_31", "growth_scenario": "moderate", "market_gravity_weight": 25 }, "geometry": { "type": "Polygon", "coordinates": [ [ [ -79.233161269207713, 37.432278006049991 ], [ -79.234284451069541, 37.432434618329083 ], [ -79.234084215365215, 37.433313086175097 ], [ -79.232961020650464, 37.433156472089074 ], [ -79.232760767359693, 37.434034937551168 ], [ -79.231637564525414, 37.433878311267613 ], [ -79.231837830669207, 37.432999847612685 ], [ -79.230714645421756, 37.432843212745944 ], [ -79.230514366425069, 37.433721674593656 ], [ -79.229391173058985, 37.43356502752934 ], [ -79.229591464908381, 37.43268656748895 ], [ -79.229791752023417, 37.431808106871244 ], [ -79.230914919684366, 37.431964750321036 ], [ -79.231115189213057, 37.431086287318642 ], [ -79.231315454007998, 37.430207823738684 ], [ -79.232438600698515, 37.430364453184225 ], [ -79.233561752122327, 37.430521072239713 ], [ -79.233361513031596, 37.431399539433606 ], [ -79.233161269207713, 37.432278006049991 ] ] ] } },
{ "type": "Feature", "properties": { "id": "51_32", "growth_scenario": "moderate", "market_gravity_weight": 25 }, "geometry": { "type": "Polygon", "coordinates": [ [ [ -78.257512469557255, 39.052649948435594 ], [ -78.257295980416131, 39.053526653326571 ], [ -78.257079486053385, 39.054403357975211 ], [ -78.256862986468832, 39.055280062381641 ], [ -78.256646481662273, 39.05615676654611 ], [ -78.256429971633537, 39.057033470468795 ], [ -78.255283855537769, 39.05686784756287 ], [ -78.255500378895391, 39.055991145663178 ], [ -78.254354281350984, 39.055825514212088 ], [ -78.254570812814535, 39.054948814093613 ], [ -78.253424733821134, 39.054783174097551 ], [ -78.253641273390016, 39.053906475760009 ], [ -78.254787339055497, 39.054072113733014 ], [ -78.255933409943395, 39.054237741138095 ], [ -78.256149917634133, 39.05336103851225 ], [ -78.255003860074069, 39.053195413130027 ], [ -78.255220375870422, 39.052318712284524 ], [ -78.256366420102964, 39.052484335643911 ], [ -78.256582917350073, 39.051607632532949 ], [ -78.257728953476956, 39.051773243302037 ], [ -78.257512469557255, 39.052649948435594 ] ] ] } },
{ "type": "Feature", "properties": { "id": "51_33", "growth_scenario": "moderate", "market_gravity_weight": 25 }, "geometry": { "type": "Polygon", "coordinates": [ [ [ -79.870518478645224, 37.335594512140879 ], [ -79.871641517341175, 37.335745234221321 ], [ -79.872764560585523, 37.335895945900219 ], [ -79.872572125476736, 37.336775474488419 ], [ -79.872379685819666, 37.337655002501812 ], [ -79.871256616811252, 37.337504287353255 ], [ -79.870133552351575, 37.337353561802843 ], [ -79.869941082381317, 37.338233085771577 ], [ -79.86881800958848, 37.338082348084264 ], [ -79.869010492440879, 37.33720282585076 ], [ -79.867887437079474, 37.337052079496857 ], [ -79.868079928264279, 37.336172558423712 ], [ -79.868272414899664, 37.335293036775319 ], [ -79.869395444497954, 37.335443779658846 ], [ -79.869587913702958, 37.334564255700123 ], [ -79.87071093496894, 37.334714986447182 ], [ -79.870518478645224, 37.335594512140879 ] ] ] } },
{ "type": "Feature", "properties": { "id": "51_34", "growth_scenario": "moderate", "market_gravity_weight": 25 }, "geometry": { "type": "Polygon", "coordinates": [ [ [ -77.787624044689593, 38.315819779189361 ], [ -77.788757526231947, 38.315989706778936 ], [ -77.788537615225138, 38.316865545432741 ], [ -77.78740412067225, 38.316695615824521 ], [ -77.787184191408642, 38.317571452024858 ], [ -77.786964256898571, 38.318447287790669 ], [ -77.785830741570422, 38.31827734369655 ], [ -77.785610788802515, 38.319153177008886 ], [ -77.784477265710294, 38.31898322044745 ], [ -77.784697231489204, 38.318107389154342 ], [ -77.784917192020913, 38.317231557426659 ], [ -77.785137147305591, 38.316355725264252 ], [ -77.784003668492375, 38.316185764312351 ], [ -77.784223631540158, 38.315309933734056 ], [ -77.785357097343407, 38.315479892666893 ], [ -77.786490568393305, 38.315649841152002 ], [ -77.786710500174621, 38.314774006100699 ], [ -77.787843963460844, 38.314943942119299 ], [ -77.787624044689593, 38.315819779189361 ] ] ] } },
{ "type": "Feature", "properties": { "id": "51_35", "growth_scenario": "moderate", "market_gravity_weight": 25 }, "geometry": { "type": "Polygon", "coordinates": [ [ [ -79.153295767158568, 37.381226017478376 ], [ -79.154418009542084, 37.381383370600808 ], [ -79.155540256673731, 37.381540713342567 ], [ -79.15533922801049, 37.382419065772886 ], [ -79.15421696805133, 37.382261721219415 ], [ -79.153094712840485, 37.382104366285056 ], [ -79.15289365377383, 37.382982714500251 ], [ -79.151771390484114, 37.382825347373128 ], [ -79.150649131943439, 37.382667969865217 ], [ -79.149526878152074, 37.382510581976504 ], [ -79.148404629110303, 37.382353183707096 ], [ -79.148605739485745, 37.381474842740744 ], [ -79.14880684511148, 37.380596501182488 ], [ -79.149929068499645, 37.380753895827233 ], [ -79.149727975700571, 37.381632239197742 ], [ -79.150850216664836, 37.381789625274202 ], [ -79.151051296637064, 37.380911280091503 ], [ -79.152173529523466, 37.381068653975269 ], [ -79.152374591920008, 37.380190306388677 ], [ -79.153496816728236, 37.380347668079914 ], [ -79.153295767158568, 37.381226017478376 ] ] ] } },
{ "type": "Feature", "properties": { "id": "51_36", "growth_scenario": "moderate", "market_gravity_weight": 25 }, "geometry": { "type": "Polygon", "coordinates": [ [ [ -79.126594057813037, 37.386544685106756 ], [ -79.12639267378033, 37.387422988102017 ], [ -79.126191284991137, 37.388301290505893 ], [ -79.125068997992074, 37.388143676867635 ], [ -79.123946715749923, 37.38798605284893 ], [ -79.122824438264971, 37.387828418449757 ], [ -79.121702165537499, 37.387670773670251 ], [ -79.121903605632127, 37.38679247852756 ], [ -79.122105040969146, 37.385914182793158 ], [ -79.123227288044674, 37.386071823941847 ], [ -79.123428705798716, 37.385193525800254 ], [ -79.124550944805691, 37.385351154753629 ], [ -79.125673188569365, 37.385508773326876 ], [ -79.125471796466897, 37.386387075098725 ], [ -79.126594057813037, 37.386544685106756 ] ] ] } },
{ "type": "Feature", "properties": { "id": "51_37", "growth_scenario": "moderate", "market_gravity_weight": 25 }, "geometry": { "type": "Polygon", "coordinates": [ [ [ -80.042381092892882, 37.203760784517449 ], [ -80.043502491469766, 37.203909923023232 ], [ -80.043312411450884, 37.20478976370336 ], [ -80.043122326945976, 37.205669603785246 ], [ -80.042000902663744, 37.205520461861404 ], [ -80.041810800819547, 37.206400299636265 ], [ -80.040689368170874, 37.2062511456121 ], [ -80.040879482867993, 37.205371309546543 ], [ -80.039758067558992, 37.205222146840811 ], [ -80.039948190621871, 37.204342311886435 ], [ -80.038826792652245, 37.204193140499214 ], [ -80.039016924080286, 37.203313306655822 ], [ -80.039207051021307, 37.202433472213819 ], [ -80.040328423287107, 37.202582640182442 ], [ -80.041449800039473, 37.202731797760485 ], [ -80.041259698802136, 37.203611635620945 ], [ -80.042381092892882, 37.203760784517449 ] ] ] } },
{ "type": "Feature", "properties": { "id": "51_38", "growth_scenario": "moderate", "market_gravity_weight": 25 }, "geometry": { "type": "Polygon", "coordinates": [ [ [ -79.121702165537499, 37.387670773670251 ], [ -79.122824438264971, 37.387828418449757 ], [ -79.123946715749923, 37.38798605284893 ], [ -79.123745296550481, 37.388864351031039 ], [ -79.122623006238982, 37.3887067148165 ], [ -79.12150072068512, 37.388549068221479 ], [ -79.120378439889194, 37.388391411246054 ], [ -79.12017697745236, 37.389269703390255 ], [ -79.119975510257163, 37.390147994943206 ], [ -79.118853208566492, 37.389990323955786 ], [ -79.119054688588321, 37.389112034218698 ], [ -79.119256163851489, 37.388233743890297 ], [ -79.119457634356166, 37.387355452970468 ], [ -79.11965910010251, 37.386477161458913 ], [ -79.119860561090661, 37.385598869355576 ], [ -79.120982798651056, 37.385756531264384 ], [ -79.122105040969146, 37.385914182793158 ], [ -79.121903605632127, 37.38679247852756 ], [ -79.121702165537499, 37.387670773670251 ] ] ] } },
{ "type": "Feature", "properties": { "id": "51_39", "growth_scenario": "moderate", "market_gravity_weight": 25 }, "geometry": { "type": "Polygon", "coordinates": [ [ [ -79.122220127913877, 37.390463305776464 ], [ -79.122018681614421, 37.39134160037009 ], [ -79.123141010407295, 37.391499242031358 ], [ -79.124263343958049, 37.391656873311796 ], [ -79.124061918555995, 37.39253517094614 ], [ -79.122939572177387, 37.392377537850066 ], [ -79.121817230556815, 37.392219894373 ], [ -79.121615774740903, 37.393098187785469 ], [ -79.120493425050853, 37.392940532111659 ], [ -79.120291951648369, 37.393818823117805 ], [ -79.119169593889154, 37.393661155246974 ], [ -79.119371080119564, 37.392782866056919 ], [ -79.119572561590928, 37.391904576276389 ], [ -79.118450234246154, 37.39174690165693 ], [ -79.118651723785831, 37.390868613101802 ], [ -79.119774038303404, 37.391026285905212 ], [ -79.120896357579696, 37.391183948327978 ], [ -79.121097816706381, 37.390305655550158 ], [ -79.121299271074804, 37.389427362181394 ], [ -79.122421569455341, 37.389585010592 ], [ -79.122220127913877, 37.390463305776464 ] ] ] } },
{ "type": "Feature", "properties": { "id": "51_4", "growth_scenario": "moderate", "market_gravity_weight": 25 }, "geometry": { "type": "Polygon", "coordinates": [ [ [ -79.914320355535821, 37.341464965134442 ], [ -79.915443571407295, 37.341615281507352 ], [ -79.915251625928391, 37.342494875939266 ], [ -79.91505967591209, 37.343374469799102 ], [ -79.914867721358249, 37.344254063087213 ], [ -79.914675762266668, 37.345133655803672 ], [ -79.91355249484171, 37.34498333250729 ], [ -79.913744466822081, 37.34410374152182 ], [ -79.912621216823908, 37.343953409552171 ], [ -79.912813197154634, 37.343073819726015 ], [ -79.911689964582962, 37.342923479083304 ], [ -79.911881953263489, 37.342043890416228 ], [ -79.912073937405737, 37.341164301176946 ], [ -79.913197144201888, 37.34131463835763 ], [ -79.913389110918715, 37.340435046815038 ], [ -79.914512309365151, 37.340585371861067 ], [ -79.914320355535821, 37.341464965134442 ] ] ] } },
{ "type": "Feature", "properties": { "id": "51_40", "growth_scenario": "moderate", "market_gravity_weight": 25 }, "geometry": { "type": "Polygon", "coordinates": [ [ [ -79.884934348557579, 37.37012018324009 ], [ -79.886057937655835, 37.370270770110722 ], [ -79.885865570795346, 37.371150309381491 ], [ -79.884741968802018, 37.370999720775266 ], [ -79.884549584497321, 37.371879257743672 ], [ -79.88435719564329, 37.372758794145618 ], [ -79.883233572408443, 37.372608191661129 ], [ -79.882109953723358, 37.372457578769897 ], [ -79.880986339588304, 37.372306955471892 ], [ -79.88117876712829, 37.371427424277847 ], [ -79.881371190118102, 37.370547892517024 ], [ -79.882494778463112, 37.37069851234299 ], [ -79.882687184008304, 37.36981897827927 ], [ -79.883810764008302, 37.369969585962949 ], [ -79.884003152109472, 37.369090049596494 ], [ -79.885126723764131, 37.369240645138035 ], [ -79.884934348557579, 37.37012018324009 ] ] ] } },
{ "type": "Feature", "properties": { "id": "51_41", "growth_scenario": "moderate", "market_gravity_weight": 25 }, "geometry": { "type": "Polygon", "coordinates": [ [ [ -78.37403492374473, 36.680870905670027 ], [ -78.373826634921713, 36.681748203513074 ], [ -78.372716522275667, 36.681583590772725 ], [ -78.372508216075261, 36.682460885995148 ], [ -78.372299905008148, 36.683338180442092 ], [ -78.371189772206378, 36.68317355374873 ], [ -78.371398095784741, 36.682296261147094 ], [ -78.370287980361169, 36.682131626036416 ], [ -78.369177869804844, 36.681966980663248 ], [ -78.369386213537709, 36.681089690976719 ], [ -78.369594552403242, 36.680212400514357 ], [ -78.370704637938573, 36.680377042196817 ], [ -78.370912959426846, 36.679499749113063 ], [ -78.372023037318769, 36.679664378688102 ], [ -78.373133120077142, 36.679828998000787 ], [ -78.37292482360958, 36.680706294774716 ], [ -78.37403492374473, 36.680870905670027 ] ] ] } },
{ "type": "Feature", "properties": { "id": "51_42", "growth_scenario": "moderate", "market_gravity_weight": 25 }, "geometry": { "type": "Polygon", "coordinates": [ [ [ -79.896909598422155, 37.373535179119052 ], [ -79.896717351428961, 37.374414734608067 ], [ -79.896525099889445, 37.37529428953161 ], [ -79.895401413728621, 37.375143799791289 ], [ -79.895593678165653, 37.374264246602458 ], [ -79.894470009448938, 37.374113748189416 ], [ -79.893346345279141, 37.373963239368948 ], [ -79.893538630963562, 37.373083689084183 ], [ -79.893730912100963, 37.372204138233514 ], [ -79.893923188691502, 37.371324586816741 ], [ -79.895046814171423, 37.371475090432796 ], [ -79.89617044419775, 37.371625583641773 ], [ -79.897294078770216, 37.371776066443616 ], [ -79.897101840869198, 37.372655623064304 ], [ -79.896909598422155, 37.373535179119052 ] ] ] } },
{ "type": "Feature", "properties": { "id": "51_43", "growth_scenario": "moderate", "market_gravity_weight": 25 }, "geometry": { "type": "Polygon", "coordinates": [ [ [ -77.312803572174104, 37.185556922574037 ], [ -77.31168837234479, 37.185382566425247 ], [ -77.311466194468082, 37.186257763506681 ], [ -77.310350987285887, 37.186083395089462 ], [ -77.309235785318521, 37.185909016389971 ], [ -77.30812058856624, 37.185734627408301 ], [ -77.308342804144218, 37.184859436285812 ], [ -77.308565014506996, 37.183984244454358 ], [ -77.309680186125732, 37.184158629463312 ], [ -77.309902378707164, 37.183283434936506 ], [ -77.311017542974099, 37.1834578076773 ], [ -77.312132712455309, 37.183632170136143 ], [ -77.313247887150538, 37.18380652231297 ], [ -77.313025732269281, 37.18468172279789 ], [ -77.312803572174104, 37.185556922574037 ] ] ] } },
{ "type": "Feature", "properties": { "id": "51_44", "growth_scenario": "moderate", "market_gravity_weight": 25 }, "geometry": { "type": "Polygon", "coordinates": [ [ [ -77.322386547991428, 37.17977539846342 ], [ -77.322164512351918, 37.180650617100078 ], [ -77.321942471501472, 37.181525835027507 ], [ -77.320827310585727, 37.18135156276697 ], [ -77.321049364003002, 37.180476346824342 ], [ -77.319934220865292, 37.180302066266655 ], [ -77.318819082939058, 37.180127775426968 ], [ -77.319041156277663, 37.179252562744779 ], [ -77.319263224404693, 37.178377349352857 ], [ -77.319485287320347, 37.177502135251054 ], [ -77.320600387548836, 37.177676420136152 ], [ -77.321715492988261, 37.177850694739639 ], [ -77.322830603638351, 37.178024959061432 ], [ -77.322608578420187, 37.178900179117264 ], [ -77.322386547991428, 37.17977539846342 ] ] ] } },
{ "type": "Feature", "properties": { "id": "51_45", "growth_scenario": "moderate", "market_gravity_weight": 25 }, "geometry": { "type": "Polygon", "coordinates": [ [ [ -77.315247046485311, 37.175929686023281 ], [ -77.315024938521205, 37.176804892895454 ], [ -77.316140017903223, 37.176979218906467 ], [ -77.315917917291728, 37.177854427053397 ], [ -77.317033014450885, 37.178028744768127 ], [ -77.316810921192555, 37.178903954190027 ], [ -77.31792603612918, 37.179078263608226 ], [ -77.317703950224583, 37.179953474305378 ], [ -77.316588822722125, 37.179779162902044 ], [ -77.315473700431951, 37.179604841216921 ], [ -77.315695811468032, 37.178729634490153 ], [ -77.314580706955908, 37.178555304508734 ], [ -77.313465607656411, 37.178380964245804 ], [ -77.313687738610298, 37.177505760779631 ], [ -77.312572657088566, 37.177331412220759 ], [ -77.312794795394282, 37.176456210029585 ], [ -77.313909864351459, 37.176630556603143 ], [ -77.314131984880049, 37.17575535171612 ], [ -77.314354100196255, 37.174880146118447 ], [ -77.315469149237316, 37.175054478440515 ], [ -77.315247046485311, 37.175929686023281 ] ] ] } },
{ "type": "Feature", "properties": { "id": "51_46", "growth_scenario": "moderate", "market_gravity_weight": 25 }, "geometry": { "type": "Polygon", "coordinates": [ [ [ -79.91604777666798, 37.333548605049813 ], [ -79.917170876560817, 37.333698905849324 ], [ -79.91697897191132, 37.334578505437705 ], [ -79.918102089225485, 37.334728797564196 ], [ -79.917910192925831, 37.335608398308935 ], [ -79.917718292090342, 37.336487998480195 ], [ -79.917526386718876, 37.337367598078274 ], [ -79.916403230746411, 37.337217300761402 ], [ -79.916595149004266, 37.336337702893573 ], [ -79.915472010454479, 37.336187396903561 ], [ -79.915663937061993, 37.335307800192609 ], [ -79.914540815934558, 37.335157485529713 ], [ -79.913417699343796, 37.335007160463711 ], [ -79.913609647185751, 37.334127566639822 ], [ -79.914732750891176, 37.334277889975453 ], [ -79.914924681311248, 37.333398293847331 ], [ -79.915116607194946, 37.332518697145147 ], [ -79.916239689666767, 37.332669006617522 ], [ -79.91604777666798, 37.333548605049813 ] ] ] } },
{ "type": "Feature", "properties": { "id": "51_47", "growth_scenario": "moderate", "market_gravity_weight": 25 }, "geometry": { "type": "Polygon", "coordinates": [ [ [ -77.466373624313349, 39.002012487204304 ], [ -77.466147759268381, 39.002887775636559 ], [ -77.465004335053123, 39.002714869594556 ], [ -77.464778451352146, 39.003590155633553 ], [ -77.463635019351798, 39.003417236960267 ], [ -77.463409116994242, 39.004292520605865 ], [ -77.462265677209217, 39.004119589301197 ], [ -77.461122242860668, 39.003946647470016 ], [ -77.461348171659424, 39.003071368034249 ], [ -77.461574095021589, 39.002196088309603 ], [ -77.462717502929436, 39.002369025930982 ], [ -77.462943407635308, 39.001493743812375 ], [ -77.463169306905272, 39.000618461404628 ], [ -77.464312693809291, 39.000791384290345 ], [ -77.46545608614872, 39.00096429664984 ], [ -77.465230213318591, 39.001839583266701 ], [ -77.466373624313349, 39.002012487204304 ] ] ] } },
{ "type": "Feature", "properties": { "id": "51_48", "growth_scenario": "moderate", "market_gravity_weight": 25 }, "geometry": { "type": "Polygon", "coordinates": [ [ [ -79.912457892076134, 37.339405120980899 ], [ -79.913581073097873, 37.33955545469987 ], [ -79.913389110918715, 37.340435046815038 ], [ -79.913197144201888, 37.34131463835763 ], [ -79.912073937405737, 37.341164301176946 ], [ -79.911881953263489, 37.342043890416228 ], [ -79.911689964582962, 37.342923479083304 ], [ -79.912813197154634, 37.343073819726015 ], [ -79.912621216823908, 37.343953409552171 ], [ -79.911497971364042, 37.343803067178371 ], [ -79.91037473044274, 37.343652714400477 ], [ -79.910566736549711, 37.342773128036626 ], [ -79.909443513055152, 37.342622766585997 ], [ -79.909635527511028, 37.341743181381339 ], [ -79.910758738117977, 37.341893541100703 ], [ -79.910950735147722, 37.341013953592466 ], [ -79.91114272763906, 37.340134365511716 ], [ -79.911334715592176, 37.339254776858361 ], [ -79.91152669900724, 37.338375187632153 ], [ -79.912649862604596, 37.338525530023773 ], [ -79.912457892076134, 37.339405120980899 ] ] ] } },
{ "type": "Feature", "properties": { "id": "51_49", "growth_scenario": "moderate", "market_gravity_weight": 25 }, "geometry": { "type": "Polygon", "coordinates": [ [ [ -77.38151176990047, 37.670243791483124 ], [ -77.38128896282528, 37.671118980006469 ], [ -77.380166293411335, 37.670945281693911 ], [ -77.379043629262, 37.670771573034941 ], [ -77.378820791442052, 37.671646756931587 ], [ -77.377698119817623, 37.671473035911902 ], [ -77.376575453458543, 37.671299304545776 ], [ -77.376798316758183, 37.670424124677801 ], [ -77.37567566840427, 37.670250384979823 ], [ -77.375898539177811, 37.669375206527619 ], [ -77.377021174792432, 37.669548944211179 ], [ -77.377244027561431, 37.668673763145698 ], [ -77.378366655702081, 37.668847488468884 ], [ -77.379489289107497, 37.669021203445908 ], [ -77.380611927777394, 37.669194908076797 ], [ -77.38038911322657, 37.670070095184627 ], [ -77.38151176990047, 37.670243791483124 ] ] ] } },
{ "type": "Feature", "properties": { "id": "51_5", "growth_scenario": "moderate", "market_gravity_weight": 25 }, "geometry": { "type": "Polygon", "coordinates": [ [ [ -78.357868558298037, 36.681197232957153 ], [ -78.356758488789964, 36.681032472853829 ], [ -78.356549997709962, 36.681909740681377 ], [ -78.35543992056337, 36.681744968469431 ], [ -78.355231412103109, 36.682622233673925 ], [ -78.354121327318325, 36.682457449353166 ], [ -78.353912801477279, 36.683334711934549 ], [ -78.352802709054657, 36.683169915504727 ], [ -78.351692621503986, 36.683005108812971 ], [ -78.351901172363597, 36.682127849925898 ], [ -78.352109718351159, 36.681250590262515 ], [ -78.353219780883691, 36.681415393259947 ], [ -78.354329848287861, 36.681580185995614 ], [ -78.354538364386016, 36.680702921861709 ], [ -78.355648424152534, 36.680867702488669 ], [ -78.355856922870785, 36.679990435731369 ], [ -78.35696697499931, 36.680155204249857 ], [ -78.358077031998334, 36.680319962506601 ], [ -78.359187093867533, 36.680484710501538 ], [ -78.358978632676468, 36.681361982798528 ], [ -78.357868558298037, 36.681197232957153 ] ] ] } },
{ "type": "Feature", "properties": { "id": "51_50", "growth_scenario": "moderate", "market_gravity_weight": 25 }, "geometry": { "type": "Polygon", "coordinates": [ [ [ -80.444240945344973, 37.217610587786055 ], [ -80.44536334614584, 37.217756003673571 ], [ -80.44517797543952, 37.218636462424158 ], [ -80.446300393513965, 37.218781869573085 ], [ -80.446115031324084, 37.219662329411207 ], [ -80.447237466672419, 37.219807727821298 ], [ -80.447052112999557, 37.220688188747182 ], [ -80.446866754948147, 37.221568649092895 ], [ -80.445744293808175, 37.221423247346081 ], [ -80.445929664755539, 37.220542788668766 ], [ -80.44480722089034, 37.220397378183073 ], [ -80.444992600354411, 37.219516920593875 ], [ -80.443870173763671, 37.219371501369501 ], [ -80.444055561743866, 37.218491044868188 ], [ -80.442933152427301, 37.218345616905268 ], [ -80.442747751552176, 37.219226071738035 ], [ -80.441625333720211, 37.219080631699583 ], [ -80.441810747490109, 37.218200178535511 ], [ -80.441996156880336, 37.217319724790421 ], [ -80.443118548923053, 37.21746516149161 ], [ -80.443303941039588, 37.216584705496842 ], [ -80.444426324567161, 37.216730130122848 ], [ -80.444240945344973, 37.217610587786055 ] ] ] } },
{ "type": "Feature", "properties": { "id": "51_51", "growth_scenario": "moderate", "market_gravity_weight": 25 }, "geometry": { "type": "Polygon", "coordinates": [ [ [ -81.003287601361151, 36.961562593117165 ], [ -81.004407227840602, 36.961702842223758 ], [ -81.005526858517797, 36.961843080937264 ], [ -81.005348718465299, 36.962724476414294 ], [ -81.005170574215171, 36.963605871272733 ], [ -81.004050917823506, 36.963465629367946 ], [ -81.003872756517964, 36.964347022012227 ], [ -81.002753091466801, 36.964206768118196 ], [ -81.002574913105263, 36.965088158548255 ], [ -81.001455239394915, 36.96494789266486 ], [ -81.001633430614135, 36.964066503830843 ], [ -81.001811617634587, 36.96318511437839 ], [ -81.001989800456414, 36.962303724307361 ], [ -81.002167979079758, 36.96142233361752 ], [ -81.002346153504789, 36.960540942308654 ], [ -81.003465762929693, 36.960681200212576 ], [ -81.003287601361151, 36.961562593117165 ] ] ] } },
{ "type": "Feature", "properties": { "id": "51_52", "growth_scenario": "moderate", "market_gravity_weight": 25 }, "geometry": { "type": "Polygon", "coordinates": [ [ [ -78.879406023831166, 38.409015921453772 ], [ -78.879198873171333, 38.409893649265193 ], [ -78.880336262927358, 38.410053505158196 ], [ -78.881473657641635, 38.410213350545511 ], [ -78.881266528346003, 38.411091081808131 ], [ -78.881059394092262, 38.41196881270298 ], [ -78.879921973054749, 38.411808963496398 ], [ -78.878784556975859, 38.411649103783986 ], [ -78.87899171755295, 38.41077137670856 ], [ -78.877854319594363, 38.410611508400208 ], [ -78.878061488373859, 38.409733782866674 ], [ -78.876924108535221, 38.40957390596261 ], [ -78.87578673365573, 38.409414018553086 ], [ -78.875993923797495, 38.408536296471155 ], [ -78.876201108980027, 38.407658574020665 ], [ -78.877338457538869, 38.407818457610368 ], [ -78.878475811056504, 38.407978330694853 ], [ -78.878268652194521, 38.408856056964915 ], [ -78.879406023831166, 38.409015921453772 ] ] ] } },
{ "type": "Feature", "properties": { "id": "51_53", "growth_scenario": "moderate", "market_gravity_weight": 25 }, "geometry": { "type": "Polygon", "coordinates": [ [ [ -78.420775125429742, 38.118542962464673 ], [ -78.420563327041165, 38.119419926434084 ], [ -78.42035152360728, 38.120296889949842 ], [ -78.420139715127902, 38.121173853012131 ], [ -78.41900780045836, 38.121009745344509 ], [ -78.418795973923395, 38.121886706015196 ], [ -78.418584142342269, 38.122763666232707 ], [ -78.41745220669884, 38.12259954423984 ], [ -78.416320276101985, 38.122435411798648 ], [ -78.416532133703043, 38.121558455458214 ], [ -78.417664051290018, 38.12172258596086 ], [ -78.417875890834765, 38.120845627228583 ], [ -78.418087725333308, 38.119968668042873 ], [ -78.416955833765243, 38.119804541417153 ], [ -78.417167676226754, 38.118927583716101 ], [ -78.418299554785776, 38.119091708403467 ], [ -78.419431438390674, 38.119255822642856 ], [ -78.419643249788351, 38.11837886061145 ], [ -78.419855056140619, 38.117501898126086 ], [ -78.420986918773224, 38.11766599804136 ], [ -78.420775125429742, 38.118542962464673 ] ] ] } },
{ "type": "Feature", "properties": { "id": "51_54", "growth_scenario": "moderate", "market_gravity_weight": 25 }, "geometry": { "type": "Polygon", "coordinates": [ [ [ -78.35805224034263, 39.00086495315545 ], [ -78.3578371170357, 39.001741825170107 ], [ -78.358982597453746, 39.001906500381764 ], [ -78.358767482281038, 39.002783374153864 ], [ -78.35855236192242, 39.003660247675903 ], [ -78.35740685486364, 39.003495568448308 ], [ -78.357191715998113, 39.004372439712192 ], [ -78.356046200805082, 39.004207747911167 ], [ -78.35626135299124, 39.003330878655447 ], [ -78.356476499990706, 39.002454009149602 ], [ -78.355331016625158, 39.002289310799824 ], [ -78.354185538446401, 39.002124601885079 ], [ -78.354400706898886, 39.001247736145309 ], [ -78.355546171757979, 39.001412443051805 ], [ -78.355761321704179, 39.000535575053227 ], [ -78.356906778430343, 39.000700269386726 ], [ -78.357121909870855, 38.999823399129355 ], [ -78.358267358463706, 38.999988080890212 ], [ -78.35805224034263, 39.00086495315545 ] ] ] } },
{ "type": "Feature", "properties": { "id": "51_55", "growth_scenario": "moderate", "market_gravity_weight": 25 }, "geometry": { "type": "Polygon", "coordinates": [ [ [ -79.860260553896936, 36.73297572408304 ], [ -79.860069518405368, 36.733855464471105 ], [ -79.85895551101828, 36.733704595675512 ], [ -79.858764458373074, 36.734584333655746 ], [ -79.85765044279043, 36.734433452836605 ], [ -79.857841508110269, 36.733553716555427 ], [ -79.856727509681633, 36.73340282711095 ], [ -79.856918583196332, 36.732523091819992 ], [ -79.857109652231557, 36.731643355819884 ], [ -79.857300716787421, 36.730763619110277 ], [ -79.858414677194233, 36.730914503457541 ], [ -79.859528642079951, 36.731065377480718 ], [ -79.860642611444277, 36.731216241179673 ], [ -79.860451584909853, 36.73209598298596 ], [ -79.860260553896936, 36.73297572408304 ] ] ] } },
{ "type": "Feature", "properties": { "id": "51_56", "growth_scenario": "moderate", "market_gravity_weight": 25 }, "geometry": { "type": "Polygon", "coordinates": [ [ [ -77.265353604794029, 38.697589004549691 ], [ -77.265126272934722, 38.698463895602849 ], [ -77.263988092064182, 38.69828914443525 ], [ -77.263760741671533, 38.699164033016686 ], [ -77.262622553159005, 38.698989269269923 ], [ -77.26239518423246, 38.699864155379444 ], [ -77.26125698807833, 38.699689379053289 ], [ -77.261484370092674, 38.698814495046832 ], [ -77.261711746660538, 38.697939610671249 ], [ -77.261939117782106, 38.697064725926317 ], [ -77.262166483457577, 38.696189840811854 ], [ -77.263304627262215, 38.696364608726313 ], [ -77.264442776512482, 38.696539366164721 ], [ -77.265580931208078, 38.696714113127115 ], [ -77.266719091348719, 38.696888849613337 ], [ -77.266491778022186, 38.697763743138381 ], [ -77.265353604794029, 38.697589004549691 ] ] ] } },
{ "type": "Feature", "properties": { "id": "51_57", "growth_scenario": "moderate", "market_gravity_weight": 25 }, "geometry": { "type": "Polygon", "coordinates": [ [ [ -79.860674783284693, 36.725786921931537 ], [ -79.860483770945706, 36.726666666298328 ], [ -79.860292754128864, 36.727546409954769 ], [ -79.860101732834025, 36.728426152901015 ], [ -79.859910707061019, 36.729305895137351 ], [ -79.858796767522108, 36.729155024511748 ], [ -79.858605724597538, 36.730034764339493 ], [ -79.857491776864123, 36.729883881691208 ], [ -79.857682832461776, 36.729004143562314 ], [ -79.857873883580595, 36.728124404723474 ], [ -79.858064930220664, 36.727244665174531 ], [ -79.858255972382196, 36.726364924915273 ], [ -79.858447010065333, 36.725485183945558 ], [ -79.859560894436029, 36.725636058100235 ], [ -79.859751914969195, 36.724756314721311 ], [ -79.860865791146011, 36.724907176854146 ], [ -79.860674783284693, 36.725786921931537 ] ] ] } },
{ "type": "Feature", "properties": { "id": "51_58", "growth_scenario": "moderate", "market_gravity_weight": 25 }, "geometry": { "type": "Polygon", "coordinates": [ [ [ -78.357451596286154, 36.68295177152946 ], [ -78.358561695683875, 36.683116525064023 ], [ -78.359671799952039, 36.683281268336387 ], [ -78.359463336660383, 36.684158540151842 ], [ -78.359254868498397, 36.685035811191703 ], [ -78.358144739209536, 36.684871064225973 ], [ -78.357034614791431, 36.684706306997903 ], [ -78.355924495244395, 36.684541539507485 ], [ -78.354814380568669, 36.684376761754848 ], [ -78.353704270764538, 36.684211973739934 ], [ -78.353912801477279, 36.683334711934549 ], [ -78.355022898771608, 36.68349949810235 ], [ -78.355231412103109, 36.682622233673925 ], [ -78.356341501759132, 36.682787007732728 ], [ -78.356549997709962, 36.681909740681377 ], [ -78.357660079727367, 36.682074502631345 ], [ -78.357451596286154, 36.68295177152946 ] ] ] } },
{ "type": "Feature", "properties": { "id": "51_59", "growth_scenario": "moderate", "market_gravity_weight": 25 }, "geometry": { "type": "Polygon", "coordinates": [ [ [ -78.355783553396805, 36.689969894795055 ], [ -78.354673358783174, 36.689805116221606 ], [ -78.354464818987466, 36.690682376295257 ], [ -78.353354616734293, 36.690517585611396 ], [ -78.352244419353895, 36.690352784664668 ], [ -78.351134226846526, 36.690187973455096 ], [ -78.351342804177364, 36.689310718924432 ], [ -78.351551376635058, 36.688433463618949 ], [ -78.352661544119599, 36.688598271133081 ], [ -78.352870099193325, 36.687721013205021 ], [ -78.353980259039403, 36.687885808609018 ], [ -78.355090423757773, 36.688050593750468 ], [ -78.356200593348106, 36.688215368629251 ], [ -78.355992075808402, 36.689092632099502 ], [ -78.355783553396805, 36.689969894795055 ] ] ] } },
{ "type": "Feature", "properties": { "id": "51_6", "growth_scenario": "moderate", "market_gravity_weight": 25 }, "geometry": { "type": "Polygon", "coordinates": [ [ [ -78.349748236624194, 36.68634931225764 ], [ -78.350858369341481, 36.686514136601367 ], [ -78.351968506931669, 36.686678950682818 ], [ -78.351759944219765, 36.687556207538464 ], [ -78.351551376635058, 36.688433463618949 ], [ -78.350441214023462, 36.68826864584225 ], [ -78.350232629054688, 36.689145899299945 ], [ -78.349122458805425, 36.688981069412861 ], [ -78.349331056285138, 36.688103817803004 ], [ -78.348220903420327, 36.687938979501304 ], [ -78.34711075542927, 36.687774130937314 ], [ -78.347319373056294, 36.686896882248156 ], [ -78.347527985809435, 36.686019632783513 ], [ -78.348638108780079, 36.686184477651665 ], [ -78.348846704149722, 36.685307225563562 ], [ -78.349956819483879, 36.685472058321785 ], [ -78.349748236624194, 36.68634931225764 ] ] ] } },
{ "type": "Feature", "properties": { "id": "51_60", "growth_scenario": "moderate", "market_gravity_weight": 25 }, "geometry": { "type": "Polygon", "coordinates": [ [ [ -81.058823149395778, 36.942300788656169 ], [ -81.059942591571229, 36.942440523911493 ], [ -81.059765138676667, 36.943322007423994 ], [ -81.0595876816014, 36.944203490315445 ], [ -81.060707153668446, 36.944343218355918 ], [ -81.060529705268252, 36.945224702215398 ], [ -81.060352252687366, 36.946106185454269 ], [ -81.059232754908123, 36.945966454235823 ], [ -81.059410220345271, 36.945084972586017 ], [ -81.058290739603279, 36.944945232563732 ], [ -81.058468213715202, 36.944063751882254 ], [ -81.057348750010163, 36.943924003056395 ], [ -81.056229290486556, 36.943784243837946 ], [ -81.056406786127923, 36.942902765713782 ], [ -81.056584277587731, 36.942021286968306 ], [ -81.057703711401189, 36.942161043008454 ], [ -81.057881185824911, 36.941279562052422 ], [ -81.059000610964716, 36.941419306111243 ], [ -81.058823149395778, 36.942300788656169 ] ] ] } },
{ "type": "Feature", "properties": { "id": "51_61", "growth_scenario": "moderate", "market_gravity_weight": 25 }, "geometry": { "type": "Polygon", "coordinates": [ [ [ -81.065429589140777, 36.93228175948078 ], [ -81.065252224959551, 36.933163255224748 ], [ -81.065074856600248, 36.934044750345635 ], [ -81.064897484062712, 36.934926244843474 ], [ -81.064720107346773, 36.935807738718587 ], [ -81.064542726452302, 36.936689231971073 ], [ -81.063423361717639, 36.936549539011708 ], [ -81.063600755465473, 36.935668047347235 ], [ -81.06377814503449, 36.934786555060164 ], [ -81.062658810184956, 36.934646854885116 ], [ -81.062481407763002, 36.935528345584167 ], [ -81.061362064239631, 36.935388633429405 ], [ -81.061539479514366, 36.934507144318552 ], [ -81.061716890609858, 36.933625654584716 ], [ -81.062836208427939, 36.933765363563154 ], [ -81.06301360249212, 36.932883871618138 ], [ -81.064132911636634, 36.933023568617166 ], [ -81.064310288670072, 36.93214207446092 ], [ -81.064487661525277, 36.931260579681286 ], [ -81.065606949144026, 36.931400263113396 ], [ -81.065429589140777, 36.93228175948078 ] ] ] } },
{ "type": "Feature", "properties": { "id": "51_62", "growth_scenario": "moderate", "market_gravity_weight": 25 }, "geometry": { "type": "Polygon", "coordinates": [ [ [ -78.35162530694717, 36.678453998894476 ], [ -78.351416763066837, 36.679331259041021 ], [ -78.350306735294723, 36.67916643921469 ], [ -78.350098174034528, 36.680043696737037 ], [ -78.349889607902043, 36.680920953482563 ], [ -78.348779559986014, 36.68075611970022 ], [ -78.347669516942673, 36.680591275656333 ], [ -78.347878108091294, 36.679714022605609 ], [ -78.348086694367112, 36.678836768777856 ], [ -78.346976681212112, 36.678671918167552 ], [ -78.347185275122555, 36.677794665410026 ], [ -78.348295275770269, 36.67795951417294 ], [ -78.348503852300979, 36.677082258790627 ], [ -78.349613845313996, 36.677247095445153 ], [ -78.35072384319902, 36.677411921838576 ], [ -78.350515291682839, 36.678289180915222 ], [ -78.35162530694717, 36.678453998894476 ] ] ] } },
{ "type": "Feature", "properties": { "id": "51_63", "growth_scenario": "moderate", "market_gravity_weight": 25 }, "geometry": { "type": "Polygon", "coordinates": [ [ [ -78.350232629054688, 36.689145899299945 ], [ -78.350024039212485, 36.690023151982814 ], [ -78.349815444496684, 36.690900403890915 ], [ -78.34870524922475, 36.690735570307865 ], [ -78.348496637123461, 36.691612819593381 ], [ -78.347386434213973, 36.691447973899358 ], [ -78.347595058826826, 36.690570726462099 ], [ -78.346484873303197, 36.690405872353615 ], [ -78.346693505552892, 36.689528625989823 ], [ -78.345583337414809, 36.689363763467071 ], [ -78.345791977300806, 36.688486518176582 ], [ -78.346902132928207, 36.688651378851155 ], [ -78.34711075542927, 36.687774130937314 ], [ -78.348220903420327, 36.687938979501304 ], [ -78.349331056285138, 36.688103817803004 ], [ -78.349122458805425, 36.688981069412861 ], [ -78.350232629054688, 36.689145899299945 ] ] ] } },
{ "type": "Feature", "properties": { "id": "51_64", "growth_scenario": "moderate", "market_gravity_weight": 25 }, "geometry": { "type": "Polygon", "coordinates": [ [ [ -82.061254496253383, 36.690459875473522 ], [ -82.062371987314478, 36.690590321488088 ], [ -82.063489482257836, 36.690720757110086 ], [ -82.063324415684832, 36.691603778139083 ], [ -82.063159345229693, 36.692486798523454 ], [ -82.06299427089229, 36.693369818263434 ], [ -82.061876737385944, 36.693239378225094 ], [ -82.060759207762288, 36.693108927793887 ], [ -82.059641682021621, 36.692978466969926 ], [ -82.059806794922466, 36.692095451646722 ], [ -82.059971903940166, 36.691212435678992 ], [ -82.060137009074865, 36.690329419066515 ], [ -82.060302110326703, 36.689446401809036 ], [ -82.061419584651745, 36.689576856743855 ], [ -82.061254496253383, 36.690459875473522 ] ] ] } },
{ "type": "Feature", "properties": { "id": "51_65", "growth_scenario": "moderate", "market_gravity_weight": 25 }, "geometry": { "type": "Polygon", "coordinates": [ [ [ -82.01411286913212, 36.716529407579799 ], [ -82.013947165002719, 36.717412348585526 ], [ -82.013781456975138, 36.71829528895087 ], [ -82.012663638059635, 36.718164393394552 ], [ -82.011545823042724, 36.718033487443712 ], [ -82.010428011924688, 36.717902571098413 ], [ -82.010593758529211, 36.717019635169031 ], [ -82.00947596416907, 36.71688870990814 ], [ -82.009641719732997, 36.716005774816921 ], [ -82.009807471397735, 36.715122839084877 ], [ -82.010925240041331, 36.715253761388226 ], [ -82.012043012583689, 36.715384673297443 ], [ -82.013160789024511, 36.715515574812528 ], [ -82.012995075934583, 36.716398514980433 ], [ -82.01411286913212, 36.716529407579799 ] ] ] } },
{ "type": "Feature", "properties": { "id": "51_66", "growth_scenario": "moderate", "market_gravity_weight": 25 }, "geometry": { "type": "Polygon", "coordinates": [ [ [ -81.130736455275397, 37.093103909315069 ], [ -81.131858292238519, 37.093242968218242 ], [ -81.13168132990269, 37.094124498491254 ], [ -81.132803183957421, 37.094263548570041 ], [ -81.132626230357488, 37.095145079848024 ], [ -81.13244927257962, 37.096026610541202 ], [ -81.131327392696662, 37.095887557282261 ], [ -81.131150417826177, 37.096769085800574 ], [ -81.130028529207166, 37.09663002053663 ], [ -81.128906644766957, 37.096490944858004 ], [ -81.129083645466125, 37.095609419520393 ], [ -81.129260641986335, 37.094727893597891 ], [ -81.129437634327743, 37.093846367090428 ], [ -81.129614622490493, 37.092964839997698 ], [ -81.129791606474754, 37.092083312319566 ], [ -81.130913426346552, 37.092222380046856 ], [ -81.130736455275397, 37.093103909315069 ] ], [ [ -81.130559480026037, 37.093985437998029 ], [ -81.130382500598301, 37.094866966095758 ], [ -81.131504363388785, 37.095006028179199 ], [ -81.13168132990269, 37.094124498491254 ], [ -81.130559480026037, 37.093985437998029 ] ] ] } },
{ "type": "Feature", "properties": { "id": "51_67", "growth_scenario": "moderate", "market_gravity_weight": 25 }, "geometry": { "type": "Polygon", "coordinates": [ [ [ -79.218352025650361, 37.380358814270991 ], [ -79.218151741967802, 37.381237270850441 ], [ -79.217951453554321, 37.382115726840617 ], [ -79.217751160409776, 37.382994182241745 ], [ -79.218873565569993, 37.383150939501611 ], [ -79.218673280528591, 37.384029396119189 ], [ -79.217550862533997, 37.383872637053969 ], [ -79.217350559926828, 37.384751091277472 ], [ -79.216228133829176, 37.384594320023368 ], [ -79.216428449270836, 37.383715867605332 ], [ -79.216628759980821, 37.382837414598519 ], [ -79.216829065959274, 37.381958961002745 ], [ -79.215706683095561, 37.381802184781755 ], [ -79.214584304963509, 37.381645398177575 ], [ -79.214784631877379, 37.380766947603469 ], [ -79.215906997176148, 37.380923732402167 ], [ -79.216107306525259, 37.380045279433205 ], [ -79.217229663722293, 37.380202052043586 ], [ -79.2174299555072, 37.379323596679768 ], [ -79.218552304602184, 37.379480357102089 ], [ -79.218352025650361, 37.380358814270991 ] ] ] } },
{ "type": "Feature", "properties": { "id": "51_68", "growth_scenario": "moderate", "market_gravity_weight": 25 }, "geometry": { "type": "Polygon", "coordinates": [ [ [ -77.46252023782138, 37.737317737098508 ], [ -77.463644106788905, 37.737490674170118 ], [ -77.464767981008052, 37.737663600883231 ], [ -77.464545955508015, 37.738538927103775 ], [ -77.465669847751172, 37.738711845468501 ], [ -77.465447829772529, 37.739587173119695 ], [ -77.464323924756428, 37.739414252744623 ], [ -77.463200024992034, 37.739241322010727 ], [ -77.462076130479645, 37.739068380918134 ], [ -77.46185406893045, 37.739943701958339 ], [ -77.460730166897676, 37.739770748496305 ], [ -77.459606270117618, 37.739597784675567 ], [ -77.459828357211961, 37.738722467656892 ], [ -77.460952241219516, 37.738895429466837 ], [ -77.461174310288825, 37.738020109857544 ], [ -77.46139637410576, 37.737144789668392 ], [ -77.461618432670505, 37.736269468899032 ], [ -77.46274228361429, 37.736442414318681 ], [ -77.46252023782138, 37.737317737098508 ] ] ] } },
{ "type": "Feature", "properties": { "id": "51_69", "growth_scenario": "moderate", "market_gravity_weight": 25 }, "geometry": { "type": "Polygon", "coordinates": [ [ [ -79.220717866608098, 37.385221342738348 ], [ -79.220517597774645, 37.386099801789484 ], [ -79.219395144647876, 37.385943059880965 ], [ -79.219194858247988, 37.386821516538681 ], [ -79.218994567116781, 37.387699972608388 ], [ -79.217872093050119, 37.387543216705076 ], [ -79.216749623715231, 37.387386450417836 ], [ -79.216949940517608, 37.386507997959256 ], [ -79.217150252588084, 37.385629544912533 ], [ -79.216027813655657, 37.385472771852804 ], [ -79.216228133829176, 37.384594320023368 ], [ -79.217350559926828, 37.384751091277472 ], [ -79.217550862533997, 37.383872637053969 ], [ -79.218673280528591, 37.384029396119189 ], [ -79.219795703254277, 37.384186144800815 ], [ -79.219595426316573, 37.385064602635047 ], [ -79.220717866608098, 37.385221342738348 ] ] ] } },
{ "type": "Feature", "properties": { "id": "51_7", "growth_scenario": "moderate", "market_gravity_weight": 25 }, "geometry": { "type": "Polygon", "coordinates": [ [ [ -78.351484065772112, 36.683882366923875 ], [ -78.351275505167877, 36.684759624258767 ], [ -78.351066939691037, 36.685636880817889 ], [ -78.349956819483879, 36.685472058321785 ], [ -78.348846704149722, 36.685307225563562 ], [ -78.347736593688836, 36.685142382543191 ], [ -78.346626488101506, 36.684977529260884 ], [ -78.346835103616712, 36.684100280092551 ], [ -78.347043714258263, 36.683223030148113 ], [ -78.348153794827184, 36.683387879734859 ], [ -78.348362388086443, 36.682510627166423 ], [ -78.349472461019602, 36.682675464643708 ], [ -78.350582538825535, 36.682840291859279 ], [ -78.350373970584371, 36.683717548122743 ], [ -78.351484065772112, 36.683882366923875 ] ] ] } },
{ "type": "Feature", "properties": { "id": "51_70", "growth_scenario": "moderate", "market_gravity_weight": 25 }, "geometry": { "type": "Polygon", "coordinates": [ [ [ -81.715437488875509, 36.790402551418239 ], [ -81.716555860332733, 36.790536202809008 ], [ -81.716386490084759, 36.791418695819154 ], [ -81.71750487838797, 36.791552338328387 ], [ -81.717335517013453, 36.792434832218085 ], [ -81.716217115850299, 36.792301188195914 ], [ -81.716047737629225, 36.793183679939482 ], [ -81.7149293275926, 36.793050024009496 ], [ -81.714759932524402, 36.79393251360699 ], [ -81.713641513614576, 36.793798845768997 ], [ -81.713810921543001, 36.792916357684874 ], [ -81.713980325484101, 36.792033868967636 ], [ -81.712861936281655, 36.791900193761592 ], [ -81.71303134909509, 36.791017705924325 ], [ -81.714149725438034, 36.791151379617069 ], [ -81.714319121404898, 36.790268889633076 ], [ -81.714488513384865, 36.789386399015299 ], [ -81.715606867996385, 36.789520059287483 ], [ -81.715437488875509, 36.790402551418239 ] ] ] } },
{ "type": "Feature", "properties": { "id": "51_71", "growth_scenario": "moderate", "market_gravity_weight": 25 }, "geometry": { "type": "Polygon", "coordinates": [ [ [ -78.933176151414472, 38.410213611458353 ], [ -78.934313663601898, 38.410372968788465 ], [ -78.934107166307498, 38.41125078878661 ], [ -78.932969640953019, 38.411091429552577 ], [ -78.931832120542367, 38.410932059810598 ], [ -78.931625591969961, 38.411809875635058 ], [ -78.930488063336441, 38.411650493481076 ], [ -78.930694605075814, 38.410772679560836 ], [ -78.929557094553672, 38.410613288803304 ], [ -78.929763644515148, 38.409735476421616 ], [ -78.929970189532114, 38.408857663673786 ], [ -78.931107673721542, 38.409017050622857 ], [ -78.93131420062825, 38.408139235604679 ], [ -78.932451676595647, 38.408298610142182 ], [ -78.933589157506603, 38.408457974172194 ], [ -78.933382656932281, 38.409335792998299 ], [ -78.933176151414472, 38.410213611458353 ] ] ] } },
{ "type": "Feature", "properties": { "id": "51_72", "growth_scenario": "moderate", "market_gravity_weight": 25 }, "geometry": { "type": "Polygon", "coordinates": [ [ [ -79.230993375301352, 37.426537331030914 ], [ -79.230793116588998, 37.427415795116467 ], [ -79.23191621999203, 37.427572429531132 ], [ -79.231715969397342, 37.428450894845106 ], [ -79.230592853143264, 37.428294258623566 ], [ -79.230392584964022, 37.429172721552412 ], [ -79.230192312051074, 37.430051183903146 ], [ -79.229992034404262, 37.430929645676066 ], [ -79.229791752023417, 37.431808106871244 ], [ -79.228668589096671, 37.431651453031456 ], [ -79.228868884329501, 37.430772993643487 ], [ -79.227745738989043, 37.430616331220989 ], [ -79.22794604233907, 37.429737873062614 ], [ -79.229069174828012, 37.429894533677796 ], [ -79.229269460592363, 37.429016073134179 ], [ -79.229469741622751, 37.428137612012371 ], [ -79.228346634836043, 37.427980955011549 ], [ -79.228546923983274, 37.427102495118504 ], [ -79.229670017919304, 37.427259150312224 ], [ -79.229870289482236, 37.426380688033589 ], [ -79.230070556311659, 37.425502225176167 ], [ -79.231193629280497, 37.425658866366703 ], [ -79.230993375301352, 37.426537331030914 ] ] ] } },
{ "type": "Feature", "properties": { "id": "51_73", "growth_scenario": "moderate", "market_gravity_weight": 25 }, "geometry": { "type": "Polygon", "coordinates": [ [ [ -79.223052845485796, 37.430868027982847 ], [ -79.221929710970173, 37.430711311803741 ], [ -79.220806581190743, 37.430554585234979 ], [ -79.221006966382774, 37.429676138500987 ], [ -79.222130083311413, 37.429832863261737 ], [ -79.223253204976032, 37.429989577632959 ], [ -79.224376331376391, 37.430146281614562 ], [ -79.225499462512204, 37.430302975206473 ], [ -79.22529912872443, 37.431181429171872 ], [ -79.226422277446886, 37.431338114181649 ], [ -79.227545430904399, 37.431494788801551 ], [ -79.227345118084997, 37.432373245804399 ], [ -79.227144800530667, 37.433251702229803 ], [ -79.226944478241236, 37.434130158077878 ], [ -79.225821286227088, 37.433973478035064 ], [ -79.226021621369014, 37.43309502399471 ], [ -79.224898446942731, 37.432938335369506 ], [ -79.225098790201329, 37.432059882559507 ], [ -79.223975633362613, 37.431903185352112 ], [ -79.224175984737315, 37.431024733772283 ], [ -79.223052845485796, 37.430868027982847 ] ] ] } },
{ "type": "Feature", "properties": { "id": "51_74", "growth_scenario": "moderate", "market_gravity_weight": 25 }, "geometry": { "type": "Polygon", "coordinates": [ [ [ -78.884895277240389, 38.380768632548047 ], [ -78.88468827200974, 38.38164637033438 ], [ -78.885825235806365, 38.381806175663293 ], [ -78.886032227885579, 38.380928435969935 ], [ -78.887169183483522, 38.381088228889887 ], [ -78.886962204555928, 38.381965970490178 ], [ -78.88675522067571, 38.382843711716255 ], [ -78.886548231842681, 38.383721452568231 ], [ -78.885411236789025, 38.383561653927188 ], [ -78.884274246688634, 38.383401844783904 ], [ -78.884481261825883, 38.382524107746278 ], [ -78.883344289830902, 38.382364290008049 ], [ -78.882207322789611, 38.382204461767877 ], [ -78.88241435927641, 38.38132672817062 ], [ -78.882621390809405, 38.380448994198801 ], [ -78.883758331548236, 38.380608818624317 ], [ -78.883965344976815, 38.379731082370469 ], [ -78.885102277518001, 38.37989089438716 ], [ -78.884895277240389, 38.380768632548047 ] ] ] } },
{ "type": "Feature", "properties": { "id": "51_75", "growth_scenario": "moderate", "market_gravity_weight": 25 }, "geometry": { "type": "Polygon", "coordinates": [ [ [ -79.317409823038403, 37.091444414122719 ], [ -79.318528054565121, 37.091600267268511 ], [ -79.31832972402799, 37.092478984519353 ], [ -79.318131388823332, 37.093357701120496 ], [ -79.317013131808011, 37.093201844421962 ], [ -79.315894879460643, 37.093045977373357 ], [ -79.314776631781541, 37.092890099974795 ], [ -79.314578253675521, 37.093768810596643 ], [ -79.313459997920717, 37.093612921071383 ], [ -79.313658388770975, 37.092734212226325 ], [ -79.313856774952427, 37.091855502731512 ], [ -79.314055156465216, 37.090976792586645 ], [ -79.315173373988173, 37.09113267678174 ], [ -79.316291596179326, 37.091288550627091 ], [ -79.316489947536695, 37.090409836279044 ], [ -79.317608161652061, 37.090565697998279 ], [ -79.317409823038403, 37.091444414122719 ] ] ] } },
{ "type": "Feature", "properties": { "id": "51_8", "growth_scenario": "moderate", "market_gravity_weight": 25 }, "geometry": { "type": "Polygon", "coordinates": [ [ [ -81.939465697830514, 36.718593864400731 ], [ -81.939299111149197, 36.719476701359554 ], [ -81.939132520549293, 36.720359537676103 ], [ -81.938014801417665, 36.720227948751962 ], [ -81.93784819404506, 36.721110782940038 ], [ -81.936730465978584, 36.720979182137015 ], [ -81.935612741831548, 36.720847570941451 ], [ -81.935779374911675, 36.719964739726464 ], [ -81.93594600407225, 36.719081907869175 ], [ -81.936112629313357, 36.718199075369405 ], [ -81.936279250635152, 36.717316242226985 ], [ -81.937396923369121, 36.717447847476592 ], [ -81.938514600021961, 36.717579442334063 ], [ -81.938348004405967, 36.718462278449181 ], [ -81.939465697830514, 36.718593864400731 ] ] ] } },
{ "type": "Feature", "properties": { "id": "51_9", "growth_scenario": "moderate", "market_gravity_weight": 25 }, "geometry": { "type": "Polygon", "coordinates": [ [ [ -81.712861936281655, 36.791900193761592 ], [ -81.713980325484101, 36.792033868967636 ], [ -81.713810921543001, 36.792916357684874 ], [ -81.71269251948074, 36.792782680965438 ], [ -81.712523098692202, 36.793665167536211 ], [ -81.711404687757593, 36.79353147890869 ], [ -81.711235250121064, 36.794413963332815 ], [ -81.710116830314391, 36.79428026279701 ], [ -81.710286280811033, 36.79339777988649 ], [ -81.710455727319342, 36.792515296342934 ], [ -81.71062516983946, 36.791632812166021 ], [ -81.710794608371529, 36.790750327355639 ], [ -81.710964042915677, 36.789867841911494 ], [ -81.712082398424698, 36.790001534879622 ], [ -81.7132007579212, 36.790135217453454 ], [ -81.71303134909509, 36.791017705924325 ], [ -81.712861936281655, 36.791900193761592 ] ] ] } },
{ "type": "Feature", "properties": { "id": "53_0", "growth_scenario": "moderate", "market_gravity_weight": 25 }, "geometry": { "type": "Polygon", "coordinates": [ [ [ -119.874696993578326, 47.243358342143189 ], [ -119.875023557012213, 47.244234352162181 ], [ -119.873751131146449, 47.24445917515694 ], [ -119.87407768741042, 47.245335190652817 ], [ -119.872805236884815, 47.245560005759884 ], [ -119.871532777614576, 47.245784809307125 ], [ -119.871206253181427, 47.244908786467981 ], [ -119.870879737492146, 47.244032765434419 ], [ -119.87055323054642, 47.243156746206076 ], [ -119.871825642071002, 47.242931953672979 ], [ -119.871499127953996, 47.242055939920668 ], [ -119.872771514820826, 47.241831139499418 ], [ -119.874043892944115, 47.241606327519037 ], [ -119.874370438889073, 47.242482333928912 ], [ -119.874696993578326, 47.243358342143189 ] ] ] } },
{ "type": "Feature", "properties": { "id": "53_1", "growth_scenario": "moderate", "market_gravity_weight": 25 }, "geometry": { "type": "Polygon", "coordinates": [ [ [ -119.864577862765842, 47.216202925217722 ], [ -119.865849770814123, 47.215978208071668 ], [ -119.866176079226662, 47.216854158616904 ], [ -119.866502396373946, 47.217730110957611 ], [ -119.867774327493223, 47.217505374924158 ], [ -119.868100669278775, 47.218381325394155 ], [ -119.86682872225623, 47.218606065094328 ], [ -119.865556766498315, 47.218830793239505 ], [ -119.8642848020054, 47.219055509829516 ], [ -119.863012828777798, 47.219280214864305 ], [ -119.862686550607251, 47.21840424972833 ], [ -119.862360281170652, 47.217528286388912 ], [ -119.863632222590084, 47.217303588686484 ], [ -119.863305945983569, 47.216427630809058 ], [ -119.862979678110662, 47.215551674727237 ], [ -119.864251578990121, 47.215326972801748 ], [ -119.864577862765842, 47.216202925217722 ] ] ] } },
{ "type": "Feature", "properties": { "id": "53_10", "growth_scenario": "moderate", "market_gravity_weight": 25 }, "geometry": { "type": "Polygon", "coordinates": [ [ [ -119.877758963102806, 47.229745540909818 ], [ -119.87903108910254, 47.229520692073862 ], [ -119.879357641498956, 47.230396651165897 ], [ -119.880629774662935, 47.230171787103522 ], [ -119.880956351709131, 47.231047744324627 ], [ -119.879684202638117, 47.231272612057495 ], [ -119.880010772520365, 47.232148574749026 ], [ -119.87873859879852, 47.232373434595885 ], [ -119.877466416333647, 47.232598282886087 ], [ -119.877139878267215, 47.231722312853748 ], [ -119.875867702968065, 47.231947145916813 ], [ -119.875541189552024, 47.231071174014652 ], [ -119.875214684877648, 47.230195203912629 ], [ -119.876486828361067, 47.229970378189506 ], [ -119.87616031652064, 47.229094413556993 ], [ -119.877432435355416, 47.228869579947116 ], [ -119.877758963102806, 47.229745540909818 ] ] ] } },
{ "type": "Feature", "properties": { "id": "53_2", "growth_scenario": "moderate", "market_gravity_weight": 25 }, "geometry": { "type": "Polygon", "coordinates": [ [ [ -119.847422381583442, 47.221099764797081 ], [ -119.847748468876105, 47.221975773916888 ], [ -119.846476382131158, 47.222200328719993 ], [ -119.846802462244639, 47.223076343303262 ], [ -119.845530350860741, 47.223300890213558 ], [ -119.845204286656724, 47.222424871965835 ], [ -119.844878231181852, 47.221548855517348 ], [ -119.843606142887623, 47.221773383541645 ], [ -119.84328011205065, 47.220897365228176 ], [ -119.842008030937336, 47.22112187803134 ], [ -119.841682024737494, 47.220245857853079 ], [ -119.842954089941784, 47.220021348713615 ], [ -119.844226146418308, 47.21979682801696 ], [ -119.845498194166638, 47.219572295763349 ], [ -119.846770233186518, 47.219347751952888 ], [ -119.847096303020365, 47.22022375747585 ], [ -119.847422381583442, 47.221099764797081 ] ] ] } },
{ "type": "Feature", "properties": { "id": "53_3", "growth_scenario": "moderate", "market_gravity_weight": 25 }, "geometry": { "type": "Polygon", "coordinates": [ [ [ -119.84579207605681, 47.216719746170881 ], [ -119.847064058627055, 47.216495201795141 ], [ -119.847390118181863, 47.217371198261397 ], [ -119.847716186465206, 47.218247196524828 ], [ -119.846444172081533, 47.218471748227991 ], [ -119.845172148969283, 47.218696288374545 ], [ -119.843900117128896, 47.218920816964442 ], [ -119.8426280765607, 47.21914533399756 ], [ -119.84135602726505, 47.219369839473622 ], [ -119.841030038519705, 47.218493822892569 ], [ -119.842302071907071, 47.218269321079717 ], [ -119.841976075980497, 47.217393309959888 ], [ -119.843248084733176, 47.217168800253361 ], [ -119.844520084758742, 47.216944278990319 ], [ -119.844194065744858, 47.216068276994342 ], [ -119.845466041136419, 47.215843747838157 ], [ -119.84579207605681, 47.216719746170881 ] ] ] } },
{ "type": "Feature", "properties": { "id": "53_4", "growth_scenario": "moderate", "market_gravity_weight": 25 }, "geometry": { "type": "Polygon", "coordinates": [ [ [ -119.278568620937548, 47.613155312444 ], [ -119.279850285062835, 47.612935701145339 ], [ -119.281131940546075, 47.612716078169193 ], [ -119.281452358024993, 47.613594593416856 ], [ -119.280170686336874, 47.613814220037568 ], [ -119.2804910962533, 47.614692740919864 ], [ -119.279209399717217, 47.6149123595075 ], [ -119.2795298020704, 47.615790886025067 ], [ -119.278248080685685, 47.616010496579456 ], [ -119.277927694538832, 47.61513196641728 ], [ -119.27664598071847, 47.615351561649007 ], [ -119.276325619419822, 47.61447302983342 ], [ -119.275043913164509, 47.614692609742789 ], [ -119.274723576713299, 47.613814076273925 ], [ -119.276005266762397, 47.613594500008446 ], [ -119.277286948170612, 47.613374912065083 ], [ -119.276966587948579, 47.612496387874515 ], [ -119.278248244510365, 47.61227679189745 ], [ -119.278568620937548, 47.613155312444 ] ] ] } },
{ "type": "Feature", "properties": { "id": "53_5", "growth_scenario": "moderate", "market_gravity_weight": 25 }, "geometry": { "type": "Polygon", "coordinates": [ [ [ -119.273121566419192, 47.613155105739409 ], [ -119.274403248902615, 47.612935544795633 ], [ -119.275684922745882, 47.612715972173945 ], [ -119.276005266762397, 47.613594500008446 ], [ -119.274723576713299, 47.613814076273925 ], [ -119.275043913164509, 47.614692609742789 ], [ -119.275364258256531, 47.61557114520253 ], [ -119.274082527153396, 47.615790717077701 ], [ -119.272800787409452, 47.616010277274441 ], [ -119.272480474731651, 47.615131734526884 ], [ -119.271198742554887, 47.615351279401352 ], [ -119.270878454724411, 47.614472735001549 ], [ -119.270558175533338, 47.613594192592821 ], [ -119.271839875295981, 47.613374655005188 ], [ -119.27151958853743, 47.612496118230467 ], [ -119.272801263454497, 47.612276572607939 ], [ -119.273121566419192, 47.613155105739409 ] ] ] } },
{ "type": "Feature", "properties": { "id": "53_6", "growth_scenario": "moderate", "market_gravity_weight": 25 }, "geometry": { "type": "Polygon", "coordinates": [ [ [ -119.907652267142367, 46.692692101219315 ], [ -119.90797654007244, 46.693566477526915 ], [ -119.908300821612855, 46.694440855437023 ], [ -119.907039122088335, 46.694665585951206 ], [ -119.907363396594917, 46.695539969056895 ], [ -119.906101672815254, 46.695764691711602 ], [ -119.905777413953487, 46.694890305013246 ], [ -119.904515697208666, 46.695115012623035 ], [ -119.903253971854269, 46.695339708780388 ], [ -119.902929752892405, 46.694465316500683 ], [ -119.904191462601688, 46.694240623935592 ], [ -119.903867236603929, 46.693366236851148 ], [ -119.903543019215135, 46.692491851369546 ], [ -119.904804689026605, 46.692267154536168 ], [ -119.906066350229082, 46.692042446250944 ], [ -119.906390598905745, 46.692916824548519 ], [ -119.907652267142367, 46.692692101219315 ] ] ] } },
{ "type": "Feature", "properties": { "id": "53_7", "growth_scenario": "moderate", "market_gravity_weight": 25 }, "geometry": { "type": "Polygon", "coordinates": [ [ [ -119.90289461026299, 46.690743085213448 ], [ -119.904156248787331, 46.690518395563444 ], [ -119.905417878703389, 46.690293694461957 ], [ -119.905742110161754, 46.691168069555488 ], [ -119.907003747111872, 46.690943353410624 ], [ -119.907328002822283, 46.691817726513982 ], [ -119.906066350229082, 46.692042446250944 ], [ -119.904804689026605, 46.692267154536168 ], [ -119.903543019215135, 46.692491851369546 ], [ -119.903867236603929, 46.693366236851148 ], [ -119.902605542539447, 46.693590925824275 ], [ -119.902281340795099, 46.692716536750851 ], [ -119.901957147658962, 46.691842149280028 ], [ -119.900695476275089, 46.692066819617729 ], [ -119.900371307390898, 46.691192430157976 ], [ -119.901632963130723, 46.690967763411635 ], [ -119.901308787210084, 46.690093379145296 ], [ -119.902570418698986, 46.689868704538405 ], [ -119.90289461026299, 46.690743085213448 ] ] ] } },
{ "type": "Feature", "properties": { "id": "53_8", "growth_scenario": "moderate", "market_gravity_weight": 25 }, "geometry": { "type": "Polygon", "coordinates": [ [ [ -119.852349917281671, 47.09235640972453 ], [ -119.852675430033983, 47.09323203315607 ], [ -119.85300095148358, 47.094107658338707 ], [ -119.853326481630802, 47.094983285272711 ], [ -119.853652020476019, 47.095858913958416 ], [ -119.85238240119331, 47.096083429215845 ], [ -119.851112773212662, 47.096307932940761 ], [ -119.850787266060763, 47.095432296963587 ], [ -119.85046176760612, 47.094556662738398 ], [ -119.849192162621847, 47.094781147639743 ], [ -119.848866688710558, 47.093905511521278 ], [ -119.850136277848378, 47.093681030265039 ], [ -119.849810796787224, 47.09280539954311 ], [ -119.851080361382742, 47.092580910399832 ], [ -119.850754873172434, 47.091705285073971 ], [ -119.852024413226331, 47.091480788043796 ], [ -119.852349917281671, 47.09235640972453 ] ] ] } },
{ "type": "Feature", "properties": { "id": "53_9", "growth_scenario": "moderate", "market_gravity_weight": 25 }, "geometry": { "type": "Polygon", "coordinates": [ [ [ -119.852024413226331, 47.091480788043796 ], [ -119.850754873172434, 47.091705285073971 ], [ -119.851080361382742, 47.092580910399832 ], [ -119.849810796787224, 47.09280539954311 ], [ -119.850136277848378, 47.093681030265039 ], [ -119.848866688710558, 47.093905511521278 ], [ -119.849192162621847, 47.094781147639743 ], [ -119.849517645229682, 47.095656785510265 ], [ -119.848248015701728, 47.095881262524273 ], [ -119.847922548941042, 47.09500562100861 ], [ -119.847597090876533, 47.094129981245047 ], [ -119.846327484346659, 47.094354439436373 ], [ -119.846002050824751, 47.093478797779888 ], [ -119.847271641507859, 47.093254343233284 ], [ -119.848541223495474, 47.093029877154358 ], [ -119.848215766976253, 47.092154244538783 ], [ -119.849485324422275, 47.091929770572371 ], [ -119.849159860753247, 47.091054143352409 ], [ -119.850429393658359, 47.090829661498837 ], [ -119.851698917867594, 47.090605168113512 ], [ -119.852968433380525, 47.090380663196669 ], [ -119.853293944583584, 47.091256279481897 ], [ -119.852024413226331, 47.091480788043796 ] ] ] } },
{ "type": "Feature", "properties": { "id": "56_0", "growth_scenario": "moderate", "market_gravity_weight": 25 }, "geometry": { "type": "Polygon", "coordinates": [ [ [ -110.556087184255361, 41.78984631120521 ], [ -110.557284914282832, 41.789709947296537 ], [ -110.557469834391568, 41.790593223858899 ], [ -110.557654759161622, 41.791476501012532 ], [ -110.557839688593162, 41.792359778757785 ], [ -110.559037458167168, 41.79222339818395 ], [ -110.560235223079175, 41.792087006498043 ], [ -110.560420186645388, 41.792970281132412 ], [ -110.561617961631271, 41.792833876482909 ], [ -110.561802944596636, 41.793717149857457 ], [ -110.560605154874139, 41.793853556358577 ], [ -110.559407360488947, 41.793989951747349 ], [ -110.559222406996952, 41.793106674669701 ], [ -110.558024622686347, 41.793243057094799 ], [ -110.556826833713913, 41.793379428407562 ], [ -110.556641914357499, 41.792496148219406 ], [ -110.556456999662387, 41.791612868623105 ], [ -110.556272089628393, 41.790729589618486 ], [ -110.555074340204271, 41.790865944266109 ], [ -110.554889449567128, 41.789982664002125 ], [ -110.55470456359042, 41.789099384329333 ], [ -110.555902283543119, 41.788963033383155 ], [ -110.556087184255361, 41.78984631120521 ] ] ] } },
{ "type": "Feature", "properties": { "id": "56_1", "growth_scenario": "moderate", "market_gravity_weight": 25 }, "geometry": { "type": "Polygon", "coordinates": [ [ [ -110.554061466680864, 41.791885570507908 ], [ -110.55424635190262, 41.792768853805946 ], [ -110.554431241784954, 41.793652137696014 ], [ -110.553233438829139, 41.793788475671484 ], [ -110.553418318634598, 41.79467176200469 ], [ -110.55222049628054, 41.794808090718284 ], [ -110.552035631212902, 41.793924802534427 ], [ -110.551850770805331, 41.793041514943063 ], [ -110.551665915057654, 41.792158227943887 ], [ -110.550468132256299, 41.7922945399933 ], [ -110.549270344795588, 41.792430840930308 ], [ -110.549085523181674, 41.791547550822663 ], [ -110.550283295905288, 41.791411251735788 ], [ -110.551481063969689, 41.791274941536663 ], [ -110.55267882737455, 41.791138620225283 ], [ -110.553876586119543, 41.791002287801753 ], [ -110.555074340204271, 41.790865944266109 ], [ -110.555259235502007, 41.791749225121571 ], [ -110.554061466680864, 41.791885570507908 ] ] ] } },
{ "type": "Feature", "properties": { "id": "56_2", "growth_scenario": "moderate", "market_gravity_weight": 25 }, "geometry": { "type": "Polygon", "coordinates": [ [ [ -104.819369574771244, 41.759873618092037 ], [ -104.819481836741772, 41.760763484946999 ], [ -104.819594101562117, 41.761653352565105 ], [ -104.81970636923235, 41.762543220946689 ], [ -104.819818639752611, 41.763433090091965 ], [ -104.818612387749823, 41.763515909181855 ], [ -104.817406132897275, 41.763598716984156 ], [ -104.817293892733318, 41.762708845576185 ], [ -104.816087650209724, 41.762791640959676 ], [ -104.815975428072946, 41.761901769184519 ], [ -104.817181655418608, 41.761818974932076 ], [ -104.817069420953061, 41.760929105051474 ], [ -104.816957189336549, 41.760039235934237 ], [ -104.818163383478549, 41.759956432656665 ], [ -104.818051139534276, 41.759066565433493 ], [ -104.81925731565039, 41.758983752000077 ], [ -104.819369574771244, 41.759873618092037 ] ] ] } },
{ "type": "Feature", "properties": { "id": "56_3", "growth_scenario": "moderate", "market_gravity_weight": 25 }, "geometry": { "type": "Polygon", "coordinates": [ [ [ -109.247357264044638, 41.626873468070762 ], [ -109.247525267162743, 41.627758386376804 ], [ -109.24872266023236, 41.627634218829378 ], [ -109.248890682374082, 41.628519136051338 ], [ -109.247693274514504, 41.628643305277471 ], [ -109.246495862421114, 41.628767463369797 ], [ -109.245298446094267, 41.628891610328118 ], [ -109.24410102553432, 41.629015746152504 ], [ -109.243933062553452, 41.628130822216264 ], [ -109.242735652551389, 41.628254945228335 ], [ -109.242567708593356, 41.627370020209007 ], [ -109.24376510380516, 41.627245898875081 ], [ -109.243597149289286, 41.626360976128623 ], [ -109.244794525478923, 41.626236845339044 ], [ -109.245991897435971, 41.626112703415963 ], [ -109.246159881531156, 41.626997622805902 ], [ -109.247357264044638, 41.626873468070762 ] ] ] } }
]
}
