{
"type": "FeatureCollection",
"name": "higher_growth_75_market_gravity_epsg4326_centroids",
"crs": { "type": "name", "properties": { "name": "urn:ogc:def:crs:OGC:1.3:CRS84" } },
"features": [
{ "type": "Feature", "properties": { "id": "1_0", "growth_scenario": "higher", "market_gravity_weight": 75 }, "geometry": { "type": "Point", "coordinates": [ -86.626063192751985, 34.836800523816258 ] } },
{ "type": "Feature", "properties": { "id": "1_1", "growth_scenario": "higher", "market_gravity_weight": 75 }, "geometry": { "type": "Point", "coordinates": [ -86.912807264182902, 33.400479549212022 ] } },
{ "type": "Feature", "properties": { "id": "1_10", "growth_scenario": "higher", "market_gravity_weight": 75 }, "geometry": { "type": "Point", "coordinates": [ -86.911213518263125, 33.398283917439258 ] } },
{ "type": "Feature", "properties": { "id": "1_11", "growth_scenario": "higher", "market_gravity_weight": 75 }, "geometry": { "type": "Point", "coordinates": [ -85.74236538002755, 34.911654095050032 ] } },
{ "type": "Feature", "properties": { "id": "1_12", "growth_scenario": "higher", "market_gravity_weight": 75 }, "geometry": { "type": "Point", "coordinates": [ -86.628384067450099, 34.833213932429864 ] } },
{ "type": "Feature", "properties": { "id": "1_13", "growth_scenario": "higher", "market_gravity_weight": 75 }, "geometry": { "type": "Point", "coordinates": [ -86.632234486949471, 34.833432948561104 ] } },
{ "type": "Feature", "properties": { "id": "1_14", "growth_scenario": "higher", "market_gravity_weight": 75 }, "geometry": { "type": "Point", "coordinates": [ -85.743208359014474, 34.90867119759929 ] } },
{ "type": "Feature", "properties": { "id": "1_15", "growth_scenario": "higher", "market_gravity_weight": 75 }, "geometry": { "type": "Point", "coordinates": [ -85.753322081424287, 34.908569438211899 ] } },
{ "type": "Feature", "properties": { "id": "1_16", "growth_scenario": "higher", "market_gravity_weight": 75 }, "geometry": { "type": "Point", "coordinates": [ -86.625771811607507, 34.831926378715465 ] } },
{ "type": "Feature", "properties": { "id": "1_17", "growth_scenario": "higher", "market_gravity_weight": 75 }, "geometry": { "type": "Point", "coordinates": [ -86.919393783444946, 33.401811734939926 ] } },
{ "type": "Feature", "properties": { "id": "1_2", "growth_scenario": "higher", "market_gravity_weight": 75 }, "geometry": { "type": "Point", "coordinates": [ -86.637299903992812, 34.8473131456876 ] } },
{ "type": "Feature", "properties": { "id": "1_3", "growth_scenario": "higher", "market_gravity_weight": 75 }, "geometry": { "type": "Point", "coordinates": [ -86.621764029783122, 34.837533413037008 ] } },
{ "type": "Feature", "properties": { "id": "1_4", "growth_scenario": "higher", "market_gravity_weight": 75 }, "geometry": { "type": "Point", "coordinates": [ -86.638788781114144, 34.845096954885634 ] } },
{ "type": "Feature", "properties": { "id": "1_5", "growth_scenario": "higher", "market_gravity_weight": 75 }, "geometry": { "type": "Point", "coordinates": [ -86.638044307827812, 34.838479923328237 ] } },
{ "type": "Feature", "properties": { "id": "1_6", "growth_scenario": "higher", "market_gravity_weight": 75 }, "geometry": { "type": "Point", "coordinates": [ -86.633324341450432, 34.836305017079965 ] } },
{ "type": "Feature", "properties": { "id": "1_7", "growth_scenario": "higher", "market_gravity_weight": 75 }, "geometry": { "type": "Point", "coordinates": [ -85.754664642846507, 34.912643063173036 ] } },
{ "type": "Feature", "properties": { "id": "1_8", "growth_scenario": "higher", "market_gravity_weight": 75 }, "geometry": { "type": "Point", "coordinates": [ -86.629220627441384, 34.835436931462958 ] } },
{ "type": "Feature", "properties": { "id": "1_9", "growth_scenario": "higher", "market_gravity_weight": 75 }, "geometry": { "type": "Point", "coordinates": [ -86.916664986068881, 33.400965566713673 ] } },
{ "type": "Feature", "properties": { "id": "4_0", "growth_scenario": "higher", "market_gravity_weight": 75 }, "geometry": { "type": "Point", "coordinates": [ -111.707943496201096, 33.478703904142215 ] } },
{ "type": "Feature", "properties": { "id": "4_1", "growth_scenario": "higher", "market_gravity_weight": 75 }, "geometry": { "type": "Point", "coordinates": [ -111.799503071621089, 33.383776817120889 ] } },
{ "type": "Feature", "properties": { "id": "4_10", "growth_scenario": "higher", "market_gravity_weight": 75 }, "geometry": { "type": "Point", "coordinates": [ -111.710153144083392, 33.484753724633585 ] } },
{ "type": "Feature", "properties": { "id": "4_11", "growth_scenario": "higher", "market_gravity_weight": 75 }, "geometry": { "type": "Point", "coordinates": [ -111.703954081057788, 33.479072309947959 ] } },
{ "type": "Feature", "properties": { "id": "4_12", "growth_scenario": "higher", "market_gravity_weight": 75 }, "geometry": { "type": "Point", "coordinates": [ -111.905050062904678, 33.439634095977496 ] } },
{ "type": "Feature", "properties": { "id": "4_13", "growth_scenario": "higher", "market_gravity_weight": 75 }, "geometry": { "type": "Point", "coordinates": [ -111.912143680648981, 33.288416370783693 ] } },
{ "type": "Feature", "properties": { "id": "4_14", "growth_scenario": "higher", "market_gravity_weight": 75 }, "geometry": { "type": "Point", "coordinates": [ -111.73378301971043, 33.472868662990884 ] } },
{ "type": "Feature", "properties": { "id": "4_15", "growth_scenario": "higher", "market_gravity_weight": 75 }, "geometry": { "type": "Point", "coordinates": [ -111.776613645498799, 33.473390753293529 ] } },
{ "type": "Feature", "properties": { "id": "4_16", "growth_scenario": "higher", "market_gravity_weight": 75 }, "geometry": { "type": "Point", "coordinates": [ -111.730345855291489, 33.472707856013358 ] } },
{ "type": "Feature", "properties": { "id": "4_17", "growth_scenario": "higher", "market_gravity_weight": 75 }, "geometry": { "type": "Point", "coordinates": [ -111.902554001438659, 33.438166504247462 ] } },
{ "type": "Feature", "properties": { "id": "4_18", "growth_scenario": "higher", "market_gravity_weight": 75 }, "geometry": { "type": "Point", "coordinates": [ -111.907028689767955, 33.289132737385721 ] } },
{ "type": "Feature", "properties": { "id": "4_19", "growth_scenario": "higher", "market_gravity_weight": 75 }, "geometry": { "type": "Point", "coordinates": [ -111.738638482419859, 33.461576102561978 ] } },
{ "type": "Feature", "properties": { "id": "4_2", "growth_scenario": "higher", "market_gravity_weight": 75 }, "geometry": { "type": "Point", "coordinates": [ -111.778890117146929, 33.47053330270586 ] } },
{ "type": "Feature", "properties": { "id": "4_20", "growth_scenario": "higher", "market_gravity_weight": 75 }, "geometry": { "type": "Point", "coordinates": [ -111.80467243615017, 33.264274029600664 ] } },
{ "type": "Feature", "properties": { "id": "4_21", "growth_scenario": "higher", "market_gravity_weight": 75 }, "geometry": { "type": "Point", "coordinates": [ -111.909295100147077, 33.286271954084896 ] } },
{ "type": "Feature", "properties": { "id": "4_22", "growth_scenario": "higher", "market_gravity_weight": 75 }, "geometry": { "type": "Point", "coordinates": [ -111.72534607790918, 33.575157487657464 ] } },
{ "type": "Feature", "properties": { "id": "4_23", "growth_scenario": "higher", "market_gravity_weight": 75 }, "geometry": { "type": "Point", "coordinates": [ -111.789607783650453, 33.468140193028205 ] } },
{ "type": "Feature", "properties": { "id": "4_24", "growth_scenario": "higher", "market_gravity_weight": 75 }, "geometry": { "type": "Point", "coordinates": [ -111.883443943921264, 33.263729579049986 ] } },
{ "type": "Feature", "properties": { "id": "4_25", "growth_scenario": "higher", "market_gravity_weight": 75 }, "geometry": { "type": "Point", "coordinates": [ -111.839001093540929, 33.271480605154537 ] } },
{ "type": "Feature", "properties": { "id": "4_26", "growth_scenario": "higher", "market_gravity_weight": 75 }, "geometry": { "type": "Point", "coordinates": [ -111.663323004294114, 33.449626846997759 ] } },
{ "type": "Feature", "properties": { "id": "4_27", "growth_scenario": "higher", "market_gravity_weight": 75 }, "geometry": { "type": "Point", "coordinates": [ -111.661294442060864, 33.447182570302466 ] } },
{ "type": "Feature", "properties": { "id": "4_28", "growth_scenario": "higher", "market_gravity_weight": 75 }, "geometry": { "type": "Point", "coordinates": [ -111.904274582941611, 33.289064183545399 ] } },
{ "type": "Feature", "properties": { "id": "4_29", "growth_scenario": "higher", "market_gravity_weight": 75 }, "geometry": { "type": "Point", "coordinates": [ -111.709227512832314, 33.487786235952342 ] } },
{ "type": "Feature", "properties": { "id": "4_3", "growth_scenario": "higher", "market_gravity_weight": 75 }, "geometry": { "type": "Point", "coordinates": [ -111.673691107004871, 33.425324250905994 ] } },
{ "type": "Feature", "properties": { "id": "4_30", "growth_scenario": "higher", "market_gravity_weight": 75 }, "geometry": { "type": "Point", "coordinates": [ -111.708318923497401, 33.384780871165091 ] } },
{ "type": "Feature", "properties": { "id": "4_31", "growth_scenario": "higher", "market_gravity_weight": 75 }, "geometry": { "type": "Point", "coordinates": [ -111.886962485972873, 33.642644236043161 ] } },
{ "type": "Feature", "properties": { "id": "4_32", "growth_scenario": "higher", "market_gravity_weight": 75 }, "geometry": { "type": "Point", "coordinates": [ -111.888647201868551, 33.645496540910372 ] } },
{ "type": "Feature", "properties": { "id": "4_33", "growth_scenario": "higher", "market_gravity_weight": 75 }, "geometry": { "type": "Point", "coordinates": [ -111.808697485111622, 33.468034508665696 ] } },
{ "type": "Feature", "properties": { "id": "4_34", "growth_scenario": "higher", "market_gravity_weight": 75 }, "geometry": { "type": "Point", "coordinates": [ -111.891650714024152, 33.271210778894371 ] } },
{ "type": "Feature", "properties": { "id": "4_35", "growth_scenario": "higher", "market_gravity_weight": 75 }, "geometry": { "type": "Point", "coordinates": [ -111.780266390676189, 33.475154560995144 ] } },
{ "type": "Feature", "properties": { "id": "4_36", "growth_scenario": "higher", "market_gravity_weight": 75 }, "geometry": { "type": "Point", "coordinates": [ -111.803289550717139, 33.266101249494042 ] } },
{ "type": "Feature", "properties": { "id": "4_37", "growth_scenario": "higher", "market_gravity_weight": 75 }, "geometry": { "type": "Point", "coordinates": [ -111.800481966664861, 33.265220377363157 ] } },
{ "type": "Feature", "properties": { "id": "4_38", "growth_scenario": "higher", "market_gravity_weight": 75 }, "geometry": { "type": "Point", "coordinates": [ -111.905510042646213, 33.28598448667978 ] } },
{ "type": "Feature", "properties": { "id": "4_39", "growth_scenario": "higher", "market_gravity_weight": 75 }, "geometry": { "type": "Point", "coordinates": [ -111.603200547939963, 33.388440635858331 ] } },
{ "type": "Feature", "properties": { "id": "4_4", "growth_scenario": "higher", "market_gravity_weight": 75 }, "geometry": { "type": "Point", "coordinates": [ -111.912201848662534, 33.431641762691719 ] } },
{ "type": "Feature", "properties": { "id": "4_40", "growth_scenario": "higher", "market_gravity_weight": 75 }, "geometry": { "type": "Point", "coordinates": [ -111.704881380477318, 33.488022231273675 ] } },
{ "type": "Feature", "properties": { "id": "4_41", "growth_scenario": "higher", "market_gravity_weight": 75 }, "geometry": { "type": "Point", "coordinates": [ -111.91927139728449, 33.289506966941779 ] } },
{ "type": "Feature", "properties": { "id": "4_42", "growth_scenario": "higher", "market_gravity_weight": 75 }, "geometry": { "type": "Point", "coordinates": [ -111.789968065019153, 33.471540373242192 ] } },
{ "type": "Feature", "properties": { "id": "4_43", "growth_scenario": "higher", "market_gravity_weight": 75 }, "geometry": { "type": "Point", "coordinates": [ -111.658838721969119, 33.444797001975616 ] } },
{ "type": "Feature", "properties": { "id": "4_44", "growth_scenario": "higher", "market_gravity_weight": 75 }, "geometry": { "type": "Point", "coordinates": [ -111.714655907663897, 33.331335388218761 ] } },
{ "type": "Feature", "properties": { "id": "4_45", "growth_scenario": "higher", "market_gravity_weight": 75 }, "geometry": { "type": "Point", "coordinates": [ -111.901801307554607, 33.287684573064439 ] } },
{ "type": "Feature", "properties": { "id": "4_46", "growth_scenario": "higher", "market_gravity_weight": 75 }, "geometry": { "type": "Point", "coordinates": [ -111.706698605368786, 33.490495061198125 ] } },
{ "type": "Feature", "properties": { "id": "4_47", "growth_scenario": "higher", "market_gravity_weight": 75 }, "geometry": { "type": "Point", "coordinates": [ -111.908063024893494, 33.283991940712205 ] } },
{ "type": "Feature", "properties": { "id": "4_48", "growth_scenario": "higher", "market_gravity_weight": 75 }, "geometry": { "type": "Point", "coordinates": [ -111.703843298749959, 33.597179792081675 ] } },
{ "type": "Feature", "properties": { "id": "4_49", "growth_scenario": "higher", "market_gravity_weight": 75 }, "geometry": { "type": "Point", "coordinates": [ -111.630151102904804, 33.389371712870862 ] } },
{ "type": "Feature", "properties": { "id": "4_5", "growth_scenario": "higher", "market_gravity_weight": 75 }, "geometry": { "type": "Point", "coordinates": [ -111.907592959463059, 33.438643080422906 ] } },
{ "type": "Feature", "properties": { "id": "4_50", "growth_scenario": "higher", "market_gravity_weight": 75 }, "geometry": { "type": "Point", "coordinates": [ -111.93558605781962, 33.703052777931383 ] } },
{ "type": "Feature", "properties": { "id": "4_51", "growth_scenario": "higher", "market_gravity_weight": 75 }, "geometry": { "type": "Point", "coordinates": [ -111.893672250344054, 33.269837869727432 ] } },
{ "type": "Feature", "properties": { "id": "4_52", "growth_scenario": "higher", "market_gravity_weight": 75 }, "geometry": { "type": "Point", "coordinates": [ -111.999160412592801, 33.456691191581264 ] } },
{ "type": "Feature", "properties": { "id": "4_53", "growth_scenario": "higher", "market_gravity_weight": 75 }, "geometry": { "type": "Point", "coordinates": [ -111.895428266928462, 33.289757344492351 ] } },
{ "type": "Feature", "properties": { "id": "4_54", "growth_scenario": "higher", "market_gravity_weight": 75 }, "geometry": { "type": "Point", "coordinates": [ -111.632558665393901, 33.449496586743813 ] } },
{ "type": "Feature", "properties": { "id": "4_55", "growth_scenario": "higher", "market_gravity_weight": 75 }, "geometry": { "type": "Point", "coordinates": [ -111.715207703208222, 33.334073871366577 ] } },
{ "type": "Feature", "properties": { "id": "4_56", "growth_scenario": "higher", "market_gravity_weight": 75 }, "geometry": { "type": "Point", "coordinates": [ -111.658338882398454, 33.447770521350826 ] } },
{ "type": "Feature", "properties": { "id": "4_57", "growth_scenario": "higher", "market_gravity_weight": 75 }, "geometry": { "type": "Point", "coordinates": [ -111.835049890798444, 33.267126936880452 ] } },
{ "type": "Feature", "properties": { "id": "4_58", "growth_scenario": "higher", "market_gravity_weight": 75 }, "geometry": { "type": "Point", "coordinates": [ -111.895154220945059, 33.286798193181333 ] } },
{ "type": "Feature", "properties": { "id": "4_59", "growth_scenario": "higher", "market_gravity_weight": 75 }, "geometry": { "type": "Point", "coordinates": [ -111.717126490551109, 33.329995082649482 ] } },
{ "type": "Feature", "properties": { "id": "4_6", "growth_scenario": "higher", "market_gravity_weight": 75 }, "geometry": { "type": "Point", "coordinates": [ -111.669811377547475, 33.424587398486764 ] } },
{ "type": "Feature", "properties": { "id": "4_60", "growth_scenario": "higher", "market_gravity_weight": 75 }, "geometry": { "type": "Point", "coordinates": [ -111.900226555248622, 33.290175851469741 ] } },
{ "type": "Feature", "properties": { "id": "4_61", "growth_scenario": "higher", "market_gravity_weight": 75 }, "geometry": { "type": "Point", "coordinates": [ -112.000325312534883, 33.312186372030475 ] } },
{ "type": "Feature", "properties": { "id": "4_62", "growth_scenario": "higher", "market_gravity_weight": 75 }, "geometry": { "type": "Point", "coordinates": [ -111.70357540555446, 33.594221474442989 ] } },
{ "type": "Feature", "properties": { "id": "4_63", "growth_scenario": "higher", "market_gravity_weight": 75 }, "geometry": { "type": "Point", "coordinates": [ -111.894989498269581, 33.277919512089852 ] } },
{ "type": "Feature", "properties": { "id": "4_64", "growth_scenario": "higher", "market_gravity_weight": 75 }, "geometry": { "type": "Point", "coordinates": [ -111.452943553681621, 33.349678345973331 ] } },
{ "type": "Feature", "properties": { "id": "4_65", "growth_scenario": "higher", "market_gravity_weight": 75 }, "geometry": { "type": "Point", "coordinates": [ -111.694177062565743, 33.339611742644706 ] } },
{ "type": "Feature", "properties": { "id": "4_66", "growth_scenario": "higher", "market_gravity_weight": 75 }, "geometry": { "type": "Point", "coordinates": [ -111.703029095025798, 33.489729934959328 ] } },
{ "type": "Feature", "properties": { "id": "4_67", "growth_scenario": "higher", "market_gravity_weight": 75 }, "geometry": { "type": "Point", "coordinates": [ -111.802786965597775, 33.469217879506374 ] } },
{ "type": "Feature", "properties": { "id": "4_68", "growth_scenario": "higher", "market_gravity_weight": 75 }, "geometry": { "type": "Point", "coordinates": [ -111.89537138845489, 33.274414343703071 ] } },
{ "type": "Feature", "properties": { "id": "4_69", "growth_scenario": "higher", "market_gravity_weight": 75 }, "geometry": { "type": "Point", "coordinates": [ -111.692363699814265, 33.337682952605256 ] } },
{ "type": "Feature", "properties": { "id": "4_7", "growth_scenario": "higher", "market_gravity_weight": 75 }, "geometry": { "type": "Point", "coordinates": [ -111.909802298559896, 33.289834342430254 ] } },
{ "type": "Feature", "properties": { "id": "4_70", "growth_scenario": "higher", "market_gravity_weight": 75 }, "geometry": { "type": "Point", "coordinates": [ -111.739544190568523, 33.45736557603167 ] } },
{ "type": "Feature", "properties": { "id": "4_71", "growth_scenario": "higher", "market_gravity_weight": 75 }, "geometry": { "type": "Point", "coordinates": [ -111.745344156060611, 33.477898575910807 ] } },
{ "type": "Feature", "properties": { "id": "4_72", "growth_scenario": "higher", "market_gravity_weight": 75 }, "geometry": { "type": "Point", "coordinates": [ -111.830094937965015, 33.267545199175856 ] } },
{ "type": "Feature", "properties": { "id": "4_73", "growth_scenario": "higher", "market_gravity_weight": 75 }, "geometry": { "type": "Point", "coordinates": [ -111.803221771063662, 33.268472032038858 ] } },
{ "type": "Feature", "properties": { "id": "4_74", "growth_scenario": "higher", "market_gravity_weight": 75 }, "geometry": { "type": "Point", "coordinates": [ -111.799829145701352, 33.26848992114143 ] } },
{ "type": "Feature", "properties": { "id": "4_75", "growth_scenario": "higher", "market_gravity_weight": 75 }, "geometry": { "type": "Point", "coordinates": [ -112.02747415145727, 33.692831937081699 ] } },
{ "type": "Feature", "properties": { "id": "4_76", "growth_scenario": "higher", "market_gravity_weight": 75 }, "geometry": { "type": "Point", "coordinates": [ -111.902894284834119, 33.28444318495761 ] } },
{ "type": "Feature", "properties": { "id": "4_8", "growth_scenario": "higher", "market_gravity_weight": 75 }, "geometry": { "type": "Point", "coordinates": [ -111.670291012514596, 33.427517097257081 ] } },
{ "type": "Feature", "properties": { "id": "4_9", "growth_scenario": "higher", "market_gravity_weight": 75 }, "geometry": { "type": "Point", "coordinates": [ -111.666013613760839, 33.443356332131508 ] } },
{ "type": "Feature", "properties": { "id": "6_0", "growth_scenario": "higher", "market_gravity_weight": 75 }, "geometry": { "type": "Point", "coordinates": [ -121.490179401187405, 38.65794914874634 ] } },
{ "type": "Feature", "properties": { "id": "6_1", "growth_scenario": "higher", "market_gravity_weight": 75 }, "geometry": { "type": "Point", "coordinates": [ -121.486569288562492, 38.658619684050805 ] } },
{ "type": "Feature", "properties": { "id": "6_10", "growth_scenario": "higher", "market_gravity_weight": 75 }, "geometry": { "type": "Point", "coordinates": [ -121.928468245376564, 37.434466281294164 ] } },
{ "type": "Feature", "properties": { "id": "6_100", "growth_scenario": "higher", "market_gravity_weight": 75 }, "geometry": { "type": "Point", "coordinates": [ -122.076452277249089, 37.542415010025692 ] } },
{ "type": "Feature", "properties": { "id": "6_101", "growth_scenario": "higher", "market_gravity_weight": 75 }, "geometry": { "type": "Point", "coordinates": [ -121.468912791326943, 38.701485825006763 ] } },
{ "type": "Feature", "properties": { "id": "6_102", "growth_scenario": "higher", "market_gravity_weight": 75 }, "geometry": { "type": "Point", "coordinates": [ -121.772119470721748, 37.265915729828066 ] } },
{ "type": "Feature", "properties": { "id": "6_103", "growth_scenario": "higher", "market_gravity_weight": 75 }, "geometry": { "type": "Point", "coordinates": [ -121.77299578340542, 37.262390318943751 ] } },
{ "type": "Feature", "properties": { "id": "6_104", "growth_scenario": "higher", "market_gravity_weight": 75 }, "geometry": { "type": "Point", "coordinates": [ -121.464402638761868, 38.701327480521982 ] } },
{ "type": "Feature", "properties": { "id": "6_105", "growth_scenario": "higher", "market_gravity_weight": 75 }, "geometry": { "type": "Point", "coordinates": [ -122.258175374714853, 38.269639228779404 ] } },
{ "type": "Feature", "properties": { "id": "6_106", "growth_scenario": "higher", "market_gravity_weight": 75 }, "geometry": { "type": "Point", "coordinates": [ -121.769182370366792, 37.265629650965479 ] } },
{ "type": "Feature", "properties": { "id": "6_107", "growth_scenario": "higher", "market_gravity_weight": 75 }, "geometry": { "type": "Point", "coordinates": [ -122.07064988217131, 37.556945749455373 ] } },
{ "type": "Feature", "properties": { "id": "6_108", "growth_scenario": "higher", "market_gravity_weight": 75 }, "geometry": { "type": "Point", "coordinates": [ -122.067855418198704, 37.560062485029746 ] } },
{ "type": "Feature", "properties": { "id": "6_109", "growth_scenario": "higher", "market_gravity_weight": 75 }, "geometry": { "type": "Point", "coordinates": [ -122.252405021911301, 38.264041933171022 ] } },
{ "type": "Feature", "properties": { "id": "6_11", "growth_scenario": "higher", "market_gravity_weight": 75 }, "geometry": { "type": "Point", "coordinates": [ -121.486724684098021, 38.663768210907442 ] } },
{ "type": "Feature", "properties": { "id": "6_110", "growth_scenario": "higher", "market_gravity_weight": 75 }, "geometry": { "type": "Point", "coordinates": [ -121.768584422910905, 37.262610844407575 ] } },
{ "type": "Feature", "properties": { "id": "6_111", "growth_scenario": "higher", "market_gravity_weight": 75 }, "geometry": { "type": "Point", "coordinates": [ -121.475186393367139, 38.7069155266636 ] } },
{ "type": "Feature", "properties": { "id": "6_112", "growth_scenario": "higher", "market_gravity_weight": 75 }, "geometry": { "type": "Point", "coordinates": [ -122.190122687324063, 37.413043934586987 ] } },
{ "type": "Feature", "properties": { "id": "6_113", "growth_scenario": "higher", "market_gravity_weight": 75 }, "geometry": { "type": "Point", "coordinates": [ -121.470930503100561, 38.706796189383248 ] } },
{ "type": "Feature", "properties": { "id": "6_114", "growth_scenario": "higher", "market_gravity_weight": 75 }, "geometry": { "type": "Point", "coordinates": [ -122.190494228184193, 37.409808857130514 ] } },
{ "type": "Feature", "properties": { "id": "6_12", "growth_scenario": "higher", "market_gravity_weight": 75 }, "geometry": { "type": "Point", "coordinates": [ -121.928397166336438, 37.437910223619198 ] } },
{ "type": "Feature", "properties": { "id": "6_13", "growth_scenario": "higher", "market_gravity_weight": 75 }, "geometry": { "type": "Point", "coordinates": [ -121.92946017883547, 37.44055003643691 ] } },
{ "type": "Feature", "properties": { "id": "6_14", "growth_scenario": "higher", "market_gravity_weight": 75 }, "geometry": { "type": "Point", "coordinates": [ -121.489008995050341, 38.665783604029514 ] } },
{ "type": "Feature", "properties": { "id": "6_15", "growth_scenario": "higher", "market_gravity_weight": 75 }, "geometry": { "type": "Point", "coordinates": [ -121.926647091922561, 37.441628887420315 ] } },
{ "type": "Feature", "properties": { "id": "6_16", "growth_scenario": "higher", "market_gravity_weight": 75 }, "geometry": { "type": "Point", "coordinates": [ -121.47257090994151, 38.659171801882593 ] } },
{ "type": "Feature", "properties": { "id": "6_17", "growth_scenario": "higher", "market_gravity_weight": 75 }, "geometry": { "type": "Point", "coordinates": [ -121.925345531818834, 37.443952144774393 ] } },
{ "type": "Feature", "properties": { "id": "6_18", "growth_scenario": "higher", "market_gravity_weight": 75 }, "geometry": { "type": "Point", "coordinates": [ -122.268341079376754, 38.260732874609928 ] } },
{ "type": "Feature", "properties": { "id": "6_19", "growth_scenario": "higher", "market_gravity_weight": 75 }, "geometry": { "type": "Point", "coordinates": [ -121.925880690235445, 37.44809733255213 ] } },
{ "type": "Feature", "properties": { "id": "6_2", "growth_scenario": "higher", "market_gravity_weight": 75 }, "geometry": { "type": "Point", "coordinates": [ -121.936010667595724, 37.424753864368711 ] } },
{ "type": "Feature", "properties": { "id": "6_20", "growth_scenario": "higher", "market_gravity_weight": 75 }, "geometry": { "type": "Point", "coordinates": [ -121.47442304558102, 38.663684186431816 ] } },
{ "type": "Feature", "properties": { "id": "6_21", "growth_scenario": "higher", "market_gravity_weight": 75 }, "geometry": { "type": "Point", "coordinates": [ -121.48021676706378, 38.665420947329281 ] } },
{ "type": "Feature", "properties": { "id": "6_22", "growth_scenario": "higher", "market_gravity_weight": 75 }, "geometry": { "type": "Point", "coordinates": [ -121.486743466038433, 38.667187647680194 ] } },
{ "type": "Feature", "properties": { "id": "6_23", "growth_scenario": "higher", "market_gravity_weight": 75 }, "geometry": { "type": "Point", "coordinates": [ -122.264964762347702, 38.26100976465699 ] } },
{ "type": "Feature", "properties": { "id": "6_24", "growth_scenario": "higher", "market_gravity_weight": 75 }, "geometry": { "type": "Point", "coordinates": [ -121.474639054347634, 38.669004791415006 ] } },
{ "type": "Feature", "properties": { "id": "6_25", "growth_scenario": "higher", "market_gravity_weight": 75 }, "geometry": { "type": "Point", "coordinates": [ -121.530235760668418, 38.658265325946445 ] } },
{ "type": "Feature", "properties": { "id": "6_26", "growth_scenario": "higher", "market_gravity_weight": 75 }, "geometry": { "type": "Point", "coordinates": [ -121.463819679685059, 38.672399703149907 ] } },
{ "type": "Feature", "properties": { "id": "6_27", "growth_scenario": "higher", "market_gravity_weight": 75 }, "geometry": { "type": "Point", "coordinates": [ -121.971357721702333, 37.489013933874098 ] } },
{ "type": "Feature", "properties": { "id": "6_28", "growth_scenario": "higher", "market_gravity_weight": 75 }, "geometry": { "type": "Point", "coordinates": [ -121.985183663439997, 37.495158964364997 ] } },
{ "type": "Feature", "properties": { "id": "6_29", "growth_scenario": "higher", "market_gravity_weight": 75 }, "geometry": { "type": "Point", "coordinates": [ -121.533253751526885, 38.660309849121504 ] } },
{ "type": "Feature", "properties": { "id": "6_3", "growth_scenario": "higher", "market_gravity_weight": 75 }, "geometry": { "type": "Point", "coordinates": [ -121.490673910392957, 38.660342804987536 ] } },
{ "type": "Feature", "properties": { "id": "6_30", "growth_scenario": "higher", "market_gravity_weight": 75 }, "geometry": { "type": "Point", "coordinates": [ -121.959356411994776, 37.491920235441114 ] } },
{ "type": "Feature", "properties": { "id": "6_31", "growth_scenario": "higher", "market_gravity_weight": 75 }, "geometry": { "type": "Point", "coordinates": [ -121.971279421633369, 37.49144048705751 ] } },
{ "type": "Feature", "properties": { "id": "6_32", "growth_scenario": "higher", "market_gravity_weight": 75 }, "geometry": { "type": "Point", "coordinates": [ -121.958552125177363, 37.494968962197738 ] } },
{ "type": "Feature", "properties": { "id": "6_33", "growth_scenario": "higher", "market_gravity_weight": 75 }, "geometry": { "type": "Point", "coordinates": [ -121.95861416058662, 37.497457353166631 ] } },
{ "type": "Feature", "properties": { "id": "6_34", "growth_scenario": "higher", "market_gravity_weight": 75 }, "geometry": { "type": "Point", "coordinates": [ -121.542001793710298, 38.641059701959016 ] } },
{ "type": "Feature", "properties": { "id": "6_35", "growth_scenario": "higher", "market_gravity_weight": 75 }, "geometry": { "type": "Point", "coordinates": [ -121.473006661915008, 38.680267029847698 ] } },
{ "type": "Feature", "properties": { "id": "6_36", "growth_scenario": "higher", "market_gravity_weight": 75 }, "geometry": { "type": "Point", "coordinates": [ -121.53708394125897, 38.6585733500185 ] } },
{ "type": "Feature", "properties": { "id": "6_37", "growth_scenario": "higher", "market_gravity_weight": 75 }, "geometry": { "type": "Point", "coordinates": [ -121.535330125952967, 38.663756726406618 ] } },
{ "type": "Feature", "properties": { "id": "6_38", "growth_scenario": "higher", "market_gravity_weight": 75 }, "geometry": { "type": "Point", "coordinates": [ -121.527195927691722, 38.62254257515616 ] } },
{ "type": "Feature", "properties": { "id": "6_39", "growth_scenario": "higher", "market_gravity_weight": 75 }, "geometry": { "type": "Point", "coordinates": [ -122.080845698550519, 37.317205141771929 ] } },
{ "type": "Feature", "properties": { "id": "6_4", "growth_scenario": "higher", "market_gravity_weight": 75 }, "geometry": { "type": "Point", "coordinates": [ -121.929199497043001, 37.426244872490493 ] } },
{ "type": "Feature", "properties": { "id": "6_40", "growth_scenario": "higher", "market_gravity_weight": 75 }, "geometry": { "type": "Point", "coordinates": [ -122.08337511288056, 37.318315939500728 ] } },
{ "type": "Feature", "properties": { "id": "6_41", "growth_scenario": "higher", "market_gravity_weight": 75 }, "geometry": { "type": "Point", "coordinates": [ -121.541899422660279, 38.637749983494039 ] } },
{ "type": "Feature", "properties": { "id": "6_42", "growth_scenario": "higher", "market_gravity_weight": 75 }, "geometry": { "type": "Point", "coordinates": [ -121.545016032717328, 38.642086710329913 ] } },
{ "type": "Feature", "properties": { "id": "6_43", "growth_scenario": "higher", "market_gravity_weight": 75 }, "geometry": { "type": "Point", "coordinates": [ -122.09152430804032, 37.325510763582365 ] } },
{ "type": "Feature", "properties": { "id": "6_44", "growth_scenario": "higher", "market_gravity_weight": 75 }, "geometry": { "type": "Point", "coordinates": [ -121.545626558637238, 38.639088589072593 ] } },
{ "type": "Feature", "properties": { "id": "6_45", "growth_scenario": "higher", "market_gravity_weight": 75 }, "geometry": { "type": "Point", "coordinates": [ -121.799650116929982, 37.338460377610453 ] } },
{ "type": "Feature", "properties": { "id": "6_46", "growth_scenario": "higher", "market_gravity_weight": 75 }, "geometry": { "type": "Point", "coordinates": [ -121.532590717652454, 38.62417587434291 ] } },
{ "type": "Feature", "properties": { "id": "6_47", "growth_scenario": "higher", "market_gravity_weight": 75 }, "geometry": { "type": "Point", "coordinates": [ -121.541670563224542, 38.633078984489714 ] } },
{ "type": "Feature", "properties": { "id": "6_48", "growth_scenario": "higher", "market_gravity_weight": 75 }, "geometry": { "type": "Point", "coordinates": [ -121.545119004046612, 38.63632740945323 ] } },
{ "type": "Feature", "properties": { "id": "6_49", "growth_scenario": "higher", "market_gravity_weight": 75 }, "geometry": { "type": "Point", "coordinates": [ -121.532673459418078, 38.621382247266212 ] } },
{ "type": "Feature", "properties": { "id": "6_5", "growth_scenario": "higher", "market_gravity_weight": 75 }, "geometry": { "type": "Point", "coordinates": [ -121.936036668660776, 37.427806001016052 ] } },
{ "type": "Feature", "properties": { "id": "6_50", "growth_scenario": "higher", "market_gravity_weight": 75 }, "geometry": { "type": "Point", "coordinates": [ -121.53588927289141, 38.625327771446607 ] } },
{ "type": "Feature", "properties": { "id": "6_51", "growth_scenario": "higher", "market_gravity_weight": 75 }, "geometry": { "type": "Point", "coordinates": [ -121.548459362352261, 38.640616661087272 ] } },
{ "type": "Feature", "properties": { "id": "6_52", "growth_scenario": "higher", "market_gravity_weight": 75 }, "geometry": { "type": "Point", "coordinates": [ -121.533114189161296, 38.619253065834627 ] } },
{ "type": "Feature", "properties": { "id": "6_53", "growth_scenario": "higher", "market_gravity_weight": 75 }, "geometry": { "type": "Point", "coordinates": [ -121.544778147007491, 38.631680110365423 ] } },
{ "type": "Feature", "properties": { "id": "6_54", "growth_scenario": "higher", "market_gravity_weight": 75 }, "geometry": { "type": "Point", "coordinates": [ -121.547132654604638, 38.633216972666894 ] } },
{ "type": "Feature", "properties": { "id": "6_55", "growth_scenario": "higher", "market_gravity_weight": 75 }, "geometry": { "type": "Point", "coordinates": [ -121.536307245459938, 38.622463084698246 ] } },
{ "type": "Feature", "properties": { "id": "6_56", "growth_scenario": "higher", "market_gravity_weight": 75 }, "geometry": { "type": "Point", "coordinates": [ -121.82330122983096, 37.293561917186615 ] } },
{ "type": "Feature", "properties": { "id": "6_57", "growth_scenario": "higher", "market_gravity_weight": 75 }, "geometry": { "type": "Point", "coordinates": [ -121.548896323945741, 38.63747019623414 ] } },
{ "type": "Feature", "properties": { "id": "6_58", "growth_scenario": "higher", "market_gravity_weight": 75 }, "geometry": { "type": "Point", "coordinates": [ -121.551728100958954, 38.641682123753419 ] } },
{ "type": "Feature", "properties": { "id": "6_59", "growth_scenario": "higher", "market_gravity_weight": 75 }, "geometry": { "type": "Point", "coordinates": [ -121.542491401090444, 38.625964597659767 ] } },
{ "type": "Feature", "properties": { "id": "6_6", "growth_scenario": "higher", "market_gravity_weight": 75 }, "geometry": { "type": "Point", "coordinates": [ -121.930899403028405, 37.429671855727513 ] } },
{ "type": "Feature", "properties": { "id": "6_60", "growth_scenario": "higher", "market_gravity_weight": 75 }, "geometry": { "type": "Point", "coordinates": [ -121.551190543393389, 38.636151027086079 ] } },
{ "type": "Feature", "properties": { "id": "6_61", "growth_scenario": "higher", "market_gravity_weight": 75 }, "geometry": { "type": "Point", "coordinates": [ -121.552635001967147, 38.639176336187063 ] } },
{ "type": "Feature", "properties": { "id": "6_62", "growth_scenario": "higher", "market_gravity_weight": 75 }, "geometry": { "type": "Point", "coordinates": [ -121.551577173639046, 38.633200275845304 ] } },
{ "type": "Feature", "properties": { "id": "6_63", "growth_scenario": "higher", "market_gravity_weight": 75 }, "geometry": { "type": "Point", "coordinates": [ -121.547546826558005, 38.629335021894462 ] } },
{ "type": "Feature", "properties": { "id": "6_64", "growth_scenario": "higher", "market_gravity_weight": 75 }, "geometry": { "type": "Point", "coordinates": [ -121.55382419445985, 38.644846952782856 ] } },
{ "type": "Feature", "properties": { "id": "6_65", "growth_scenario": "higher", "market_gravity_weight": 75 }, "geometry": { "type": "Point", "coordinates": [ -121.910254363515151, 37.543240766911374 ] } },
{ "type": "Feature", "properties": { "id": "6_66", "growth_scenario": "higher", "market_gravity_weight": 75 }, "geometry": { "type": "Point", "coordinates": [ -121.541279242477003, 38.622242312425811 ] } },
{ "type": "Feature", "properties": { "id": "6_67", "growth_scenario": "higher", "market_gravity_weight": 75 }, "geometry": { "type": "Point", "coordinates": [ -121.55042948124165, 38.630667327083643 ] } },
{ "type": "Feature", "properties": { "id": "6_68", "growth_scenario": "higher", "market_gravity_weight": 75 }, "geometry": { "type": "Point", "coordinates": [ -121.464070867222119, 38.693996007318262 ] } },
{ "type": "Feature", "properties": { "id": "6_69", "growth_scenario": "higher", "market_gravity_weight": 75 }, "geometry": { "type": "Point", "coordinates": [ -121.472480265687395, 38.694626389632717 ] } },
{ "type": "Feature", "properties": { "id": "6_7", "growth_scenario": "higher", "market_gravity_weight": 75 }, "geometry": { "type": "Point", "coordinates": [ -121.482224433586723, 38.637702409015198 ] } },
{ "type": "Feature", "properties": { "id": "6_70", "growth_scenario": "higher", "market_gravity_weight": 75 }, "geometry": { "type": "Point", "coordinates": [ -121.468429210798107, 38.694741432170609 ] } },
{ "type": "Feature", "properties": { "id": "6_71", "growth_scenario": "higher", "market_gravity_weight": 75 }, "geometry": { "type": "Point", "coordinates": [ -121.912137036786447, 37.545516559154734 ] } },
{ "type": "Feature", "properties": { "id": "6_72", "growth_scenario": "higher", "market_gravity_weight": 75 }, "geometry": { "type": "Point", "coordinates": [ -121.54161599473629, 38.619487312426543 ] } },
{ "type": "Feature", "properties": { "id": "6_73", "growth_scenario": "higher", "market_gravity_weight": 75 }, "geometry": { "type": "Point", "coordinates": [ -121.555056739989922, 38.648287383775191 ] } },
{ "type": "Feature", "properties": { "id": "6_74", "growth_scenario": "higher", "market_gravity_weight": 75 }, "geometry": { "type": "Point", "coordinates": [ -121.787313353729701, 37.271772933555432 ] } },
{ "type": "Feature", "properties": { "id": "6_75", "growth_scenario": "higher", "market_gravity_weight": 75 }, "geometry": { "type": "Point", "coordinates": [ -121.796526738131234, 37.2804155449288 ] } },
{ "type": "Feature", "properties": { "id": "6_76", "growth_scenario": "higher", "market_gravity_weight": 75 }, "geometry": { "type": "Point", "coordinates": [ -121.906007658240682, 37.550931406419615 ] } },
{ "type": "Feature", "properties": { "id": "6_77", "growth_scenario": "higher", "market_gravity_weight": 75 }, "geometry": { "type": "Point", "coordinates": [ -121.789645900333184, 37.280341622270832 ] } },
{ "type": "Feature", "properties": { "id": "6_78", "growth_scenario": "higher", "market_gravity_weight": 75 }, "geometry": { "type": "Point", "coordinates": [ -121.555087680590233, 38.636620445403288 ] } },
{ "type": "Feature", "properties": { "id": "6_79", "growth_scenario": "higher", "market_gravity_weight": 75 }, "geometry": { "type": "Point", "coordinates": [ -121.557050932437022, 38.645458518381027 ] } },
{ "type": "Feature", "properties": { "id": "6_8", "growth_scenario": "higher", "market_gravity_weight": 75 }, "geometry": { "type": "Point", "coordinates": [ -121.4884085820199, 38.661746878756183 ] } },
{ "type": "Feature", "properties": { "id": "6_80", "growth_scenario": "higher", "market_gravity_weight": 75 }, "geometry": { "type": "Point", "coordinates": [ -121.556046355736228, 38.640303994913609 ] } },
{ "type": "Feature", "properties": { "id": "6_81", "growth_scenario": "higher", "market_gravity_weight": 75 }, "geometry": { "type": "Point", "coordinates": [ -121.477071751482399, 38.601042567617135 ] } },
{ "type": "Feature", "properties": { "id": "6_82", "growth_scenario": "higher", "market_gravity_weight": 75 }, "geometry": { "type": "Point", "coordinates": [ -121.541883104119265, 38.617209762749724 ] } },
{ "type": "Feature", "properties": { "id": "6_83", "growth_scenario": "higher", "market_gravity_weight": 75 }, "geometry": { "type": "Point", "coordinates": [ -121.786195998302446, 37.279611892926262 ] } },
{ "type": "Feature", "properties": { "id": "6_84", "growth_scenario": "higher", "market_gravity_weight": 75 }, "geometry": { "type": "Point", "coordinates": [ -121.556389775730352, 38.651336353572518 ] } },
{ "type": "Feature", "properties": { "id": "6_85", "growth_scenario": "higher", "market_gravity_weight": 75 }, "geometry": { "type": "Point", "coordinates": [ -121.787490097229991, 37.283590494442471 ] } },
{ "type": "Feature", "properties": { "id": "6_86", "growth_scenario": "higher", "market_gravity_weight": 75 }, "geometry": { "type": "Point", "coordinates": [ -122.263056584433969, 38.269867248001624 ] } },
{ "type": "Feature", "properties": { "id": "6_87", "growth_scenario": "higher", "market_gravity_weight": 75 }, "geometry": { "type": "Point", "coordinates": [ -121.904311837207331, 37.553154564487251 ] } },
{ "type": "Feature", "properties": { "id": "6_88", "growth_scenario": "higher", "market_gravity_weight": 75 }, "geometry": { "type": "Point", "coordinates": [ -121.558414818900118, 38.648593476039906 ] } },
{ "type": "Feature", "properties": { "id": "6_89", "growth_scenario": "higher", "market_gravity_weight": 75 }, "geometry": { "type": "Point", "coordinates": [ -121.554318385237224, 38.631786249006673 ] } },
{ "type": "Feature", "properties": { "id": "6_9", "growth_scenario": "higher", "market_gravity_weight": 75 }, "geometry": { "type": "Point", "coordinates": [ -121.491699640319581, 38.663549434257192 ] } },
{ "type": "Feature", "properties": { "id": "6_90", "growth_scenario": "higher", "market_gravity_weight": 75 }, "geometry": { "type": "Point", "coordinates": [ -121.558063202747633, 38.638210604565842 ] } },
{ "type": "Feature", "properties": { "id": "6_91", "growth_scenario": "higher", "market_gravity_weight": 75 }, "geometry": { "type": "Point", "coordinates": [ -121.776886557740937, 37.271360208898955 ] } },
{ "type": "Feature", "properties": { "id": "6_92", "growth_scenario": "higher", "market_gravity_weight": 75 }, "geometry": { "type": "Point", "coordinates": [ -121.560100690149611, 38.644904463208974 ] } },
{ "type": "Feature", "properties": { "id": "6_93", "growth_scenario": "higher", "market_gravity_weight": 75 }, "geometry": { "type": "Point", "coordinates": [ -121.772541030831562, 37.269436107384685 ] } },
{ "type": "Feature", "properties": { "id": "6_94", "growth_scenario": "higher", "market_gravity_weight": 75 }, "geometry": { "type": "Point", "coordinates": [ -122.0725870817718, 37.549475219669908 ] } },
{ "type": "Feature", "properties": { "id": "6_95", "growth_scenario": "higher", "market_gravity_weight": 75 }, "geometry": { "type": "Point", "coordinates": [ -121.775592045023359, 37.264047308290564 ] } },
{ "type": "Feature", "properties": { "id": "6_96", "growth_scenario": "higher", "market_gravity_weight": 75 }, "geometry": { "type": "Point", "coordinates": [ -122.071377779624399, 37.55270722626188 ] } },
{ "type": "Feature", "properties": { "id": "6_97", "growth_scenario": "higher", "market_gravity_weight": 75 }, "geometry": { "type": "Point", "coordinates": [ -121.897229662381307, 37.217075291269666 ] } },
{ "type": "Feature", "properties": { "id": "6_98", "growth_scenario": "higher", "market_gravity_weight": 75 }, "geometry": { "type": "Point", "coordinates": [ -122.074347775735689, 37.552054517908275 ] } },
{ "type": "Feature", "properties": { "id": "6_99", "growth_scenario": "higher", "market_gravity_weight": 75 }, "geometry": { "type": "Point", "coordinates": [ -121.473291334069629, 38.701949356764032 ] } },
{ "type": "Feature", "properties": { "id": "8_0", "growth_scenario": "higher", "market_gravity_weight": 75 }, "geometry": { "type": "Point", "coordinates": [ -104.782841603852589, 38.986174679237067 ] } },
{ "type": "Feature", "properties": { "id": "8_1", "growth_scenario": "higher", "market_gravity_weight": 75 }, "geometry": { "type": "Point", "coordinates": [ -105.014480248780572, 39.988749242268064 ] } },
{ "type": "Feature", "properties": { "id": "8_10", "growth_scenario": "higher", "market_gravity_weight": 75 }, "geometry": { "type": "Point", "coordinates": [ -104.77517942440042, 38.989585434344974 ] } },
{ "type": "Feature", "properties": { "id": "8_11", "growth_scenario": "higher", "market_gravity_weight": 75 }, "geometry": { "type": "Point", "coordinates": [ -105.008889894380843, 39.991481791572696 ] } },
{ "type": "Feature", "properties": { "id": "8_12", "growth_scenario": "higher", "market_gravity_weight": 75 }, "geometry": { "type": "Point", "coordinates": [ -104.779842647672012, 38.99427244935314 ] } },
{ "type": "Feature", "properties": { "id": "8_13", "growth_scenario": "higher", "market_gravity_weight": 75 }, "geometry": { "type": "Point", "coordinates": [ -104.787856436995952, 38.996660647000262 ] } },
{ "type": "Feature", "properties": { "id": "8_14", "growth_scenario": "higher", "market_gravity_weight": 75 }, "geometry": { "type": "Point", "coordinates": [ -104.784534171087415, 38.997254876422375 ] } },
{ "type": "Feature", "properties": { "id": "8_15", "growth_scenario": "higher", "market_gravity_weight": 75 }, "geometry": { "type": "Point", "coordinates": [ -105.005193371325007, 39.990402459445384 ] } },
{ "type": "Feature", "properties": { "id": "8_16", "growth_scenario": "higher", "market_gravity_weight": 75 }, "geometry": { "type": "Point", "coordinates": [ -105.003715313824472, 39.988088004912662 ] } },
{ "type": "Feature", "properties": { "id": "8_17", "growth_scenario": "higher", "market_gravity_weight": 75 }, "geometry": { "type": "Point", "coordinates": [ -104.801959977640806, 38.978812994511451 ] } },
{ "type": "Feature", "properties": { "id": "8_2", "growth_scenario": "higher", "market_gravity_weight": 75 }, "geometry": { "type": "Point", "coordinates": [ -104.783071973135179, 38.990011233734585 ] } },
{ "type": "Feature", "properties": { "id": "8_3", "growth_scenario": "higher", "market_gravity_weight": 75 }, "geometry": { "type": "Point", "coordinates": [ -104.780211495980524, 38.984748456807615 ] } },
{ "type": "Feature", "properties": { "id": "8_4", "growth_scenario": "higher", "market_gravity_weight": 75 }, "geometry": { "type": "Point", "coordinates": [ -104.780061372876233, 38.98834319126879 ] } },
{ "type": "Feature", "properties": { "id": "8_5", "growth_scenario": "higher", "market_gravity_weight": 75 }, "geometry": { "type": "Point", "coordinates": [ -105.012183443967643, 39.991245209370071 ] } },
{ "type": "Feature", "properties": { "id": "8_6", "growth_scenario": "higher", "market_gravity_weight": 75 }, "geometry": { "type": "Point", "coordinates": [ -104.777377504923493, 38.986472711026906 ] } },
{ "type": "Feature", "properties": { "id": "8_7", "growth_scenario": "higher", "market_gravity_weight": 75 }, "geometry": { "type": "Point", "coordinates": [ -104.781600278403403, 38.992355717562951 ] } },
{ "type": "Feature", "properties": { "id": "8_8", "growth_scenario": "higher", "market_gravity_weight": 75 }, "geometry": { "type": "Point", "coordinates": [ -104.778030932641116, 38.990906466249491 ] } },
{ "type": "Feature", "properties": { "id": "8_9", "growth_scenario": "higher", "market_gravity_weight": 75 }, "geometry": { "type": "Point", "coordinates": [ -105.010062165365667, 39.982880780317458 ] } },
{ "type": "Feature", "properties": { "id": "9_0", "growth_scenario": "higher", "market_gravity_weight": 75 }, "geometry": { "type": "Point", "coordinates": [ -73.15013439823791, 41.379583585059166 ] } },
{ "type": "Feature", "properties": { "id": "9_1", "growth_scenario": "higher", "market_gravity_weight": 75 }, "geometry": { "type": "Point", "coordinates": [ -73.14921398208692, 41.381991776874742 ] } },
{ "type": "Feature", "properties": { "id": "9_2", "growth_scenario": "higher", "market_gravity_weight": 75 }, "geometry": { "type": "Point", "coordinates": [ -72.987914512520931, 41.370406452764833 ] } },
{ "type": "Feature", "properties": { "id": "12_0", "growth_scenario": "higher", "market_gravity_weight": 75 }, "geometry": { "type": "Point", "coordinates": [ -80.308063534106012, 25.964919423376269 ] } },
{ "type": "Feature", "properties": { "id": "12_1", "growth_scenario": "higher", "market_gravity_weight": 75 }, "geometry": { "type": "Point", "coordinates": [ -80.305509810659885, 25.966836368637892 ] } },
{ "type": "Feature", "properties": { "id": "12_10", "growth_scenario": "higher", "market_gravity_weight": 75 }, "geometry": { "type": "Point", "coordinates": [ -80.306534676357543, 25.974473940163968 ] } },
{ "type": "Feature", "properties": { "id": "12_11", "growth_scenario": "higher", "market_gravity_weight": 75 }, "geometry": { "type": "Point", "coordinates": [ -80.371875559439943, 25.988169775913153 ] } },
{ "type": "Feature", "properties": { "id": "12_12", "growth_scenario": "higher", "market_gravity_weight": 75 }, "geometry": { "type": "Point", "coordinates": [ -80.413303387997004, 25.991534060592315 ] } },
{ "type": "Feature", "properties": { "id": "12_13", "growth_scenario": "higher", "market_gravity_weight": 75 }, "geometry": { "type": "Point", "coordinates": [ -80.440926316066097, 26.030448303378325 ] } },
{ "type": "Feature", "properties": { "id": "12_14", "growth_scenario": "higher", "market_gravity_weight": 75 }, "geometry": { "type": "Point", "coordinates": [ -80.19591837770686, 26.076023459686422 ] } },
{ "type": "Feature", "properties": { "id": "12_15", "growth_scenario": "higher", "market_gravity_weight": 75 }, "geometry": { "type": "Point", "coordinates": [ -80.128100294056452, 26.076618058805849 ] } },
{ "type": "Feature", "properties": { "id": "12_16", "growth_scenario": "higher", "market_gravity_weight": 75 }, "geometry": { "type": "Point", "coordinates": [ -80.414543886366715, 25.994677424199416 ] } },
{ "type": "Feature", "properties": { "id": "12_2", "growth_scenario": "higher", "market_gravity_weight": 75 }, "geometry": { "type": "Point", "coordinates": [ -80.305851380722814, 25.963287078561557 ] } },
{ "type": "Feature", "properties": { "id": "12_3", "growth_scenario": "higher", "market_gravity_weight": 75 }, "geometry": { "type": "Point", "coordinates": [ -80.302874741591623, 25.965323776537936 ] } },
{ "type": "Feature", "properties": { "id": "12_4", "growth_scenario": "higher", "market_gravity_weight": 75 }, "geometry": { "type": "Point", "coordinates": [ -80.193219153451921, 26.07265212781622 ] } },
{ "type": "Feature", "properties": { "id": "12_5", "growth_scenario": "higher", "market_gravity_weight": 75 }, "geometry": { "type": "Point", "coordinates": [ -80.410961978230091, 25.99283927541105 ] } },
{ "type": "Feature", "properties": { "id": "12_6", "growth_scenario": "higher", "market_gravity_weight": 75 }, "geometry": { "type": "Point", "coordinates": [ -80.19968286533539, 26.074111114651384 ] } },
{ "type": "Feature", "properties": { "id": "12_7", "growth_scenario": "higher", "market_gravity_weight": 75 }, "geometry": { "type": "Point", "coordinates": [ -80.223119630006721, 25.969214679818233 ] } },
{ "type": "Feature", "properties": { "id": "12_8", "growth_scenario": "higher", "market_gravity_weight": 75 }, "geometry": { "type": "Point", "coordinates": [ -80.306030273472686, 25.959528083063372 ] } },
{ "type": "Feature", "properties": { "id": "12_9", "growth_scenario": "higher", "market_gravity_weight": 75 }, "geometry": { "type": "Point", "coordinates": [ -80.300711337610323, 25.966192301610985 ] } },
{ "type": "Feature", "properties": { "id": "13_0", "growth_scenario": "higher", "market_gravity_weight": 75 }, "geometry": { "type": "Point", "coordinates": [ -83.7092470027074, 33.608767896357193 ] } },
{ "type": "Feature", "properties": { "id": "13_1", "growth_scenario": "higher", "market_gravity_weight": 75 }, "geometry": { "type": "Point", "coordinates": [ -84.438681903080393, 33.911061074211645 ] } },
{ "type": "Feature", "properties": { "id": "13_10", "growth_scenario": "higher", "market_gravity_weight": 75 }, "geometry": { "type": "Point", "coordinates": [ -83.706157911739766, 33.605457169311343 ] } },
{ "type": "Feature", "properties": { "id": "13_11", "growth_scenario": "higher", "market_gravity_weight": 75 }, "geometry": { "type": "Point", "coordinates": [ -84.572501134866386, 33.905492170262619 ] } },
{ "type": "Feature", "properties": { "id": "13_12", "growth_scenario": "higher", "market_gravity_weight": 75 }, "geometry": { "type": "Point", "coordinates": [ -84.486935547786629, 33.815013426826248 ] } },
{ "type": "Feature", "properties": { "id": "13_13", "growth_scenario": "higher", "market_gravity_weight": 75 }, "geometry": { "type": "Point", "coordinates": [ -84.512765836379742, 34.083156676805039 ] } },
{ "type": "Feature", "properties": { "id": "13_14", "growth_scenario": "higher", "market_gravity_weight": 75 }, "geometry": { "type": "Point", "coordinates": [ -83.712190078133659, 33.609535037386806 ] } },
{ "type": "Feature", "properties": { "id": "13_15", "growth_scenario": "higher", "market_gravity_weight": 75 }, "geometry": { "type": "Point", "coordinates": [ -84.550624810550531, 33.793335549719444 ] } },
{ "type": "Feature", "properties": { "id": "13_16", "growth_scenario": "higher", "market_gravity_weight": 75 }, "geometry": { "type": "Point", "coordinates": [ -84.464378305215163, 33.839259855180551 ] } },
{ "type": "Feature", "properties": { "id": "13_17", "growth_scenario": "higher", "market_gravity_weight": 75 }, "geometry": { "type": "Point", "coordinates": [ -84.893005101987583, 32.506051838802463 ] } },
{ "type": "Feature", "properties": { "id": "13_18", "growth_scenario": "higher", "market_gravity_weight": 75 }, "geometry": { "type": "Point", "coordinates": [ -84.549494121199487, 33.681871335968793 ] } },
{ "type": "Feature", "properties": { "id": "13_19", "growth_scenario": "higher", "market_gravity_weight": 75 }, "geometry": { "type": "Point", "coordinates": [ -84.607938305459257, 33.932439454801269 ] } },
{ "type": "Feature", "properties": { "id": "13_2", "growth_scenario": "higher", "market_gravity_weight": 75 }, "geometry": { "type": "Point", "coordinates": [ -84.886946857045572, 32.503920656906963 ] } },
{ "type": "Feature", "properties": { "id": "13_20", "growth_scenario": "higher", "market_gravity_weight": 75 }, "geometry": { "type": "Point", "coordinates": [ -84.556362361074548, 33.760278162235849 ] } },
{ "type": "Feature", "properties": { "id": "13_21", "growth_scenario": "higher", "market_gravity_weight": 75 }, "geometry": { "type": "Point", "coordinates": [ -84.552091645910821, 33.681318974412591 ] } },
{ "type": "Feature", "properties": { "id": "13_22", "growth_scenario": "higher", "market_gravity_weight": 75 }, "geometry": { "type": "Point", "coordinates": [ -84.560900892228048, 33.756222206818684 ] } },
{ "type": "Feature", "properties": { "id": "13_23", "growth_scenario": "higher", "market_gravity_weight": 75 }, "geometry": { "type": "Point", "coordinates": [ -84.622575244393701, 33.855738347687371 ] } },
{ "type": "Feature", "properties": { "id": "13_24", "growth_scenario": "higher", "market_gravity_weight": 75 }, "geometry": { "type": "Point", "coordinates": [ -84.640100246919786, 33.768047505686418 ] } },
{ "type": "Feature", "properties": { "id": "13_25", "growth_scenario": "higher", "market_gravity_weight": 75 }, "geometry": { "type": "Point", "coordinates": [ -84.381651653935137, 33.996648177917564 ] } },
{ "type": "Feature", "properties": { "id": "13_26", "growth_scenario": "higher", "market_gravity_weight": 75 }, "geometry": { "type": "Point", "coordinates": [ -84.895363174134062, 32.509985700375623 ] } },
{ "type": "Feature", "properties": { "id": "13_27", "growth_scenario": "higher", "market_gravity_weight": 75 }, "geometry": { "type": "Point", "coordinates": [ -84.57408624267066, 33.903666419688342 ] } },
{ "type": "Feature", "properties": { "id": "13_28", "growth_scenario": "higher", "market_gravity_weight": 75 }, "geometry": { "type": "Point", "coordinates": [ -84.381276716267635, 34.104064523199362 ] } },
{ "type": "Feature", "properties": { "id": "13_29", "growth_scenario": "higher", "market_gravity_weight": 75 }, "geometry": { "type": "Point", "coordinates": [ -84.613343567070757, 33.685158863418934 ] } },
{ "type": "Feature", "properties": { "id": "13_3", "growth_scenario": "higher", "market_gravity_weight": 75 }, "geometry": { "type": "Point", "coordinates": [ -84.356959532988611, 33.806790784598682 ] } },
{ "type": "Feature", "properties": { "id": "13_30", "growth_scenario": "higher", "market_gravity_weight": 75 }, "geometry": { "type": "Point", "coordinates": [ -84.175716703935208, 34.09183977866558 ] } },
{ "type": "Feature", "properties": { "id": "13_31", "growth_scenario": "higher", "market_gravity_weight": 75 }, "geometry": { "type": "Point", "coordinates": [ -84.029214007096428, 33.909690458515165 ] } },
{ "type": "Feature", "properties": { "id": "13_32", "growth_scenario": "higher", "market_gravity_weight": 75 }, "geometry": { "type": "Point", "coordinates": [ -84.382421298323123, 34.106703649511992 ] } },
{ "type": "Feature", "properties": { "id": "13_33", "growth_scenario": "higher", "market_gravity_weight": 75 }, "geometry": { "type": "Point", "coordinates": [ -84.328216604478001, 34.167039111847451 ] } },
{ "type": "Feature", "properties": { "id": "13_34", "growth_scenario": "higher", "market_gravity_weight": 75 }, "geometry": { "type": "Point", "coordinates": [ -84.582774761972644, 33.901283457894763 ] } },
{ "type": "Feature", "properties": { "id": "13_35", "growth_scenario": "higher", "market_gravity_weight": 75 }, "geometry": { "type": "Point", "coordinates": [ -84.396624641864506, 33.961915436337158 ] } },
{ "type": "Feature", "properties": { "id": "13_36", "growth_scenario": "higher", "market_gravity_weight": 75 }, "geometry": { "type": "Point", "coordinates": [ -84.343480888511152, 33.702884112624155 ] } },
{ "type": "Feature", "properties": { "id": "13_37", "growth_scenario": "higher", "market_gravity_weight": 75 }, "geometry": { "type": "Point", "coordinates": [ -84.171703063253887, 33.825483677793684 ] } },
{ "type": "Feature", "properties": { "id": "13_38", "growth_scenario": "higher", "market_gravity_weight": 75 }, "geometry": { "type": "Point", "coordinates": [ -84.169395450588226, 33.823352052371092 ] } },
{ "type": "Feature", "properties": { "id": "13_39", "growth_scenario": "higher", "market_gravity_weight": 75 }, "geometry": { "type": "Point", "coordinates": [ -84.329725825948017, 33.704823317046582 ] } },
{ "type": "Feature", "properties": { "id": "13_4", "growth_scenario": "higher", "market_gravity_weight": 75 }, "geometry": { "type": "Point", "coordinates": [ -83.704462295282823, 33.612046142909293 ] } },
{ "type": "Feature", "properties": { "id": "13_40", "growth_scenario": "higher", "market_gravity_weight": 75 }, "geometry": { "type": "Point", "coordinates": [ -84.452324755481527, 33.83182886425525 ] } },
{ "type": "Feature", "properties": { "id": "13_41", "growth_scenario": "higher", "market_gravity_weight": 75 }, "geometry": { "type": "Point", "coordinates": [ -84.172660900333796, 33.940303835917192 ] } },
{ "type": "Feature", "properties": { "id": "13_42", "growth_scenario": "higher", "market_gravity_weight": 75 }, "geometry": { "type": "Point", "coordinates": [ -84.282025281118464, 34.17317981857601 ] } },
{ "type": "Feature", "properties": { "id": "13_43", "growth_scenario": "higher", "market_gravity_weight": 75 }, "geometry": { "type": "Point", "coordinates": [ -84.677645827292835, 33.759132946454095 ] } },
{ "type": "Feature", "properties": { "id": "13_44", "growth_scenario": "higher", "market_gravity_weight": 75 }, "geometry": { "type": "Point", "coordinates": [ -84.32795396856244, 33.628967423834588 ] } },
{ "type": "Feature", "properties": { "id": "13_45", "growth_scenario": "higher", "market_gravity_weight": 75 }, "geometry": { "type": "Point", "coordinates": [ -84.516383835157185, 33.686046922076606 ] } },
{ "type": "Feature", "properties": { "id": "13_46", "growth_scenario": "higher", "market_gravity_weight": 75 }, "geometry": { "type": "Point", "coordinates": [ -83.709956368827761, 33.604962000338446 ] } },
{ "type": "Feature", "properties": { "id": "13_47", "growth_scenario": "higher", "market_gravity_weight": 75 }, "geometry": { "type": "Point", "coordinates": [ -84.283033087412505, 34.176707499141344 ] } },
{ "type": "Feature", "properties": { "id": "13_48", "growth_scenario": "higher", "market_gravity_weight": 75 }, "geometry": { "type": "Point", "coordinates": [ -84.581949952523715, 33.721711680045964 ] } },
{ "type": "Feature", "properties": { "id": "13_49", "growth_scenario": "higher", "market_gravity_weight": 75 }, "geometry": { "type": "Point", "coordinates": [ -84.507905453258417, 33.966850143059638 ] } },
{ "type": "Feature", "properties": { "id": "13_5", "growth_scenario": "higher", "market_gravity_weight": 75 }, "geometry": { "type": "Point", "coordinates": [ -83.708752793910804, 33.612596861429203 ] } },
{ "type": "Feature", "properties": { "id": "13_50", "growth_scenario": "higher", "market_gravity_weight": 75 }, "geometry": { "type": "Point", "coordinates": [ -83.705604864978014, 33.614516028850716 ] } },
{ "type": "Feature", "properties": { "id": "13_51", "growth_scenario": "higher", "market_gravity_weight": 75 }, "geometry": { "type": "Point", "coordinates": [ -84.005632651389618, 33.827758236814887 ] } },
{ "type": "Feature", "properties": { "id": "13_52", "growth_scenario": "higher", "market_gravity_weight": 75 }, "geometry": { "type": "Point", "coordinates": [ -84.174765301258788, 34.127627421438 ] } },
{ "type": "Feature", "properties": { "id": "13_53", "growth_scenario": "higher", "market_gravity_weight": 75 }, "geometry": { "type": "Point", "coordinates": [ -84.174263647079741, 34.130912009375038 ] } },
{ "type": "Feature", "properties": { "id": "13_54", "growth_scenario": "higher", "market_gravity_weight": 75 }, "geometry": { "type": "Point", "coordinates": [ -84.540917583777755, 33.753599336521006 ] } },
{ "type": "Feature", "properties": { "id": "13_55", "growth_scenario": "higher", "market_gravity_weight": 75 }, "geometry": { "type": "Point", "coordinates": [ -84.550961696799021, 33.684542518490751 ] } },
{ "type": "Feature", "properties": { "id": "13_56", "growth_scenario": "higher", "market_gravity_weight": 75 }, "geometry": { "type": "Point", "coordinates": [ -84.664285496589201, 33.707240942861866 ] } },
{ "type": "Feature", "properties": { "id": "13_57", "growth_scenario": "higher", "market_gravity_weight": 75 }, "geometry": { "type": "Point", "coordinates": [ -84.300227074304914, 33.606746567793053 ] } },
{ "type": "Feature", "properties": { "id": "13_58", "growth_scenario": "higher", "market_gravity_weight": 75 }, "geometry": { "type": "Point", "coordinates": [ -84.306082341409549, 33.607073544531318 ] } },
{ "type": "Feature", "properties": { "id": "13_59", "growth_scenario": "higher", "market_gravity_weight": 75 }, "geometry": { "type": "Point", "coordinates": [ -84.471883924794113, 33.955769112775215 ] } },
{ "type": "Feature", "properties": { "id": "13_6", "growth_scenario": "higher", "market_gravity_weight": 75 }, "geometry": { "type": "Point", "coordinates": [ -84.451355813994837, 33.828756157541008 ] } },
{ "type": "Feature", "properties": { "id": "13_60", "growth_scenario": "higher", "market_gravity_weight": 75 }, "geometry": { "type": "Point", "coordinates": [ -84.020469188334516, 34.054628380181533 ] } },
{ "type": "Feature", "properties": { "id": "13_61", "growth_scenario": "higher", "market_gravity_weight": 75 }, "geometry": { "type": "Point", "coordinates": [ -84.564055998346419, 33.753380769808409 ] } },
{ "type": "Feature", "properties": { "id": "13_62", "growth_scenario": "higher", "market_gravity_weight": 75 }, "geometry": { "type": "Point", "coordinates": [ -84.55855741496066, 34.031467914592618 ] } },
{ "type": "Feature", "properties": { "id": "13_63", "growth_scenario": "higher", "market_gravity_weight": 75 }, "geometry": { "type": "Point", "coordinates": [ -84.261418718867304, 34.200114402525536 ] } },
{ "type": "Feature", "properties": { "id": "13_64", "growth_scenario": "higher", "market_gravity_weight": 75 }, "geometry": { "type": "Point", "coordinates": [ -84.897632087910708, 32.508403067567329 ] } },
{ "type": "Feature", "properties": { "id": "13_65", "growth_scenario": "higher", "market_gravity_weight": 75 }, "geometry": { "type": "Point", "coordinates": [ -84.466616027985964, 33.560204902787468 ] } },
{ "type": "Feature", "properties": { "id": "13_66", "growth_scenario": "higher", "market_gravity_weight": 75 }, "geometry": { "type": "Point", "coordinates": [ -84.692880215706055, 33.808047552258195 ] } },
{ "type": "Feature", "properties": { "id": "13_67", "growth_scenario": "higher", "market_gravity_weight": 75 }, "geometry": { "type": "Point", "coordinates": [ -84.282604471933624, 33.676750101949011 ] } },
{ "type": "Feature", "properties": { "id": "13_68", "growth_scenario": "higher", "market_gravity_weight": 75 }, "geometry": { "type": "Point", "coordinates": [ -84.652909351793483, 34.045295278032199 ] } },
{ "type": "Feature", "properties": { "id": "13_69", "growth_scenario": "higher", "market_gravity_weight": 75 }, "geometry": { "type": "Point", "coordinates": [ -84.378250276265817, 33.999550705897448 ] } },
{ "type": "Feature", "properties": { "id": "13_7", "growth_scenario": "higher", "market_gravity_weight": 75 }, "geometry": { "type": "Point", "coordinates": [ -84.415979528165423, 34.018403450972983 ] } },
{ "type": "Feature", "properties": { "id": "13_70", "growth_scenario": "higher", "market_gravity_weight": 75 }, "geometry": { "type": "Point", "coordinates": [ -84.3153497859157, 34.03123693525324 ] } },
{ "type": "Feature", "properties": { "id": "13_71", "growth_scenario": "higher", "market_gravity_weight": 75 }, "geometry": { "type": "Point", "coordinates": [ -83.700958285519803, 33.612753339648535 ] } },
{ "type": "Feature", "properties": { "id": "13_72", "growth_scenario": "higher", "market_gravity_weight": 75 }, "geometry": { "type": "Point", "coordinates": [ -84.612026363884425, 33.688183841235656 ] } },
{ "type": "Feature", "properties": { "id": "13_73", "growth_scenario": "higher", "market_gravity_weight": 75 }, "geometry": { "type": "Point", "coordinates": [ -84.62107738179229, 33.687639001393677 ] } },
{ "type": "Feature", "properties": { "id": "13_74", "growth_scenario": "higher", "market_gravity_weight": 75 }, "geometry": { "type": "Point", "coordinates": [ -84.380289262075621, 34.109914345140396 ] } },
{ "type": "Feature", "properties": { "id": "13_75", "growth_scenario": "higher", "market_gravity_weight": 75 }, "geometry": { "type": "Point", "coordinates": [ -84.483690891321146, 33.970922478217666 ] } },
{ "type": "Feature", "properties": { "id": "13_8", "growth_scenario": "higher", "market_gravity_weight": 75 }, "geometry": { "type": "Point", "coordinates": [ -84.153363640509966, 33.927858188895556 ] } },
{ "type": "Feature", "properties": { "id": "13_9", "growth_scenario": "higher", "market_gravity_weight": 75 }, "geometry": { "type": "Point", "coordinates": [ -84.552944780804097, 33.761921188066736 ] } },
{ "type": "Feature", "properties": { "id": "16_0", "growth_scenario": "higher", "market_gravity_weight": 75 }, "geometry": { "type": "Point", "coordinates": [ -116.58023829406352, 43.603183380236878 ] } },
{ "type": "Feature", "properties": { "id": "17_0", "growth_scenario": "higher", "market_gravity_weight": 75 }, "geometry": { "type": "Point", "coordinates": [ -88.234695767549809, 41.987600398489931 ] } },
{ "type": "Feature", "properties": { "id": "17_1", "growth_scenario": "higher", "market_gravity_weight": 75 }, "geometry": { "type": "Point", "coordinates": [ -88.239869327210243, 41.980557129362225 ] } },
{ "type": "Feature", "properties": { "id": "17_10", "growth_scenario": "higher", "market_gravity_weight": 75 }, "geometry": { "type": "Point", "coordinates": [ -87.883886736027335, 42.305641768869478 ] } },
{ "type": "Feature", "properties": { "id": "17_11", "growth_scenario": "higher", "market_gravity_weight": 75 }, "geometry": { "type": "Point", "coordinates": [ -88.381304837435906, 42.154653043751509 ] } },
{ "type": "Feature", "properties": { "id": "17_12", "growth_scenario": "higher", "market_gravity_weight": 75 }, "geometry": { "type": "Point", "coordinates": [ -88.384826457439232, 42.15486064698031 ] } },
{ "type": "Feature", "properties": { "id": "17_13", "growth_scenario": "higher", "market_gravity_weight": 75 }, "geometry": { "type": "Point", "coordinates": [ -88.265671488007712, 41.856729614508978 ] } },
{ "type": "Feature", "properties": { "id": "17_14", "growth_scenario": "higher", "market_gravity_weight": 75 }, "geometry": { "type": "Point", "coordinates": [ -88.423637411956534, 42.116061856732458 ] } },
{ "type": "Feature", "properties": { "id": "17_15", "growth_scenario": "higher", "market_gravity_weight": 75 }, "geometry": { "type": "Point", "coordinates": [ -88.330327293124853, 41.981755550569297 ] } },
{ "type": "Feature", "properties": { "id": "17_16", "growth_scenario": "higher", "market_gravity_weight": 75 }, "geometry": { "type": "Point", "coordinates": [ -88.421959442974298, 41.690476118235182 ] } },
{ "type": "Feature", "properties": { "id": "17_17", "growth_scenario": "higher", "market_gravity_weight": 75 }, "geometry": { "type": "Point", "coordinates": [ -87.924309879727176, 41.715922140617835 ] } },
{ "type": "Feature", "properties": { "id": "17_18", "growth_scenario": "higher", "market_gravity_weight": 75 }, "geometry": { "type": "Point", "coordinates": [ -88.234471298277057, 42.069570664333021 ] } },
{ "type": "Feature", "properties": { "id": "17_19", "growth_scenario": "higher", "market_gravity_weight": 75 }, "geometry": { "type": "Point", "coordinates": [ -87.936030683959515, 41.625807260541372 ] } },
{ "type": "Feature", "properties": { "id": "17_2", "growth_scenario": "higher", "market_gravity_weight": 75 }, "geometry": { "type": "Point", "coordinates": [ -88.242478895958342, 41.983404971047037 ] } },
{ "type": "Feature", "properties": { "id": "17_20", "growth_scenario": "higher", "market_gravity_weight": 75 }, "geometry": { "type": "Point", "coordinates": [ -88.419026746283507, 42.195442628740246 ] } },
{ "type": "Feature", "properties": { "id": "17_21", "growth_scenario": "higher", "market_gravity_weight": 75 }, "geometry": { "type": "Point", "coordinates": [ -88.418463152102134, 42.198369746615938 ] } },
{ "type": "Feature", "properties": { "id": "17_22", "growth_scenario": "higher", "market_gravity_weight": 75 }, "geometry": { "type": "Point", "coordinates": [ -88.431930415189328, 41.807166457680012 ] } },
{ "type": "Feature", "properties": { "id": "17_23", "growth_scenario": "higher", "market_gravity_weight": 75 }, "geometry": { "type": "Point", "coordinates": [ -88.429696942159424, 41.805331480473669 ] } },
{ "type": "Feature", "properties": { "id": "17_24", "growth_scenario": "higher", "market_gravity_weight": 75 }, "geometry": { "type": "Point", "coordinates": [ -88.43524501851563, 41.803506081324663 ] } },
{ "type": "Feature", "properties": { "id": "17_25", "growth_scenario": "higher", "market_gravity_weight": 75 }, "geometry": { "type": "Point", "coordinates": [ -88.054450372834594, 42.378418882721867 ] } },
{ "type": "Feature", "properties": { "id": "17_26", "growth_scenario": "higher", "market_gravity_weight": 75 }, "geometry": { "type": "Point", "coordinates": [ -88.05407340630893, 42.380639544248417 ] } },
{ "type": "Feature", "properties": { "id": "17_27", "growth_scenario": "higher", "market_gravity_weight": 75 }, "geometry": { "type": "Point", "coordinates": [ -88.48004660807122, 41.68429844076779 ] } },
{ "type": "Feature", "properties": { "id": "17_28", "growth_scenario": "higher", "market_gravity_weight": 75 }, "geometry": { "type": "Point", "coordinates": [ -88.481327899075708, 41.687062800277282 ] } },
{ "type": "Feature", "properties": { "id": "17_29", "growth_scenario": "higher", "market_gravity_weight": 75 }, "geometry": { "type": "Point", "coordinates": [ -88.485308901815898, 41.687295810837384 ] } },
{ "type": "Feature", "properties": { "id": "17_3", "growth_scenario": "higher", "market_gravity_weight": 75 }, "geometry": { "type": "Point", "coordinates": [ -88.265747170838935, 41.820863838804691 ] } },
{ "type": "Feature", "properties": { "id": "17_30", "growth_scenario": "higher", "market_gravity_weight": 75 }, "geometry": { "type": "Point", "coordinates": [ -88.48363097076404, 41.683701487148589 ] } },
{ "type": "Feature", "properties": { "id": "17_31", "growth_scenario": "higher", "market_gravity_weight": 75 }, "geometry": { "type": "Point", "coordinates": [ -87.561679373537842, 41.687757057569883 ] } },
{ "type": "Feature", "properties": { "id": "17_32", "growth_scenario": "higher", "market_gravity_weight": 75 }, "geometry": { "type": "Point", "coordinates": [ -88.278578630996876, 42.332565525732186 ] } },
{ "type": "Feature", "properties": { "id": "17_33", "growth_scenario": "higher", "market_gravity_weight": 75 }, "geometry": { "type": "Point", "coordinates": [ -87.999350173910969, 41.582423891247338 ] } },
{ "type": "Feature", "properties": { "id": "17_34", "growth_scenario": "higher", "market_gravity_weight": 75 }, "geometry": { "type": "Point", "coordinates": [ -88.220449665534559, 41.822347052746885 ] } },
{ "type": "Feature", "properties": { "id": "17_35", "growth_scenario": "higher", "market_gravity_weight": 75 }, "geometry": { "type": "Point", "coordinates": [ -88.379472465520081, 42.156877196870852 ] } },
{ "type": "Feature", "properties": { "id": "17_36", "growth_scenario": "higher", "market_gravity_weight": 75 }, "geometry": { "type": "Point", "coordinates": [ -88.247284417016772, 42.255056770557943 ] } },
{ "type": "Feature", "properties": { "id": "17_37", "growth_scenario": "higher", "market_gravity_weight": 75 }, "geometry": { "type": "Point", "coordinates": [ -88.383382410652573, 42.158004738893958 ] } },
{ "type": "Feature", "properties": { "id": "17_38", "growth_scenario": "higher", "market_gravity_weight": 75 }, "geometry": { "type": "Point", "coordinates": [ -87.888232138702676, 42.310401996739628 ] } },
{ "type": "Feature", "properties": { "id": "17_39", "growth_scenario": "higher", "market_gravity_weight": 75 }, "geometry": { "type": "Point", "coordinates": [ -88.387254329249643, 42.15724621380609 ] } },
{ "type": "Feature", "properties": { "id": "17_4", "growth_scenario": "higher", "market_gravity_weight": 75 }, "geometry": { "type": "Point", "coordinates": [ -88.265216695093812, 41.817962376942795 ] } },
{ "type": "Feature", "properties": { "id": "17_40", "growth_scenario": "higher", "market_gravity_weight": 75 }, "geometry": { "type": "Point", "coordinates": [ -87.883981349396194, 42.31112284917031 ] } },
{ "type": "Feature", "properties": { "id": "17_41", "growth_scenario": "higher", "market_gravity_weight": 75 }, "geometry": { "type": "Point", "coordinates": [ -88.247939076248585, 42.257967099114815 ] } },
{ "type": "Feature", "properties": { "id": "17_42", "growth_scenario": "higher", "market_gravity_weight": 75 }, "geometry": { "type": "Point", "coordinates": [ -87.880077983755967, 42.310967792203286 ] } },
{ "type": "Feature", "properties": { "id": "17_43", "growth_scenario": "higher", "market_gravity_weight": 75 }, "geometry": { "type": "Point", "coordinates": [ -88.260634760556599, 41.821991137682282 ] } },
{ "type": "Feature", "properties": { "id": "17_44", "growth_scenario": "higher", "market_gravity_weight": 75 }, "geometry": { "type": "Point", "coordinates": [ -88.260274645674997, 41.818651518498051 ] } },
{ "type": "Feature", "properties": { "id": "17_45", "growth_scenario": "higher", "market_gravity_weight": 75 }, "geometry": { "type": "Point", "coordinates": [ -88.379717514954493, 42.152406633221808 ] } },
{ "type": "Feature", "properties": { "id": "17_46", "growth_scenario": "higher", "market_gravity_weight": 75 }, "geometry": { "type": "Point", "coordinates": [ -88.261289396483818, 41.861129446686832 ] } },
{ "type": "Feature", "properties": { "id": "17_47", "growth_scenario": "higher", "market_gravity_weight": 75 }, "geometry": { "type": "Point", "coordinates": [ -88.268972782859677, 41.855493137339622 ] } },
{ "type": "Feature", "properties": { "id": "17_48", "growth_scenario": "higher", "market_gravity_weight": 75 }, "geometry": { "type": "Point", "coordinates": [ -88.243500644991002, 41.979699385163791 ] } },
{ "type": "Feature", "properties": { "id": "17_49", "growth_scenario": "higher", "market_gravity_weight": 75 }, "geometry": { "type": "Point", "coordinates": [ -88.246965805825909, 41.981432611048817 ] } },
{ "type": "Feature", "properties": { "id": "17_5", "growth_scenario": "higher", "market_gravity_weight": 75 }, "geometry": { "type": "Point", "coordinates": [ -88.216806383225077, 41.823382151362864 ] } },
{ "type": "Feature", "properties": { "id": "17_50", "growth_scenario": "higher", "market_gravity_weight": 75 }, "geometry": { "type": "Point", "coordinates": [ -88.420407613916012, 42.200726315537864 ] } },
{ "type": "Feature", "properties": { "id": "17_51", "growth_scenario": "higher", "market_gravity_weight": 75 }, "geometry": { "type": "Point", "coordinates": [ -88.43456509043493, 41.808666351386996 ] } },
{ "type": "Feature", "properties": { "id": "17_52", "growth_scenario": "higher", "market_gravity_weight": 75 }, "geometry": { "type": "Point", "coordinates": [ -88.268240847238289, 41.823614294817737 ] } },
{ "type": "Feature", "properties": { "id": "17_53", "growth_scenario": "higher", "market_gravity_weight": 75 }, "geometry": { "type": "Point", "coordinates": [ -88.78931564783818, 41.949516863644632 ] } },
{ "type": "Feature", "properties": { "id": "17_54", "growth_scenario": "higher", "market_gravity_weight": 75 }, "geometry": { "type": "Point", "coordinates": [ -88.791210436255213, 41.952401946933207 ] } },
{ "type": "Feature", "properties": { "id": "17_55", "growth_scenario": "higher", "market_gravity_weight": 75 }, "geometry": { "type": "Point", "coordinates": [ -88.793320313877615, 41.948485772151301 ] } },
{ "type": "Feature", "properties": { "id": "17_56", "growth_scenario": "higher", "market_gravity_weight": 75 }, "geometry": { "type": "Point", "coordinates": [ -88.48051428330875, 41.688987349041163 ] } },
{ "type": "Feature", "properties": { "id": "17_57", "growth_scenario": "higher", "market_gravity_weight": 75 }, "geometry": { "type": "Point", "coordinates": [ -88.479473773994954, 41.68058947705866 ] } },
{ "type": "Feature", "properties": { "id": "17_58", "growth_scenario": "higher", "market_gravity_weight": 75 }, "geometry": { "type": "Point", "coordinates": [ -88.486979964381774, 41.684166394332514 ] } },
{ "type": "Feature", "properties": { "id": "17_59", "growth_scenario": "higher", "market_gravity_weight": 75 }, "geometry": { "type": "Point", "coordinates": [ -87.85530858919752, 41.800367670672252 ] } },
{ "type": "Feature", "properties": { "id": "17_6", "growth_scenario": "higher", "market_gravity_weight": 75 }, "geometry": { "type": "Point", "coordinates": [ -87.85180403654671, 41.775118347567464 ] } },
{ "type": "Feature", "properties": { "id": "17_60", "growth_scenario": "higher", "market_gravity_weight": 75 }, "geometry": { "type": "Point", "coordinates": [ -88.29223106852713, 41.409782879281586 ] } },
{ "type": "Feature", "properties": { "id": "17_61", "growth_scenario": "higher", "market_gravity_weight": 75 }, "geometry": { "type": "Point", "coordinates": [ -88.295822570127228, 41.409013231131837 ] } },
{ "type": "Feature", "properties": { "id": "17_62", "growth_scenario": "higher", "market_gravity_weight": 75 }, "geometry": { "type": "Point", "coordinates": [ -88.249592112901183, 41.477305317983408 ] } },
{ "type": "Feature", "properties": { "id": "17_63", "growth_scenario": "higher", "market_gravity_weight": 75 }, "geometry": { "type": "Point", "coordinates": [ -88.250608462189092, 41.474677545362397 ] } },
{ "type": "Feature", "properties": { "id": "17_64", "growth_scenario": "higher", "market_gravity_weight": 75 }, "geometry": { "type": "Point", "coordinates": [ -88.076608550262506, 42.40562412598463 ] } },
{ "type": "Feature", "properties": { "id": "17_65", "growth_scenario": "higher", "market_gravity_weight": 75 }, "geometry": { "type": "Point", "coordinates": [ -88.282970163085409, 41.393897229433357 ] } },
{ "type": "Feature", "properties": { "id": "17_66", "growth_scenario": "higher", "market_gravity_weight": 75 }, "geometry": { "type": "Point", "coordinates": [ -88.292404370910489, 41.705987177402328 ] } },
{ "type": "Feature", "properties": { "id": "17_67", "growth_scenario": "higher", "market_gravity_weight": 75 }, "geometry": { "type": "Point", "coordinates": [ -88.215672778192101, 41.825914225543713 ] } },
{ "type": "Feature", "properties": { "id": "17_68", "growth_scenario": "higher", "market_gravity_weight": 75 }, "geometry": { "type": "Point", "coordinates": [ -88.21974010079866, 41.825442862681442 ] } },
{ "type": "Feature", "properties": { "id": "17_69", "growth_scenario": "higher", "market_gravity_weight": 75 }, "geometry": { "type": "Point", "coordinates": [ -87.84978564261921, 41.776784419096792 ] } },
{ "type": "Feature", "properties": { "id": "17_7", "growth_scenario": "higher", "market_gravity_weight": 75 }, "geometry": { "type": "Point", "coordinates": [ -87.974369288247644, 42.310476076534535 ] } },
{ "type": "Feature", "properties": { "id": "17_70", "growth_scenario": "higher", "market_gravity_weight": 75 }, "geometry": { "type": "Point", "coordinates": [ -87.841271669456347, 41.771579690204874 ] } },
{ "type": "Feature", "properties": { "id": "17_71", "growth_scenario": "higher", "market_gravity_weight": 75 }, "geometry": { "type": "Point", "coordinates": [ -87.969676264142166, 42.315031517996253 ] } },
{ "type": "Feature", "properties": { "id": "17_72", "growth_scenario": "higher", "market_gravity_weight": 75 }, "geometry": { "type": "Point", "coordinates": [ -88.441060310806861, 42.297652088813166 ] } },
{ "type": "Feature", "properties": { "id": "17_73", "growth_scenario": "higher", "market_gravity_weight": 75 }, "geometry": { "type": "Point", "coordinates": [ -87.882169573595249, 42.303559439580972 ] } },
{ "type": "Feature", "properties": { "id": "17_74", "growth_scenario": "higher", "market_gravity_weight": 75 }, "geometry": { "type": "Point", "coordinates": [ -88.355261496308302, 42.151410414884417 ] } },
{ "type": "Feature", "properties": { "id": "17_75", "growth_scenario": "higher", "market_gravity_weight": 75 }, "geometry": { "type": "Point", "coordinates": [ -88.254669907140212, 42.250295342637507 ] } },
{ "type": "Feature", "properties": { "id": "17_76", "growth_scenario": "higher", "market_gravity_weight": 75 }, "geometry": { "type": "Point", "coordinates": [ -88.359997148346949, 42.151690534663217 ] } },
{ "type": "Feature", "properties": { "id": "17_77", "growth_scenario": "higher", "market_gravity_weight": 75 }, "geometry": { "type": "Point", "coordinates": [ -88.363886931459405, 42.152996904371157 ] } },
{ "type": "Feature", "properties": { "id": "17_78", "growth_scenario": "higher", "market_gravity_weight": 75 }, "geometry": { "type": "Point", "coordinates": [ -88.236650097032495, 41.709354080570101 ] } },
{ "type": "Feature", "properties": { "id": "17_79", "growth_scenario": "higher", "market_gravity_weight": 75 }, "geometry": { "type": "Point", "coordinates": [ -88.23831729898599, 41.708558186736084 ] } },
{ "type": "Feature", "properties": { "id": "17_8", "growth_scenario": "higher", "market_gravity_weight": 75 }, "geometry": { "type": "Point", "coordinates": [ -87.83846646915832, 41.77373385592054 ] } },
{ "type": "Feature", "properties": { "id": "17_80", "growth_scenario": "higher", "market_gravity_weight": 75 }, "geometry": { "type": "Point", "coordinates": [ -88.063592267092076, 42.063749387151795 ] } },
{ "type": "Feature", "properties": { "id": "17_81", "growth_scenario": "higher", "market_gravity_weight": 75 }, "geometry": { "type": "Point", "coordinates": [ -88.123774947872079, 42.328446837741346 ] } },
{ "type": "Feature", "properties": { "id": "17_82", "growth_scenario": "higher", "market_gravity_weight": 75 }, "geometry": { "type": "Point", "coordinates": [ -88.261311507177098, 41.85763332576925 ] } },
{ "type": "Feature", "properties": { "id": "17_83", "growth_scenario": "higher", "market_gravity_weight": 75 }, "geometry": { "type": "Point", "coordinates": [ -88.124558152001015, 42.334507058365119 ] } },
{ "type": "Feature", "properties": { "id": "17_84", "growth_scenario": "higher", "market_gravity_weight": 75 }, "geometry": { "type": "Point", "coordinates": [ -88.417442683781061, 42.116864302296413 ] } },
{ "type": "Feature", "properties": { "id": "17_85", "growth_scenario": "higher", "market_gravity_weight": 75 }, "geometry": { "type": "Point", "coordinates": [ -88.420928194865098, 42.114019340769424 ] } },
{ "type": "Feature", "properties": { "id": "17_86", "growth_scenario": "higher", "market_gravity_weight": 75 }, "geometry": { "type": "Point", "coordinates": [ -88.424603005796286, 42.112799877089081 ] } },
{ "type": "Feature", "properties": { "id": "17_87", "growth_scenario": "higher", "market_gravity_weight": 75 }, "geometry": { "type": "Point", "coordinates": [ -88.726499821493064, 41.90232760287887 ] } },
{ "type": "Feature", "properties": { "id": "17_88", "growth_scenario": "higher", "market_gravity_weight": 75 }, "geometry": { "type": "Point", "coordinates": [ -88.327917257725289, 41.979280316613767 ] } },
{ "type": "Feature", "properties": { "id": "17_89", "growth_scenario": "higher", "market_gravity_weight": 75 }, "geometry": { "type": "Point", "coordinates": [ -88.070376587623485, 41.630953332099772 ] } },
{ "type": "Feature", "properties": { "id": "17_9", "growth_scenario": "higher", "market_gravity_weight": 75 }, "geometry": { "type": "Point", "coordinates": [ -87.973338653341315, 42.314091911377297 ] } },
{ "type": "Feature", "properties": { "id": "17_90", "growth_scenario": "higher", "market_gravity_weight": 75 }, "geometry": { "type": "Point", "coordinates": [ -88.419846059511059, 41.692054737927783 ] } },
{ "type": "Feature", "properties": { "id": "17_91", "growth_scenario": "higher", "market_gravity_weight": 75 }, "geometry": { "type": "Point", "coordinates": [ -88.335516293561341, 41.982243539647996 ] } },
{ "type": "Feature", "properties": { "id": "18_0", "growth_scenario": "higher", "market_gravity_weight": 75 }, "geometry": { "type": "Point", "coordinates": [ -87.453025108797632, 41.608430103579316 ] } },
{ "type": "Feature", "properties": { "id": "18_1", "growth_scenario": "higher", "market_gravity_weight": 75 }, "geometry": { "type": "Point", "coordinates": [ -87.51377134386793, 41.6660262455176 ] } },
{ "type": "Feature", "properties": { "id": "19_0", "growth_scenario": "higher", "market_gravity_weight": 75 }, "geometry": { "type": "Point", "coordinates": [ -93.522106241521669, 41.557408863066122 ] } },
{ "type": "Feature", "properties": { "id": "19_1", "growth_scenario": "higher", "market_gravity_weight": 75 }, "geometry": { "type": "Point", "coordinates": [ -93.525418725612255, 41.552556698327791 ] } },
{ "type": "Feature", "properties": { "id": "19_10", "growth_scenario": "higher", "market_gravity_weight": 75 }, "geometry": { "type": "Point", "coordinates": [ -93.527534183817153, 41.550809801309903 ] } },
{ "type": "Feature", "properties": { "id": "19_11", "growth_scenario": "higher", "market_gravity_weight": 75 }, "geometry": { "type": "Point", "coordinates": [ -93.793204289836808, 41.554844865332029 ] } },
{ "type": "Feature", "properties": { "id": "19_12", "growth_scenario": "higher", "market_gravity_weight": 75 }, "geometry": { "type": "Point", "coordinates": [ -93.623890143601869, 41.502487843005497 ] } },
{ "type": "Feature", "properties": { "id": "19_13", "growth_scenario": "higher", "market_gravity_weight": 75 }, "geometry": { "type": "Point", "coordinates": [ -93.521036388608138, 41.539780000916892 ] } },
{ "type": "Feature", "properties": { "id": "19_14", "growth_scenario": "higher", "market_gravity_weight": 75 }, "geometry": { "type": "Point", "coordinates": [ -93.771777375245392, 41.693375973874808 ] } },
{ "type": "Feature", "properties": { "id": "19_15", "growth_scenario": "higher", "market_gravity_weight": 75 }, "geometry": { "type": "Point", "coordinates": [ -93.563427106705475, 41.75271349212359 ] } },
{ "type": "Feature", "properties": { "id": "19_16", "growth_scenario": "higher", "market_gravity_weight": 75 }, "geometry": { "type": "Point", "coordinates": [ -93.563703433032799, 41.755221920956714 ] } },
{ "type": "Feature", "properties": { "id": "19_17", "growth_scenario": "higher", "market_gravity_weight": 75 }, "geometry": { "type": "Point", "coordinates": [ -93.611522932049851, 41.888080353226762 ] } },
{ "type": "Feature", "properties": { "id": "19_18", "growth_scenario": "higher", "market_gravity_weight": 75 }, "geometry": { "type": "Point", "coordinates": [ -93.810718820922816, 41.659719790585577 ] } },
{ "type": "Feature", "properties": { "id": "19_19", "growth_scenario": "higher", "market_gravity_weight": 75 }, "geometry": { "type": "Point", "coordinates": [ -93.811248280950068, 41.662142209220733 ] } },
{ "type": "Feature", "properties": { "id": "19_2", "growth_scenario": "higher", "market_gravity_weight": 75 }, "geometry": { "type": "Point", "coordinates": [ -93.521247347341216, 41.554353286422725 ] } },
{ "type": "Feature", "properties": { "id": "19_20", "growth_scenario": "higher", "market_gravity_weight": 75 }, "geometry": { "type": "Point", "coordinates": [ -93.499004422304012, 41.608983462056713 ] } },
{ "type": "Feature", "properties": { "id": "19_21", "growth_scenario": "higher", "market_gravity_weight": 75 }, "geometry": { "type": "Point", "coordinates": [ -93.500289644679185, 41.671403209709773 ] } },
{ "type": "Feature", "properties": { "id": "19_22", "growth_scenario": "higher", "market_gravity_weight": 75 }, "geometry": { "type": "Point", "coordinates": [ -93.681184466586785, 41.46019025976517 ] } },
{ "type": "Feature", "properties": { "id": "19_23", "growth_scenario": "higher", "market_gravity_weight": 75 }, "geometry": { "type": "Point", "coordinates": [ -93.830173763340667, 41.543140995123252 ] } },
{ "type": "Feature", "properties": { "id": "19_24", "growth_scenario": "higher", "market_gravity_weight": 75 }, "geometry": { "type": "Point", "coordinates": [ -93.496301626857843, 41.671236256627026 ] } },
{ "type": "Feature", "properties": { "id": "19_25", "growth_scenario": "higher", "market_gravity_weight": 75 }, "geometry": { "type": "Point", "coordinates": [ -93.527936660764695, 41.611509703456704 ] } },
{ "type": "Feature", "properties": { "id": "19_26", "growth_scenario": "higher", "market_gravity_weight": 75 }, "geometry": { "type": "Point", "coordinates": [ -93.496269423039763, 41.678923524321668 ] } },
{ "type": "Feature", "properties": { "id": "19_27", "growth_scenario": "higher", "market_gravity_weight": 75 }, "geometry": { "type": "Point", "coordinates": [ -93.608659307751026, 41.783599913976801 ] } },
{ "type": "Feature", "properties": { "id": "19_28", "growth_scenario": "higher", "market_gravity_weight": 75 }, "geometry": { "type": "Point", "coordinates": [ -93.630460220548258, 41.5045755569558 ] } },
{ "type": "Feature", "properties": { "id": "19_29", "growth_scenario": "higher", "market_gravity_weight": 75 }, "geometry": { "type": "Point", "coordinates": [ -93.63245057048789, 41.499249787322832 ] } },
{ "type": "Feature", "properties": { "id": "19_3", "growth_scenario": "higher", "market_gravity_weight": 75 }, "geometry": { "type": "Point", "coordinates": [ -93.56164802517273, 41.549585000503868 ] } },
{ "type": "Feature", "properties": { "id": "19_30", "growth_scenario": "higher", "market_gravity_weight": 75 }, "geometry": { "type": "Point", "coordinates": [ -93.573120974083494, 41.640706672136965 ] } },
{ "type": "Feature", "properties": { "id": "19_31", "growth_scenario": "higher", "market_gravity_weight": 75 }, "geometry": { "type": "Point", "coordinates": [ -93.558856876138989, 41.75173293687093 ] } },
{ "type": "Feature", "properties": { "id": "19_32", "growth_scenario": "higher", "market_gravity_weight": 75 }, "geometry": { "type": "Point", "coordinates": [ -93.558362926551894, 41.755478377085709 ] } },
{ "type": "Feature", "properties": { "id": "19_33", "growth_scenario": "higher", "market_gravity_weight": 75 }, "geometry": { "type": "Point", "coordinates": [ -93.812749096878974, 41.641162364671196 ] } },
{ "type": "Feature", "properties": { "id": "19_34", "growth_scenario": "higher", "market_gravity_weight": 75 }, "geometry": { "type": "Point", "coordinates": [ -93.613378784174571, 41.890618243601736 ] } },
{ "type": "Feature", "properties": { "id": "19_35", "growth_scenario": "higher", "market_gravity_weight": 75 }, "geometry": { "type": "Point", "coordinates": [ -93.546736097622215, 41.571825351668039 ] } },
{ "type": "Feature", "properties": { "id": "19_36", "growth_scenario": "higher", "market_gravity_weight": 75 }, "geometry": { "type": "Point", "coordinates": [ -93.82361534418871, 41.54428126005287 ] } },
{ "type": "Feature", "properties": { "id": "19_37", "growth_scenario": "higher", "market_gravity_weight": 75 }, "geometry": { "type": "Point", "coordinates": [ -93.682072688716204, 41.462529938228862 ] } },
{ "type": "Feature", "properties": { "id": "19_38", "growth_scenario": "higher", "market_gravity_weight": 75 }, "geometry": { "type": "Point", "coordinates": [ -93.831825975849725, 41.540487677984075 ] } },
{ "type": "Feature", "properties": { "id": "19_39", "growth_scenario": "higher", "market_gravity_weight": 75 }, "geometry": { "type": "Point", "coordinates": [ -93.500608026654831, 41.679454860612765 ] } },
{ "type": "Feature", "properties": { "id": "19_4", "growth_scenario": "higher", "market_gravity_weight": 75 }, "geometry": { "type": "Point", "coordinates": [ -93.498885974610786, 41.676828956989858 ] } },
{ "type": "Feature", "properties": { "id": "19_40", "growth_scenario": "higher", "market_gravity_weight": 75 }, "geometry": { "type": "Point", "coordinates": [ -93.697714083614031, 41.515541273636586 ] } },
{ "type": "Feature", "properties": { "id": "19_41", "growth_scenario": "higher", "market_gravity_weight": 75 }, "geometry": { "type": "Point", "coordinates": [ -93.532246137716356, 41.537046351323333 ] } },
{ "type": "Feature", "properties": { "id": "19_42", "growth_scenario": "higher", "market_gravity_weight": 75 }, "geometry": { "type": "Point", "coordinates": [ -93.850360784302168, 41.617752928920673 ] } },
{ "type": "Feature", "properties": { "id": "19_43", "growth_scenario": "higher", "market_gravity_weight": 75 }, "geometry": { "type": "Point", "coordinates": [ -93.62797466166738, 41.506674656832487 ] } },
{ "type": "Feature", "properties": { "id": "19_44", "growth_scenario": "higher", "market_gravity_weight": 75 }, "geometry": { "type": "Point", "coordinates": [ -93.721811731832631, 41.524640509273354 ] } },
{ "type": "Feature", "properties": { "id": "19_45", "growth_scenario": "higher", "market_gravity_weight": 75 }, "geometry": { "type": "Point", "coordinates": [ -93.606775034381968, 41.785531767252607 ] } },
{ "type": "Feature", "properties": { "id": "19_46", "growth_scenario": "higher", "market_gravity_weight": 75 }, "geometry": { "type": "Point", "coordinates": [ -93.633736159442748, 41.504099740757219 ] } },
{ "type": "Feature", "properties": { "id": "19_47", "growth_scenario": "higher", "market_gravity_weight": 75 }, "geometry": { "type": "Point", "coordinates": [ -93.529402325272542, 41.535472198685959 ] } },
{ "type": "Feature", "properties": { "id": "19_48", "growth_scenario": "higher", "market_gravity_weight": 75 }, "geometry": { "type": "Point", "coordinates": [ -93.620665580113311, 41.501444979957348 ] } },
{ "type": "Feature", "properties": { "id": "19_49", "growth_scenario": "higher", "market_gravity_weight": 75 }, "geometry": { "type": "Point", "coordinates": [ -93.52653978532166, 41.534433904667566 ] } },
{ "type": "Feature", "properties": { "id": "19_5", "growth_scenario": "higher", "market_gravity_weight": 75 }, "geometry": { "type": "Point", "coordinates": [ -93.494916786518075, 41.676125966370236 ] } },
{ "type": "Feature", "properties": { "id": "19_50", "growth_scenario": "higher", "market_gravity_weight": 75 }, "geometry": { "type": "Point", "coordinates": [ -93.564470306464841, 41.750587631739265 ] } },
{ "type": "Feature", "properties": { "id": "19_51", "growth_scenario": "higher", "market_gravity_weight": 75 }, "geometry": { "type": "Point", "coordinates": [ -93.63121361672836, 41.496545724821559 ] } },
{ "type": "Feature", "properties": { "id": "19_52", "growth_scenario": "higher", "market_gravity_weight": 75 }, "geometry": { "type": "Point", "coordinates": [ -93.815806421307755, 41.636208867118171 ] } },
{ "type": "Feature", "properties": { "id": "19_53", "growth_scenario": "higher", "market_gravity_weight": 75 }, "geometry": { "type": "Point", "coordinates": [ -93.810780094806574, 41.638357969595333 ] } },
{ "type": "Feature", "properties": { "id": "19_54", "growth_scenario": "higher", "market_gravity_weight": 75 }, "geometry": { "type": "Point", "coordinates": [ -93.565336668617775, 41.75704081282138 ] } },
{ "type": "Feature", "properties": { "id": "19_55", "growth_scenario": "higher", "market_gravity_weight": 75 }, "geometry": { "type": "Point", "coordinates": [ -93.56261043666764, 41.758777252274768 ] } },
{ "type": "Feature", "properties": { "id": "19_56", "growth_scenario": "higher", "market_gravity_weight": 75 }, "geometry": { "type": "Point", "coordinates": [ -93.612700201712428, 41.885598607706662 ] } },
{ "type": "Feature", "properties": { "id": "19_57", "growth_scenario": "higher", "market_gravity_weight": 75 }, "geometry": { "type": "Point", "coordinates": [ -93.809607044083947, 41.656572378596465 ] } },
{ "type": "Feature", "properties": { "id": "19_58", "growth_scenario": "higher", "market_gravity_weight": 75 }, "geometry": { "type": "Point", "coordinates": [ -93.808784866845997, 41.663530438517689 ] } },
{ "type": "Feature", "properties": { "id": "19_59", "growth_scenario": "higher", "market_gravity_weight": 75 }, "geometry": { "type": "Point", "coordinates": [ -93.812424628177354, 41.655458327388622 ] } },
{ "type": "Feature", "properties": { "id": "19_6", "growth_scenario": "higher", "market_gravity_weight": 75 }, "geometry": { "type": "Point", "coordinates": [ -93.71396331479211, 41.524590380930661 ] } },
{ "type": "Feature", "properties": { "id": "19_60", "growth_scenario": "higher", "market_gravity_weight": 75 }, "geometry": { "type": "Point", "coordinates": [ -93.703178809867808, 41.510902321906308 ] } },
{ "type": "Feature", "properties": { "id": "19_61", "growth_scenario": "higher", "market_gravity_weight": 75 }, "geometry": { "type": "Point", "coordinates": [ -93.707057928492702, 41.510435426480392 ] } },
{ "type": "Feature", "properties": { "id": "19_62", "growth_scenario": "higher", "market_gravity_weight": 75 }, "geometry": { "type": "Point", "coordinates": [ -93.825963788379411, 41.546466024721774 ] } },
{ "type": "Feature", "properties": { "id": "19_63", "growth_scenario": "higher", "market_gravity_weight": 75 }, "geometry": { "type": "Point", "coordinates": [ -93.722124816141232, 41.66783515658512 ] } },
{ "type": "Feature", "properties": { "id": "19_64", "growth_scenario": "higher", "market_gravity_weight": 75 }, "geometry": { "type": "Point", "coordinates": [ -93.685772549661081, 41.456430207370282 ] } },
{ "type": "Feature", "properties": { "id": "19_65", "growth_scenario": "higher", "market_gravity_weight": 75 }, "geometry": { "type": "Point", "coordinates": [ -93.49325233059767, 41.604133852534723 ] } },
{ "type": "Feature", "properties": { "id": "19_66", "growth_scenario": "higher", "market_gravity_weight": 75 }, "geometry": { "type": "Point", "coordinates": [ -93.553584329730768, 41.649364833732974 ] } },
{ "type": "Feature", "properties": { "id": "19_67", "growth_scenario": "higher", "market_gravity_weight": 75 }, "geometry": { "type": "Point", "coordinates": [ -93.492905454752588, 41.607076881137402 ] } },
{ "type": "Feature", "properties": { "id": "19_68", "growth_scenario": "higher", "market_gravity_weight": 75 }, "geometry": { "type": "Point", "coordinates": [ -93.623172148325892, 41.505870813469052 ] } },
{ "type": "Feature", "properties": { "id": "19_69", "growth_scenario": "higher", "market_gravity_weight": 75 }, "geometry": { "type": "Point", "coordinates": [ -93.607297115075539, 41.780892569268161 ] } },
{ "type": "Feature", "properties": { "id": "19_7", "growth_scenario": "higher", "market_gravity_weight": 75 }, "geometry": { "type": "Point", "coordinates": [ -93.527500534023773, 41.538027630002553 ] } },
{ "type": "Feature", "properties": { "id": "19_70", "growth_scenario": "higher", "market_gravity_weight": 75 }, "geometry": { "type": "Point", "coordinates": [ -93.491704936534347, 41.677940664170187 ] } },
{ "type": "Feature", "properties": { "id": "19_71", "growth_scenario": "higher", "market_gravity_weight": 75 }, "geometry": { "type": "Point", "coordinates": [ -93.619850958723006, 41.504111135937791 ] } },
{ "type": "Feature", "properties": { "id": "19_72", "growth_scenario": "higher", "market_gravity_weight": 75 }, "geometry": { "type": "Point", "coordinates": [ -93.493897830085402, 41.680933423371556 ] } },
{ "type": "Feature", "properties": { "id": "19_73", "growth_scenario": "higher", "market_gravity_weight": 75 }, "geometry": { "type": "Point", "coordinates": [ -93.607410391711468, 41.788225634052949 ] } },
{ "type": "Feature", "properties": { "id": "19_74", "growth_scenario": "higher", "market_gravity_weight": 75 }, "geometry": { "type": "Point", "coordinates": [ -93.568161945074763, 41.752445394807054 ] } },
{ "type": "Feature", "properties": { "id": "19_75", "growth_scenario": "higher", "market_gravity_weight": 75 }, "geometry": { "type": "Point", "coordinates": [ -93.752986895220999, 41.656400119088119 ] } },
{ "type": "Feature", "properties": { "id": "19_8", "growth_scenario": "higher", "market_gravity_weight": 75 }, "geometry": { "type": "Point", "coordinates": [ -93.628592854012098, 41.502664191017061 ] } },
{ "type": "Feature", "properties": { "id": "19_9", "growth_scenario": "higher", "market_gravity_weight": 75 }, "geometry": { "type": "Point", "coordinates": [ -93.519726877495799, 41.559776272921681 ] } },
{ "type": "Feature", "properties": { "id": "21_0", "growth_scenario": "higher", "market_gravity_weight": 75 }, "geometry": { "type": "Point", "coordinates": [ -87.148400276247799, 36.820478212800857 ] } },
{ "type": "Feature", "properties": { "id": "21_1", "growth_scenario": "higher", "market_gravity_weight": 75 }, "geometry": { "type": "Point", "coordinates": [ -87.433010114854724, 36.644386607184089 ] } },
{ "type": "Feature", "properties": { "id": "21_10", "growth_scenario": "higher", "market_gravity_weight": 75 }, "geometry": { "type": "Point", "coordinates": [ -87.521835960365337, 37.334916259216229 ] } },
{ "type": "Feature", "properties": { "id": "21_11", "growth_scenario": "higher", "market_gravity_weight": 75 }, "geometry": { "type": "Point", "coordinates": [ -87.433416126948757, 36.655708512079585 ] } },
{ "type": "Feature", "properties": { "id": "21_12", "growth_scenario": "higher", "market_gravity_weight": 75 }, "geometry": { "type": "Point", "coordinates": [ -87.427147167780262, 36.651047939020295 ] } },
{ "type": "Feature", "properties": { "id": "21_13", "growth_scenario": "higher", "market_gravity_weight": 75 }, "geometry": { "type": "Point", "coordinates": [ -87.428927685359113, 36.654312180258181 ] } },
{ "type": "Feature", "properties": { "id": "21_14", "growth_scenario": "higher", "market_gravity_weight": 75 }, "geometry": { "type": "Point", "coordinates": [ -87.425857792415798, 36.648446173979231 ] } },
{ "type": "Feature", "properties": { "id": "21_15", "growth_scenario": "higher", "market_gravity_weight": 75 }, "geometry": { "type": "Point", "coordinates": [ -87.142281503867991, 36.821282230266156 ] } },
{ "type": "Feature", "properties": { "id": "21_16", "growth_scenario": "higher", "market_gravity_weight": 75 }, "geometry": { "type": "Point", "coordinates": [ -87.154673545899911, 36.826049861104622 ] } },
{ "type": "Feature", "properties": { "id": "21_17", "growth_scenario": "higher", "market_gravity_weight": 75 }, "geometry": { "type": "Point", "coordinates": [ -87.155196454146932, 36.815869149435905 ] } },
{ "type": "Feature", "properties": { "id": "21_18", "growth_scenario": "higher", "market_gravity_weight": 75 }, "geometry": { "type": "Point", "coordinates": [ -87.147926159820827, 36.814885415219742 ] } },
{ "type": "Feature", "properties": { "id": "21_19", "growth_scenario": "higher", "market_gravity_weight": 75 }, "geometry": { "type": "Point", "coordinates": [ -87.144110516022579, 36.816397048219144 ] } },
{ "type": "Feature", "properties": { "id": "21_2", "growth_scenario": "higher", "market_gravity_weight": 75 }, "geometry": { "type": "Point", "coordinates": [ -87.436031634767261, 36.653654739352369 ] } },
{ "type": "Feature", "properties": { "id": "21_3", "growth_scenario": "higher", "market_gravity_weight": 75 }, "geometry": { "type": "Point", "coordinates": [ -87.153284027189372, 36.821465443047728 ] } },
{ "type": "Feature", "properties": { "id": "21_4", "growth_scenario": "higher", "market_gravity_weight": 75 }, "geometry": { "type": "Point", "coordinates": [ -87.15499958786296, 36.8232949616173 ] } },
{ "type": "Feature", "properties": { "id": "21_5", "growth_scenario": "higher", "market_gravity_weight": 75 }, "geometry": { "type": "Point", "coordinates": [ -87.430006701347494, 36.646860707467866 ] } },
{ "type": "Feature", "properties": { "id": "21_6", "growth_scenario": "higher", "market_gravity_weight": 75 }, "geometry": { "type": "Point", "coordinates": [ -87.431287260371008, 36.651523195453791 ] } },
{ "type": "Feature", "properties": { "id": "21_7", "growth_scenario": "higher", "market_gravity_weight": 75 }, "geometry": { "type": "Point", "coordinates": [ -87.149588826203228, 36.817159354151308 ] } },
{ "type": "Feature", "properties": { "id": "21_8", "growth_scenario": "higher", "market_gravity_weight": 75 }, "geometry": { "type": "Point", "coordinates": [ -87.146399581522829, 36.8181793521155 ] } },
{ "type": "Feature", "properties": { "id": "21_9", "growth_scenario": "higher", "market_gravity_weight": 75 }, "geometry": { "type": "Point", "coordinates": [ -87.145091913599799, 36.82346155544365 ] } },
{ "type": "Feature", "properties": { "id": "24_0", "growth_scenario": "higher", "market_gravity_weight": 75 }, "geometry": { "type": "Point", "coordinates": [ -77.009571846318408, 38.813328031688748 ] } },
{ "type": "Feature", "properties": { "id": "25_0", "growth_scenario": "higher", "market_gravity_weight": 75 }, "geometry": { "type": "Point", "coordinates": [ -71.039770607158175, 42.504304034588088 ] } },
{ "type": "Feature", "properties": { "id": "25_1", "growth_scenario": "higher", "market_gravity_weight": 75 }, "geometry": { "type": "Point", "coordinates": [ -71.037206116017288, 42.504726577565563 ] } },
{ "type": "Feature", "properties": { "id": "25_10", "growth_scenario": "higher", "market_gravity_weight": 75 }, "geometry": { "type": "Point", "coordinates": [ -71.319275986104557, 42.694389794989817 ] } },
{ "type": "Feature", "properties": { "id": "25_11", "growth_scenario": "higher", "market_gravity_weight": 75 }, "geometry": { "type": "Point", "coordinates": [ -71.307833989670442, 42.696154688197787 ] } },
{ "type": "Feature", "properties": { "id": "25_12", "growth_scenario": "higher", "market_gravity_weight": 75 }, "geometry": { "type": "Point", "coordinates": [ -71.299034493638459, 42.691023936696098 ] } },
{ "type": "Feature", "properties": { "id": "25_2", "growth_scenario": "higher", "market_gravity_weight": 75 }, "geometry": { "type": "Point", "coordinates": [ -71.307801095889971, 42.687538043185 ] } },
{ "type": "Feature", "properties": { "id": "25_3", "growth_scenario": "higher", "market_gravity_weight": 75 }, "geometry": { "type": "Point", "coordinates": [ -71.03719113334634, 42.501666853177177 ] } },
{ "type": "Feature", "properties": { "id": "25_4", "growth_scenario": "higher", "market_gravity_weight": 75 }, "geometry": { "type": "Point", "coordinates": [ -71.415799728426649, 42.684625407919143 ] } },
{ "type": "Feature", "properties": { "id": "25_5", "growth_scenario": "higher", "market_gravity_weight": 75 }, "geometry": { "type": "Point", "coordinates": [ -71.314980271604583, 42.693280140885868 ] } },
{ "type": "Feature", "properties": { "id": "25_6", "growth_scenario": "higher", "market_gravity_weight": 75 }, "geometry": { "type": "Point", "coordinates": [ -71.424078782417212, 42.684555972876971 ] } },
{ "type": "Feature", "properties": { "id": "25_7", "growth_scenario": "higher", "market_gravity_weight": 75 }, "geometry": { "type": "Point", "coordinates": [ -71.310632188199875, 42.694752501124633 ] } },
{ "type": "Feature", "properties": { "id": "25_8", "growth_scenario": "higher", "market_gravity_weight": 75 }, "geometry": { "type": "Point", "coordinates": [ -71.317987137846274, 42.681549277795497 ] } },
{ "type": "Feature", "properties": { "id": "25_9", "growth_scenario": "higher", "market_gravity_weight": 75 }, "geometry": { "type": "Point", "coordinates": [ -71.031739377287437, 42.502355704169865 ] } },
{ "type": "Feature", "properties": { "id": "26_0", "growth_scenario": "higher", "market_gravity_weight": 75 }, "geometry": { "type": "Point", "coordinates": [ -85.576167487991086, 42.890335843192318 ] } },
{ "type": "Feature", "properties": { "id": "26_1", "growth_scenario": "higher", "market_gravity_weight": 75 }, "geometry": { "type": "Point", "coordinates": [ -85.57420587184842, 42.877122641041488 ] } },
{ "type": "Feature", "properties": { "id": "26_2", "growth_scenario": "higher", "market_gravity_weight": 75 }, "geometry": { "type": "Point", "coordinates": [ -85.575697922226539, 42.874630926211324 ] } },
{ "type": "Feature", "properties": { "id": "26_3", "growth_scenario": "higher", "market_gravity_weight": 75 }, "geometry": { "type": "Point", "coordinates": [ -85.573202125460369, 42.878843088162775 ] } },
{ "type": "Feature", "properties": { "id": "26_4", "growth_scenario": "higher", "market_gravity_weight": 75 }, "geometry": { "type": "Point", "coordinates": [ -85.794462745784557, 42.850643017344581 ] } },
{ "type": "Feature", "properties": { "id": "26_5", "growth_scenario": "higher", "market_gravity_weight": 75 }, "geometry": { "type": "Point", "coordinates": [ -85.789527125485094, 42.843864858029498 ] } },
{ "type": "Feature", "properties": { "id": "27_0", "growth_scenario": "higher", "market_gravity_weight": 75 }, "geometry": { "type": "Point", "coordinates": [ -93.459181168616539, 44.903640102508206 ] } },
{ "type": "Feature", "properties": { "id": "27_1", "growth_scenario": "higher", "market_gravity_weight": 75 }, "geometry": { "type": "Point", "coordinates": [ -93.487122741973252, 44.98092780690768 ] } },
{ "type": "Feature", "properties": { "id": "27_2", "growth_scenario": "higher", "market_gravity_weight": 75 }, "geometry": { "type": "Point", "coordinates": [ -93.356892794928527, 44.962785192001526 ] } },
{ "type": "Feature", "properties": { "id": "27_3", "growth_scenario": "higher", "market_gravity_weight": 75 }, "geometry": { "type": "Point", "coordinates": [ -93.515858120422024, 44.921598912362953 ] } },
{ "type": "Feature", "properties": { "id": "27_4", "growth_scenario": "higher", "market_gravity_weight": 75 }, "geometry": { "type": "Point", "coordinates": [ -93.540432698009511, 45.089438735155696 ] } },
{ "type": "Feature", "properties": { "id": "27_5", "growth_scenario": "higher", "market_gravity_weight": 75 }, "geometry": { "type": "Point", "coordinates": [ -93.467032949371458, 45.140050096773976 ] } },
{ "type": "Feature", "properties": { "id": "27_6", "growth_scenario": "higher", "market_gravity_weight": 75 }, "geometry": { "type": "Point", "coordinates": [ -93.435124495913243, 44.785907841563741 ] } },
{ "type": "Feature", "properties": { "id": "27_7", "growth_scenario": "higher", "market_gravity_weight": 75 }, "geometry": { "type": "Point", "coordinates": [ -93.537120947703528, 45.089557925125561 ] } },
{ "type": "Feature", "properties": { "id": "27_8", "growth_scenario": "higher", "market_gravity_weight": 75 }, "geometry": { "type": "Point", "coordinates": [ -93.663631087123761, 44.934050744085347 ] } },
{ "type": "Feature", "properties": { "id": "27_9", "growth_scenario": "higher", "market_gravity_weight": 75 }, "geometry": { "type": "Point", "coordinates": [ -93.578372016897475, 44.795852887986022 ] } },
{ "type": "Feature", "properties": { "id": "29_0", "growth_scenario": "higher", "market_gravity_weight": 75 }, "geometry": { "type": "Point", "coordinates": [ -94.587866327491398, 39.326812468946052 ] } },
{ "type": "Feature", "properties": { "id": "29_1", "growth_scenario": "higher", "market_gravity_weight": 75 }, "geometry": { "type": "Point", "coordinates": [ -94.592116071311565, 39.319007760958691 ] } },
{ "type": "Feature", "properties": { "id": "29_10", "growth_scenario": "higher", "market_gravity_weight": 75 }, "geometry": { "type": "Point", "coordinates": [ -94.578550526605454, 39.324207997770991 ] } },
{ "type": "Feature", "properties": { "id": "29_11", "growth_scenario": "higher", "market_gravity_weight": 75 }, "geometry": { "type": "Point", "coordinates": [ -94.575545162798676, 39.328189331124861 ] } },
{ "type": "Feature", "properties": { "id": "29_2", "growth_scenario": "higher", "market_gravity_weight": 75 }, "geometry": { "type": "Point", "coordinates": [ -94.581870040679306, 39.328082955851009 ] } },
{ "type": "Feature", "properties": { "id": "29_3", "growth_scenario": "higher", "market_gravity_weight": 75 }, "geometry": { "type": "Point", "coordinates": [ -94.589444817420997, 39.317906735203181 ] } },
{ "type": "Feature", "properties": { "id": "29_4", "growth_scenario": "higher", "market_gravity_weight": 75 }, "geometry": { "type": "Point", "coordinates": [ -94.581709297640742, 39.324333206654927 ] } },
{ "type": "Feature", "properties": { "id": "29_5", "growth_scenario": "higher", "market_gravity_weight": 75 }, "geometry": { "type": "Point", "coordinates": [ -94.579189856529453, 39.327427789589862 ] } },
{ "type": "Feature", "properties": { "id": "29_6", "growth_scenario": "higher", "market_gravity_weight": 75 }, "geometry": { "type": "Point", "coordinates": [ -94.591126848074666, 39.315694858583399 ] } },
{ "type": "Feature", "properties": { "id": "29_7", "growth_scenario": "higher", "market_gravity_weight": 75 }, "geometry": { "type": "Point", "coordinates": [ -94.577493169484939, 39.330353242854457 ] } },
{ "type": "Feature", "properties": { "id": "29_8", "growth_scenario": "higher", "market_gravity_weight": 75 }, "geometry": { "type": "Point", "coordinates": [ -94.581284694041102, 39.334055131124849 ] } },
{ "type": "Feature", "properties": { "id": "29_9", "growth_scenario": "higher", "market_gravity_weight": 75 }, "geometry": { "type": "Point", "coordinates": [ -94.581779178142398, 39.320764556583129 ] } },
{ "type": "Feature", "properties": { "id": "30_0", "growth_scenario": "higher", "market_gravity_weight": 75 }, "geometry": { "type": "Point", "coordinates": [ -114.089727097654034, 46.895103186268095 ] } },
{ "type": "Feature", "properties": { "id": "30_1", "growth_scenario": "higher", "market_gravity_weight": 75 }, "geometry": { "type": "Point", "coordinates": [ -114.091105699042302, 46.898139505738385 ] } },
{ "type": "Feature", "properties": { "id": "30_2", "growth_scenario": "higher", "market_gravity_weight": 75 }, "geometry": { "type": "Point", "coordinates": [ -114.08591198037422, 46.894783366227657 ] } },
{ "type": "Feature", "properties": { "id": "30_3", "growth_scenario": "higher", "market_gravity_weight": 75 }, "geometry": { "type": "Point", "coordinates": [ -114.087162084584762, 46.89783681077953 ] } },
{ "type": "Feature", "properties": { "id": "30_4", "growth_scenario": "higher", "market_gravity_weight": 75 }, "geometry": { "type": "Point", "coordinates": [ -114.022126473074508, 46.899399252433675 ] } },
{ "type": "Feature", "properties": { "id": "30_5", "growth_scenario": "higher", "market_gravity_weight": 75 }, "geometry": { "type": "Point", "coordinates": [ -114.090001588953115, 46.900862584233323 ] } },
{ "type": "Feature", "properties": { "id": "30_6", "growth_scenario": "higher", "market_gravity_weight": 75 }, "geometry": { "type": "Point", "coordinates": [ -114.024539056773605, 46.901378790650362 ] } },
{ "type": "Feature", "properties": { "id": "31_0", "growth_scenario": "higher", "market_gravity_weight": 75 }, "geometry": { "type": "Point", "coordinates": [ -96.093219889681365, 41.124144920431576 ] } },
{ "type": "Feature", "properties": { "id": "31_1", "growth_scenario": "higher", "market_gravity_weight": 75 }, "geometry": { "type": "Point", "coordinates": [ -96.088057238808602, 41.123791320076847 ] } },
{ "type": "Feature", "properties": { "id": "31_10", "growth_scenario": "higher", "market_gravity_weight": 75 }, "geometry": { "type": "Point", "coordinates": [ -96.085106501314087, 41.165772555889042 ] } },
{ "type": "Feature", "properties": { "id": "31_11", "growth_scenario": "higher", "market_gravity_weight": 75 }, "geometry": { "type": "Point", "coordinates": [ -96.136565975248999, 41.128035842203367 ] } },
{ "type": "Feature", "properties": { "id": "31_12", "growth_scenario": "higher", "market_gravity_weight": 75 }, "geometry": { "type": "Point", "coordinates": [ -96.084815119809832, 41.123168302848804 ] } },
{ "type": "Feature", "properties": { "id": "31_13", "growth_scenario": "higher", "market_gravity_weight": 75 }, "geometry": { "type": "Point", "coordinates": [ -96.134401368502026, 41.126162497669867 ] } },
{ "type": "Feature", "properties": { "id": "31_14", "growth_scenario": "higher", "market_gravity_weight": 75 }, "geometry": { "type": "Point", "coordinates": [ -96.047002498089483, 41.127742929568015 ] } },
{ "type": "Feature", "properties": { "id": "31_15", "growth_scenario": "higher", "market_gravity_weight": 75 }, "geometry": { "type": "Point", "coordinates": [ -96.097658209702701, 41.121551445077685 ] } },
{ "type": "Feature", "properties": { "id": "31_16", "growth_scenario": "higher", "market_gravity_weight": 75 }, "geometry": { "type": "Point", "coordinates": [ -96.087693431008177, 41.120844149433822 ] } },
{ "type": "Feature", "properties": { "id": "31_17", "growth_scenario": "higher", "market_gravity_weight": 75 }, "geometry": { "type": "Point", "coordinates": [ -96.143414344133674, 41.130529196038843 ] } },
{ "type": "Feature", "properties": { "id": "31_18", "growth_scenario": "higher", "market_gravity_weight": 75 }, "geometry": { "type": "Point", "coordinates": [ -96.044957716137986, 41.121759497260193 ] } },
{ "type": "Feature", "properties": { "id": "31_19", "growth_scenario": "higher", "market_gravity_weight": 75 }, "geometry": { "type": "Point", "coordinates": [ -96.133341041116395, 41.073200344907853 ] } },
{ "type": "Feature", "properties": { "id": "31_2", "growth_scenario": "higher", "market_gravity_weight": 75 }, "geometry": { "type": "Point", "coordinates": [ -96.096700521981091, 41.123517121525097 ] } },
{ "type": "Feature", "properties": { "id": "31_20", "growth_scenario": "higher", "market_gravity_weight": 75 }, "geometry": { "type": "Point", "coordinates": [ -96.14078525529068, 41.076407591736732 ] } },
{ "type": "Feature", "properties": { "id": "31_21", "growth_scenario": "higher", "market_gravity_weight": 75 }, "geometry": { "type": "Point", "coordinates": [ -96.136337579198425, 41.071857498916373 ] } },
{ "type": "Feature", "properties": { "id": "31_22", "growth_scenario": "higher", "market_gravity_weight": 75 }, "geometry": { "type": "Point", "coordinates": [ -96.081267424266485, 41.169973062686196 ] } },
{ "type": "Feature", "properties": { "id": "31_23", "growth_scenario": "higher", "market_gravity_weight": 75 }, "geometry": { "type": "Point", "coordinates": [ -96.140537685996051, 41.072567439980631 ] } },
{ "type": "Feature", "properties": { "id": "31_24", "growth_scenario": "higher", "market_gravity_weight": 75 }, "geometry": { "type": "Point", "coordinates": [ -96.10090317187894, 41.124139082212295 ] } },
{ "type": "Feature", "properties": { "id": "31_25", "growth_scenario": "higher", "market_gravity_weight": 75 }, "geometry": { "type": "Point", "coordinates": [ -96.088106433626635, 41.163269589278705 ] } },
{ "type": "Feature", "properties": { "id": "31_26", "growth_scenario": "higher", "market_gravity_weight": 75 }, "geometry": { "type": "Point", "coordinates": [ -96.081383438443538, 41.166400215106599 ] } },
{ "type": "Feature", "properties": { "id": "31_27", "growth_scenario": "higher", "market_gravity_weight": 75 }, "geometry": { "type": "Point", "coordinates": [ -95.976531195073989, 41.120425518260717 ] } },
{ "type": "Feature", "properties": { "id": "31_28", "growth_scenario": "higher", "market_gravity_weight": 75 }, "geometry": { "type": "Point", "coordinates": [ -96.134528561014747, 41.129913647451936 ] } },
{ "type": "Feature", "properties": { "id": "31_29", "growth_scenario": "higher", "market_gravity_weight": 75 }, "geometry": { "type": "Point", "coordinates": [ -96.082293453450518, 41.122634057378072 ] } },
{ "type": "Feature", "properties": { "id": "31_3", "growth_scenario": "higher", "market_gravity_weight": 75 }, "geometry": { "type": "Point", "coordinates": [ -96.092495725998177, 41.121198024898725 ] } },
{ "type": "Feature", "properties": { "id": "31_30", "growth_scenario": "higher", "market_gravity_weight": 75 }, "geometry": { "type": "Point", "coordinates": [ -96.195742062959255, 41.123493062196722 ] } },
{ "type": "Feature", "properties": { "id": "31_31", "growth_scenario": "higher", "market_gravity_weight": 75 }, "geometry": { "type": "Point", "coordinates": [ -96.048444472659753, 41.129618032098065 ] } },
{ "type": "Feature", "properties": { "id": "31_32", "growth_scenario": "higher", "market_gravity_weight": 75 }, "geometry": { "type": "Point", "coordinates": [ -96.049401587462711, 41.124794594188678 ] } },
{ "type": "Feature", "properties": { "id": "31_33", "growth_scenario": "higher", "market_gravity_weight": 75 }, "geometry": { "type": "Point", "coordinates": [ -96.199220492446699, 41.122415892545028 ] } },
{ "type": "Feature", "properties": { "id": "31_34", "growth_scenario": "higher", "market_gravity_weight": 75 }, "geometry": { "type": "Point", "coordinates": [ -96.08270113376831, 41.163273201361591 ] } },
{ "type": "Feature", "properties": { "id": "31_35", "growth_scenario": "higher", "market_gravity_weight": 75 }, "geometry": { "type": "Point", "coordinates": [ -96.202595660352216, 41.127233655569647 ] } },
{ "type": "Feature", "properties": { "id": "31_36", "growth_scenario": "higher", "market_gravity_weight": 75 }, "geometry": { "type": "Point", "coordinates": [ -96.203429372743855, 41.12491010831851 ] } },
{ "type": "Feature", "properties": { "id": "31_37", "growth_scenario": "higher", "market_gravity_weight": 75 }, "geometry": { "type": "Point", "coordinates": [ -96.102111037174879, 41.129229142089955 ] } },
{ "type": "Feature", "properties": { "id": "31_38", "growth_scenario": "higher", "market_gravity_weight": 75 }, "geometry": { "type": "Point", "coordinates": [ -95.98037176837272, 41.123552216525759 ] } },
{ "type": "Feature", "properties": { "id": "31_39", "growth_scenario": "higher", "market_gravity_weight": 75 }, "geometry": { "type": "Point", "coordinates": [ -96.143035291588362, 41.180547939842427 ] } },
{ "type": "Feature", "properties": { "id": "31_4", "growth_scenario": "higher", "market_gravity_weight": 75 }, "geometry": { "type": "Point", "coordinates": [ -96.141249122694504, 41.128477331258992 ] } },
{ "type": "Feature", "properties": { "id": "31_40", "growth_scenario": "higher", "market_gravity_weight": 75 }, "geometry": { "type": "Point", "coordinates": [ -95.973650480431019, 41.119442485236775 ] } },
{ "type": "Feature", "properties": { "id": "31_41", "growth_scenario": "higher", "market_gravity_weight": 75 }, "geometry": { "type": "Point", "coordinates": [ -96.1314181205924, 41.071326786686235 ] } },
{ "type": "Feature", "properties": { "id": "31_42", "growth_scenario": "higher", "market_gravity_weight": 75 }, "geometry": { "type": "Point", "coordinates": [ -96.10330798193003, 41.126727325097967 ] } },
{ "type": "Feature", "properties": { "id": "31_43", "growth_scenario": "higher", "market_gravity_weight": 75 }, "geometry": { "type": "Point", "coordinates": [ -95.954941361262769, 41.091749768044814 ] } },
{ "type": "Feature", "properties": { "id": "31_44", "growth_scenario": "higher", "market_gravity_weight": 75 }, "geometry": { "type": "Point", "coordinates": [ -95.973390192418819, 41.173122313978922 ] } },
{ "type": "Feature", "properties": { "id": "31_45", "growth_scenario": "higher", "market_gravity_weight": 75 }, "geometry": { "type": "Point", "coordinates": [ -95.96954908138018, 41.165707945391944 ] } },
{ "type": "Feature", "properties": { "id": "31_46", "growth_scenario": "higher", "market_gravity_weight": 75 }, "geometry": { "type": "Point", "coordinates": [ -96.04628460924377, 41.131494477178769 ] } },
{ "type": "Feature", "properties": { "id": "31_47", "growth_scenario": "higher", "market_gravity_weight": 75 }, "geometry": { "type": "Point", "coordinates": [ -96.050480273841487, 41.122293328531804 ] } },
{ "type": "Feature", "properties": { "id": "31_48", "growth_scenario": "higher", "market_gravity_weight": 75 }, "geometry": { "type": "Point", "coordinates": [ -96.250725520357705, 41.123575603398535 ] } },
{ "type": "Feature", "properties": { "id": "31_5", "growth_scenario": "higher", "market_gravity_weight": 75 }, "geometry": { "type": "Point", "coordinates": [ -96.044240561983614, 41.126761438446749 ] } },
{ "type": "Feature", "properties": { "id": "31_6", "growth_scenario": "higher", "market_gravity_weight": 75 }, "geometry": { "type": "Point", "coordinates": [ -96.088110665611481, 41.166663712061357 ] } },
{ "type": "Feature", "properties": { "id": "31_7", "growth_scenario": "higher", "market_gravity_weight": 75 }, "geometry": { "type": "Point", "coordinates": [ -96.084149035120362, 41.168720725876831 ] } },
{ "type": "Feature", "properties": { "id": "31_8", "growth_scenario": "higher", "market_gravity_weight": 75 }, "geometry": { "type": "Point", "coordinates": [ -96.045799724942967, 41.124349356747679 ] } },
{ "type": "Feature", "properties": { "id": "31_9", "growth_scenario": "higher", "market_gravity_weight": 75 }, "geometry": { "type": "Point", "coordinates": [ -96.140988157086952, 41.17822788652191 ] } },
{ "type": "Feature", "properties": { "id": "32_0", "growth_scenario": "higher", "market_gravity_weight": 75 }, "geometry": { "type": "Point", "coordinates": [ -115.27624826089513, 36.11732842888857 ] } },
{ "type": "Feature", "properties": { "id": "32_1", "growth_scenario": "higher", "market_gravity_weight": 75 }, "geometry": { "type": "Point", "coordinates": [ -115.237975032452084, 36.079837312428616 ] } },
{ "type": "Feature", "properties": { "id": "32_10", "growth_scenario": "higher", "market_gravity_weight": 75 }, "geometry": { "type": "Point", "coordinates": [ -115.025029951791652, 36.109449444498978 ] } },
{ "type": "Feature", "properties": { "id": "32_11", "growth_scenario": "higher", "market_gravity_weight": 75 }, "geometry": { "type": "Point", "coordinates": [ -114.989519498607493, 36.049404286107666 ] } },
{ "type": "Feature", "properties": { "id": "32_12", "growth_scenario": "higher", "market_gravity_weight": 75 }, "geometry": { "type": "Point", "coordinates": [ -115.029647108481029, 36.109614181860096 ] } },
{ "type": "Feature", "properties": { "id": "32_13", "growth_scenario": "higher", "market_gravity_weight": 75 }, "geometry": { "type": "Point", "coordinates": [ -115.2017728418503, 36.04446194097401 ] } },
{ "type": "Feature", "properties": { "id": "32_14", "growth_scenario": "higher", "market_gravity_weight": 75 }, "geometry": { "type": "Point", "coordinates": [ -115.174505527335057, 35.994770733551015 ] } },
{ "type": "Feature", "properties": { "id": "32_15", "growth_scenario": "higher", "market_gravity_weight": 75 }, "geometry": { "type": "Point", "coordinates": [ -115.01542156605548, 36.108997655793559 ] } },
{ "type": "Feature", "properties": { "id": "32_16", "growth_scenario": "higher", "market_gravity_weight": 75 }, "geometry": { "type": "Point", "coordinates": [ -115.236788952773324, 36.003276374760475 ] } },
{ "type": "Feature", "properties": { "id": "32_17", "growth_scenario": "higher", "market_gravity_weight": 75 }, "geometry": { "type": "Point", "coordinates": [ -114.991349796351315, 36.066054994137794 ] } },
{ "type": "Feature", "properties": { "id": "32_18", "growth_scenario": "higher", "market_gravity_weight": 75 }, "geometry": { "type": "Point", "coordinates": [ -115.195509356054046, 36.047672338060508 ] } },
{ "type": "Feature", "properties": { "id": "32_19", "growth_scenario": "higher", "market_gravity_weight": 75 }, "geometry": { "type": "Point", "coordinates": [ -115.178510520520703, 35.996578079799846 ] } },
{ "type": "Feature", "properties": { "id": "32_2", "growth_scenario": "higher", "market_gravity_weight": 75 }, "geometry": { "type": "Point", "coordinates": [ -115.241100084515764, 36.008040113250992 ] } },
{ "type": "Feature", "properties": { "id": "32_20", "growth_scenario": "higher", "market_gravity_weight": 75 }, "geometry": { "type": "Point", "coordinates": [ -115.212041448410389, 36.321867561380635 ] } },
{ "type": "Feature", "properties": { "id": "32_21", "growth_scenario": "higher", "market_gravity_weight": 75 }, "geometry": { "type": "Point", "coordinates": [ -115.094388717846471, 36.278271120808853 ] } },
{ "type": "Feature", "properties": { "id": "32_22", "growth_scenario": "higher", "market_gravity_weight": 75 }, "geometry": { "type": "Point", "coordinates": [ -115.210206963434217, 36.018563854910198 ] } },
{ "type": "Feature", "properties": { "id": "32_23", "growth_scenario": "higher", "market_gravity_weight": 75 }, "geometry": { "type": "Point", "coordinates": [ -114.997731833516781, 36.048442456903025 ] } },
{ "type": "Feature", "properties": { "id": "32_24", "growth_scenario": "higher", "market_gravity_weight": 75 }, "geometry": { "type": "Point", "coordinates": [ -115.237913229541007, 36.00053979553352 ] } },
{ "type": "Feature", "properties": { "id": "32_25", "growth_scenario": "higher", "market_gravity_weight": 75 }, "geometry": { "type": "Point", "coordinates": [ -114.987421911546804, 36.067691218798757 ] } },
{ "type": "Feature", "properties": { "id": "32_26", "growth_scenario": "higher", "market_gravity_weight": 75 }, "geometry": { "type": "Point", "coordinates": [ -115.030736427343498, 36.112991468871698 ] } },
{ "type": "Feature", "properties": { "id": "32_27", "growth_scenario": "higher", "market_gravity_weight": 75 }, "geometry": { "type": "Point", "coordinates": [ -115.027962772012017, 36.111982072061494 ] } },
{ "type": "Feature", "properties": { "id": "32_28", "growth_scenario": "higher", "market_gravity_weight": 75 }, "geometry": { "type": "Point", "coordinates": [ -115.201648806596239, 36.011940991787377 ] } },
{ "type": "Feature", "properties": { "id": "32_29", "growth_scenario": "higher", "market_gravity_weight": 75 }, "geometry": { "type": "Point", "coordinates": [ -115.019248574597881, 36.115941517880437 ] } },
{ "type": "Feature", "properties": { "id": "32_3", "growth_scenario": "higher", "market_gravity_weight": 75 }, "geometry": { "type": "Point", "coordinates": [ -115.175749253697902, 36.0014039069248 ] } },
{ "type": "Feature", "properties": { "id": "32_30", "growth_scenario": "higher", "market_gravity_weight": 75 }, "geometry": { "type": "Point", "coordinates": [ -115.015857244013205, 36.114302766677504 ] } },
{ "type": "Feature", "properties": { "id": "32_31", "growth_scenario": "higher", "market_gravity_weight": 75 }, "geometry": { "type": "Point", "coordinates": [ -115.096928806755997, 36.279682263932955 ] } },
{ "type": "Feature", "properties": { "id": "32_32", "growth_scenario": "higher", "market_gravity_weight": 75 }, "geometry": { "type": "Point", "coordinates": [ -115.075709381669967, 35.98496913391439 ] } },
{ "type": "Feature", "properties": { "id": "32_33", "growth_scenario": "higher", "market_gravity_weight": 75 }, "geometry": { "type": "Point", "coordinates": [ -115.257100440338263, 36.010706360624134 ] } },
{ "type": "Feature", "properties": { "id": "32_34", "growth_scenario": "higher", "market_gravity_weight": 75 }, "geometry": { "type": "Point", "coordinates": [ -114.976980693748715, 35.982003230635016 ] } },
{ "type": "Feature", "properties": { "id": "32_35", "growth_scenario": "higher", "market_gravity_weight": 75 }, "geometry": { "type": "Point", "coordinates": [ -114.973293274718671, 35.981869812301667 ] } },
{ "type": "Feature", "properties": { "id": "32_36", "growth_scenario": "higher", "market_gravity_weight": 75 }, "geometry": { "type": "Point", "coordinates": [ -114.989258037516137, 36.064570506910115 ] } },
{ "type": "Feature", "properties": { "id": "32_37", "growth_scenario": "higher", "market_gravity_weight": 75 }, "geometry": { "type": "Point", "coordinates": [ -114.811564739592029, 36.007865162602634 ] } },
{ "type": "Feature", "properties": { "id": "32_38", "growth_scenario": "higher", "market_gravity_weight": 75 }, "geometry": { "type": "Point", "coordinates": [ -114.985385529623841, 36.070024226148867 ] } },
{ "type": "Feature", "properties": { "id": "32_39", "growth_scenario": "higher", "market_gravity_weight": 75 }, "geometry": { "type": "Point", "coordinates": [ -115.254794838695659, 36.057667921276312 ] } },
{ "type": "Feature", "properties": { "id": "32_4", "growth_scenario": "higher", "market_gravity_weight": 75 }, "geometry": { "type": "Point", "coordinates": [ -115.274219455029595, 36.119666276448974 ] } },
{ "type": "Feature", "properties": { "id": "32_40", "growth_scenario": "higher", "market_gravity_weight": 75 }, "geometry": { "type": "Point", "coordinates": [ -115.195921324216798, 36.248666597080003 ] } },
{ "type": "Feature", "properties": { "id": "32_41", "growth_scenario": "higher", "market_gravity_weight": 75 }, "geometry": { "type": "Point", "coordinates": [ -115.323579715405103, 36.116676103627945 ] } },
{ "type": "Feature", "properties": { "id": "32_5", "growth_scenario": "higher", "market_gravity_weight": 75 }, "geometry": { "type": "Point", "coordinates": [ -115.018304803091283, 36.109989595933058 ] } },
{ "type": "Feature", "properties": { "id": "32_6", "growth_scenario": "higher", "market_gravity_weight": 75 }, "geometry": { "type": "Point", "coordinates": [ -115.289751627532638, 36.030057444560654 ] } },
{ "type": "Feature", "properties": { "id": "32_7", "growth_scenario": "higher", "market_gravity_weight": 75 }, "geometry": { "type": "Point", "coordinates": [ -115.175462556158749, 35.997166709525871 ] } },
{ "type": "Feature", "properties": { "id": "32_8", "growth_scenario": "higher", "market_gravity_weight": 75 }, "geometry": { "type": "Point", "coordinates": [ -115.156463881423349, 36.212890499034287 ] } },
{ "type": "Feature", "properties": { "id": "32_9", "growth_scenario": "higher", "market_gravity_weight": 75 }, "geometry": { "type": "Point", "coordinates": [ -115.205270668166762, 36.01180489246417 ] } },
{ "type": "Feature", "properties": { "id": "34_0", "growth_scenario": "higher", "market_gravity_weight": 75 }, "geometry": { "type": "Point", "coordinates": [ -74.354258125648784, 40.607892890368809 ] } },
{ "type": "Feature", "properties": { "id": "34_1", "growth_scenario": "higher", "market_gravity_weight": 75 }, "geometry": { "type": "Point", "coordinates": [ -74.353128705036141, 40.604030877113253 ] } },
{ "type": "Feature", "properties": { "id": "34_10", "growth_scenario": "higher", "market_gravity_weight": 75 }, "geometry": { "type": "Point", "coordinates": [ -74.347999462866539, 40.450644886423525 ] } },
{ "type": "Feature", "properties": { "id": "34_11", "growth_scenario": "higher", "market_gravity_weight": 75 }, "geometry": { "type": "Point", "coordinates": [ -74.344319317262261, 40.449912632273374 ] } },
{ "type": "Feature", "properties": { "id": "34_12", "growth_scenario": "higher", "market_gravity_weight": 75 }, "geometry": { "type": "Point", "coordinates": [ -74.348387182833704, 40.4474133670412 ] } },
{ "type": "Feature", "properties": { "id": "34_13", "growth_scenario": "higher", "market_gravity_weight": 75 }, "geometry": { "type": "Point", "coordinates": [ -74.312978340998825, 40.441519524277375 ] } },
{ "type": "Feature", "properties": { "id": "34_14", "growth_scenario": "higher", "market_gravity_weight": 75 }, "geometry": { "type": "Point", "coordinates": [ -74.454494478489607, 40.681605238272724 ] } },
{ "type": "Feature", "properties": { "id": "34_15", "growth_scenario": "higher", "market_gravity_weight": 75 }, "geometry": { "type": "Point", "coordinates": [ -74.457132822059151, 40.684168153872427 ] } },
{ "type": "Feature", "properties": { "id": "34_16", "growth_scenario": "higher", "market_gravity_weight": 75 }, "geometry": { "type": "Point", "coordinates": [ -74.391736647383382, 40.71785904317305 ] } },
{ "type": "Feature", "properties": { "id": "34_17", "growth_scenario": "higher", "market_gravity_weight": 75 }, "geometry": { "type": "Point", "coordinates": [ -74.390690131386108, 40.489955133525875 ] } },
{ "type": "Feature", "properties": { "id": "34_18", "growth_scenario": "higher", "market_gravity_weight": 75 }, "geometry": { "type": "Point", "coordinates": [ -74.509380724636529, 40.852324839466903 ] } },
{ "type": "Feature", "properties": { "id": "34_19", "growth_scenario": "higher", "market_gravity_weight": 75 }, "geometry": { "type": "Point", "coordinates": [ -74.343530343057878, 40.446934436084433 ] } },
{ "type": "Feature", "properties": { "id": "34_2", "growth_scenario": "higher", "market_gravity_weight": 75 }, "geometry": { "type": "Point", "coordinates": [ -74.462667535938635, 40.680908479240834 ] } },
{ "type": "Feature", "properties": { "id": "34_20", "growth_scenario": "higher", "market_gravity_weight": 75 }, "geometry": { "type": "Point", "coordinates": [ -74.347294221388253, 40.44502378169355 ] } },
{ "type": "Feature", "properties": { "id": "34_21", "growth_scenario": "higher", "market_gravity_weight": 75 }, "geometry": { "type": "Point", "coordinates": [ -74.337384767009567, 40.816874459666522 ] } },
{ "type": "Feature", "properties": { "id": "34_22", "growth_scenario": "higher", "market_gravity_weight": 75 }, "geometry": { "type": "Point", "coordinates": [ -74.452446334314075, 40.677128287813119 ] } },
{ "type": "Feature", "properties": { "id": "34_23", "growth_scenario": "higher", "market_gravity_weight": 75 }, "geometry": { "type": "Point", "coordinates": [ -74.246891632148845, 40.397987669768774 ] } },
{ "type": "Feature", "properties": { "id": "34_24", "growth_scenario": "higher", "market_gravity_weight": 75 }, "geometry": { "type": "Point", "coordinates": [ -74.116349947128313, 40.789821839927249 ] } },
{ "type": "Feature", "properties": { "id": "34_25", "growth_scenario": "higher", "market_gravity_weight": 75 }, "geometry": { "type": "Point", "coordinates": [ -74.114164657206302, 40.793657789883184 ] } },
{ "type": "Feature", "properties": { "id": "34_26", "growth_scenario": "higher", "market_gravity_weight": 75 }, "geometry": { "type": "Point", "coordinates": [ -74.39169980016878, 40.487473100066317 ] } },
{ "type": "Feature", "properties": { "id": "34_27", "growth_scenario": "higher", "market_gravity_weight": 75 }, "geometry": { "type": "Point", "coordinates": [ -74.33675633443211, 40.394986323935193 ] } },
{ "type": "Feature", "properties": { "id": "34_28", "growth_scenario": "higher", "market_gravity_weight": 75 }, "geometry": { "type": "Point", "coordinates": [ -74.401597938372589, 40.488641289021956 ] } },
{ "type": "Feature", "properties": { "id": "34_29", "growth_scenario": "higher", "market_gravity_weight": 75 }, "geometry": { "type": "Point", "coordinates": [ -74.457151038213894, 40.445771535957526 ] } },
{ "type": "Feature", "properties": { "id": "34_3", "growth_scenario": "higher", "market_gravity_weight": 75 }, "geometry": { "type": "Point", "coordinates": [ -74.334482218759462, 40.629478380002041 ] } },
{ "type": "Feature", "properties": { "id": "34_30", "growth_scenario": "higher", "market_gravity_weight": 75 }, "geometry": { "type": "Point", "coordinates": [ -74.249813474723922, 40.905271815683221 ] } },
{ "type": "Feature", "properties": { "id": "34_31", "growth_scenario": "higher", "market_gravity_weight": 75 }, "geometry": { "type": "Point", "coordinates": [ -74.45208021636094, 40.683479177568429 ] } },
{ "type": "Feature", "properties": { "id": "34_32", "growth_scenario": "higher", "market_gravity_weight": 75 }, "geometry": { "type": "Point", "coordinates": [ -74.320541496600626, 40.458509411434228 ] } },
{ "type": "Feature", "properties": { "id": "34_33", "growth_scenario": "higher", "market_gravity_weight": 75 }, "geometry": { "type": "Point", "coordinates": [ -74.483227037609964, 40.406128949502374 ] } },
{ "type": "Feature", "properties": { "id": "34_34", "growth_scenario": "higher", "market_gravity_weight": 75 }, "geometry": { "type": "Point", "coordinates": [ -74.486745629358438, 40.406188100004591 ] } },
{ "type": "Feature", "properties": { "id": "34_35", "growth_scenario": "higher", "market_gravity_weight": 75 }, "geometry": { "type": "Point", "coordinates": [ -74.35971614023768, 40.483473882915327 ] } },
{ "type": "Feature", "properties": { "id": "34_36", "growth_scenario": "higher", "market_gravity_weight": 75 }, "geometry": { "type": "Point", "coordinates": [ -74.485434620577962, 40.403304708969927 ] } },
{ "type": "Feature", "properties": { "id": "34_37", "growth_scenario": "higher", "market_gravity_weight": 75 }, "geometry": { "type": "Point", "coordinates": [ -74.417948087337706, 40.835664892878995 ] } },
{ "type": "Feature", "properties": { "id": "34_38", "growth_scenario": "higher", "market_gravity_weight": 75 }, "geometry": { "type": "Point", "coordinates": [ -74.311689349283199, 40.44450239582185 ] } },
{ "type": "Feature", "properties": { "id": "34_39", "growth_scenario": "higher", "market_gravity_weight": 75 }, "geometry": { "type": "Point", "coordinates": [ -74.452134043741538, 40.685687599443135 ] } },
{ "type": "Feature", "properties": { "id": "34_4", "growth_scenario": "higher", "market_gravity_weight": 75 }, "geometry": { "type": "Point", "coordinates": [ -74.458375434223356, 40.681725396327771 ] } },
{ "type": "Feature", "properties": { "id": "34_40", "growth_scenario": "higher", "market_gravity_weight": 75 }, "geometry": { "type": "Point", "coordinates": [ -74.320047163453978, 40.455765535840747 ] } },
{ "type": "Feature", "properties": { "id": "34_41", "growth_scenario": "higher", "market_gravity_weight": 75 }, "geometry": { "type": "Point", "coordinates": [ -74.338399592590605, 40.827041802838245 ] } },
{ "type": "Feature", "properties": { "id": "34_42", "growth_scenario": "higher", "market_gravity_weight": 75 }, "geometry": { "type": "Point", "coordinates": [ -74.446955442643372, 40.545245382797738 ] } },
{ "type": "Feature", "properties": { "id": "34_43", "growth_scenario": "higher", "market_gravity_weight": 75 }, "geometry": { "type": "Point", "coordinates": [ -74.334721415635968, 40.82979610014943 ] } },
{ "type": "Feature", "properties": { "id": "34_44", "growth_scenario": "higher", "market_gravity_weight": 75 }, "geometry": { "type": "Point", "coordinates": [ -74.118044168283959, 40.787550695739291 ] } },
{ "type": "Feature", "properties": { "id": "34_45", "growth_scenario": "higher", "market_gravity_weight": 75 }, "geometry": { "type": "Point", "coordinates": [ -74.481123703217861, 40.403841235280765 ] } },
{ "type": "Feature", "properties": { "id": "34_46", "growth_scenario": "higher", "market_gravity_weight": 75 }, "geometry": { "type": "Point", "coordinates": [ -74.416515452268854, 40.832759829670337 ] } },
{ "type": "Feature", "properties": { "id": "34_47", "growth_scenario": "higher", "market_gravity_weight": 75 }, "geometry": { "type": "Point", "coordinates": [ -74.246928587589963, 40.394327788741549 ] } },
{ "type": "Feature", "properties": { "id": "34_48", "growth_scenario": "higher", "market_gravity_weight": 75 }, "geometry": { "type": "Point", "coordinates": [ -74.111111023170878, 40.791655327847046 ] } },
{ "type": "Feature", "properties": { "id": "34_49", "growth_scenario": "higher", "market_gravity_weight": 75 }, "geometry": { "type": "Point", "coordinates": [ -74.396249961583095, 40.484597732867023 ] } },
{ "type": "Feature", "properties": { "id": "34_5", "growth_scenario": "higher", "market_gravity_weight": 75 }, "geometry": { "type": "Point", "coordinates": [ -74.459840560395392, 40.674189876046881 ] } },
{ "type": "Feature", "properties": { "id": "34_6", "growth_scenario": "higher", "market_gravity_weight": 75 }, "geometry": { "type": "Point", "coordinates": [ -74.387461975860347, 40.629507429346305 ] } },
{ "type": "Feature", "properties": { "id": "34_7", "growth_scenario": "higher", "market_gravity_weight": 75 }, "geometry": { "type": "Point", "coordinates": [ -74.323979808092929, 40.460024995536308 ] } },
{ "type": "Feature", "properties": { "id": "34_8", "growth_scenario": "higher", "market_gravity_weight": 75 }, "geometry": { "type": "Point", "coordinates": [ -74.462540387310924, 40.672181923202295 ] } },
{ "type": "Feature", "properties": { "id": "34_9", "growth_scenario": "higher", "market_gravity_weight": 75 }, "geometry": { "type": "Point", "coordinates": [ -74.426534699270448, 40.830914556483272 ] } },
{ "type": "Feature", "properties": { "id": "35_0", "growth_scenario": "higher", "market_gravity_weight": 75 }, "geometry": { "type": "Point", "coordinates": [ -106.783850716587096, 34.651458099792791 ] } },
{ "type": "Feature", "properties": { "id": "35_1", "growth_scenario": "higher", "market_gravity_weight": 75 }, "geometry": { "type": "Point", "coordinates": [ -106.730360957024118, 35.013833176251147 ] } },
{ "type": "Feature", "properties": { "id": "35_2", "growth_scenario": "higher", "market_gravity_weight": 75 }, "geometry": { "type": "Point", "coordinates": [ -106.774791386352916, 34.644468142788249 ] } },
{ "type": "Feature", "properties": { "id": "35_3", "growth_scenario": "higher", "market_gravity_weight": 75 }, "geometry": { "type": "Point", "coordinates": [ -106.782832468472023, 34.644983253964291 ] } },
{ "type": "Feature", "properties": { "id": "35_4", "growth_scenario": "higher", "market_gravity_weight": 75 }, "geometry": { "type": "Point", "coordinates": [ -106.733818911625249, 35.015494836960357 ] } },
{ "type": "Feature", "properties": { "id": "36_0", "growth_scenario": "higher", "market_gravity_weight": 75 }, "geometry": { "type": "Point", "coordinates": [ -74.197157035158824, 40.583898614292679 ] } },
{ "type": "Feature", "properties": { "id": "36_1", "growth_scenario": "higher", "market_gravity_weight": 75 }, "geometry": { "type": "Point", "coordinates": [ -74.029085506764517, 41.075873856370876 ] } },
{ "type": "Feature", "properties": { "id": "36_10", "growth_scenario": "higher", "market_gravity_weight": 75 }, "geometry": { "type": "Point", "coordinates": [ -73.957614610482807, 41.089022205103483 ] } },
{ "type": "Feature", "properties": { "id": "36_11", "growth_scenario": "higher", "market_gravity_weight": 75 }, "geometry": { "type": "Point", "coordinates": [ -74.024082617564318, 41.151706260913876 ] } },
{ "type": "Feature", "properties": { "id": "36_12", "growth_scenario": "higher", "market_gravity_weight": 75 }, "geometry": { "type": "Point", "coordinates": [ -74.024096490358744, 41.084633700629112 ] } },
{ "type": "Feature", "properties": { "id": "36_13", "growth_scenario": "higher", "market_gravity_weight": 75 }, "geometry": { "type": "Point", "coordinates": [ -74.025436771070233, 41.081565427026511 ] } },
{ "type": "Feature", "properties": { "id": "36_14", "growth_scenario": "higher", "market_gravity_weight": 75 }, "geometry": { "type": "Point", "coordinates": [ -73.957741409300326, 41.086291380227394 ] } },
{ "type": "Feature", "properties": { "id": "36_15", "growth_scenario": "higher", "market_gravity_weight": 75 }, "geometry": { "type": "Point", "coordinates": [ -74.198810313086497, 41.158598135199469 ] } },
{ "type": "Feature", "properties": { "id": "36_16", "growth_scenario": "higher", "market_gravity_weight": 75 }, "geometry": { "type": "Point", "coordinates": [ -73.969916878810537, 41.085219457931238 ] } },
{ "type": "Feature", "properties": { "id": "36_17", "growth_scenario": "higher", "market_gravity_weight": 75 }, "geometry": { "type": "Point", "coordinates": [ -74.177119852081219, 41.131072679067124 ] } },
{ "type": "Feature", "properties": { "id": "36_18", "growth_scenario": "higher", "market_gravity_weight": 75 }, "geometry": { "type": "Point", "coordinates": [ -74.030252539226112, 41.082317599220758 ] } },
{ "type": "Feature", "properties": { "id": "36_19", "growth_scenario": "higher", "market_gravity_weight": 75 }, "geometry": { "type": "Point", "coordinates": [ -73.964806380188421, 41.084229591664865 ] } },
{ "type": "Feature", "properties": { "id": "36_2", "growth_scenario": "higher", "market_gravity_weight": 75 }, "geometry": { "type": "Point", "coordinates": [ -73.750419588320057, 40.636003513356336 ] } },
{ "type": "Feature", "properties": { "id": "36_20", "growth_scenario": "higher", "market_gravity_weight": 75 }, "geometry": { "type": "Point", "coordinates": [ -74.175703222542154, 41.134403586796068 ] } },
{ "type": "Feature", "properties": { "id": "36_21", "growth_scenario": "higher", "market_gravity_weight": 75 }, "geometry": { "type": "Point", "coordinates": [ -74.180409984150856, 41.129626854716236 ] } },
{ "type": "Feature", "properties": { "id": "36_22", "growth_scenario": "higher", "market_gravity_weight": 75 }, "geometry": { "type": "Point", "coordinates": [ -74.027909492381553, 41.084659650471465 ] } },
{ "type": "Feature", "properties": { "id": "36_23", "growth_scenario": "higher", "market_gravity_weight": 75 }, "geometry": { "type": "Point", "coordinates": [ -73.954242786236691, 41.087603424745083 ] } },
{ "type": "Feature", "properties": { "id": "36_24", "growth_scenario": "higher", "market_gravity_weight": 75 }, "geometry": { "type": "Point", "coordinates": [ -74.198439161547725, 41.161743943436377 ] } },
{ "type": "Feature", "properties": { "id": "36_25", "growth_scenario": "higher", "market_gravity_weight": 75 }, "geometry": { "type": "Point", "coordinates": [ -73.956796137280406, 41.083830922171956 ] } },
{ "type": "Feature", "properties": { "id": "36_26", "growth_scenario": "higher", "market_gravity_weight": 75 }, "geometry": { "type": "Point", "coordinates": [ -74.166506566722674, 41.143260826012231 ] } },
{ "type": "Feature", "properties": { "id": "36_27", "growth_scenario": "higher", "market_gravity_weight": 75 }, "geometry": { "type": "Point", "coordinates": [ -74.181164761459812, 41.132326338653037 ] } },
{ "type": "Feature", "properties": { "id": "36_28", "growth_scenario": "higher", "market_gravity_weight": 75 }, "geometry": { "type": "Point", "coordinates": [ -74.201683392111661, 41.160839715757959 ] } },
{ "type": "Feature", "properties": { "id": "36_29", "growth_scenario": "higher", "market_gravity_weight": 75 }, "geometry": { "type": "Point", "coordinates": [ -73.967377590568958, 41.10294347440275 ] } },
{ "type": "Feature", "properties": { "id": "36_3", "growth_scenario": "higher", "market_gravity_weight": 75 }, "geometry": { "type": "Point", "coordinates": [ -73.751578394492853, 40.638137968555213 ] } },
{ "type": "Feature", "properties": { "id": "36_30", "growth_scenario": "higher", "market_gravity_weight": 75 }, "geometry": { "type": "Point", "coordinates": [ -74.13200354187191, 41.117714345156699 ] } },
{ "type": "Feature", "properties": { "id": "36_31", "growth_scenario": "higher", "market_gravity_weight": 75 }, "geometry": { "type": "Point", "coordinates": [ -74.199214570896487, 41.163988190200357 ] } },
{ "type": "Feature", "properties": { "id": "36_32", "growth_scenario": "higher", "market_gravity_weight": 75 }, "geometry": { "type": "Point", "coordinates": [ -74.196461156256618, 41.16607829430518 ] } },
{ "type": "Feature", "properties": { "id": "36_33", "growth_scenario": "higher", "market_gravity_weight": 75 }, "geometry": { "type": "Point", "coordinates": [ -73.95322959490133, 41.084580347782989 ] } },
{ "type": "Feature", "properties": { "id": "36_34", "growth_scenario": "higher", "market_gravity_weight": 75 }, "geometry": { "type": "Point", "coordinates": [ -74.036364500679682, 41.154223332662518 ] } },
{ "type": "Feature", "properties": { "id": "36_35", "growth_scenario": "higher", "market_gravity_weight": 75 }, "geometry": { "type": "Point", "coordinates": [ -74.054898558744981, 41.095991849488996 ] } },
{ "type": "Feature", "properties": { "id": "36_36", "growth_scenario": "higher", "market_gravity_weight": 75 }, "geometry": { "type": "Point", "coordinates": [ -74.195597312359894, 41.145657715248348 ] } },
{ "type": "Feature", "properties": { "id": "36_37", "growth_scenario": "higher", "market_gravity_weight": 75 }, "geometry": { "type": "Point", "coordinates": [ -74.185987923911071, 41.12756973615619 ] } },
{ "type": "Feature", "properties": { "id": "36_38", "growth_scenario": "higher", "market_gravity_weight": 75 }, "geometry": { "type": "Point", "coordinates": [ -73.948004985295739, 41.1406535585608 ] } },
{ "type": "Feature", "properties": { "id": "36_39", "growth_scenario": "higher", "market_gravity_weight": 75 }, "geometry": { "type": "Point", "coordinates": [ -74.184454869144815, 41.130880408558745 ] } },
{ "type": "Feature", "properties": { "id": "36_4", "growth_scenario": "higher", "market_gravity_weight": 75 }, "geometry": { "type": "Point", "coordinates": [ -74.119448712816833, 41.120387392222085 ] } },
{ "type": "Feature", "properties": { "id": "36_40", "growth_scenario": "higher", "market_gravity_weight": 75 }, "geometry": { "type": "Point", "coordinates": [ -74.015673375391501, 41.106188335258594 ] } },
{ "type": "Feature", "properties": { "id": "36_41", "growth_scenario": "higher", "market_gravity_weight": 75 }, "geometry": { "type": "Point", "coordinates": [ -74.0157272129875, 41.151986319484877 ] } },
{ "type": "Feature", "properties": { "id": "36_42", "growth_scenario": "higher", "market_gravity_weight": 75 }, "geometry": { "type": "Point", "coordinates": [ -73.961321556298557, 41.104540668842759 ] } },
{ "type": "Feature", "properties": { "id": "36_43", "growth_scenario": "higher", "market_gravity_weight": 75 }, "geometry": { "type": "Point", "coordinates": [ -74.199365949990607, 41.167041299313773 ] } },
{ "type": "Feature", "properties": { "id": "36_44", "growth_scenario": "higher", "market_gravity_weight": 75 }, "geometry": { "type": "Point", "coordinates": [ -73.957439432193695, 41.103950132476626 ] } },
{ "type": "Feature", "properties": { "id": "36_45", "growth_scenario": "higher", "market_gravity_weight": 75 }, "geometry": { "type": "Point", "coordinates": [ -74.184757414684839, 41.134235015040112 ] } },
{ "type": "Feature", "properties": { "id": "36_46", "growth_scenario": "higher", "market_gravity_weight": 75 }, "geometry": { "type": "Point", "coordinates": [ -73.983917294075667, 41.086944554516798 ] } },
{ "type": "Feature", "properties": { "id": "36_47", "growth_scenario": "higher", "market_gravity_weight": 75 }, "geometry": { "type": "Point", "coordinates": [ -74.19374673853639, 41.142125987798465 ] } },
{ "type": "Feature", "properties": { "id": "36_48", "growth_scenario": "higher", "market_gravity_weight": 75 }, "geometry": { "type": "Point", "coordinates": [ -74.195306018247038, 41.169363168443851 ] } },
{ "type": "Feature", "properties": { "id": "36_49", "growth_scenario": "higher", "market_gravity_weight": 75 }, "geometry": { "type": "Point", "coordinates": [ -74.047598795851442, 41.131965625530839 ] } },
{ "type": "Feature", "properties": { "id": "36_5", "growth_scenario": "higher", "market_gravity_weight": 75 }, "geometry": { "type": "Point", "coordinates": [ -73.960829278272143, 41.089770859692528 ] } },
{ "type": "Feature", "properties": { "id": "36_6", "growth_scenario": "higher", "market_gravity_weight": 75 }, "geometry": { "type": "Point", "coordinates": [ -74.028981937681422, 41.07970935628277 ] } },
{ "type": "Feature", "properties": { "id": "36_7", "growth_scenario": "higher", "market_gravity_weight": 75 }, "geometry": { "type": "Point", "coordinates": [ -74.164219159664015, 41.136808862331037 ] } },
{ "type": "Feature", "properties": { "id": "36_8", "growth_scenario": "higher", "market_gravity_weight": 75 }, "geometry": { "type": "Point", "coordinates": [ -74.105842154638452, 41.109573675981324 ] } },
{ "type": "Feature", "properties": { "id": "36_9", "growth_scenario": "higher", "market_gravity_weight": 75 }, "geometry": { "type": "Point", "coordinates": [ -73.969357508516268, 41.088149506072952 ] } },
{ "type": "Feature", "properties": { "id": "37_0", "growth_scenario": "higher", "market_gravity_weight": 75 }, "geometry": { "type": "Point", "coordinates": [ -78.300639371750023, 35.807463436792119 ] } },
{ "type": "Feature", "properties": { "id": "37_1", "growth_scenario": "higher", "market_gravity_weight": 75 }, "geometry": { "type": "Point", "coordinates": [ -78.30542239255584, 35.805003364164662 ] } },
{ "type": "Feature", "properties": { "id": "37_10", "growth_scenario": "higher", "market_gravity_weight": 75 }, "geometry": { "type": "Point", "coordinates": [ -78.288138714588143, 35.81084990872526 ] } },
{ "type": "Feature", "properties": { "id": "37_11", "growth_scenario": "higher", "market_gravity_weight": 75 }, "geometry": { "type": "Point", "coordinates": [ -78.30149019027472, 35.800957133464863 ] } },
{ "type": "Feature", "properties": { "id": "37_12", "growth_scenario": "higher", "market_gravity_weight": 75 }, "geometry": { "type": "Point", "coordinates": [ -81.526603424297576, 35.320271955027216 ] } },
{ "type": "Feature", "properties": { "id": "37_13", "growth_scenario": "higher", "market_gravity_weight": 75 }, "geometry": { "type": "Point", "coordinates": [ -78.304666959856888, 35.799527381857054 ] } },
{ "type": "Feature", "properties": { "id": "37_14", "growth_scenario": "higher", "market_gravity_weight": 75 }, "geometry": { "type": "Point", "coordinates": [ -81.528415988855102, 35.318416905993764 ] } },
{ "type": "Feature", "properties": { "id": "37_15", "growth_scenario": "higher", "market_gravity_weight": 75 }, "geometry": { "type": "Point", "coordinates": [ -78.297044456322411, 35.802468153981621 ] } },
{ "type": "Feature", "properties": { "id": "37_16", "growth_scenario": "higher", "market_gravity_weight": 75 }, "geometry": { "type": "Point", "coordinates": [ -81.534006415767379, 35.315582368564819 ] } },
{ "type": "Feature", "properties": { "id": "37_17", "growth_scenario": "higher", "market_gravity_weight": 75 }, "geometry": { "type": "Point", "coordinates": [ -78.293407891919287, 35.80391928769221 ] } },
{ "type": "Feature", "properties": { "id": "37_18", "growth_scenario": "higher", "market_gravity_weight": 75 }, "geometry": { "type": "Point", "coordinates": [ -81.510374213417208, 35.314739022313169 ] } },
{ "type": "Feature", "properties": { "id": "37_19", "growth_scenario": "higher", "market_gravity_weight": 75 }, "geometry": { "type": "Point", "coordinates": [ -81.536190004627173, 35.31413465269555 ] } },
{ "type": "Feature", "properties": { "id": "37_2", "growth_scenario": "higher", "market_gravity_weight": 75 }, "geometry": { "type": "Point", "coordinates": [ -78.297072696593759, 35.807652851473769 ] } },
{ "type": "Feature", "properties": { "id": "37_20", "growth_scenario": "higher", "market_gravity_weight": 75 }, "geometry": { "type": "Point", "coordinates": [ -81.507447771784413, 35.315371173795192 ] } },
{ "type": "Feature", "properties": { "id": "37_21", "growth_scenario": "higher", "market_gravity_weight": 75 }, "geometry": { "type": "Point", "coordinates": [ -81.534830594863735, 35.311254837622094 ] } },
{ "type": "Feature", "properties": { "id": "37_22", "growth_scenario": "higher", "market_gravity_weight": 75 }, "geometry": { "type": "Point", "coordinates": [ -81.515567382063679, 35.307517009585602 ] } },
{ "type": "Feature", "properties": { "id": "37_23", "growth_scenario": "higher", "market_gravity_weight": 75 }, "geometry": { "type": "Point", "coordinates": [ -81.519942926895993, 35.303990425457371 ] } },
{ "type": "Feature", "properties": { "id": "37_24", "growth_scenario": "higher", "market_gravity_weight": 75 }, "geometry": { "type": "Point", "coordinates": [ -81.539833964611006, 35.315036759518314 ] } },
{ "type": "Feature", "properties": { "id": "37_25", "growth_scenario": "higher", "market_gravity_weight": 75 }, "geometry": { "type": "Point", "coordinates": [ -81.536060252462107, 35.308333328938055 ] } },
{ "type": "Feature", "properties": { "id": "37_26", "growth_scenario": "higher", "market_gravity_weight": 75 }, "geometry": { "type": "Point", "coordinates": [ -81.515869461641628, 35.302401662505659 ] } },
{ "type": "Feature", "properties": { "id": "37_27", "growth_scenario": "higher", "market_gravity_weight": 75 }, "geometry": { "type": "Point", "coordinates": [ -78.300882875953889, 35.798229933558588 ] } },
{ "type": "Feature", "properties": { "id": "37_28", "growth_scenario": "higher", "market_gravity_weight": 75 }, "geometry": { "type": "Point", "coordinates": [ -78.29561363002523, 35.800343821868637 ] } },
{ "type": "Feature", "properties": { "id": "37_29", "growth_scenario": "higher", "market_gravity_weight": 75 }, "geometry": { "type": "Point", "coordinates": [ -81.543566988658867, 35.310164526364055 ] } },
{ "type": "Feature", "properties": { "id": "37_3", "growth_scenario": "higher", "market_gravity_weight": 75 }, "geometry": { "type": "Point", "coordinates": [ -78.306982101865842, 35.802239245486533 ] } },
{ "type": "Feature", "properties": { "id": "37_30", "growth_scenario": "higher", "market_gravity_weight": 75 }, "geometry": { "type": "Point", "coordinates": [ -78.291840453561406, 35.801410755011659 ] } },
{ "type": "Feature", "properties": { "id": "37_31", "growth_scenario": "higher", "market_gravity_weight": 75 }, "geometry": { "type": "Point", "coordinates": [ -81.516762232876189, 35.298896175932697 ] } },
{ "type": "Feature", "properties": { "id": "37_32", "growth_scenario": "higher", "market_gravity_weight": 75 }, "geometry": { "type": "Point", "coordinates": [ -81.542434676161363, 35.306680096293341 ] } },
{ "type": "Feature", "properties": { "id": "37_4", "growth_scenario": "higher", "market_gravity_weight": 75 }, "geometry": { "type": "Point", "coordinates": [ -78.290908723567767, 35.811631222565239 ] } },
{ "type": "Feature", "properties": { "id": "37_5", "growth_scenario": "higher", "market_gravity_weight": 75 }, "geometry": { "type": "Point", "coordinates": [ -78.303229660779309, 35.803218769499956 ] } },
{ "type": "Feature", "properties": { "id": "37_6", "growth_scenario": "higher", "market_gravity_weight": 75 }, "geometry": { "type": "Point", "coordinates": [ -78.298632763841283, 35.804888848188156 ] } },
{ "type": "Feature", "properties": { "id": "37_7", "growth_scenario": "higher", "market_gravity_weight": 75 }, "geometry": { "type": "Point", "coordinates": [ -78.291309855904231, 35.808965148049737 ] } },
{ "type": "Feature", "properties": { "id": "37_8", "growth_scenario": "higher", "market_gravity_weight": 75 }, "geometry": { "type": "Point", "coordinates": [ -78.294749689102176, 35.805939330102035 ] } },
{ "type": "Feature", "properties": { "id": "37_9", "growth_scenario": "higher", "market_gravity_weight": 75 }, "geometry": { "type": "Point", "coordinates": [ -78.307869173999549, 35.79991906372782 ] } },
{ "type": "Feature", "properties": { "id": "38_0", "growth_scenario": "higher", "market_gravity_weight": 75 }, "geometry": { "type": "Point", "coordinates": [ -96.88481480930065, 46.777310370497396 ] } },
{ "type": "Feature", "properties": { "id": "38_1", "growth_scenario": "higher", "market_gravity_weight": 75 }, "geometry": { "type": "Point", "coordinates": [ -96.8793963049703, 46.889165018107136 ] } },
{ "type": "Feature", "properties": { "id": "38_10", "growth_scenario": "higher", "market_gravity_weight": 75 }, "geometry": { "type": "Point", "coordinates": [ -96.891086394312438, 46.778082564670797 ] } },
{ "type": "Feature", "properties": { "id": "38_11", "growth_scenario": "higher", "market_gravity_weight": 75 }, "geometry": { "type": "Point", "coordinates": [ -97.05031351081287, 46.873420748423911 ] } },
{ "type": "Feature", "properties": { "id": "38_12", "growth_scenario": "higher", "market_gravity_weight": 75 }, "geometry": { "type": "Point", "coordinates": [ -97.04720460450514, 46.875070528516702 ] } },
{ "type": "Feature", "properties": { "id": "38_13", "growth_scenario": "higher", "market_gravity_weight": 75 }, "geometry": { "type": "Point", "coordinates": [ -96.885780087041866, 46.781187372566535 ] } },
{ "type": "Feature", "properties": { "id": "38_14", "growth_scenario": "higher", "market_gravity_weight": 75 }, "geometry": { "type": "Point", "coordinates": [ -96.899736769121333, 46.781096602192044 ] } },
{ "type": "Feature", "properties": { "id": "38_15", "growth_scenario": "higher", "market_gravity_weight": 75 }, "geometry": { "type": "Point", "coordinates": [ -97.05711432031363, 46.873910618331109 ] } },
{ "type": "Feature", "properties": { "id": "38_16", "growth_scenario": "higher", "market_gravity_weight": 75 }, "geometry": { "type": "Point", "coordinates": [ -96.913443868880236, 46.772426893925704 ] } },
{ "type": "Feature", "properties": { "id": "38_17", "growth_scenario": "higher", "market_gravity_weight": 75 }, "geometry": { "type": "Point", "coordinates": [ -96.895154302210074, 46.779862248926449 ] } },
{ "type": "Feature", "properties": { "id": "38_18", "growth_scenario": "higher", "market_gravity_weight": 75 }, "geometry": { "type": "Point", "coordinates": [ -97.047673804639615, 46.871724517716267 ] } },
{ "type": "Feature", "properties": { "id": "38_19", "growth_scenario": "higher", "market_gravity_weight": 75 }, "geometry": { "type": "Point", "coordinates": [ -96.898217662422013, 46.899161454137179 ] } },
{ "type": "Feature", "properties": { "id": "38_2", "growth_scenario": "higher", "market_gravity_weight": 75 }, "geometry": { "type": "Point", "coordinates": [ -96.872621881743484, 46.910348219725108 ] } },
{ "type": "Feature", "properties": { "id": "38_20", "growth_scenario": "higher", "market_gravity_weight": 75 }, "geometry": { "type": "Point", "coordinates": [ -97.051171483132052, 46.869891099613007 ] } },
{ "type": "Feature", "properties": { "id": "38_21", "growth_scenario": "higher", "market_gravity_weight": 75 }, "geometry": { "type": "Point", "coordinates": [ -96.891782608766746, 46.781329124252096 ] } },
{ "type": "Feature", "properties": { "id": "38_22", "growth_scenario": "higher", "market_gravity_weight": 75 }, "geometry": { "type": "Point", "coordinates": [ -96.872975704325341, 46.98615469597717 ] } },
{ "type": "Feature", "properties": { "id": "38_23", "growth_scenario": "higher", "market_gravity_weight": 75 }, "geometry": { "type": "Point", "coordinates": [ -96.913270835729932, 46.769357658242853 ] } },
{ "type": "Feature", "properties": { "id": "38_24", "growth_scenario": "higher", "market_gravity_weight": 75 }, "geometry": { "type": "Point", "coordinates": [ -97.048311529137777, 46.878946584821186 ] } },
{ "type": "Feature", "properties": { "id": "38_25", "growth_scenario": "higher", "market_gravity_weight": 75 }, "geometry": { "type": "Point", "coordinates": [ -96.875495494411027, 46.988668976878863 ] } },
{ "type": "Feature", "properties": { "id": "38_26", "growth_scenario": "higher", "market_gravity_weight": 75 }, "geometry": { "type": "Point", "coordinates": [ -97.056143378125526, 46.870394987647082 ] } },
{ "type": "Feature", "properties": { "id": "38_27", "growth_scenario": "higher", "market_gravity_weight": 75 }, "geometry": { "type": "Point", "coordinates": [ -96.89968349181224, 46.901229742294277 ] } },
{ "type": "Feature", "properties": { "id": "38_28", "growth_scenario": "higher", "market_gravity_weight": 75 }, "geometry": { "type": "Point", "coordinates": [ -96.855675285498165, 46.913797517683371 ] } },
{ "type": "Feature", "properties": { "id": "38_29", "growth_scenario": "higher", "market_gravity_weight": 75 }, "geometry": { "type": "Point", "coordinates": [ -96.87813668474449, 46.765613559840595 ] } },
{ "type": "Feature", "properties": { "id": "38_3", "growth_scenario": "higher", "market_gravity_weight": 75 }, "geometry": { "type": "Point", "coordinates": [ -96.905182779213789, 46.778712790478878 ] } },
{ "type": "Feature", "properties": { "id": "38_30", "growth_scenario": "higher", "market_gravity_weight": 75 }, "geometry": { "type": "Point", "coordinates": [ -96.855591654734269, 46.917411894776485 ] } },
{ "type": "Feature", "properties": { "id": "38_31", "growth_scenario": "higher", "market_gravity_weight": 75 }, "geometry": { "type": "Point", "coordinates": [ -97.04478880935271, 46.8710237990514 ] } },
{ "type": "Feature", "properties": { "id": "38_32", "growth_scenario": "higher", "market_gravity_weight": 75 }, "geometry": { "type": "Point", "coordinates": [ -97.043007540364997, 46.87401841110492 ] } },
{ "type": "Feature", "properties": { "id": "38_33", "growth_scenario": "higher", "market_gravity_weight": 75 }, "geometry": { "type": "Point", "coordinates": [ -96.897709819261436, 46.766389966904498 ] } },
{ "type": "Feature", "properties": { "id": "38_34", "growth_scenario": "higher", "market_gravity_weight": 75 }, "geometry": { "type": "Point", "coordinates": [ -96.911788747957473, 46.765935938441409 ] } },
{ "type": "Feature", "properties": { "id": "38_35", "growth_scenario": "higher", "market_gravity_weight": 75 }, "geometry": { "type": "Point", "coordinates": [ -96.855108813695111, 46.920486709442024 ] } },
{ "type": "Feature", "properties": { "id": "38_36", "growth_scenario": "higher", "market_gravity_weight": 75 }, "geometry": { "type": "Point", "coordinates": [ -96.88491197225396, 46.784534391381094 ] } },
{ "type": "Feature", "properties": { "id": "38_37", "growth_scenario": "higher", "market_gravity_weight": 75 }, "geometry": { "type": "Point", "coordinates": [ -96.87538393059485, 46.990115575529195 ] } },
{ "type": "Feature", "properties": { "id": "38_38", "growth_scenario": "higher", "market_gravity_weight": 75 }, "geometry": { "type": "Point", "coordinates": [ -96.823272696442444, 46.894029602663124 ] } },
{ "type": "Feature", "properties": { "id": "38_39", "growth_scenario": "higher", "market_gravity_weight": 75 }, "geometry": { "type": "Point", "coordinates": [ -96.889996807618502, 46.78432090060398 ] } },
{ "type": "Feature", "properties": { "id": "38_4", "growth_scenario": "higher", "market_gravity_weight": 75 }, "geometry": { "type": "Point", "coordinates": [ -96.887179574006765, 46.77855940816589 ] } },
{ "type": "Feature", "properties": { "id": "38_40", "growth_scenario": "higher", "market_gravity_weight": 75 }, "geometry": { "type": "Point", "coordinates": [ -97.060606020693854, 46.871715649109234 ] } },
{ "type": "Feature", "properties": { "id": "38_41", "growth_scenario": "higher", "market_gravity_weight": 75 }, "geometry": { "type": "Point", "coordinates": [ -96.884656964999706, 46.7655716856083 ] } },
{ "type": "Feature", "properties": { "id": "38_42", "growth_scenario": "higher", "market_gravity_weight": 75 }, "geometry": { "type": "Point", "coordinates": [ -96.916915290253513, 46.778183381432051 ] } },
{ "type": "Feature", "properties": { "id": "38_43", "growth_scenario": "higher", "market_gravity_weight": 75 }, "geometry": { "type": "Point", "coordinates": [ -96.889745219723608, 46.765719400447217 ] } },
{ "type": "Feature", "properties": { "id": "38_44", "growth_scenario": "higher", "market_gravity_weight": 75 }, "geometry": { "type": "Point", "coordinates": [ -96.89912654854902, 46.784171096477756 ] } },
{ "type": "Feature", "properties": { "id": "38_45", "growth_scenario": "higher", "market_gravity_weight": 75 }, "geometry": { "type": "Point", "coordinates": [ -97.047749695185615, 46.868291205469596 ] } },
{ "type": "Feature", "properties": { "id": "38_46", "growth_scenario": "higher", "market_gravity_weight": 75 }, "geometry": { "type": "Point", "coordinates": [ -96.917719976906355, 46.770411644110347 ] } },
{ "type": "Feature", "properties": { "id": "38_47", "growth_scenario": "higher", "market_gravity_weight": 75 }, "geometry": { "type": "Point", "coordinates": [ -96.924438388113671, 46.868001769537734 ] } },
{ "type": "Feature", "properties": { "id": "38_5", "growth_scenario": "higher", "market_gravity_weight": 75 }, "geometry": { "type": "Point", "coordinates": [ -96.878225982821462, 46.909138051650778 ] } },
{ "type": "Feature", "properties": { "id": "38_6", "growth_scenario": "higher", "market_gravity_weight": 75 }, "geometry": { "type": "Point", "coordinates": [ -96.876097868418839, 46.98477935007088 ] } },
{ "type": "Feature", "properties": { "id": "38_7", "growth_scenario": "higher", "market_gravity_weight": 75 }, "geometry": { "type": "Point", "coordinates": [ -96.874939736580828, 46.888109393573281 ] } },
{ "type": "Feature", "properties": { "id": "38_8", "growth_scenario": "higher", "market_gravity_weight": 75 }, "geometry": { "type": "Point", "coordinates": [ -96.880048390212707, 46.908584329987583 ] } },
{ "type": "Feature", "properties": { "id": "38_9", "growth_scenario": "higher", "market_gravity_weight": 75 }, "geometry": { "type": "Point", "coordinates": [ -96.89917799906739, 46.778391027023552 ] } },
{ "type": "Feature", "properties": { "id": "39_0", "growth_scenario": "higher", "market_gravity_weight": 75 }, "geometry": { "type": "Point", "coordinates": [ -82.992675509632036, 39.856461115937911 ] } },
{ "type": "Feature", "properties": { "id": "39_1", "growth_scenario": "higher", "market_gravity_weight": 75 }, "geometry": { "type": "Point", "coordinates": [ -82.78030345668131, 39.878746732676433 ] } },
{ "type": "Feature", "properties": { "id": "39_10", "growth_scenario": "higher", "market_gravity_weight": 75 }, "geometry": { "type": "Point", "coordinates": [ -82.809258810043445, 39.799360560352461 ] } },
{ "type": "Feature", "properties": { "id": "39_11", "growth_scenario": "higher", "market_gravity_weight": 75 }, "geometry": { "type": "Point", "coordinates": [ -83.064241376625674, 39.832012017925294 ] } },
{ "type": "Feature", "properties": { "id": "39_12", "growth_scenario": "higher", "market_gravity_weight": 75 }, "geometry": { "type": "Point", "coordinates": [ -82.902948262752687, 39.866627265954548 ] } },
{ "type": "Feature", "properties": { "id": "39_13", "growth_scenario": "higher", "market_gravity_weight": 75 }, "geometry": { "type": "Point", "coordinates": [ -83.116232662504757, 39.864411825947016 ] } },
{ "type": "Feature", "properties": { "id": "39_14", "growth_scenario": "higher", "market_gravity_weight": 75 }, "geometry": { "type": "Point", "coordinates": [ -82.987111730763274, 39.854980254991368 ] } },
{ "type": "Feature", "properties": { "id": "39_15", "growth_scenario": "higher", "market_gravity_weight": 75 }, "geometry": { "type": "Point", "coordinates": [ -83.123063978766552, 39.861513948182683 ] } },
{ "type": "Feature", "properties": { "id": "39_16", "growth_scenario": "higher", "market_gravity_weight": 75 }, "geometry": { "type": "Point", "coordinates": [ -82.727409823986349, 39.905035967503139 ] } },
{ "type": "Feature", "properties": { "id": "39_17", "growth_scenario": "higher", "market_gravity_weight": 75 }, "geometry": { "type": "Point", "coordinates": [ -82.798975861831167, 39.803498557879337 ] } },
{ "type": "Feature", "properties": { "id": "39_18", "growth_scenario": "higher", "market_gravity_weight": 75 }, "geometry": { "type": "Point", "coordinates": [ -82.784271069648355, 39.877905307103724 ] } },
{ "type": "Feature", "properties": { "id": "39_19", "growth_scenario": "higher", "market_gravity_weight": 75 }, "geometry": { "type": "Point", "coordinates": [ -82.896076194380441, 39.876177164448265 ] } },
{ "type": "Feature", "properties": { "id": "39_2", "growth_scenario": "higher", "market_gravity_weight": 75 }, "geometry": { "type": "Point", "coordinates": [ -82.903864179641701, 39.869426295831445 ] } },
{ "type": "Feature", "properties": { "id": "39_20", "growth_scenario": "higher", "market_gravity_weight": 75 }, "geometry": { "type": "Point", "coordinates": [ -82.906336469408785, 39.866982765928924 ] } },
{ "type": "Feature", "properties": { "id": "39_21", "growth_scenario": "higher", "market_gravity_weight": 75 }, "geometry": { "type": "Point", "coordinates": [ -83.06833587056262, 39.831085335252993 ] } },
{ "type": "Feature", "properties": { "id": "39_22", "growth_scenario": "higher", "market_gravity_weight": 75 }, "geometry": { "type": "Point", "coordinates": [ -82.985082647245747, 39.863507039671994 ] } },
{ "type": "Feature", "properties": { "id": "39_23", "growth_scenario": "higher", "market_gravity_weight": 75 }, "geometry": { "type": "Point", "coordinates": [ -83.062356490259234, 39.825331178308474 ] } },
{ "type": "Feature", "properties": { "id": "39_24", "growth_scenario": "higher", "market_gravity_weight": 75 }, "geometry": { "type": "Point", "coordinates": [ -83.066858668008706, 39.82543767826148 ] } },
{ "type": "Feature", "properties": { "id": "39_25", "growth_scenario": "higher", "market_gravity_weight": 75 }, "geometry": { "type": "Point", "coordinates": [ -83.192102781259905, 40.063424462280913 ] } },
{ "type": "Feature", "properties": { "id": "39_26", "growth_scenario": "higher", "market_gravity_weight": 75 }, "geometry": { "type": "Point", "coordinates": [ -83.119318992066155, 39.866441639429191 ] } },
{ "type": "Feature", "properties": { "id": "39_27", "growth_scenario": "higher", "market_gravity_weight": 75 }, "geometry": { "type": "Point", "coordinates": [ -82.734143761080176, 39.902146792302929 ] } },
{ "type": "Feature", "properties": { "id": "39_28", "growth_scenario": "higher", "market_gravity_weight": 75 }, "geometry": { "type": "Point", "coordinates": [ -83.123760002981228, 39.864918280652994 ] } },
{ "type": "Feature", "properties": { "id": "39_3", "growth_scenario": "higher", "market_gravity_weight": 75 }, "geometry": { "type": "Point", "coordinates": [ -82.802304083340758, 39.802228924603362 ] } },
{ "type": "Feature", "properties": { "id": "39_4", "growth_scenario": "higher", "market_gravity_weight": 75 }, "geometry": { "type": "Point", "coordinates": [ -82.782628463302842, 39.88034467020961 ] } },
{ "type": "Feature", "properties": { "id": "39_5", "growth_scenario": "higher", "market_gravity_weight": 75 }, "geometry": { "type": "Point", "coordinates": [ -83.062385294394147, 39.829117316732145 ] } },
{ "type": "Feature", "properties": { "id": "39_6", "growth_scenario": "higher", "market_gravity_weight": 75 }, "geometry": { "type": "Point", "coordinates": [ -83.065969296656391, 39.829038535986612 ] } },
{ "type": "Feature", "properties": { "id": "39_7", "growth_scenario": "higher", "market_gravity_weight": 75 }, "geometry": { "type": "Point", "coordinates": [ -83.120779858385518, 39.86362009043772 ] } },
{ "type": "Feature", "properties": { "id": "39_8", "growth_scenario": "higher", "market_gravity_weight": 75 }, "geometry": { "type": "Point", "coordinates": [ -82.730829922269564, 39.904588402517071 ] } },
{ "type": "Feature", "properties": { "id": "39_9", "growth_scenario": "higher", "market_gravity_weight": 75 }, "geometry": { "type": "Point", "coordinates": [ -82.727019242730861, 39.908419092727215 ] } },
{ "type": "Feature", "properties": { "id": "40_0", "growth_scenario": "higher", "market_gravity_weight": 75 }, "geometry": { "type": "Point", "coordinates": [ -95.910535760668211, 36.262459429470951 ] } },
{ "type": "Feature", "properties": { "id": "40_1", "growth_scenario": "higher", "market_gravity_weight": 75 }, "geometry": { "type": "Point", "coordinates": [ -95.908852982934221, 36.260761778372917 ] } },
{ "type": "Feature", "properties": { "id": "40_10", "growth_scenario": "higher", "market_gravity_weight": 75 }, "geometry": { "type": "Point", "coordinates": [ -95.90691869526988, 36.280938159944093 ] } },
{ "type": "Feature", "properties": { "id": "40_11", "growth_scenario": "higher", "market_gravity_weight": 75 }, "geometry": { "type": "Point", "coordinates": [ -95.906824301122342, 36.266385046363169 ] } },
{ "type": "Feature", "properties": { "id": "40_12", "growth_scenario": "higher", "market_gravity_weight": 75 }, "geometry": { "type": "Point", "coordinates": [ -95.906249144719098, 36.277277069315616 ] } },
{ "type": "Feature", "properties": { "id": "40_13", "growth_scenario": "higher", "market_gravity_weight": 75 }, "geometry": { "type": "Point", "coordinates": [ -95.910402365471811, 36.280226564382573 ] } },
{ "type": "Feature", "properties": { "id": "40_14", "growth_scenario": "higher", "market_gravity_weight": 75 }, "geometry": { "type": "Point", "coordinates": [ -95.926825687452009, 36.259077748193931 ] } },
{ "type": "Feature", "properties": { "id": "40_2", "growth_scenario": "higher", "market_gravity_weight": 75 }, "geometry": { "type": "Point", "coordinates": [ -95.910208559370972, 36.25424511602094 ] } },
{ "type": "Feature", "properties": { "id": "40_3", "growth_scenario": "higher", "market_gravity_weight": 75 }, "geometry": { "type": "Point", "coordinates": [ -95.913689029721013, 36.255229798789735 ] } },
{ "type": "Feature", "properties": { "id": "40_4", "growth_scenario": "higher", "market_gravity_weight": 75 }, "geometry": { "type": "Point", "coordinates": [ -95.92177282618259, 36.257735298598448 ] } },
{ "type": "Feature", "properties": { "id": "40_5", "growth_scenario": "higher", "market_gravity_weight": 75 }, "geometry": { "type": "Point", "coordinates": [ -95.904920016104626, 36.262187245917204 ] } },
{ "type": "Feature", "properties": { "id": "40_6", "growth_scenario": "higher", "market_gravity_weight": 75 }, "geometry": { "type": "Point", "coordinates": [ -95.921544488031969, 36.261306479815062 ] } },
{ "type": "Feature", "properties": { "id": "40_7", "growth_scenario": "higher", "market_gravity_weight": 75 }, "geometry": { "type": "Point", "coordinates": [ -95.910756395753623, 36.265852348663714 ] } },
{ "type": "Feature", "properties": { "id": "40_8", "growth_scenario": "higher", "market_gravity_weight": 75 }, "geometry": { "type": "Point", "coordinates": [ -95.913675461198451, 36.267104452059648 ] } },
{ "type": "Feature", "properties": { "id": "40_9", "growth_scenario": "higher", "market_gravity_weight": 75 }, "geometry": { "type": "Point", "coordinates": [ -95.906015457948399, 36.284508730530113 ] } },
{ "type": "Feature", "properties": { "id": "41_0", "growth_scenario": "higher", "market_gravity_weight": 75 }, "geometry": { "type": "Point", "coordinates": [ -120.875460179758619, 44.291320149491234 ] } },
{ "type": "Feature", "properties": { "id": "41_1", "growth_scenario": "higher", "market_gravity_weight": 75 }, "geometry": { "type": "Point", "coordinates": [ -120.871072782450071, 44.291416164323238 ] } },
{ "type": "Feature", "properties": { "id": "41_10", "growth_scenario": "higher", "market_gravity_weight": 75 }, "geometry": { "type": "Point", "coordinates": [ -122.939260706584051, 45.567235409033856 ] } },
{ "type": "Feature", "properties": { "id": "41_11", "growth_scenario": "higher", "market_gravity_weight": 75 }, "geometry": { "type": "Point", "coordinates": [ -120.86592040098094, 44.288778822767576 ] } },
{ "type": "Feature", "properties": { "id": "41_12", "growth_scenario": "higher", "market_gravity_weight": 75 }, "geometry": { "type": "Point", "coordinates": [ -122.928936188598342, 45.570004410295105 ] } },
{ "type": "Feature", "properties": { "id": "41_13", "growth_scenario": "higher", "market_gravity_weight": 75 }, "geometry": { "type": "Point", "coordinates": [ -122.94516854814681, 45.564432508906528 ] } },
{ "type": "Feature", "properties": { "id": "41_14", "growth_scenario": "higher", "market_gravity_weight": 75 }, "geometry": { "type": "Point", "coordinates": [ -120.879194144187267, 44.282896079597691 ] } },
{ "type": "Feature", "properties": { "id": "41_15", "growth_scenario": "higher", "market_gravity_weight": 75 }, "geometry": { "type": "Point", "coordinates": [ -120.873552353691707, 44.282767832845515 ] } },
{ "type": "Feature", "properties": { "id": "41_16", "growth_scenario": "higher", "market_gravity_weight": 75 }, "geometry": { "type": "Point", "coordinates": [ -122.934530734159026, 45.569984389431283 ] } },
{ "type": "Feature", "properties": { "id": "41_17", "growth_scenario": "higher", "market_gravity_weight": 75 }, "geometry": { "type": "Point", "coordinates": [ -122.9488951331831, 45.557014409339416 ] } },
{ "type": "Feature", "properties": { "id": "41_18", "growth_scenario": "higher", "market_gravity_weight": 75 }, "geometry": { "type": "Point", "coordinates": [ -122.942045022528362, 45.54885669604154 ] } },
{ "type": "Feature", "properties": { "id": "41_19", "growth_scenario": "higher", "market_gravity_weight": 75 }, "geometry": { "type": "Point", "coordinates": [ -122.91446892490049, 45.569214532989157 ] } },
{ "type": "Feature", "properties": { "id": "41_2", "growth_scenario": "higher", "market_gravity_weight": 75 }, "geometry": { "type": "Point", "coordinates": [ -122.937500768001257, 45.562346721865687 ] } },
{ "type": "Feature", "properties": { "id": "41_20", "growth_scenario": "higher", "market_gravity_weight": 75 }, "geometry": { "type": "Point", "coordinates": [ -120.869642350628723, 44.282401044861629 ] } },
{ "type": "Feature", "properties": { "id": "41_21", "growth_scenario": "higher", "market_gravity_weight": 75 }, "geometry": { "type": "Point", "coordinates": [ -122.943732883076663, 45.567725898042518 ] } },
{ "type": "Feature", "properties": { "id": "41_22", "growth_scenario": "higher", "market_gravity_weight": 75 }, "geometry": { "type": "Point", "coordinates": [ -122.926486120650992, 45.571817881706629 ] } },
{ "type": "Feature", "properties": { "id": "41_23", "growth_scenario": "higher", "market_gravity_weight": 75 }, "geometry": { "type": "Point", "coordinates": [ -122.938003797157378, 45.570960762181194 ] } },
{ "type": "Feature", "properties": { "id": "41_24", "growth_scenario": "higher", "market_gravity_weight": 75 }, "geometry": { "type": "Point", "coordinates": [ -122.9315220402801, 45.572380953569876 ] } },
{ "type": "Feature", "properties": { "id": "41_25", "growth_scenario": "higher", "market_gravity_weight": 75 }, "geometry": { "type": "Point", "coordinates": [ -122.903521436479693, 45.568547270041414 ] } },
{ "type": "Feature", "properties": { "id": "41_26", "growth_scenario": "higher", "market_gravity_weight": 75 }, "geometry": { "type": "Point", "coordinates": [ -120.862873074782144, 44.286203354893232 ] } },
{ "type": "Feature", "properties": { "id": "41_27", "growth_scenario": "higher", "market_gravity_weight": 75 }, "geometry": { "type": "Point", "coordinates": [ -122.939439390459839, 45.546109751475825 ] } },
{ "type": "Feature", "properties": { "id": "41_28", "growth_scenario": "higher", "market_gravity_weight": 75 }, "geometry": { "type": "Point", "coordinates": [ -122.920113111252974, 45.571246938602798 ] } },
{ "type": "Feature", "properties": { "id": "41_29", "growth_scenario": "higher", "market_gravity_weight": 75 }, "geometry": { "type": "Point", "coordinates": [ -120.880154060625713, 44.280947539021994 ] } },
{ "type": "Feature", "properties": { "id": "41_3", "growth_scenario": "higher", "market_gravity_weight": 75 }, "geometry": { "type": "Point", "coordinates": [ -122.94150207556109, 45.561058968192562 ] } },
{ "type": "Feature", "properties": { "id": "41_30", "growth_scenario": "higher", "market_gravity_weight": 75 }, "geometry": { "type": "Point", "coordinates": [ -122.947641612313561, 45.568144155455713 ] } },
{ "type": "Feature", "properties": { "id": "41_31", "growth_scenario": "higher", "market_gravity_weight": 75 }, "geometry": { "type": "Point", "coordinates": [ -120.871993962485959, 44.280000667055255 ] } },
{ "type": "Feature", "properties": { "id": "41_32", "growth_scenario": "higher", "market_gravity_weight": 75 }, "geometry": { "type": "Point", "coordinates": [ -122.935189798669001, 45.573505047205565 ] } },
{ "type": "Feature", "properties": { "id": "41_33", "growth_scenario": "higher", "market_gravity_weight": 75 }, "geometry": { "type": "Point", "coordinates": [ -120.874954470172526, 44.278877040059641 ] } },
{ "type": "Feature", "properties": { "id": "41_34", "growth_scenario": "higher", "market_gravity_weight": 75 }, "geometry": { "type": "Point", "coordinates": [ -120.864098124005665, 44.28253240290254 ] } },
{ "type": "Feature", "properties": { "id": "41_35", "growth_scenario": "higher", "market_gravity_weight": 75 }, "geometry": { "type": "Point", "coordinates": [ -120.884413093998759, 44.28189744430675 ] } },
{ "type": "Feature", "properties": { "id": "41_36", "growth_scenario": "higher", "market_gravity_weight": 75 }, "geometry": { "type": "Point", "coordinates": [ -122.91376307499273, 45.573951419705956 ] } },
{ "type": "Feature", "properties": { "id": "41_37", "growth_scenario": "higher", "market_gravity_weight": 75 }, "geometry": { "type": "Point", "coordinates": [ -122.944274053457249, 45.545869590338349 ] } },
{ "type": "Feature", "properties": { "id": "41_38", "growth_scenario": "higher", "market_gravity_weight": 75 }, "geometry": { "type": "Point", "coordinates": [ -122.95237645501085, 45.56380010173379 ] } },
{ "type": "Feature", "properties": { "id": "41_39", "growth_scenario": "higher", "market_gravity_weight": 75 }, "geometry": { "type": "Point", "coordinates": [ -122.947148999263476, 45.570494649909485 ] } },
{ "type": "Feature", "properties": { "id": "41_4", "growth_scenario": "higher", "market_gravity_weight": 75 }, "geometry": { "type": "Point", "coordinates": [ -120.883723181003631, 44.290110915102261 ] } },
{ "type": "Feature", "properties": { "id": "41_40", "growth_scenario": "higher", "market_gravity_weight": 75 }, "geometry": { "type": "Point", "coordinates": [ -122.900815666248477, 45.574255004607458 ] } },
{ "type": "Feature", "properties": { "id": "41_41", "growth_scenario": "higher", "market_gravity_weight": 75 }, "geometry": { "type": "Point", "coordinates": [ -122.906813199896163, 45.576496955692043 ] } },
{ "type": "Feature", "properties": { "id": "41_42", "growth_scenario": "higher", "market_gravity_weight": 75 }, "geometry": { "type": "Point", "coordinates": [ -120.866473797997642, 44.279848905930848 ] } },
{ "type": "Feature", "properties": { "id": "41_43", "growth_scenario": "higher", "market_gravity_weight": 75 }, "geometry": { "type": "Point", "coordinates": [ -122.901971727171457, 45.576080644203216 ] } },
{ "type": "Feature", "properties": { "id": "41_44", "growth_scenario": "higher", "market_gravity_weight": 75 }, "geometry": { "type": "Point", "coordinates": [ -122.943064954066884, 45.572549318561876 ] } },
{ "type": "Feature", "properties": { "id": "41_45", "growth_scenario": "higher", "market_gravity_weight": 75 }, "geometry": { "type": "Point", "coordinates": [ -120.891316487177903, 44.290236908380635 ] } },
{ "type": "Feature", "properties": { "id": "41_46", "growth_scenario": "higher", "market_gravity_weight": 75 }, "geometry": { "type": "Point", "coordinates": [ -120.883703682162263, 44.302190616567565 ] } },
{ "type": "Feature", "properties": { "id": "41_47", "growth_scenario": "higher", "market_gravity_weight": 75 }, "geometry": { "type": "Point", "coordinates": [ -122.955466139739499, 45.560636425332746 ] } },
{ "type": "Feature", "properties": { "id": "41_48", "growth_scenario": "higher", "market_gravity_weight": 75 }, "geometry": { "type": "Point", "coordinates": [ -120.878441920585047, 44.302732693656779 ] } },
{ "type": "Feature", "properties": { "id": "41_49", "growth_scenario": "higher", "market_gravity_weight": 75 }, "geometry": { "type": "Point", "coordinates": [ -122.955794624601936, 45.557569633024833 ] } },
{ "type": "Feature", "properties": { "id": "41_5", "growth_scenario": "higher", "market_gravity_weight": 75 }, "geometry": { "type": "Point", "coordinates": [ -122.940414847132189, 45.563906014437421 ] } },
{ "type": "Feature", "properties": { "id": "41_50", "growth_scenario": "higher", "market_gravity_weight": 75 }, "geometry": { "type": "Point", "coordinates": [ -122.911654732984772, 45.576913094341684 ] } },
{ "type": "Feature", "properties": { "id": "41_51", "growth_scenario": "higher", "market_gravity_weight": 75 }, "geometry": { "type": "Point", "coordinates": [ -120.87929110852069, 44.277954467845241 ] } },
{ "type": "Feature", "properties": { "id": "41_52", "growth_scenario": "higher", "market_gravity_weight": 75 }, "geometry": { "type": "Point", "coordinates": [ -122.951273571325586, 45.569181402947123 ] } },
{ "type": "Feature", "properties": { "id": "41_53", "growth_scenario": "higher", "market_gravity_weight": 75 }, "geometry": { "type": "Point", "coordinates": [ -120.883040693041494, 44.279280515017689 ] } },
{ "type": "Feature", "properties": { "id": "41_54", "growth_scenario": "higher", "market_gravity_weight": 75 }, "geometry": { "type": "Point", "coordinates": [ -122.915671187552746, 45.577591512672861 ] } },
{ "type": "Feature", "properties": { "id": "41_55", "growth_scenario": "higher", "market_gravity_weight": 75 }, "geometry": { "type": "Point", "coordinates": [ -122.955416332107035, 45.554085246603165 ] } },
{ "type": "Feature", "properties": { "id": "41_56", "growth_scenario": "higher", "market_gravity_weight": 75 }, "geometry": { "type": "Point", "coordinates": [ -122.890526235945387, 45.566798044377833 ] } },
{ "type": "Feature", "properties": { "id": "41_57", "growth_scenario": "higher", "market_gravity_weight": 75 }, "geometry": { "type": "Point", "coordinates": [ -120.892984929895647, 44.29502670690259 ] } },
{ "type": "Feature", "properties": { "id": "41_58", "growth_scenario": "higher", "market_gravity_weight": 75 }, "geometry": { "type": "Point", "coordinates": [ -120.860055392180584, 44.285627415450442 ] } },
{ "type": "Feature", "properties": { "id": "41_59", "growth_scenario": "higher", "market_gravity_weight": 75 }, "geometry": { "type": "Point", "coordinates": [ -122.942623463923113, 45.574701849571717 ] } },
{ "type": "Feature", "properties": { "id": "41_6", "growth_scenario": "higher", "market_gravity_weight": 75 }, "geometry": { "type": "Point", "coordinates": [ -122.931175998733337, 45.568327629707035 ] } },
{ "type": "Feature", "properties": { "id": "41_60", "growth_scenario": "higher", "market_gravity_weight": 75 }, "geometry": { "type": "Point", "coordinates": [ -122.89669419459635, 45.57622188130847 ] } },
{ "type": "Feature", "properties": { "id": "41_61", "growth_scenario": "higher", "market_gravity_weight": 75 }, "geometry": { "type": "Point", "coordinates": [ -122.908906531010786, 45.578974534041144 ] } },
{ "type": "Feature", "properties": { "id": "41_62", "growth_scenario": "higher", "market_gravity_weight": 75 }, "geometry": { "type": "Point", "coordinates": [ -120.892057160988941, 44.288051492803717 ] } },
{ "type": "Feature", "properties": { "id": "41_63", "growth_scenario": "higher", "market_gravity_weight": 75 }, "geometry": { "type": "Point", "coordinates": [ -122.888504319240013, 45.569647764746762 ] } },
{ "type": "Feature", "properties": { "id": "41_64", "growth_scenario": "higher", "market_gravity_weight": 75 }, "geometry": { "type": "Point", "coordinates": [ -122.956776812909894, 45.564117364517735 ] } },
{ "type": "Feature", "properties": { "id": "41_65", "growth_scenario": "higher", "market_gravity_weight": 75 }, "geometry": { "type": "Point", "coordinates": [ -120.861183090437635, 44.28169648240786 ] } },
{ "type": "Feature", "properties": { "id": "41_66", "growth_scenario": "higher", "market_gravity_weight": 75 }, "geometry": { "type": "Point", "coordinates": [ -122.892304664045056, 45.574963134437091 ] } },
{ "type": "Feature", "properties": { "id": "41_67", "growth_scenario": "higher", "market_gravity_weight": 75 }, "geometry": { "type": "Point", "coordinates": [ -122.918965364732287, 45.578136352659058 ] } },
{ "type": "Feature", "properties": { "id": "41_68", "growth_scenario": "higher", "market_gravity_weight": 75 }, "geometry": { "type": "Point", "coordinates": [ -122.952400035422841, 45.571575331791323 ] } },
{ "type": "Feature", "properties": { "id": "41_69", "growth_scenario": "higher", "market_gravity_weight": 75 }, "geometry": { "type": "Point", "coordinates": [ -122.95616658422783, 45.567148186610574 ] } },
{ "type": "Feature", "properties": { "id": "41_7", "growth_scenario": "higher", "market_gravity_weight": 75 }, "geometry": { "type": "Point", "coordinates": [ -122.944148533159108, 45.552643769982069 ] } },
{ "type": "Feature", "properties": { "id": "41_70", "growth_scenario": "higher", "market_gravity_weight": 75 }, "geometry": { "type": "Point", "coordinates": [ -120.857274003670582, 44.287923871588482 ] } },
{ "type": "Feature", "properties": { "id": "41_71", "growth_scenario": "higher", "market_gravity_weight": 75 }, "geometry": { "type": "Point", "coordinates": [ -122.912538477124315, 45.580012850785245 ] } },
{ "type": "Feature", "properties": { "id": "41_72", "growth_scenario": "higher", "market_gravity_weight": 75 }, "geometry": { "type": "Point", "coordinates": [ -122.959256601611628, 45.561734648050553 ] } },
{ "type": "Feature", "properties": { "id": "41_73", "growth_scenario": "higher", "market_gravity_weight": 75 }, "geometry": { "type": "Point", "coordinates": [ -120.863218611407021, 44.278799448114363 ] } },
{ "type": "Feature", "properties": { "id": "41_74", "growth_scenario": "higher", "market_gravity_weight": 75 }, "geometry": { "type": "Point", "coordinates": [ -122.897362593505946, 45.57880325111514 ] } },
{ "type": "Feature", "properties": { "id": "41_75", "growth_scenario": "higher", "market_gravity_weight": 75 }, "geometry": { "type": "Point", "coordinates": [ -122.887648949454217, 45.56532407804179 ] } },
{ "type": "Feature", "properties": { "id": "41_76", "growth_scenario": "higher", "market_gravity_weight": 75 }, "geometry": { "type": "Point", "coordinates": [ -120.867254227094392, 44.276727362075761 ] } },
{ "type": "Feature", "properties": { "id": "41_77", "growth_scenario": "higher", "market_gravity_weight": 75 }, "geometry": { "type": "Point", "coordinates": [ -122.905098089523477, 45.580409066517809 ] } },
{ "type": "Feature", "properties": { "id": "41_78", "growth_scenario": "higher", "market_gravity_weight": 75 }, "geometry": { "type": "Point", "coordinates": [ -120.88765499979948, 44.279790753303928 ] } },
{ "type": "Feature", "properties": { "id": "41_8", "growth_scenario": "higher", "market_gravity_weight": 75 }, "geometry": { "type": "Point", "coordinates": [ -122.944974776278087, 45.562035139356446 ] } },
{ "type": "Feature", "properties": { "id": "41_9", "growth_scenario": "higher", "market_gravity_weight": 75 }, "geometry": { "type": "Point", "coordinates": [ -122.947086069734766, 45.559728181454346 ] } },
{ "type": "Feature", "properties": { "id": "42_0", "growth_scenario": "higher", "market_gravity_weight": 75 }, "geometry": { "type": "Point", "coordinates": [ -77.704529417614864, 39.777045634132648 ] } },
{ "type": "Feature", "properties": { "id": "42_1", "growth_scenario": "higher", "market_gravity_weight": 75 }, "geometry": { "type": "Point", "coordinates": [ -77.687631919155493, 39.861290879402361 ] } },
{ "type": "Feature", "properties": { "id": "42_10", "growth_scenario": "higher", "market_gravity_weight": 75 }, "geometry": { "type": "Point", "coordinates": [ -77.64072709436013, 39.982759564880268 ] } },
{ "type": "Feature", "properties": { "id": "42_11", "growth_scenario": "higher", "market_gravity_weight": 75 }, "geometry": { "type": "Point", "coordinates": [ -77.635128891678022, 39.984387519827308 ] } },
{ "type": "Feature", "properties": { "id": "42_12", "growth_scenario": "higher", "market_gravity_weight": 75 }, "geometry": { "type": "Point", "coordinates": [ -77.61858026304418, 39.996672995763433 ] } },
{ "type": "Feature", "properties": { "id": "42_13", "growth_scenario": "higher", "market_gravity_weight": 75 }, "geometry": { "type": "Point", "coordinates": [ -77.614724679947457, 39.999467521228908 ] } },
{ "type": "Feature", "properties": { "id": "42_14", "growth_scenario": "higher", "market_gravity_weight": 75 }, "geometry": { "type": "Point", "coordinates": [ -77.707289797274811, 39.775180236343246 ] } },
{ "type": "Feature", "properties": { "id": "42_15", "growth_scenario": "higher", "market_gravity_weight": 75 }, "geometry": { "type": "Point", "coordinates": [ -77.703489607827564, 39.780619794301941 ] } },
{ "type": "Feature", "properties": { "id": "42_16", "growth_scenario": "higher", "market_gravity_weight": 75 }, "geometry": { "type": "Point", "coordinates": [ -77.005872390413543, 39.820106156361568 ] } },
{ "type": "Feature", "properties": { "id": "42_17", "growth_scenario": "higher", "market_gravity_weight": 75 }, "geometry": { "type": "Point", "coordinates": [ -77.697309049198878, 39.869902176359517 ] } },
{ "type": "Feature", "properties": { "id": "42_18", "growth_scenario": "higher", "market_gravity_weight": 75 }, "geometry": { "type": "Point", "coordinates": [ -77.706082747593044, 39.870832612203138 ] } },
{ "type": "Feature", "properties": { "id": "42_19", "growth_scenario": "higher", "market_gravity_weight": 75 }, "geometry": { "type": "Point", "coordinates": [ -77.682988452951733, 39.892338865405726 ] } },
{ "type": "Feature", "properties": { "id": "42_2", "growth_scenario": "higher", "market_gravity_weight": 75 }, "geometry": { "type": "Point", "coordinates": [ -77.686129804103061, 39.865251707527307 ] } },
{ "type": "Feature", "properties": { "id": "42_20", "growth_scenario": "higher", "market_gravity_weight": 75 }, "geometry": { "type": "Point", "coordinates": [ -77.569127322843329, 39.905762194758211 ] } },
{ "type": "Feature", "properties": { "id": "42_21", "growth_scenario": "higher", "market_gravity_weight": 75 }, "geometry": { "type": "Point", "coordinates": [ -77.684922178414752, 39.931905344530591 ] } },
{ "type": "Feature", "properties": { "id": "42_22", "growth_scenario": "higher", "market_gravity_weight": 75 }, "geometry": { "type": "Point", "coordinates": [ -77.606758312428582, 39.941538584850377 ] } },
{ "type": "Feature", "properties": { "id": "42_23", "growth_scenario": "higher", "market_gravity_weight": 75 }, "geometry": { "type": "Point", "coordinates": [ -77.689901965716373, 39.932185202490231 ] } },
{ "type": "Feature", "properties": { "id": "42_24", "growth_scenario": "higher", "market_gravity_weight": 75 }, "geometry": { "type": "Point", "coordinates": [ -77.642466051930498, 39.978833334115812 ] } },
{ "type": "Feature", "properties": { "id": "42_25", "growth_scenario": "higher", "market_gravity_weight": 75 }, "geometry": { "type": "Point", "coordinates": [ -77.636671544086084, 39.982614862201068 ] } },
{ "type": "Feature", "properties": { "id": "42_26", "growth_scenario": "higher", "market_gravity_weight": 75 }, "geometry": { "type": "Point", "coordinates": [ -77.630463429201313, 39.9828792847416 ] } },
{ "type": "Feature", "properties": { "id": "42_27", "growth_scenario": "higher", "market_gravity_weight": 75 }, "geometry": { "type": "Point", "coordinates": [ -77.615996866835232, 39.994562838216297 ] } },
{ "type": "Feature", "properties": { "id": "42_28", "growth_scenario": "higher", "market_gravity_weight": 75 }, "geometry": { "type": "Point", "coordinates": [ -77.612004965554547, 39.997882780029506 ] } },
{ "type": "Feature", "properties": { "id": "42_29", "growth_scenario": "higher", "market_gravity_weight": 75 }, "geometry": { "type": "Point", "coordinates": [ -77.61809490129167, 40.001330308592848 ] } },
{ "type": "Feature", "properties": { "id": "42_3", "growth_scenario": "higher", "market_gravity_weight": 75 }, "geometry": { "type": "Point", "coordinates": [ -77.699867110827853, 39.86837015977688 ] } },
{ "type": "Feature", "properties": { "id": "42_30", "growth_scenario": "higher", "market_gravity_weight": 75 }, "geometry": { "type": "Point", "coordinates": [ -77.554392929659784, 39.748685956782118 ] } },
{ "type": "Feature", "properties": { "id": "42_31", "growth_scenario": "higher", "market_gravity_weight": 75 }, "geometry": { "type": "Point", "coordinates": [ -77.702577513109162, 39.775302677412192 ] } },
{ "type": "Feature", "properties": { "id": "42_32", "growth_scenario": "higher", "market_gravity_weight": 75 }, "geometry": { "type": "Point", "coordinates": [ -77.006765824141183, 39.822610573284152 ] } },
{ "type": "Feature", "properties": { "id": "42_33", "growth_scenario": "higher", "market_gravity_weight": 75 }, "geometry": { "type": "Point", "coordinates": [ -77.702492774514795, 39.866575309908335 ] } },
{ "type": "Feature", "properties": { "id": "42_34", "growth_scenario": "higher", "market_gravity_weight": 75 }, "geometry": { "type": "Point", "coordinates": [ -77.707782121345971, 39.868901058885669 ] } },
{ "type": "Feature", "properties": { "id": "42_35", "growth_scenario": "higher", "market_gravity_weight": 75 }, "geometry": { "type": "Point", "coordinates": [ -77.701053989596517, 39.873091425960126 ] } },
{ "type": "Feature", "properties": { "id": "42_36", "growth_scenario": "higher", "market_gravity_weight": 75 }, "geometry": { "type": "Point", "coordinates": [ -77.684224709518475, 39.91643545527414 ] } },
{ "type": "Feature", "properties": { "id": "42_37", "growth_scenario": "higher", "market_gravity_weight": 75 }, "geometry": { "type": "Point", "coordinates": [ -77.604569943834647, 39.934666369525615 ] } },
{ "type": "Feature", "properties": { "id": "42_38", "growth_scenario": "higher", "market_gravity_weight": 75 }, "geometry": { "type": "Point", "coordinates": [ -77.599674380450224, 39.937305840134989 ] } },
{ "type": "Feature", "properties": { "id": "42_39", "growth_scenario": "higher", "market_gravity_weight": 75 }, "geometry": { "type": "Point", "coordinates": [ -77.61829667620367, 39.938336482913918 ] } },
{ "type": "Feature", "properties": { "id": "42_4", "growth_scenario": "higher", "market_gravity_weight": 75 }, "geometry": { "type": "Point", "coordinates": [ -77.703456166333225, 39.868899562709217 ] } },
{ "type": "Feature", "properties": { "id": "42_40", "growth_scenario": "higher", "market_gravity_weight": 75 }, "geometry": { "type": "Point", "coordinates": [ -77.623712589810367, 39.937865036928201 ] } },
{ "type": "Feature", "properties": { "id": "42_41", "growth_scenario": "higher", "market_gravity_weight": 75 }, "geometry": { "type": "Point", "coordinates": [ -77.62534373801239, 39.944108540144597 ] } },
{ "type": "Feature", "properties": { "id": "42_42", "growth_scenario": "higher", "market_gravity_weight": 75 }, "geometry": { "type": "Point", "coordinates": [ -77.619146099460963, 39.945737593858915 ] } },
{ "type": "Feature", "properties": { "id": "42_43", "growth_scenario": "higher", "market_gravity_weight": 75 }, "geometry": { "type": "Point", "coordinates": [ -77.66123971431054, 39.95232500180316 ] } },
{ "type": "Feature", "properties": { "id": "42_44", "growth_scenario": "higher", "market_gravity_weight": 75 }, "geometry": { "type": "Point", "coordinates": [ -77.664719463115816, 39.953293482052196 ] } },
{ "type": "Feature", "properties": { "id": "42_45", "growth_scenario": "higher", "market_gravity_weight": 75 }, "geometry": { "type": "Point", "coordinates": [ -77.677650228079756, 39.95447443585951 ] } },
{ "type": "Feature", "properties": { "id": "42_46", "growth_scenario": "higher", "market_gravity_weight": 75 }, "geometry": { "type": "Point", "coordinates": [ -77.668603143868339, 39.955958274408573 ] } },
{ "type": "Feature", "properties": { "id": "42_47", "growth_scenario": "higher", "market_gravity_weight": 75 }, "geometry": { "type": "Point", "coordinates": [ -77.699560304735854, 39.776766374590331 ] } },
{ "type": "Feature", "properties": { "id": "42_48", "growth_scenario": "higher", "market_gravity_weight": 75 }, "geometry": { "type": "Point", "coordinates": [ -77.680307461396652, 39.866392353674051 ] } },
{ "type": "Feature", "properties": { "id": "42_49", "growth_scenario": "higher", "market_gravity_weight": 75 }, "geometry": { "type": "Point", "coordinates": [ -77.684573021276677, 39.894118526099419 ] } },
{ "type": "Feature", "properties": { "id": "42_5", "growth_scenario": "higher", "market_gravity_weight": 75 }, "geometry": { "type": "Point", "coordinates": [ -77.679681634680549, 39.911673195518595 ] } },
{ "type": "Feature", "properties": { "id": "42_50", "growth_scenario": "higher", "market_gravity_weight": 75 }, "geometry": { "type": "Point", "coordinates": [ -77.569993862181306, 39.907982737759994 ] } },
{ "type": "Feature", "properties": { "id": "42_51", "growth_scenario": "higher", "market_gravity_weight": 75 }, "geometry": { "type": "Point", "coordinates": [ -77.683213481733318, 39.910103087252963 ] } },
{ "type": "Feature", "properties": { "id": "42_52", "growth_scenario": "higher", "market_gravity_weight": 75 }, "geometry": { "type": "Point", "coordinates": [ -77.686106591740057, 39.913803414664265 ] } },
{ "type": "Feature", "properties": { "id": "42_53", "growth_scenario": "higher", "market_gravity_weight": 75 }, "geometry": { "type": "Point", "coordinates": [ -77.680411488248367, 39.932603802533869 ] } },
{ "type": "Feature", "properties": { "id": "42_54", "growth_scenario": "higher", "market_gravity_weight": 75 }, "geometry": { "type": "Point", "coordinates": [ -77.685569231706225, 39.939184202068652 ] } },
{ "type": "Feature", "properties": { "id": "42_55", "growth_scenario": "higher", "market_gravity_weight": 75 }, "geometry": { "type": "Point", "coordinates": [ -77.614185987243729, 39.944912285107996 ] } },
{ "type": "Feature", "properties": { "id": "42_6", "growth_scenario": "higher", "market_gravity_weight": 75 }, "geometry": { "type": "Point", "coordinates": [ -77.603793137467306, 39.936733931700864 ] } },
{ "type": "Feature", "properties": { "id": "42_7", "growth_scenario": "higher", "market_gravity_weight": 75 }, "geometry": { "type": "Point", "coordinates": [ -77.607016917378502, 39.937757243813799 ] } },
{ "type": "Feature", "properties": { "id": "42_8", "growth_scenario": "higher", "market_gravity_weight": 75 }, "geometry": { "type": "Point", "coordinates": [ -77.603552485253431, 39.939517556802741 ] } },
{ "type": "Feature", "properties": { "id": "42_9", "growth_scenario": "higher", "market_gravity_weight": 75 }, "geometry": { "type": "Point", "coordinates": [ -77.637841093699507, 39.98042329087842 ] } },
{ "type": "Feature", "properties": { "id": "45_0", "growth_scenario": "higher", "market_gravity_weight": 75 }, "geometry": { "type": "Point", "coordinates": [ -80.044432895895241, 33.068717768211947 ] } },
{ "type": "Feature", "properties": { "id": "45_1", "growth_scenario": "higher", "market_gravity_weight": 75 }, "geometry": { "type": "Point", "coordinates": [ -80.04167915101867, 33.070965034065637 ] } },
{ "type": "Feature", "properties": { "id": "45_10", "growth_scenario": "higher", "market_gravity_weight": 75 }, "geometry": { "type": "Point", "coordinates": [ -80.046471281731655, 33.057645847930786 ] } },
{ "type": "Feature", "properties": { "id": "45_11", "growth_scenario": "higher", "market_gravity_weight": 75 }, "geometry": { "type": "Point", "coordinates": [ -80.072682885731155, 33.05397562856438 ] } },
{ "type": "Feature", "properties": { "id": "45_12", "growth_scenario": "higher", "market_gravity_weight": 75 }, "geometry": { "type": "Point", "coordinates": [ -81.916848072372844, 33.637042114776968 ] } },
{ "type": "Feature", "properties": { "id": "45_13", "growth_scenario": "higher", "market_gravity_weight": 75 }, "geometry": { "type": "Point", "coordinates": [ -80.043687251922378, 33.074519398276365 ] } },
{ "type": "Feature", "properties": { "id": "45_14", "growth_scenario": "higher", "market_gravity_weight": 75 }, "geometry": { "type": "Point", "coordinates": [ -80.048724818536215, 33.072866416440412 ] } },
{ "type": "Feature", "properties": { "id": "45_15", "growth_scenario": "higher", "market_gravity_weight": 75 }, "geometry": { "type": "Point", "coordinates": [ -80.076210618099608, 33.059197034323176 ] } },
{ "type": "Feature", "properties": { "id": "45_16", "growth_scenario": "higher", "market_gravity_weight": 75 }, "geometry": { "type": "Point", "coordinates": [ -80.042842871010038, 33.056680146833131 ] } },
{ "type": "Feature", "properties": { "id": "45_17", "growth_scenario": "higher", "market_gravity_weight": 75 }, "geometry": { "type": "Point", "coordinates": [ -80.080019229403021, 33.059278255277313 ] } },
{ "type": "Feature", "properties": { "id": "45_18", "growth_scenario": "higher", "market_gravity_weight": 75 }, "geometry": { "type": "Point", "coordinates": [ -81.918352851374351, 33.632973216542389 ] } },
{ "type": "Feature", "properties": { "id": "45_19", "growth_scenario": "higher", "market_gravity_weight": 75 }, "geometry": { "type": "Point", "coordinates": [ -80.075078906508281, 33.052404407081831 ] } },
{ "type": "Feature", "properties": { "id": "45_2", "growth_scenario": "higher", "market_gravity_weight": 75 }, "geometry": { "type": "Point", "coordinates": [ -80.036054899469292, 33.067991326694539 ] } },
{ "type": "Feature", "properties": { "id": "45_20", "growth_scenario": "higher", "market_gravity_weight": 75 }, "geometry": { "type": "Point", "coordinates": [ -80.076279746999546, 33.047575464805696 ] } },
{ "type": "Feature", "properties": { "id": "45_21", "growth_scenario": "higher", "market_gravity_weight": 75 }, "geometry": { "type": "Point", "coordinates": [ -80.034442260475728, 33.088755589141584 ] } },
{ "type": "Feature", "properties": { "id": "45_22", "growth_scenario": "higher", "market_gravity_weight": 75 }, "geometry": { "type": "Point", "coordinates": [ -81.913274480007544, 33.638593411674535 ] } },
{ "type": "Feature", "properties": { "id": "45_23", "growth_scenario": "higher", "market_gravity_weight": 75 }, "geometry": { "type": "Point", "coordinates": [ -80.072427723884616, 33.050395792548585 ] } },
{ "type": "Feature", "properties": { "id": "45_24", "growth_scenario": "higher", "market_gravity_weight": 75 }, "geometry": { "type": "Point", "coordinates": [ -81.83988487923861, 33.614232586038938 ] } },
{ "type": "Feature", "properties": { "id": "45_3", "growth_scenario": "higher", "market_gravity_weight": 75 }, "geometry": { "type": "Point", "coordinates": [ -80.037354893374555, 33.071264291929339 ] } },
{ "type": "Feature", "properties": { "id": "45_4", "growth_scenario": "higher", "market_gravity_weight": 75 }, "geometry": { "type": "Point", "coordinates": [ -81.833160773344474, 33.616206074759205 ] } },
{ "type": "Feature", "properties": { "id": "45_5", "growth_scenario": "higher", "market_gravity_weight": 75 }, "geometry": { "type": "Point", "coordinates": [ -80.045077671728123, 33.071989143643862 ] } },
{ "type": "Feature", "properties": { "id": "45_6", "growth_scenario": "higher", "market_gravity_weight": 75 }, "geometry": { "type": "Point", "coordinates": [ -80.033055025931731, 33.064478621953505 ] } },
{ "type": "Feature", "properties": { "id": "45_7", "growth_scenario": "higher", "market_gravity_weight": 75 }, "geometry": { "type": "Point", "coordinates": [ -80.032037178410661, 33.066788710356192 ] } },
{ "type": "Feature", "properties": { "id": "45_8", "growth_scenario": "higher", "market_gravity_weight": 75 }, "geometry": { "type": "Point", "coordinates": [ -80.04062361603826, 33.073996821378969 ] } },
{ "type": "Feature", "properties": { "id": "45_9", "growth_scenario": "higher", "market_gravity_weight": 75 }, "geometry": { "type": "Point", "coordinates": [ -81.837115866934084, 33.614975982432384 ] } },
{ "type": "Feature", "properties": { "id": "47_0", "growth_scenario": "higher", "market_gravity_weight": 75 }, "geometry": { "type": "Point", "coordinates": [ -87.269506384756284, 36.625237007282472 ] } },
{ "type": "Feature", "properties": { "id": "47_1", "growth_scenario": "higher", "market_gravity_weight": 75 }, "geometry": { "type": "Point", "coordinates": [ -87.269474006327087, 36.61967687105421 ] } },
{ "type": "Feature", "properties": { "id": "47_10", "growth_scenario": "higher", "market_gravity_weight": 75 }, "geometry": { "type": "Point", "coordinates": [ -87.266235626082249, 36.599809144768457 ] } },
{ "type": "Feature", "properties": { "id": "47_11", "growth_scenario": "higher", "market_gravity_weight": 75 }, "geometry": { "type": "Point", "coordinates": [ -87.273240418013501, 36.629184301602351 ] } },
{ "type": "Feature", "properties": { "id": "47_12", "growth_scenario": "higher", "market_gravity_weight": 75 }, "geometry": { "type": "Point", "coordinates": [ -87.277576360701431, 36.590954164400976 ] } },
{ "type": "Feature", "properties": { "id": "47_13", "growth_scenario": "higher", "market_gravity_weight": 75 }, "geometry": { "type": "Point", "coordinates": [ -87.248979145166146, 36.596218849170732 ] } },
{ "type": "Feature", "properties": { "id": "47_14", "growth_scenario": "higher", "market_gravity_weight": 75 }, "geometry": { "type": "Point", "coordinates": [ -87.26092772501967, 36.616185242913843 ] } },
{ "type": "Feature", "properties": { "id": "47_15", "growth_scenario": "higher", "market_gravity_weight": 75 }, "geometry": { "type": "Point", "coordinates": [ -87.26526163877287, 36.61497737818069 ] } },
{ "type": "Feature", "properties": { "id": "47_2", "growth_scenario": "higher", "market_gravity_weight": 75 }, "geometry": { "type": "Point", "coordinates": [ -87.269297791824982, 36.628000690987562 ] } },
{ "type": "Feature", "properties": { "id": "47_3", "growth_scenario": "higher", "market_gravity_weight": 75 }, "geometry": { "type": "Point", "coordinates": [ -87.272988959297294, 36.626476758420132 ] } },
{ "type": "Feature", "properties": { "id": "47_4", "growth_scenario": "higher", "market_gravity_weight": 75 }, "geometry": { "type": "Point", "coordinates": [ -87.265284062588108, 36.594361164447079 ] } },
{ "type": "Feature", "properties": { "id": "47_5", "growth_scenario": "higher", "market_gravity_weight": 75 }, "geometry": { "type": "Point", "coordinates": [ -87.263479654632377, 36.617626356500651 ] } },
{ "type": "Feature", "properties": { "id": "47_6", "growth_scenario": "higher", "market_gravity_weight": 75 }, "geometry": { "type": "Point", "coordinates": [ -87.267148183039978, 36.617266318925523 ] } },
{ "type": "Feature", "properties": { "id": "47_7", "growth_scenario": "higher", "market_gravity_weight": 75 }, "geometry": { "type": "Point", "coordinates": [ -87.253052868542795, 36.597233578033205 ] } },
{ "type": "Feature", "properties": { "id": "47_8", "growth_scenario": "higher", "market_gravity_weight": 75 }, "geometry": { "type": "Point", "coordinates": [ -87.269109893955246, 36.630586596696233 ] } },
{ "type": "Feature", "properties": { "id": "47_9", "growth_scenario": "higher", "market_gravity_weight": 75 }, "geometry": { "type": "Point", "coordinates": [ -87.250118220033499, 36.593254152018389 ] } },
{ "type": "Feature", "properties": { "id": "48_0", "growth_scenario": "higher", "market_gravity_weight": 75 }, "geometry": { "type": "Point", "coordinates": [ -96.958747459774358, 32.983528714201711 ] } },
{ "type": "Feature", "properties": { "id": "48_1", "growth_scenario": "higher", "market_gravity_weight": 75 }, "geometry": { "type": "Point", "coordinates": [ -96.957534016106791, 32.981119399394082 ] } },
{ "type": "Feature", "properties": { "id": "48_10", "growth_scenario": "higher", "market_gravity_weight": 75 }, "geometry": { "type": "Point", "coordinates": [ -96.972908855168996, 32.95320929828474 ] } },
{ "type": "Feature", "properties": { "id": "48_100", "growth_scenario": "higher", "market_gravity_weight": 75 }, "geometry": { "type": "Point", "coordinates": [ -97.044577129821519, 32.936355115058888 ] } },
{ "type": "Feature", "properties": { "id": "48_101", "growth_scenario": "higher", "market_gravity_weight": 75 }, "geometry": { "type": "Point", "coordinates": [ -97.050458093408579, 32.941678197027827 ] } },
{ "type": "Feature", "properties": { "id": "48_102", "growth_scenario": "higher", "market_gravity_weight": 75 }, "geometry": { "type": "Point", "coordinates": [ -97.034792509527819, 32.928647453692989 ] } },
{ "type": "Feature", "properties": { "id": "48_103", "growth_scenario": "higher", "market_gravity_weight": 75 }, "geometry": { "type": "Point", "coordinates": [ -97.053839995277386, 32.945142089379395 ] } },
{ "type": "Feature", "properties": { "id": "48_104", "growth_scenario": "higher", "market_gravity_weight": 75 }, "geometry": { "type": "Point", "coordinates": [ -98.691988079885576, 29.468839555493844 ] } },
{ "type": "Feature", "properties": { "id": "48_105", "growth_scenario": "higher", "market_gravity_weight": 75 }, "geometry": { "type": "Point", "coordinates": [ -97.047604938666197, 32.937492390738058 ] } },
{ "type": "Feature", "properties": { "id": "48_106", "growth_scenario": "higher", "market_gravity_weight": 75 }, "geometry": { "type": "Point", "coordinates": [ -98.782004283227238, 29.428206599611254 ] } },
{ "type": "Feature", "properties": { "id": "48_107", "growth_scenario": "higher", "market_gravity_weight": 75 }, "geometry": { "type": "Point", "coordinates": [ -97.058202592326552, 32.949492942089272 ] } },
{ "type": "Feature", "properties": { "id": "48_108", "growth_scenario": "higher", "market_gravity_weight": 75 }, "geometry": { "type": "Point", "coordinates": [ -98.7729573983394, 29.410383718800425 ] } },
{ "type": "Feature", "properties": { "id": "48_109", "growth_scenario": "higher", "market_gravity_weight": 75 }, "geometry": { "type": "Point", "coordinates": [ -97.052142645862162, 32.938884525531506 ] } },
{ "type": "Feature", "properties": { "id": "48_11", "growth_scenario": "higher", "market_gravity_weight": 75 }, "geometry": { "type": "Point", "coordinates": [ -96.955182581491712, 33.009276403235255 ] } },
{ "type": "Feature", "properties": { "id": "48_110", "growth_scenario": "higher", "market_gravity_weight": 75 }, "geometry": { "type": "Point", "coordinates": [ -97.054453343169243, 32.94271675647979 ] } },
{ "type": "Feature", "properties": { "id": "48_111", "growth_scenario": "higher", "market_gravity_weight": 75 }, "geometry": { "type": "Point", "coordinates": [ -97.046920303343924, 32.93454127089619 ] } },
{ "type": "Feature", "properties": { "id": "48_112", "growth_scenario": "higher", "market_gravity_weight": 75 }, "geometry": { "type": "Point", "coordinates": [ -98.783609175060135, 29.433040032710114 ] } },
{ "type": "Feature", "properties": { "id": "48_113", "growth_scenario": "higher", "market_gravity_weight": 75 }, "geometry": { "type": "Point", "coordinates": [ -98.774974051994761, 29.412137627753353 ] } },
{ "type": "Feature", "properties": { "id": "48_114", "growth_scenario": "higher", "market_gravity_weight": 75 }, "geometry": { "type": "Point", "coordinates": [ -97.056498823700338, 32.942787453232981 ] } },
{ "type": "Feature", "properties": { "id": "48_115", "growth_scenario": "higher", "market_gravity_weight": 75 }, "geometry": { "type": "Point", "coordinates": [ -97.034943223044195, 32.923717012054652 ] } },
{ "type": "Feature", "properties": { "id": "48_116", "growth_scenario": "higher", "market_gravity_weight": 75 }, "geometry": { "type": "Point", "coordinates": [ -98.785608161495205, 29.437321661439238 ] } },
{ "type": "Feature", "properties": { "id": "48_117", "growth_scenario": "higher", "market_gravity_weight": 75 }, "geometry": { "type": "Point", "coordinates": [ -97.050698788367981, 32.935492339894623 ] } },
{ "type": "Feature", "properties": { "id": "48_118", "growth_scenario": "higher", "market_gravity_weight": 75 }, "geometry": { "type": "Point", "coordinates": [ -97.724478013469579, 30.201501762257923 ] } },
{ "type": "Feature", "properties": { "id": "48_119", "growth_scenario": "higher", "market_gravity_weight": 75 }, "geometry": { "type": "Point", "coordinates": [ -98.784736504591635, 29.429761376851086 ] } },
{ "type": "Feature", "properties": { "id": "48_12", "growth_scenario": "higher", "market_gravity_weight": 75 }, "geometry": { "type": "Point", "coordinates": [ -98.714737987990759, 29.423320942565777 ] } },
{ "type": "Feature", "properties": { "id": "48_120", "growth_scenario": "higher", "market_gravity_weight": 75 }, "geometry": { "type": "Point", "coordinates": [ -97.061187841403992, 32.947404035821869 ] } },
{ "type": "Feature", "properties": { "id": "48_121", "growth_scenario": "higher", "market_gravity_weight": 75 }, "geometry": { "type": "Point", "coordinates": [ -97.049588487170425, 32.932903620559841 ] } },
{ "type": "Feature", "properties": { "id": "48_122", "growth_scenario": "higher", "market_gravity_weight": 75 }, "geometry": { "type": "Point", "coordinates": [ -98.686305827225155, 29.468529017465212 ] } },
{ "type": "Feature", "properties": { "id": "48_123", "growth_scenario": "higher", "market_gravity_weight": 75 }, "geometry": { "type": "Point", "coordinates": [ -98.683782632980254, 29.412717099793319 ] } },
{ "type": "Feature", "properties": { "id": "48_124", "growth_scenario": "higher", "market_gravity_weight": 75 }, "geometry": { "type": "Point", "coordinates": [ -97.044471889467943, 32.928380007165103 ] } },
{ "type": "Feature", "properties": { "id": "48_125", "growth_scenario": "higher", "market_gravity_weight": 75 }, "geometry": { "type": "Point", "coordinates": [ -97.056980547218643, 32.93857095712243 ] } },
{ "type": "Feature", "properties": { "id": "48_126", "growth_scenario": "higher", "market_gravity_weight": 75 }, "geometry": { "type": "Point", "coordinates": [ -97.035334822280248, 32.920755995757396 ] } },
{ "type": "Feature", "properties": { "id": "48_127", "growth_scenario": "higher", "market_gravity_weight": 75 }, "geometry": { "type": "Point", "coordinates": [ -97.063219002673478, 32.946399342371272 ] } },
{ "type": "Feature", "properties": { "id": "48_128", "growth_scenario": "higher", "market_gravity_weight": 75 }, "geometry": { "type": "Point", "coordinates": [ -97.052902030955906, 32.931259948507268 ] } },
{ "type": "Feature", "properties": { "id": "48_129", "growth_scenario": "higher", "market_gravity_weight": 75 }, "geometry": { "type": "Point", "coordinates": [ -98.786424021684908, 29.427822362537043 ] } },
{ "type": "Feature", "properties": { "id": "48_13", "growth_scenario": "higher", "market_gravity_weight": 75 }, "geometry": { "type": "Point", "coordinates": [ -96.957149123629563, 33.011589727009067 ] } },
{ "type": "Feature", "properties": { "id": "48_130", "growth_scenario": "higher", "market_gravity_weight": 75 }, "geometry": { "type": "Point", "coordinates": [ -98.682366707593161, 29.467904346090531 ] } },
{ "type": "Feature", "properties": { "id": "48_131", "growth_scenario": "higher", "market_gravity_weight": 75 }, "geometry": { "type": "Point", "coordinates": [ -97.003718015913037, 32.904637921637686 ] } },
{ "type": "Feature", "properties": { "id": "48_132", "growth_scenario": "higher", "market_gravity_weight": 75 }, "geometry": { "type": "Point", "coordinates": [ -98.681703941424175, 29.408977096490521 ] } },
{ "type": "Feature", "properties": { "id": "48_133", "growth_scenario": "higher", "market_gravity_weight": 75 }, "geometry": { "type": "Point", "coordinates": [ -98.784341075386521, 29.417945918560719 ] } },
{ "type": "Feature", "properties": { "id": "48_134", "growth_scenario": "higher", "market_gravity_weight": 75 }, "geometry": { "type": "Point", "coordinates": [ -97.055462404296591, 32.929623145307858 ] } },
{ "type": "Feature", "properties": { "id": "48_135", "growth_scenario": "higher", "market_gravity_weight": 75 }, "geometry": { "type": "Point", "coordinates": [ -98.783081561365293, 29.414186755950741 ] } },
{ "type": "Feature", "properties": { "id": "48_136", "growth_scenario": "higher", "market_gravity_weight": 75 }, "geometry": { "type": "Point", "coordinates": [ -97.078780844622003, 33.006473279857019 ] } },
{ "type": "Feature", "properties": { "id": "48_137", "growth_scenario": "higher", "market_gravity_weight": 75 }, "geometry": { "type": "Point", "coordinates": [ -97.047175179669622, 32.921275257092582 ] } },
{ "type": "Feature", "properties": { "id": "48_138", "growth_scenario": "higher", "market_gravity_weight": 75 }, "geometry": { "type": "Point", "coordinates": [ -97.058682496180339, 32.929055592738031 ] } },
{ "type": "Feature", "properties": { "id": "48_139", "growth_scenario": "higher", "market_gravity_weight": 75 }, "geometry": { "type": "Point", "coordinates": [ -97.076557249513897, 32.953891702228496 ] } },
{ "type": "Feature", "properties": { "id": "48_14", "growth_scenario": "higher", "market_gravity_weight": 75 }, "geometry": { "type": "Point", "coordinates": [ -98.737732862136525, 29.417326795681543 ] } },
{ "type": "Feature", "properties": { "id": "48_140", "growth_scenario": "higher", "market_gravity_weight": 75 }, "geometry": { "type": "Point", "coordinates": [ -98.785144141366288, 29.414224088973796 ] } },
{ "type": "Feature", "properties": { "id": "48_141", "growth_scenario": "higher", "market_gravity_weight": 75 }, "geometry": { "type": "Point", "coordinates": [ -98.782185806993965, 29.408973821378353 ] } },
{ "type": "Feature", "properties": { "id": "48_142", "growth_scenario": "higher", "market_gravity_weight": 75 }, "geometry": { "type": "Point", "coordinates": [ -96.932654883516861, 32.907212881404071 ] } },
{ "type": "Feature", "properties": { "id": "48_143", "growth_scenario": "higher", "market_gravity_weight": 75 }, "geometry": { "type": "Point", "coordinates": [ -97.726907576008045, 30.203265303701951 ] } },
{ "type": "Feature", "properties": { "id": "48_144", "growth_scenario": "higher", "market_gravity_weight": 75 }, "geometry": { "type": "Point", "coordinates": [ -97.72599441649524, 30.199405894417126 ] } },
{ "type": "Feature", "properties": { "id": "48_145", "growth_scenario": "higher", "market_gravity_weight": 75 }, "geometry": { "type": "Point", "coordinates": [ -97.694608926141356, 30.190706101288853 ] } },
{ "type": "Feature", "properties": { "id": "48_146", "growth_scenario": "higher", "market_gravity_weight": 75 }, "geometry": { "type": "Point", "coordinates": [ -97.085706248520495, 33.001031089503762 ] } },
{ "type": "Feature", "properties": { "id": "48_147", "growth_scenario": "higher", "market_gravity_weight": 75 }, "geometry": { "type": "Point", "coordinates": [ -96.9937172316193, 32.896211346153102 ] } },
{ "type": "Feature", "properties": { "id": "48_148", "growth_scenario": "higher", "market_gravity_weight": 75 }, "geometry": { "type": "Point", "coordinates": [ -98.794112258279583, 29.432679789434946 ] } },
{ "type": "Feature", "properties": { "id": "48_149", "growth_scenario": "higher", "market_gravity_weight": 75 }, "geometry": { "type": "Point", "coordinates": [ -98.791785984738368, 29.421726574188654 ] } },
{ "type": "Feature", "properties": { "id": "48_15", "growth_scenario": "higher", "market_gravity_weight": 75 }, "geometry": { "type": "Point", "coordinates": [ -96.966008735354023, 32.952192531502369 ] } },
{ "type": "Feature", "properties": { "id": "48_150", "growth_scenario": "higher", "market_gravity_weight": 75 }, "geometry": { "type": "Point", "coordinates": [ -97.085754226946165, 33.004525405542111 ] } },
{ "type": "Feature", "properties": { "id": "48_151", "growth_scenario": "higher", "market_gravity_weight": 75 }, "geometry": { "type": "Point", "coordinates": [ -96.994444070841723, 32.894143670981663 ] } },
{ "type": "Feature", "properties": { "id": "48_152", "growth_scenario": "higher", "market_gravity_weight": 75 }, "geometry": { "type": "Point", "coordinates": [ -98.789484333698155, 29.414563929712703 ] } },
{ "type": "Feature", "properties": { "id": "48_153", "growth_scenario": "higher", "market_gravity_weight": 75 }, "geometry": { "type": "Point", "coordinates": [ -96.902017842966274, 33.050299271891106 ] } },
{ "type": "Feature", "properties": { "id": "48_154", "growth_scenario": "higher", "market_gravity_weight": 75 }, "geometry": { "type": "Point", "coordinates": [ -97.690766960287021, 30.196080619903086 ] } },
{ "type": "Feature", "properties": { "id": "48_155", "growth_scenario": "higher", "market_gravity_weight": 75 }, "geometry": { "type": "Point", "coordinates": [ -98.791313629520246, 29.416863988400866 ] } },
{ "type": "Feature", "properties": { "id": "48_156", "growth_scenario": "higher", "market_gravity_weight": 75 }, "geometry": { "type": "Point", "coordinates": [ -98.793191510901394, 29.417537837003678 ] } },
{ "type": "Feature", "properties": { "id": "48_157", "growth_scenario": "higher", "market_gravity_weight": 75 }, "geometry": { "type": "Point", "coordinates": [ -98.676075137702099, 29.40379003716437 ] } },
{ "type": "Feature", "properties": { "id": "48_158", "growth_scenario": "higher", "market_gravity_weight": 75 }, "geometry": { "type": "Point", "coordinates": [ -96.995906650127438, 32.890725200989877 ] } },
{ "type": "Feature", "properties": { "id": "48_159", "growth_scenario": "higher", "market_gravity_weight": 75 }, "geometry": { "type": "Point", "coordinates": [ -98.789805695088305, 29.408778092109092 ] } },
{ "type": "Feature", "properties": { "id": "48_16", "growth_scenario": "higher", "market_gravity_weight": 75 }, "geometry": { "type": "Point", "coordinates": [ -97.020811499726349, 32.995804995921837 ] } },
{ "type": "Feature", "properties": { "id": "48_160", "growth_scenario": "higher", "market_gravity_weight": 75 }, "geometry": { "type": "Point", "coordinates": [ -97.090923851854086, 33.012361717558065 ] } },
{ "type": "Feature", "properties": { "id": "48_161", "growth_scenario": "higher", "market_gravity_weight": 75 }, "geometry": { "type": "Point", "coordinates": [ -98.794015376346294, 29.414447311408711 ] } },
{ "type": "Feature", "properties": { "id": "48_162", "growth_scenario": "higher", "market_gravity_weight": 75 }, "geometry": { "type": "Point", "coordinates": [ -98.673032429124703, 29.405309437985608 ] } },
{ "type": "Feature", "properties": { "id": "48_163", "growth_scenario": "higher", "market_gravity_weight": 75 }, "geometry": { "type": "Point", "coordinates": [ -97.004159860089061, 32.88859145699859 ] } },
{ "type": "Feature", "properties": { "id": "48_164", "growth_scenario": "higher", "market_gravity_weight": 75 }, "geometry": { "type": "Point", "coordinates": [ -96.993922859417992, 32.886888665654133 ] } },
{ "type": "Feature", "properties": { "id": "48_165", "growth_scenario": "higher", "market_gravity_weight": 75 }, "geometry": { "type": "Point", "coordinates": [ -98.797195780963861, 29.42014285144268 ] } },
{ "type": "Feature", "properties": { "id": "48_166", "growth_scenario": "higher", "market_gravity_weight": 75 }, "geometry": { "type": "Point", "coordinates": [ -98.673922387846659, 29.474701554340065 ] } },
{ "type": "Feature", "properties": { "id": "48_167", "growth_scenario": "higher", "market_gravity_weight": 75 }, "geometry": { "type": "Point", "coordinates": [ -96.95092803438979, 32.888330850108957 ] } },
{ "type": "Feature", "properties": { "id": "48_168", "growth_scenario": "higher", "market_gravity_weight": 75 }, "geometry": { "type": "Point", "coordinates": [ -98.6701984485791, 29.406913879080285 ] } },
{ "type": "Feature", "properties": { "id": "48_169", "growth_scenario": "higher", "market_gravity_weight": 75 }, "geometry": { "type": "Point", "coordinates": [ -96.99519281758279, 32.885264343189469 ] } },
{ "type": "Feature", "properties": { "id": "48_17", "growth_scenario": "higher", "market_gravity_weight": 75 }, "geometry": { "type": "Point", "coordinates": [ -96.973940832406967, 32.949615878074994 ] } },
{ "type": "Feature", "properties": { "id": "48_170", "growth_scenario": "higher", "market_gravity_weight": 75 }, "geometry": { "type": "Point", "coordinates": [ -98.675226784722923, 29.399838930061165 ] } },
{ "type": "Feature", "properties": { "id": "48_171", "growth_scenario": "higher", "market_gravity_weight": 75 }, "geometry": { "type": "Point", "coordinates": [ -97.001977695835706, 32.886101165927961 ] } },
{ "type": "Feature", "properties": { "id": "48_172", "growth_scenario": "higher", "market_gravity_weight": 75 }, "geometry": { "type": "Point", "coordinates": [ -97.004659953456226, 32.885629438093829 ] } },
{ "type": "Feature", "properties": { "id": "48_173", "growth_scenario": "higher", "market_gravity_weight": 75 }, "geometry": { "type": "Point", "coordinates": [ -98.796968488885099, 29.416447504611043 ] } },
{ "type": "Feature", "properties": { "id": "48_174", "growth_scenario": "higher", "market_gravity_weight": 75 }, "geometry": { "type": "Point", "coordinates": [ -98.672931036095463, 29.40215237890558 ] } },
{ "type": "Feature", "properties": { "id": "48_175", "growth_scenario": "higher", "market_gravity_weight": 75 }, "geometry": { "type": "Point", "coordinates": [ -98.669999979757748, 29.403939767842107 ] } },
{ "type": "Feature", "properties": { "id": "48_176", "growth_scenario": "higher", "market_gravity_weight": 75 }, "geometry": { "type": "Point", "coordinates": [ -98.793473294942089, 29.407510111918786 ] } },
{ "type": "Feature", "properties": { "id": "48_177", "growth_scenario": "higher", "market_gravity_weight": 75 }, "geometry": { "type": "Point", "coordinates": [ -97.687764361181863, 30.196757467820039 ] } },
{ "type": "Feature", "properties": { "id": "48_178", "growth_scenario": "higher", "market_gravity_weight": 75 }, "geometry": { "type": "Point", "coordinates": [ -96.889817944786245, 33.057742167506568 ] } },
{ "type": "Feature", "properties": { "id": "48_179", "growth_scenario": "higher", "market_gravity_weight": 75 }, "geometry": { "type": "Point", "coordinates": [ -98.801197265127499, 29.422657507885926 ] } },
{ "type": "Feature", "properties": { "id": "48_18", "growth_scenario": "higher", "market_gravity_weight": 75 }, "geometry": { "type": "Point", "coordinates": [ -96.971133223277931, 32.948833263783214 ] } },
{ "type": "Feature", "properties": { "id": "48_180", "growth_scenario": "higher", "market_gravity_weight": 75 }, "geometry": { "type": "Point", "coordinates": [ -97.7301048187784, 30.201953710029912 ] } },
{ "type": "Feature", "properties": { "id": "48_181", "growth_scenario": "higher", "market_gravity_weight": 75 }, "geometry": { "type": "Point", "coordinates": [ -98.667106375971443, 29.406899686784811 ] } },
{ "type": "Feature", "properties": { "id": "48_182", "growth_scenario": "higher", "market_gravity_weight": 75 }, "geometry": { "type": "Point", "coordinates": [ -97.715813940174584, 30.220015092609092 ] } },
{ "type": "Feature", "properties": { "id": "48_183", "growth_scenario": "higher", "market_gravity_weight": 75 }, "geometry": { "type": "Point", "coordinates": [ -96.977369606174548, 32.8786966429819 ] } },
{ "type": "Feature", "properties": { "id": "48_184", "growth_scenario": "higher", "market_gravity_weight": 75 }, "geometry": { "type": "Point", "coordinates": [ -98.671794231831811, 29.398840262059046 ] } },
{ "type": "Feature", "properties": { "id": "48_185", "growth_scenario": "higher", "market_gravity_weight": 75 }, "geometry": { "type": "Point", "coordinates": [ -98.794421216189761, 29.405048244744048 ] } },
{ "type": "Feature", "properties": { "id": "48_186", "growth_scenario": "higher", "market_gravity_weight": 75 }, "geometry": { "type": "Point", "coordinates": [ -98.669486843091804, 29.400792834260972 ] } },
{ "type": "Feature", "properties": { "id": "48_187", "growth_scenario": "higher", "market_gravity_weight": 75 }, "geometry": { "type": "Point", "coordinates": [ -97.074378612874483, 32.912329021193898 ] } },
{ "type": "Feature", "properties": { "id": "48_188", "growth_scenario": "higher", "market_gravity_weight": 75 }, "geometry": { "type": "Point", "coordinates": [ -98.667296767436966, 29.403193826033036 ] } },
{ "type": "Feature", "properties": { "id": "48_189", "growth_scenario": "higher", "market_gravity_weight": 75 }, "geometry": { "type": "Point", "coordinates": [ -97.689563975525488, 30.193216318625844 ] } },
{ "type": "Feature", "properties": { "id": "48_19", "growth_scenario": "higher", "market_gravity_weight": 75 }, "geometry": { "type": "Point", "coordinates": [ -96.979854626608173, 32.949206790036001 ] } },
{ "type": "Feature", "properties": { "id": "48_190", "growth_scenario": "higher", "market_gravity_weight": 75 }, "geometry": { "type": "Point", "coordinates": [ -98.665106565454451, 29.405594759889873 ] } },
{ "type": "Feature", "properties": { "id": "48_191", "growth_scenario": "higher", "market_gravity_weight": 75 }, "geometry": { "type": "Point", "coordinates": [ -97.077722493694154, 32.913014448536103 ] } },
{ "type": "Feature", "properties": { "id": "48_192", "growth_scenario": "higher", "market_gravity_weight": 75 }, "geometry": { "type": "Point", "coordinates": [ -97.07401341142284, 32.909195687911975 ] } },
{ "type": "Feature", "properties": { "id": "48_193", "growth_scenario": "higher", "market_gravity_weight": 75 }, "geometry": { "type": "Point", "coordinates": [ -96.875287787717127, 33.049611115024973 ] } },
{ "type": "Feature", "properties": { "id": "48_194", "growth_scenario": "higher", "market_gravity_weight": 75 }, "geometry": { "type": "Point", "coordinates": [ -97.686078992374121, 30.205882184716145 ] } },
{ "type": "Feature", "properties": { "id": "48_195", "growth_scenario": "higher", "market_gravity_weight": 75 }, "geometry": { "type": "Point", "coordinates": [ -96.87736571260983, 33.052372810614266 ] } },
{ "type": "Feature", "properties": { "id": "48_196", "growth_scenario": "higher", "market_gravity_weight": 75 }, "geometry": { "type": "Point", "coordinates": [ -98.805959471473855, 29.426325870958614 ] } },
{ "type": "Feature", "properties": { "id": "48_197", "growth_scenario": "higher", "market_gravity_weight": 75 }, "geometry": { "type": "Point", "coordinates": [ -96.878907030722715, 33.055317786690111 ] } },
{ "type": "Feature", "properties": { "id": "48_198", "growth_scenario": "higher", "market_gravity_weight": 75 }, "geometry": { "type": "Point", "coordinates": [ -98.667772903309242, 29.398758711649922 ] } },
{ "type": "Feature", "properties": { "id": "48_199", "growth_scenario": "higher", "market_gravity_weight": 75 }, "geometry": { "type": "Point", "coordinates": [ -97.713256736965405, 30.222126966674519 ] } },
{ "type": "Feature", "properties": { "id": "48_2", "growth_scenario": "higher", "market_gravity_weight": 75 }, "geometry": { "type": "Point", "coordinates": [ -98.720735556924893, 29.430211710265684 ] } },
{ "type": "Feature", "properties": { "id": "48_20", "growth_scenario": "higher", "market_gravity_weight": 75 }, "geometry": { "type": "Point", "coordinates": [ -96.981445343921465, 32.94731118531994 ] } },
{ "type": "Feature", "properties": { "id": "48_200", "growth_scenario": "higher", "market_gravity_weight": 75 }, "geometry": { "type": "Point", "coordinates": [ -96.879804936855038, 33.05853648431399 ] } },
{ "type": "Feature", "properties": { "id": "48_201", "growth_scenario": "higher", "market_gravity_weight": 75 }, "geometry": { "type": "Point", "coordinates": [ -96.873697419155505, 33.051952909576215 ] } },
{ "type": "Feature", "properties": { "id": "48_202", "growth_scenario": "higher", "market_gravity_weight": 75 }, "geometry": { "type": "Point", "coordinates": [ -96.87599581315402, 33.055160936755627 ] } },
{ "type": "Feature", "properties": { "id": "48_203", "growth_scenario": "higher", "market_gravity_weight": 75 }, "geometry": { "type": "Point", "coordinates": [ -97.086141143999413, 32.915085512450503 ] } },
{ "type": "Feature", "properties": { "id": "48_204", "growth_scenario": "higher", "market_gravity_weight": 75 }, "geometry": { "type": "Point", "coordinates": [ -97.094765683196286, 32.924234029963685 ] } },
{ "type": "Feature", "properties": { "id": "48_205", "growth_scenario": "higher", "market_gravity_weight": 75 }, "geometry": { "type": "Point", "coordinates": [ -97.096954299675104, 32.92690161342199 ] } },
{ "type": "Feature", "properties": { "id": "48_206", "growth_scenario": "higher", "market_gravity_weight": 75 }, "geometry": { "type": "Point", "coordinates": [ -96.876898570417779, 33.058827619472332 ] } },
{ "type": "Feature", "properties": { "id": "48_207", "growth_scenario": "higher", "market_gravity_weight": 75 }, "geometry": { "type": "Point", "coordinates": [ -97.090039065987298, 32.916930379930236 ] } },
{ "type": "Feature", "properties": { "id": "48_208", "growth_scenario": "higher", "market_gravity_weight": 75 }, "geometry": { "type": "Point", "coordinates": [ -96.869920434185559, 33.051444117413993 ] } },
{ "type": "Feature", "properties": { "id": "48_209", "growth_scenario": "higher", "market_gravity_weight": 75 }, "geometry": { "type": "Point", "coordinates": [ -96.872648664321758, 33.05455934009219 ] } },
{ "type": "Feature", "properties": { "id": "48_21", "growth_scenario": "higher", "market_gravity_weight": 75 }, "geometry": { "type": "Point", "coordinates": [ -97.020858920849761, 32.999478564229179 ] } },
{ "type": "Feature", "properties": { "id": "48_210", "growth_scenario": "higher", "market_gravity_weight": 75 }, "geometry": { "type": "Point", "coordinates": [ -97.086859592147789, 32.91256925854087 ] } },
{ "type": "Feature", "properties": { "id": "48_211", "growth_scenario": "higher", "market_gravity_weight": 75 }, "geometry": { "type": "Point", "coordinates": [ -96.898769067025981, 33.077294290676541 ] } },
{ "type": "Feature", "properties": { "id": "48_212", "growth_scenario": "higher", "market_gravity_weight": 75 }, "geometry": { "type": "Point", "coordinates": [ -96.874193814169871, 33.057862739809764 ] } },
{ "type": "Feature", "properties": { "id": "48_213", "growth_scenario": "higher", "market_gravity_weight": 75 }, "geometry": { "type": "Point", "coordinates": [ -97.018597145722907, 32.874033670783675 ] } },
{ "type": "Feature", "properties": { "id": "48_214", "growth_scenario": "higher", "market_gravity_weight": 75 }, "geometry": { "type": "Point", "coordinates": [ -96.846578320259198, 33.014971747778134 ] } },
{ "type": "Feature", "properties": { "id": "48_215", "growth_scenario": "higher", "market_gravity_weight": 75 }, "geometry": { "type": "Point", "coordinates": [ -97.099742453809057, 32.92624742808308 ] } },
{ "type": "Feature", "properties": { "id": "48_216", "growth_scenario": "higher", "market_gravity_weight": 75 }, "geometry": { "type": "Point", "coordinates": [ -97.68919288603152, 30.190339181441839 ] } },
{ "type": "Feature", "properties": { "id": "48_217", "growth_scenario": "higher", "market_gravity_weight": 75 }, "geometry": { "type": "Point", "coordinates": [ -97.097658843868572, 32.923399643187203 ] } },
{ "type": "Feature", "properties": { "id": "48_218", "growth_scenario": "higher", "market_gravity_weight": 75 }, "geometry": { "type": "Point", "coordinates": [ -97.089988484224719, 32.913256375592034 ] } },
{ "type": "Feature", "properties": { "id": "48_219", "growth_scenario": "higher", "market_gravity_weight": 75 }, "geometry": { "type": "Point", "coordinates": [ -97.096000674708463, 32.920189238280251 ] } },
{ "type": "Feature", "properties": { "id": "48_22", "growth_scenario": "higher", "market_gravity_weight": 75 }, "geometry": { "type": "Point", "coordinates": [ -96.97671531809074, 32.947710232407545 ] } },
{ "type": "Feature", "properties": { "id": "48_220", "growth_scenario": "higher", "market_gravity_weight": 75 }, "geometry": { "type": "Point", "coordinates": [ -97.088006959783769, 32.909959276651584 ] } },
{ "type": "Feature", "properties": { "id": "48_221", "growth_scenario": "higher", "market_gravity_weight": 75 }, "geometry": { "type": "Point", "coordinates": [ -96.896312512872157, 33.079284720115574 ] } },
{ "type": "Feature", "properties": { "id": "48_222", "growth_scenario": "higher", "market_gravity_weight": 75 }, "geometry": { "type": "Point", "coordinates": [ -97.101421198245887, 32.923184137114582 ] } },
{ "type": "Feature", "properties": { "id": "48_223", "growth_scenario": "higher", "market_gravity_weight": 75 }, "geometry": { "type": "Point", "coordinates": [ -97.08067397318483, 32.900708212744632 ] } },
{ "type": "Feature", "properties": { "id": "48_224", "growth_scenario": "higher", "market_gravity_weight": 75 }, "geometry": { "type": "Point", "coordinates": [ -97.103805159045052, 32.924415782535924 ] } },
{ "type": "Feature", "properties": { "id": "48_225", "growth_scenario": "higher", "market_gravity_weight": 75 }, "geometry": { "type": "Point", "coordinates": [ -97.686869722122296, 30.193708221442652 ] } },
{ "type": "Feature", "properties": { "id": "48_226", "growth_scenario": "higher", "market_gravity_weight": 75 }, "geometry": { "type": "Point", "coordinates": [ -97.078276443774016, 32.898400692054572 ] } },
{ "type": "Feature", "properties": { "id": "48_227", "growth_scenario": "higher", "market_gravity_weight": 75 }, "geometry": { "type": "Point", "coordinates": [ -97.076744170143584, 32.896443443484415 ] } },
{ "type": "Feature", "properties": { "id": "48_228", "growth_scenario": "higher", "market_gravity_weight": 75 }, "geometry": { "type": "Point", "coordinates": [ -96.867989421513414, 33.062031611186455 ] } },
{ "type": "Feature", "properties": { "id": "48_229", "growth_scenario": "higher", "market_gravity_weight": 75 }, "geometry": { "type": "Point", "coordinates": [ -97.716906695828584, 30.222520348513033 ] } },
{ "type": "Feature", "properties": { "id": "48_23", "growth_scenario": "higher", "market_gravity_weight": 75 }, "geometry": { "type": "Point", "coordinates": [ -97.021429683470302, 33.001982516740192 ] } },
{ "type": "Feature", "properties": { "id": "48_230", "growth_scenario": "higher", "market_gravity_weight": 75 }, "geometry": { "type": "Point", "coordinates": [ -97.08441566144684, 32.899059466564815 ] } },
{ "type": "Feature", "properties": { "id": "48_231", "growth_scenario": "higher", "market_gravity_weight": 75 }, "geometry": { "type": "Point", "coordinates": [ -97.06366954393097, 32.883839427010052 ] } },
{ "type": "Feature", "properties": { "id": "48_232", "growth_scenario": "higher", "market_gravity_weight": 75 }, "geometry": { "type": "Point", "coordinates": [ -96.864745878117787, 33.061070602924318 ] } },
{ "type": "Feature", "properties": { "id": "48_233", "growth_scenario": "higher", "market_gravity_weight": 75 }, "geometry": { "type": "Point", "coordinates": [ -97.037049754740423, 32.870999229275753 ] } },
{ "type": "Feature", "properties": { "id": "48_234", "growth_scenario": "higher", "market_gravity_weight": 75 }, "geometry": { "type": "Point", "coordinates": [ -97.122980430799629, 32.948963483643084 ] } },
{ "type": "Feature", "properties": { "id": "48_235", "growth_scenario": "higher", "market_gravity_weight": 75 }, "geometry": { "type": "Point", "coordinates": [ -96.866291807232983, 33.064463668590207 ] } },
{ "type": "Feature", "properties": { "id": "48_236", "growth_scenario": "higher", "market_gravity_weight": 75 }, "geometry": { "type": "Point", "coordinates": [ -97.087859217796975, 32.899205915622446 ] } },
{ "type": "Feature", "properties": { "id": "48_237", "growth_scenario": "higher", "market_gravity_weight": 75 }, "geometry": { "type": "Point", "coordinates": [ -97.068729946447363, 32.884329857523184 ] } },
{ "type": "Feature", "properties": { "id": "48_238", "growth_scenario": "higher", "market_gravity_weight": 75 }, "geometry": { "type": "Point", "coordinates": [ -96.863707480472712, 33.06466242358092 ] } },
{ "type": "Feature", "properties": { "id": "48_239", "growth_scenario": "higher", "market_gravity_weight": 75 }, "geometry": { "type": "Point", "coordinates": [ -97.711124843421771, 30.224682554738472 ] } },
{ "type": "Feature", "properties": { "id": "48_24", "growth_scenario": "higher", "market_gravity_weight": 75 }, "geometry": { "type": "Point", "coordinates": [ -97.709571097310629, 30.194978425518435 ] } },
{ "type": "Feature", "properties": { "id": "48_240", "growth_scenario": "higher", "market_gravity_weight": 75 }, "geometry": { "type": "Point", "coordinates": [ -97.037984348876748, 32.868481155245767 ] } },
{ "type": "Feature", "properties": { "id": "48_241", "growth_scenario": "higher", "market_gravity_weight": 75 }, "geometry": { "type": "Point", "coordinates": [ -96.859701755915736, 33.062990239269986 ] } },
{ "type": "Feature", "properties": { "id": "48_242", "growth_scenario": "higher", "market_gravity_weight": 75 }, "geometry": { "type": "Point", "coordinates": [ -97.071399624306721, 32.882960413548062 ] } },
{ "type": "Feature", "properties": { "id": "48_243", "growth_scenario": "higher", "market_gravity_weight": 75 }, "geometry": { "type": "Point", "coordinates": [ -97.065757120132119, 32.879159376450765 ] } },
{ "type": "Feature", "properties": { "id": "48_244", "growth_scenario": "higher", "market_gravity_weight": 75 }, "geometry": { "type": "Point", "coordinates": [ -98.64070277704397, 29.435438690934731 ] } },
{ "type": "Feature", "properties": { "id": "48_245", "growth_scenario": "higher", "market_gravity_weight": 75 }, "geometry": { "type": "Point", "coordinates": [ -96.854913784161312, 33.05872537858594 ] } },
{ "type": "Feature", "properties": { "id": "48_246", "growth_scenario": "higher", "market_gravity_weight": 75 }, "geometry": { "type": "Point", "coordinates": [ -97.070058627185091, 32.879208708906496 ] } },
{ "type": "Feature", "properties": { "id": "48_247", "growth_scenario": "higher", "market_gravity_weight": 75 }, "geometry": { "type": "Point", "coordinates": [ -98.637767049600853, 29.433885318733683 ] } },
{ "type": "Feature", "properties": { "id": "48_248", "growth_scenario": "higher", "market_gravity_weight": 75 }, "geometry": { "type": "Point", "coordinates": [ -97.050859754929206, 32.866570623615857 ] } },
{ "type": "Feature", "properties": { "id": "48_249", "growth_scenario": "higher", "market_gravity_weight": 75 }, "geometry": { "type": "Point", "coordinates": [ -97.140457943697655, 32.981858190538361 ] } },
{ "type": "Feature", "properties": { "id": "48_25", "growth_scenario": "higher", "market_gravity_weight": 75 }, "geometry": { "type": "Point", "coordinates": [ -97.024714197322552, 32.997831064771596 ] } },
{ "type": "Feature", "properties": { "id": "48_250", "growth_scenario": "higher", "market_gravity_weight": 75 }, "geometry": { "type": "Point", "coordinates": [ -97.737297250478676, 30.202650855239494 ] } },
{ "type": "Feature", "properties": { "id": "48_251", "growth_scenario": "higher", "market_gravity_weight": 75 }, "geometry": { "type": "Point", "coordinates": [ -97.683616840380239, 30.192316767996086 ] } },
{ "type": "Feature", "properties": { "id": "48_252", "growth_scenario": "higher", "market_gravity_weight": 75 }, "geometry": { "type": "Point", "coordinates": [ -96.817562064894119, 33.010702836451273 ] } },
{ "type": "Feature", "properties": { "id": "48_253", "growth_scenario": "higher", "market_gravity_weight": 75 }, "geometry": { "type": "Point", "coordinates": [ -96.815365779878718, 33.006596651485296 ] } },
{ "type": "Feature", "properties": { "id": "48_254", "growth_scenario": "higher", "market_gravity_weight": 75 }, "geometry": { "type": "Point", "coordinates": [ -96.814772890277126, 33.00131407986887 ] } },
{ "type": "Feature", "properties": { "id": "48_255", "growth_scenario": "higher", "market_gravity_weight": 75 }, "geometry": { "type": "Point", "coordinates": [ -96.848592861960839, 33.072212295727901 ] } },
{ "type": "Feature", "properties": { "id": "48_256", "growth_scenario": "higher", "market_gravity_weight": 75 }, "geometry": { "type": "Point", "coordinates": [ -97.149998524647728, 32.986422354259282 ] } },
{ "type": "Feature", "properties": { "id": "48_257", "growth_scenario": "higher", "market_gravity_weight": 75 }, "geometry": { "type": "Point", "coordinates": [ -97.033879521544975, 32.850503072882375 ] } },
{ "type": "Feature", "properties": { "id": "48_258", "growth_scenario": "higher", "market_gravity_weight": 75 }, "geometry": { "type": "Point", "coordinates": [ -96.925629737752104, 32.849103398558661 ] } },
{ "type": "Feature", "properties": { "id": "48_259", "growth_scenario": "higher", "market_gravity_weight": 75 }, "geometry": { "type": "Point", "coordinates": [ -97.033088683922117, 32.847552446667478 ] } },
{ "type": "Feature", "properties": { "id": "48_26", "growth_scenario": "higher", "market_gravity_weight": 75 }, "geometry": { "type": "Point", "coordinates": [ -96.989280052662338, 32.945630439988172 ] } },
{ "type": "Feature", "properties": { "id": "48_260", "growth_scenario": "higher", "market_gravity_weight": 75 }, "geometry": { "type": "Point", "coordinates": [ -96.902805288411955, 32.85511236619633 ] } },
{ "type": "Feature", "properties": { "id": "48_261", "growth_scenario": "higher", "market_gravity_weight": 75 }, "geometry": { "type": "Point", "coordinates": [ -96.931505730551251, 32.846097745331605 ] } },
{ "type": "Feature", "properties": { "id": "48_262", "growth_scenario": "higher", "market_gravity_weight": 75 }, "geometry": { "type": "Point", "coordinates": [ -97.684367575418932, 30.188341314598507 ] } },
{ "type": "Feature", "properties": { "id": "48_263", "growth_scenario": "higher", "market_gravity_weight": 75 }, "geometry": { "type": "Point", "coordinates": [ -97.153186283330314, 32.983522594567354 ] } },
{ "type": "Feature", "properties": { "id": "48_264", "growth_scenario": "higher", "market_gravity_weight": 75 }, "geometry": { "type": "Point", "coordinates": [ -97.153354265877169, 32.965508450845832 ] } },
{ "type": "Feature", "properties": { "id": "48_265", "growth_scenario": "higher", "market_gravity_weight": 75 }, "geometry": { "type": "Point", "coordinates": [ -96.903208636280482, 32.852778833954986 ] } },
{ "type": "Feature", "properties": { "id": "48_266", "growth_scenario": "higher", "market_gravity_weight": 75 }, "geometry": { "type": "Point", "coordinates": [ -97.034997303858276, 32.845563253409601 ] } },
{ "type": "Feature", "properties": { "id": "48_267", "growth_scenario": "higher", "market_gravity_weight": 75 }, "geometry": { "type": "Point", "coordinates": [ -97.032928654531503, 32.843520513965508 ] } },
{ "type": "Feature", "properties": { "id": "48_268", "growth_scenario": "higher", "market_gravity_weight": 75 }, "geometry": { "type": "Point", "coordinates": [ -97.061438310211599, 32.853745285713778 ] } },
{ "type": "Feature", "properties": { "id": "48_269", "growth_scenario": "higher", "market_gravity_weight": 75 }, "geometry": { "type": "Point", "coordinates": [ -96.825930644925023, 33.059207292682807 ] } },
{ "type": "Feature", "properties": { "id": "48_27", "growth_scenario": "higher", "market_gravity_weight": 75 }, "geometry": { "type": "Point", "coordinates": [ -96.969482948183668, 32.94588996910246 ] } },
{ "type": "Feature", "properties": { "id": "48_28", "growth_scenario": "higher", "market_gravity_weight": 75 }, "geometry": { "type": "Point", "coordinates": [ -97.024435295834081, 33.001238722197677 ] } },
{ "type": "Feature", "properties": { "id": "48_29", "growth_scenario": "higher", "market_gravity_weight": 75 }, "geometry": { "type": "Point", "coordinates": [ -98.707725740781797, 29.423225381182856 ] } },
{ "type": "Feature", "properties": { "id": "48_3", "growth_scenario": "higher", "market_gravity_weight": 75 }, "geometry": { "type": "Point", "coordinates": [ -96.95621625171259, 32.978979771763797 ] } },
{ "type": "Feature", "properties": { "id": "48_30", "growth_scenario": "higher", "market_gravity_weight": 75 }, "geometry": { "type": "Point", "coordinates": [ -96.982808547333562, 32.944431731320385 ] } },
{ "type": "Feature", "properties": { "id": "48_31", "growth_scenario": "higher", "market_gravity_weight": 75 }, "geometry": { "type": "Point", "coordinates": [ -96.961275220564374, 33.023203892947777 ] } },
{ "type": "Feature", "properties": { "id": "48_32", "growth_scenario": "higher", "market_gravity_weight": 75 }, "geometry": { "type": "Point", "coordinates": [ -96.967338468305911, 33.025751267152309 ] } },
{ "type": "Feature", "properties": { "id": "48_33", "growth_scenario": "higher", "market_gravity_weight": 75 }, "geometry": { "type": "Point", "coordinates": [ -96.969218365969837, 32.941859476924563 ] } },
{ "type": "Feature", "properties": { "id": "48_34", "growth_scenario": "higher", "market_gravity_weight": 75 }, "geometry": { "type": "Point", "coordinates": [ -96.963780826027502, 33.025512520747625 ] } },
{ "type": "Feature", "properties": { "id": "48_35", "growth_scenario": "higher", "market_gravity_weight": 75 }, "geometry": { "type": "Point", "coordinates": [ -96.957617604292309, 33.023593034170851 ] } },
{ "type": "Feature", "properties": { "id": "48_36", "growth_scenario": "higher", "market_gravity_weight": 75 }, "geometry": { "type": "Point", "coordinates": [ -96.991387125591871, 32.942027486818958 ] } },
{ "type": "Feature", "properties": { "id": "48_37", "growth_scenario": "higher", "market_gravity_weight": 75 }, "geometry": { "type": "Point", "coordinates": [ -96.960231911895022, 33.025990431516838 ] } },
{ "type": "Feature", "properties": { "id": "48_38", "growth_scenario": "higher", "market_gravity_weight": 75 }, "geometry": { "type": "Point", "coordinates": [ -96.954386448194697, 33.023620074348727 ] } },
{ "type": "Feature", "properties": { "id": "48_39", "growth_scenario": "higher", "market_gravity_weight": 75 }, "geometry": { "type": "Point", "coordinates": [ -98.707296438500066, 29.419535016259633 ] } },
{ "type": "Feature", "properties": { "id": "48_4", "growth_scenario": "higher", "market_gravity_weight": 75 }, "geometry": { "type": "Point", "coordinates": [ -96.955430854092398, 32.985259120800642 ] } },
{ "type": "Feature", "properties": { "id": "48_40", "growth_scenario": "higher", "market_gravity_weight": 75 }, "geometry": { "type": "Point", "coordinates": [ -96.950504748825466, 33.023294016359962 ] } },
{ "type": "Feature", "properties": { "id": "48_41", "growth_scenario": "higher", "market_gravity_weight": 75 }, "geometry": { "type": "Point", "coordinates": [ -96.976169959076799, 32.93839477049255 ] } },
{ "type": "Feature", "properties": { "id": "48_42", "growth_scenario": "higher", "market_gravity_weight": 75 }, "geometry": { "type": "Point", "coordinates": [ -96.956574161559303, 33.026379537687781 ] } },
{ "type": "Feature", "properties": { "id": "48_43", "growth_scenario": "higher", "market_gravity_weight": 75 }, "geometry": { "type": "Point", "coordinates": [ -96.958649968583003, 33.028781469180778 ] } },
{ "type": "Feature", "properties": { "id": "48_44", "growth_scenario": "higher", "market_gravity_weight": 75 }, "geometry": { "type": "Point", "coordinates": [ -96.952473661865795, 33.025786563504923 ] } },
{ "type": "Feature", "properties": { "id": "48_45", "growth_scenario": "higher", "market_gravity_weight": 75 }, "geometry": { "type": "Point", "coordinates": [ -97.703144008547852, 30.211113890592209 ] } },
{ "type": "Feature", "properties": { "id": "48_46", "growth_scenario": "higher", "market_gravity_weight": 75 }, "geometry": { "type": "Point", "coordinates": [ -96.969598242873332, 32.937733867325449 ] } },
{ "type": "Feature", "properties": { "id": "48_47", "growth_scenario": "higher", "market_gravity_weight": 75 }, "geometry": { "type": "Point", "coordinates": [ -96.946847075398381, 33.023682812690737 ] } },
{ "type": "Feature", "properties": { "id": "48_48", "growth_scenario": "higher", "market_gravity_weight": 75 }, "geometry": { "type": "Point", "coordinates": [ -96.949247793808311, 33.026261438376153 ] } },
{ "type": "Feature", "properties": { "id": "48_49", "growth_scenario": "higher", "market_gravity_weight": 75 }, "geometry": { "type": "Point", "coordinates": [ -96.954444862697358, 33.028458258659349 ] } },
{ "type": "Feature", "properties": { "id": "48_5", "growth_scenario": "higher", "market_gravity_weight": 75 }, "geometry": { "type": "Point", "coordinates": [ -96.95546873757597, 32.988395167961194 ] } },
{ "type": "Feature", "properties": { "id": "48_50", "growth_scenario": "higher", "market_gravity_weight": 75 }, "geometry": { "type": "Point", "coordinates": [ -96.97215614487618, 32.935740517775855 ] } },
{ "type": "Feature", "properties": { "id": "48_51", "growth_scenario": "higher", "market_gravity_weight": 75 }, "geometry": { "type": "Point", "coordinates": [ -96.976019274672623, 32.934900976999046 ] } },
{ "type": "Feature", "properties": { "id": "48_52", "growth_scenario": "higher", "market_gravity_weight": 75 }, "geometry": { "type": "Point", "coordinates": [ -96.94558140293347, 33.025933424271855 ] } },
{ "type": "Feature", "properties": { "id": "48_53", "growth_scenario": "higher", "market_gravity_weight": 75 }, "geometry": { "type": "Point", "coordinates": [ -98.703233051757621, 29.418192018890419 ] } },
{ "type": "Feature", "properties": { "id": "48_54", "growth_scenario": "higher", "market_gravity_weight": 75 }, "geometry": { "type": "Point", "coordinates": [ -96.955225912992844, 33.030691845063664 ] } },
{ "type": "Feature", "properties": { "id": "48_55", "growth_scenario": "higher", "market_gravity_weight": 75 }, "geometry": { "type": "Point", "coordinates": [ -96.951674557199041, 33.030990295627859 ] } },
{ "type": "Feature", "properties": { "id": "48_56", "growth_scenario": "higher", "market_gravity_weight": 75 }, "geometry": { "type": "Point", "coordinates": [ -96.968778220498336, 32.932274155708875 ] } },
{ "type": "Feature", "properties": { "id": "48_57", "growth_scenario": "higher", "market_gravity_weight": 75 }, "geometry": { "type": "Point", "coordinates": [ -96.971901362769515, 32.932516447234278 ] } },
{ "type": "Feature", "properties": { "id": "48_58", "growth_scenario": "higher", "market_gravity_weight": 75 }, "geometry": { "type": "Point", "coordinates": [ -98.726123881699053, 29.471959135781699 ] } },
{ "type": "Feature", "properties": { "id": "48_59", "growth_scenario": "higher", "market_gravity_weight": 75 }, "geometry": { "type": "Point", "coordinates": [ -96.947552374480622, 33.028605237743797 ] } },
{ "type": "Feature", "properties": { "id": "48_6", "growth_scenario": "higher", "market_gravity_weight": 75 }, "geometry": { "type": "Point", "coordinates": [ -96.955079224022114, 32.991803605001948 ] } },
{ "type": "Feature", "properties": { "id": "48_60", "growth_scenario": "higher", "market_gravity_weight": 75 }, "geometry": { "type": "Point", "coordinates": [ -98.729980102565733, 29.404071491529589 ] } },
{ "type": "Feature", "properties": { "id": "48_61", "growth_scenario": "higher", "market_gravity_weight": 75 }, "geometry": { "type": "Point", "coordinates": [ -98.706167461766881, 29.410174940641468 ] } },
{ "type": "Feature", "properties": { "id": "48_62", "growth_scenario": "higher", "market_gravity_weight": 75 }, "geometry": { "type": "Point", "coordinates": [ -97.035214148754747, 32.952661129231529 ] } },
{ "type": "Feature", "properties": { "id": "48_63", "growth_scenario": "higher", "market_gravity_weight": 75 }, "geometry": { "type": "Point", "coordinates": [ -98.700482243331649, 29.416003759791391 ] } },
{ "type": "Feature", "properties": { "id": "48_64", "growth_scenario": "higher", "market_gravity_weight": 75 }, "geometry": { "type": "Point", "coordinates": [ -96.969789392902129, 33.041142407205101 ] } },
{ "type": "Feature", "properties": { "id": "48_65", "growth_scenario": "higher", "market_gravity_weight": 75 }, "geometry": { "type": "Point", "coordinates": [ -96.952509538623687, 33.037703629540054 ] } },
{ "type": "Feature", "properties": { "id": "48_66", "growth_scenario": "higher", "market_gravity_weight": 75 }, "geometry": { "type": "Point", "coordinates": [ -96.966453081326691, 33.041439483573839 ] } },
{ "type": "Feature", "properties": { "id": "48_67", "growth_scenario": "higher", "market_gravity_weight": 75 }, "geometry": { "type": "Point", "coordinates": [ -97.049716626575318, 32.991241639127274 ] } },
{ "type": "Feature", "properties": { "id": "48_68", "growth_scenario": "higher", "market_gravity_weight": 75 }, "geometry": { "type": "Point", "coordinates": [ -96.969683875490176, 32.927158213095474 ] } },
{ "type": "Feature", "properties": { "id": "48_69", "growth_scenario": "higher", "market_gravity_weight": 75 }, "geometry": { "type": "Point", "coordinates": [ -96.962570457037529, 33.041113844376142 ] } },
{ "type": "Feature", "properties": { "id": "48_7", "growth_scenario": "higher", "market_gravity_weight": 75 }, "geometry": { "type": "Point", "coordinates": [ -98.721235549697852, 29.426588406728197 ] } },
{ "type": "Feature", "properties": { "id": "48_70", "growth_scenario": "higher", "market_gravity_weight": 75 }, "geometry": { "type": "Point", "coordinates": [ -97.051882150864387, 32.984052810119827 ] } },
{ "type": "Feature", "properties": { "id": "48_71", "growth_scenario": "higher", "market_gravity_weight": 75 }, "geometry": { "type": "Point", "coordinates": [ -96.95869438556231, 33.0413256366447 ] } },
{ "type": "Feature", "properties": { "id": "48_72", "growth_scenario": "higher", "market_gravity_weight": 75 }, "geometry": { "type": "Point", "coordinates": [ -97.051875784608995, 32.991669822786626 ] } },
{ "type": "Feature", "properties": { "id": "48_73", "growth_scenario": "higher", "market_gravity_weight": 75 }, "geometry": { "type": "Point", "coordinates": [ -96.964324729786341, 33.043607934719581 ] } },
{ "type": "Feature", "properties": { "id": "48_74", "growth_scenario": "higher", "market_gravity_weight": 75 }, "geometry": { "type": "Point", "coordinates": [ -97.05280417633827, 32.988614495270845 ] } },
{ "type": "Feature", "properties": { "id": "48_75", "growth_scenario": "higher", "market_gravity_weight": 75 }, "geometry": { "type": "Point", "coordinates": [ -97.054446642988552, 32.982595364380856 ] } },
{ "type": "Feature", "properties": { "id": "48_76", "growth_scenario": "higher", "market_gravity_weight": 75 }, "geometry": { "type": "Point", "coordinates": [ -97.04426737589074, 32.953654037900463 ] } },
{ "type": "Feature", "properties": { "id": "48_77", "growth_scenario": "higher", "market_gravity_weight": 75 }, "geometry": { "type": "Point", "coordinates": [ -97.05630777258321, 32.984908067934157 ] } },
{ "type": "Feature", "properties": { "id": "48_78", "growth_scenario": "higher", "market_gravity_weight": 75 }, "geometry": { "type": "Point", "coordinates": [ -97.056149898623516, 32.989210874584465 ] } },
{ "type": "Feature", "properties": { "id": "48_79", "growth_scenario": "higher", "market_gravity_weight": 75 }, "geometry": { "type": "Point", "coordinates": [ -97.044332412074795, 32.950427264472061 ] } },
{ "type": "Feature", "properties": { "id": "48_8", "growth_scenario": "higher", "market_gravity_weight": 75 }, "geometry": { "type": "Point", "coordinates": [ -98.718654767965674, 29.426472570436619 ] } },
{ "type": "Feature", "properties": { "id": "48_80", "growth_scenario": "higher", "market_gravity_weight": 75 }, "geometry": { "type": "Point", "coordinates": [ -97.046943372080008, 32.952554128854487 ] } },
{ "type": "Feature", "properties": { "id": "48_81", "growth_scenario": "higher", "market_gravity_weight": 75 }, "geometry": { "type": "Point", "coordinates": [ -98.700685152036471, 29.469887173901373 ] } },
{ "type": "Feature", "properties": { "id": "48_82", "growth_scenario": "higher", "market_gravity_weight": 75 }, "geometry": { "type": "Point", "coordinates": [ -97.058327970034085, 32.983007511294097 ] } },
{ "type": "Feature", "properties": { "id": "48_83", "growth_scenario": "higher", "market_gravity_weight": 75 }, "geometry": { "type": "Point", "coordinates": [ -97.044404538325423, 32.947738110228968 ] } },
{ "type": "Feature", "properties": { "id": "48_84", "growth_scenario": "higher", "market_gravity_weight": 75 }, "geometry": { "type": "Point", "coordinates": [ -97.047767451323168, 32.949768462959568 ] } },
{ "type": "Feature", "properties": { "id": "48_85", "growth_scenario": "higher", "market_gravity_weight": 75 }, "geometry": { "type": "Point", "coordinates": [ -97.044042724357908, 32.944784064807827 ] } },
{ "type": "Feature", "properties": { "id": "48_86", "growth_scenario": "higher", "market_gravity_weight": 75 }, "geometry": { "type": "Point", "coordinates": [ -98.717915382255569, 29.479566180712112 ] } },
{ "type": "Feature", "properties": { "id": "48_87", "growth_scenario": "higher", "market_gravity_weight": 75 }, "geometry": { "type": "Point", "coordinates": [ -97.047294345465787, 32.94654660715549 ] } },
{ "type": "Feature", "properties": { "id": "48_88", "growth_scenario": "higher", "market_gravity_weight": 75 }, "geometry": { "type": "Point", "coordinates": [ -97.051107922686128, 32.950096209126166 ] } },
{ "type": "Feature", "properties": { "id": "48_89", "growth_scenario": "higher", "market_gravity_weight": 75 }, "geometry": { "type": "Point", "coordinates": [ -97.046607273398521, 32.943416313800547 ] } },
{ "type": "Feature", "properties": { "id": "48_9", "growth_scenario": "higher", "market_gravity_weight": 75 }, "geometry": { "type": "Point", "coordinates": [ -98.719384393725505, 29.423565651384298 ] } },
{ "type": "Feature", "properties": { "id": "48_90", "growth_scenario": "higher", "market_gravity_weight": 75 }, "geometry": { "type": "Point", "coordinates": [ -97.050313069195852, 32.946966946246121 ] } },
{ "type": "Feature", "properties": { "id": "48_91", "growth_scenario": "higher", "market_gravity_weight": 75 }, "geometry": { "type": "Point", "coordinates": [ -98.698897586167504, 29.472007596183509 ] } },
{ "type": "Feature", "properties": { "id": "48_92", "growth_scenario": "higher", "market_gravity_weight": 75 }, "geometry": { "type": "Point", "coordinates": [ -98.715474315817787, 29.480620097678262 ] } },
{ "type": "Feature", "properties": { "id": "48_93", "growth_scenario": "higher", "market_gravity_weight": 75 }, "geometry": { "type": "Point", "coordinates": [ -97.043857121695197, 32.93887101002926 ] } },
{ "type": "Feature", "properties": { "id": "48_94", "growth_scenario": "higher", "market_gravity_weight": 75 }, "geometry": { "type": "Point", "coordinates": [ -97.050059822891058, 32.94410153225823 ] } },
{ "type": "Feature", "properties": { "id": "48_95", "growth_scenario": "higher", "market_gravity_weight": 75 }, "geometry": { "type": "Point", "coordinates": [ -98.78054927457481, 29.43402118963472 ] } },
{ "type": "Feature", "properties": { "id": "48_96", "growth_scenario": "higher", "market_gravity_weight": 75 }, "geometry": { "type": "Point", "coordinates": [ -97.053337788384795, 32.947835234004188 ] } },
{ "type": "Feature", "properties": { "id": "48_97", "growth_scenario": "higher", "market_gravity_weight": 75 }, "geometry": { "type": "Point", "coordinates": [ -98.779680586453523, 29.429620219381075 ] } },
{ "type": "Feature", "properties": { "id": "48_98", "growth_scenario": "higher", "market_gravity_weight": 75 }, "geometry": { "type": "Point", "coordinates": [ -98.78206973451708, 29.43632921653499 ] } },
{ "type": "Feature", "properties": { "id": "48_99", "growth_scenario": "higher", "market_gravity_weight": 75 }, "geometry": { "type": "Point", "coordinates": [ -97.064489813538358, 33.000872386883771 ] } },
{ "type": "Feature", "properties": { "id": "49_0", "growth_scenario": "higher", "market_gravity_weight": 75 }, "geometry": { "type": "Point", "coordinates": [ -111.905374634604314, 40.358703996324913 ] } },
{ "type": "Feature", "properties": { "id": "49_1", "growth_scenario": "higher", "market_gravity_weight": 75 }, "geometry": { "type": "Point", "coordinates": [ -111.958707093060696, 40.371929056570956 ] } },
{ "type": "Feature", "properties": { "id": "49_10", "growth_scenario": "higher", "market_gravity_weight": 75 }, "geometry": { "type": "Point", "coordinates": [ -111.912866095911511, 40.363093872316725 ] } },
{ "type": "Feature", "properties": { "id": "49_11", "growth_scenario": "higher", "market_gravity_weight": 75 }, "geometry": { "type": "Point", "coordinates": [ -111.918723722125506, 40.3505803104959 ] } },
{ "type": "Feature", "properties": { "id": "49_12", "growth_scenario": "higher", "market_gravity_weight": 75 }, "geometry": { "type": "Point", "coordinates": [ -111.873707338635853, 40.367337864998078 ] } },
{ "type": "Feature", "properties": { "id": "49_13", "growth_scenario": "higher", "market_gravity_weight": 75 }, "geometry": { "type": "Point", "coordinates": [ -111.873834003260455, 40.371123925191412 ] } },
{ "type": "Feature", "properties": { "id": "49_14", "growth_scenario": "higher", "market_gravity_weight": 75 }, "geometry": { "type": "Point", "coordinates": [ -111.95283756653906, 40.466115949222562 ] } },
{ "type": "Feature", "properties": { "id": "49_15", "growth_scenario": "higher", "market_gravity_weight": 75 }, "geometry": { "type": "Point", "coordinates": [ -111.903177327437888, 40.361789448280696 ] } },
{ "type": "Feature", "properties": { "id": "49_16", "growth_scenario": "higher", "market_gravity_weight": 75 }, "geometry": { "type": "Point", "coordinates": [ -111.958490917647538, 40.376845774819685 ] } },
{ "type": "Feature", "properties": { "id": "49_17", "growth_scenario": "higher", "market_gravity_weight": 75 }, "geometry": { "type": "Point", "coordinates": [ -111.921473617690893, 40.355843810364597 ] } },
{ "type": "Feature", "properties": { "id": "49_18", "growth_scenario": "higher", "market_gravity_weight": 75 }, "geometry": { "type": "Point", "coordinates": [ -111.92925951884601, 40.467482702264476 ] } },
{ "type": "Feature", "properties": { "id": "49_19", "growth_scenario": "higher", "market_gravity_weight": 75 }, "geometry": { "type": "Point", "coordinates": [ -111.901200096587431, 40.495035130597664 ] } },
{ "type": "Feature", "properties": { "id": "49_2", "growth_scenario": "higher", "market_gravity_weight": 75 }, "geometry": { "type": "Point", "coordinates": [ -111.869989678809446, 40.372244643180764 ] } },
{ "type": "Feature", "properties": { "id": "49_20", "growth_scenario": "higher", "market_gravity_weight": 75 }, "geometry": { "type": "Point", "coordinates": [ -111.921191203770192, 40.35298264651891 ] } },
{ "type": "Feature", "properties": { "id": "49_21", "growth_scenario": "higher", "market_gravity_weight": 75 }, "geometry": { "type": "Point", "coordinates": [ -111.914709787875211, 40.429130885036443 ] } },
{ "type": "Feature", "properties": { "id": "49_22", "growth_scenario": "higher", "market_gravity_weight": 75 }, "geometry": { "type": "Point", "coordinates": [ -111.906815817171861, 40.364043390709114 ] } },
{ "type": "Feature", "properties": { "id": "49_23", "growth_scenario": "higher", "market_gravity_weight": 75 }, "geometry": { "type": "Point", "coordinates": [ -111.955503005071591, 40.467768903426354 ] } },
{ "type": "Feature", "properties": { "id": "49_24", "growth_scenario": "higher", "market_gravity_weight": 75 }, "geometry": { "type": "Point", "coordinates": [ -111.919437219371602, 40.360176650651496 ] } },
{ "type": "Feature", "properties": { "id": "49_25", "growth_scenario": "higher", "market_gravity_weight": 75 }, "geometry": { "type": "Point", "coordinates": [ -111.955341826565203, 40.503917319513306 ] } },
{ "type": "Feature", "properties": { "id": "49_26", "growth_scenario": "higher", "market_gravity_weight": 75 }, "geometry": { "type": "Point", "coordinates": [ -111.89607099274437, 40.493693153838116 ] } },
{ "type": "Feature", "properties": { "id": "49_27", "growth_scenario": "higher", "market_gravity_weight": 75 }, "geometry": { "type": "Point", "coordinates": [ -111.902926755972288, 40.496808161659779 ] } },
{ "type": "Feature", "properties": { "id": "49_28", "growth_scenario": "higher", "market_gravity_weight": 75 }, "geometry": { "type": "Point", "coordinates": [ -111.915574038029874, 40.443144926284567 ] } },
{ "type": "Feature", "properties": { "id": "49_29", "growth_scenario": "higher", "market_gravity_weight": 75 }, "geometry": { "type": "Point", "coordinates": [ -111.952654713904352, 40.372337787351924 ] } },
{ "type": "Feature", "properties": { "id": "49_3", "growth_scenario": "higher", "market_gravity_weight": 75 }, "geometry": { "type": "Point", "coordinates": [ -111.913996454789299, 40.425962132189312 ] } },
{ "type": "Feature", "properties": { "id": "49_30", "growth_scenario": "higher", "market_gravity_weight": 75 }, "geometry": { "type": "Point", "coordinates": [ -111.918833960554338, 40.429241052503961 ] } },
{ "type": "Feature", "properties": { "id": "49_4", "growth_scenario": "higher", "market_gravity_weight": 75 }, "geometry": { "type": "Point", "coordinates": [ -111.958991084976262, 40.374790169062535 ] } },
{ "type": "Feature", "properties": { "id": "49_5", "growth_scenario": "higher", "market_gravity_weight": 75 }, "geometry": { "type": "Point", "coordinates": [ -111.872474665375208, 40.37419299834152 ] } },
{ "type": "Feature", "properties": { "id": "49_6", "growth_scenario": "higher", "market_gravity_weight": 75 }, "geometry": { "type": "Point", "coordinates": [ -111.907960678883768, 40.361634714683724 ] } },
{ "type": "Feature", "properties": { "id": "49_7", "growth_scenario": "higher", "market_gravity_weight": 75 }, "geometry": { "type": "Point", "coordinates": [ -111.792314540543387, 40.350741202708107 ] } },
{ "type": "Feature", "properties": { "id": "49_8", "growth_scenario": "higher", "market_gravity_weight": 75 }, "geometry": { "type": "Point", "coordinates": [ -111.910735891095939, 40.427009729812561 ] } },
{ "type": "Feature", "properties": { "id": "49_9", "growth_scenario": "higher", "market_gravity_weight": 75 }, "geometry": { "type": "Point", "coordinates": [ -111.952342468144835, 40.469800703066312 ] } },
{ "type": "Feature", "properties": { "id": "51_0", "growth_scenario": "higher", "market_gravity_weight": 75 }, "geometry": { "type": "Point", "coordinates": [ -77.466356678466425, 39.003919752973943 ] } },
{ "type": "Feature", "properties": { "id": "51_1", "growth_scenario": "higher", "market_gravity_weight": 75 }, "geometry": { "type": "Point", "coordinates": [ -77.463231172420279, 39.005902616196494 ] } },
{ "type": "Feature", "properties": { "id": "51_10", "growth_scenario": "higher", "market_gravity_weight": 75 }, "geometry": { "type": "Point", "coordinates": [ -77.415772888840081, 38.985436447366155 ] } },
{ "type": "Feature", "properties": { "id": "51_100", "growth_scenario": "higher", "market_gravity_weight": 75 }, "geometry": { "type": "Point", "coordinates": [ -77.436000363300138, 38.90992246034552 ] } },
{ "type": "Feature", "properties": { "id": "51_101", "growth_scenario": "higher", "market_gravity_weight": 75 }, "geometry": { "type": "Point", "coordinates": [ -77.769760680286268, 38.316230341735888 ] } },
{ "type": "Feature", "properties": { "id": "51_102", "growth_scenario": "higher", "market_gravity_weight": 75 }, "geometry": { "type": "Point", "coordinates": [ -77.789865857501283, 38.321881314946225 ] } },
{ "type": "Feature", "properties": { "id": "51_103", "growth_scenario": "higher", "market_gravity_weight": 75 }, "geometry": { "type": "Point", "coordinates": [ -77.773878510629885, 38.306396650466127 ] } },
{ "type": "Feature", "properties": { "id": "51_104", "growth_scenario": "higher", "market_gravity_weight": 75 }, "geometry": { "type": "Point", "coordinates": [ -77.789220748302441, 38.305244367644384 ] } },
{ "type": "Feature", "properties": { "id": "51_105", "growth_scenario": "higher", "market_gravity_weight": 75 }, "geometry": { "type": "Point", "coordinates": [ -78.84062935033397, 38.44328196631173 ] } },
{ "type": "Feature", "properties": { "id": "51_106", "growth_scenario": "higher", "market_gravity_weight": 75 }, "geometry": { "type": "Point", "coordinates": [ -77.450878619750455, 38.87616337940608 ] } },
{ "type": "Feature", "properties": { "id": "51_107", "growth_scenario": "higher", "market_gravity_weight": 75 }, "geometry": { "type": "Point", "coordinates": [ -77.279014418451808, 38.704234377242848 ] } },
{ "type": "Feature", "properties": { "id": "51_108", "growth_scenario": "higher", "market_gravity_weight": 75 }, "geometry": { "type": "Point", "coordinates": [ -77.514232167673484, 39.073621876220741 ] } },
{ "type": "Feature", "properties": { "id": "51_109", "growth_scenario": "higher", "market_gravity_weight": 75 }, "geometry": { "type": "Point", "coordinates": [ -78.366609505256989, 36.686490264285915 ] } },
{ "type": "Feature", "properties": { "id": "51_11", "growth_scenario": "higher", "market_gravity_weight": 75 }, "geometry": { "type": "Point", "coordinates": [ -77.786740959229903, 38.312779191898969 ] } },
{ "type": "Feature", "properties": { "id": "51_110", "growth_scenario": "higher", "market_gravity_weight": 75 }, "geometry": { "type": "Point", "coordinates": [ -78.887677530221822, 38.449171804663678 ] } },
{ "type": "Feature", "properties": { "id": "51_111", "growth_scenario": "higher", "market_gravity_weight": 75 }, "geometry": { "type": "Point", "coordinates": [ -77.473960276781767, 38.979969072609329 ] } },
{ "type": "Feature", "properties": { "id": "51_112", "growth_scenario": "higher", "market_gravity_weight": 75 }, "geometry": { "type": "Point", "coordinates": [ -77.518465995673452, 39.115817362166389 ] } },
{ "type": "Feature", "properties": { "id": "51_113", "growth_scenario": "higher", "market_gravity_weight": 75 }, "geometry": { "type": "Point", "coordinates": [ -77.518910276759485, 39.118248584329002 ] } },
{ "type": "Feature", "properties": { "id": "51_114", "growth_scenario": "higher", "market_gravity_weight": 75 }, "geometry": { "type": "Point", "coordinates": [ -78.255911758887109, 39.054325411387332 ] } },
{ "type": "Feature", "properties": { "id": "51_115", "growth_scenario": "higher", "market_gravity_weight": 75 }, "geometry": { "type": "Point", "coordinates": [ -78.344598366174282, 36.68867254470959 ] } },
{ "type": "Feature", "properties": { "id": "51_116", "growth_scenario": "higher", "market_gravity_weight": 75 }, "geometry": { "type": "Point", "coordinates": [ -78.8554637097034, 38.473029802562252 ] } },
{ "type": "Feature", "properties": { "id": "51_117", "growth_scenario": "higher", "market_gravity_weight": 75 }, "geometry": { "type": "Point", "coordinates": [ -77.744348081541304, 38.355040632564524 ] } },
{ "type": "Feature", "properties": { "id": "51_118", "growth_scenario": "higher", "market_gravity_weight": 75 }, "geometry": { "type": "Point", "coordinates": [ -77.745277493889233, 38.35181735840991 ] } },
{ "type": "Feature", "properties": { "id": "51_119", "growth_scenario": "higher", "market_gravity_weight": 75 }, "geometry": { "type": "Point", "coordinates": [ -78.372690353708435, 36.672497838429258 ] } },
{ "type": "Feature", "properties": { "id": "51_12", "growth_scenario": "higher", "market_gravity_weight": 75 }, "geometry": { "type": "Point", "coordinates": [ -77.221995346444913, 38.859070150327192 ] } },
{ "type": "Feature", "properties": { "id": "51_120", "growth_scenario": "higher", "market_gravity_weight": 75 }, "geometry": { "type": "Point", "coordinates": [ -77.435537526185428, 38.907578547316739 ] } },
{ "type": "Feature", "properties": { "id": "51_121", "growth_scenario": "higher", "market_gravity_weight": 75 }, "geometry": { "type": "Point", "coordinates": [ -77.768484477461584, 38.311949017799002 ] } },
{ "type": "Feature", "properties": { "id": "51_122", "growth_scenario": "higher", "market_gravity_weight": 75 }, "geometry": { "type": "Point", "coordinates": [ -77.76925820164567, 38.309338617707986 ] } },
{ "type": "Feature", "properties": { "id": "51_123", "growth_scenario": "higher", "market_gravity_weight": 75 }, "geometry": { "type": "Point", "coordinates": [ -77.769739179150775, 38.30695693475711 ] } },
{ "type": "Feature", "properties": { "id": "51_124", "growth_scenario": "higher", "market_gravity_weight": 75 }, "geometry": { "type": "Point", "coordinates": [ -78.36179413344361, 36.685957526949224 ] } },
{ "type": "Feature", "properties": { "id": "51_125", "growth_scenario": "higher", "market_gravity_weight": 75 }, "geometry": { "type": "Point", "coordinates": [ -77.276276102888488, 38.690622584251848 ] } },
{ "type": "Feature", "properties": { "id": "51_126", "growth_scenario": "higher", "market_gravity_weight": 75 }, "geometry": { "type": "Point", "coordinates": [ -77.206099979751457, 38.752806941152812 ] } },
{ "type": "Feature", "properties": { "id": "51_127", "growth_scenario": "higher", "market_gravity_weight": 75 }, "geometry": { "type": "Point", "coordinates": [ -77.203068762905957, 38.755798038706224 ] } },
{ "type": "Feature", "properties": { "id": "51_128", "growth_scenario": "higher", "market_gravity_weight": 75 }, "geometry": { "type": "Point", "coordinates": [ -77.272639392537783, 38.701891590977525 ] } },
{ "type": "Feature", "properties": { "id": "51_129", "growth_scenario": "higher", "market_gravity_weight": 75 }, "geometry": { "type": "Point", "coordinates": [ -77.208196848676053, 38.750217957703029 ] } },
{ "type": "Feature", "properties": { "id": "51_13", "growth_scenario": "higher", "market_gravity_weight": 75 }, "geometry": { "type": "Point", "coordinates": [ -78.371786772810211, 36.681627352002778 ] } },
{ "type": "Feature", "properties": { "id": "51_130", "growth_scenario": "higher", "market_gravity_weight": 75 }, "geometry": { "type": "Point", "coordinates": [ -77.274798917068352, 38.695399657634695 ] } },
{ "type": "Feature", "properties": { "id": "51_131", "growth_scenario": "higher", "market_gravity_weight": 75 }, "geometry": { "type": "Point", "coordinates": [ -78.863710084666991, 38.476456361220635 ] } },
{ "type": "Feature", "properties": { "id": "51_132", "growth_scenario": "higher", "market_gravity_weight": 75 }, "geometry": { "type": "Point", "coordinates": [ -78.353491985527924, 36.693807547503503 ] } },
{ "type": "Feature", "properties": { "id": "51_133", "growth_scenario": "higher", "market_gravity_weight": 75 }, "geometry": { "type": "Point", "coordinates": [ -77.743721631222698, 38.349584096574098 ] } },
{ "type": "Feature", "properties": { "id": "51_134", "growth_scenario": "higher", "market_gravity_weight": 75 }, "geometry": { "type": "Point", "coordinates": [ -78.365911620713717, 36.67539755424044 ] } },
{ "type": "Feature", "properties": { "id": "51_135", "growth_scenario": "higher", "market_gravity_weight": 75 }, "geometry": { "type": "Point", "coordinates": [ -77.438896591372597, 38.908815537294515 ] } },
{ "type": "Feature", "properties": { "id": "51_136", "growth_scenario": "higher", "market_gravity_weight": 75 }, "geometry": { "type": "Point", "coordinates": [ -78.344347178443385, 36.691178287659547 ] } },
{ "type": "Feature", "properties": { "id": "51_137", "growth_scenario": "higher", "market_gravity_weight": 75 }, "geometry": { "type": "Point", "coordinates": [ -78.364375972622483, 36.683797622008868 ] } },
{ "type": "Feature", "properties": { "id": "51_138", "growth_scenario": "higher", "market_gravity_weight": 75 }, "geometry": { "type": "Point", "coordinates": [ -78.374813483469126, 36.670814687581363 ] } },
{ "type": "Feature", "properties": { "id": "51_139", "growth_scenario": "higher", "market_gravity_weight": 75 }, "geometry": { "type": "Point", "coordinates": [ -78.357552014041971, 36.692684512277715 ] } },
{ "type": "Feature", "properties": { "id": "51_14", "growth_scenario": "higher", "market_gravity_weight": 75 }, "geometry": { "type": "Point", "coordinates": [ -77.526278541988674, 39.070707654358941 ] } },
{ "type": "Feature", "properties": { "id": "51_140", "growth_scenario": "higher", "market_gravity_weight": 75 }, "geometry": { "type": "Point", "coordinates": [ -78.850031398730223, 38.471630909099908 ] } },
{ "type": "Feature", "properties": { "id": "51_141", "growth_scenario": "higher", "market_gravity_weight": 75 }, "geometry": { "type": "Point", "coordinates": [ -78.846721266580033, 38.469714163195448 ] } },
{ "type": "Feature", "properties": { "id": "51_142", "growth_scenario": "higher", "market_gravity_weight": 75 }, "geometry": { "type": "Point", "coordinates": [ -77.28605128404881, 38.70858874298618 ] } },
{ "type": "Feature", "properties": { "id": "51_143", "growth_scenario": "higher", "market_gravity_weight": 75 }, "geometry": { "type": "Point", "coordinates": [ -77.512300321356264, 39.07096644572988 ] } },
{ "type": "Feature", "properties": { "id": "51_144", "growth_scenario": "higher", "market_gravity_weight": 75 }, "geometry": { "type": "Point", "coordinates": [ -77.282198867089249, 38.699719145746954 ] } },
{ "type": "Feature", "properties": { "id": "51_145", "growth_scenario": "higher", "market_gravity_weight": 75 }, "geometry": { "type": "Point", "coordinates": [ -77.279238973229567, 38.698355339507856 ] } },
{ "type": "Feature", "properties": { "id": "51_146", "growth_scenario": "higher", "market_gravity_weight": 75 }, "geometry": { "type": "Point", "coordinates": [ -77.26833029436402, 38.683853299356606 ] } },
{ "type": "Feature", "properties": { "id": "51_147", "growth_scenario": "higher", "market_gravity_weight": 75 }, "geometry": { "type": "Point", "coordinates": [ -77.275210451073946, 38.699283861259659 ] } },
{ "type": "Feature", "properties": { "id": "51_148", "growth_scenario": "higher", "market_gravity_weight": 75 }, "geometry": { "type": "Point", "coordinates": [ -78.349857395578397, 36.675739273480765 ] } },
{ "type": "Feature", "properties": { "id": "51_149", "growth_scenario": "higher", "market_gravity_weight": 75 }, "geometry": { "type": "Point", "coordinates": [ -77.522123683657512, 39.108547499480693 ] } },
{ "type": "Feature", "properties": { "id": "51_15", "growth_scenario": "higher", "market_gravity_weight": 75 }, "geometry": { "type": "Point", "coordinates": [ -77.263896865735674, 38.697729259870883 ] } },
{ "type": "Feature", "properties": { "id": "51_150", "growth_scenario": "higher", "market_gravity_weight": 75 }, "geometry": { "type": "Point", "coordinates": [ -77.522776308716587, 39.111555664804513 ] } },
{ "type": "Feature", "properties": { "id": "51_151", "growth_scenario": "higher", "market_gravity_weight": 75 }, "geometry": { "type": "Point", "coordinates": [ -78.356834681397956, 39.001960825487146 ] } },
{ "type": "Feature", "properties": { "id": "51_152", "growth_scenario": "higher", "market_gravity_weight": 75 }, "geometry": { "type": "Point", "coordinates": [ -78.893324657206776, 38.458125911639193 ] } },
{ "type": "Feature", "properties": { "id": "51_153", "growth_scenario": "higher", "market_gravity_weight": 75 }, "geometry": { "type": "Point", "coordinates": [ -78.253026557200528, 39.049186849164819 ] } },
{ "type": "Feature", "properties": { "id": "51_154", "growth_scenario": "higher", "market_gravity_weight": 75 }, "geometry": { "type": "Point", "coordinates": [ -78.878630180152769, 38.409813717379123 ] } },
{ "type": "Feature", "properties": { "id": "51_155", "growth_scenario": "higher", "market_gravity_weight": 75 }, "geometry": { "type": "Point", "coordinates": [ -78.346957324182682, 36.67585352023287 ] } },
{ "type": "Feature", "properties": { "id": "51_156", "growth_scenario": "higher", "market_gravity_weight": 75 }, "geometry": { "type": "Point", "coordinates": [ -78.832428318340007, 38.440675804578127 ] } },
{ "type": "Feature", "properties": { "id": "51_157", "growth_scenario": "higher", "market_gravity_weight": 75 }, "geometry": { "type": "Point", "coordinates": [ -77.742067696941106, 38.352880300759018 ] } },
{ "type": "Feature", "properties": { "id": "51_158", "growth_scenario": "higher", "market_gravity_weight": 75 }, "geometry": { "type": "Point", "coordinates": [ -78.250084898740326, 39.051485607205869 ] } },
{ "type": "Feature", "properties": { "id": "51_159", "growth_scenario": "higher", "market_gravity_weight": 75 }, "geometry": { "type": "Point", "coordinates": [ -77.772165400054732, 38.304321899754385 ] } },
{ "type": "Feature", "properties": { "id": "51_16", "growth_scenario": "higher", "market_gravity_weight": 75 }, "geometry": { "type": "Point", "coordinates": [ -77.477205262280307, 38.994100939712752 ] } },
{ "type": "Feature", "properties": { "id": "51_160", "growth_scenario": "higher", "market_gravity_weight": 75 }, "geometry": { "type": "Point", "coordinates": [ -78.343382944492106, 36.678319776535382 ] } },
{ "type": "Feature", "properties": { "id": "51_161", "growth_scenario": "higher", "market_gravity_weight": 75 }, "geometry": { "type": "Point", "coordinates": [ -78.339708862397529, 36.684585768082357 ] } },
{ "type": "Feature", "properties": { "id": "51_162", "growth_scenario": "higher", "market_gravity_weight": 75 }, "geometry": { "type": "Point", "coordinates": [ -77.207943797665806, 38.755729444000139 ] } },
{ "type": "Feature", "properties": { "id": "51_163", "growth_scenario": "higher", "market_gravity_weight": 75 }, "geometry": { "type": "Point", "coordinates": [ -77.210656146040392, 38.752143251837126 ] } },
{ "type": "Feature", "properties": { "id": "51_164", "growth_scenario": "higher", "market_gravity_weight": 75 }, "geometry": { "type": "Point", "coordinates": [ -77.510582809128877, 39.076709464499608 ] } },
{ "type": "Feature", "properties": { "id": "51_165", "growth_scenario": "higher", "market_gravity_weight": 75 }, "geometry": { "type": "Point", "coordinates": [ -77.280383173238064, 38.667507927292519 ] } },
{ "type": "Feature", "properties": { "id": "51_166", "growth_scenario": "higher", "market_gravity_weight": 75 }, "geometry": { "type": "Point", "coordinates": [ -77.535946887389727, 39.090895073938746 ] } },
{ "type": "Feature", "properties": { "id": "51_167", "growth_scenario": "higher", "market_gravity_weight": 75 }, "geometry": { "type": "Point", "coordinates": [ -78.355949387762806, 36.674282392867639 ] } },
{ "type": "Feature", "properties": { "id": "51_168", "growth_scenario": "higher", "market_gravity_weight": 75 }, "geometry": { "type": "Point", "coordinates": [ -77.52322601337633, 39.115351697049732 ] } },
{ "type": "Feature", "properties": { "id": "51_169", "growth_scenario": "higher", "market_gravity_weight": 75 }, "geometry": { "type": "Point", "coordinates": [ -77.522410544605449, 39.117593283691292 ] } },
{ "type": "Feature", "properties": { "id": "51_17", "growth_scenario": "higher", "market_gravity_weight": 75 }, "geometry": { "type": "Point", "coordinates": [ -77.775247429828283, 38.314054472365925 ] } },
{ "type": "Feature", "properties": { "id": "51_170", "growth_scenario": "higher", "market_gravity_weight": 75 }, "geometry": { "type": "Point", "coordinates": [ -80.039827026461211, 37.196361083321982 ] } },
{ "type": "Feature", "properties": { "id": "51_171", "growth_scenario": "higher", "market_gravity_weight": 75 }, "geometry": { "type": "Point", "coordinates": [ -78.360721799601237, 36.676443886113276 ] } },
{ "type": "Feature", "properties": { "id": "51_172", "growth_scenario": "higher", "market_gravity_weight": 75 }, "geometry": { "type": "Point", "coordinates": [ -78.36081487826344, 39.003622358196068 ] } },
{ "type": "Feature", "properties": { "id": "51_173", "growth_scenario": "higher", "market_gravity_weight": 75 }, "geometry": { "type": "Point", "coordinates": [ -77.241980585681247, 38.947117845349226 ] } },
{ "type": "Feature", "properties": { "id": "51_174", "growth_scenario": "higher", "market_gravity_weight": 75 }, "geometry": { "type": "Point", "coordinates": [ -78.888802194472859, 38.460846395117365 ] } },
{ "type": "Feature", "properties": { "id": "51_175", "growth_scenario": "higher", "market_gravity_weight": 75 }, "geometry": { "type": "Point", "coordinates": [ -77.785756158465546, 38.326536340833421 ] } },
{ "type": "Feature", "properties": { "id": "51_176", "growth_scenario": "higher", "market_gravity_weight": 75 }, "geometry": { "type": "Point", "coordinates": [ -77.789289063291946, 38.326520640084468 ] } },
{ "type": "Feature", "properties": { "id": "51_177", "growth_scenario": "higher", "market_gravity_weight": 75 }, "geometry": { "type": "Point", "coordinates": [ -77.766628617867596, 38.318395921505754 ] } },
{ "type": "Feature", "properties": { "id": "51_178", "growth_scenario": "higher", "market_gravity_weight": 75 }, "geometry": { "type": "Point", "coordinates": [ -77.763967222221723, 38.313543059425861 ] } },
{ "type": "Feature", "properties": { "id": "51_179", "growth_scenario": "higher", "market_gravity_weight": 75 }, "geometry": { "type": "Point", "coordinates": [ -78.881062190187066, 38.460757172124005 ] } },
{ "type": "Feature", "properties": { "id": "51_18", "growth_scenario": "higher", "market_gravity_weight": 75 }, "geometry": { "type": "Point", "coordinates": [ -77.782300498069063, 38.30938687074083 ] } },
{ "type": "Feature", "properties": { "id": "51_180", "growth_scenario": "higher", "market_gravity_weight": 75 }, "geometry": { "type": "Point", "coordinates": [ -78.362748688397659, 39.001540046150346 ] } },
{ "type": "Feature", "properties": { "id": "51_181", "growth_scenario": "higher", "market_gravity_weight": 75 }, "geometry": { "type": "Point", "coordinates": [ -78.359265752259844, 36.673866442325924 ] } },
{ "type": "Feature", "properties": { "id": "51_182", "growth_scenario": "higher", "market_gravity_weight": 75 }, "geometry": { "type": "Point", "coordinates": [ -78.248812502868134, 39.053753263639209 ] } },
{ "type": "Feature", "properties": { "id": "51_183", "growth_scenario": "higher", "market_gravity_weight": 75 }, "geometry": { "type": "Point", "coordinates": [ -77.269580985024945, 38.681315963442998 ] } },
{ "type": "Feature", "properties": { "id": "51_184", "growth_scenario": "higher", "market_gravity_weight": 75 }, "geometry": { "type": "Point", "coordinates": [ -78.355681031355104, 39.004246025162203 ] } },
{ "type": "Feature", "properties": { "id": "51_185", "growth_scenario": "higher", "market_gravity_weight": 75 }, "geometry": { "type": "Point", "coordinates": [ -77.37850373805064, 37.670142232973049 ] } },
{ "type": "Feature", "properties": { "id": "51_186", "growth_scenario": "higher", "market_gravity_weight": 75 }, "geometry": { "type": "Point", "coordinates": [ -77.50997545659942, 39.079527929421523 ] } },
{ "type": "Feature", "properties": { "id": "51_187", "growth_scenario": "higher", "market_gravity_weight": 75 }, "geometry": { "type": "Point", "coordinates": [ -78.340282131627532, 36.688939666569368 ] } },
{ "type": "Feature", "properties": { "id": "51_188", "growth_scenario": "higher", "market_gravity_weight": 75 }, "geometry": { "type": "Point", "coordinates": [ -77.498825118125239, 39.096944429432348 ] } },
{ "type": "Feature", "properties": { "id": "51_189", "growth_scenario": "higher", "market_gravity_weight": 75 }, "geometry": { "type": "Point", "coordinates": [ -78.359501469089679, 36.694154452981422 ] } },
{ "type": "Feature", "properties": { "id": "51_19", "growth_scenario": "higher", "market_gravity_weight": 75 }, "geometry": { "type": "Point", "coordinates": [ -77.442011418740918, 39.019971873479754 ] } },
{ "type": "Feature", "properties": { "id": "51_190", "growth_scenario": "higher", "market_gravity_weight": 75 }, "geometry": { "type": "Point", "coordinates": [ -77.438064828760915, 38.905142426894486 ] } },
{ "type": "Feature", "properties": { "id": "51_191", "growth_scenario": "higher", "market_gravity_weight": 75 }, "geometry": { "type": "Point", "coordinates": [ -78.826282249721842, 38.441805012505689 ] } },
{ "type": "Feature", "properties": { "id": "51_192", "growth_scenario": "higher", "market_gravity_weight": 75 }, "geometry": { "type": "Point", "coordinates": [ -78.249226583472989, 39.062166761732186 ] } },
{ "type": "Feature", "properties": { "id": "51_193", "growth_scenario": "higher", "market_gravity_weight": 75 }, "geometry": { "type": "Point", "coordinates": [ -78.352369935871209, 36.673387679464476 ] } },
{ "type": "Feature", "properties": { "id": "51_194", "growth_scenario": "higher", "market_gravity_weight": 75 }, "geometry": { "type": "Point", "coordinates": [ -78.25347492312973, 39.046890872609417 ] } },
{ "type": "Feature", "properties": { "id": "51_195", "growth_scenario": "higher", "market_gravity_weight": 75 }, "geometry": { "type": "Point", "coordinates": [ -80.041107614582046, 37.204315505478405 ] } },
{ "type": "Feature", "properties": { "id": "51_196", "growth_scenario": "higher", "market_gravity_weight": 75 }, "geometry": { "type": "Point", "coordinates": [ -78.363261663802689, 36.674459449650591 ] } },
{ "type": "Feature", "properties": { "id": "51_197", "growth_scenario": "higher", "market_gravity_weight": 75 }, "geometry": { "type": "Point", "coordinates": [ -77.377984456325038, 37.668515444782123 ] } },
{ "type": "Feature", "properties": { "id": "51_198", "growth_scenario": "higher", "market_gravity_weight": 75 }, "geometry": { "type": "Point", "coordinates": [ -78.93183179566941, 38.409934587190918 ] } },
{ "type": "Feature", "properties": { "id": "51_199", "growth_scenario": "higher", "market_gravity_weight": 75 }, "geometry": { "type": "Point", "coordinates": [ -78.897585077799647, 38.403680318602454 ] } },
{ "type": "Feature", "properties": { "id": "51_2", "growth_scenario": "higher", "market_gravity_weight": 75 }, "geometry": { "type": "Point", "coordinates": [ -77.463632233169719, 39.002507368449052 ] } },
{ "type": "Feature", "properties": { "id": "51_20", "growth_scenario": "higher", "market_gravity_weight": 75 }, "geometry": { "type": "Point", "coordinates": [ -77.288614962434153, 38.695062652152274 ] } },
{ "type": "Feature", "properties": { "id": "51_200", "growth_scenario": "higher", "market_gravity_weight": 75 }, "geometry": { "type": "Point", "coordinates": [ -78.246688151312469, 39.055625338908506 ] } },
{ "type": "Feature", "properties": { "id": "51_201", "growth_scenario": "higher", "market_gravity_weight": 75 }, "geometry": { "type": "Point", "coordinates": [ -78.358909461807812, 39.00607185761573 ] } },
{ "type": "Feature", "properties": { "id": "51_202", "growth_scenario": "higher", "market_gravity_weight": 75 }, "geometry": { "type": "Point", "coordinates": [ -78.366002933089845, 36.671142556588457 ] } },
{ "type": "Feature", "properties": { "id": "51_203", "growth_scenario": "higher", "market_gravity_weight": 75 }, "geometry": { "type": "Point", "coordinates": [ -78.348790569259521, 36.672492859072264 ] } },
{ "type": "Feature", "properties": { "id": "51_204", "growth_scenario": "higher", "market_gravity_weight": 75 }, "geometry": { "type": "Point", "coordinates": [ -79.916569728117992, 37.247977504732049 ] } },
{ "type": "Feature", "properties": { "id": "51_205", "growth_scenario": "higher", "market_gravity_weight": 75 }, "geometry": { "type": "Point", "coordinates": [ -78.859992991114325, 38.478745166349874 ] } },
{ "type": "Feature", "properties": { "id": "51_206", "growth_scenario": "higher", "market_gravity_weight": 75 }, "geometry": { "type": "Point", "coordinates": [ -77.786409250610845, 38.329088033006634 ] } },
{ "type": "Feature", "properties": { "id": "51_207", "growth_scenario": "higher", "market_gravity_weight": 75 }, "geometry": { "type": "Point", "coordinates": [ -77.791182519305011, 38.328349387042039 ] } },
{ "type": "Feature", "properties": { "id": "51_208", "growth_scenario": "higher", "market_gravity_weight": 75 }, "geometry": { "type": "Point", "coordinates": [ -77.43191925885705, 38.903209848380719 ] } },
{ "type": "Feature", "properties": { "id": "51_209", "growth_scenario": "higher", "market_gravity_weight": 75 }, "geometry": { "type": "Point", "coordinates": [ -78.351356587225752, 39.003987305571762 ] } },
{ "type": "Feature", "properties": { "id": "51_21", "growth_scenario": "higher", "market_gravity_weight": 75 }, "geometry": { "type": "Point", "coordinates": [ -77.271800244638314, 38.709223018988283 ] } },
{ "type": "Feature", "properties": { "id": "51_210", "growth_scenario": "higher", "market_gravity_weight": 75 }, "geometry": { "type": "Point", "coordinates": [ -78.884760566789041, 38.381837898890318 ] } },
{ "type": "Feature", "properties": { "id": "51_211", "growth_scenario": "higher", "market_gravity_weight": 75 }, "geometry": { "type": "Point", "coordinates": [ -78.24505702504176, 39.061745566982879 ] } },
{ "type": "Feature", "properties": { "id": "51_212", "growth_scenario": "higher", "market_gravity_weight": 75 }, "geometry": { "type": "Point", "coordinates": [ -78.353703909122501, 39.00650360109158 ] } },
{ "type": "Feature", "properties": { "id": "51_213", "growth_scenario": "higher", "market_gravity_weight": 75 }, "geometry": { "type": "Point", "coordinates": [ -78.34512037078332, 36.672946784694595 ] } },
{ "type": "Feature", "properties": { "id": "51_214", "growth_scenario": "higher", "market_gravity_weight": 75 }, "geometry": { "type": "Point", "coordinates": [ -78.834148871595943, 38.43738119855869 ] } },
{ "type": "Feature", "properties": { "id": "51_215", "growth_scenario": "higher", "market_gravity_weight": 75 }, "geometry": { "type": "Point", "coordinates": [ -78.928875444597224, 38.413510067068017 ] } },
{ "type": "Feature", "properties": { "id": "51_216", "growth_scenario": "higher", "market_gravity_weight": 75 }, "geometry": { "type": "Point", "coordinates": [ -78.864194483288131, 38.479879857171234 ] } },
{ "type": "Feature", "properties": { "id": "51_217", "growth_scenario": "higher", "market_gravity_weight": 75 }, "geometry": { "type": "Point", "coordinates": [ -78.923786537528244, 38.408172353103488 ] } },
{ "type": "Feature", "properties": { "id": "51_218", "growth_scenario": "higher", "market_gravity_weight": 75 }, "geometry": { "type": "Point", "coordinates": [ -78.887128071135464, 38.380266303728853 ] } },
{ "type": "Feature", "properties": { "id": "51_219", "growth_scenario": "higher", "market_gravity_weight": 75 }, "geometry": { "type": "Point", "coordinates": [ -78.830134137681014, 38.438448018582612 ] } },
{ "type": "Feature", "properties": { "id": "51_22", "growth_scenario": "higher", "market_gravity_weight": 75 }, "geometry": { "type": "Point", "coordinates": [ -77.19949580233893, 38.749515474361793 ] } },
{ "type": "Feature", "properties": { "id": "51_220", "growth_scenario": "higher", "market_gravity_weight": 75 }, "geometry": { "type": "Point", "coordinates": [ -77.50789487924358, 39.073758140287346 ] } },
{ "type": "Feature", "properties": { "id": "51_221", "growth_scenario": "higher", "market_gravity_weight": 75 }, "geometry": { "type": "Point", "coordinates": [ -78.89264092491014, 38.462019958483864 ] } },
{ "type": "Feature", "properties": { "id": "51_222", "growth_scenario": "higher", "market_gravity_weight": 75 }, "geometry": { "type": "Point", "coordinates": [ -77.374891463792991, 37.671038688097191 ] } },
{ "type": "Feature", "properties": { "id": "51_223", "growth_scenario": "higher", "market_gravity_weight": 75 }, "geometry": { "type": "Point", "coordinates": [ -77.507779576748106, 39.07974263884401 ] } },
{ "type": "Feature", "properties": { "id": "51_224", "growth_scenario": "higher", "market_gravity_weight": 75 }, "geometry": { "type": "Point", "coordinates": [ -78.341663734610009, 36.675884593629355 ] } },
{ "type": "Feature", "properties": { "id": "51_225", "growth_scenario": "higher", "market_gravity_weight": 75 }, "geometry": { "type": "Point", "coordinates": [ -78.928035931286431, 38.406591736341809 ] } },
{ "type": "Feature", "properties": { "id": "51_226", "growth_scenario": "higher", "market_gravity_weight": 75 }, "geometry": { "type": "Point", "coordinates": [ -77.383696405041292, 37.674038453677561 ] } },
{ "type": "Feature", "properties": { "id": "51_227", "growth_scenario": "higher", "market_gravity_weight": 75 }, "geometry": { "type": "Point", "coordinates": [ -77.53672894917166, 39.103106742907798 ] } },
{ "type": "Feature", "properties": { "id": "51_228", "growth_scenario": "higher", "market_gravity_weight": 75 }, "geometry": { "type": "Point", "coordinates": [ -78.935895675070725, 38.410141206234719 ] } },
{ "type": "Feature", "properties": { "id": "51_229", "growth_scenario": "higher", "market_gravity_weight": 75 }, "geometry": { "type": "Point", "coordinates": [ -78.339103286283972, 36.676503234615417 ] } },
{ "type": "Feature", "properties": { "id": "51_23", "growth_scenario": "higher", "market_gravity_weight": 75 }, "geometry": { "type": "Point", "coordinates": [ -77.531112587512652, 39.08380232706331 ] } },
{ "type": "Feature", "properties": { "id": "51_230", "growth_scenario": "higher", "market_gravity_weight": 75 }, "geometry": { "type": "Point", "coordinates": [ -78.82441342967627, 38.447708795899764 ] } },
{ "type": "Feature", "properties": { "id": "51_231", "growth_scenario": "higher", "market_gravity_weight": 75 }, "geometry": { "type": "Point", "coordinates": [ -77.737487830690839, 38.352373956909318 ] } },
{ "type": "Feature", "properties": { "id": "51_232", "growth_scenario": "higher", "market_gravity_weight": 75 }, "geometry": { "type": "Point", "coordinates": [ -80.04213428338953, 37.194224166855854 ] } },
{ "type": "Feature", "properties": { "id": "51_233", "growth_scenario": "higher", "market_gravity_weight": 75 }, "geometry": { "type": "Point", "coordinates": [ -77.738442655260229, 38.349518071724411 ] } },
{ "type": "Feature", "properties": { "id": "51_234", "growth_scenario": "higher", "market_gravity_weight": 75 }, "geometry": { "type": "Point", "coordinates": [ -77.739576966035187, 38.346416491589544 ] } },
{ "type": "Feature", "properties": { "id": "51_235", "growth_scenario": "higher", "market_gravity_weight": 75 }, "geometry": { "type": "Point", "coordinates": [ -79.947813990074636, 37.213142625207233 ] } },
{ "type": "Feature", "properties": { "id": "51_236", "growth_scenario": "higher", "market_gravity_weight": 75 }, "geometry": { "type": "Point", "coordinates": [ -78.227077977953641, 38.943914934477306 ] } },
{ "type": "Feature", "properties": { "id": "51_237", "growth_scenario": "higher", "market_gravity_weight": 75 }, "geometry": { "type": "Point", "coordinates": [ -77.764100679407179, 38.319561514138499 ] } },
{ "type": "Feature", "properties": { "id": "51_238", "growth_scenario": "higher", "market_gravity_weight": 75 }, "geometry": { "type": "Point", "coordinates": [ -77.761712797310196, 38.311750420298537 ] } },
{ "type": "Feature", "properties": { "id": "51_239", "growth_scenario": "higher", "market_gravity_weight": 75 }, "geometry": { "type": "Point", "coordinates": [ -78.82425165103615, 38.444421017299256 ] } },
{ "type": "Feature", "properties": { "id": "51_24", "growth_scenario": "higher", "market_gravity_weight": 75 }, "geometry": { "type": "Point", "coordinates": [ -77.474687058123166, 38.99281089024997 ] } },
{ "type": "Feature", "properties": { "id": "51_240", "growth_scenario": "higher", "market_gravity_weight": 75 }, "geometry": { "type": "Point", "coordinates": [ -78.244340750584612, 39.057919147167013 ] } },
{ "type": "Feature", "properties": { "id": "51_241", "growth_scenario": "higher", "market_gravity_weight": 75 }, "geometry": { "type": "Point", "coordinates": [ -78.221325620514222, 38.944170515357342 ] } },
{ "type": "Feature", "properties": { "id": "51_242", "growth_scenario": "higher", "market_gravity_weight": 75 }, "geometry": { "type": "Point", "coordinates": [ -77.486895740358378, 37.696412078202108 ] } },
{ "type": "Feature", "properties": { "id": "51_243", "growth_scenario": "higher", "market_gravity_weight": 75 }, "geometry": { "type": "Point", "coordinates": [ -78.364064916063896, 39.005360368643771 ] } },
{ "type": "Feature", "properties": { "id": "51_244", "growth_scenario": "higher", "market_gravity_weight": 75 }, "geometry": { "type": "Point", "coordinates": [ -78.925328634153999, 38.414101122521757 ] } },
{ "type": "Feature", "properties": { "id": "51_245", "growth_scenario": "higher", "market_gravity_weight": 75 }, "geometry": { "type": "Point", "coordinates": [ -78.88927729400973, 38.38310745303766 ] } },
{ "type": "Feature", "properties": { "id": "51_246", "growth_scenario": "higher", "market_gravity_weight": 75 }, "geometry": { "type": "Point", "coordinates": [ -78.836157171505945, 38.435850267661259 ] } },
{ "type": "Feature", "properties": { "id": "51_247", "growth_scenario": "higher", "market_gravity_weight": 75 }, "geometry": { "type": "Point", "coordinates": [ -77.310684270996376, 37.184770602180826 ] } },
{ "type": "Feature", "properties": { "id": "51_248", "growth_scenario": "higher", "market_gravity_weight": 75 }, "geometry": { "type": "Point", "coordinates": [ -78.221749824113928, 38.940055063047247 ] } },
{ "type": "Feature", "properties": { "id": "51_249", "growth_scenario": "higher", "market_gravity_weight": 75 }, "geometry": { "type": "Point", "coordinates": [ -78.879965686397412, 38.405648581803831 ] } },
{ "type": "Feature", "properties": { "id": "51_25", "growth_scenario": "higher", "market_gravity_weight": 75 }, "geometry": { "type": "Point", "coordinates": [ -77.470387756370584, 38.991979032320614 ] } },
{ "type": "Feature", "properties": { "id": "51_250", "growth_scenario": "higher", "market_gravity_weight": 75 }, "geometry": { "type": "Point", "coordinates": [ -78.245727274454211, 39.052308371876777 ] } },
{ "type": "Feature", "properties": { "id": "51_251", "growth_scenario": "higher", "market_gravity_weight": 75 }, "geometry": { "type": "Point", "coordinates": [ -77.320891974308793, 37.179268855081261 ] } },
{ "type": "Feature", "properties": { "id": "51_252", "growth_scenario": "higher", "market_gravity_weight": 75 }, "geometry": { "type": "Point", "coordinates": [ -77.315159563556833, 37.177644877891858 ] } },
{ "type": "Feature", "properties": { "id": "51_253", "growth_scenario": "higher", "market_gravity_weight": 75 }, "geometry": { "type": "Point", "coordinates": [ -78.895423646961376, 38.406369304431067 ] } },
{ "type": "Feature", "properties": { "id": "51_254", "growth_scenario": "higher", "market_gravity_weight": 75 }, "geometry": { "type": "Point", "coordinates": [ -78.888091889863205, 38.409057527085508 ] } },
{ "type": "Feature", "properties": { "id": "51_255", "growth_scenario": "higher", "market_gravity_weight": 75 }, "geometry": { "type": "Point", "coordinates": [ -77.385753858100074, 37.670081335781809 ] } },
{ "type": "Feature", "properties": { "id": "51_256", "growth_scenario": "higher", "market_gravity_weight": 75 }, "geometry": { "type": "Point", "coordinates": [ -77.373639963261482, 37.674119815235905 ] } },
{ "type": "Feature", "properties": { "id": "51_257", "growth_scenario": "higher", "market_gravity_weight": 75 }, "geometry": { "type": "Point", "coordinates": [ -78.887699598191261, 38.4067353466762 ] } },
{ "type": "Feature", "properties": { "id": "51_258", "growth_scenario": "higher", "market_gravity_weight": 75 }, "geometry": { "type": "Point", "coordinates": [ -77.462299547860894, 37.738648014655489 ] } },
{ "type": "Feature", "properties": { "id": "51_259", "growth_scenario": "higher", "market_gravity_weight": 75 }, "geometry": { "type": "Point", "coordinates": [ -78.872705245184108, 38.409524892215941 ] } },
{ "type": "Feature", "properties": { "id": "51_26", "growth_scenario": "higher", "market_gravity_weight": 75 }, "geometry": { "type": "Point", "coordinates": [ -77.78608281670175, 38.318678661641201 ] } },
{ "type": "Feature", "properties": { "id": "51_260", "growth_scenario": "higher", "market_gravity_weight": 75 }, "geometry": { "type": "Point", "coordinates": [ -78.348020816127786, 39.002599704857346 ] } },
{ "type": "Feature", "properties": { "id": "51_261", "growth_scenario": "higher", "market_gravity_weight": 75 }, "geometry": { "type": "Point", "coordinates": [ -77.484731818325088, 37.693896631056717 ] } },
{ "type": "Feature", "properties": { "id": "51_262", "growth_scenario": "higher", "market_gravity_weight": 75 }, "geometry": { "type": "Point", "coordinates": [ -77.481381271359552, 37.699292841578504 ] } },
{ "type": "Feature", "properties": { "id": "51_263", "growth_scenario": "higher", "market_gravity_weight": 75 }, "geometry": { "type": "Point", "coordinates": [ -78.875746608883503, 38.406597144963406 ] } },
{ "type": "Feature", "properties": { "id": "51_264", "growth_scenario": "higher", "market_gravity_weight": 75 }, "geometry": { "type": "Point", "coordinates": [ -78.893336984941541, 38.396282628516438 ] } },
{ "type": "Feature", "properties": { "id": "51_265", "growth_scenario": "higher", "market_gravity_weight": 75 }, "geometry": { "type": "Point", "coordinates": [ -78.362554047475896, 36.696787016684048 ] } },
{ "type": "Feature", "properties": { "id": "51_266", "growth_scenario": "higher", "market_gravity_weight": 75 }, "geometry": { "type": "Point", "coordinates": [ -77.315459225052351, 37.187427959562825 ] } },
{ "type": "Feature", "properties": { "id": "51_267", "growth_scenario": "higher", "market_gravity_weight": 75 }, "geometry": { "type": "Point", "coordinates": [ -78.888790662119433, 38.4653789050437 ] } },
{ "type": "Feature", "properties": { "id": "51_268", "growth_scenario": "higher", "market_gravity_weight": 75 }, "geometry": { "type": "Point", "coordinates": [ -78.928865827508716, 38.416047638916822 ] } },
{ "type": "Feature", "properties": { "id": "51_269", "growth_scenario": "higher", "market_gravity_weight": 75 }, "geometry": { "type": "Point", "coordinates": [ -77.37351465908489, 37.66682302197173 ] } },
{ "type": "Feature", "properties": { "id": "51_27", "growth_scenario": "higher", "market_gravity_weight": 75 }, "geometry": { "type": "Point", "coordinates": [ -77.789097571717619, 38.316040683018436 ] } },
{ "type": "Feature", "properties": { "id": "51_270", "growth_scenario": "higher", "market_gravity_weight": 75 }, "geometry": { "type": "Point", "coordinates": [ -78.183220313797221, 38.973600460797499 ] } },
{ "type": "Feature", "properties": { "id": "51_271", "growth_scenario": "higher", "market_gravity_weight": 75 }, "geometry": { "type": "Point", "coordinates": [ -78.371969806241623, 36.66730509751531 ] } },
{ "type": "Feature", "properties": { "id": "51_272", "growth_scenario": "higher", "market_gravity_weight": 75 }, "geometry": { "type": "Point", "coordinates": [ -78.899346715846519, 38.458517487988438 ] } },
{ "type": "Feature", "properties": { "id": "51_273", "growth_scenario": "higher", "market_gravity_weight": 75 }, "geometry": { "type": "Point", "coordinates": [ -78.247294208605879, 39.064702239969066 ] } },
{ "type": "Feature", "properties": { "id": "51_274", "growth_scenario": "higher", "market_gravity_weight": 75 }, "geometry": { "type": "Point", "coordinates": [ -78.891018193752231, 38.409105842807264 ] } },
{ "type": "Feature", "properties": { "id": "51_275", "growth_scenario": "higher", "market_gravity_weight": 75 }, "geometry": { "type": "Point", "coordinates": [ -77.323432060391383, 37.177482006894202 ] } },
{ "type": "Feature", "properties": { "id": "51_276", "growth_scenario": "higher", "market_gravity_weight": 75 }, "geometry": { "type": "Point", "coordinates": [ -78.890570087503008, 38.380115221739906 ] } },
{ "type": "Feature", "properties": { "id": "51_277", "growth_scenario": "higher", "market_gravity_weight": 75 }, "geometry": { "type": "Point", "coordinates": [ -78.831367981337578, 38.435719707203219 ] } },
{ "type": "Feature", "properties": { "id": "51_278", "growth_scenario": "higher", "market_gravity_weight": 75 }, "geometry": { "type": "Point", "coordinates": [ -77.38500089046768, 37.675331816054843 ] } },
{ "type": "Feature", "properties": { "id": "51_279", "growth_scenario": "higher", "market_gravity_weight": 75 }, "geometry": { "type": "Point", "coordinates": [ -77.458916426377755, 37.741856308737056 ] } },
{ "type": "Feature", "properties": { "id": "51_28", "growth_scenario": "higher", "market_gravity_weight": 75 }, "geometry": { "type": "Point", "coordinates": [ -77.789589740991616, 38.312206604188681 ] } },
{ "type": "Feature", "properties": { "id": "51_280", "growth_scenario": "higher", "market_gravity_weight": 75 }, "geometry": { "type": "Point", "coordinates": [ -77.465329920086916, 37.737750060355324 ] } },
{ "type": "Feature", "properties": { "id": "51_281", "growth_scenario": "higher", "market_gravity_weight": 75 }, "geometry": { "type": "Point", "coordinates": [ -78.34925785327593, 39.005773431834008 ] } },
{ "type": "Feature", "properties": { "id": "51_282", "growth_scenario": "higher", "market_gravity_weight": 75 }, "geometry": { "type": "Point", "coordinates": [ -78.821794033041357, 38.449334867018706 ] } },
{ "type": "Feature", "properties": { "id": "51_283", "growth_scenario": "higher", "market_gravity_weight": 75 }, "geometry": { "type": "Point", "coordinates": [ -78.93031021759333, 38.404915590003441 ] } },
{ "type": "Feature", "properties": { "id": "51_284", "growth_scenario": "higher", "market_gravity_weight": 75 }, "geometry": { "type": "Point", "coordinates": [ -78.242847403751298, 39.055796364983003 ] } },
{ "type": "Feature", "properties": { "id": "51_285", "growth_scenario": "higher", "market_gravity_weight": 75 }, "geometry": { "type": "Point", "coordinates": [ -77.736301134137818, 38.347742008581626 ] } },
{ "type": "Feature", "properties": { "id": "51_286", "growth_scenario": "higher", "market_gravity_weight": 75 }, "geometry": { "type": "Point", "coordinates": [ -78.888666618458927, 38.386195536632968 ] } },
{ "type": "Feature", "properties": { "id": "51_287", "growth_scenario": "higher", "market_gravity_weight": 75 }, "geometry": { "type": "Point", "coordinates": [ -77.480269817726906, 37.695847813294016 ] } },
{ "type": "Feature", "properties": { "id": "51_288", "growth_scenario": "higher", "market_gravity_weight": 75 }, "geometry": { "type": "Point", "coordinates": [ -77.308190539763189, 37.189112346288695 ] } },
{ "type": "Feature", "properties": { "id": "51_289", "growth_scenario": "higher", "market_gravity_weight": 75 }, "geometry": { "type": "Point", "coordinates": [ -78.336624378553253, 36.679677048392385 ] } },
{ "type": "Feature", "properties": { "id": "51_29", "growth_scenario": "higher", "market_gravity_weight": 75 }, "geometry": { "type": "Point", "coordinates": [ -77.462165209553831, 39.031206066664168 ] } },
{ "type": "Feature", "properties": { "id": "51_290", "growth_scenario": "higher", "market_gravity_weight": 75 }, "geometry": { "type": "Point", "coordinates": [ -78.821300829667166, 38.446453821070335 ] } },
{ "type": "Feature", "properties": { "id": "51_291", "growth_scenario": "higher", "market_gravity_weight": 75 }, "geometry": { "type": "Point", "coordinates": [ -80.045737536765927, 37.195699037426301 ] } },
{ "type": "Feature", "properties": { "id": "51_292", "growth_scenario": "higher", "market_gravity_weight": 75 }, "geometry": { "type": "Point", "coordinates": [ -77.309099130641755, 37.182793851967197 ] } },
{ "type": "Feature", "properties": { "id": "51_293", "growth_scenario": "higher", "market_gravity_weight": 75 }, "geometry": { "type": "Point", "coordinates": [ -78.356401839667186, 36.670444217658293 ] } },
{ "type": "Feature", "properties": { "id": "51_294", "growth_scenario": "higher", "market_gravity_weight": 75 }, "geometry": { "type": "Point", "coordinates": [ -78.22395192277861, 38.937377889419473 ] } },
{ "type": "Feature", "properties": { "id": "51_295", "growth_scenario": "higher", "market_gravity_weight": 75 }, "geometry": { "type": "Point", "coordinates": [ -78.920767169485842, 38.408021088619044 ] } },
{ "type": "Feature", "properties": { "id": "51_296", "growth_scenario": "higher", "market_gravity_weight": 75 }, "geometry": { "type": "Point", "coordinates": [ -78.822495876823865, 38.441906181638984 ] } },
{ "type": "Feature", "properties": { "id": "51_297", "growth_scenario": "higher", "market_gravity_weight": 75 }, "geometry": { "type": "Point", "coordinates": [ -78.241392202363258, 39.059762788377498 ] } },
{ "type": "Feature", "properties": { "id": "51_298", "growth_scenario": "higher", "market_gravity_weight": 75 }, "geometry": { "type": "Point", "coordinates": [ -78.823460938334975, 38.439321398690353 ] } },
{ "type": "Feature", "properties": { "id": "51_299", "growth_scenario": "higher", "market_gravity_weight": 75 }, "geometry": { "type": "Point", "coordinates": [ -78.861398702922145, 38.481754080027329 ] } },
{ "type": "Feature", "properties": { "id": "51_3", "growth_scenario": "higher", "market_gravity_weight": 75 }, "geometry": { "type": "Point", "coordinates": [ -77.262757881348492, 38.694824977607745 ] } },
{ "type": "Feature", "properties": { "id": "51_30", "growth_scenario": "higher", "market_gravity_weight": 75 }, "geometry": { "type": "Point", "coordinates": [ -77.520732719986412, 39.080239078573307 ] } },
{ "type": "Feature", "properties": { "id": "51_300", "growth_scenario": "higher", "market_gravity_weight": 75 }, "geometry": { "type": "Point", "coordinates": [ -78.945528565825711, 38.421645487105259 ] } },
{ "type": "Feature", "properties": { "id": "51_301", "growth_scenario": "higher", "market_gravity_weight": 75 }, "geometry": { "type": "Point", "coordinates": [ -77.458811507492328, 37.736746971269106 ] } },
{ "type": "Feature", "properties": { "id": "51_302", "growth_scenario": "higher", "market_gravity_weight": 75 }, "geometry": { "type": "Point", "coordinates": [ -78.923126377735954, 38.415968682278873 ] } },
{ "type": "Feature", "properties": { "id": "51_303", "growth_scenario": "higher", "market_gravity_weight": 75 }, "geometry": { "type": "Point", "coordinates": [ -78.35326652117206, 36.669615436082012 ] } },
{ "type": "Feature", "properties": { "id": "51_304", "growth_scenario": "higher", "market_gravity_weight": 75 }, "geometry": { "type": "Point", "coordinates": [ -78.919754684040328, 38.413319764603393 ] } },
{ "type": "Feature", "properties": { "id": "51_305", "growth_scenario": "higher", "market_gravity_weight": 75 }, "geometry": { "type": "Point", "coordinates": [ -80.043362009799509, 37.190676463985241 ] } },
{ "type": "Feature", "properties": { "id": "51_306", "growth_scenario": "higher", "market_gravity_weight": 75 }, "geometry": { "type": "Point", "coordinates": [ -78.883632137689332, 38.387120300530967 ] } },
{ "type": "Feature", "properties": { "id": "51_307", "growth_scenario": "higher", "market_gravity_weight": 75 }, "geometry": { "type": "Point", "coordinates": [ -79.867080431929523, 37.264151763046215 ] } },
{ "type": "Feature", "properties": { "id": "51_308", "growth_scenario": "higher", "market_gravity_weight": 75 }, "geometry": { "type": "Point", "coordinates": [ -79.861073195138985, 37.264159235036715 ] } },
{ "type": "Feature", "properties": { "id": "51_309", "growth_scenario": "higher", "market_gravity_weight": 75 }, "geometry": { "type": "Point", "coordinates": [ -78.82797464891901, 38.436148459187564 ] } },
{ "type": "Feature", "properties": { "id": "51_31", "growth_scenario": "higher", "market_gravity_weight": 75 }, "geometry": { "type": "Point", "coordinates": [ -77.265695674641051, 38.699461107342856 ] } },
{ "type": "Feature", "properties": { "id": "51_310", "growth_scenario": "higher", "market_gravity_weight": 75 }, "geometry": { "type": "Point", "coordinates": [ -78.918502974679257, 38.410151905203911 ] } },
{ "type": "Feature", "properties": { "id": "51_311", "growth_scenario": "higher", "market_gravity_weight": 75 }, "geometry": { "type": "Point", "coordinates": [ -78.21867494448496, 38.945783783185277 ] } },
{ "type": "Feature", "properties": { "id": "51_312", "growth_scenario": "higher", "market_gravity_weight": 75 }, "geometry": { "type": "Point", "coordinates": [ -77.49139668753422, 37.699377669518171 ] } },
{ "type": "Feature", "properties": { "id": "51_313", "growth_scenario": "higher", "market_gravity_weight": 75 }, "geometry": { "type": "Point", "coordinates": [ -77.370217765970352, 37.668313949702252 ] } },
{ "type": "Feature", "properties": { "id": "51_314", "growth_scenario": "higher", "market_gravity_weight": 75 }, "geometry": { "type": "Point", "coordinates": [ -79.952241395749425, 37.229939022006569 ] } },
{ "type": "Feature", "properties": { "id": "51_315", "growth_scenario": "higher", "market_gravity_weight": 75 }, "geometry": { "type": "Point", "coordinates": [ -78.892884969915585, 38.382254109996026 ] } },
{ "type": "Feature", "properties": { "id": "51_316", "growth_scenario": "higher", "market_gravity_weight": 75 }, "geometry": { "type": "Point", "coordinates": [ -77.36993112017899, 37.671271522727778 ] } },
{ "type": "Feature", "properties": { "id": "51_317", "growth_scenario": "higher", "market_gravity_weight": 75 }, "geometry": { "type": "Point", "coordinates": [ -77.313060914077511, 37.174950929788508 ] } },
{ "type": "Feature", "properties": { "id": "51_318", "growth_scenario": "higher", "market_gravity_weight": 75 }, "geometry": { "type": "Point", "coordinates": [ -78.877185380051017, 38.402990650947928 ] } },
{ "type": "Feature", "properties": { "id": "51_319", "growth_scenario": "higher", "market_gravity_weight": 75 }, "geometry": { "type": "Point", "coordinates": [ -78.36460931600547, 36.66830198303073 ] } },
{ "type": "Feature", "properties": { "id": "51_32", "growth_scenario": "higher", "market_gravity_weight": 75 }, "geometry": { "type": "Point", "coordinates": [ -77.527223699261427, 39.084126309377808 ] } },
{ "type": "Feature", "properties": { "id": "51_320", "growth_scenario": "higher", "market_gravity_weight": 75 }, "geometry": { "type": "Point", "coordinates": [ -77.377980696331903, 37.678612152744172 ] } },
{ "type": "Feature", "properties": { "id": "51_321", "growth_scenario": "higher", "market_gravity_weight": 75 }, "geometry": { "type": "Point", "coordinates": [ -77.456462037518634, 37.740023341473574 ] } },
{ "type": "Feature", "properties": { "id": "51_322", "growth_scenario": "higher", "market_gravity_weight": 75 }, "geometry": { "type": "Point", "coordinates": [ -78.886596149696416, 38.467700658625589 ] } },
{ "type": "Feature", "properties": { "id": "51_323", "growth_scenario": "higher", "market_gravity_weight": 75 }, "geometry": { "type": "Point", "coordinates": [ -78.368921289104065, 38.997161919282135 ] } },
{ "type": "Feature", "properties": { "id": "51_324", "growth_scenario": "higher", "market_gravity_weight": 75 }, "geometry": { "type": "Point", "coordinates": [ -78.926297912815087, 38.402993125696362 ] } },
{ "type": "Feature", "properties": { "id": "51_325", "growth_scenario": "higher", "market_gravity_weight": 75 }, "geometry": { "type": "Point", "coordinates": [ -80.045384195050417, 37.205879872136762 ] } },
{ "type": "Feature", "properties": { "id": "51_326", "growth_scenario": "higher", "market_gravity_weight": 75 }, "geometry": { "type": "Point", "coordinates": [ -78.925495116339022, 38.418386240887635 ] } },
{ "type": "Feature", "properties": { "id": "51_327", "growth_scenario": "higher", "market_gravity_weight": 75 }, "geometry": { "type": "Point", "coordinates": [ -77.479542709690975, 37.693189456382328 ] } },
{ "type": "Feature", "properties": { "id": "51_328", "growth_scenario": "higher", "market_gravity_weight": 75 }, "geometry": { "type": "Point", "coordinates": [ -77.483329150482859, 37.69067968966084 ] } },
{ "type": "Feature", "properties": { "id": "51_329", "growth_scenario": "higher", "market_gravity_weight": 75 }, "geometry": { "type": "Point", "coordinates": [ -78.359656010497702, 36.668838369570452 ] } },
{ "type": "Feature", "properties": { "id": "51_33", "growth_scenario": "higher", "market_gravity_weight": 75 }, "geometry": { "type": "Point", "coordinates": [ -77.265874578738376, 38.690117715341167 ] } },
{ "type": "Feature", "properties": { "id": "51_330", "growth_scenario": "higher", "market_gravity_weight": 75 }, "geometry": { "type": "Point", "coordinates": [ -77.318537487543693, 37.188091075065614 ] } },
{ "type": "Feature", "properties": { "id": "51_331", "growth_scenario": "higher", "market_gravity_weight": 75 }, "geometry": { "type": "Point", "coordinates": [ -79.981686601300865, 37.237855432310489 ] } },
{ "type": "Feature", "properties": { "id": "51_332", "growth_scenario": "higher", "market_gravity_weight": 75 }, "geometry": { "type": "Point", "coordinates": [ -77.305575906544661, 37.182970799627739 ] } },
{ "type": "Feature", "properties": { "id": "51_333", "growth_scenario": "higher", "market_gravity_weight": 75 }, "geometry": { "type": "Point", "coordinates": [ -78.216315297817644, 38.945259914036839 ] } },
{ "type": "Feature", "properties": { "id": "51_334", "growth_scenario": "higher", "market_gravity_weight": 75 }, "geometry": { "type": "Point", "coordinates": [ -78.872604513788858, 38.403978914493621 ] } },
{ "type": "Feature", "properties": { "id": "51_335", "growth_scenario": "higher", "market_gravity_weight": 75 }, "geometry": { "type": "Point", "coordinates": [ -77.30767002803033, 37.180659481094636 ] } },
{ "type": "Feature", "properties": { "id": "51_336", "growth_scenario": "higher", "market_gravity_weight": 75 }, "geometry": { "type": "Point", "coordinates": [ -78.24245289940211, 39.04874759605363 ] } },
{ "type": "Feature", "properties": { "id": "51_337", "growth_scenario": "higher", "market_gravity_weight": 75 }, "geometry": { "type": "Point", "coordinates": [ -78.179772331853385, 38.975551409293317 ] } },
{ "type": "Feature", "properties": { "id": "51_338", "growth_scenario": "higher", "market_gravity_weight": 75 }, "geometry": { "type": "Point", "coordinates": [ -77.325733539835454, 37.181663248385227 ] } },
{ "type": "Feature", "properties": { "id": "51_339", "growth_scenario": "higher", "market_gravity_weight": 75 }, "geometry": { "type": "Point", "coordinates": [ -78.469049065079474, 36.806964029183661 ] } },
{ "type": "Feature", "properties": { "id": "51_34", "growth_scenario": "higher", "market_gravity_weight": 75 }, "geometry": { "type": "Point", "coordinates": [ -78.859295808136636, 38.468762195358373 ] } },
{ "type": "Feature", "properties": { "id": "51_340", "growth_scenario": "higher", "market_gravity_weight": 75 }, "geometry": { "type": "Point", "coordinates": [ -78.900267356725081, 38.461095015885491 ] } },
{ "type": "Feature", "properties": { "id": "51_341", "growth_scenario": "higher", "market_gravity_weight": 75 }, "geometry": { "type": "Point", "coordinates": [ -78.461449246367906, 36.8103848750577 ] } },
{ "type": "Feature", "properties": { "id": "51_342", "growth_scenario": "higher", "market_gravity_weight": 75 }, "geometry": { "type": "Point", "coordinates": [ -78.891149620615337, 38.467342273505857 ] } },
{ "type": "Feature", "properties": { "id": "51_343", "growth_scenario": "higher", "market_gravity_weight": 75 }, "geometry": { "type": "Point", "coordinates": [ -77.368501033002019, 37.675052730141182 ] } },
{ "type": "Feature", "properties": { "id": "51_344", "growth_scenario": "higher", "market_gravity_weight": 75 }, "geometry": { "type": "Point", "coordinates": [ -77.326062375034226, 37.176710122720309 ] } },
{ "type": "Feature", "properties": { "id": "51_345", "growth_scenario": "higher", "market_gravity_weight": 75 }, "geometry": { "type": "Point", "coordinates": [ -78.216687640687155, 38.938957603865127 ] } },
{ "type": "Feature", "properties": { "id": "51_346", "growth_scenario": "higher", "market_gravity_weight": 75 }, "geometry": { "type": "Point", "coordinates": [ -78.881243630372097, 38.38877960125587 ] } },
{ "type": "Feature", "properties": { "id": "51_347", "growth_scenario": "higher", "market_gravity_weight": 75 }, "geometry": { "type": "Point", "coordinates": [ -77.391229949175695, 37.669654737009431 ] } },
{ "type": "Feature", "properties": { "id": "51_348", "growth_scenario": "higher", "market_gravity_weight": 75 }, "geometry": { "type": "Point", "coordinates": [ -77.463075342456747, 37.735129429060969 ] } },
{ "type": "Feature", "properties": { "id": "51_349", "growth_scenario": "higher", "market_gravity_weight": 75 }, "geometry": { "type": "Point", "coordinates": [ -77.375963023625218, 37.680119284269544 ] } },
{ "type": "Feature", "properties": { "id": "51_35", "growth_scenario": "higher", "market_gravity_weight": 75 }, "geometry": { "type": "Point", "coordinates": [ -78.372653014153798, 36.687659002853806 ] } },
{ "type": "Feature", "properties": { "id": "51_350", "growth_scenario": "higher", "market_gravity_weight": 75 }, "geometry": { "type": "Point", "coordinates": [ -79.920046478258897, 37.339062700665501 ] } },
{ "type": "Feature", "properties": { "id": "51_351", "growth_scenario": "higher", "market_gravity_weight": 75 }, "geometry": { "type": "Point", "coordinates": [ -79.915567266086171, 37.339459159962544 ] } },
{ "type": "Feature", "properties": { "id": "51_352", "growth_scenario": "higher", "market_gravity_weight": 75 }, "geometry": { "type": "Point", "coordinates": [ -77.467010185056282, 37.736189601465135 ] } },
{ "type": "Feature", "properties": { "id": "51_353", "growth_scenario": "higher", "market_gravity_weight": 75 }, "geometry": { "type": "Point", "coordinates": [ -77.457711652491795, 37.744763182792518 ] } },
{ "type": "Feature", "properties": { "id": "51_354", "growth_scenario": "higher", "market_gravity_weight": 75 }, "geometry": { "type": "Point", "coordinates": [ -78.891581330109105, 38.387783936159984 ] } },
{ "type": "Feature", "properties": { "id": "51_355", "growth_scenario": "higher", "market_gravity_weight": 75 }, "geometry": { "type": "Point", "coordinates": [ -77.47692363133315, 37.695696849407113 ] } },
{ "type": "Feature", "properties": { "id": "51_356", "growth_scenario": "higher", "market_gravity_weight": 75 }, "geometry": { "type": "Point", "coordinates": [ -78.823474206947395, 38.436783837836394 ] } },
{ "type": "Feature", "properties": { "id": "51_357", "growth_scenario": "higher", "market_gravity_weight": 75 }, "geometry": { "type": "Point", "coordinates": [ -80.047806977970382, 37.191991713366193 ] } },
{ "type": "Feature", "properties": { "id": "51_358", "growth_scenario": "higher", "market_gravity_weight": 75 }, "geometry": { "type": "Point", "coordinates": [ -77.30489006295808, 37.189324152000459 ] } },
{ "type": "Feature", "properties": { "id": "51_359", "growth_scenario": "higher", "market_gravity_weight": 75 }, "geometry": { "type": "Point", "coordinates": [ -77.493381069962069, 37.695226417748195 ] } },
{ "type": "Feature", "properties": { "id": "51_36", "growth_scenario": "higher", "market_gravity_weight": 75 }, "geometry": { "type": "Point", "coordinates": [ -77.488987901921249, 38.99769994194331 ] } },
{ "type": "Feature", "properties": { "id": "51_360", "growth_scenario": "higher", "market_gravity_weight": 75 }, "geometry": { "type": "Point", "coordinates": [ -78.894662599226635, 38.383682696663364 ] } },
{ "type": "Feature", "properties": { "id": "51_361", "growth_scenario": "higher", "market_gravity_weight": 75 }, "geometry": { "type": "Point", "coordinates": [ -77.11200968457149, 37.029812679738221 ] } },
{ "type": "Feature", "properties": { "id": "51_362", "growth_scenario": "higher", "market_gravity_weight": 75 }, "geometry": { "type": "Point", "coordinates": [ -78.934673386168782, 38.404348155711055 ] } },
{ "type": "Feature", "properties": { "id": "51_363", "growth_scenario": "higher", "market_gravity_weight": 75 }, "geometry": { "type": "Point", "coordinates": [ -78.91795436136546, 38.4059944847249 ] } },
{ "type": "Feature", "properties": { "id": "51_364", "growth_scenario": "higher", "market_gravity_weight": 75 }, "geometry": { "type": "Point", "coordinates": [ -78.903185557912593, 38.458693251127329 ] } },
{ "type": "Feature", "properties": { "id": "51_365", "growth_scenario": "higher", "market_gravity_weight": 75 }, "geometry": { "type": "Point", "coordinates": [ -78.830201772933904, 38.433197366339819 ] } },
{ "type": "Feature", "properties": { "id": "51_366", "growth_scenario": "higher", "market_gravity_weight": 75 }, "geometry": { "type": "Point", "coordinates": [ -77.370167621282803, 37.665304235535594 ] } },
{ "type": "Feature", "properties": { "id": "51_367", "growth_scenario": "higher", "market_gravity_weight": 75 }, "geometry": { "type": "Point", "coordinates": [ -78.350207962735752, 36.667980553143174 ] } },
{ "type": "Feature", "properties": { "id": "51_368", "growth_scenario": "higher", "market_gravity_weight": 75 }, "geometry": { "type": "Point", "coordinates": [ -77.493290449504912, 37.701578581549455 ] } },
{ "type": "Feature", "properties": { "id": "51_369", "growth_scenario": "higher", "market_gravity_weight": 75 }, "geometry": { "type": "Point", "coordinates": [ -78.938002691613178, 38.40417981263704 ] } },
{ "type": "Feature", "properties": { "id": "51_37", "growth_scenario": "higher", "market_gravity_weight": 75 }, "geometry": { "type": "Point", "coordinates": [ -77.49016165499782, 39.000059762066073 ] } },
{ "type": "Feature", "properties": { "id": "51_370", "growth_scenario": "higher", "market_gravity_weight": 75 }, "geometry": { "type": "Point", "coordinates": [ -80.017125477941008, 37.202118855361078 ] } },
{ "type": "Feature", "properties": { "id": "51_371", "growth_scenario": "higher", "market_gravity_weight": 75 }, "geometry": { "type": "Point", "coordinates": [ -77.325692244874901, 37.184568504358694 ] } },
{ "type": "Feature", "properties": { "id": "51_372", "growth_scenario": "higher", "market_gravity_weight": 75 }, "geometry": { "type": "Point", "coordinates": [ -78.892003926203671, 38.393465599104331 ] } },
{ "type": "Feature", "properties": { "id": "51_373", "growth_scenario": "higher", "market_gravity_weight": 75 }, "geometry": { "type": "Point", "coordinates": [ -79.958434483877767, 37.229590144874045 ] } },
{ "type": "Feature", "properties": { "id": "51_374", "growth_scenario": "higher", "market_gravity_weight": 75 }, "geometry": { "type": "Point", "coordinates": [ -78.238920326943173, 39.0596776786943 ] } },
{ "type": "Feature", "properties": { "id": "51_375", "growth_scenario": "higher", "market_gravity_weight": 75 }, "geometry": { "type": "Point", "coordinates": [ -78.23210668989374, 38.947549498529447 ] } },
{ "type": "Feature", "properties": { "id": "51_376", "growth_scenario": "higher", "market_gravity_weight": 75 }, "geometry": { "type": "Point", "coordinates": [ -77.36656551650411, 37.67211497345086 ] } },
{ "type": "Feature", "properties": { "id": "51_377", "growth_scenario": "higher", "market_gravity_weight": 75 }, "geometry": { "type": "Point", "coordinates": [ -78.920562060938622, 38.417876139078281 ] } },
{ "type": "Feature", "properties": { "id": "51_378", "growth_scenario": "higher", "market_gravity_weight": 75 }, "geometry": { "type": "Point", "coordinates": [ -77.310874411984642, 37.173517096762637 ] } },
{ "type": "Feature", "properties": { "id": "51_379", "growth_scenario": "higher", "market_gravity_weight": 75 }, "geometry": { "type": "Point", "coordinates": [ -78.470066583195035, 36.809474480482102 ] } },
{ "type": "Feature", "properties": { "id": "51_38", "growth_scenario": "higher", "market_gravity_weight": 75 }, "geometry": { "type": "Point", "coordinates": [ -78.355016742147086, 36.681591330222076 ] } },
{ "type": "Feature", "properties": { "id": "51_380", "growth_scenario": "higher", "market_gravity_weight": 75 }, "geometry": { "type": "Point", "coordinates": [ -78.240378122327229, 39.050899139947312 ] } },
{ "type": "Feature", "properties": { "id": "51_381", "growth_scenario": "higher", "market_gravity_weight": 75 }, "geometry": { "type": "Point", "coordinates": [ -78.221954550502545, 38.934908949283454 ] } },
{ "type": "Feature", "properties": { "id": "51_382", "growth_scenario": "higher", "market_gravity_weight": 75 }, "geometry": { "type": "Point", "coordinates": [ -78.878396163361089, 38.400349639140899 ] } },
{ "type": "Feature", "properties": { "id": "51_383", "growth_scenario": "higher", "market_gravity_weight": 75 }, "geometry": { "type": "Point", "coordinates": [ -79.913714643262139, 37.342651297088238 ] } },
{ "type": "Feature", "properties": { "id": "51_384", "growth_scenario": "higher", "market_gravity_weight": 75 }, "geometry": { "type": "Point", "coordinates": [ -76.703967835496229, 37.297358621169572 ] } },
{ "type": "Feature", "properties": { "id": "51_385", "growth_scenario": "higher", "market_gravity_weight": 75 }, "geometry": { "type": "Point", "coordinates": [ -77.460507480921379, 37.748012874902159 ] } },
{ "type": "Feature", "properties": { "id": "51_386", "growth_scenario": "higher", "market_gravity_weight": 75 }, "geometry": { "type": "Point", "coordinates": [ -78.242316104035737, 39.045458958482151 ] } },
{ "type": "Feature", "properties": { "id": "51_387", "growth_scenario": "higher", "market_gravity_weight": 75 }, "geometry": { "type": "Point", "coordinates": [ -78.238582012211324, 39.053363386583626 ] } },
{ "type": "Feature", "properties": { "id": "51_388", "growth_scenario": "higher", "market_gravity_weight": 75 }, "geometry": { "type": "Point", "coordinates": [ -77.114708025059315, 37.02650755367182 ] } },
{ "type": "Feature", "properties": { "id": "51_389", "growth_scenario": "higher", "market_gravity_weight": 75 }, "geometry": { "type": "Point", "coordinates": [ -77.367073721585086, 37.667372318615875 ] } },
{ "type": "Feature", "properties": { "id": "51_39", "growth_scenario": "higher", "market_gravity_weight": 75 }, "geometry": { "type": "Point", "coordinates": [ -77.462857589999302, 38.995842186952366 ] } },
{ "type": "Feature", "properties": { "id": "51_390", "growth_scenario": "higher", "market_gravity_weight": 75 }, "geometry": { "type": "Point", "coordinates": [ -78.941570930861303, 38.406493026977437 ] } },
{ "type": "Feature", "properties": { "id": "51_391", "growth_scenario": "higher", "market_gravity_weight": 75 }, "geometry": { "type": "Point", "coordinates": [ -79.854792778158085, 37.269109395503534 ] } },
{ "type": "Feature", "properties": { "id": "51_392", "growth_scenario": "higher", "market_gravity_weight": 75 }, "geometry": { "type": "Point", "coordinates": [ -79.941791490225995, 37.228631756966578 ] } },
{ "type": "Feature", "properties": { "id": "51_393", "growth_scenario": "higher", "market_gravity_weight": 75 }, "geometry": { "type": "Point", "coordinates": [ -79.868602817149835, 37.333255060339141 ] } },
{ "type": "Feature", "properties": { "id": "51_394", "growth_scenario": "higher", "market_gravity_weight": 75 }, "geometry": { "type": "Point", "coordinates": [ -79.865506494522876, 37.261314628330396 ] } },
{ "type": "Feature", "properties": { "id": "51_395", "growth_scenario": "higher", "market_gravity_weight": 75 }, "geometry": { "type": "Point", "coordinates": [ -77.368954833973959, 37.677852031020514 ] } },
{ "type": "Feature", "properties": { "id": "51_396", "growth_scenario": "higher", "market_gravity_weight": 75 }, "geometry": { "type": "Point", "coordinates": [ -79.915093836674785, 37.336861011136222 ] } },
{ "type": "Feature", "properties": { "id": "51_397", "growth_scenario": "higher", "market_gravity_weight": 75 }, "geometry": { "type": "Point", "coordinates": [ -78.875258686463326, 38.387756744947829 ] } },
{ "type": "Feature", "properties": { "id": "51_398", "growth_scenario": "higher", "market_gravity_weight": 75 }, "geometry": { "type": "Point", "coordinates": [ -79.954627360556572, 37.231706443623992 ] } },
{ "type": "Feature", "properties": { "id": "51_399", "growth_scenario": "higher", "market_gravity_weight": 75 }, "geometry": { "type": "Point", "coordinates": [ -79.909448394381741, 37.003660876485142 ] } },
{ "type": "Feature", "properties": { "id": "51_4", "growth_scenario": "higher", "market_gravity_weight": 75 }, "geometry": { "type": "Point", "coordinates": [ -78.378871147101364, 36.678409304300885 ] } },
{ "type": "Feature", "properties": { "id": "51_40", "growth_scenario": "higher", "market_gravity_weight": 75 }, "geometry": { "type": "Point", "coordinates": [ -77.454699184847485, 39.003975374224858 ] } },
{ "type": "Feature", "properties": { "id": "51_400", "growth_scenario": "higher", "market_gravity_weight": 75 }, "geometry": { "type": "Point", "coordinates": [ -78.921086488652819, 38.401174401565811 ] } },
{ "type": "Feature", "properties": { "id": "51_401", "growth_scenario": "higher", "market_gravity_weight": 75 }, "geometry": { "type": "Point", "coordinates": [ -79.873879691283165, 37.266332737769133 ] } },
{ "type": "Feature", "properties": { "id": "51_402", "growth_scenario": "higher", "market_gravity_weight": 75 }, "geometry": { "type": "Point", "coordinates": [ -78.90218149195357, 38.463449153643936 ] } },
{ "type": "Feature", "properties": { "id": "51_403", "growth_scenario": "higher", "market_gravity_weight": 75 }, "geometry": { "type": "Point", "coordinates": [ -77.452693077324042, 37.741989759160909 ] } },
{ "type": "Feature", "properties": { "id": "51_404", "growth_scenario": "higher", "market_gravity_weight": 75 }, "geometry": { "type": "Point", "coordinates": [ -77.49543299037073, 37.697724446572799 ] } },
{ "type": "Feature", "properties": { "id": "51_405", "growth_scenario": "higher", "market_gravity_weight": 75 }, "geometry": { "type": "Point", "coordinates": [ -77.451889308448131, 37.743775984072805 ] } },
{ "type": "Feature", "properties": { "id": "51_406", "growth_scenario": "higher", "market_gravity_weight": 75 }, "geometry": { "type": "Point", "coordinates": [ -77.476418396285084, 37.692163115625831 ] } },
{ "type": "Feature", "properties": { "id": "51_407", "growth_scenario": "higher", "market_gravity_weight": 75 }, "geometry": { "type": "Point", "coordinates": [ -77.478654608931762, 37.6893240051362 ] } },
{ "type": "Feature", "properties": { "id": "51_408", "growth_scenario": "higher", "market_gravity_weight": 75 }, "geometry": { "type": "Point", "coordinates": [ -78.217226486667528, 38.934858768073823 ] } },
{ "type": "Feature", "properties": { "id": "51_409", "growth_scenario": "higher", "market_gravity_weight": 75 }, "geometry": { "type": "Point", "coordinates": [ -77.387143098270911, 37.680211375179013 ] } },
{ "type": "Feature", "properties": { "id": "51_41", "growth_scenario": "higher", "market_gravity_weight": 75 }, "geometry": { "type": "Point", "coordinates": [ -78.351079724840943, 36.688000154043714 ] } },
{ "type": "Feature", "properties": { "id": "51_410", "growth_scenario": "higher", "market_gravity_weight": 75 }, "geometry": { "type": "Point", "coordinates": [ -78.881200364720272, 38.479094722620268 ] } },
{ "type": "Feature", "properties": { "id": "51_411", "growth_scenario": "higher", "market_gravity_weight": 75 }, "geometry": { "type": "Point", "coordinates": [ -78.925997276423615, 38.399777317472278 ] } },
{ "type": "Feature", "properties": { "id": "51_412", "growth_scenario": "higher", "market_gravity_weight": 75 }, "geometry": { "type": "Point", "coordinates": [ -77.304915025086231, 37.192421870920967 ] } },
{ "type": "Feature", "properties": { "id": "51_413", "growth_scenario": "higher", "market_gravity_weight": 75 }, "geometry": { "type": "Point", "coordinates": [ -79.9634792019164, 37.206365897363177 ] } },
{ "type": "Feature", "properties": { "id": "51_414", "growth_scenario": "higher", "market_gravity_weight": 75 }, "geometry": { "type": "Point", "coordinates": [ -76.701864998664718, 37.294741660115669 ] } },
{ "type": "Feature", "properties": { "id": "51_415", "growth_scenario": "higher", "market_gravity_weight": 75 }, "geometry": { "type": "Point", "coordinates": [ -78.192442374893631, 38.969400484711187 ] } },
{ "type": "Feature", "properties": { "id": "51_416", "growth_scenario": "higher", "market_gravity_weight": 75 }, "geometry": { "type": "Point", "coordinates": [ -78.246963686039479, 39.068922101042965 ] } },
{ "type": "Feature", "properties": { "id": "51_417", "growth_scenario": "higher", "market_gravity_weight": 75 }, "geometry": { "type": "Point", "coordinates": [ -77.118367670193933, 37.033914872067704 ] } },
{ "type": "Feature", "properties": { "id": "51_418", "growth_scenario": "higher", "market_gravity_weight": 75 }, "geometry": { "type": "Point", "coordinates": [ -78.888686015301971, 38.469807663223087 ] } },
{ "type": "Feature", "properties": { "id": "51_419", "growth_scenario": "higher", "market_gravity_weight": 75 }, "geometry": { "type": "Point", "coordinates": [ -77.109164664596349, 37.027814327095733 ] } },
{ "type": "Feature", "properties": { "id": "51_42", "growth_scenario": "higher", "market_gravity_weight": 75 }, "geometry": { "type": "Point", "coordinates": [ -77.78571249101455, 38.308444450380172 ] } },
{ "type": "Feature", "properties": { "id": "51_43", "growth_scenario": "higher", "market_gravity_weight": 75 }, "geometry": { "type": "Point", "coordinates": [ -78.34931903183525, 36.684287488962944 ] } },
{ "type": "Feature", "properties": { "id": "51_44", "growth_scenario": "higher", "market_gravity_weight": 75 }, "geometry": { "type": "Point", "coordinates": [ -77.434708813609689, 39.016501465581321 ] } },
{ "type": "Feature", "properties": { "id": "51_45", "growth_scenario": "higher", "market_gravity_weight": 75 }, "geometry": { "type": "Point", "coordinates": [ -77.156599599505412, 38.950658694635173 ] } },
{ "type": "Feature", "properties": { "id": "51_46", "growth_scenario": "higher", "market_gravity_weight": 75 }, "geometry": { "type": "Point", "coordinates": [ -78.369983234707405, 36.67954349644792 ] } },
{ "type": "Feature", "properties": { "id": "51_47", "growth_scenario": "higher", "market_gravity_weight": 75 }, "geometry": { "type": "Point", "coordinates": [ -77.523916349752128, 39.069260740462724 ] } },
{ "type": "Feature", "properties": { "id": "51_48", "growth_scenario": "higher", "market_gravity_weight": 75 }, "geometry": { "type": "Point", "coordinates": [ -78.354799679668858, 36.686372653017912 ] } },
{ "type": "Feature", "properties": { "id": "51_49", "growth_scenario": "higher", "market_gravity_weight": 75 }, "geometry": { "type": "Point", "coordinates": [ -77.477972636243152, 38.991124893608827 ] } },
{ "type": "Feature", "properties": { "id": "51_5", "growth_scenario": "higher", "market_gravity_weight": 75 }, "geometry": { "type": "Point", "coordinates": [ -77.467162694088756, 38.99849404150531 ] } },
{ "type": "Feature", "properties": { "id": "51_50", "growth_scenario": "higher", "market_gravity_weight": 75 }, "geometry": { "type": "Point", "coordinates": [ -77.460323849987233, 38.996914042614414 ] } },
{ "type": "Feature", "properties": { "id": "51_51", "growth_scenario": "higher", "market_gravity_weight": 75 }, "geometry": { "type": "Point", "coordinates": [ -77.789392036299674, 38.31908387999755 ] } },
{ "type": "Feature", "properties": { "id": "51_52", "growth_scenario": "higher", "market_gravity_weight": 75 }, "geometry": { "type": "Point", "coordinates": [ -77.792122354981103, 38.314767365003824 ] } },
{ "type": "Feature", "properties": { "id": "51_53", "growth_scenario": "higher", "market_gravity_weight": 75 }, "geometry": { "type": "Point", "coordinates": [ -77.792391091393597, 38.311354207913709 ] } },
{ "type": "Feature", "properties": { "id": "51_54", "growth_scenario": "higher", "market_gravity_weight": 75 }, "geometry": { "type": "Point", "coordinates": [ -77.779022420881162, 38.306986648445097 ] } },
{ "type": "Feature", "properties": { "id": "51_55", "growth_scenario": "higher", "market_gravity_weight": 75 }, "geometry": { "type": "Point", "coordinates": [ -77.789420427783966, 38.307728078655273 ] } },
{ "type": "Feature", "properties": { "id": "51_56", "growth_scenario": "higher", "market_gravity_weight": 75 }, "geometry": { "type": "Point", "coordinates": [ -78.367707068286549, 36.681385545151848 ] } },
{ "type": "Feature", "properties": { "id": "51_57", "growth_scenario": "higher", "market_gravity_weight": 75 }, "geometry": { "type": "Point", "coordinates": [ -78.853428471505822, 38.468209135133243 ] } },
{ "type": "Feature", "properties": { "id": "51_58", "growth_scenario": "higher", "market_gravity_weight": 75 }, "geometry": { "type": "Point", "coordinates": [ -78.369475442086653, 36.685553055601346 ] } },
{ "type": "Feature", "properties": { "id": "51_59", "growth_scenario": "higher", "market_gravity_weight": 75 }, "geometry": { "type": "Point", "coordinates": [ -78.34790871961755, 36.68780180104627 ] } },
{ "type": "Feature", "properties": { "id": "51_6", "growth_scenario": "higher", "market_gravity_weight": 75 }, "geometry": { "type": "Point", "coordinates": [ -77.785785115092366, 38.315180544906376 ] } },
{ "type": "Feature", "properties": { "id": "51_60", "growth_scenario": "higher", "market_gravity_weight": 75 }, "geometry": { "type": "Point", "coordinates": [ -77.284287728983955, 38.690760005247654 ] } },
{ "type": "Feature", "properties": { "id": "51_61", "growth_scenario": "higher", "market_gravity_weight": 75 }, "geometry": { "type": "Point", "coordinates": [ -77.520824174733789, 39.068340362766534 ] } },
{ "type": "Feature", "properties": { "id": "51_62", "growth_scenario": "higher", "market_gravity_weight": 75 }, "geometry": { "type": "Point", "coordinates": [ -77.270091243820062, 38.705321618056651 ] } },
{ "type": "Feature", "properties": { "id": "51_63", "growth_scenario": "higher", "market_gravity_weight": 75 }, "geometry": { "type": "Point", "coordinates": [ -77.517756341274634, 39.073789051654018 ] } },
{ "type": "Feature", "properties": { "id": "51_64", "growth_scenario": "higher", "market_gravity_weight": 75 }, "geometry": { "type": "Point", "coordinates": [ -78.356930924777402, 36.683691884314108 ] } },
{ "type": "Feature", "properties": { "id": "51_65", "growth_scenario": "higher", "market_gravity_weight": 75 }, "geometry": { "type": "Point", "coordinates": [ -78.346230870644902, 36.685191245707934 ] } },
{ "type": "Feature", "properties": { "id": "51_66", "growth_scenario": "higher", "market_gravity_weight": 75 }, "geometry": { "type": "Point", "coordinates": [ -77.271770394275237, 38.692478466000537 ] } },
{ "type": "Feature", "properties": { "id": "51_67", "growth_scenario": "higher", "market_gravity_weight": 75 }, "geometry": { "type": "Point", "coordinates": [ -77.531900564362431, 39.086285178941644 ] } },
{ "type": "Feature", "properties": { "id": "51_68", "growth_scenario": "higher", "market_gravity_weight": 75 }, "geometry": { "type": "Point", "coordinates": [ -77.516434001014829, 39.111237423180896 ] } },
{ "type": "Feature", "properties": { "id": "51_69", "growth_scenario": "higher", "market_gravity_weight": 75 }, "geometry": { "type": "Point", "coordinates": [ -77.49347923211252, 39.001015422145628 ] } },
{ "type": "Feature", "properties": { "id": "51_7", "growth_scenario": "higher", "market_gravity_weight": 75 }, "geometry": { "type": "Point", "coordinates": [ -78.373368142018705, 36.685131312169403 ] } },
{ "type": "Feature", "properties": { "id": "51_70", "growth_scenario": "higher", "market_gravity_weight": 75 }, "geometry": { "type": "Point", "coordinates": [ -77.786103084125443, 38.321408131520499 ] } },
{ "type": "Feature", "properties": { "id": "51_71", "growth_scenario": "higher", "market_gravity_weight": 75 }, "geometry": { "type": "Point", "coordinates": [ -77.792581101565617, 38.318562197673032 ] } },
{ "type": "Feature", "properties": { "id": "51_72", "growth_scenario": "higher", "market_gravity_weight": 75 }, "geometry": { "type": "Point", "coordinates": [ -77.772558073557292, 38.31165151894502 ] } },
{ "type": "Feature", "properties": { "id": "51_73", "growth_scenario": "higher", "market_gravity_weight": 75 }, "geometry": { "type": "Point", "coordinates": [ -77.77321831571436, 38.309024086672657 ] } },
{ "type": "Feature", "properties": { "id": "51_74", "growth_scenario": "higher", "market_gravity_weight": 75 }, "geometry": { "type": "Point", "coordinates": [ -77.781937026437831, 38.306151491217335 ] } },
{ "type": "Feature", "properties": { "id": "51_75", "growth_scenario": "higher", "market_gravity_weight": 75 }, "geometry": { "type": "Point", "coordinates": [ -77.468816593281758, 39.030301656512918 ] } },
{ "type": "Feature", "properties": { "id": "51_76", "growth_scenario": "higher", "market_gravity_weight": 75 }, "geometry": { "type": "Point", "coordinates": [ -78.37363089440079, 36.69080098879337 ] } },
{ "type": "Feature", "properties": { "id": "51_77", "growth_scenario": "higher", "market_gravity_weight": 75 }, "geometry": { "type": "Point", "coordinates": [ -78.349217569503566, 36.678913883516671 ] } },
{ "type": "Feature", "properties": { "id": "51_78", "growth_scenario": "higher", "market_gravity_weight": 75 }, "geometry": { "type": "Point", "coordinates": [ -77.279699580061305, 38.708433428391231 ] } },
{ "type": "Feature", "properties": { "id": "51_79", "growth_scenario": "higher", "market_gravity_weight": 75 }, "geometry": { "type": "Point", "coordinates": [ -78.355235800674564, 36.688889563285983 ] } },
{ "type": "Feature", "properties": { "id": "51_8", "growth_scenario": "higher", "market_gravity_weight": 75 }, "geometry": { "type": "Point", "coordinates": [ -77.466880373254725, 38.995904917998786 ] } },
{ "type": "Feature", "properties": { "id": "51_80", "growth_scenario": "higher", "market_gravity_weight": 75 }, "geometry": { "type": "Point", "coordinates": [ -77.528677746931592, 39.087255065715603 ] } },
{ "type": "Feature", "properties": { "id": "51_81", "growth_scenario": "higher", "market_gravity_weight": 75 }, "geometry": { "type": "Point", "coordinates": [ -78.370258800082937, 36.689029522263134 ] } },
{ "type": "Feature", "properties": { "id": "51_82", "growth_scenario": "higher", "market_gravity_weight": 75 }, "geometry": { "type": "Point", "coordinates": [ -77.493704016766301, 38.986771953688248 ] } },
{ "type": "Feature", "properties": { "id": "51_83", "growth_scenario": "higher", "market_gravity_weight": 75 }, "geometry": { "type": "Point", "coordinates": [ -78.35185552309666, 36.691021627493228 ] } },
{ "type": "Feature", "properties": { "id": "51_84", "growth_scenario": "higher", "market_gravity_weight": 75 }, "geometry": { "type": "Point", "coordinates": [ -77.785396229882323, 38.305488826137626 ] } },
{ "type": "Feature", "properties": { "id": "51_85", "growth_scenario": "higher", "market_gravity_weight": 75 }, "geometry": { "type": "Point", "coordinates": [ -78.348080857737841, 36.690461215503632 ] } },
{ "type": "Feature", "properties": { "id": "51_86", "growth_scenario": "higher", "market_gravity_weight": 75 }, "geometry": { "type": "Point", "coordinates": [ -77.516556228522902, 39.071062063104961 ] } },
{ "type": "Feature", "properties": { "id": "51_87", "growth_scenario": "higher", "market_gravity_weight": 75 }, "geometry": { "type": "Point", "coordinates": [ -77.284808633190565, 38.686473076815957 ] } },
{ "type": "Feature", "properties": { "id": "51_88", "growth_scenario": "higher", "market_gravity_weight": 75 }, "geometry": { "type": "Point", "coordinates": [ -78.356738764084923, 36.678214080100588 ] } },
{ "type": "Feature", "properties": { "id": "51_89", "growth_scenario": "higher", "market_gravity_weight": 75 }, "geometry": { "type": "Point", "coordinates": [ -77.264194736474579, 38.703870625707381 ] } },
{ "type": "Feature", "properties": { "id": "51_9", "growth_scenario": "higher", "market_gravity_weight": 75 }, "geometry": { "type": "Point", "coordinates": [ -77.464514588063778, 38.999548693966638 ] } },
{ "type": "Feature", "properties": { "id": "51_90", "growth_scenario": "higher", "market_gravity_weight": 75 }, "geometry": { "type": "Point", "coordinates": [ -78.848131145644373, 38.466738399347967 ] } },
{ "type": "Feature", "properties": { "id": "51_91", "growth_scenario": "higher", "market_gravity_weight": 75 }, "geometry": { "type": "Point", "coordinates": [ -77.533625245202259, 39.088363373470493 ] } },
{ "type": "Feature", "properties": { "id": "51_92", "growth_scenario": "higher", "market_gravity_weight": 75 }, "geometry": { "type": "Point", "coordinates": [ -78.850415984304277, 38.469508469069893 ] } },
{ "type": "Feature", "properties": { "id": "51_93", "growth_scenario": "higher", "market_gravity_weight": 75 }, "geometry": { "type": "Point", "coordinates": [ -78.889351589351648, 38.457024167271953 ] } },
{ "type": "Feature", "properties": { "id": "51_94", "growth_scenario": "higher", "market_gravity_weight": 75 }, "geometry": { "type": "Point", "coordinates": [ -77.518209136712287, 39.108503799895153 ] } },
{ "type": "Feature", "properties": { "id": "51_95", "growth_scenario": "higher", "market_gravity_weight": 75 }, "geometry": { "type": "Point", "coordinates": [ -77.519253778329642, 39.112298515143316 ] } },
{ "type": "Feature", "properties": { "id": "51_96", "growth_scenario": "higher", "market_gravity_weight": 75 }, "geometry": { "type": "Point", "coordinates": [ -78.345150682573305, 36.6810345933525 ] } },
{ "type": "Feature", "properties": { "id": "51_97", "growth_scenario": "higher", "market_gravity_weight": 75 }, "geometry": { "type": "Point", "coordinates": [ -78.360199224974338, 36.682996253533126 ] } },
{ "type": "Feature", "properties": { "id": "51_98", "growth_scenario": "higher", "market_gravity_weight": 75 }, "geometry": { "type": "Point", "coordinates": [ -77.492960975264509, 38.996572093003557 ] } },
{ "type": "Feature", "properties": { "id": "51_99", "growth_scenario": "higher", "market_gravity_weight": 75 }, "geometry": { "type": "Point", "coordinates": [ -78.358594511774598, 36.688298182113613 ] } },
{ "type": "Feature", "properties": { "id": "53_0", "growth_scenario": "higher", "market_gravity_weight": 75 }, "geometry": { "type": "Point", "coordinates": [ -119.905044635580538, 47.248357422398676 ] } },
{ "type": "Feature", "properties": { "id": "53_1", "growth_scenario": "higher", "market_gravity_weight": 75 }, "geometry": { "type": "Point", "coordinates": [ -119.899315230206426, 47.248997401298872 ] } },
{ "type": "Feature", "properties": { "id": "53_10", "growth_scenario": "higher", "market_gravity_weight": 75 }, "geometry": { "type": "Point", "coordinates": [ -119.890514409049729, 47.248312654297031 ] } },
{ "type": "Feature", "properties": { "id": "53_11", "growth_scenario": "higher", "market_gravity_weight": 75 }, "geometry": { "type": "Point", "coordinates": [ -119.884079802483299, 47.255426231647775 ] } },
{ "type": "Feature", "properties": { "id": "53_12", "growth_scenario": "higher", "market_gravity_weight": 75 }, "geometry": { "type": "Point", "coordinates": [ -119.901258323434121, 47.242210603900695 ] } },
{ "type": "Feature", "properties": { "id": "53_13", "growth_scenario": "higher", "market_gravity_weight": 75 }, "geometry": { "type": "Point", "coordinates": [ -119.893801790029727, 47.245490342626489 ] } },
{ "type": "Feature", "properties": { "id": "53_14", "growth_scenario": "higher", "market_gravity_weight": 75 }, "geometry": { "type": "Point", "coordinates": [ -119.885135692285743, 47.252438302130564 ] } },
{ "type": "Feature", "properties": { "id": "53_15", "growth_scenario": "higher", "market_gravity_weight": 75 }, "geometry": { "type": "Point", "coordinates": [ -119.913133771474719, 47.241323198504993 ] } },
{ "type": "Feature", "properties": { "id": "53_16", "growth_scenario": "higher", "market_gravity_weight": 75 }, "geometry": { "type": "Point", "coordinates": [ -119.89409368216694, 47.24263744264708 ] } },
{ "type": "Feature", "properties": { "id": "53_17", "growth_scenario": "higher", "market_gravity_weight": 75 }, "geometry": { "type": "Point", "coordinates": [ -119.880851909324349, 47.254409290988171 ] } },
{ "type": "Feature", "properties": { "id": "53_18", "growth_scenario": "higher", "market_gravity_weight": 75 }, "geometry": { "type": "Point", "coordinates": [ -119.890003402551258, 47.244761343318743 ] } },
{ "type": "Feature", "properties": { "id": "53_19", "growth_scenario": "higher", "market_gravity_weight": 75 }, "geometry": { "type": "Point", "coordinates": [ -119.884250077060045, 47.249700184520172 ] } },
{ "type": "Feature", "properties": { "id": "53_2", "growth_scenario": "higher", "market_gravity_weight": 75 }, "geometry": { "type": "Point", "coordinates": [ -119.908011522100566, 47.245404604150835 ] } },
{ "type": "Feature", "properties": { "id": "53_20", "growth_scenario": "higher", "market_gravity_weight": 75 }, "geometry": { "type": "Point", "coordinates": [ -119.880475465671978, 47.251581174843828 ] } },
{ "type": "Feature", "properties": { "id": "53_21", "growth_scenario": "higher", "market_gravity_weight": 75 }, "geometry": { "type": "Point", "coordinates": [ -119.908841329488467, 47.238907984952903 ] } },
{ "type": "Feature", "properties": { "id": "53_22", "growth_scenario": "higher", "market_gravity_weight": 75 }, "geometry": { "type": "Point", "coordinates": [ -119.902756724184115, 47.238957458220156 ] } },
{ "type": "Feature", "properties": { "id": "53_23", "growth_scenario": "higher", "market_gravity_weight": 75 }, "geometry": { "type": "Point", "coordinates": [ -119.91440983466218, 47.238202561223702 ] } },
{ "type": "Feature", "properties": { "id": "53_24", "growth_scenario": "higher", "market_gravity_weight": 75 }, "geometry": { "type": "Point", "coordinates": [ -119.877477790512231, 47.254818759115871 ] } },
{ "type": "Feature", "properties": { "id": "53_25", "growth_scenario": "higher", "market_gravity_weight": 75 }, "geometry": { "type": "Point", "coordinates": [ -119.886153550144186, 47.245348594270553 ] } },
{ "type": "Feature", "properties": { "id": "53_26", "growth_scenario": "higher", "market_gravity_weight": 75 }, "geometry": { "type": "Point", "coordinates": [ -119.889786526851069, 47.241998444549985 ] } },
{ "type": "Feature", "properties": { "id": "53_27", "growth_scenario": "higher", "market_gravity_weight": 75 }, "geometry": { "type": "Point", "coordinates": [ -119.880164386404786, 47.248928287045359 ] } },
{ "type": "Feature", "properties": { "id": "53_28", "growth_scenario": "higher", "market_gravity_weight": 75 }, "geometry": { "type": "Point", "coordinates": [ -119.905541360402268, 47.236970740056911 ] } },
{ "type": "Feature", "properties": { "id": "53_29", "growth_scenario": "higher", "market_gravity_weight": 75 }, "geometry": { "type": "Point", "coordinates": [ -119.89927138725362, 47.237613141689351 ] } },
{ "type": "Feature", "properties": { "id": "53_3", "growth_scenario": "higher", "market_gravity_weight": 75 }, "geometry": { "type": "Point", "coordinates": [ -119.903958515183263, 47.244721015466496 ] } },
{ "type": "Feature", "properties": { "id": "53_30", "growth_scenario": "higher", "market_gravity_weight": 75 }, "geometry": { "type": "Point", "coordinates": [ -119.91101881268925, 47.236748436510467 ] } },
{ "type": "Feature", "properties": { "id": "53_31", "growth_scenario": "higher", "market_gravity_weight": 75 }, "geometry": { "type": "Point", "coordinates": [ -119.882172959821219, 47.245585339671479 ] } },
{ "type": "Feature", "properties": { "id": "53_32", "growth_scenario": "higher", "market_gravity_weight": 75 }, "geometry": { "type": "Point", "coordinates": [ -119.876735407709234, 47.25028120875033 ] } },
{ "type": "Feature", "properties": { "id": "53_33", "growth_scenario": "higher", "market_gravity_weight": 75 }, "geometry": { "type": "Point", "coordinates": [ -119.872433387045689, 47.25729732032476 ] } },
{ "type": "Feature", "properties": { "id": "53_34", "growth_scenario": "higher", "market_gravity_weight": 75 }, "geometry": { "type": "Point", "coordinates": [ -119.884948178608909, 47.242480336097898 ] } },
{ "type": "Feature", "properties": { "id": "53_35", "growth_scenario": "higher", "market_gravity_weight": 75 }, "geometry": { "type": "Point", "coordinates": [ -119.901543671255368, 47.235343654771583 ] } },
{ "type": "Feature", "properties": { "id": "53_36", "growth_scenario": "higher", "market_gravity_weight": 75 }, "geometry": { "type": "Point", "coordinates": [ -119.872814121799962, 47.253588467197503 ] } },
{ "type": "Feature", "properties": { "id": "53_37", "growth_scenario": "higher", "market_gravity_weight": 75 }, "geometry": { "type": "Point", "coordinates": [ -119.907526284218648, 47.234658588756332 ] } },
{ "type": "Feature", "properties": { "id": "53_38", "growth_scenario": "higher", "market_gravity_weight": 75 }, "geometry": { "type": "Point", "coordinates": [ -119.878029032710799, 47.245383966650728 ] } },
{ "type": "Feature", "properties": { "id": "53_39", "growth_scenario": "higher", "market_gravity_weight": 75 }, "geometry": { "type": "Point", "coordinates": [ -119.912494695362028, 47.23452627582342 ] } },
{ "type": "Feature", "properties": { "id": "53_4", "growth_scenario": "higher", "market_gravity_weight": 75 }, "geometry": { "type": "Point", "coordinates": [ -119.895112661768806, 47.249367130704023 ] } },
{ "type": "Feature", "properties": { "id": "53_40", "growth_scenario": "higher", "market_gravity_weight": 75 }, "geometry": { "type": "Point", "coordinates": [ -119.872340061001807, 47.250497526159393 ] } },
{ "type": "Feature", "properties": { "id": "53_41", "growth_scenario": "higher", "market_gravity_weight": 75 }, "geometry": { "type": "Point", "coordinates": [ -119.881222232564951, 47.242672067746511 ] } },
{ "type": "Feature", "properties": { "id": "53_42", "growth_scenario": "higher", "market_gravity_weight": 75 }, "geometry": { "type": "Point", "coordinates": [ -119.869871219062659, 47.255882411028722 ] } },
{ "type": "Feature", "properties": { "id": "53_43", "growth_scenario": "higher", "market_gravity_weight": 75 }, "geometry": { "type": "Point", "coordinates": [ -119.868917539386615, 47.252596055455477 ] } },
{ "type": "Feature", "properties": { "id": "53_44", "growth_scenario": "higher", "market_gravity_weight": 75 }, "geometry": { "type": "Point", "coordinates": [ -119.877711281674152, 47.241985358924374 ] } },
{ "type": "Feature", "properties": { "id": "53_45", "growth_scenario": "higher", "market_gravity_weight": 75 }, "geometry": { "type": "Point", "coordinates": [ -119.871190417004229, 47.246685630497332 ] } },
{ "type": "Feature", "properties": { "id": "53_46", "growth_scenario": "higher", "market_gravity_weight": 75 }, "geometry": { "type": "Point", "coordinates": [ -119.867459823279717, 47.257055297386948 ] } },
{ "type": "Feature", "properties": { "id": "53_47", "growth_scenario": "higher", "market_gravity_weight": 75 }, "geometry": { "type": "Point", "coordinates": [ -119.867621527323095, 47.250210552624232 ] } },
{ "type": "Feature", "properties": { "id": "53_48", "growth_scenario": "higher", "market_gravity_weight": 75 }, "geometry": { "type": "Point", "coordinates": [ -119.87262848014295, 47.243630446021598 ] } },
{ "type": "Feature", "properties": { "id": "53_49", "growth_scenario": "higher", "market_gravity_weight": 75 }, "geometry": { "type": "Point", "coordinates": [ -119.902104594382152, 47.230669059387452 ] } },
{ "type": "Feature", "properties": { "id": "53_5", "growth_scenario": "higher", "market_gravity_weight": 75 }, "geometry": { "type": "Point", "coordinates": [ -119.914653012118592, 47.243575572478555 ] } },
{ "type": "Feature", "properties": { "id": "53_50", "growth_scenario": "higher", "market_gravity_weight": 75 }, "geometry": { "type": "Point", "coordinates": [ -119.905597401349297, 47.229490775710772 ] } },
{ "type": "Feature", "properties": { "id": "53_51", "growth_scenario": "higher", "market_gravity_weight": 75 }, "geometry": { "type": "Point", "coordinates": [ -119.898935964414619, 47.229082070748497 ] } },
{ "type": "Feature", "properties": { "id": "53_52", "growth_scenario": "higher", "market_gravity_weight": 75 }, "geometry": { "type": "Point", "coordinates": [ -119.86490379825581, 47.252744703571459 ] } },
{ "type": "Feature", "properties": { "id": "53_53", "growth_scenario": "higher", "market_gravity_weight": 75 }, "geometry": { "type": "Point", "coordinates": [ -119.867486812742939, 47.245845926702223 ] } },
{ "type": "Feature", "properties": { "id": "53_54", "growth_scenario": "higher", "market_gravity_weight": 75 }, "geometry": { "type": "Point", "coordinates": [ -119.893476559577906, 47.23116823546016 ] } },
{ "type": "Feature", "properties": { "id": "53_55", "growth_scenario": "higher", "market_gravity_weight": 75 }, "geometry": { "type": "Point", "coordinates": [ -119.864596058068415, 47.246823340026623 ] } },
{ "type": "Feature", "properties": { "id": "53_56", "growth_scenario": "higher", "market_gravity_weight": 75 }, "geometry": { "type": "Point", "coordinates": [ -119.862920135840795, 47.255429283448493 ] } },
{ "type": "Feature", "properties": { "id": "53_57", "growth_scenario": "higher", "market_gravity_weight": 75 }, "geometry": { "type": "Point", "coordinates": [ -119.862615877091088, 47.249880756424481 ] } },
{ "type": "Feature", "properties": { "id": "53_58", "growth_scenario": "higher", "market_gravity_weight": 75 }, "geometry": { "type": "Point", "coordinates": [ -119.889875025704953, 47.230964823990753 ] } },
{ "type": "Feature", "properties": { "id": "53_59", "growth_scenario": "higher", "market_gravity_weight": 75 }, "geometry": { "type": "Point", "coordinates": [ -119.902265318253086, 47.227465924725237 ] } },
{ "type": "Feature", "properties": { "id": "53_6", "growth_scenario": "higher", "market_gravity_weight": 75 }, "geometry": { "type": "Point", "coordinates": [ -119.910698160735649, 47.243154959902533 ] } },
{ "type": "Feature", "properties": { "id": "53_60", "growth_scenario": "higher", "market_gravity_weight": 75 }, "geometry": { "type": "Point", "coordinates": [ -119.885419135057163, 47.231379226866167 ] } },
{ "type": "Feature", "properties": { "id": "53_61", "growth_scenario": "higher", "market_gravity_weight": 75 }, "geometry": { "type": "Point", "coordinates": [ -119.860759470885213, 47.252542807271794 ] } },
{ "type": "Feature", "properties": { "id": "53_62", "growth_scenario": "higher", "market_gravity_weight": 75 }, "geometry": { "type": "Point", "coordinates": [ -119.893924789001389, 47.228007699494768 ] } },
{ "type": "Feature", "properties": { "id": "53_63", "growth_scenario": "higher", "market_gravity_weight": 75 }, "geometry": { "type": "Point", "coordinates": [ -119.858615735057612, 47.255162186245329 ] } },
{ "type": "Feature", "properties": { "id": "53_7", "growth_scenario": "higher", "market_gravity_weight": 75 }, "geometry": { "type": "Point", "coordinates": [ -119.890884316395557, 47.250394921892244 ] } },
{ "type": "Feature", "properties": { "id": "53_8", "growth_scenario": "higher", "market_gravity_weight": 75 }, "geometry": { "type": "Point", "coordinates": [ -119.899723557394623, 47.245003285437065 ] } },
{ "type": "Feature", "properties": { "id": "53_9", "growth_scenario": "higher", "market_gravity_weight": 75 }, "geometry": { "type": "Point", "coordinates": [ -119.90607095798623, 47.242386315476701 ] } },
{ "type": "Feature", "properties": { "id": "55_0", "growth_scenario": "higher", "market_gravity_weight": 75 }, "geometry": { "type": "Point", "coordinates": [ -87.900230406273039, 42.504870389955521 ] } },
{ "type": "Feature", "properties": { "id": "56_0", "growth_scenario": "higher", "market_gravity_weight": 75 }, "geometry": { "type": "Point", "coordinates": [ -104.835057688910425, 41.10251738288185 ] } },
{ "type": "Feature", "properties": { "id": "56_1", "growth_scenario": "higher", "market_gravity_weight": 75 }, "geometry": { "type": "Point", "coordinates": [ -104.832913790390961, 41.108496728884909 ] } },
{ "type": "Feature", "properties": { "id": "56_10", "growth_scenario": "higher", "market_gravity_weight": 75 }, "geometry": { "type": "Point", "coordinates": [ -104.838990729361697, 41.112739594147534 ] } },
{ "type": "Feature", "properties": { "id": "56_11", "growth_scenario": "higher", "market_gravity_weight": 75 }, "geometry": { "type": "Point", "coordinates": [ -104.830432866255805, 41.100236865018843 ] } },
{ "type": "Feature", "properties": { "id": "56_12", "growth_scenario": "higher", "market_gravity_weight": 75 }, "geometry": { "type": "Point", "coordinates": [ -104.826781277558467, 41.099951852543207 ] } },
{ "type": "Feature", "properties": { "id": "56_13", "growth_scenario": "higher", "market_gravity_weight": 75 }, "geometry": { "type": "Point", "coordinates": [ -104.804118463566184, 41.194542274714173 ] } },
{ "type": "Feature", "properties": { "id": "56_14", "growth_scenario": "higher", "market_gravity_weight": 75 }, "geometry": { "type": "Point", "coordinates": [ -104.833739159964736, 41.09776499347587 ] } },
{ "type": "Feature", "properties": { "id": "56_15", "growth_scenario": "higher", "market_gravity_weight": 75 }, "geometry": { "type": "Point", "coordinates": [ -104.818244807740683, 41.761566476620565 ] } },
{ "type": "Feature", "properties": { "id": "56_16", "growth_scenario": "higher", "market_gravity_weight": 75 }, "geometry": { "type": "Point", "coordinates": [ -105.560020567077302, 41.333180841077215 ] } },
{ "type": "Feature", "properties": { "id": "56_17", "growth_scenario": "higher", "market_gravity_weight": 75 }, "geometry": { "type": "Point", "coordinates": [ -105.563915763609558, 41.334235884119011 ] } },
{ "type": "Feature", "properties": { "id": "56_18", "growth_scenario": "higher", "market_gravity_weight": 75 }, "geometry": { "type": "Point", "coordinates": [ -104.82995706284737, 41.097399434236216 ] } },
{ "type": "Feature", "properties": { "id": "56_19", "growth_scenario": "higher", "market_gravity_weight": 75 }, "geometry": { "type": "Point", "coordinates": [ -105.587985752933591, 41.334136318337109 ] } },
{ "type": "Feature", "properties": { "id": "56_2", "growth_scenario": "higher", "market_gravity_weight": 75 }, "geometry": { "type": "Point", "coordinates": [ -104.83832500384149, 41.108390376252089 ] } },
{ "type": "Feature", "properties": { "id": "56_20", "growth_scenario": "higher", "market_gravity_weight": 75 }, "geometry": { "type": "Point", "coordinates": [ -105.587379056499614, 41.336785776798564 ] } },
{ "type": "Feature", "properties": { "id": "56_21", "growth_scenario": "higher", "market_gravity_weight": 75 }, "geometry": { "type": "Point", "coordinates": [ -104.779460208113491, 41.108067029226355 ] } },
{ "type": "Feature", "properties": { "id": "56_22", "growth_scenario": "higher", "market_gravity_weight": 75 }, "geometry": { "type": "Point", "coordinates": [ -104.782441916057479, 41.151365479521402 ] } },
{ "type": "Feature", "properties": { "id": "56_3", "growth_scenario": "higher", "market_gravity_weight": 75 }, "geometry": { "type": "Point", "coordinates": [ -104.840033289949261, 41.105670429028088 ] } },
{ "type": "Feature", "properties": { "id": "56_4", "growth_scenario": "higher", "market_gravity_weight": 75 }, "geometry": { "type": "Point", "coordinates": [ -104.81554609149731, 41.107457711223347 ] } },
{ "type": "Feature", "properties": { "id": "56_5", "growth_scenario": "higher", "market_gravity_weight": 75 }, "geometry": { "type": "Point", "coordinates": [ -104.769001864269484, 41.12089667661558 ] } },
{ "type": "Feature", "properties": { "id": "56_6", "growth_scenario": "higher", "market_gravity_weight": 75 }, "geometry": { "type": "Point", "coordinates": [ -104.832300969199082, 41.114190463354866 ] } },
{ "type": "Feature", "properties": { "id": "56_7", "growth_scenario": "higher", "market_gravity_weight": 75 }, "geometry": { "type": "Point", "coordinates": [ -104.84049352657803, 41.110303007084227 ] } },
{ "type": "Feature", "properties": { "id": "56_8", "growth_scenario": "higher", "market_gravity_weight": 75 }, "geometry": { "type": "Point", "coordinates": [ -104.841177410457206, 41.103258736416095 ] } },
{ "type": "Feature", "properties": { "id": "56_9", "growth_scenario": "higher", "market_gravity_weight": 75 }, "geometry": { "type": "Point", "coordinates": [ -104.818355818330389, 41.105827961794709 ] } }
]
}
