{
"type": "FeatureCollection",
"name": "high_growth_75_market_gravity_epsg4326",
"crs": { "type": "name", "properties": { "name": "urn:ogc:def:crs:OGC:1.3:CRS84" } },
"features": [
{ "type": "Feature", "properties": { "id": "1_0", "growth_scenario": "high", "market_gravity_weight": 75 }, "geometry": { "type": "Polygon", "coordinates": [ [ [ -86.626433445298858, 34.834674343365954 ], [ -86.626324886171787, 34.835563920521828 ], [ -86.627421934305318, 34.835651945152449 ], [ -86.627313385212133, 34.836541522310874 ], [ -86.62841044839216, 34.836629537598036 ], [ -86.628301909333445, 34.837519114759139 ], [ -86.627204833612751, 34.83743109853809 ], [ -86.626107760398369, 34.837343072039523 ], [ -86.625999193751824, 34.838232646401707 ], [ -86.625890624598611, 34.839122219832973 ], [ -86.625782052938675, 34.840011792333584 ], [ -86.624684944607679, 34.83992375275507 ], [ -86.624793528808979, 34.839034181188673 ], [ -86.624902110503243, 34.838144608691522 ], [ -86.625010689690555, 34.837255035263524 ], [ -86.625119266371001, 34.836365460904354 ], [ -86.625227840544696, 34.835475885613938 ], [ -86.625336412211666, 34.834586309392101 ], [ -86.625444981372056, 34.833696732238565 ], [ -86.626542001919617, 34.833784765278459 ], [ -86.626433445298858, 34.834674343365954 ] ] ] } },
{ "type": "Feature", "properties": { "id": "1_1", "growth_scenario": "high", "market_gravity_weight": 75 }, "geometry": { "type": "Polygon", "coordinates": [ [ [ -86.913459581211569, 33.399541733490899 ], [ -86.91453689359524, 33.399627221949224 ], [ -86.914433583030899, 33.400518644886525 ], [ -86.915510909857332, 33.400604124089597 ], [ -86.9154076090514, 33.401495546663156 ], [ -86.914330270124196, 33.40141006659956 ], [ -86.913252933539439, 33.401324576419974 ], [ -86.913149606189364, 33.40221599604822 ], [ -86.91207225984644, 33.402130494891935 ], [ -86.91217559929737, 33.401239076124533 ], [ -86.911098267398273, 33.401153565713173 ], [ -86.910020937842404, 33.401068045185966 ], [ -86.910124299151335, 33.400176626916171 ], [ -86.91120161660676, 33.400262146582406 ], [ -86.911304963472105, 33.399370726227247 ], [ -86.912382271170429, 33.399456234916912 ], [ -86.912485603592728, 33.398564812476337 ], [ -86.913562901533794, 33.398650310189694 ], [ -86.913459581211569, 33.399541733490899 ] ] ] } },
{ "type": "Feature", "properties": { "id": "1_2", "growth_scenario": "high", "market_gravity_weight": 75 }, "geometry": { "type": "Polygon", "coordinates": [ [ [ -86.637199755190252, 34.846317026452773 ], [ -86.63829696884477, 34.846404948294406 ], [ -86.639394185003255, 34.846492859857221 ], [ -86.639285758864759, 34.847382437987179 ], [ -86.640382990071444, 34.847470340204204 ], [ -86.640274573974025, 34.848359918338573 ], [ -86.639177330222523, 34.848272015188464 ], [ -86.63808008897486, 34.848184101759351 ], [ -86.636982850231306, 34.848096178051186 ], [ -86.635885613992173, 34.848008244064104 ], [ -86.635777145211279, 34.848897817536979 ], [ -86.634679898932077, 34.848809872337405 ], [ -86.634788380257717, 34.847920299798041 ], [ -86.63489685907841, 34.847030726330068 ], [ -86.635994080268361, 34.847118669662599 ], [ -86.636102544039957, 34.846229094332372 ], [ -86.636211005307032, 34.845339518073118 ], [ -86.637308203913335, 34.845427449260214 ], [ -86.637199755190252, 34.846317026452773 ] ] ] } },
{ "type": "Feature", "properties": { "id": "1_3", "growth_scenario": "high", "market_gravity_weight": 75 }, "geometry": { "type": "Polygon", "coordinates": [ [ [ -86.622925157556978, 34.836189358388566 ], [ -86.622816555795808, 34.837078930879173 ], [ -86.623913621489606, 34.837166988210022 ], [ -86.623805029761613, 34.838056560703826 ], [ -86.623696435526369, 34.838946132266678 ], [ -86.622599344751094, 34.838858073067065 ], [ -86.62150225648341, 34.838770003589879 ], [ -86.6204051707236, 34.838681923835196 ], [ -86.619308087471978, 34.838593833802946 ], [ -86.619416731870217, 34.837704265978267 ], [ -86.619525373760112, 34.836814697222472 ], [ -86.620622431930769, 34.836902785385377 ], [ -86.621719492609429, 34.836990863270934 ], [ -86.621828106910826, 34.836101291714698 ], [ -86.621936718704617, 34.835211719227111 ], [ -86.623033756810813, 34.835299784966551 ], [ -86.622925157556978, 34.836189358388566 ] ] ] } },
{ "type": "Feature", "properties": { "id": "1_4", "growth_scenario": "high", "market_gravity_weight": 75 }, "geometry": { "type": "Polygon", "coordinates": [ [ [ -86.638622269870268, 34.843736211129773 ], [ -86.638513838698913, 34.844625791113856 ], [ -86.639611029769341, 34.84471370081053 ], [ -86.640708223343267, 34.8448016002286 ], [ -86.641805419420379, 34.844889489368086 ], [ -86.641697023377162, 34.845779071221692 ], [ -86.640599814755987, 34.845691181149391 ], [ -86.640491403665408, 34.84658076114124 ], [ -86.639394185003255, 34.846492859857221 ], [ -86.63829696884477, 34.846404948294406 ], [ -86.637199755190252, 34.846317026452773 ], [ -86.637308203913335, 34.845427449260214 ], [ -86.636211005307032, 34.845339518073118 ], [ -86.636319464069686, 34.844449940884765 ], [ -86.637416650132266, 34.844537871138584 ], [ -86.637525093847145, 34.843648292087636 ], [ -86.637633535058043, 34.842758712107155 ], [ -86.638730698537941, 34.842846630216236 ], [ -86.638622269870268, 34.843736211129773 ] ] ] } },
{ "type": "Feature", "properties": { "id": "1_5", "growth_scenario": "high", "market_gravity_weight": 75 }, "geometry": { "type": "Polygon", "coordinates": [ [ [ -86.639489629115559, 34.83661953778126 ], [ -86.639381217971305, 34.837509125206182 ], [ -86.639272804323966, 34.838398711700336 ], [ -86.639164388173455, 34.839288297263892 ], [ -86.639055969519674, 34.840177881897112 ], [ -86.637958843667761, 34.84008996658703 ], [ -86.637850409968266, 34.840979549357044 ], [ -86.636753274077691, 34.840891622835883 ], [ -86.635656140691097, 34.840803686036573 ], [ -86.635764599475095, 34.839914105132713 ], [ -86.636861720319459, 34.840002040998897 ], [ -86.636970164057345, 34.839112458231611 ], [ -86.638067274863616, 34.839200382886752 ], [ -86.638175703555945, 34.838310798256018 ], [ -86.637078605291393, 34.838222874533869 ], [ -86.637187044021701, 34.837333289905494 ], [ -86.637295480248355, 34.836443704346266 ], [ -86.638392553430322, 34.8365316262026 ], [ -86.638500974612541, 34.835642038779504 ], [ -86.639598037756812, 34.835729949425442 ], [ -86.639489629115559, 34.83661953778126 ] ] ] } },
{ "type": "Feature", "properties": { "id": "1_6", "growth_scenario": "high", "market_gravity_weight": 75 }, "geometry": { "type": "Polygon", "coordinates": [ [ [ -86.634112747070233, 34.835290293421046 ], [ -86.635209800200016, 34.835378245176749 ], [ -86.63510134139544, 34.836267829800981 ], [ -86.634992880086727, 34.837157413494097 ], [ -86.634884416273792, 34.838046996256296 ], [ -86.633787325521311, 34.837959041700877 ], [ -86.632690237273422, 34.837871076867764 ], [ -86.632798726168616, 34.836981495972218 ], [ -86.631701652966612, 34.83689352179492 ], [ -86.630604582269683, 34.836805537340126 ], [ -86.630713093741448, 34.835915957380486 ], [ -86.631810151897753, 34.836003940901769 ], [ -86.631918648323918, 34.835114359077402 ], [ -86.633015696444772, 34.835202331387897 ], [ -86.633124177825877, 34.834312747698739 ], [ -86.634221215911083, 34.834400708798668 ], [ -86.634112747070233, 34.835290293421046 ] ] ] } },
{ "type": "Feature", "properties": { "id": "1_7", "growth_scenario": "high", "market_gravity_weight": 75 }, "geometry": { "type": "Polygon", "coordinates": [ [ [ -85.755026542493454, 34.911595904795405 ], [ -85.756123631813978, 34.911692073969945 ], [ -85.756004912015257, 34.912580736493936 ], [ -85.757102016593848, 34.91267689642207 ], [ -85.756983306571271, 34.913565559035199 ], [ -85.75588618947539, 34.913469398084864 ], [ -85.755767464194307, 34.914358058743005 ], [ -85.754670337322182, 34.914261886501571 ], [ -85.753573213191643, 34.914165703991429 ], [ -85.753691963507606, 34.913277045378081 ], [ -85.752594854636257, 34.913180853621704 ], [ -85.752713614727426, 34.912292195097926 ], [ -85.752832372076625, 34.911403535640943 ], [ -85.753929455914246, 34.911499725352414 ], [ -85.754048198005094, 34.91061106393974 ], [ -85.755145272067779, 34.910707242360452 ], [ -85.755026542493454, 34.911595904795405 ] ] ] } },
{ "type": "Feature", "properties": { "id": "1_8", "growth_scenario": "high", "market_gravity_weight": 75 }, "geometry": { "type": "Polygon", "coordinates": [ [ [ -86.631918648323918, 34.835114359077402 ], [ -86.631810151897753, 34.836003940901769 ], [ -86.630713093741448, 34.835915957380486 ], [ -86.630604582269683, 34.836805537340126 ], [ -86.629507514078099, 34.836717542607829 ], [ -86.62841044839216, 34.836629537598036 ], [ -86.627313385212133, 34.836541522310874 ], [ -86.627421934305318, 34.835651945152449 ], [ -86.626324886171787, 34.835563920521828 ], [ -86.626433445298858, 34.834674343365954 ], [ -86.627530480892375, 34.834762367062673 ], [ -86.628627518991919, 34.834850380482202 ], [ -86.628736050533135, 34.833960800527073 ], [ -86.629833078598537, 34.834048802735737 ], [ -86.630930109169299, 34.834136794667252 ], [ -86.630821602707968, 34.835026376489623 ], [ -86.631918648323918, 34.835114359077402 ] ] ] } },
{ "type": "Feature", "properties": { "id": "4_0", "growth_scenario": "high", "market_gravity_weight": 75 }, "geometry": { "type": "Polygon", "coordinates": [ [ [ -111.709172209142139, 33.477717481173421 ], [ -111.70935047352755, 33.47860068886478 ], [ -111.710419047552747, 33.478453341888716 ], [ -111.710597327628079, 33.479336546734388 ], [ -111.709528741921915, 33.4794838951846 ], [ -111.709707014325346, 33.480367100133094 ], [ -111.70863841292875, 33.480514440095781 ], [ -111.707569807523186, 33.480661770096816 ], [ -111.707391558482612, 33.479778562200259 ], [ -111.707213313450637, 33.47889535293244 ], [ -111.70703507242709, 33.478012142293252 ], [ -111.705966498056966, 33.478159457910976 ], [ -111.704897919678785, 33.478306763567112 ], [ -111.704719706025458, 33.477423548609011 ], [ -111.705788272722629, 33.477276244426434 ], [ -111.706856835411855, 33.477128930282504 ], [ -111.707925394092896, 33.476981606177141 ], [ -111.708103642788899, 33.477864816714032 ], [ -111.709172209142139, 33.477717481173421 ] ] ] } },
{ "type": "Feature", "properties": { "id": "4_1", "growth_scenario": "high", "market_gravity_weight": 75 }, "geometry": { "type": "Polygon", "coordinates": [ [ [ -111.800764232469305, 33.382421188307283 ], [ -111.800943309407543, 33.383304372762439 ], [ -111.801122390367468, 33.384187555824319 ], [ -111.801301475349192, 33.385070737493017 ], [ -111.800234340890739, 33.385218948632541 ], [ -111.799167202410587, 33.385367149823388 ], [ -111.798100059908947, 33.385515341065449 ], [ -111.797921009863657, 33.384632154964834 ], [ -111.797741963839428, 33.383748967471384 ], [ -111.797562921836132, 33.382865778584751 ], [ -111.798630029401679, 33.382717591774082 ], [ -111.79969713294615, 33.382569395014926 ], [ -111.799518071674072, 33.381686207689192 ], [ -111.800585159552625, 33.38153800245874 ], [ -111.800764232469305, 33.382421188307283 ] ] ] } },
{ "type": "Feature", "properties": { "id": "4_10", "growth_scenario": "high", "market_gravity_weight": 75 }, "geometry": { "type": "Polygon", "coordinates": [ [ [ -111.711667092280564, 33.484635747014934 ], [ -111.711845400423968, 33.485518942264342 ], [ -111.712023712577619, 33.486402136143504 ], [ -111.710955033414677, 33.486549496388946 ], [ -111.70988635024159, 33.48669684667216 ], [ -111.709708061453995, 33.485813649843799 ], [ -111.709529776676149, 33.484930451645347 ], [ -111.708461112859382, 33.485077789017424 ], [ -111.707392445033221, 33.485225116427259 ], [ -111.707214187630626, 33.484341913909965 ], [ -111.708282843773901, 33.484194587974393 ], [ -111.709351495907939, 33.484047252076628 ], [ -111.709173219149235, 33.483164051137543 ], [ -111.71024185559142, 33.483016706752117 ], [ -111.711310488023997, 33.482869352404791 ], [ -111.711488788147278, 33.483752550395138 ], [ -111.711667092280564, 33.484635747014934 ] ] ] } },
{ "type": "Feature", "properties": { "id": "4_11", "growth_scenario": "high", "market_gravity_weight": 75 }, "geometry": { "type": "Polygon", "coordinates": [ [ [ -111.705966498056966, 33.478159457910976 ], [ -111.706144727399376, 33.479042670023958 ], [ -111.706322960749972, 33.479925880765613 ], [ -111.705254359009004, 33.480073189369286 ], [ -111.704185753259949, 33.480220488011184 ], [ -111.70311714350305, 33.480367776691295 ], [ -111.702048529738576, 33.480515055409555 ], [ -111.701870343114862, 33.479631838773351 ], [ -111.701692160498339, 33.478748620766027 ], [ -111.70276075089923, 33.478601344994701 ], [ -111.702582560608349, 33.477718127089567 ], [ -111.703651135320627, 33.477570842830019 ], [ -111.704719706025458, 33.477423548609011 ], [ -111.704897919678785, 33.478306763567112 ], [ -111.705966498056966, 33.478159457910976 ] ] ] } },
{ "type": "Feature", "properties": { "id": "4_12", "growth_scenario": "high", "market_gravity_weight": 75 }, "geometry": { "type": "Polygon", "coordinates": [ [ [ -111.90569066838458, 33.439544593003703 ], [ -111.906758340941863, 33.439395413419795 ], [ -111.906938738635446, 33.440278360530428 ], [ -111.908006418791942, 33.440129169505504 ], [ -111.908186832191873, 33.441012113740875 ], [ -111.907119140382534, 33.441161306255758 ], [ -111.906051444519548, 33.441310488819276 ], [ -111.905871054425432, 33.440427541604137 ], [ -111.904803366162128, 33.440576712726546 ], [ -111.903735673845816, 33.440725873897648 ], [ -111.903555311110807, 33.439842922317922 ], [ -111.902487626394844, 33.439992072048142 ], [ -111.902307279365388, 33.439109117593667 ], [ -111.903374952428479, 33.438959969352943 ], [ -111.90319459779866, 33.438077015002548 ], [ -111.904262255156723, 33.437927858300064 ], [ -111.905329908462164, 33.437778691646557 ], [ -111.905510286396861, 33.438661643017923 ], [ -111.90569066838458, 33.439544593003703 ] ] ] } },
{ "type": "Feature", "properties": { "id": "4_13", "growth_scenario": "high", "market_gravity_weight": 75 }, "geometry": { "type": "Polygon", "coordinates": [ [ [ -111.911855509495851, 33.287003360328036 ], [ -111.91292110231187, 33.286854090846084 ], [ -111.913101219677955, 33.287737221323283 ], [ -111.913281341083376, 33.288620350384797 ], [ -111.913461466528275, 33.289503478030866 ], [ -111.914527090126725, 33.289354194166854 ], [ -111.914707231218927, 33.290237318915032 ], [ -111.913641596012766, 33.290386604261585 ], [ -111.912575956766858, 33.290535879673058 ], [ -111.912395838890191, 33.289652751959885 ], [ -111.911330207212771, 33.289802015953761 ], [ -111.911150104983193, 33.288918885342973 ], [ -111.91097000679261, 33.288035753316855 ], [ -111.909904394291544, 33.28818500441124 ], [ -111.909724311747169, 33.28730186948745 ], [ -111.91078991264088, 33.287152619875187 ], [ -111.91060982252786, 33.286269485017833 ], [ -111.911675407775832, 33.286120226952825 ], [ -111.911855509495851, 33.287003360328036 ] ] ] } },
{ "type": "Feature", "properties": { "id": "4_14", "growth_scenario": "high", "market_gravity_weight": 75 }, "geometry": { "type": "Polygon", "coordinates": [ [ [ -111.735706512119123, 33.473147683150344 ], [ -111.735885064467723, 33.47403085533665 ], [ -111.734816598408898, 33.474178439897088 ], [ -111.733748128335321, 33.474326014497301 ], [ -111.732679654247249, 33.474473579137296 ], [ -111.732501136930864, 33.473590402522895 ], [ -111.732322623628605, 33.472707224535242 ], [ -111.731254168881364, 33.472854776263247 ], [ -111.731075671270261, 33.471971595426467 ], [ -111.732144114340315, 33.471824045174216 ], [ -111.733212553396513, 33.471676484961904 ], [ -111.734280988438627, 33.471528914789594 ], [ -111.735349419466374, 33.471381334657373 ], [ -111.735527963785387, 33.472264509590673 ], [ -111.735706512119123, 33.473147683150344 ] ] ] } },
{ "type": "Feature", "properties": { "id": "4_15", "growth_scenario": "high", "market_gravity_weight": 75 }, "geometry": { "type": "Polygon", "coordinates": [ [ [ -111.77719982151747, 33.471947712365655 ], [ -111.778268177498759, 33.471799733476409 ], [ -111.778447205280742, 33.47268284114741 ], [ -111.778626237088048, 33.473565947443589 ], [ -111.777557857759959, 33.473713929292749 ], [ -111.777736881918955, 33.474597035694288 ], [ -111.776668486891779, 33.474745009064591 ], [ -111.776847503401953, 33.475628115571666 ], [ -111.775779092675421, 33.475776080462936 ], [ -111.775600087839521, 33.474892972475878 ], [ -111.775421087028448, 33.474009863114553 ], [ -111.77435269562551, 33.474157815087096 ], [ -111.774173710513068, 33.473274702871549 ], [ -111.775242090242102, 33.473126752378725 ], [ -111.776310465946551, 33.472978791927076 ], [ -111.776131461511227, 33.472095681296324 ], [ -111.775952461100601, 33.471212569290692 ], [ -111.777020809433665, 33.471064601839771 ], [ -111.77719982151747, 33.471947712365655 ] ] ] } },
{ "type": "Feature", "properties": { "id": "4_16", "growth_scenario": "high", "market_gravity_weight": 75 }, "geometry": { "type": "Polygon", "coordinates": [ [ [ -111.731075671270261, 33.471971595426467 ], [ -111.731254168881364, 33.472854776263247 ], [ -111.732322623628605, 33.472707224535242 ], [ -111.732501136930864, 33.473590402522895 ], [ -111.731432670506209, 33.473737955726733 ], [ -111.731611176144924, 33.474621133817003 ], [ -111.7305426940286, 33.474768678536329 ], [ -111.730364200067683, 33.47388549897029 ], [ -111.729295725615543, 33.474033032253494 ], [ -111.729117247345954, 33.473149849838684 ], [ -111.728048780558254, 33.473297371686058 ], [ -111.727870317979495, 33.472414186422554 ], [ -111.72893877308961, 33.472266666050665 ], [ -111.728760302846368, 33.47138348088928 ], [ -111.729828742266179, 33.471235952032806 ], [ -111.730897177672759, 33.471088413216194 ], [ -111.731965609065881, 33.470940864439619 ], [ -111.732144114340315, 33.471824045174216 ], [ -111.731075671270261, 33.471971595426467 ] ] ] } },
{ "type": "Feature", "properties": { "id": "4_17", "growth_scenario": "high", "market_gravity_weight": 75 }, "geometry": { "type": "Polygon", "coordinates": [ [ [ -111.905329908462164, 33.437778691646557 ], [ -111.904262255156723, 33.437927858300064 ], [ -111.90319459779866, 33.438077015002548 ], [ -111.903374952428479, 33.438959969352943 ], [ -111.902307279365388, 33.439109117593667 ], [ -111.902487626394844, 33.439992072048142 ], [ -111.901419937626471, 33.440141211827004 ], [ -111.901239602250044, 33.439258255883203 ], [ -111.900171921082674, 33.439407384221404 ], [ -111.899991601411159, 33.438524425403031 ], [ -111.899811285791301, 33.437641465199299 ], [ -111.900878943653098, 33.437492339839466 ], [ -111.901946597463152, 33.437343204528531 ], [ -111.903014247221208, 33.437194059266517 ], [ -111.90408189292701, 33.437044904053522 ], [ -111.905149534580346, 33.436895738889532 ], [ -111.906217172180931, 33.436746563774605 ], [ -111.906397557714754, 33.437629515042097 ], [ -111.905329908462164, 33.437778691646557 ] ] ] } },
{ "type": "Feature", "properties": { "id": "4_18", "growth_scenario": "high", "market_gravity_weight": 75 }, "geometry": { "type": "Polygon", "coordinates": [ [ [ -111.907593097844625, 33.287600338907211 ], [ -111.908658706815018, 33.287451109164842 ], [ -111.908838777751868, 33.288334245570631 ], [ -111.909018852727087, 33.289217380560977 ], [ -111.907953220541174, 33.28936661326734 ], [ -111.90813328794674, 33.290249748324555 ], [ -111.907067640114306, 33.29039897257767 ], [ -111.90724769994975, 33.291282107701917 ], [ -111.90618203647054, 33.291431323501627 ], [ -111.90600198824373, 33.290548186895435 ], [ -111.904936332335282, 33.290697391277888 ], [ -111.904756299754894, 33.289814251774999 ], [ -111.905821944054821, 33.289665048874376 ], [ -111.905641903903685, 33.288781909438264 ], [ -111.906707532557689, 33.288632698084179 ], [ -111.906527484836261, 33.287749558714609 ], [ -111.906347441152548, 33.286866417929581 ], [ -111.907413042553387, 33.286717199603991 ], [ -111.907593097844625, 33.287600338907211 ] ] ] } },
{ "type": "Feature", "properties": { "id": "4_19", "growth_scenario": "high", "market_gravity_weight": 75 }, "geometry": { "type": "Polygon", "coordinates": [ [ [ -111.739795428204047, 33.460780727149171 ], [ -111.740863702706591, 33.460633093537581 ], [ -111.741042284587081, 33.461516273261772 ], [ -111.741220870482564, 33.462399451610054 ], [ -111.740152572633534, 33.462547088173615 ], [ -111.739084270769652, 33.462694714778351 ], [ -111.738015964891147, 33.462842331424298 ], [ -111.736947654998247, 33.46298993811132 ], [ -111.736769115797031, 33.462106753859494 ], [ -111.7365905806098, 33.461223568232114 ], [ -111.736412049436439, 33.460340381228868 ], [ -111.737480324308763, 33.460192778968818 ], [ -111.738548595167131, 33.460045166750263 ], [ -111.738727149686909, 33.460928350802178 ], [ -111.739795428204047, 33.460780727149171 ] ] ] } },
{ "type": "Feature", "properties": { "id": "4_2", "growth_scenario": "high", "market_gravity_weight": 75 }, "geometry": { "type": "Polygon", "coordinates": [ [ [ -111.780046787206189, 33.469737532274614 ], [ -111.780225830283086, 33.470620639735984 ], [ -111.78040487738555, 33.471503745822098 ], [ -111.779336529454866, 33.471651744628488 ], [ -111.779515568909986, 33.472534850819514 ], [ -111.778447205280742, 33.47268284114741 ], [ -111.778268177498759, 33.471799733476409 ], [ -111.77719982151747, 33.471947712365655 ], [ -111.777020809433665, 33.471064601839771 ], [ -111.776841801374673, 33.470181489938781 ], [ -111.77791013401017, 33.470033514009138 ], [ -111.777731118303336, 33.469150402212584 ], [ -111.778799435241524, 33.469002417804354 ], [ -111.779867748154672, 33.468854423437797 ], [ -111.780936057042581, 33.468706419112983 ], [ -111.781115107766198, 33.469589526469854 ], [ -111.780046787206189, 33.469737532274614 ] ] ] } },
{ "type": "Feature", "properties": { "id": "4_20", "growth_scenario": "high", "market_gravity_weight": 75 }, "geometry": { "type": "Polygon", "coordinates": [ [ [ -111.806466649585587, 33.2644784431102 ], [ -111.806645522353762, 33.265361769012969 ], [ -111.805580019545602, 33.265510055434255 ], [ -111.805758884715047, 33.266393381391879 ], [ -111.804693366286173, 33.266541659348874 ], [ -111.804514512726641, 33.265658331919703 ], [ -111.804335663177653, 33.2647750030739 ], [ -111.803270163957933, 33.264923268152046 ], [ -111.80309133002892, 33.264039936418065 ], [ -111.802025838408696, 33.264188190089151 ], [ -111.801847020099174, 33.263304855467105 ], [ -111.802912500109954, 33.263156603267241 ], [ -111.803977976110829, 33.263008341131666 ], [ -111.805043448101543, 33.262860069060501 ], [ -111.806108916081854, 33.262711787053696 ], [ -111.806287780828328, 33.263595115790501 ], [ -111.806466649585587, 33.2644784431102 ] ] ] } },
{ "type": "Feature", "properties": { "id": "4_21", "growth_scenario": "high", "market_gravity_weight": 75 }, "geometry": { "type": "Polygon", "coordinates": [ [ [ -111.911495310094651, 33.285237092161701 ], [ -111.911675407775832, 33.286120226952825 ], [ -111.91060982252786, 33.286269485017833 ], [ -111.91078991264088, 33.287152619875187 ], [ -111.909724311747169, 33.28730186948745 ], [ -111.909904394291544, 33.28818500441124 ], [ -111.908838777751868, 33.288334245570631 ], [ -111.908658706815018, 33.287451109164842 ], [ -111.907593097844625, 33.287600338907211 ], [ -111.907413042553387, 33.286717199603991 ], [ -111.907232991299992, 33.285834058885072 ], [ -111.908298577055845, 33.285684832106355 ], [ -111.908118518233238, 33.284801691453396 ], [ -111.909184088344361, 33.284652456221707 ], [ -111.910249654417413, 33.284503211055394 ], [ -111.910429736453409, 33.285386348744616 ], [ -111.911495310094651, 33.285237092161701 ] ] ] } },
{ "type": "Feature", "properties": { "id": "4_22", "growth_scenario": "high", "market_gravity_weight": 75 }, "geometry": { "type": "Polygon", "coordinates": [ [ [ -111.727556810905199, 33.57412657904127 ], [ -111.727735501347013, 33.575009639718779 ], [ -111.726665644588465, 33.575157127800367 ], [ -111.726844327345319, 33.576040188605759 ], [ -111.725774454855269, 33.576187668196766 ], [ -111.725953129926651, 33.577070729130163 ], [ -111.724883241704816, 33.57721820023044 ], [ -111.724704578342255, 33.576335137816393 ], [ -111.723634697806517, 33.57648259746454 ], [ -111.723456050175344, 33.575599532217382 ], [ -111.723277406566524, 33.574716465617584 ], [ -111.724347263685118, 33.574569008930368 ], [ -111.724168612390301, 33.57368594245812 ], [ -111.725238453778374, 33.573538477280131 ], [ -111.72630829114388, 33.573391002130954 ], [ -111.726486965854704, 33.574274065642179 ], [ -111.727556810905199, 33.57412657904127 ] ] ] } },
{ "type": "Feature", "properties": { "id": "4_23", "growth_scenario": "high", "market_gravity_weight": 75 }, "geometry": { "type": "Polygon", "coordinates": [ [ [ -111.791618924477206, 33.467225828172893 ], [ -111.791798091914657, 33.468108920725015 ], [ -111.791977263380261, 33.468992011900937 ], [ -111.790908971416883, 33.4691401187672 ], [ -111.789840675425481, 33.46928821567554 ], [ -111.78877237540631, 33.46943630262588 ], [ -111.787704071359641, 33.46958437961824 ], [ -111.787524946578955, 33.468701282519135 ], [ -111.787345825825398, 33.467818184044077 ], [ -111.788414106529473, 33.467670110012989 ], [ -111.788234978131996, 33.466787011642381 ], [ -111.789303243138008, 33.466638929134106 ], [ -111.790371504116678, 33.4664908366681 ], [ -111.790550655855625, 33.467373932077365 ], [ -111.791618924477206, 33.467225828172893 ] ] ] } },
{ "type": "Feature", "properties": { "id": "4_24", "growth_scenario": "high", "market_gravity_weight": 75 }, "geometry": { "type": "Polygon", "coordinates": [ [ [ -111.882838084675768, 33.2629059719957 ], [ -111.883903406501872, 33.262756966950882 ], [ -111.884083143494848, 33.26364017394409 ], [ -111.885148472893647, 33.263491157487692 ], [ -111.886213798262418, 33.263342131098121 ], [ -111.887279119600905, 33.263193094775374 ], [ -111.88745889543101, 33.264076295913149 ], [ -111.886393562490198, 33.264225333714592 ], [ -111.885328225519004, 33.264374361582853 ], [ -111.884262884517625, 33.264523379517854 ], [ -111.883197539486332, 33.264672387519532 ], [ -111.882132190425352, 33.264821385587837 ], [ -111.88106683733497, 33.264970373722825 ], [ -111.880887131120744, 33.264087163713846 ], [ -111.880707428935565, 33.263203952285707 ], [ -111.881772758820247, 33.263054967107266 ], [ -111.881593049061493, 33.262171755737754 ], [ -111.882658363314661, 33.262022762104408 ], [ -111.882838084675768, 33.2629059719957 ] ] ] } },
{ "type": "Feature", "properties": { "id": "4_25", "growth_scenario": "high", "market_gravity_weight": 75 }, "geometry": { "type": "Polygon", "coordinates": [ [ [ -111.84075970573555, 33.271507826422734 ], [ -111.840938978976979, 33.272391089708762 ], [ -111.83987344571284, 33.272539693353075 ], [ -111.838807908428791, 33.27268828706179 ], [ -111.838987162472336, 33.273571551881489 ], [ -111.83792160955943, 33.27372013712958 ], [ -111.837742367125088, 33.272836870835 ], [ -111.837563128710173, 33.271953603124196 ], [ -111.837383894314527, 33.271070333997002 ], [ -111.83720466393801, 33.270187063453186 ], [ -111.838270170415527, 33.27003848410429 ], [ -111.839335672873801, 33.269889894820118 ], [ -111.840401171312593, 33.269741295600639 ], [ -111.840580436514145, 33.270624561720048 ], [ -111.84075970573555, 33.271507826422734 ] ] ] } },
{ "type": "Feature", "properties": { "id": "4_26", "growth_scenario": "high", "market_gravity_weight": 75 }, "geometry": { "type": "Polygon", "coordinates": [ [ [ -111.663768507592749, 33.448567047501328 ], [ -111.664836758554799, 33.448420117954981 ], [ -111.665014458123864, 33.449303430719148 ], [ -111.665192161688012, 33.450186742107412 ], [ -111.665369869247328, 33.451070052119846 ], [ -111.664301583256872, 33.451216986071628 ], [ -111.663233293271318, 33.451363910063542 ], [ -111.663055609064912, 33.450480597114087 ], [ -111.661987326761206, 33.450627509677567 ], [ -111.661809658225891, 33.449744193884115 ], [ -111.660741383604261, 33.449891095019431 ], [ -111.660563730739568, 33.449007776382039 ], [ -111.661631993684892, 33.448860876714889 ], [ -111.662700252636043, 33.448713967087933 ], [ -111.662522580413309, 33.447830650010985 ], [ -111.66359082369425, 33.447683731892589 ], [ -111.663768507592749, 33.448567047501328 ] ] ] } },
{ "type": "Feature", "properties": { "id": "4_27", "growth_scenario": "high", "market_gravity_weight": 75 }, "geometry": { "type": "Polygon", "coordinates": [ [ [ -111.662344912184878, 33.446947331557801 ], [ -111.663413143790294, 33.446800414907671 ], [ -111.66359082369425, 33.447683731892589 ], [ -111.662522580413309, 33.447830650010985 ], [ -111.662700252636043, 33.448713967087933 ], [ -111.661631993684892, 33.448860876714889 ], [ -111.660563730739568, 33.449007776382039 ], [ -111.660386081868808, 33.448124456368724 ], [ -111.659317826605715, 33.448271344608031 ], [ -111.659140193404681, 33.447388021750719 ], [ -111.660208436991837, 33.447241134979379 ], [ -111.660030796108529, 33.446357812213847 ], [ -111.65985315921877, 33.445474488071881 ], [ -111.660921375461399, 33.445327594276797 ], [ -111.66198958771038, 33.445180690522264 ], [ -111.66216724795062, 33.446064011728289 ], [ -111.662344912184878, 33.446947331557801 ] ] ] } },
{ "type": "Feature", "properties": { "id": "4_28", "growth_scenario": "high", "market_gravity_weight": 75 }, "geometry": { "type": "Polygon", "coordinates": [ [ [ -111.905461867790152, 33.287898768586921 ], [ -111.906527484836261, 33.287749558714609 ], [ -111.906707532557689, 33.288632698084179 ], [ -111.905641903903685, 33.288781909438264 ], [ -111.905821944054821, 33.289665048874376 ], [ -111.904756299754894, 33.289814251774999 ], [ -111.904936332335282, 33.290697391277888 ], [ -111.903870672389161, 33.290846585724879 ], [ -111.902805008405636, 33.2909957702364 ], [ -111.902624999042757, 33.29011262777022 ], [ -111.90244499371687, 33.289229483889159 ], [ -111.902264992427888, 33.288346338593101 ], [ -111.903330621585724, 33.288197158526252 ], [ -111.904396246706554, 33.288047968524154 ], [ -111.904216226238333, 33.287164824775886 ], [ -111.905281835714121, 33.287015626320205 ], [ -111.905461867790152, 33.287898768586921 ] ] ] } },
{ "type": "Feature", "properties": { "id": "4_29", "growth_scenario": "high", "market_gravity_weight": 75 }, "geometry": { "type": "Polygon", "coordinates": [ [ [ -111.70988635024159, 33.48669684667216 ], [ -111.710955033414677, 33.486549496388946 ], [ -111.711133337895532, 33.487432690372763 ], [ -111.711311646386648, 33.488315882986811 ], [ -111.710242939846623, 33.488463236219268 ], [ -111.710421240664317, 33.489346428938347 ], [ -111.709352518430137, 33.489493773682959 ], [ -111.70828379218591, 33.48964110846493 ], [ -111.708105514736303, 33.488757912796665 ], [ -111.70792724129636, 33.487874715758899 ], [ -111.706858534410571, 33.488022037629349 ], [ -111.706680276663903, 33.487138837747608 ], [ -111.707748971865968, 33.486991517351548 ], [ -111.708817663058596, 33.486844186993061 ], [ -111.708639385954228, 33.485960988690231 ], [ -111.709708061453995, 33.485813649843799 ], [ -111.70988635024159, 33.48669684667216 ] ] ] } },
{ "type": "Feature", "properties": { "id": "4_3", "growth_scenario": "high", "market_gravity_weight": 75 }, "geometry": { "type": "Polygon", "coordinates": [ [ [ -111.675524339231842, 33.425162632356042 ], [ -111.675702106324906, 33.426045957647617 ], [ -111.674634179748608, 33.42619299283875 ], [ -111.673566249177242, 33.426340018072921 ], [ -111.67374399692882, 33.42722334492003 ], [ -111.672676050694022, 33.427370361665268 ], [ -111.672498314611047, 33.42648703335005 ], [ -111.671430376050267, 33.426634038670173 ], [ -111.671252655630354, 33.425750707506353 ], [ -111.67232058252263, 33.425603703654168 ], [ -111.672142854428685, 33.424720372577362 ], [ -111.673210765658411, 33.424573360236188 ], [ -111.673033029890917, 33.423690029246174 ], [ -111.674100925458362, 33.423543008416118 ], [ -111.675168817031135, 33.423395977629447 ], [ -111.675346576133961, 33.424279305683356 ], [ -111.675524339231842, 33.425162632356042 ] ] ] } },
{ "type": "Feature", "properties": { "id": "4_30", "growth_scenario": "high", "market_gravity_weight": 75 }, "geometry": { "type": "Polygon", "coordinates": [ [ [ -111.710222364680064, 33.384972019962277 ], [ -111.710400430635218, 33.385855342007588 ], [ -111.709333114728778, 33.386002708133709 ], [ -111.708265794822807, 33.386150064308175 ], [ -111.707198470917589, 33.386297410531036 ], [ -111.707020439922587, 33.385414084078334 ], [ -111.705953123672018, 33.385561418880513 ], [ -111.705775108329263, 33.384678089568958 ], [ -111.706842412926449, 33.384530756235627 ], [ -111.706664389929045, 33.383647427002913 ], [ -111.707731678874467, 33.383500085186967 ], [ -111.708798963821025, 33.383352733419727 ], [ -111.709866244768463, 33.383205371701074 ], [ -111.710044302724526, 33.384088696526788 ], [ -111.710222364680064, 33.384972019962277 ] ] ] } },
{ "type": "Feature", "properties": { "id": "4_31", "growth_scenario": "high", "market_gravity_weight": 75 }, "geometry": { "type": "Polygon", "coordinates": [ [ [ -111.888744809837192, 33.641669912281692 ], [ -111.888925470195773, 33.642552639788967 ], [ -111.889106134624384, 33.643435365951653 ], [ -111.888035648958194, 33.643584339322125 ], [ -111.888216305741977, 33.644467065639496 ], [ -111.887145804290753, 33.644616030535268 ], [ -111.8869651592221, 33.643733302718921 ], [ -111.885894665416316, 33.643882256142128 ], [ -111.885714036132327, 33.642999525482793 ], [ -111.88464354997231, 33.643148467433626 ], [ -111.884462936472502, 33.642265733931296 ], [ -111.885533410917645, 33.642116793479097 ], [ -111.885352789772114, 33.641234060130905 ], [ -111.886423248433587, 33.641085111203864 ], [ -111.887493703025797, 33.640936152303503 ], [ -111.887674347600239, 33.641818882654256 ], [ -111.888744809837192, 33.641669912281692 ] ] ] } },
{ "type": "Feature", "properties": { "id": "4_32", "growth_scenario": "high", "market_gravity_weight": 75 }, "geometry": { "type": "Polygon", "coordinates": [ [ [ -111.889286803123156, 33.64431809077 ], [ -111.890357296434033, 33.644169105926942 ], [ -111.890537980718236, 33.645051827901938 ], [ -111.890718669073095, 33.645934548532892 ], [ -111.889648152331773, 33.64608353637437 ], [ -111.889828833041875, 33.646966257160699 ], [ -111.888758300514226, 33.647115236527647 ], [ -111.887687763916119, 33.647264205920713 ], [ -111.887507106637642, 33.646381482135943 ], [ -111.886436577685316, 33.646530440055976 ], [ -111.886255936192669, 33.645647713428581 ], [ -111.887326453429225, 33.645498757007616 ], [ -111.887145804290753, 33.644616030535268 ], [ -111.888216305741977, 33.644467065639496 ], [ -111.888035648958194, 33.643584339322125 ], [ -111.889106134624384, 33.643435365951653 ], [ -111.889286803123156, 33.64431809077 ] ] ] } },
{ "type": "Feature", "properties": { "id": "4_33", "growth_scenario": "high", "market_gravity_weight": 75 }, "geometry": { "type": "Polygon", "coordinates": [ [ [ -111.806044019450766, 33.467948787029748 ], [ -111.805864692242622, 33.467065716490879 ], [ -111.806932927787869, 33.466917470218846 ], [ -111.808001159301398, 33.466769213989615 ], [ -111.809069386782966, 33.466620947803293 ], [ -111.809248748998883, 33.467504013895187 ], [ -111.810316984117208, 33.467355736269248 ], [ -111.811385215202947, 33.46720744868616 ], [ -111.811564604789538, 33.468090510435999 ], [ -111.810496362034712, 33.468238799501734 ], [ -111.81067574398493, 33.469121861357479 ], [ -111.809607485527891, 33.469270141948606 ], [ -111.808539223038238, 33.469418412582428 ], [ -111.807470956516198, 33.469566673258818 ], [ -111.807291609574804, 33.468683606955388 ], [ -111.807112266665413, 33.467800539275487 ], [ -111.806044019450766, 33.467948787029748 ] ] ] } },
{ "type": "Feature", "properties": { "id": "4_34", "growth_scenario": "high", "market_gravity_weight": 75 }, "geometry": { "type": "Polygon", "coordinates": [ [ [ -111.890848255340103, 33.269960538030524 ], [ -111.891913657408423, 33.26981146007504 ], [ -111.892093500299495, 33.270694645423099 ], [ -111.893158909939217, 33.270545556054365 ], [ -111.893338768466734, 33.27142873850444 ], [ -111.894404185677601, 33.271279637722316 ], [ -111.894584059842046, 33.272162817274371 ], [ -111.893518631027092, 33.2723119195363 ], [ -111.892453198179169, 33.272461011864372 ], [ -111.891387761298503, 33.272610094258575 ], [ -111.89032232038538, 33.272759166718906 ], [ -111.890142492638091, 33.271875981248172 ], [ -111.889962668922905, 33.270992794359387 ], [ -111.889782849239694, 33.270109606052372 ], [ -111.88960303358833, 33.269226416326994 ], [ -111.890668428084979, 33.269077349784446 ], [ -111.890848255340103, 33.269960538030524 ] ] ] } },
{ "type": "Feature", "properties": { "id": "4_35", "growth_scenario": "high", "market_gravity_weight": 75 }, "geometry": { "type": "Polygon", "coordinates": [ [ [ -111.782189496651398, 33.474888141730645 ], [ -111.781121106053433, 33.475036156416664 ], [ -111.781300173285601, 33.475919255628753 ], [ -111.78147924454413, 33.47680235346656 ], [ -111.780410826571739, 33.476950361154479 ], [ -111.7793424045731, 33.477098358883318 ], [ -111.77916335666319, 33.4762152580848 ], [ -111.778094942313089, 33.476363244374269 ], [ -111.777915910103289, 33.475480140721402 ], [ -111.778984312779144, 33.47533215591212 ], [ -111.778805272920806, 33.474449052365102 ], [ -111.779873659897063, 33.474301059077014 ], [ -111.779694612390671, 33.473417955635625 ], [ -111.7807629836676, 33.47326995386895 ], [ -111.781831350918594, 33.473121942143599 ], [ -111.78201042177183, 33.474005042624491 ], [ -111.782189496651398, 33.474888141730645 ] ] ] } },
{ "type": "Feature", "properties": { "id": "4_36", "growth_scenario": "high", "market_gravity_weight": 75 }, "geometry": { "type": "Polygon", "coordinates": [ [ [ -111.803270163957933, 33.264923268152046 ], [ -111.804335663177653, 33.2647750030739 ], [ -111.804514512726641, 33.265658331919703 ], [ -111.804693366286173, 33.266541659348874 ], [ -111.805758884715047, 33.266393381391879 ], [ -111.805937753895421, 33.267276705933035 ], [ -111.804872223856407, 33.267424985361622 ], [ -111.803806689806564, 33.267573254854121 ], [ -111.802741151746147, 33.267721514410518 ], [ -111.802562317396635, 33.266838185454844 ], [ -111.801496786936426, 33.266986433603726 ], [ -111.801317968207414, 33.266103101760464 ], [ -111.801139153488222, 33.265219768500742 ], [ -111.802204660728037, 33.265071523294324 ], [ -111.802025838408696, 33.264188190089151 ], [ -111.80309133002892, 33.264039936418065 ], [ -111.803270163957933, 33.264923268152046 ] ] ] } },
{ "type": "Feature", "properties": { "id": "4_37", "growth_scenario": "high", "market_gravity_weight": 75 }, "geometry": { "type": "Polygon", "coordinates": [ [ [ -111.802204660728037, 33.265071523294324 ], [ -111.801139153488222, 33.265219768500742 ], [ -111.801317968207414, 33.266103101760464 ], [ -111.801496786936426, 33.266986433603726 ], [ -111.801675609675399, 33.267869764030756 ], [ -111.800610063594561, 33.268018003714779 ], [ -111.800431252466282, 33.2671346718165 ], [ -111.800252445347695, 33.266251338502045 ], [ -111.799186918478426, 33.266399565307545 ], [ -111.799008126979743, 33.265516229105607 ], [ -111.798829339490268, 33.264632891487231 ], [ -111.798650556009846, 33.263749552452168 ], [ -111.799716048048865, 33.263601330059629 ], [ -111.80078153607873, 33.263453097731286 ], [ -111.801847020099174, 33.263304855467105 ], [ -111.802025838408696, 33.264188190089151 ], [ -111.802204660728037, 33.265071523294324 ] ] ] } },
{ "type": "Feature", "properties": { "id": "4_4", "growth_scenario": "high", "market_gravity_weight": 75 }, "geometry": { "type": "Polygon", "coordinates": [ [ [ -111.911540265144751, 33.430553621031827 ], [ -111.912607804468237, 33.430404385201889 ], [ -111.913675339737836, 33.430255139421959 ], [ -111.913855794154998, 33.431138087090737 ], [ -111.914036252626445, 33.432021033372209 ], [ -111.914216715152307, 33.432903978266538 ], [ -111.913149144933683, 33.433053228516449 ], [ -111.912081570660774, 33.433202468816098 ], [ -111.911013992333807, 33.433351699165392 ], [ -111.910833564758121, 33.43246874980116 ], [ -111.910653141236097, 33.431585799049998 ], [ -111.910472721767619, 33.430702846911664 ], [ -111.910292306352531, 33.429819893386068 ], [ -111.911359838080216, 33.429670668995854 ], [ -111.911540265144751, 33.430553621031827 ] ] ] } },
{ "type": "Feature", "properties": { "id": "4_5", "growth_scenario": "high", "market_gravity_weight": 75 }, "geometry": { "type": "Polygon", "coordinates": [ [ [ -111.908713256951316, 33.438214078882346 ], [ -111.908893673896046, 33.439097024398635 ], [ -111.909074094894677, 33.439979968529428 ], [ -111.909254519947311, 33.440862911274785 ], [ -111.908186832191873, 33.441012113740875 ], [ -111.908006418791942, 33.440129169505504 ], [ -111.906938738635446, 33.440278360530428 ], [ -111.906758340941863, 33.439395413419795 ], [ -111.90569066838458, 33.439544593003703 ], [ -111.905510286396861, 33.438661643017923 ], [ -111.906577947301685, 33.438512464923733 ], [ -111.906397557714754, 33.437629515042097 ], [ -111.906217172180931, 33.436746563774605 ], [ -111.907284805728537, 33.436597378708832 ], [ -111.908352435222923, 33.436448183692278 ], [ -111.908532844060318, 33.437331131980244 ], [ -111.908713256951316, 33.438214078882346 ] ] ] } },
{ "type": "Feature", "properties": { "id": "4_6", "growth_scenario": "high", "market_gravity_weight": 75 }, "geometry": { "type": "Polygon", "coordinates": [ [ [ -111.669651622453159, 33.423247695221299 ], [ -111.670719518335261, 33.423100705729269 ], [ -111.670897226772979, 33.42398404103605 ], [ -111.671965130329028, 33.423837040119494 ], [ -111.672142854428685, 33.424720372577362 ], [ -111.671074939204644, 33.424867374961728 ], [ -111.671252655630354, 33.425750707506353 ], [ -111.670184724743876, 33.425897701401574 ], [ -111.670362433495171, 33.426781034033212 ], [ -111.669294486945986, 33.426928019439046 ], [ -111.669116789863438, 33.426044685339676 ], [ -111.668939096774608, 33.425161349859572 ], [ -111.667871169569111, 33.425308322373027 ], [ -111.667693492142234, 33.424424984044514 ], [ -111.668761407679341, 33.42427801299862 ], [ -111.668583722577509, 33.42339467475658 ], [ -111.66840604146897, 33.422511335133343 ], [ -111.669473929676855, 33.422364357065568 ], [ -111.669651622453159, 33.423247695221299 ] ] ] } },
{ "type": "Feature", "properties": { "id": "4_7", "growth_scenario": "high", "market_gravity_weight": 75 }, "geometry": { "type": "Polygon", "coordinates": [ [ [ -111.911330207212771, 33.289802015953761 ], [ -111.912395838890191, 33.289652751959885 ], [ -111.912575956766858, 33.290535879673058 ], [ -111.911510313481458, 33.29068514514934 ], [ -111.910444666156792, 33.290834400690407 ], [ -111.909379014793132, 33.290983646296247 ], [ -111.908313359390704, 33.291132881966746 ], [ -111.90724769994975, 33.291282107701917 ], [ -111.907067640114306, 33.29039897257767 ], [ -111.90813328794674, 33.290249748324555 ], [ -111.907953220541174, 33.28936661326734 ], [ -111.909018852727087, 33.289217380560977 ], [ -111.908838777751868, 33.288334245570631 ], [ -111.909904394291544, 33.28818500441124 ], [ -111.91097000679261, 33.288035753316855 ], [ -111.911150104983193, 33.288918885342973 ], [ -111.911330207212771, 33.289802015953761 ] ] ] } },
{ "type": "Feature", "properties": { "id": "4_8", "growth_scenario": "high", "market_gravity_weight": 75 }, "geometry": { "type": "Polygon", "coordinates": [ [ [ -111.671430376050267, 33.426634038670173 ], [ -111.672498314611047, 33.42648703335005 ], [ -111.672676050694022, 33.427370361665268 ], [ -111.671608100464525, 33.427517368453337 ], [ -111.671785828873226, 33.428400696856031 ], [ -111.671963561276527, 33.429284023878381 ], [ -111.670895583714085, 33.4294310236453 ], [ -111.67071786298014, 33.428547695154904 ], [ -111.669649893092711, 33.428694683496452 ], [ -111.668581919211164, 33.428841661880668 ], [ -111.668404225810207, 33.427958329074364 ], [ -111.668226536402969, 33.427074994887782 ], [ -111.668048850989322, 33.426191659320679 ], [ -111.669116789863438, 33.426044685339676 ], [ -111.669294486945986, 33.426928019439046 ], [ -111.670362433495171, 33.426781034033212 ], [ -111.670184724743876, 33.425897701401574 ], [ -111.671252655630354, 33.425750707506353 ], [ -111.671430376050267, 33.426634038670173 ] ] ] } },
{ "type": "Feature", "properties": { "id": "4_9", "growth_scenario": "high", "market_gravity_weight": 75 }, "geometry": { "type": "Polygon", "coordinates": [ [ [ -111.666619754535546, 33.440912753130078 ], [ -111.666797457169906, 33.441796072503685 ], [ -111.66697516379898, 33.442679390499819 ], [ -111.667152874422939, 33.443562707118588 ], [ -111.667330589041896, 33.444446022360253 ], [ -111.667508307655979, 33.445329336224866 ], [ -111.666440103704446, 33.445476291244191 ], [ -111.6653718957579, 33.445623236304201 ], [ -111.665194200492962, 33.444739919502737 ], [ -111.664126000226403, 33.444886853135216 ], [ -111.663948320630624, 33.444003533488669 ], [ -111.665016509222639, 33.443856601324455 ], [ -111.664838821946844, 33.442973281769092 ], [ -111.665906994870227, 33.442826341113935 ], [ -111.665729299914886, 33.441943021649536 ], [ -111.665551608954047, 33.441059700807742 ], [ -111.665373921987566, 33.440176378588262 ], [ -111.6664420558958, 33.440029432378793 ], [ -111.666619754535546, 33.440912753130078 ] ] ] } },
{ "type": "Feature", "properties": { "id": "6_0", "growth_scenario": "high", "market_gravity_weight": 75 }, "geometry": { "type": "Polygon", "coordinates": [ [ [ -121.489312710544141, 38.657207098481919 ], [ -121.490431241091002, 38.656970659131225 ], [ -121.491549764401142, 38.65673420965819 ], [ -121.491857207122067, 38.657594474142584 ], [ -121.492975735365349, 38.657358011753729 ], [ -121.493283197493895, 38.658218272717548 ], [ -121.492164657080238, 38.658454737899937 ], [ -121.492472114275856, 38.659315000930334 ], [ -121.491353554453866, 38.659551458783952 ], [ -121.491046109429078, 38.658691192959886 ], [ -121.489927554540714, 38.658927637897293 ], [ -121.488808992415315, 38.659164072712066 ], [ -121.488501578969803, 38.658303800574423 ], [ -121.487383021779024, 38.658540222473228 ], [ -121.487075627741135, 38.657679946815747 ], [ -121.488194172760771, 38.657443527710114 ], [ -121.487886773788006, 38.656583254118878 ], [ -121.489005299400731, 38.656346827683741 ], [ -121.489312710544141, 38.657207098481919 ] ] ] } },
{ "type": "Feature", "properties": { "id": "6_1", "growth_scenario": "high", "market_gravity_weight": 75 }, "geometry": { "type": "Polygon", "coordinates": [ [ [ -121.487075627741135, 38.657679946815747 ], [ -121.487383021779024, 38.658540222473228 ], [ -121.488501578969803, 38.658303800574423 ], [ -121.488808992415315, 38.659164072712066 ], [ -121.487690423053181, 38.659400497404114 ], [ -121.487997831563874, 38.660260771608584 ], [ -121.486879242793336, 38.66049718897105 ], [ -121.485760646786304, 38.660733596210541 ], [ -121.4854532626196, 38.659873316419613 ], [ -121.485145885688922, 38.659013035902447 ], [ -121.484838515994056, 38.658152754658992 ], [ -121.484531153534718, 38.657292472688958 ], [ -121.485649700854765, 38.657056076621586 ], [ -121.48676824093927, 38.656819670431517 ], [ -121.487886773788006, 38.656583254118878 ], [ -121.488194172760771, 38.657443527710114 ], [ -121.487075627741135, 38.657679946815747 ] ] ] } },
{ "type": "Feature", "properties": { "id": "6_10", "growth_scenario": "high", "market_gravity_weight": 75 }, "geometry": { "type": "Polygon", "coordinates": [ [ [ -121.928719237639342, 37.432187530295181 ], [ -121.929026672034851, 37.433046841252569 ], [ -121.929334113539099, 37.43390615119565 ], [ -121.929641562152284, 37.434765460124567 ], [ -121.929949017874662, 37.435624768039538 ], [ -121.93025648070649, 37.436484074940623 ], [ -121.929157731292719, 37.436724533060882 ], [ -121.928058974769513, 37.436964981227469 ], [ -121.927751535355171, 37.436105668898186 ], [ -121.927444103049837, 37.435246355555279 ], [ -121.927136677853213, 37.434387041198669 ], [ -121.926829259765114, 37.433527725828107 ], [ -121.927927969454231, 37.433287288516951 ], [ -121.927620546766434, 37.432427974845922 ], [ -121.927313131186878, 37.431568660160544 ], [ -121.928411810352287, 37.43132821832333 ], [ -121.928719237639342, 37.432187530295181 ] ] ] } },
{ "type": "Feature", "properties": { "id": "6_11", "growth_scenario": "high", "market_gravity_weight": 75 }, "geometry": { "type": "Polygon", "coordinates": [ [ [ -121.486375436828851, 38.662454153614618 ], [ -121.487494057180811, 38.662217740788321 ], [ -121.487801475229986, 38.663078015608157 ], [ -121.488920100517518, 38.66284158986511 ], [ -121.489227537976774, 38.663701861165585 ], [ -121.488108900516394, 38.663938289702408 ], [ -121.488416333040348, 38.664798563071194 ], [ -121.487297676169163, 38.665034984278435 ], [ -121.487605103757346, 38.665895259715803 ], [ -121.486486427474816, 38.66613167359337 ], [ -121.486179012060447, 38.665271395362133 ], [ -121.485871603883353, 38.664411116405894 ], [ -121.484752944711133, 38.664647514572366 ], [ -121.484445555944646, 38.663787232097398 ], [ -121.485564202943294, 38.663550836724404 ], [ -121.485256809240042, 38.66269055631755 ], [ -121.484949422773354, 38.661830275185103 ], [ -121.486068038189302, 38.661593875275507 ], [ -121.486375436828851, 38.662454153614618 ] ] ] } },
{ "type": "Feature", "properties": { "id": "6_12", "growth_scenario": "high", "market_gravity_weight": 75 }, "geometry": { "type": "Polygon", "coordinates": [ [ [ -121.927751535355171, 37.436105668898186 ], [ -121.928058974769513, 37.436964981227469 ], [ -121.929157731292719, 37.436724533060882 ], [ -121.93025648070649, 37.436484074940623 ], [ -121.930563950647965, 37.437343380828125 ], [ -121.929465189525359, 37.437583841662558 ], [ -121.929772654867676, 37.43844314925088 ], [ -121.930080127319926, 37.439302455825974 ], [ -121.928981335668809, 37.439542912135394 ], [ -121.929288803521473, 37.440402220411869 ], [ -121.928189993050381, 37.440642669481804 ], [ -121.927882536907731, 37.439783358490885 ], [ -121.927575087874786, 37.438924046487102 ], [ -121.927267645951304, 37.438064733470313 ], [ -121.926960211137086, 37.437205419440424 ], [ -121.926652783431848, 37.436346104397153 ], [ -121.926345362835391, 37.435486788340469 ], [ -121.927444103049837, 37.435246355555279 ], [ -121.927751535355171, 37.436105668898186 ] ] ] } },
{ "type": "Feature", "properties": { "id": "6_13", "growth_scenario": "high", "market_gravity_weight": 75 }, "geometry": { "type": "Polygon", "coordinates": [ [ [ -121.930871427699373, 37.438202685702088 ], [ -121.931178911860911, 37.439061989562695 ], [ -121.931486403132837, 37.43992129241019 ], [ -121.930387606882348, 37.440161761388005 ], [ -121.930695093555201, 37.44102106593715 ], [ -121.929596278484311, 37.441261527675643 ], [ -121.929903760557565, 37.44212083392673 ], [ -121.930211249741504, 37.44298013916535 ], [ -121.92911240413909, 37.443220596379142 ], [ -121.928804926665805, 37.442361288425772 ], [ -121.927706085663615, 37.442601732970601 ], [ -121.927398627011513, 37.441742421290293 ], [ -121.927091175469343, 37.440883108597568 ], [ -121.928189993050381, 37.440642669481804 ], [ -121.929288803521473, 37.440402220411869 ], [ -121.928981335668809, 37.439542912135394 ], [ -121.930080127319926, 37.439302455825974 ], [ -121.929772654867676, 37.43844314925088 ], [ -121.929465189525359, 37.437583841662558 ], [ -121.930563950647965, 37.437343380828125 ], [ -121.930871427699373, 37.438202685702088 ] ] ] } },
{ "type": "Feature", "properties": { "id": "6_14", "growth_scenario": "high", "market_gravity_weight": 75 }, "geometry": { "type": "Polygon", "coordinates": [ [ [ -121.489534982673788, 38.664562131740503 ], [ -121.490653625069214, 38.664325690286418 ], [ -121.49096108917729, 38.665185957341848 ], [ -121.491268560523864, 38.666046223671948 ], [ -121.490149893782103, 38.666282670714253 ], [ -121.490457360193929, 38.667142939113468 ], [ -121.489338674039871, 38.667379378826467 ], [ -121.488219980647301, 38.667615808415803 ], [ -121.487912538583316, 38.666755534428219 ], [ -121.48679385012673, 38.666991951099696 ], [ -121.486486427474816, 38.66613167359337 ], [ -121.487605103757346, 38.665895259715803 ], [ -121.487297676169163, 38.665034984278435 ], [ -121.488416333040348, 38.664798563071194 ], [ -121.488108900516394, 38.663938289702408 ], [ -121.489227537976774, 38.663701861165585 ], [ -121.489534982673788, 38.664562131740503 ] ] ] } },
{ "type": "Feature", "properties": { "id": "6_15", "growth_scenario": "high", "market_gravity_weight": 75 }, "geometry": { "type": "Polygon", "coordinates": [ [ [ -121.927882536907731, 37.439783358490885 ], [ -121.928189993050381, 37.440642669481804 ], [ -121.927091175469343, 37.440883108597568 ], [ -121.927398627011513, 37.441742421290293 ], [ -121.927706085663615, 37.442601732970601 ], [ -121.928804926665805, 37.442361288425772 ], [ -121.92911240413909, 37.443220596379142 ], [ -121.928013551425977, 37.443461043638628 ], [ -121.92691469160242, 37.443701480943695 ], [ -121.926607237551224, 37.442842167561018 ], [ -121.925508382328829, 37.443082592197051 ], [ -121.925200947098801, 37.442223275087876 ], [ -121.924102096478066, 37.442463687055074 ], [ -121.923794680068738, 37.441604366219551 ], [ -121.924893518978294, 37.441363956966555 ], [ -121.925992350778571, 37.441123537759218 ], [ -121.925684918056632, 37.440264221339682 ], [ -121.926783731036934, 37.440023794892333 ], [ -121.926476293714003, 37.439164480174327 ], [ -121.927575087874786, 37.438924046487102 ], [ -121.927882536907731, 37.439783358490885 ] ] ] } },
{ "type": "Feature", "properties": { "id": "6_16", "growth_scenario": "high", "market_gravity_weight": 75 }, "geometry": { "type": "Polygon", "coordinates": [ [ [ -121.471612220120178, 38.658171533759848 ], [ -121.472730822667728, 38.657935254631397 ], [ -121.473849417982848, 38.657698965379439 ], [ -121.474156656422437, 38.658559273932667 ], [ -121.474463902094911, 38.659419581760098 ], [ -121.474771155000525, 38.660279888861851 ], [ -121.475078415139507, 38.661140195238083 ], [ -121.473959771129302, 38.661376495657699 ], [ -121.473652523164446, 38.660516186489389 ], [ -121.472533884095242, 38.660752473993135 ], [ -121.472226655537639, 38.659892161307468 ], [ -121.471919434212722, 38.659031847896443 ], [ -121.470800812259128, 38.65926811969284 ], [ -121.46968218307336, 38.659504381365359 ], [ -121.46937499332887, 38.658644061645703 ], [ -121.470493610340498, 38.658407802764607 ], [ -121.470186415653771, 38.657547485110811 ], [ -121.471305013259808, 38.657311218897497 ], [ -121.471612220120178, 38.658171533759848 ] ] ] } },
{ "type": "Feature", "properties": { "id": "6_17", "growth_scenario": "high", "market_gravity_weight": 75 }, "geometry": { "type": "Polygon", "coordinates": [ [ [ -121.926607237551224, 37.442842167561018 ], [ -121.92691469160242, 37.443701480943695 ], [ -121.928013551425977, 37.443461043638628 ], [ -121.928321024298782, 37.444320353294607 ], [ -121.927222152763832, 37.444560793314317 ], [ -121.92612327411841, 37.444801223379486 ], [ -121.926430730678447, 37.445660537453129 ], [ -121.925331833210734, 37.44590096027823 ], [ -121.925024388362772, 37.445041643489965 ], [ -121.923925495497116, 37.445282053645663 ], [ -121.92361806947126, 37.444422733131383 ], [ -121.923310650554981, 37.443563411605453 ], [ -121.923003238748024, 37.442704089067725 ], [ -121.924102096478066, 37.442463687055074 ], [ -121.925200947098801, 37.442223275087876 ], [ -121.925508382328829, 37.443082592197051 ], [ -121.926607237551224, 37.442842167561018 ] ] ] } },
{ "type": "Feature", "properties": { "id": "6_18", "growth_scenario": "high", "market_gravity_weight": 75 }, "geometry": { "type": "Polygon", "coordinates": [ [ [ -122.267883737510616, 38.259813084081578 ], [ -122.268993677170158, 38.259569603915914 ], [ -122.270103609474731, 38.259326113721492 ], [ -122.270418493182149, 38.26018441574741 ], [ -122.270733384245048, 38.261042716913927 ], [ -122.26962342809982, 38.261286212766286 ], [ -122.269938314597752, 38.262144515902691 ], [ -122.268828339176153, 38.262388004555199 ], [ -122.267718356399058, 38.262631483178602 ], [ -122.267403493743188, 38.261773174384167 ], [ -122.267088638442374, 38.260914864730807 ], [ -122.265978672152571, 38.261158327667303 ], [ -122.265663836127473, 38.260300014326248 ], [ -122.266773790496302, 38.260056554218423 ], [ -122.266458949904759, 38.259198242846772 ], [ -122.267568884998582, 38.258954775538605 ], [ -122.267883737510616, 38.259813084081578 ] ] ] } },
{ "type": "Feature", "properties": { "id": "6_19", "growth_scenario": "high", "market_gravity_weight": 75 }, "geometry": { "type": "Polygon", "coordinates": [ [ [ -121.925331833210734, 37.44590096027823 ], [ -121.926430730678447, 37.445660537453129 ], [ -121.926738194348985, 37.44651985051518 ], [ -121.925639285168941, 37.446760276055095 ], [ -121.925946744237663, 37.447619590820658 ], [ -121.926254210417127, 37.44847890457514 ], [ -121.926561683707547, 37.449338217318726 ], [ -121.927660628025876, 37.449097783633853 ], [ -121.928759565232767, 37.448857339993893 ], [ -121.929067069060579, 37.449716646296167 ], [ -121.927968120140747, 37.449957092651459 ], [ -121.926869164109206, 37.450197529051486 ], [ -121.925770200966241, 37.450437955496355 ], [ -121.925462732278007, 37.449578641048404 ], [ -121.924363773737483, 37.449819054822846 ], [ -121.924056323873728, 37.448959736649321 ], [ -121.925155270700799, 37.448719325589835 ], [ -121.924847816234347, 37.44786000912039 ], [ -121.924540368878397, 37.447000691640042 ], [ -121.924232928632748, 37.446141373148492 ], [ -121.923925495497116, 37.445282053645663 ], [ -121.925024388362772, 37.445041643489965 ], [ -121.925331833210734, 37.44590096027823 ] ] ] } },
{ "type": "Feature", "properties": { "id": "6_2", "growth_scenario": "high", "market_gravity_weight": 75 }, "geometry": { "type": "Polygon", "coordinates": [ [ [ -121.937860595924974, 37.424626813150724 ], [ -121.938168104723786, 37.425486103063086 ], [ -121.937069543468922, 37.42572663357015 ], [ -121.93597097510478, 37.425967154125367 ], [ -121.936278467604481, 37.426826448449006 ], [ -121.935179880426588, 37.427066961765917 ], [ -121.934872399631558, 37.426207664728587 ], [ -121.934564925945367, 37.425348366675109 ], [ -121.934257459367785, 37.424489067605499 ], [ -121.933949999898545, 37.423629767519465 ], [ -121.935048540259103, 37.423389265056741 ], [ -121.936147073511279, 37.423148752642334 ], [ -121.937245599654901, 37.422908230276256 ], [ -121.937553094235426, 37.423767522221894 ], [ -121.937860595924974, 37.424626813150724 ] ] ] } },
{ "type": "Feature", "properties": { "id": "6_20", "growth_scenario": "high", "market_gravity_weight": 75 }, "geometry": { "type": "Polygon", "coordinates": [ [ [ -121.473959771129302, 38.661376495657699 ], [ -121.475078415139507, 38.661140195238083 ], [ -121.475385682512126, 38.662000500889064 ], [ -121.475692957118611, 38.66286080581493 ], [ -121.47457428875947, 38.663097111819106 ], [ -121.474881558425267, 38.663957418812451 ], [ -121.475188835325213, 38.664817725081178 ], [ -121.475496119459521, 38.665678030625301 ], [ -121.475803410828476, 38.666538335445161 ], [ -121.476110709432334, 38.667398639540828 ], [ -121.474991972961433, 38.667634949383974 ], [ -121.474684686533635, 38.666774642495454 ], [ -121.474377407340484, 38.665914334882913 ], [ -121.474070135381751, 38.665054026546152 ], [ -121.47376287065714, 38.664193717485006 ], [ -121.473455613166436, 38.66333340769927 ], [ -121.473148362909384, 38.662473097188872 ], [ -121.472841119885729, 38.661612785953487 ], [ -121.472533884095242, 38.660752473993135 ], [ -121.473652523164446, 38.660516186489389 ], [ -121.473959771129302, 38.661376495657699 ] ] ] } },
{ "type": "Feature", "properties": { "id": "6_21", "growth_scenario": "high", "market_gravity_weight": 75 }, "geometry": { "type": "Polygon", "coordinates": [ [ [ -121.48220824023791, 38.664259992472559 ], [ -121.482515604656498, 38.665120280534282 ], [ -121.481396923774597, 38.665356648329542 ], [ -121.481704283254956, 38.66621693845979 ], [ -121.482011649971653, 38.667077227865356 ], [ -121.480892937503796, 38.66731359112336 ], [ -121.479774217799601, 38.667549944257203 ], [ -121.479466875433218, 38.66668964926486 ], [ -121.479159540302717, 38.665829353548204 ], [ -121.478852212407844, 38.664969057107086 ], [ -121.477733521993443, 38.665205391737317 ], [ -121.477426213508721, 38.664345091778607 ], [ -121.4785448917483, 38.664108759941207 ], [ -121.479663562752762, 38.663872417979917 ], [ -121.480782226521868, 38.663636065894721 ], [ -121.481089571530319, 38.664496357474583 ], [ -121.48220824023791, 38.664259992472559 ] ] ] } },
{ "type": "Feature", "properties": { "id": "6_22", "growth_scenario": "high", "market_gravity_weight": 75 }, "geometry": { "type": "Polygon", "coordinates": [ [ [ -121.48679385012673, 38.666991951099696 ], [ -121.487912538583316, 38.666755534428219 ], [ -121.488219980647301, 38.667615808415803 ], [ -121.489338674039871, 38.667379378826467 ], [ -121.490457360193929, 38.667142939113468 ], [ -121.490764833844494, 38.668003206787795 ], [ -121.489646135516409, 38.668239649295174 ], [ -121.488527429949599, 38.668476081678747 ], [ -121.48740871714422, 38.668712503938437 ], [ -121.487101280016461, 38.667852227881312 ], [ -121.485982572147577, 38.668088637222986 ], [ -121.484863857040878, 38.668325036440628 ], [ -121.484556451500481, 38.667464754071176 ], [ -121.48424905319736, 38.666604470977198 ], [ -121.483941662131315, 38.665744187158637 ], [ -121.485060340714412, 38.665507796322217 ], [ -121.486179012060447, 38.665271395362133 ], [ -121.486486427474816, 38.66613167359337 ], [ -121.48679385012673, 38.666991951099696 ] ] ] } },
{ "type": "Feature", "properties": { "id": "6_23", "growth_scenario": "high", "market_gravity_weight": 75 }, "geometry": { "type": "Polygon", "coordinates": [ [ [ -122.265663836127473, 38.260300014326248 ], [ -122.265978672152571, 38.261158327667303 ], [ -122.267088638442374, 38.260914864730807 ], [ -122.267403493743188, 38.261773174384167 ], [ -122.26629351553224, 38.262016640149419 ], [ -122.266608366266667, 38.262874951772773 ], [ -122.265498368779248, 38.263118410337647 ], [ -122.265183529966478, 38.262260095885452 ], [ -122.264073537046173, 38.262503541592181 ], [ -122.26375871750966, 38.26164522345276 ], [ -122.263443905327208, 38.260786904454569 ], [ -122.262333928896226, 38.261030334474917 ], [ -122.262019135989064, 38.260172011789599 ], [ -122.263129100498588, 38.259928584597567 ], [ -122.264239057654521, 38.259685147376359 ], [ -122.265349007456649, 38.259441700126025 ], [ -122.266458949904759, 38.259198242846772 ], [ -122.266773790496302, 38.260056554218423 ], [ -122.265663836127473, 38.260300014326248 ] ] ] } },
{ "type": "Feature", "properties": { "id": "6_24", "growth_scenario": "high", "market_gravity_weight": 75 }, "geometry": { "type": "Polygon", "coordinates": [ [ [ -121.47672532834568, 38.669119245560438 ], [ -121.477032648655694, 38.669979547484658 ], [ -121.477339976201577, 38.670839848685439 ], [ -121.476221191024081, 38.67107616970106 ], [ -121.475913875655223, 38.670215865706986 ], [ -121.475606567521979, 38.66935556098958 ], [ -121.474487799462878, 38.66959186629402 ], [ -121.473369024168619, 38.669828161473603 ], [ -121.472250241639429, 38.670064446528208 ], [ -121.471942977272676, 38.669204132708572 ], [ -121.471635720140327, 38.668343818165553 ], [ -121.472754478315196, 38.668107538696404 ], [ -121.473873229255645, 38.667871249102554 ], [ -121.474991972961433, 38.667634949383974 ], [ -121.476110709432334, 38.667398639540828 ], [ -121.476418015271307, 38.668258942912516 ], [ -121.47672532834568, 38.669119245560438 ] ] ] } },
{ "type": "Feature", "properties": { "id": "6_25", "growth_scenario": "high", "market_gravity_weight": 75 }, "geometry": { "type": "Polygon", "coordinates": [ [ [ -121.532654139104039, 38.657290567134368 ], [ -121.532962067934747, 38.658150729288757 ], [ -121.531843657022122, 38.658387553632444 ], [ -121.532151580936173, 38.659247717855088 ], [ -121.531033150611108, 38.659484534876157 ], [ -121.529914713038409, 38.659721341776965 ], [ -121.528796268218329, 38.6599581385574 ], [ -121.528488380799416, 38.659097965942308 ], [ -121.528180500627428, 38.658237792598456 ], [ -121.527872627702067, 38.65737761852543 ], [ -121.52899103602698, 38.657140830136811 ], [ -121.530109437105281, 38.656904031628024 ], [ -121.531227830936672, 38.656667222999197 ], [ -121.531535740355693, 38.657527388680514 ], [ -121.532654139104039, 38.657290567134368 ] ] ] } },
{ "type": "Feature", "properties": { "id": "6_26", "growth_scenario": "high", "market_gravity_weight": 75 }, "geometry": { "type": "Polygon", "coordinates": [ [ [ -121.464111382258878, 38.670857825037466 ], [ -121.464418561377741, 38.671718158404374 ], [ -121.464725747729588, 38.672578491048903 ], [ -121.465032941314647, 38.673438822971313 ], [ -121.465340142133229, 38.674299154171635 ], [ -121.465647350185577, 38.675159484650152 ], [ -121.464528461066223, 38.67539569987153 ], [ -121.464221265194141, 38.674535366600388 ], [ -121.463914076555554, 38.673675032607605 ], [ -121.462795204563164, 38.673911232117916 ], [ -121.462488035337842, 38.673050894610952 ], [ -121.462180873345247, 38.672190556382041 ], [ -121.461873718585196, 38.671330217430963 ], [ -121.462992554038294, 38.671094026297041 ], [ -121.462685394331231, 38.67023368941561 ], [ -121.463804210372786, 38.669997490948084 ], [ -121.464923019181853, 38.669761282354905 ], [ -121.465230203246733, 38.670621613652273 ], [ -121.464111382258878, 38.670857825037466 ] ] ] } },
{ "type": "Feature", "properties": { "id": "6_27", "growth_scenario": "high", "market_gravity_weight": 75 }, "geometry": { "type": "Polygon", "coordinates": [ [ [ -121.972245548531703, 37.487522069794394 ], [ -121.972553715536193, 37.488381255692047 ], [ -121.972861889670725, 37.489240440584481 ], [ -121.973170070935538, 37.490099624471767 ], [ -121.973478259330889, 37.490958807354147 ], [ -121.972378844047398, 37.491199652184456 ], [ -121.972070667371369, 37.490340466578587 ], [ -121.970971256676918, 37.490581298728188 ], [ -121.970663098850537, 37.489722109394158 ], [ -121.969563692745595, 37.489962928863186 ], [ -121.969255553768392, 37.489103735801095 ], [ -121.968947421920589, 37.488244541734154 ], [ -121.970046804587056, 37.488003727711288 ], [ -121.97114618012418, 37.48776290373133 ], [ -121.970838031967915, 37.486903714105168 ], [ -121.971937388657039, 37.486662882891302 ], [ -121.972245548531703, 37.487522069794394 ] ] ] } },
{ "type": "Feature", "properties": { "id": "6_28", "growth_scenario": "high", "market_gravity_weight": 75 }, "geometry": { "type": "Polygon", "coordinates": [ [ [ -121.986322003189827, 37.493704724157524 ], [ -121.986630358701305, 37.494563872762349 ], [ -121.986938721347485, 37.495423020362445 ], [ -121.987247091128623, 37.496282166957847 ], [ -121.986147641700626, 37.496523135880174 ], [ -121.985048185137657, 37.496764094845368 ], [ -121.983948721439987, 37.497005043853356 ], [ -121.983640386816376, 37.496145889082193 ], [ -121.983332059327054, 37.495286733306699 ], [ -121.983023738971738, 37.494427576526746 ], [ -121.984123167511868, 37.494186635693985 ], [ -121.985222588917978, 37.493945684904212 ], [ -121.984914252259216, 37.493086532569428 ], [ -121.986013654812808, 37.492845574547772 ], [ -121.986322003189827, 37.493704724157524 ] ] ] } },
{ "type": "Feature", "properties": { "id": "6_29", "growth_scenario": "high", "market_gravity_weight": 75 }, "geometry": { "type": "Polygon", "coordinates": [ [ [ -121.533270004013346, 38.659010890713766 ], [ -121.534388419842401, 38.658774053452369 ], [ -121.534696375333667, 38.659634211350358 ], [ -121.535004338073506, 38.660494368519203 ], [ -121.535312308062203, 38.661354524959087 ], [ -121.534193855738806, 38.661591370614332 ], [ -121.534501820811357, 38.662451529123622 ], [ -121.533383349073603, 38.66268836745666 ], [ -121.533075396166552, 38.661828206149238 ], [ -121.532767450508132, 38.660968044113297 ], [ -121.531648995852791, 38.661204866729847 ], [ -121.531341069608004, 38.660344701167396 ], [ -121.531033150611108, 38.659484534876157 ], [ -121.532151580936173, 38.659247717855088 ], [ -121.531843657022122, 38.658387553632444 ], [ -121.532962067934747, 38.658150729288757 ], [ -121.533270004013346, 38.659010890713766 ] ] ] } },
{ "type": "Feature", "properties": { "id": "6_3", "growth_scenario": "high", "market_gravity_weight": 75 }, "geometry": { "type": "Polygon", "coordinates": [ [ [ -121.492472114275856, 38.659315000930334 ], [ -121.492779578709218, 38.660175263234095 ], [ -121.493087050380566, 38.661035524811275 ], [ -121.491968466216107, 38.661271988252473 ], [ -121.492275932954072, 38.662132251897241 ], [ -121.491157329379817, 38.662368708009531 ], [ -121.490849874813676, 38.661508441570852 ], [ -121.489731276173472, 38.661744884766378 ], [ -121.489423841016929, 38.660884614807884 ], [ -121.489116413097605, 38.660024344123173 ], [ -121.487997831563874, 38.660260771608584 ], [ -121.487690423053181, 38.659400497404114 ], [ -121.488808992415315, 38.659164072712066 ], [ -121.489927554540714, 38.658927637897293 ], [ -121.491046109429078, 38.658691192959886 ], [ -121.491353554453866, 38.659551458783952 ], [ -121.492472114275856, 38.659315000930334 ] ] ] } },
{ "type": "Feature", "properties": { "id": "6_30", "growth_scenario": "high", "market_gravity_weight": 75 }, "geometry": { "type": "Polygon", "coordinates": [ [ [ -121.960460142045164, 37.491029911299982 ], [ -121.96076818725885, 37.491889126144159 ], [ -121.961076239600345, 37.492748339984502 ], [ -121.959976757615252, 37.492989072556881 ], [ -121.960284805362832, 37.493848288116155 ], [ -121.959185304527679, 37.494089013452914 ], [ -121.958877268502306, 37.49322979517104 ], [ -121.957777772261764, 37.493470507826913 ], [ -121.957469755086237, 37.492611285819223 ], [ -121.957161745037851, 37.491752062808068 ], [ -121.958261217834149, 37.491511355596799 ], [ -121.957953203190868, 37.490652134304121 ], [ -121.959052657138514, 37.490411419856883 ], [ -121.960152103959032, 37.490170695451773 ], [ -121.961251543652239, 37.489929961088684 ], [ -121.961559593459427, 37.490789174214534 ], [ -121.960460142045164, 37.491029911299982 ] ] ] } },
{ "type": "Feature", "properties": { "id": "6_31", "growth_scenario": "high", "market_gravity_weight": 75 }, "geometry": { "type": "Polygon", "coordinates": [ [ [ -121.972070667371369, 37.490340466578587 ], [ -121.972378844047398, 37.491199652184456 ], [ -121.973478259330889, 37.490958807354147 ], [ -121.973786454856977, 37.491817989231734 ], [ -121.974094657514087, 37.49267717010472 ], [ -121.972995218791311, 37.492918020382405 ], [ -121.971895772937486, 37.493158860702643 ], [ -121.971587593720159, 37.492299674382252 ], [ -121.970488152455786, 37.492540502021335 ], [ -121.970179992089044, 37.491681311973117 ], [ -121.969080555414607, 37.491922126931257 ], [ -121.968772413897995, 37.491062933155327 ], [ -121.968464279511039, 37.490203738374895 ], [ -121.969563692745595, 37.489962928863186 ], [ -121.970663098850537, 37.489722109394158 ], [ -121.970971256676918, 37.490581298728188 ], [ -121.972070667371369, 37.490340466578587 ] ] ] } },
{ "type": "Feature", "properties": { "id": "6_32", "growth_scenario": "high", "market_gravity_weight": 75 }, "geometry": { "type": "Polygon", "coordinates": [ [ [ -121.960284805362832, 37.493848288116155 ], [ -121.961384299069891, 37.493607552821167 ], [ -121.961692365667759, 37.494466764654263 ], [ -121.960592860238492, 37.494707502672007 ], [ -121.95949334768089, 37.494948230731438 ], [ -121.959801397962195, 37.495807447006833 ], [ -121.958701866553625, 37.496048167830423 ], [ -121.959009912240106, 37.496907385825679 ], [ -121.957910361980069, 37.497148099413373 ], [ -121.957602328016947, 37.496288878695424 ], [ -121.956502782352416, 37.496529579601692 ], [ -121.956194767240532, 37.495670355158431 ], [ -121.957294301181719, 37.495429656974736 ], [ -121.956986281474087, 37.494570434251067 ], [ -121.956678268893882, 37.49371121052441 ], [ -121.957777772261764, 37.493470507826913 ], [ -121.958877268502306, 37.49322979517104 ], [ -121.959185304527679, 37.494089013452914 ], [ -121.960284805362832, 37.493848288116155 ] ] ] } },
{ "type": "Feature", "properties": { "id": "6_33", "growth_scenario": "high", "market_gravity_weight": 75 }, "geometry": { "type": "Polygon", "coordinates": [ [ [ -121.960109455371821, 37.49666666227921 ], [ -121.961208991374946, 37.496425928774151 ], [ -121.961517067636237, 37.497285140320706 ], [ -121.960417519909996, 37.497525876548799 ], [ -121.960725591577003, 37.49838508981572 ], [ -121.959626024998357, 37.498625818808115 ], [ -121.958526451290908, 37.49886653784165 ], [ -121.957426870454867, 37.499107246916218 ], [ -121.957118833959328, 37.498248025480429 ], [ -121.956810804591925, 37.497388803042284 ], [ -121.955711240075857, 37.497629496712307 ], [ -121.955403229560204, 37.496770270549113 ], [ -121.956502782352416, 37.496529579601692 ], [ -121.957602328016947, 37.496288878695424 ], [ -121.957910361980069, 37.497148099413373 ], [ -121.959009912240106, 37.496907385825679 ], [ -121.958701866553625, 37.496048167830423 ], [ -121.959801397962195, 37.495807447006833 ], [ -121.960109455371821, 37.49666666227921 ] ] ] } },
{ "type": "Feature", "properties": { "id": "6_34", "growth_scenario": "high", "market_gravity_weight": 75 }, "geometry": { "type": "Polygon", "coordinates": [ [ [ -121.541956294321523, 38.639588715923402 ], [ -121.543074384884235, 38.639351800267256 ], [ -121.543382360756567, 38.640211935700648 ], [ -121.54369034387588, 38.641072070400178 ], [ -121.543998334242403, 38.641932204365965 ], [ -121.542880207208754, 38.642169128412689 ], [ -121.543188192665284, 38.643029264441992 ], [ -121.542070046226698, 38.643266181168165 ], [ -121.541762072927853, 38.642406042341918 ], [ -121.540643931399984, 38.642642946153558 ], [ -121.540335977505876, 38.641782803797192 ], [ -121.540028030858281, 38.640922660707361 ], [ -121.541146148070922, 38.640685762489198 ], [ -121.540838196512354, 38.639825621462386 ], [ -121.5405302522, 38.63896547970171 ], [ -121.541648337852408, 38.638728576959267 ], [ -121.541956294321523, 38.639588715923402 ] ] ] } },
{ "type": "Feature", "properties": { "id": "6_35", "growth_scenario": "high", "market_gravity_weight": 75 }, "geometry": { "type": "Polygon", "coordinates": [ [ [ -121.472778140549082, 38.678279828395688 ], [ -121.473897047158147, 38.678043538452194 ], [ -121.474204371702939, 38.678903847841688 ], [ -121.474511703484652, 38.679764156509918 ], [ -121.473392772515012, 38.680000452041185 ], [ -121.473700099353223, 38.680860762782224 ], [ -121.474007433428653, 38.681721072802375 ], [ -121.474314774741529, 38.682581382101816 ], [ -121.474622123292079, 38.683441690680773 ], [ -121.473503136360421, 38.683677987262385 ], [ -121.473195799991501, 38.682817675889162 ], [ -121.472888470860028, 38.681957363795512 ], [ -121.472581148965759, 38.681097050981251 ], [ -121.471462191341317, 38.681333329053906 ], [ -121.471154888865144, 38.680473012725017 ], [ -121.47227383430841, 38.680236737446215 ], [ -121.471966526887783, 38.679376423190277 ], [ -121.471659226703579, 38.678516108213188 ], [ -121.471351933755585, 38.677655792514841 ], [ -121.472470835420907, 38.677419515490946 ], [ -121.472778140549082, 38.678279828395688 ] ] ] } },
{ "type": "Feature", "properties": { "id": "6_36", "growth_scenario": "high", "market_gravity_weight": 75 }, "geometry": { "type": "Polygon", "coordinates": [ [ [ -121.53743563910426, 38.657203330714921 ], [ -121.538554013775169, 38.656966455772157 ], [ -121.538862010672744, 38.657826603207731 ], [ -121.539170014819632, 38.658686749913493 ], [ -121.538051615821871, 38.658923630452513 ], [ -121.53835961505456, 38.659783779226956 ], [ -121.53724119664345, 38.66002065244443 ], [ -121.537549190961442, 38.660880803287846 ], [ -121.5364307531365, 38.661117669183582 ], [ -121.536122770983027, 38.660257515541829 ], [ -121.535814796078654, 38.659397361171052 ], [ -121.535506828423138, 38.658537206071024 ], [ -121.535198868016181, 38.657677050241503 ], [ -121.536317257184507, 38.657440195538079 ], [ -121.536009291862342, 38.65658004177682 ], [ -121.537127661618797, 38.656343179751509 ], [ -121.53743563910426, 38.657203330714921 ] ] ] } },
{ "type": "Feature", "properties": { "id": "6_37", "growth_scenario": "high", "market_gravity_weight": 75 }, "geometry": { "type": "Polygon", "coordinates": [ [ [ -121.535620285300013, 38.662214680670168 ], [ -121.535928269787163, 38.663074835652615 ], [ -121.537046739191695, 38.662837974280436 ], [ -121.537354743093928, 38.66369812573587 ], [ -121.53766275424627, 38.664558276462934 ], [ -121.536544260510524, 38.664795143432293 ], [ -121.535425759524671, 38.665032000281059 ], [ -121.535733753595181, 38.665892155877323 ], [ -121.534615233193009, 38.666129005403924 ], [ -121.534307251288993, 38.665268847009102 ], [ -121.53399927663456, 38.66440868788635 ], [ -121.533691309229539, 38.663548528035612 ], [ -121.533383349073603, 38.66268836745666 ], [ -121.534501820811357, 38.662451529123622 ], [ -121.534193855738806, 38.661591370614332 ], [ -121.535312308062203, 38.661354524959087 ], [ -121.535620285300013, 38.662214680670168 ] ] ] } },
{ "type": "Feature", "properties": { "id": "6_38", "growth_scenario": "high", "market_gravity_weight": 75 }, "geometry": { "type": "Polygon", "coordinates": [ [ [ -121.527050248496749, 38.621463010024591 ], [ -121.528168110200468, 38.621226229469208 ], [ -121.528475834397199, 38.622086401386134 ], [ -121.529593701014349, 38.621849607921455 ], [ -121.529901444603624, 38.622709776307765 ], [ -121.528783565833493, 38.622946572566072 ], [ -121.529091304509606, 38.623806743009141 ], [ -121.527973406346192, 38.624043531945155 ], [ -121.526855500942943, 38.624280310764938 ], [ -121.526547786574, 38.623420134734623 ], [ -121.525429886085149, 38.623656900644711 ], [ -121.525122191109304, 38.622796721084448 ], [ -121.524814503372298, 38.621936540787551 ], [ -121.525932379553936, 38.621699780464027 ], [ -121.525624686902304, 38.62083960222342 ], [ -121.526742543692095, 38.620602834577141 ], [ -121.527050248496749, 38.621463010024591 ] ] ] } },
{ "type": "Feature", "properties": { "id": "6_39", "growth_scenario": "high", "market_gravity_weight": 75 }, "geometry": { "type": "Polygon", "coordinates": [ [ [ -122.08270973413822, 37.316794009345536 ], [ -122.083018469140995, 37.317652962985711 ], [ -122.083327211268227, 37.318511915578831 ], [ -122.082230698942411, 37.318753767092375 ], [ -122.081921968463789, 37.317894811782281 ], [ -122.080825460662354, 37.318136650647446 ], [ -122.079728945736875, 37.318378479581057 ], [ -122.079420245680097, 37.317519517790601 ], [ -122.078323735279966, 37.317761334076025 ], [ -122.077227217756459, 37.318003140429752 ], [ -122.076918548121341, 37.317144172159551 ], [ -122.078015053995671, 37.316902368522214 ], [ -122.079111552746909, 37.316660554953273 ], [ -122.080208044374785, 37.31641873145292 ], [ -122.08130452887913, 37.316176898021141 ], [ -122.082401006259673, 37.315935054658134 ], [ -122.083497476516243, 37.315693201363871 ], [ -122.083806216042746, 37.316552153334499 ], [ -122.08270973413822, 37.316794009345536 ] ] ] } },
{ "type": "Feature", "properties": { "id": "6_4", "growth_scenario": "high", "market_gravity_weight": 75 }, "geometry": { "type": "Polygon", "coordinates": [ [ [ -121.929555767377408, 37.424591677850941 ], [ -121.929863180028221, 37.425450988789791 ], [ -121.930170599786493, 37.426310298712686 ], [ -121.930478026652494, 37.427169607619867 ], [ -121.930785460626396, 37.428028915511391 ], [ -121.93109290170851, 37.428888222387485 ], [ -121.929994267281344, 37.429128688656235 ], [ -121.929686837905322, 37.428269379066698 ], [ -121.929379415637285, 37.427410068461789 ], [ -121.92828079751439, 37.427650519351239 ], [ -121.927973394059933, 37.426791205017707 ], [ -121.926874780535655, 37.427031643241435 ], [ -121.926567395894395, 37.426172325179444 ], [ -121.927665997712751, 37.425931889668625 ], [ -121.928764592424102, 37.425691444205398 ], [ -121.9284571914785, 37.424832130553511 ], [ -121.92814979763989, 37.423972815885733 ], [ -121.929248361833814, 37.423732365895972 ], [ -121.930346918920762, 37.423491905954151 ], [ -121.930654336169098, 37.424351215196126 ], [ -121.929555767377408, 37.424591677850941 ] ] ] } },
{ "type": "Feature", "properties": { "id": "6_40", "growth_scenario": "high", "market_gravity_weight": 75 }, "geometry": { "type": "Polygon", "coordinates": [ [ [ -122.085211449121701, 37.317169235598527 ], [ -122.085520214545539, 37.318028182757473 ], [ -122.084423716469345, 37.318270054133833 ], [ -122.084732477369954, 37.319129002962846 ], [ -122.083635960520198, 37.319370867125016 ], [ -122.082539436545503, 37.319612721355639 ], [ -122.08284818127332, 37.320471674572318 ], [ -122.081751638524537, 37.32071352158836 ], [ -122.081442905446053, 37.319854565654651 ], [ -122.080346367222091, 37.320096400021953 ], [ -122.080037652917454, 37.319237440324763 ], [ -122.081134179492082, 37.318995608674392 ], [ -122.082230698942411, 37.318753767092375 ], [ -122.083327211268227, 37.318511915578831 ], [ -122.083018469140995, 37.317652962985711 ], [ -122.08270973413822, 37.316794009345536 ], [ -122.083806216042746, 37.316552153334499 ], [ -122.084902690822815, 37.316310287392255 ], [ -122.085999158478202, 37.316068411518941 ], [ -122.086307928424816, 37.316927357008169 ], [ -122.085211449121701, 37.317169235598527 ] ] ] } },
{ "type": "Feature", "properties": { "id": "6_41", "growth_scenario": "high", "market_gravity_weight": 75 }, "geometry": { "type": "Polygon", "coordinates": [ [ [ -121.543268547594465, 38.636534472178063 ], [ -121.543576513883153, 38.637394607017804 ], [ -121.54388448741831, 38.638254741123049 ], [ -121.54419246820018, 38.639114874493892 ], [ -121.543074384884235, 38.639351800267256 ], [ -121.541956294321523, 38.639588715923402 ], [ -121.541648337852408, 38.638728576959267 ], [ -121.5405302522, 38.63896547970171 ], [ -121.540222315133647, 38.638105337207051 ], [ -121.53991438531304, 38.637245193978167 ], [ -121.53960646273795, 38.636385050014916 ], [ -121.540724511921539, 38.636148155661317 ], [ -121.54184255385961, 38.635911251190819 ], [ -121.542150500746558, 38.636771389561645 ], [ -121.543268547594465, 38.636534472178063 ] ] ] } },
{ "type": "Feature", "properties": { "id": "6_42", "growth_scenario": "high", "market_gravity_weight": 75 }, "geometry": { "type": "Polygon", "coordinates": [ [ [ -121.544808451505077, 38.640835139033165 ], [ -121.545926551886808, 38.640598197548883 ], [ -121.546234566567051, 38.641458325920453 ], [ -121.547352671857553, 38.64122137152183 ], [ -121.547660705942491, 38.642081496362295 ], [ -121.546542588495242, 38.642318453558246 ], [ -121.546850617671637, 38.643178580462425 ], [ -121.545732480818998, 38.643415530338437 ], [ -121.544614336718141, 38.643652470096953 ], [ -121.543496185369321, 38.643889399738001 ], [ -121.543188192665284, 38.643029264441992 ], [ -121.542880207208754, 38.642169128412689 ], [ -121.543998334242403, 38.641932204365965 ], [ -121.54369034387588, 38.641072070400178 ], [ -121.543382360756567, 38.640211935700648 ], [ -121.544500456229017, 38.639975007130531 ], [ -121.544808451505077, 38.640835139033165 ] ] ] } },
{ "type": "Feature", "properties": { "id": "6_43", "growth_scenario": "high", "market_gravity_weight": 75 }, "geometry": { "type": "Polygon", "coordinates": [ [ [ -122.093782331705427, 37.324549031932115 ], [ -122.094091226640046, 37.325407955034642 ], [ -122.094400128703342, 37.32626687709115 ], [ -122.093303538123862, 37.326508828022781 ], [ -122.092206940415707, 37.326750769022745 ], [ -122.091110335579046, 37.326992700090813 ], [ -122.090801468464718, 37.326133769878354 ], [ -122.089704868149951, 37.326375688295968 ], [ -122.088608260707403, 37.326617596781631 ], [ -122.088299424021145, 37.325758660086763 ], [ -122.089396019813549, 37.325516754319395 ], [ -122.089087178604672, 37.324657819297009 ], [ -122.090183755619819, 37.324415906316048 ], [ -122.091280325507441, 37.324173983403377 ], [ -122.09237688826731, 37.323932050559158 ], [ -122.09268576442453, 37.32479097742641 ], [ -122.093782331705427, 37.324549031932115 ] ], [ [ -122.091898061651449, 37.325891841528858 ], [ -122.091589190015455, 37.325032912989144 ], [ -122.090492608478385, 37.325274838620167 ], [ -122.090801468464718, 37.326133769878354 ], [ -122.091898061651449, 37.325891841528858 ] ] ] } },
{ "type": "Feature", "properties": { "id": "6_44", "growth_scenario": "high", "market_gravity_weight": 75 }, "geometry": { "type": "Polygon", "coordinates": [ [ [ -121.545002551331294, 38.638017808029424 ], [ -121.546120607997324, 38.637780864818993 ], [ -121.546428613090995, 38.638640992596208 ], [ -121.547546674665327, 38.638404036472046 ], [ -121.548664728992023, 38.638167070231091 ], [ -121.548972765644351, 38.639027191679695 ], [ -121.547854699162187, 38.639264160717723 ], [ -121.546736625432075, 38.639501119638972 ], [ -121.547044645020847, 38.640361245947481 ], [ -121.545926551886808, 38.640598197548883 ], [ -121.544808451505077, 38.640835139033165 ], [ -121.544500456229017, 38.639975007130531 ], [ -121.543382360756567, 38.640211935700648 ], [ -121.543074384884235, 38.639351800267256 ], [ -121.54419246820018, 38.639114874493892 ], [ -121.54388448741831, 38.638254741123049 ], [ -121.543576513883153, 38.637394607017804 ], [ -121.544694565640356, 38.637157676720861 ], [ -121.545002551331294, 38.638017808029424 ] ] ] } },
{ "type": "Feature", "properties": { "id": "6_45", "growth_scenario": "high", "market_gravity_weight": 75 }, "geometry": { "type": "Polygon", "coordinates": [ [ [ -121.800100509886121, 37.33706541481137 ], [ -121.800406065974201, 37.337925077752729 ], [ -121.80150377176227, 37.337685776164044 ], [ -121.80180934660622, 37.338545435386095 ], [ -121.802114928509582, 37.339405093581405 ], [ -121.801017199327376, 37.33964440055523 ], [ -121.7999194630858, 37.339883697579154 ], [ -121.798821719785039, 37.340122984653185 ], [ -121.798516172973947, 37.339263318380191 ], [ -121.797418434312149, 37.339502592811691 ], [ -121.797112906257411, 37.338642922820043 ], [ -121.798210633221572, 37.338403651080831 ], [ -121.797905100527601, 37.337543982754902 ], [ -121.799002808736077, 37.337304703757987 ], [ -121.798697271403412, 37.336445037097519 ], [ -121.799794960856701, 37.336205750843149 ], [ -121.800100509886121, 37.33706541481137 ] ] ] } },
{ "type": "Feature", "properties": { "id": "6_46", "growth_scenario": "high", "market_gravity_weight": 75 }, "geometry": { "type": "Polygon", "coordinates": [ [ [ -121.532444955558489, 38.623096315505215 ], [ -121.53356282476021, 38.62285948610549 ], [ -121.533870619288734, 38.62371964463599 ], [ -121.534988493401897, 38.623482802326407 ], [ -121.53529630732443, 38.624342957325624 ], [ -121.534178421058556, 38.624579802429508 ], [ -121.534486230069874, 38.625439959486172 ], [ -121.533368324409309, 38.625676797268547 ], [ -121.532250411507206, 38.625913624934888 ], [ -121.531942626802518, 38.625053462289593 ], [ -121.530824718812781, 38.6252902770456 ], [ -121.530516953502584, 38.624430110869632 ], [ -121.53020919543296, 38.623569943957101 ], [ -121.531327079115997, 38.623333134789071 ], [ -121.53101931613368, 38.622472969933554 ], [ -121.532137180423447, 38.622236153443573 ], [ -121.532444955558489, 38.623096315505215 ] ] ] } },
{ "type": "Feature", "properties": { "id": "6_47", "growth_scenario": "high", "market_gravity_weight": 75 }, "geometry": { "type": "Polygon", "coordinates": [ [ [ -121.542846803666862, 38.631996873435575 ], [ -121.543154745881296, 38.632857009154698 ], [ -121.544272729617788, 38.632620082722916 ], [ -121.544580691231999, 38.633480214910385 ], [ -121.543462695341205, 38.633717144138281 ], [ -121.543770652046803, 38.63457727838653 ], [ -121.542652636755463, 38.634814200294173 ], [ -121.542344692204679, 38.63395406324971 ], [ -121.541226681822693, 38.634190972244696 ], [ -121.540108664195458, 38.634427871123023 ], [ -121.539800751200033, 38.633567727751526 ], [ -121.539492845449374, 38.632707583644745 ], [ -121.539184946943166, 38.631847438802723 ], [ -121.540302928105902, 38.631610548311741 ], [ -121.541420902024129, 38.631373647704343 ], [ -121.541728824839254, 38.632233786955027 ], [ -121.542846803666862, 38.631996873435575 ] ] ] } },
{ "type": "Feature", "properties": { "id": "6_48", "growth_scenario": "high", "market_gravity_weight": 75 }, "geometry": { "type": "Polygon", "coordinates": [ [ [ -121.546622644659905, 38.635823659326888 ], [ -121.546930647414442, 38.636683785776796 ], [ -121.547238657416159, 38.637543911491804 ], [ -121.546120607997324, 38.637780864818993 ], [ -121.545002551331294, 38.638017808029424 ], [ -121.544694565640356, 38.637157676720861 ], [ -121.543576513883153, 38.637394607017804 ], [ -121.543268547594465, 38.636534472178063 ], [ -121.542150500746558, 38.636771389561645 ], [ -121.54184255385961, 38.635911251190819 ], [ -121.542960588551978, 38.63567433660355 ], [ -121.544078615998373, 38.635437411899581 ], [ -121.545196636198554, 38.635200477079032 ], [ -121.546314649152308, 38.634963532141974 ], [ -121.547432654859364, 38.634726577088465 ], [ -121.54774066252152, 38.635586701476761 ], [ -121.546622644659905, 38.635823659326888 ] ] ] } },
{ "type": "Feature", "properties": { "id": "6_49", "growth_scenario": "high", "market_gravity_weight": 75 }, "geometry": { "type": "Polygon", "coordinates": [ [ [ -121.531521651874741, 38.620515827108527 ], [ -121.532639484619736, 38.62027900609047 ], [ -121.533757310124486, 38.620042174956936 ], [ -121.53406509508244, 38.62090233290558 ], [ -121.535182925498134, 38.620665488862826 ], [ -121.535490729848604, 38.621525643279789 ], [ -121.534372887281151, 38.621762490116552 ], [ -121.53468068672089, 38.622622646590123 ], [ -121.53356282476021, 38.62285948610549 ], [ -121.532444955558489, 38.623096315505215 ], [ -121.532137180423447, 38.622236153443573 ], [ -121.53101931613368, 38.622472969933554 ], [ -121.53071156039168, 38.621612804340927 ], [ -121.530403811889698, 38.620752638011083 ], [ -121.53009607062755, 38.619892470943768 ], [ -121.531213898460578, 38.619655662834788 ], [ -121.531521651874741, 38.620515827108527 ] ] ] } },
{ "type": "Feature", "properties": { "id": "6_5", "growth_scenario": "high", "market_gravity_weight": 75 }, "geometry": { "type": "Polygon", "coordinates": [ [ [ -121.938783143650227, 37.427204679838667 ], [ -121.93768455898676, 37.427445215773645 ], [ -121.936585967213503, 37.427685741756619 ], [ -121.936893473932059, 37.428545034048405 ], [ -121.935794863344142, 37.428785552793194 ], [ -121.936102365467136, 37.429644846783312 ], [ -121.935003736064047, 37.429885358289809 ], [ -121.93390509955141, 37.430125859843812 ], [ -121.933597620839819, 37.429266560425745 ], [ -121.933290149237351, 37.428407259992255 ], [ -121.934388762338571, 37.428166763866031 ], [ -121.935487368330683, 37.427926257787441 ], [ -121.935179880426588, 37.427066961765917 ], [ -121.936278467604481, 37.426826448449006 ], [ -121.93597097510478, 37.425967154125367 ], [ -121.937069543468922, 37.42572663357015 ], [ -121.938168104723786, 37.425486103063086 ], [ -121.938475620632119, 37.426345391958961 ], [ -121.938783143650227, 37.427204679838667 ] ] ] } },
{ "type": "Feature", "properties": { "id": "6_50", "growth_scenario": "high", "market_gravity_weight": 75 }, "geometry": { "type": "Polygon", "coordinates": [ [ [ -121.536414186348509, 38.624106102105991 ], [ -121.537532058130594, 38.623869236770652 ], [ -121.537839903600045, 38.6247293854438 ], [ -121.538147756311929, 38.625589533379923 ], [ -121.537029860224706, 38.62582640430459 ], [ -121.537337708026428, 38.626686554298807 ], [ -121.53621979254352, 38.626923417902361 ], [ -121.535101869818106, 38.627160271389876 ], [ -121.534794046323, 38.626300115806281 ], [ -121.533676128508986, 38.626536956383092 ], [ -121.533368324409309, 38.625676797268547 ], [ -121.534486230069874, 38.625439959486172 ], [ -121.534178421058556, 38.624579802429508 ], [ -121.53529630732443, 38.624342957325624 ], [ -121.534988493401897, 38.623482802326407 ], [ -121.536106360273536, 38.62324594990114 ], [ -121.536414186348509, 38.624106102105991 ] ] ] } },
{ "type": "Feature", "properties": { "id": "6_51", "growth_scenario": "high", "market_gravity_weight": 75 }, "geometry": { "type": "Polygon", "coordinates": [ [ [ -121.55070694423901, 38.640510447623761 ], [ -121.549588860693788, 38.640747432373367 ], [ -121.549896919091395, 38.641607551618932 ], [ -121.548778816141265, 38.641844529049209 ], [ -121.549086869631324, 38.642704650358347 ], [ -121.547968747275831, 38.642941620468996 ], [ -121.547660705942491, 38.642081496362295 ], [ -121.547352671857553, 38.64122137152183 ], [ -121.546234566567051, 38.641458325920453 ], [ -121.545926551886808, 38.640598197548883 ], [ -121.547044645020847, 38.640361245947481 ], [ -121.546736625432075, 38.639501119638972 ], [ -121.547854699162187, 38.639264160717723 ], [ -121.548972765644351, 38.639027191679695 ], [ -121.550090824878353, 38.638790212524839 ], [ -121.550398880934353, 38.639650330441548 ], [ -121.55070694423901, 38.640510447623761 ] ] ] } },
{ "type": "Feature", "properties": { "id": "6_52", "growth_scenario": "high", "market_gravity_weight": 75 }, "geometry": { "type": "Polygon", "coordinates": [ [ [ -121.534259555891765, 38.618085021184932 ], [ -121.534567338519992, 38.618945177815569 ], [ -121.534875128388677, 38.619805333708143 ], [ -121.535992939412139, 38.619568482344043 ], [ -121.536300748672858, 38.620428634704709 ], [ -121.535182925498134, 38.620665488862826 ], [ -121.53406509508244, 38.62090233290558 ], [ -121.533757310124486, 38.620042174956936 ], [ -121.532639484619736, 38.62027900609047 ], [ -121.531521651874741, 38.620515827108527 ], [ -121.531213898460578, 38.619655662834788 ], [ -121.530906152286192, 38.618795497823356 ], [ -121.530598413351342, 38.617935332074012 ], [ -121.5317162096418, 38.617698519436452 ], [ -121.532833998692695, 38.617461696683797 ], [ -121.533141761929869, 38.618321856846237 ], [ -121.534259555891765, 38.618085021184932 ] ] ] } },
{ "type": "Feature", "properties": { "id": "6_53", "growth_scenario": "high", "market_gravity_weight": 75 }, "geometry": { "type": "Polygon", "coordinates": [ [ [ -121.541728824839254, 38.632233786955027 ], [ -121.541420902024129, 38.631373647704343 ], [ -121.542538868697633, 38.631136736980771 ], [ -121.543656828126188, 38.630899816140989 ], [ -121.544774780309524, 38.630662885185096 ], [ -121.545892725247441, 38.630425944113291 ], [ -121.547010662939684, 38.630188992925561 ], [ -121.547318646522825, 38.631049118196209 ], [ -121.54762663735211, 38.631909242730607 ], [ -121.546508675353437, 38.632146199510828 ], [ -121.545390706108591, 38.632383146174966 ], [ -121.545698679876878, 38.633243275566144 ], [ -121.544580691231999, 38.633480214910385 ], [ -121.544272729617788, 38.632620082722916 ], [ -121.543154745881296, 38.632857009154698 ], [ -121.542846803666862, 38.631996873435575 ], [ -121.541728824839254, 38.632233786955027 ] ] ] } },
{ "type": "Feature", "properties": { "id": "6_54", "growth_scenario": "high", "market_gravity_weight": 75 }, "geometry": { "type": "Polygon", "coordinates": [ [ [ -121.550170561992118, 38.632295417027763 ], [ -121.550478591621371, 38.633155534497099 ], [ -121.549360619809363, 38.633392517102422 ], [ -121.548242640750217, 38.633629489591669 ], [ -121.548550653319481, 38.634489611918674 ], [ -121.547432654859364, 38.634726577088465 ], [ -121.547124654444104, 38.633866451964842 ], [ -121.546006660891379, 38.63410340422179 ], [ -121.544888660092184, 38.634340346362364 ], [ -121.543770652046803, 38.63457727838653 ], [ -121.543462695341205, 38.633717144138281 ], [ -121.544580691231999, 38.633480214910385 ], [ -121.545698679876878, 38.633243275566144 ], [ -121.545390706108591, 38.632383146174966 ], [ -121.546508675353437, 38.632146199510828 ], [ -121.54762663735211, 38.631909242730607 ], [ -121.54874459210437, 38.631672275834454 ], [ -121.549052602333404, 38.632532396836403 ], [ -121.550170561992118, 38.632295417027763 ] ] ] } },
{ "type": "Feature", "properties": { "id": "6_55", "growth_scenario": "high", "market_gravity_weight": 75 }, "geometry": { "type": "Polygon", "coordinates": [ [ [ -121.536608565174788, 38.621288786327554 ], [ -121.53772639325949, 38.621051919259983 ], [ -121.53803422915442, 38.621912067350799 ], [ -121.538342072291343, 38.622772214703986 ], [ -121.538649922670459, 38.623632361319707 ], [ -121.537532058130594, 38.623869236770652 ], [ -121.536414186348509, 38.624106102105991 ], [ -121.536106360273536, 38.62324594990114 ], [ -121.534988493401897, 38.623482802326407 ], [ -121.533870619288734, 38.62371964463599 ], [ -121.53356282476021, 38.62285948610549 ], [ -121.53468068672089, 38.622622646590123 ], [ -121.534372887281151, 38.621762490116552 ], [ -121.535490729848604, 38.621525643279789 ], [ -121.535182925498134, 38.620665488862826 ], [ -121.536300748672858, 38.620428634704709 ], [ -121.536608565174788, 38.621288786327554 ] ] ] } },
{ "type": "Feature", "properties": { "id": "6_6", "growth_scenario": "high", "market_gravity_weight": 75 }, "geometry": { "type": "Polygon", "coordinates": [ [ [ -121.929994267281344, 37.429128688656235 ], [ -121.93109290170851, 37.428888222387485 ], [ -121.932191529027264, 37.428647746166156 ], [ -121.933290149237351, 37.428407259992255 ], [ -121.933597620839819, 37.429266560425745 ], [ -121.93390509955141, 37.430125859843812 ], [ -121.932806455929381, 37.43036635144523 ], [ -121.931707805198229, 37.430606833093947 ], [ -121.930609147358197, 37.430847304789957 ], [ -121.929510482409484, 37.431087766533089 ], [ -121.929203050523626, 37.430228456260181 ], [ -121.928104390173459, 37.430468905336852 ], [ -121.927796977102616, 37.42960959133557 ], [ -121.928895625745966, 37.429369144972291 ], [ -121.928588208076306, 37.428509832669356 ], [ -121.929686837905322, 37.428269379066698 ], [ -121.929994267281344, 37.429128688656235 ] ] ] } },
{ "type": "Feature", "properties": { "id": "6_7", "growth_scenario": "high", "market_gravity_weight": 75 }, "geometry": { "type": "Polygon", "coordinates": [ [ [ -121.483055078327368, 38.636324025934123 ], [ -121.484173309620118, 38.636087643467292 ], [ -121.484480578722241, 38.636947925452617 ], [ -121.483362335264857, 38.637184310710012 ], [ -121.48366959943337, 38.638044594754859 ], [ -121.483976870833118, 38.638904878068828 ], [ -121.48285859581425, 38.639141258787227 ], [ -121.481740313564075, 38.639377629384875 ], [ -121.480622024082891, 38.639613989861779 ], [ -121.480314789179957, 38.638753698175947 ], [ -121.480007561507563, 38.637893405759506 ], [ -121.481125826657276, 38.637657050863517 ], [ -121.480818594049808, 38.636796760506748 ], [ -121.481936839803836, 38.636560398280615 ], [ -121.481629602261748, 38.635700109983084 ], [ -121.482747828620617, 38.635463740426964 ], [ -121.483055078327368, 38.636324025934123 ] ] ] } },
{ "type": "Feature", "properties": { "id": "6_8", "growth_scenario": "high", "market_gravity_weight": 75 }, "geometry": { "type": "Polygon", "coordinates": [ [ [ -121.489731276173472, 38.661744884766378 ], [ -121.490849874813676, 38.661508441570852 ], [ -121.491157329379817, 38.662368708009531 ], [ -121.490038718567547, 38.662605153998854 ], [ -121.49034616819938, 38.663465422505503 ], [ -121.489227537976774, 38.663701861165585 ], [ -121.488920100517518, 38.66284158986511 ], [ -121.487801475229986, 38.663078015608157 ], [ -121.487494057180811, 38.662217740788321 ], [ -121.486375436828851, 38.662454153614618 ], [ -121.486068038189302, 38.661593875275507 ], [ -121.485760646786304, 38.660733596210541 ], [ -121.486879242793336, 38.66049718897105 ], [ -121.487997831563874, 38.660260771608584 ], [ -121.489116413097605, 38.660024344123173 ], [ -121.489423841016929, 38.660884614807884 ], [ -121.489731276173472, 38.661744884766378 ] ] ] } },
{ "type": "Feature", "properties": { "id": "6_9", "growth_scenario": "high", "market_gravity_weight": 75 }, "geometry": { "type": "Polygon", "coordinates": [ [ [ -121.493394529290129, 38.661895785662047 ], [ -121.493702015438188, 38.662756045786615 ], [ -121.492583406930308, 38.66299251481589 ], [ -121.492890888145013, 38.66385277700865 ], [ -121.493198376598457, 38.664713038475639 ], [ -121.492079736507236, 38.664949502970394 ], [ -121.492387220026885, 38.665809766506172 ], [ -121.491268560523864, 38.666046223671948 ], [ -121.49096108917729, 38.665185957341848 ], [ -121.490653625069214, 38.664325690286418 ], [ -121.489534982673788, 38.664562131740503 ], [ -121.489227537976774, 38.663701861165585 ], [ -121.49034616819938, 38.663465422505503 ], [ -121.490038718567547, 38.662605153998854 ], [ -121.491157329379817, 38.662368708009531 ], [ -121.492275932954072, 38.662132251897241 ], [ -121.491968466216107, 38.661271988252473 ], [ -121.493087050380566, 38.661035524811275 ], [ -121.493394529290129, 38.661895785662047 ] ] ] } },
{ "type": "Feature", "properties": { "id": "8_0", "growth_scenario": "high", "market_gravity_weight": 75 }, "geometry": { "type": "Polygon", "coordinates": [ [ [ -104.784177880840019, 38.984646204790245 ], [ -104.784285434214183, 38.985534595497938 ], [ -104.784392990214641, 38.986422986233904 ], [ -104.784500548841493, 38.987311376998456 ], [ -104.783340249844727, 38.987393725664859 ], [ -104.783447797053043, 38.988282117474924 ], [ -104.782287481385026, 38.988364456312219 ], [ -104.78217994822181, 38.987476063485516 ], [ -104.781019643973082, 38.987558390460428 ], [ -104.780912127480534, 38.986669996646128 ], [ -104.78080461361337, 38.985781602860513 ], [ -104.781964889772709, 38.985699277918442 ], [ -104.781857364486626, 38.98481088517768 ], [ -104.783017623976249, 38.984728550406622 ], [ -104.782910087271944, 38.983840158710564 ], [ -104.78407033009205, 38.983757814110739 ], [ -104.784177880840019, 38.984646204790245 ] ] ] } },
{ "type": "Feature", "properties": { "id": "8_1", "growth_scenario": "high", "market_gravity_weight": 75 }, "geometry": { "type": "Polygon", "coordinates": [ [ [ -105.016631020875764, 39.988863609887495 ], [ -105.015454799920334, 39.988948154910034 ], [ -105.015566721197686, 39.989836623374984 ], [ -105.0156786452456, 39.990725092117707 ], [ -105.014502392666401, 39.990809628311638 ], [ -105.014390483045332, 39.989921158486602 ], [ -105.013214242122743, 39.990005682604988 ], [ -105.012037998430301, 39.990090195729984 ], [ -105.011926120432705, 39.989201724018947 ], [ -105.013102349698443, 39.989117211975831 ], [ -105.012990460043895, 39.988228741624468 ], [ -105.012878573159014, 39.987340271550622 ], [ -105.0140547708029, 39.987255750678301 ], [ -105.015230965676878, 39.987171218813103 ], [ -105.016407157780606, 39.98708667595502 ], [ -105.016519087942839, 39.987975142782545 ], [ -105.016631020875764, 39.988863609887495 ] ] ] } },
{ "type": "Feature", "properties": { "id": "8_2", "growth_scenario": "high", "market_gravity_weight": 75 }, "geometry": { "type": "Polygon", "coordinates": [ [ [ -104.78355534688761, 38.989170509314114 ], [ -104.784715673974745, 38.989088158614123 ], [ -104.785875998435188, 38.989005797068295 ], [ -104.785983578987356, 38.989894186902859 ], [ -104.784823240481316, 38.989976549465695 ], [ -104.784930809614679, 38.990864940346704 ], [ -104.783770454435853, 38.990947293080374 ], [ -104.783878012149714, 38.991835685008034 ], [ -104.782717640297903, 38.991918027912256 ], [ -104.782610096630492, 38.991029634967859 ], [ -104.781449736198951, 38.991111966009036 ], [ -104.781342209203927, 38.990223572077774 ], [ -104.78018186019284, 38.990305891256142 ], [ -104.780074349869565, 38.989417496337985 ], [ -104.781234684834686, 38.989335178176006 ], [ -104.782395017174153, 38.989252849168039 ], [ -104.782287481385026, 38.988364456312219 ], [ -104.783447797053043, 38.988282117474924 ], [ -104.78355534688761, 38.989170509314114 ] ] ] } },
{ "type": "Feature", "properties": { "id": "8_3", "growth_scenario": "high", "market_gravity_weight": 75 }, "geometry": { "type": "Polygon", "coordinates": [ [ [ -104.78174984182607, 38.983922492465133 ], [ -104.782910087271944, 38.983840158710564 ], [ -104.783017623976249, 38.984728550406622 ], [ -104.781857364486626, 38.98481088517768 ], [ -104.781964889772709, 38.985699277918442 ], [ -104.78080461361337, 38.985781602860513 ], [ -104.780912127480534, 38.986669996646128 ], [ -104.779751834651307, 38.986752311758941 ], [ -104.77964433482876, 38.985863916957086 ], [ -104.778484053419206, 38.985946220208042 ], [ -104.778376570265991, 38.985057824418575 ], [ -104.778269089737279, 38.984169428657452 ], [ -104.778161611832971, 38.983281032924516 ], [ -104.779321851110396, 38.983198732721704 ], [ -104.780482087763161, 38.983116421673742 ], [ -104.780589593754783, 38.98400481537449 ], [ -104.78174984182607, 38.983922492465133 ] ] ] } },
{ "type": "Feature", "properties": { "id": "8_4", "growth_scenario": "high", "market_gravity_weight": 75 }, "geometry": { "type": "Polygon", "coordinates": [ [ [ -104.78217994822181, 38.987476063485516 ], [ -104.782287481385026, 38.988364456312219 ], [ -104.782395017174153, 38.989252849168039 ], [ -104.781234684834686, 38.989335178176006 ], [ -104.780074349869565, 38.989417496337985 ], [ -104.78018186019284, 38.990305891256142 ], [ -104.779021508556312, 38.990388199588395 ], [ -104.778914012279103, 38.989499803653885 ], [ -104.77880651862688, 38.988611407748785 ], [ -104.777646192457269, 38.988693703202379 ], [ -104.77753871547543, 38.987805306310413 ], [ -104.778699027599558, 38.987723011872944 ], [ -104.778591539197024, 38.986834616026101 ], [ -104.779751834651307, 38.986752311758941 ], [ -104.780912127480534, 38.986669996646128 ], [ -104.781019643973082, 38.987558390460428 ], [ -104.78217994822181, 38.987476063485516 ] ] ] } },
{ "type": "Feature", "properties": { "id": "8_5", "growth_scenario": "high", "market_gravity_weight": 75 }, "geometry": { "type": "Polygon", "coordinates": [ [ [ -105.014614305057805, 39.991698098414851 ], [ -105.013438035281013, 39.991782624697493 ], [ -105.01354993601521, 39.992671096161324 ], [ -105.012373649040612, 39.992755612532335 ], [ -105.011197359296204, 39.992840117909644 ], [ -105.011085487417603, 39.991951644281833 ], [ -105.009909209331667, 39.992036137583511 ], [ -105.009797354650004, 39.991147663152482 ], [ -105.00968550273727, 39.990259188999872 ], [ -105.010861751968363, 39.990174697861633 ], [ -105.012037998430301, 39.990090195729984 ], [ -105.013214242122743, 39.990005682604988 ], [ -105.014390483045332, 39.989921158486602 ], [ -105.014502392666401, 39.990809628311638 ], [ -105.014614305057805, 39.991698098414851 ] ] ] } },
{ "type": "Feature", "properties": { "id": "8_6", "growth_scenario": "high", "market_gravity_weight": 75 }, "geometry": { "type": "Polygon", "coordinates": [ [ [ -104.778484053419206, 38.985946220208042 ], [ -104.77964433482876, 38.985863916957086 ], [ -104.779751834651307, 38.986752311758941 ], [ -104.778591539197024, 38.986834616026101 ], [ -104.778699027599558, 38.987723011872944 ], [ -104.77753871547543, 38.987805306310413 ], [ -104.777646192457269, 38.988693703202379 ], [ -104.776485863663083, 38.988775987809966 ], [ -104.776378400726841, 38.987887589902037 ], [ -104.775218083354119, 38.987969862647709 ], [ -104.775110637087337, 38.987081463753064 ], [ -104.776270940414705, 38.986999192023205 ], [ -104.776163482726602, 38.986110794173214 ], [ -104.777323769385035, 38.986028512613423 ], [ -104.777216300276294, 38.985140115808029 ], [ -104.776056027662435, 38.985222396351944 ], [ -104.775948575222102, 38.984333998559094 ], [ -104.777108833791715, 38.984251719031008 ], [ -104.778269089737279, 38.984169428657452 ], [ -104.778376570265991, 38.985057824418575 ], [ -104.778484053419206, 38.985946220208042 ] ] ] } },
{ "type": "Feature", "properties": { "id": "8_7", "growth_scenario": "high", "market_gravity_weight": 75 }, "geometry": { "type": "Polygon", "coordinates": [ [ [ -104.781449736198951, 38.991111966009036 ], [ -104.782610096630492, 38.991029634967859 ], [ -104.782717640297903, 38.991918027912256 ], [ -104.783878012149714, 38.991835685008034 ], [ -104.783985572490195, 38.992724076965501 ], [ -104.782825186591609, 38.992806420886659 ], [ -104.782932735511693, 38.993694813891246 ], [ -104.783040287058256, 38.994583206926166 ], [ -104.781879870438488, 38.994665542034376 ], [ -104.781772332939497, 38.993777147982584 ], [ -104.780611927741134, 38.993859471227353 ], [ -104.780504406915597, 38.99297107618932 ], [ -104.780396888715771, 38.992082681181593 ], [ -104.779236508986088, 38.992164991546616 ], [ -104.779129007458621, 38.991276595552563 ], [ -104.780289373141542, 38.991194286203942 ], [ -104.78018186019284, 38.990305891256142 ], [ -104.781342209203927, 38.990223572077774 ], [ -104.781449736198951, 38.991111966009036 ] ] ] } },
{ "type": "Feature", "properties": { "id": "8_8", "growth_scenario": "high", "market_gravity_weight": 75 }, "geometry": { "type": "Polygon", "coordinates": [ [ [ -104.778914012279103, 38.989499803653885 ], [ -104.779021508556312, 38.990388199588395 ], [ -104.78018186019284, 38.990305891256142 ], [ -104.780289373141542, 38.991194286203942 ], [ -104.779129007458621, 38.991276595552563 ], [ -104.779236508986088, 38.992164991546616 ], [ -104.779344013138839, 38.993053387570782 ], [ -104.778183616736726, 38.993135688105667 ], [ -104.778076126631149, 38.992247291065141 ], [ -104.776915741651266, 38.992329579737103 ], [ -104.776808268217565, 38.991441181710584 ], [ -104.775647894660096, 38.991523458519914 ], [ -104.77554043789759, 38.990635059507426 ], [ -104.776700797408353, 38.990552783714044 ], [ -104.776593329223559, 38.989664385747247 ], [ -104.777753672063668, 38.98958210012362 ], [ -104.777646192457269, 38.988693703202379 ], [ -104.77880651862688, 38.988611407748785 ], [ -104.778914012279103, 38.989499803653885 ] ] ] } },
{ "type": "Feature", "properties": { "id": "9_0", "growth_scenario": "high", "market_gravity_weight": 75 }, "geometry": { "type": "Polygon", "coordinates": [ [ [ -73.151598291898992, 41.380033669445552 ], [ -73.152768513065951, 41.380246388814399 ], [ -73.152481623513026, 41.381114061779712 ], [ -73.151311388802128, 41.380901339615725 ], [ -73.151024478639386, 41.381769009860641 ], [ -73.149854237450398, 41.381556274259907 ], [ -73.150141161157137, 41.380688606810423 ], [ -73.150428077797685, 41.379820939435525 ], [ -73.149257870762284, 41.379608198784389 ], [ -73.148970940578309, 41.380475863363863 ], [ -73.147800727065956, 41.380263109276164 ], [ -73.148087670793103, 41.379395447492229 ], [ -73.146917477890426, 41.379182685559165 ], [ -73.147204428093701, 41.378315026644877 ], [ -73.148374607453746, 41.378527785782452 ], [ -73.149544793880025, 41.378740534279224 ], [ -73.149831709931831, 41.377872869848233 ], [ -73.151001889881243, 41.378085604908925 ], [ -73.152172076896065, 41.378298329328715 ], [ -73.151885187930219, 41.379165999350008 ], [ -73.151598291898992, 41.380033669445552 ] ] ] } },
{ "type": "Feature", "properties": { "id": "12_0", "growth_scenario": "high", "market_gravity_weight": 75 }, "geometry": { "type": "Polygon", "coordinates": [ [ [ -80.308063500278152, 25.963811204116467 ], [ -80.309039440404717, 25.963960933832439 ], [ -80.310015383871303, 25.964110654250849 ], [ -80.309852773469771, 25.965009217018856 ], [ -80.309690159728319, 25.965907777016508 ], [ -80.309527542646833, 25.966806334244012 ], [ -80.3085515699468, 25.96665661046957 ], [ -80.308714196772968, 25.965758054360766 ], [ -80.307738237157821, 25.965608322407327 ], [ -80.307575600587086, 25.966506877397304 ], [ -80.306599634567888, 25.966357135027319 ], [ -80.306762280883092, 25.965458581156195 ], [ -80.305786327948951, 25.965308830607423 ], [ -80.305948980667722, 25.964410275084855 ], [ -80.306924923857693, 25.964560024514764 ], [ -80.307087563491791, 25.963661465102902 ], [ -80.307250199785514, 25.962762902920367 ], [ -80.308226126827961, 25.962912640815222 ], [ -80.308063500278152, 25.963811204116467 ] ] ] } },
{ "type": "Feature", "properties": { "id": "12_1", "growth_scenario": "high", "market_gravity_weight": 75 }, "geometry": { "type": "Polygon", "coordinates": [ [ [ -80.307575600587086, 25.966506877397304 ], [ -80.307412960675862, 25.967405429617159 ], [ -80.307250317424007, 25.968303979067105 ], [ -80.306274331915304, 25.968154234459256 ], [ -80.305298349747503, 25.968004480553567 ], [ -80.304322370920801, 25.967854717350097 ], [ -80.303346395435383, 25.967704944848872 ], [ -80.303509077665993, 25.966806399875168 ], [ -80.303671756555232, 25.965907852131267 ], [ -80.30464771255177, 25.966057622394281 ], [ -80.304810378355612, 25.96515907076104 ], [ -80.305786327948951, 25.965308830607423 ], [ -80.306762280883092, 25.965458581156195 ], [ -80.306599634567888, 25.966357135027319 ], [ -80.307575600587086, 25.966506877397304 ] ] ] } },
{ "type": "Feature", "properties": { "id": "12_2", "growth_scenario": "high", "market_gravity_weight": 75 }, "geometry": { "type": "Polygon", "coordinates": [ [ [ -80.307412832738919, 25.961864337967128 ], [ -80.307250199785514, 25.962762902920367 ], [ -80.307087563491791, 25.963661465102902 ], [ -80.306924923857693, 25.964560024514764 ], [ -80.305948980667722, 25.964410275084855 ], [ -80.305786327948951, 25.965308830607423 ], [ -80.304810378355612, 25.96515907076104 ], [ -80.30383443210323, 25.965009301617119 ], [ -80.303997104310056, 25.964110748332509 ], [ -80.304159773175812, 25.963212192277247 ], [ -80.305135699940436, 25.963361959183288 ], [ -80.305298355721646, 25.962463399238345 ], [ -80.305461008162183, 25.961564836522612 ], [ -80.306436918780363, 25.96171459189355 ], [ -80.306599558137023, 25.960816025288025 ], [ -80.307575462352162, 25.960965770242922 ], [ -80.307412832738919, 25.961864337967128 ] ] ] } },
{ "type": "Feature", "properties": { "id": "12_3", "growth_scenario": "high", "market_gravity_weight": 75 }, "geometry": { "type": "Polygon", "coordinates": [ [ [ -80.303997104310056, 25.964110748332509 ], [ -80.30383443210323, 25.965009301617119 ], [ -80.304810378355612, 25.96515907076104 ], [ -80.30464771255177, 25.966057622394281 ], [ -80.303671756555232, 25.965907852131267 ], [ -80.303509077665993, 25.966806399875168 ], [ -80.303346395435383, 25.967704944848872 ], [ -80.302370423291407, 25.967555163049937 ], [ -80.302533115266471, 25.966656619195376 ], [ -80.301557156208503, 25.966506829218066 ], [ -80.301719854586153, 25.965608283712541 ], [ -80.300743908613967, 25.965458485556859 ], [ -80.300906613393821, 25.964559938400171 ], [ -80.30188254962215, 25.964709735436617 ], [ -80.302045241316605, 25.963811184390167 ], [ -80.303021171142703, 25.963960971010046 ], [ -80.303183849752145, 25.963062416073829 ], [ -80.304159773175812, 25.963212192277247 ], [ -80.303997104310056, 25.964110748332509 ] ] ] } },
{ "type": "Feature", "properties": { "id": "12_4", "growth_scenario": "high", "market_gravity_weight": 75 }, "geometry": { "type": "Polygon", "coordinates": [ [ [ -80.194231026619974, 26.070961502966757 ], [ -80.194067026969989, 26.071859584852433 ], [ -80.193903023948124, 26.072757663984188 ], [ -80.19373901755425, 26.07365574036227 ], [ -80.194715988032584, 26.073806499540556 ], [ -80.194551988027243, 26.074704574296373 ], [ -80.193575007788269, 26.074553813986785 ], [ -80.193410994650108, 26.075451884857905 ], [ -80.19243400802263, 26.07530111411409 ], [ -80.192598030921516, 26.07440304437441 ], [ -80.19276205044801, 26.073504971881267 ], [ -80.191785086714063, 26.073354194097575 ], [ -80.191949112628507, 26.072456119982224 ], [ -80.192113135170558, 26.071558043113043 ], [ -80.192277154340331, 26.070659963489913 ], [ -80.193254088794163, 26.07081073787959 ], [ -80.193418094832111, 26.069912654371084 ], [ -80.194395022898163, 26.070063418327099 ], [ -80.194231026619974, 26.070961502966757 ] ] ] } },
{ "type": "Feature", "properties": { "id": "12_5", "growth_scenario": "high", "market_gravity_weight": 75 }, "geometry": { "type": "Polygon", "coordinates": [ [ [ -80.411383534945728, 25.991610922487954 ], [ -80.412359961534762, 25.991759662331948 ], [ -80.412198351196452, 25.992658308511427 ], [ -80.413174790864147, 25.992807040166145 ], [ -80.413013186962743, 25.993705684695492 ], [ -80.412036737537122, 25.993556951927967 ], [ -80.411875120556672, 25.994455592581708 ], [ -80.410898664694187, 25.994306849399177 ], [ -80.409922212153134, 25.994158096914486 ], [ -80.408945762933683, 25.994009335127675 ], [ -80.409107409187868, 25.993110697812799 ], [ -80.409269052120351, 25.992212057734974 ], [ -80.410245481824376, 25.992360817295761 ], [ -80.410407111677827, 25.991462173341979 ], [ -80.410568738209989, 25.990563526624904 ], [ -80.411545151720532, 25.990712274658076 ], [ -80.411383534945728, 25.991610922487954 ] ] ] } },
{ "type": "Feature", "properties": { "id": "12_6", "growth_scenario": "high", "market_gravity_weight": 75 }, "geometry": { "type": "Polygon", "coordinates": [ [ [ -80.201069685800221, 26.072016598103449 ], [ -80.200905754472799, 26.072914687906003 ], [ -80.200741819774819, 26.073812774955027 ], [ -80.200577881706138, 26.074710859250672 ], [ -80.200413940266699, 26.075608940793114 ], [ -80.199436939798488, 26.075458236301078 ], [ -80.199272985226727, 26.076356313959508 ], [ -80.199109027283797, 26.077254388864915 ], [ -80.198132010663812, 26.077103672807691 ], [ -80.198295978368265, 26.076205599033365 ], [ -80.198459942701348, 26.075307522506005 ], [ -80.198623903663162, 26.074409443225527 ], [ -80.198787861253834, 26.073511361191716 ], [ -80.19895181547345, 26.072613276404461 ], [ -80.199928783287746, 26.072763986806667 ], [ -80.200092724375835, 26.071865898134892 ], [ -80.200256662093281, 26.070967806709419 ], [ -80.201233613757182, 26.071118505547243 ], [ -80.201069685800221, 26.072016598103449 ] ] ] } },
{ "type": "Feature", "properties": { "id": "12_7", "growth_scenario": "high", "market_gravity_weight": 75 }, "geometry": { "type": "Polygon", "coordinates": [ [ [ -80.224942077248599, 25.968572159876313 ], [ -80.224778584905209, 25.969470575778725 ], [ -80.224615089204121, 25.970368988909623 ], [ -80.22363922246673, 25.970218464002862 ], [ -80.223475713668165, 25.971116873237634 ], [ -80.222499840549204, 25.970966337910074 ], [ -80.221523970788553, 25.970815793286423 ], [ -80.221687499066149, 25.969917386301439 ], [ -80.22185102398538, 25.969018976544923 ], [ -80.222014545546315, 25.968120564016694 ], [ -80.222178063749084, 25.967222148716701 ], [ -80.223153894553022, 25.967372688841046 ], [ -80.224129728714843, 25.967523219669552 ], [ -80.223966229989969, 25.968421637219013 ], [ -80.224942077248599, 25.968572159876313 ] ] ] } },
{ "type": "Feature", "properties": { "id": "13_0", "growth_scenario": "high", "market_gravity_weight": 75 }, "geometry": { "type": "Polygon", "coordinates": [ [ [ -83.711216272205675, 33.60807638908468 ], [ -83.711076342384558, 33.608964166121595 ], [ -83.710936409394506, 33.609851941908289 ], [ -83.709860314143441, 33.609736491463615 ], [ -83.709720366005229, 33.610624264833369 ], [ -83.708644261944514, 33.610508803150978 ], [ -83.707568161053487, 33.610393331397638 ], [ -83.707708133149524, 33.609505560361818 ], [ -83.707848102075715, 33.608617788075847 ], [ -83.707988067832162, 33.607730014539477 ], [ -83.708128030418962, 33.606842239752488 ], [ -83.709204083396102, 33.606957706837996 ], [ -83.710280139542519, 33.607073163852952 ], [ -83.710140200911965, 33.607960940973605 ], [ -83.711216272205675, 33.60807638908468 ] ] ] } },
{ "type": "Feature", "properties": { "id": "13_1", "growth_scenario": "high", "market_gravity_weight": 75 }, "geometry": { "type": "Polygon", "coordinates": [ [ [ -84.440773625315217, 33.910279430635953 ], [ -84.441854910776655, 33.910388006245128 ], [ -84.441722748511495, 33.911276286849983 ], [ -84.441590583238778, 33.912164566283714 ], [ -84.440509273538751, 33.912055988453147 ], [ -84.439427966846637, 33.911947400500289 ], [ -84.438346663162719, 33.911838802425265 ], [ -84.437265362487253, 33.911730194228035 ], [ -84.436184064820509, 33.911621575908647 ], [ -84.435102770162757, 33.91151294746718 ], [ -84.434021478514254, 33.911404308903663 ], [ -84.434153728620842, 33.910516037247014 ], [ -84.435235008150528, 33.910624674699278 ], [ -84.436316290689362, 33.910733302029556 ], [ -84.437397576237089, 33.910841919237811 ], [ -84.438478864793424, 33.91095052632398 ], [ -84.439560156358127, 33.91105912328814 ], [ -84.439692342861505, 33.910170844904755 ], [ -84.439824526356915, 33.909282565349919 ], [ -84.440905796691837, 33.909391149970403 ], [ -84.440773625315217, 33.910279430635953 ] ] ] } },
{ "type": "Feature", "properties": { "id": "13_10", "growth_scenario": "high", "market_gravity_weight": 75 }, "geometry": { "type": "Polygon", "coordinates": [ [ [ -83.708407946084108, 33.605066686426149 ], [ -83.708267989836244, 33.605954463714781 ], [ -83.708128030418962, 33.606842239752488 ], [ -83.707051980611354, 33.606726762596551 ], [ -83.705975933973548, 33.606611275370199 ], [ -83.704899890505772, 33.606495778073381 ], [ -83.703823850208323, 33.606380270706282 ], [ -83.703963857535797, 33.605492499336876 ], [ -83.704103861692801, 33.604604726716353 ], [ -83.705179878035736, 33.604720231749099 ], [ -83.705319867045517, 33.60383245671013 ], [ -83.706395874581588, 33.603947950505685 ], [ -83.707471885287376, 33.604063434231108 ], [ -83.707331920231653, 33.604951211604039 ], [ -83.708407946084108, 33.605066686426149 ] ] ] } },
{ "type": "Feature", "properties": { "id": "13_11", "growth_scenario": "high", "market_gravity_weight": 75 }, "geometry": { "type": "Polygon", "coordinates": [ [ [ -84.572212311260685, 33.904471950482879 ], [ -84.573293698035116, 33.904579298230097 ], [ -84.574375087783011, 33.904686635852791 ], [ -84.574244443017136, 33.905575073546188 ], [ -84.575325847864065, 33.905682402142219 ], [ -84.575195212251003, 33.906570839764328 ], [ -84.574113795277967, 33.906463510070353 ], [ -84.573032381278338, 33.906356170251648 ], [ -84.572901718439496, 33.907244604508676 ], [ -84.571820295287367, 33.907137253467127 ], [ -84.571950970252388, 33.906248820308285 ], [ -84.570869562200357, 33.906141460240214 ], [ -84.569788157122559, 33.906034090047513 ], [ -84.569918853365138, 33.905145657916037 ], [ -84.57100024631724, 33.905253027010389 ], [ -84.571130927460004, 33.904364592611216 ], [ -84.571261605628763, 33.903476157042483 ], [ -84.572342977304189, 33.903583513816066 ], [ -84.572212311260685, 33.904471950482879 ] ] ] } },
{ "type": "Feature", "properties": { "id": "13_12", "growth_scenario": "high", "market_gravity_weight": 75 }, "geometry": { "type": "Polygon", "coordinates": [ [ [ -84.488088816220539, 33.813145373830942 ], [ -84.487957343776912, 33.814033819937485 ], [ -84.487825868344984, 33.81492226485404 ], [ -84.487694389924641, 33.815810708580813 ], [ -84.488774433680007, 33.815918858947114 ], [ -84.488642964364004, 33.816807302586845 ], [ -84.487562908515784, 33.816699151118023 ], [ -84.486482855656206, 33.816590989536586 ], [ -84.486351359165738, 33.817479429781692 ], [ -84.485271297202118, 33.81737125698497 ], [ -84.485402805785498, 33.816482817842648 ], [ -84.485534311379737, 33.815594377510884 ], [ -84.485665813984923, 33.814705935989359 ], [ -84.486745839670618, 33.814814105477886 ], [ -84.486877327194776, 33.813925661663873 ], [ -84.485797313601168, 33.813817493277995 ], [ -84.485928810228586, 33.812929049376613 ], [ -84.48700881173032, 33.813037216659815 ], [ -84.48714029327742, 33.812148770465626 ], [ -84.488220285675965, 33.812256926534239 ], [ -84.488088816220539, 33.813145373830942 ] ] ] } },
{ "type": "Feature", "properties": { "id": "13_13", "growth_scenario": "high", "market_gravity_weight": 75 }, "geometry": { "type": "Polygon", "coordinates": [ [ [ -84.51297952906522, 34.082456931150823 ], [ -84.512847885920664, 34.08334509854442 ], [ -84.513931674107951, 34.083452976701807 ], [ -84.514063305075126, 34.082564808197532 ], [ -84.515147084087275, 34.082672675100874 ], [ -84.51501546529758, 34.083560844715649 ], [ -84.5148838435058, 34.084449013196433 ], [ -84.513800040138406, 34.084341144071963 ], [ -84.512716239773482, 34.08423326480392 ], [ -84.512584590623575, 34.085121429929416 ], [ -84.51245293847083, 34.086009593921162 ], [ -84.511369116752718, 34.085901702287835 ], [ -84.511500781083541, 34.085013539406965 ], [ -84.511632442411283, 34.084125375392318 ], [ -84.511764100736002, 34.08323721024361 ], [ -84.511895756057825, 34.082349043960804 ], [ -84.512027408376866, 34.081460876543588 ], [ -84.510943650549194, 34.081352980321014 ], [ -84.511075312042166, 34.080464812880045 ], [ -84.512159057693211, 34.08057270799187 ], [ -84.513242806346852, 34.08068059296054 ], [ -84.513111169207235, 34.081568762622943 ], [ -84.51297952906522, 34.082456931150823 ] ] ] } },
{ "type": "Feature", "properties": { "id": "13_14", "growth_scenario": "high", "market_gravity_weight": 75 }, "geometry": { "type": "Polygon", "coordinates": [ [ [ -83.712292346668221, 33.608191827125083 ], [ -83.713368424299375, 33.608307255094815 ], [ -83.713228518435699, 33.609195034464939 ], [ -83.714304611214033, 33.609310453530341 ], [ -83.714164714161058, 33.610198232816849 ], [ -83.714024813939815, 33.611086010853448 ], [ -83.712948697202933, 33.610970589454986 ], [ -83.711872583634701, 33.610855157985448 ], [ -83.710796473235376, 33.610739716444918 ], [ -83.709720366005229, 33.610624264833369 ], [ -83.709860314143441, 33.609736491463615 ], [ -83.710936409394506, 33.609851941908289 ], [ -83.711076342384558, 33.608964166121595 ], [ -83.711216272205675, 33.60807638908468 ], [ -83.711356198857928, 33.607188610797351 ], [ -83.712432261342073, 33.60730404767115 ], [ -83.712292346668221, 33.608191827125083 ] ] ] } },
{ "type": "Feature", "properties": { "id": "13_15", "growth_scenario": "high", "market_gravity_weight": 75 }, "geometry": { "type": "Polygon", "coordinates": [ [ [ -84.552496300926435, 33.792530251539617 ], [ -84.553576112511607, 33.792637799369842 ], [ -84.553445418622388, 33.793526343859824 ], [ -84.552365594947517, 33.793418794933991 ], [ -84.551285774242984, 33.793311235896766 ], [ -84.551155053203843, 33.794199777002767 ], [ -84.551024329193979, 33.795088316916306 ], [ -84.549944487280271, 33.794980745575984 ], [ -84.548864648337613, 33.794873164124098 ], [ -84.548995396527459, 33.793984626402398 ], [ -84.547915572645991, 33.793877035935068 ], [ -84.548046329954147, 33.792988498116735 ], [ -84.549126141746044, 33.793096087488124 ], [ -84.549256883993479, 33.792207547380968 ], [ -84.550336686667094, 33.792315125545102 ], [ -84.551416492311517, 33.792422693598041 ], [ -84.551547207409527, 33.791534150106393 ], [ -84.5526270039351, 33.791641706952362 ], [ -84.552496300926435, 33.792530251539617 ] ] ] } },
{ "type": "Feature", "properties": { "id": "13_16", "growth_scenario": "high", "market_gravity_weight": 75 }, "geometry": { "type": "Polygon", "coordinates": [ [ [ -84.466594309441504, 33.839842766502308 ], [ -84.465513965776339, 33.839734412188072 ], [ -84.464433625107162, 33.839626047759118 ], [ -84.464301839194306, 33.840514435988425 ], [ -84.464170050285077, 33.841402823032688 ], [ -84.463089688414584, 33.841294446277551 ], [ -84.463221489422722, 33.840406060339149 ], [ -84.462141142647781, 33.840297674575126 ], [ -84.462272952757843, 33.839409288557448 ], [ -84.46240475987112, 33.838520901354407 ], [ -84.463485082449239, 33.838629284906709 ], [ -84.463616874467803, 33.837740895412381 ], [ -84.464697187944225, 33.83784926774451 ], [ -84.465777504416693, 33.837957629962254 ], [ -84.466857823884965, 33.838065982065501 ], [ -84.466726068161037, 33.838954374876572 ], [ -84.466594309441504, 33.839842766502308 ] ] ] } },
{ "type": "Feature", "properties": { "id": "13_17", "growth_scenario": "high", "market_gravity_weight": 75 }, "geometry": { "type": "Polygon", "coordinates": [ [ [ -84.893979671305175, 32.503709882340225 ], [ -84.893854900771387, 32.504600511587931 ], [ -84.893730127446872, 32.505491139391232 ], [ -84.893605351331544, 32.506381765750234 ], [ -84.893480572425304, 32.507272390665207 ], [ -84.893355790728052, 32.508163014136265 ], [ -84.893231006239702, 32.509053636163564 ], [ -84.892168163994555, 32.508949065495379 ], [ -84.891105324540831, 32.508844484848538 ], [ -84.891230132474533, 32.50795386485354 ], [ -84.89135493761664, 32.507063243414741 ], [ -84.892417753625352, 32.507167822029217 ], [ -84.892542544253814, 32.506277198130284 ], [ -84.892667332091108, 32.505386572787238 ], [ -84.892792117137319, 32.504495945999871 ], [ -84.892916899392574, 32.503605317768063 ], [ -84.893041678856932, 32.502714688091551 ], [ -84.894104439048334, 32.502819251647878 ], [ -84.895167202030279, 32.502923805226175 ], [ -84.895042446008418, 32.503814436934306 ], [ -84.893979671305175, 32.503709882340225 ] ] ] } },
{ "type": "Feature", "properties": { "id": "13_18", "growth_scenario": "high", "market_gravity_weight": 75 }, "geometry": { "type": "Polygon", "coordinates": [ [ [ -84.551297693587458, 33.681510273505729 ], [ -84.552375972810609, 33.681617848525839 ], [ -84.552245450574731, 33.682506523621839 ], [ -84.551167159296199, 33.682398947510357 ], [ -84.551036622042716, 33.683287620299673 ], [ -84.549958321670871, 33.683180032997775 ], [ -84.548880024261635, 33.683072435596891 ], [ -84.547801729815262, 33.682964828097013 ], [ -84.547932303235086, 33.682076158582525 ], [ -84.546854023807086, 33.681968542075502 ], [ -84.546984606318858, 33.681079872437259 ], [ -84.548062873691876, 33.681187487852476 ], [ -84.548193441185745, 33.680298815906781 ], [ -84.549271699466871, 33.680406420131732 ], [ -84.550349960710577, 33.680514014257966 ], [ -84.550219417326446, 33.681402688386747 ], [ -84.551297693587458, 33.681510273505729 ] ] ] } },
{ "type": "Feature", "properties": { "id": "13_19", "growth_scenario": "high", "market_gravity_weight": 75 }, "geometry": { "type": "Polygon", "coordinates": [ [ [ -84.607757099685401, 33.93143006079282 ], [ -84.608838908783994, 33.93153707250827 ], [ -84.609920720849033, 33.931644074095388 ], [ -84.609790435588877, 33.932532520952925 ], [ -84.609660147362419, 33.933420966647553 ], [ -84.609529856169587, 33.934309411179541 ], [ -84.608448007694747, 33.934202406305296 ], [ -84.607366162186651, 33.934095391302371 ], [ -84.607496477653115, 33.933206948962024 ], [ -84.606414647248698, 33.933099924926452 ], [ -84.606544971884674, 33.9322114825192 ], [ -84.605463156583738, 33.93210444945116 ], [ -84.605593490388642, 33.931216006976911 ], [ -84.606675293553536, 33.931323038948968 ], [ -84.606805612255414, 33.930434594215534 ], [ -84.607887406251436, 33.930541614963552 ], [ -84.607757099685401, 33.93143006079282 ] ] ] } },
{ "type": "Feature", "properties": { "id": "13_2", "growth_scenario": "high", "market_gravity_weight": 75 }, "geometry": { "type": "Polygon", "coordinates": [ [ [ -84.888790666001782, 32.502296334086935 ], [ -84.888665839653555, 32.503186959699121 ], [ -84.888541010513407, 32.504077583866433 ], [ -84.888416178581281, 32.50496820658914 ], [ -84.887353397183404, 32.504863590094253 ], [ -84.887228550737689, 32.50575421035601 ], [ -84.886165760410762, 32.505649582866475 ], [ -84.885102972876538, 32.505544945398889 ], [ -84.885227842764976, 32.504654327170286 ], [ -84.884165069744924, 32.50454968074127 ], [ -84.884289948561474, 32.503659062084743 ], [ -84.88535270986057, 32.503763707497107 ], [ -84.886415473952425, 32.503868342931497 ], [ -84.886540326534458, 32.50297772079697 ], [ -84.887603081697918, 32.503082345236983 ], [ -84.887727919766874, 32.502191720641136 ], [ -84.887852755043795, 32.501301094600265 ], [ -84.888915489558201, 32.501405707029804 ], [ -84.888790666001782, 32.502296334086935 ] ] ] } },
{ "type": "Feature", "properties": { "id": "13_20", "growth_scenario": "high", "market_gravity_weight": 75 }, "geometry": { "type": "Polygon", "coordinates": [ [ [ -84.558409699365768, 33.759760813188002 ], [ -84.558279115298774, 33.760649401930891 ], [ -84.55814852826542, 33.761537989474618 ], [ -84.557069139652157, 33.761430479959309 ], [ -84.556938537571966, 33.762319065210008 ], [ -84.55585913984514, 33.762211544492729 ], [ -84.555989754005623, 33.761322960336024 ], [ -84.554910371326059, 33.761215430604892 ], [ -84.55504099459948, 33.760326846343098 ], [ -84.553961626967009, 33.760219307598248 ], [ -84.554092259352785, 33.759330723231201 ], [ -84.555171614905717, 33.759438260881957 ], [ -84.555302232244927, 33.75854967422125 ], [ -84.556381578685517, 33.758657200670328 ], [ -84.557460928092809, 33.758764717011829 ], [ -84.557330334912479, 33.759653305860361 ], [ -84.558409699365768, 33.759760813188002 ] ] ] } },
{ "type": "Feature", "properties": { "id": "13_21", "growth_scenario": "high", "market_gravity_weight": 75 }, "geometry": { "type": "Polygon", "coordinates": [ [ [ -84.551558753283658, 33.679732921849606 ], [ -84.552637008396843, 33.679840494687163 ], [ -84.552506492084618, 33.680729172214363 ], [ -84.553584762214413, 33.680836736044391 ], [ -84.553454254995629, 33.681725413447097 ], [ -84.554532540142262, 33.68183296826939 ], [ -84.554402042017458, 33.682721645547822 ], [ -84.553323744815245, 33.682614089634335 ], [ -84.553193231673148, 33.683502764606338 ], [ -84.55306271556924, 33.684391438363221 ], [ -84.551984397216984, 33.684283870168095 ], [ -84.552114925376898, 33.683395197502534 ], [ -84.552245450574731, 33.682506523621839 ], [ -84.552375972810609, 33.681617848525839 ], [ -84.551297693587458, 33.681510273505729 ], [ -84.551428224916577, 33.680621598285526 ], [ -84.550349960710577, 33.680514014257966 ], [ -84.549271699466871, 33.680406420131732 ], [ -84.549402251943363, 33.679517745878613 ], [ -84.550480501132398, 33.679625338913418 ], [ -84.550611038592038, 33.678736662352911 ], [ -84.551689278688812, 33.678844244197848 ], [ -84.551558753283658, 33.679732921849606 ] ] ] } },
{ "type": "Feature", "properties": { "id": "13_22", "growth_scenario": "high", "market_gravity_weight": 75 }, "geometry": { "type": "Polygon", "coordinates": [ [ [ -84.56337982109595, 33.75574775784186 ], [ -84.563249300174306, 33.756636356957038 ], [ -84.562169972175937, 33.756528894434105 ], [ -84.562039436210313, 33.757417491256113 ], [ -84.560960099097912, 33.757310017532298 ], [ -84.560829548087796, 33.758198612061108 ], [ -84.559750201861547, 33.758091127136218 ], [ -84.559880764950933, 33.757202533700955 ], [ -84.558801433769645, 33.757095039762049 ], [ -84.558932005972224, 33.756206446220361 ], [ -84.559062575208941, 33.755317851478573 ], [ -84.560141882232728, 33.755425343230471 ], [ -84.56027243642535, 33.75453674619493 ], [ -84.561351734336171, 33.754644226746066 ], [ -84.5624310352121, 33.754751697190038 ], [ -84.562300505176495, 33.755640296412139 ], [ -84.56337982109595, 33.75574775784186 ] ] ] } },
{ "type": "Feature", "properties": { "id": "13_23", "growth_scenario": "high", "market_gravity_weight": 75 }, "geometry": { "type": "Polygon", "coordinates": [ [ [ -84.623405718332151, 33.854558508186955 ], [ -84.623275714979329, 33.855447059083232 ], [ -84.62435649319373, 33.855553936257898 ], [ -84.624226498997515, 33.856442487067127 ], [ -84.625307292282358, 33.856549355212969 ], [ -84.625177307243291, 33.857437905935384 ], [ -84.624096501844477, 33.857331036698255 ], [ -84.623015699402586, 33.857224157340838 ], [ -84.623145708669497, 33.856335608801125 ], [ -84.622064921298573, 33.856228720414911 ], [ -84.621934899917889, 33.857117267863124 ], [ -84.620854103390656, 33.857010368265215 ], [ -84.620984136885014, 33.856121821908573 ], [ -84.619903355429074, 33.85601491328211 ], [ -84.620033398079102, 33.855126366838853 ], [ -84.621114167421752, 33.855233274373681 ], [ -84.621244195000955, 33.85434472566034 ], [ -84.622324955187963, 33.85445162198365 ], [ -84.622454967696882, 33.853563071000202 ], [ -84.623535718728093, 33.853669956112178 ], [ -84.623405718332151, 33.854558508186955 ] ] ] } },
{ "type": "Feature", "properties": { "id": "13_24", "growth_scenario": "high", "market_gravity_weight": 75 }, "geometry": { "type": "Polygon", "coordinates": [ [ [ -84.640579720357167, 33.767013119200129 ], [ -84.641659300345495, 33.767119847033499 ], [ -84.641529649674126, 33.768008520905184 ], [ -84.642609244695478, 33.768115239714241 ], [ -84.643688842662314, 33.768221948412616 ], [ -84.643559213220655, 33.76911062326085 ], [ -84.642479603166066, 33.769003913476325 ], [ -84.641399996057018, 33.768897193581012 ], [ -84.640320391893837, 33.768790463574994 ], [ -84.639240790676766, 33.768683723458267 ], [ -84.638161192406045, 33.768576973230893 ], [ -84.638031499579895, 33.769465641451653 ], [ -84.636951892168298, 33.769358880026985 ], [ -84.637081597081973, 33.768470212892929 ], [ -84.637211299048772, 33.767581544563058 ], [ -84.63829088228556, 33.767688303814381 ], [ -84.639370468468897, 33.767795052955236 ], [ -84.639500143314763, 33.766906381256256 ], [ -84.639629815214462, 33.766017708361176 ], [ -84.640709380169923, 33.766124445218693 ], [ -84.640579720357167, 33.767013119200129 ] ] ] } },
{ "type": "Feature", "properties": { "id": "13_25", "growth_scenario": "high", "market_gravity_weight": 75 }, "geometry": { "type": "Polygon", "coordinates": [ [ [ -84.383161436364659, 33.99463672516216 ], [ -84.383028462796673, 33.995524842607068 ], [ -84.382895486199629, 33.996412958896791 ], [ -84.382762506573428, 33.997301074031441 ], [ -84.38262952391797, 33.998189188011196 ], [ -84.382496538233141, 33.999077300836291 ], [ -84.381414105804382, 33.998968182820946 ], [ -84.381547103631902, 33.998080071115623 ], [ -84.380464686375461, 33.997970944089374 ], [ -84.379382272148931, 33.997861806932541 ], [ -84.379515291231385, 33.996973696312189 ], [ -84.379648307283773, 33.996085584536779 ], [ -84.380730697226127, 33.996194719453825 ], [ -84.381813090198165, 33.996303844240551 ], [ -84.381946078937105, 33.995415729070452 ], [ -84.382079064646732, 33.994527612745046 ], [ -84.38221204732713, 33.993639495264233 ], [ -84.383294406903687, 33.99374860656183 ], [ -84.383161436364659, 33.99463672516216 ] ] ] } },
{ "type": "Feature", "properties": { "id": "13_26", "growth_scenario": "high", "market_gravity_weight": 75 }, "geometry": { "type": "Polygon", "coordinates": [ [ [ -84.897482403129729, 32.509471819049566 ], [ -84.897357662743062, 32.510362443697034 ], [ -84.897232919566136, 32.511253066901233 ], [ -84.896170042710779, 32.511148534116245 ], [ -84.895107168646007, 32.511043991352217 ], [ -84.894982399231097, 32.511934611081607 ], [ -84.89391951623351, 32.511830057322641 ], [ -84.894044297372133, 32.510939438609363 ], [ -84.894169075719617, 32.510048818452923 ], [ -84.89310621896017, 32.509944256747289 ], [ -84.893231006239702, 32.509053636163564 ], [ -84.894293851276061, 32.509158196853093 ], [ -84.894418624041577, 32.508267573809817 ], [ -84.895481460145959, 32.508372123504728 ], [ -84.896544299040926, 32.508476663221074 ], [ -84.89641954972133, 32.509367288296133 ], [ -84.897482403129729, 32.509471819049566 ] ] ] } },
{ "type": "Feature", "properties": { "id": "13_27", "growth_scenario": "high", "market_gravity_weight": 75 }, "geometry": { "type": "Polygon", "coordinates": [ [ [ -84.574636368395232, 33.902909756957648 ], [ -84.574505729575662, 33.903798196990039 ], [ -84.575587110171199, 33.903905523390414 ], [ -84.576668493739561, 33.904012839666251 ], [ -84.576537876198131, 33.904901280724594 ], [ -84.575456480504101, 33.90479396335099 ], [ -84.575325847864065, 33.905682402142219 ], [ -84.574244443017136, 33.905575073546188 ], [ -84.574375087783011, 33.904686635852791 ], [ -84.573293698035116, 33.904579298230097 ], [ -84.572212311260685, 33.904471950482879 ], [ -84.572342977304189, 33.903583513816066 ], [ -84.571261605628763, 33.903476157042483 ], [ -84.571392280823616, 33.902587720304069 ], [ -84.572473640374042, 33.902695075979537 ], [ -84.573555002898004, 33.902802421530758 ], [ -84.573685650869493, 33.901913981426446 ], [ -84.574767004241792, 33.902021315755597 ], [ -84.575848360586988, 33.902128639960402 ], [ -84.575717736865457, 33.903017082260256 ], [ -84.574636368395232, 33.902909756957648 ] ] ] } },
{ "type": "Feature", "properties": { "id": "13_28", "growth_scenario": "high", "market_gravity_weight": 75 }, "geometry": { "type": "Polygon", "coordinates": [ [ [ -84.38127302666976, 34.102621910000657 ], [ -84.382356899854429, 34.102731015114458 ], [ -84.382223732508521, 34.103619010956372 ], [ -84.38330762090618, 34.103728107051396 ], [ -84.383174462698292, 34.104616102884165 ], [ -84.383041301452892, 34.105504097584188 ], [ -84.381957388703583, 34.105394999241312 ], [ -84.380873478992171, 34.105285890755617 ], [ -84.380740290356812, 34.106173882074891 ], [ -84.379656371507522, 34.106064762322106 ], [ -84.379789572318899, 34.105176772126988 ], [ -84.379922770091866, 34.104288780799124 ], [ -84.380055964826511, 34.103400788338256 ], [ -84.380189156522931, 34.102512794744293 ], [ -84.38032234518127, 34.101624800017106 ], [ -84.381406203153148, 34.101733914149413 ], [ -84.38127302666976, 34.102621910000657 ] ] ] } },
{ "type": "Feature", "properties": { "id": "13_29", "growth_scenario": "high", "market_gravity_weight": 75 }, "geometry": { "type": "Polygon", "coordinates": [ [ [ -84.614362086497835, 33.684177969389879 ], [ -84.615440488828469, 33.684284954271796 ], [ -84.615310677761357, 33.685173697353093 ], [ -84.615180863748094, 33.686062439221075 ], [ -84.614102437296935, 33.68595545216796 ], [ -84.613972608276725, 33.686844191737144 ], [ -84.612894172711563, 33.686737193497493 ], [ -84.611815740093277, 33.686630185157007 ], [ -84.611945593234481, 33.685741447759447 ], [ -84.610867175623724, 33.685634430404079 ], [ -84.610997037877951, 33.684745692879147 ], [ -84.612075443428623, 33.684852709148615 ], [ -84.612205290675803, 33.683963969324267 ], [ -84.613283687113523, 33.684070974407312 ], [ -84.613413519354168, 33.683182232283663 ], [ -84.614491906678722, 33.683289226180541 ], [ -84.614362086497835, 33.684177969389879 ] ] ] } },
{ "type": "Feature", "properties": { "id": "13_3", "growth_scenario": "high", "market_gravity_weight": 75 }, "geometry": { "type": "Polygon", "coordinates": [ [ [ -84.357712108106227, 33.805424183817031 ], [ -84.358791827580788, 33.805533550756017 ], [ -84.358658898788462, 33.806421857812005 ], [ -84.358525966975535, 33.807310163673478 ], [ -84.35839303214189, 33.808198468340606 ], [ -84.357313276422289, 33.808089098058502 ], [ -84.356233523723787, 33.807979717667799 ], [ -84.356100561704991, 33.808868018911731 ], [ -84.355020799945834, 33.808758627297813 ], [ -84.355153774046627, 33.807870327168608 ], [ -84.355286745125809, 33.806982025845073 ], [ -84.35541971318348, 33.806093723327038 ], [ -84.356499438697426, 33.806203111597043 ], [ -84.356632391652468, 33.805314806769807 ], [ -84.356765341586467, 33.804426500747773 ], [ -84.357845045959195, 33.804535876680632 ], [ -84.357712108106227, 33.805424183817031 ] ] ] } },
{ "type": "Feature", "properties": { "id": "13_30", "growth_scenario": "high", "market_gravity_weight": 75 }, "geometry": { "type": "Polygon", "coordinates": [ [ [ -84.177152264330289, 34.091806557748868 ], [ -84.177016775876666, 34.092694328009159 ], [ -84.176881284333689, 34.093582097129271 ], [ -84.175797828944766, 34.093471071033463 ], [ -84.174714376645554, 34.093360034801087 ], [ -84.173630927436363, 34.09324898843213 ], [ -84.173766455455834, 34.092361222741246 ], [ -84.173901980385153, 34.091473455910069 ], [ -84.174985405277155, 34.091584499992749 ], [ -84.1751209149582, 34.090696730877987 ], [ -84.175256421549577, 34.089808960622634 ], [ -84.176339825215052, 34.089919992282972 ], [ -84.17742323196984, 34.090031013807142 ], [ -84.177287749694642, 34.090918786348269 ], [ -84.177152264330289, 34.091806557748868 ] ] ] } },
{ "type": "Feature", "properties": { "id": "13_31", "growth_scenario": "high", "market_gravity_weight": 75 }, "geometry": { "type": "Polygon", "coordinates": [ [ [ -84.031512227416542, 33.909027486391238 ], [ -84.032592916371257, 33.909139886555465 ], [ -84.032456100901598, 33.910027692791928 ], [ -84.031375399854468, 33.909915291478619 ], [ -84.031238569180402, 33.91080309538485 ], [ -84.030157859152681, 33.910690682809957 ], [ -84.029077152237306, 33.910578260122776 ], [ -84.027996448434564, 33.910465827323208 ], [ -84.02691574774471, 33.910353384411408 ], [ -84.025835050168013, 33.910240931387385 ], [ -84.024754355704758, 33.91012846825118 ], [ -84.024891258932726, 33.909240671242067 ], [ -84.025971941303936, 33.909353133228507 ], [ -84.027052626788461, 33.909465585102879 ], [ -84.028133315386057, 33.909578026865105 ], [ -84.029214007096428, 33.909690458515151 ], [ -84.029350858843017, 33.908802655726348 ], [ -84.030431541573705, 33.908915076114859 ], [ -84.030568378115959, 33.908027270995284 ], [ -84.031649051866736, 33.908139680122524 ], [ -84.031512227416542, 33.909027486391238 ] ] ] } },
{ "type": "Feature", "properties": { "id": "13_32", "growth_scenario": "high", "market_gravity_weight": 75 }, "geometry": { "type": "Polygon", "coordinates": [ [ [ -84.385075996133807, 34.106610259656101 ], [ -84.384942853166365, 34.107498254338836 ], [ -84.383858909988973, 34.107389174034253 ], [ -84.383725751807305, 34.108277166460887 ], [ -84.382641799490585, 34.108168074889171 ], [ -84.381557850211806, 34.108058973174224 ], [ -84.381691032747113, 34.107170982995633 ], [ -84.380607098683186, 34.107061872261681 ], [ -84.379523167657609, 34.106952751384682 ], [ -84.379656371507522, 34.106064762322106 ], [ -84.380740290356812, 34.106173882074891 ], [ -84.380873478992171, 34.105285890755617 ], [ -84.381957388703583, 34.105394999241312 ], [ -84.383041301452892, 34.105504097584188 ], [ -84.384125217239799, 34.105613185784129 ], [ -84.383992065133114, 34.106501180475384 ], [ -84.385075996133807, 34.106610259656101 ] ] ] } },
{ "type": "Feature", "properties": { "id": "13_33", "growth_scenario": "high", "market_gravity_weight": 75 }, "geometry": { "type": "Polygon", "coordinates": [ [ [ -84.329654853290833, 34.167725256907758 ], [ -84.330739561024473, 34.167834835515734 ], [ -84.330605693041122, 34.168722700599766 ], [ -84.329520973115109, 34.168613120860378 ], [ -84.328436256245382, 34.168503530972096 ], [ -84.327351542432197, 34.168393930934926 ], [ -84.327485446992398, 34.167506069245505 ], [ -84.326400748428114, 34.167396460191284 ], [ -84.326534662123407, 34.16650859851238 ], [ -84.325449978807811, 34.166398980441315 ], [ -84.325583901637657, 34.165511118772748 ], [ -84.326668572761818, 34.165620735712089 ], [ -84.327753246942763, 34.165730342502997 ], [ -84.32883792418022, 34.165839939145343 ], [ -84.329922604473907, 34.165949525639142 ], [ -84.329788730410414, 34.166837391834058 ], [ -84.329654853290833, 34.167725256907758 ] ] ] } },
{ "type": "Feature", "properties": { "id": "13_34", "growth_scenario": "high", "market_gravity_weight": 75 }, "geometry": { "type": "Polygon", "coordinates": [ [ [ -84.585841721702948, 33.90131719434855 ], [ -84.585711213051582, 33.902205648862633 ], [ -84.584629842088006, 33.902098416874445 ], [ -84.583548474094812, 33.90199117476179 ], [ -84.583417938222084, 33.902879625912554 ], [ -84.582336561074086, 33.902772372578433 ], [ -84.582467109072297, 33.901883922524604 ], [ -84.581385747020676, 33.901776660163051 ], [ -84.580304387940274, 33.901669387677181 ], [ -84.579223031831305, 33.901562105066922 ], [ -84.579353613233579, 33.900673657134796 ], [ -84.580434957217648, 33.900780938647785 ], [ -84.58151630417305, 33.900888210036562 ], [ -84.581646858354347, 33.89999975874003 ], [ -84.582728196156012, 33.900107018907462 ], [ -84.583809536928413, 33.900214268950762 ], [ -84.584890880671253, 33.900321508869787 ], [ -84.58476036286477, 33.901209963457042 ], [ -84.585841721702948, 33.90131719434855 ] ] ] } },
{ "type": "Feature", "properties": { "id": "13_35", "growth_scenario": "high", "market_gravity_weight": 75 }, "geometry": { "type": "Polygon", "coordinates": [ [ [ -84.397000340054305, 33.960871427598263 ], [ -84.398082265672429, 33.960980405250531 ], [ -84.39794951934249, 33.961868577944017 ], [ -84.399031460115353, 33.961977546586155 ], [ -84.398898722895254, 33.962865719234642 ], [ -84.397816769989916, 33.962756749475702 ], [ -84.397684017614608, 33.963644919845791 ], [ -84.396602055599359, 33.963535938842945 ], [ -84.395520096607214, 33.963426947713081 ], [ -84.395652873247698, 33.96253877957691 ], [ -84.394570929411373, 33.962429779437038 ], [ -84.394703715160759, 33.961541611256237 ], [ -84.394836497886715, 33.960653441913458 ], [ -84.395918417458986, 33.96076243981927 ], [ -84.396051185029975, 33.959874268197424 ], [ -84.397133095493558, 33.959983254859623 ], [ -84.397000340054305, 33.960871427598263 ] ] ] } },
{ "type": "Feature", "properties": { "id": "13_36", "growth_scenario": "high", "market_gravity_weight": 75 }, "geometry": { "type": "Polygon", "coordinates": [ [ [ -84.34481170644753, 33.701305641195972 ], [ -84.344678795989793, 33.702194055621639 ], [ -84.344545882515945, 33.703082468831191 ], [ -84.344412966025871, 33.703970880824798 ], [ -84.344280046519458, 33.704859291602652 ], [ -84.344147123996635, 33.705747701164952 ], [ -84.343068801156321, 33.70563818277801 ], [ -84.343201735728599, 33.704749774327453 ], [ -84.342123427954434, 33.704640246955591 ], [ -84.342256371559074, 33.703751838401118 ], [ -84.343334667284168, 33.703861364661236 ], [ -84.343467595823171, 33.702972953779245 ], [ -84.342389312146878, 33.70286342863087 ], [ -84.341311031487351, 33.702753893386088 ], [ -84.341443981106835, 33.701865483511511 ], [ -84.342522249717931, 33.7019750176445 ], [ -84.342655184272331, 33.701086605441994 ], [ -84.343733443851789, 33.701196128367094 ], [ -84.343866363341618, 33.700307713836615 ], [ -84.34494461388924, 33.700417225553963 ], [ -84.34481170644753, 33.701305641195972 ] ] ] } },
{ "type": "Feature", "properties": { "id": "13_4", "growth_scenario": "high", "market_gravity_weight": 75 }, "geometry": { "type": "Polygon", "coordinates": [ [ [ -83.706212085672078, 33.612053385560579 ], [ -83.706072092086302, 33.612941151679472 ], [ -83.704995961597945, 33.612825656282446 ], [ -83.704855952861934, 33.613713419984315 ], [ -83.703779813564779, 33.613597913348734 ], [ -83.702703677438791, 33.613482396642013 ], [ -83.702843710133891, 33.6125946352753 ], [ -83.70298373965764, 33.611706872658822 ], [ -83.70190763066158, 33.611591348216422 ], [ -83.702047668992975, 33.610703585517676 ], [ -83.703123766010179, 33.610819108792498 ], [ -83.704199866198493, 33.610934621996471 ], [ -83.705275969557661, 33.611050125129665 ], [ -83.706352076087413, 33.611165618191933 ], [ -83.707428185787506, 33.611281101183344 ], [ -83.707288207351439, 33.612168869719213 ], [ -83.706212085672078, 33.612053385560579 ] ] ] } },
{ "type": "Feature", "properties": { "id": "13_5", "growth_scenario": "high", "market_gravity_weight": 75 }, "geometry": { "type": "Polygon", "coordinates": [ [ [ -83.710516591409501, 33.61251526176865 ], [ -83.710376645742542, 33.613403032556114 ], [ -83.709300502573598, 33.6132875774437 ], [ -83.709160541757015, 33.614175345814736 ], [ -83.708084389777795, 33.614059879463994 ], [ -83.707008240968705, 33.613944403042019 ], [ -83.7071482257452, 33.613056637005386 ], [ -83.706072092086302, 33.612941151679472 ], [ -83.706212085672078, 33.612053385560579 ], [ -83.707288207351439, 33.612168869719213 ], [ -83.707428185787506, 33.611281101183344 ], [ -83.708504298657644, 33.611396574103779 ], [ -83.709580414697598, 33.611512036953208 ], [ -83.71065653390707, 33.611627489731653 ], [ -83.711732656285847, 33.611742932438936 ], [ -83.711592725767986, 33.612630705642829 ], [ -83.710516591409501, 33.61251526176865 ] ] ] } },
{ "type": "Feature", "properties": { "id": "13_6", "growth_scenario": "high", "market_gravity_weight": 75 }, "geometry": { "type": "Polygon", "coordinates": [ [ [ -84.4508923999133, 33.827447318305055 ], [ -84.450760480621767, 33.828335705287792 ], [ -84.451840646266092, 33.828444199143831 ], [ -84.452920814909021, 33.828552682886809 ], [ -84.454000986550284, 33.828661156516631 ], [ -84.453869100543344, 33.829549545630726 ], [ -84.452788916807478, 33.829441070894553 ], [ -84.452657015707516, 33.830329457714676 ], [ -84.451576822875339, 33.83022097175887 ], [ -84.451444906681786, 33.831109356285026 ], [ -84.450364704753483, 33.831000859109345 ], [ -84.450496633041951, 33.830112475689781 ], [ -84.450628558331346, 33.829224091082622 ], [ -84.449548383591591, 33.829115586006985 ], [ -84.449680317976302, 33.828227201318747 ], [ -84.449812249361884, 33.827338815442587 ], [ -84.449944177748421, 33.826450428378273 ], [ -84.451024316206102, 33.826558930134262 ], [ -84.452104457662429, 33.826667421777401 ], [ -84.451972553463506, 33.827555811054609 ], [ -84.4508923999133, 33.827447318305055 ] ] ] } },
{ "type": "Feature", "properties": { "id": "13_7", "growth_scenario": "high", "market_gravity_weight": 75 }, "geometry": { "type": "Polygon", "coordinates": [ [ [ -84.418262199081994, 34.017100323321124 ], [ -84.41934493478152, 34.017209094470687 ], [ -84.419212334951851, 34.018097227968276 ], [ -84.418129587101348, 34.017988455701655 ], [ -84.417046842272669, 34.017879673301302 ], [ -84.416914215119078, 34.01876780341486 ], [ -84.416781584943294, 34.019655932378804 ], [ -84.415698818834372, 34.019547137610097 ], [ -84.414616055748027, 34.01943833270753 ], [ -84.414483398246915, 34.02032645828713 ], [ -84.413400626032043, 34.020217642133112 ], [ -84.412317856840374, 34.020108815845205 ], [ -84.412450538644109, 34.019220692500816 ], [ -84.413533295684516, 34.019329517671061 ], [ -84.4136659623139, 34.018441392059408 ], [ -84.41474871022632, 34.018550205978322 ], [ -84.41583146116146, 34.018659009763482 ], [ -84.415964100466084, 34.017770880767188 ], [ -84.416096736748358, 34.016882750621001 ], [ -84.417179466404178, 34.016991542037843 ], [ -84.417312087513679, 34.016103409624421 ], [ -84.418394808040901, 34.0162121897906 ], [ -84.418262199081994, 34.017100323321124 ] ] ] } },
{ "type": "Feature", "properties": { "id": "13_8", "growth_scenario": "high", "market_gravity_weight": 75 }, "geometry": { "type": "Polygon", "coordinates": [ [ [ -84.156080242130926, 33.927326055877344 ], [ -84.155944799503757, 33.928213986566455 ], [ -84.154863669721053, 33.928102741595225 ], [ -84.153782543020355, 33.927991486506663 ], [ -84.15364707309881, 33.92887941374466 ], [ -84.153511600094916, 33.929767339808222 ], [ -84.152430452263886, 33.929656072325386 ], [ -84.151349307515559, 33.929544794725068 ], [ -84.151484804732206, 33.928656870938681 ], [ -84.151620298865978, 33.927768945977832 ], [ -84.151755789916933, 33.926881019842348 ], [ -84.15283689834709, 33.926992294026874 ], [ -84.152972374209838, 33.926104365578126 ], [ -84.154053473616756, 33.926215628507059 ], [ -84.155134576105723, 33.926326881318907 ], [ -84.154999124454349, 33.927214812044362 ], [ -84.156080242130926, 33.927326055877344 ] ] ] } },
{ "type": "Feature", "properties": { "id": "13_9", "growth_scenario": "high", "market_gravity_weight": 75 }, "geometry": { "type": "Polygon", "coordinates": [ [ [ -84.555989754005623, 33.761322960336024 ], [ -84.55585913984514, 33.762211544492729 ], [ -84.554779745085412, 33.762104013667461 ], [ -84.553700353293038, 33.761996472734211 ], [ -84.553569712004673, 33.762885053503545 ], [ -84.55249031109966, 33.762777501367985 ], [ -84.552359654763066, 33.763666079844022 ], [ -84.551280244745641, 33.763558516505981 ], [ -84.550200837696579, 33.763450943059894 ], [ -84.5503315181939, 33.762562366772968 ], [ -84.550462195722716, 33.761673789287002 ], [ -84.551541578611406, 33.761781360543971 ], [ -84.552620964468289, 33.761888921693028 ], [ -84.552751614868995, 33.76100034081901 ], [ -84.552882262301935, 33.760111758745616 ], [ -84.553961626967009, 33.760219307598248 ], [ -84.55504099459948, 33.760326846343098 ], [ -84.554910371326059, 33.761215430604892 ], [ -84.555989754005623, 33.761322960336024 ] ] ] } },
{ "type": "Feature", "properties": { "id": "17_0", "growth_scenario": "high", "market_gravity_weight": 75 }, "geometry": { "type": "Polygon", "coordinates": [ [ [ -88.236038111307693, 41.987591556066199 ], [ -88.235938929601332, 41.988482516675511 ], [ -88.235839745366533, 41.989373478137082 ], [ -88.235740558603226, 41.990264440451107 ], [ -88.234529217909824, 41.990191480284139 ], [ -88.234628420009741, 41.989300518976158 ], [ -88.233417097181842, 41.989227548464925 ], [ -88.233516312089009, 41.98833658901551 ], [ -88.233615524466998, 41.987445630418179 ], [ -88.233714734315896, 41.986554672672675 ], [ -88.232503460024247, 41.986481693830029 ], [ -88.23260268267903, 41.985590737942253 ], [ -88.233813941635802, 41.985663715778792 ], [ -88.235025203121467, 41.985736682265724 ], [ -88.236236467135626, 41.985809637403023 ], [ -88.236137290485772, 41.986700596308779 ], [ -88.236038111307693, 41.987591556066199 ] ] ] } },
{ "type": "Feature", "properties": { "id": "17_1", "growth_scenario": "high", "market_gravity_weight": 75 }, "geometry": { "type": "Polygon", "coordinates": [ [ [ -88.241775284890835, 41.979864627793134 ], [ -88.241676187266279, 41.980755584764673 ], [ -88.24288737191192, 41.980828477123787 ], [ -88.242788287094626, 41.981719435950275 ], [ -88.241577087115729, 41.981646542586425 ], [ -88.240365889662939, 41.981573637873502 ], [ -88.239154694736627, 41.9815007218115 ], [ -88.239055561393002, 41.982391678473405 ], [ -88.237844353660208, 41.982318750057154 ], [ -88.237943502337174, 41.981427794400588 ], [ -88.238042648486882, 41.98053683959418 ], [ -88.238141792109445, 41.979645885637709 ], [ -88.238240933204935, 41.97875493253094 ], [ -88.239452079606664, 41.978827856926294 ], [ -88.24066322853497, 41.978900769973087 ], [ -88.240564118103947, 41.979791725090003 ], [ -88.241775284890835, 41.979864627793134 ] ] ] } },
{ "type": "Feature", "properties": { "id": "17_10", "growth_scenario": "high", "market_gravity_weight": 75 }, "geometry": { "type": "Polygon", "coordinates": [ [ [ -87.884539931769638, 42.304246631096127 ], [ -87.885756363366681, 42.304322901374945 ], [ -87.885652245899422, 42.305213933255693 ], [ -87.885548125766661, 42.306104966073264 ], [ -87.885444002968299, 42.306995999827869 ], [ -87.88422752500054, 42.306919726358061 ], [ -87.884123384078791, 42.307810759986239 ], [ -87.882906893319529, 42.307734474054264 ], [ -87.883011049698851, 42.306843441489967 ], [ -87.881794577063644, 42.306767145223816 ], [ -87.881898746233588, 42.305876114660769 ], [ -87.882002912736766, 42.304985085034652 ], [ -87.883219354458177, 42.305061379172891 ], [ -87.88332350283838, 42.304170349419472 ], [ -87.883427648552413, 42.303279320602542 ], [ -87.884644062027647, 42.303355601215436 ], [ -87.884539931769638, 42.304246631096127 ] ] ] } },
{ "type": "Feature", "properties": { "id": "17_11", "growth_scenario": "high", "market_gravity_weight": 75 }, "geometry": { "type": "Polygon", "coordinates": [ [ [ -88.382553825394083, 42.153291483532328 ], [ -88.382456280111356, 42.154182732668517 ], [ -88.382358732335703, 42.155073982708011 ], [ -88.38357309010334, 42.155145570994712 ], [ -88.383475555252133, 42.156036822931149 ], [ -88.38226118206704, 42.155965233651187 ], [ -88.382163629305282, 42.156856485498167 ], [ -88.380949243195573, 42.156784883842285 ], [ -88.381046811375072, 42.155893632988743 ], [ -88.379832443176596, 42.155822020943852 ], [ -88.379930024279844, 42.154930771987715 ], [ -88.378715673992403, 42.154859149554206 ], [ -88.378813268018632, 42.15396790249531 ], [ -88.380027602889314, 42.154039523935111 ], [ -88.380125179005091, 42.153148276785771 ], [ -88.38133950095299, 42.153219885850021 ], [ -88.381437059159069, 42.152328638610278 ], [ -88.382651368184, 42.15240023529924 ], [ -88.382553825394083, 42.153291483532328 ] ] ] } },
{ "type": "Feature", "properties": { "id": "17_12", "growth_scenario": "high", "market_gravity_weight": 75 }, "geometry": { "type": "Polygon", "coordinates": [ [ [ -88.384982481754349, 42.153434644750831 ], [ -88.384884967305041, 42.154325895873228 ], [ -88.386099314640276, 42.154397460402336 ], [ -88.387313664467271, 42.154469013549118 ], [ -88.387216178360418, 42.155360267560646 ], [ -88.387118689762104, 42.15625152247604 ], [ -88.385904309100042, 42.156179967343611 ], [ -88.384689930929923, 42.156108400828664 ], [ -88.384592409003929, 42.156999654662144 ], [ -88.3833780179082, 42.156928075771532 ], [ -88.383475555252133, 42.156036822931149 ], [ -88.38357309010334, 42.155145570994712 ], [ -88.383670622461935, 42.154254319961922 ], [ -88.382456280111356, 42.154182732668517 ], [ -88.382553825394083, 42.153291483532328 ], [ -88.383768152328003, 42.153363069832594 ], [ -88.383865679701628, 42.152471820606358 ], [ -88.385079993711614, 42.152543394531662 ], [ -88.384982481754349, 42.153434644750831 ] ] ] } },
{ "type": "Feature", "properties": { "id": "17_13", "growth_scenario": "high", "market_gravity_weight": 75 }, "geometry": { "type": "Polygon", "coordinates": [ [ [ -88.266505394650309, 41.855793275684007 ], [ -88.267714443756262, 41.855865924883972 ], [ -88.267615851617379, 41.856756775331327 ], [ -88.26882491851191, 41.856829414200163 ], [ -88.268726339144663, 41.857720266459225 ], [ -88.267517256969754, 41.857647626593561 ], [ -88.266308177303657, 41.857574975399842 ], [ -88.26509910014677, 41.857502312877948 ], [ -88.265000472429122, 41.858393162961335 ], [ -88.263791382501367, 41.858320488114153 ], [ -88.26389002549945, 41.857429639027998 ], [ -88.262680953362107, 41.857356953850015 ], [ -88.26277960913022, 41.856466106576349 ], [ -88.263988665987597, 41.856538790756986 ], [ -88.264087303965852, 41.855647943300696 ], [ -88.265296348053383, 41.855720615156265 ], [ -88.26539496824256, 41.854829767517423 ], [ -88.266603999560076, 41.854902427048224 ], [ -88.266505394650309, 41.855793275684007 ] ] ] } },
{ "type": "Feature", "properties": { "id": "17_14", "growth_scenario": "high", "market_gravity_weight": 75 }, "geometry": { "type": "Polygon", "coordinates": [ [ [ -88.425778291450072, 42.115469893917073 ], [ -88.425681351070708, 42.116361134307766 ], [ -88.425584408215144, 42.117252375591754 ], [ -88.425487462883297, 42.118143617769228 ], [ -88.424273706137612, 42.118072425801046 ], [ -88.424370666872363, 42.117181184610018 ], [ -88.423156928006293, 42.117109982251705 ], [ -88.421943191617274, 42.117038768516935 ], [ -88.422040180680085, 42.116147530192535 ], [ -88.420826462170751, 42.116076306068123 ], [ -88.420923464158022, 42.115185069623649 ], [ -88.422137167265518, 42.115256292761281 ], [ -88.422234151373686, 42.11436505622283 ], [ -88.423447841556907, 42.114436266997721 ], [ -88.424661534216909, 42.11450746639656 ], [ -88.424564580911934, 42.115398704908031 ], [ -88.425778291450072, 42.115469893917073 ] ] ] } },
{ "type": "Feature", "properties": { "id": "17_15", "growth_scenario": "high", "market_gravity_weight": 75 }, "geometry": { "type": "Polygon", "coordinates": [ [ [ -88.330687110702414, 41.980700732848575 ], [ -88.331898386670971, 41.980772790672987 ], [ -88.331800436423293, 41.981663817319657 ], [ -88.333011730226744, 41.981735864786472 ], [ -88.332913792820491, 41.982626893278599 ], [ -88.331702483678612, 41.982554844818516 ], [ -88.331604528436884, 41.983445873169842 ], [ -88.330393206453394, 41.983373812365137 ], [ -88.329181886967461, 41.983301740209221 ], [ -88.329279872886502, 41.98241071384497 ], [ -88.328068571237011, 41.982338631331601 ], [ -88.328166569996327, 41.981447606813425 ], [ -88.328264566257516, 41.980556583147326 ], [ -88.329475837231129, 41.980628663673315 ], [ -88.329573815656929, 41.979737639865476 ], [ -88.330785073790764, 41.979809708047242 ], [ -88.330687110702414, 41.980700732848575 ] ] ] } },
{ "type": "Feature", "properties": { "id": "17_16", "growth_scenario": "high", "market_gravity_weight": 75 }, "geometry": { "type": "Polygon", "coordinates": [ [ [ -88.424304706402609, 41.691242030663943 ], [ -88.423098332929385, 41.691170862259725 ], [ -88.423001944535315, 41.692061670053846 ], [ -88.421795558292871, 41.691990489375961 ], [ -88.420589174498019, 41.691919297395181 ], [ -88.420685593324677, 41.691028491543101 ], [ -88.419479227193946, 41.69095728923083 ], [ -88.419575658788489, 41.690066485120717 ], [ -88.419672087934856, 41.689175681781194 ], [ -88.42087842363442, 41.689246882151075 ], [ -88.422084761781676, 41.689318071218651 ], [ -88.423291102376254, 41.689389248983851 ], [ -88.424497445417771, 41.68946041544659 ], [ -88.42440107713351, 41.690351222669904 ], [ -88.424304706402609, 41.691242030663943 ] ] ] } },
{ "type": "Feature", "properties": { "id": "17_17", "growth_scenario": "high", "market_gravity_weight": 75 }, "geometry": { "type": "Polygon", "coordinates": [ [ [ -87.92494650864073, 41.714616812527659 ], [ -87.926152763390633, 41.714692651330587 ], [ -87.92605003349361, 41.715583097103959 ], [ -87.927256306051575, 41.715658925645471 ], [ -87.92715358874716, 41.716549373221085 ], [ -87.925947300988611, 41.716473543644753 ], [ -87.924741015838137, 41.716397702771793 ], [ -87.924638265524223, 41.717288149045118 ], [ -87.923431967781454, 41.717212295840447 ], [ -87.923329199657843, 41.71810274184628 ], [ -87.922122889322949, 41.718026876309594 ], [ -87.922225672647585, 41.717136431339206 ], [ -87.922328453362908, 41.716245987136425 ], [ -87.922431231469034, 41.715355543701151 ], [ -87.923637496201962, 41.715431406131792 ], [ -87.923740256499087, 41.714540962428472 ], [ -87.923843014187568, 41.713650519492134 ], [ -87.925049251129607, 41.713726368556266 ], [ -87.92494650864073, 41.714616812527659 ] ] ] } },
{ "type": "Feature", "properties": { "id": "17_18", "growth_scenario": "high", "market_gravity_weight": 75 }, "geometry": { "type": "Polygon", "coordinates": [ [ [ -88.234377732113998, 42.06821950254588 ], [ -88.235590426322446, 42.068292470869103 ], [ -88.235491124269274, 42.069183516266349 ], [ -88.235391819681695, 42.070074562539176 ], [ -88.23660454716763, 42.07014752151624 ], [ -88.237817277187688, 42.070220469128863 ], [ -88.23771800081002, 42.071111518295396 ], [ -88.236505255417711, 42.071038569673817 ], [ -88.235292512559596, 42.070965609687811 ], [ -88.234079772236086, 42.070892638337234 ], [ -88.232867034447551, 42.070819655622223 ], [ -88.232966372313683, 42.069928610492063 ], [ -88.231753652432403, 42.069855617422107 ], [ -88.231853003134759, 42.068964574177159 ], [ -88.233065707644542, 42.069037566237697 ], [ -88.233165040440227, 42.068146522858719 ], [ -88.233264370700823, 42.067255480354959 ], [ -88.234477047003779, 42.067328459032943 ], [ -88.234377732113998, 42.06821950254588 ] ] ] } },
{ "type": "Feature", "properties": { "id": "17_19", "growth_scenario": "high", "market_gravity_weight": 75 }, "geometry": { "type": "Polygon", "coordinates": [ [ [ -87.937617339107533, 41.625727630348663 ], [ -87.937514884669923, 41.626618001682019 ], [ -87.937412427634612, 41.627508373757792 ], [ -87.936207658053789, 41.62743264743083 ], [ -87.935002891071136, 41.627356909822218 ], [ -87.933798126687066, 41.627281160932078 ], [ -87.93390062920993, 41.626390791947053 ], [ -87.93400312913397, 41.62550042370421 ], [ -87.935207863193583, 41.625576170533648 ], [ -87.935310345357209, 41.624685802002482 ], [ -87.935412824922579, 41.623795434213129 ], [ -87.936617531257411, 41.623871167701019 ], [ -87.937822240190016, 41.623946889908019 ], [ -87.937719790947526, 41.624837259757378 ], [ -87.937617339107533, 41.625727630348663 ] ] ] } },
{ "type": "Feature", "properties": { "id": "17_2", "growth_scenario": "high", "market_gravity_weight": 75 }, "geometry": { "type": "Polygon", "coordinates": [ [ [ -88.243999489599219, 41.981792317965038 ], [ -88.245210694629165, 41.981865188630643 ], [ -88.245111637953698, 41.98275615031671 ], [ -88.243900417589941, 41.982683278646562 ], [ -88.243801343055239, 41.983574240178811 ], [ -88.243702265995012, 41.984465202561992 ], [ -88.243603186409175, 41.985356165796439 ], [ -88.24239192256735, 41.985283279762619 ], [ -88.241180661251605, 41.985210382379137 ], [ -88.239969402462364, 41.985137473645928 ], [ -88.238758146199984, 41.98506455356312 ], [ -88.238857287124773, 41.98417359434896 ], [ -88.240068528052561, 41.984246513426491 ], [ -88.241279771507124, 41.984319421154566 ], [ -88.242491017488078, 41.984392317533029 ], [ -88.242590109882784, 41.983501356154655 ], [ -88.242689199751609, 41.982610395627141 ], [ -88.241477984439086, 41.982537501258463 ], [ -88.241577087115729, 41.981646542586425 ], [ -88.242788287094626, 41.981719435950275 ], [ -88.24288737191192, 41.980828477123787 ], [ -88.244098559083184, 41.980901358133899 ], [ -88.243999489599219, 41.981792317965038 ] ] ] } },
{ "type": "Feature", "properties": { "id": "17_20", "growth_scenario": "high", "market_gravity_weight": 75 }, "geometry": { "type": "Polygon", "coordinates": [ [ [ -88.422001246358562, 42.195078809886567 ], [ -88.421904146973901, 42.195970134745494 ], [ -88.420689038751291, 42.195898902342776 ], [ -88.419473933012185, 42.195827658549824 ], [ -88.41937680026949, 42.196718982345246 ], [ -88.419279665042851, 42.197610307057296 ], [ -88.418064530912545, 42.197539049893699 ], [ -88.418161681576919, 42.19664772617196 ], [ -88.416946565368676, 42.196576458608199 ], [ -88.417043728985917, 42.195685136793259 ], [ -88.417140890118503, 42.194793815894542 ], [ -88.417238048766549, 42.193902495911736 ], [ -88.41845311866426, 42.193973760504619 ], [ -88.419668191046028, 42.194045013707587 ], [ -88.420883265911485, 42.194116255520669 ], [ -88.420786153573076, 42.195007578473685 ], [ -88.422001246358562, 42.195078809886567 ] ] ] } },
{ "type": "Feature", "properties": { "id": "17_21", "growth_scenario": "high", "market_gravity_weight": 75 }, "geometry": { "type": "Polygon", "coordinates": [ [ [ -88.418064530912545, 42.197539049893699 ], [ -88.419279665042851, 42.197610307057296 ], [ -88.420494801657213, 42.197681552830304 ], [ -88.421709940755221, 42.197752787212714 ], [ -88.421612833921017, 42.198644114821583 ], [ -88.420397679384706, 42.198572879449188 ], [ -88.420300554628426, 42.199464206985198 ], [ -88.419085387137287, 42.199392959231908 ], [ -88.418988244458191, 42.200284286695087 ], [ -88.417773064012408, 42.200213026560611 ], [ -88.417870222130389, 42.199321700087765 ], [ -88.416655059608132, 42.199250429552784 ], [ -88.41675223067989, 42.198359104987723 ], [ -88.41553708608096, 42.198287824052592 ], [ -88.415634270105684, 42.197396501395048 ], [ -88.416849399266695, 42.197467781339611 ], [ -88.416946565368676, 42.196576458608199 ], [ -88.418161681576919, 42.19664772617196 ], [ -88.418064530912545, 42.197539049893699 ] ] ] } },
{ "type": "Feature", "properties": { "id": "17_22", "growth_scenario": "high", "market_gravity_weight": 75 }, "geometry": { "type": "Polygon", "coordinates": [ [ [ -88.433699277145109, 41.806553245265434 ], [ -88.434907648075381, 41.806624323172528 ], [ -88.434811251005556, 41.80751525122345 ], [ -88.433602864808137, 41.807444172342649 ], [ -88.433506450019294, 41.808335100224177 ], [ -88.432298051006327, 41.808264009046589 ], [ -88.432201618497714, 41.809154936758674 ], [ -88.43099320666937, 41.809083833283985 ], [ -88.431089654445699, 41.808192906545955 ], [ -88.429881260337808, 41.808121792722346 ], [ -88.429977720928647, 41.807230867763003 ], [ -88.430074179066466, 41.806339943607718 ], [ -88.430170634751363, 41.805449020256397 ], [ -88.431378983058679, 41.805520131157579 ], [ -88.432587333818446, 41.805591230736177 ], [ -88.432490908666608, 41.806482156035585 ], [ -88.433699277145109, 41.806553245265434 ] ] ] } },
{ "type": "Feature", "properties": { "id": "17_23", "growth_scenario": "high", "market_gravity_weight": 75 }, "geometry": { "type": "Polygon", "coordinates": [ [ [ -88.432683756518216, 41.80470030624047 ], [ -88.432587333818446, 41.805591230736177 ], [ -88.431378983058679, 41.805520131157579 ], [ -88.430170634751363, 41.805449020256397 ], [ -88.430074179066466, 41.806339943607718 ], [ -88.429977720928647, 41.807230867763003 ], [ -88.428769344541024, 41.807159743590788 ], [ -88.427560970606805, 41.807088608095711 ], [ -88.427657459278066, 41.806197685889245 ], [ -88.427753945495624, 41.805306764486581 ], [ -88.427850429259564, 41.804415843887419 ], [ -88.429058757394927, 41.804486976459216 ], [ -88.429155223439849, 41.803596055689049 ], [ -88.43036353876272, 41.803667175964321 ], [ -88.431571856538241, 41.803738284917443 ], [ -88.431475421024629, 41.804629207635777 ], [ -88.432683756518216, 41.80470030624047 ] ] ] } },
{ "type": "Feature", "properties": { "id": "17_24", "growth_scenario": "high", "market_gravity_weight": 75 }, "geometry": { "type": "Polygon", "coordinates": [ [ [ -88.437709838925471, 41.803202733065874 ], [ -88.437613482192162, 41.804093659848618 ], [ -88.437517123008504, 41.80498458743471 ], [ -88.436308777709314, 41.804913534119954 ], [ -88.435100434860942, 41.804842469482608 ], [ -88.433892094463786, 41.804771393522799 ], [ -88.43398849944569, 41.80388046885686 ], [ -88.432780176766016, 41.803809382548302 ], [ -88.432876594561932, 41.802918459659296 ], [ -88.43297300990605, 41.802027537573274 ], [ -88.434181302055094, 41.802098621934583 ], [ -88.43538959665544, 41.802169694973863 ], [ -88.436597893706704, 41.802240756691077 ], [ -88.436501524158246, 41.803131681697536 ], [ -88.437709838925471, 41.803202733065874 ] ] ] } },
{ "type": "Feature", "properties": { "id": "17_25", "growth_scenario": "high", "market_gravity_weight": 75 }, "geometry": { "type": "Polygon", "coordinates": [ [ [ -88.057465193752236, 42.377795977892099 ], [ -88.057363166685789, 42.378687231147616 ], [ -88.05614524802354, 42.378612562759777 ], [ -88.054927331976813, 42.378537882957204 ], [ -88.054825271297034, 42.37942913508622 ], [ -88.054723208001263, 42.38032038817763 ], [ -88.053505263572177, 42.380245694871157 ], [ -88.052287321759621, 42.380170990149743 ], [ -88.05238941605397, 42.379279739147762 ], [ -88.052491507731517, 42.37838848910809 ], [ -88.052593596792363, 42.377497240030458 ], [ -88.053811492108409, 42.377571941617653 ], [ -88.053913563054593, 42.376680692457121 ], [ -88.055131445488684, 42.376755381585326 ], [ -88.056349330538495, 42.376830059299152 ], [ -88.056247290588729, 42.377721310548495 ], [ -88.057465193752236, 42.377795977892099 ] ] ] } },
{ "type": "Feature", "properties": { "id": "17_26", "growth_scenario": "high", "market_gravity_weight": 75 }, "geometry": { "type": "Polygon", "coordinates": [ [ [ -88.057057069795235, 42.381360996688613 ], [ -88.055839104634373, 42.38128632516775 ], [ -88.05462114208936, 42.381211642231698 ], [ -88.054519073561224, 42.382102897248757 ], [ -88.053301098132309, 42.382028201852791 ], [ -88.052083125320095, 42.381953495041621 ], [ -88.052185224848358, 42.381062242114275 ], [ -88.05096727015318, 42.380987524932983 ], [ -88.051069382563952, 42.380096274013411 ], [ -88.05117149235744, 42.379205024056418 ], [ -88.05238941605397, 42.379279739147762 ], [ -88.052287321759621, 42.380170990149743 ], [ -88.053505263572177, 42.380245694871157 ], [ -88.054723208001263, 42.38032038817763 ], [ -88.054825271297034, 42.37942913508622 ], [ -88.056043202842815, 42.379503815933198 ], [ -88.057261137004204, 42.379578485365322 ], [ -88.057159104707395, 42.380469740545578 ], [ -88.057057069795235, 42.381360996688613 ] ] ] } },
{ "type": "Feature", "properties": { "id": "17_27", "growth_scenario": "high", "market_gravity_weight": 75 }, "geometry": { "type": "Polygon", "coordinates": [ [ [ -88.482059089595651, 41.684774850028148 ], [ -88.481963458406696, 41.685665695761394 ], [ -88.480757122535948, 41.685595068261335 ], [ -88.480661473702142, 41.686485913801867 ], [ -88.47945512504279, 41.686415274035447 ], [ -88.47955078909348, 41.685524429458361 ], [ -88.479646450715535, 41.68463358565171 ], [ -88.478440134918117, 41.684562936509387 ], [ -88.477233821549632, 41.684492276064312 ], [ -88.477329511175071, 41.683601434955015 ], [ -88.477425198371279, 41.682710594615578 ], [ -88.47863148130827, 41.682781253133378 ], [ -88.478535809327624, 41.683672094436439 ], [ -88.479742109909012, 41.683742742615294 ], [ -88.479837766674024, 41.682851900348801 ], [ -88.481044054468157, 41.682922536261785 ], [ -88.482250344690272, 41.682993160872243 ], [ -88.48215471835681, 41.683884005065174 ], [ -88.482059089595651, 41.684774850028148 ] ] ] } },
{ "type": "Feature", "properties": { "id": "17_28", "growth_scenario": "high", "market_gravity_weight": 75 }, "geometry": { "type": "Polygon", "coordinates": [ [ [ -88.484280534248825, 41.686697765282403 ], [ -88.484184928638996, 41.687588614483168 ], [ -88.482978557478177, 41.687518007663058 ], [ -88.482882934223099, 41.688408856671941 ], [ -88.481676550272141, 41.688338237585377 ], [ -88.480470168749349, 41.688267607195378 ], [ -88.479263789655107, 41.68819696550193 ], [ -88.479359458563366, 41.687306119383202 ], [ -88.478153097115595, 41.687235467350149 ], [ -88.478248778812201, 41.686344622965983 ], [ -88.47945512504279, 41.686415274035447 ], [ -88.480661473702142, 41.686485913801867 ], [ -88.480757122535948, 41.685595068261335 ], [ -88.481963458406696, 41.685665695761394 ], [ -88.483169796705312, 41.685736311958436 ], [ -88.483074178305543, 41.68662715942537 ], [ -88.484280534248825, 41.686697765282403 ] ] ] } },
{ "type": "Feature", "properties": { "id": "17_29", "growth_scenario": "high", "market_gravity_weight": 75 }, "geometry": { "type": "Polygon", "coordinates": [ [ [ -88.485582480584711, 41.685877510443504 ], [ -88.486788826164684, 41.685948092731408 ], [ -88.486693253416661, 41.686838943086805 ], [ -88.487899616640433, 41.68690951503411 ], [ -88.487804056683771, 41.68780036712301 ], [ -88.486597678242163, 41.687729794213162 ], [ -88.486502100641118, 41.688620646110728 ], [ -88.485295709407978, 41.688550060934666 ], [ -88.485200114161813, 41.68944091264089 ], [ -88.483993710137284, 41.689370315198317 ], [ -88.484089320601839, 41.688479464455057 ], [ -88.482882934223099, 41.688408856671941 ], [ -88.482978557478177, 41.687518007663058 ], [ -88.484184928638996, 41.687588614483168 ], [ -88.484280534248825, 41.686697765282403 ], [ -88.484376137431454, 41.685806916852485 ], [ -88.48447173818694, 41.684916069193235 ], [ -88.485678066123342, 41.684986661821455 ], [ -88.485582480584711, 41.685877510443504 ] ] ] } },
{ "type": "Feature", "properties": { "id": "17_3", "growth_scenario": "high", "market_gravity_weight": 75 }, "geometry": { "type": "Polygon", "coordinates": [ [ [ -88.265613907188026, 41.8198694123178 ], [ -88.266822335389904, 41.81994206696718 ], [ -88.26803076609815, 41.820014710294899 ], [ -88.267932228436422, 41.820905525366001 ], [ -88.269140676914986, 41.820978158367474 ], [ -88.269042152011963, 41.821868975238722 ], [ -88.267833688268666, 41.82179634124185 ], [ -88.266625227031511, 41.821723695923097 ], [ -88.265416768300895, 41.821651039282393 ], [ -88.264208312077187, 41.821578371319831 ], [ -88.264109723608456, 41.822469185013418 ], [ -88.262901254627295, 41.822396504732957 ], [ -88.262999858360772, 41.821505692035451 ], [ -88.263098459586573, 41.820614880142649 ], [ -88.264306898038612, 41.820687558431061 ], [ -88.264405481492844, 41.81979674634686 ], [ -88.264504062439968, 41.818905935066937 ], [ -88.265712472871456, 41.818978600042151 ], [ -88.265613907188026, 41.8198694123178 ] ] ] } },
{ "type": "Feature", "properties": { "id": "17_30", "growth_scenario": "high", "market_gravity_weight": 75 }, "geometry": { "type": "Polygon", "coordinates": [ [ [ -88.485869229920752, 41.683204966888326 ], [ -88.485773649235327, 41.684095813969826 ], [ -88.485678066123342, 41.684986661821455 ], [ -88.48447173818694, 41.684916069193235 ], [ -88.484376137431454, 41.685806916852485 ], [ -88.483169796705312, 41.685736311958436 ], [ -88.483265412677596, 41.684845465262114 ], [ -88.482059089595651, 41.684774850028148 ], [ -88.48215471835681, 41.683884005065174 ], [ -88.482250344690272, 41.682993160872243 ], [ -88.481044054468157, 41.682922536261785 ], [ -88.481139693589441, 41.682031693801711 ], [ -88.482345968596107, 41.682102317449093 ], [ -88.483552246030314, 41.682172929794049 ], [ -88.484758525891621, 41.682243530836651 ], [ -88.484662932416953, 41.683134376185556 ], [ -88.485869229920752, 41.683204966888326 ] ] ] } },
{ "type": "Feature", "properties": { "id": "17_31", "growth_scenario": "high", "market_gravity_weight": 75 }, "geometry": { "type": "Polygon", "coordinates": [ [ [ -87.563726017443045, 41.68690469958112 ], [ -87.563618730463347, 41.687794823303285 ], [ -87.563511440761971, 41.688684947776899 ], [ -87.562306033745401, 41.68860571384824 ], [ -87.562198726153738, 41.689495837993533 ], [ -87.562091415839845, 41.690385962890673 ], [ -87.560885981208244, 41.690306715518176 ], [ -87.560993306690918, 41.689416591701125 ], [ -87.561100629450976, 41.688526468635857 ], [ -87.559895227879082, 41.688447212139884 ], [ -87.560002563084524, 41.687557090906317 ], [ -87.560109895567138, 41.686666970423978 ], [ -87.560217225327051, 41.685776850692598 ], [ -87.561422581396329, 41.685856103948353 ], [ -87.562627940187838, 41.685935345920875 ], [ -87.56252064076233, 41.686825467812106 ], [ -87.563726017443045, 41.68690469958112 ] ] ] } },
{ "type": "Feature", "properties": { "id": "17_32", "growth_scenario": "high", "market_gravity_weight": 75 }, "geometry": { "type": "Polygon", "coordinates": [ [ [ -88.279721000950403, 42.331108257285095 ], [ -88.279621889071336, 42.331999628469411 ], [ -88.2808392283237, 42.332072196406521 ], [ -88.280740129395937, 42.332963569557457 ], [ -88.279522774653074, 42.332891000606999 ], [ -88.279423657695503, 42.333782373698085 ], [ -88.279324538198537, 42.334673747743054 ], [ -88.278107155013004, 42.334601165353931 ], [ -88.276889774367334, 42.334528571553065 ], [ -88.276988924846549, 42.333637199535538 ], [ -88.277088072785617, 42.332745828471658 ], [ -88.277187218184579, 42.331854458361271 ], [ -88.277286361043565, 42.330963089204069 ], [ -88.278503679727237, 42.331035678950137 ], [ -88.278602804556797, 42.330144309732333 ], [ -88.279820110290359, 42.330216887053851 ], [ -88.279721000950403, 42.331108257285095 ] ] ] } },
{ "type": "Feature", "properties": { "id": "17_33", "growth_scenario": "high", "market_gravity_weight": 75 }, "geometry": { "type": "Polygon", "coordinates": [ [ [ -87.999733231121112, 41.581192386557703 ], [ -88.000937276181617, 41.581267514112803 ], [ -88.000835688795945, 41.58215789487214 ], [ -88.002039751577215, 41.582233012172331 ], [ -88.001938176764284, 41.583123394683099 ], [ -88.000734098836048, 41.583048276362739 ], [ -88.000632506301812, 41.583938658584714 ], [ -87.999428415800637, 41.583863527968482 ], [ -87.998224327874283, 41.583788386076748 ], [ -87.997020242523107, 41.583713232909545 ], [ -87.997121880498838, 41.582822853749256 ], [ -87.997223515899123, 41.581932475320237 ], [ -87.998427570956537, 41.582007626446114 ], [ -87.998529188635118, 41.581117247727448 ], [ -87.998630803738806, 41.580226869739725 ], [ -87.999834831078758, 41.58030200754947 ], [ -87.999733231121112, 41.581192386557703 ] ] ] } },
{ "type": "Feature", "properties": { "id": "17_34", "growth_scenario": "high", "market_gravity_weight": 75 }, "geometry": { "type": "Polygon", "coordinates": [ [ [ -88.222824965008513, 41.821773265984682 ], [ -88.222725850030528, 41.82266404813933 ], [ -88.222626732531864, 41.823554831098249 ], [ -88.221418287980114, 41.823481761887365 ], [ -88.220209845949526, 41.823408681355197 ], [ -88.220110695403349, 41.824299463115622 ], [ -88.21890224063111, 41.824226370260483 ], [ -88.219001406440512, 41.82333558950176 ], [ -88.219100569727971, 41.822444809547406 ], [ -88.217892148003642, 41.822371707374586 ], [ -88.217991324031601, 41.821480929226119 ], [ -88.219199730493585, 41.82155403039711 ], [ -88.219298888737441, 41.820663252050714 ], [ -88.22050728245911, 41.820736340899245 ], [ -88.22171567870204, 41.820809418427025 ], [ -88.221616550982418, 41.821700198776476 ], [ -88.222824965008513, 41.821773265984682 ] ] ] } },
{ "type": "Feature", "properties": { "id": "17_35", "growth_scenario": "high", "market_gravity_weight": 75 }, "geometry": { "type": "Polygon", "coordinates": [ [ [ -88.379832443176596, 42.155822020943852 ], [ -88.381046811375072, 42.155893632988743 ], [ -88.380949243195573, 42.156784883842285 ], [ -88.382163629305282, 42.156856485498167 ], [ -88.382066074050329, 42.157747738249363 ], [ -88.380851672522496, 42.1576761355999 ], [ -88.380754099355741, 42.158567388261879 ], [ -88.379539684903165, 42.15849577323597 ], [ -88.37832527294475, 42.158424146827244 ], [ -88.37842287694825, 42.157532896152837 ], [ -88.377208482902645, 42.157461259355294 ], [ -88.377306099829525, 42.156570010579188 ], [ -88.377403714261646, 42.155678762707012 ], [ -88.378618077471984, 42.155750397516627 ], [ -88.378715673992403, 42.154859149554206 ], [ -88.379930024279844, 42.154930771987715 ], [ -88.379832443176596, 42.155822020943852 ] ] ] } },
{ "type": "Feature", "properties": { "id": "17_36", "growth_scenario": "high", "market_gravity_weight": 75 }, "geometry": { "type": "Polygon", "coordinates": [ [ [ -88.249026521080125, 42.254802272942349 ], [ -88.247810565363551, 42.254729413837069 ], [ -88.247711153851, 42.25562067340735 ], [ -88.248927125022021, 42.255693533527221 ], [ -88.248827726420288, 42.256584795042244 ], [ -88.247611739794422, 42.256511933907852 ], [ -88.247512323193732, 42.257403195338753 ], [ -88.24629632365685, 42.257330321792296 ], [ -88.246395755712669, 42.25643906137612 ], [ -88.245179774175426, 42.256366177447177 ], [ -88.245279219141395, 42.255474918976283 ], [ -88.245378661562569, 42.254583661435483 ], [ -88.246594612190904, 42.254656543334725 ], [ -88.246694036613519, 42.253765285708965 ], [ -88.246793458491908, 42.252874029012808 ], [ -88.248009380757026, 42.252946897485899 ], [ -88.249225305565858, 42.253019754562374 ], [ -88.249125914594714, 42.253911013287535 ], [ -88.249026521080125, 42.254802272942349 ] ] ] } },
{ "type": "Feature", "properties": { "id": "17_37", "growth_scenario": "high", "market_gravity_weight": 75 }, "geometry": { "type": "Polygon", "coordinates": [ [ [ -88.3833780179082, 42.156928075771532 ], [ -88.384592409003929, 42.156999654662144 ], [ -88.385806802592072, 42.157071222170153 ], [ -88.385709293592058, 42.157962477901009 ], [ -88.385611782099915, 42.158853734536343 ], [ -88.384397357674573, 42.158782165042183 ], [ -88.384299828271011, 42.159673421589162 ], [ -88.383085390919192, 42.159601839718711 ], [ -88.381870956060439, 42.159530246465096 ], [ -88.381968516302081, 42.158638991904901 ], [ -88.380754099355741, 42.158567388261879 ], [ -88.380851672522496, 42.1576761355999 ], [ -88.382066074050329, 42.157747738249363 ], [ -88.382163629305282, 42.156856485498167 ], [ -88.38226118206704, 42.155965233651187 ], [ -88.383475555252133, 42.156036822931149 ], [ -88.3833780179082, 42.156928075771532 ] ] ] } },
{ "type": "Feature", "properties": { "id": "17_38", "growth_scenario": "high", "market_gravity_weight": 75 }, "geometry": { "type": "Polygon", "coordinates": [ [ [ -87.891214280270958, 42.310050319041011 ], [ -87.891110224105034, 42.310941361863733 ], [ -87.889893670977543, 42.310865141133462 ], [ -87.889789596687706, 42.311756183831505 ], [ -87.888573030765102, 42.31167995063884 ], [ -87.88735646750753, 42.311603706046974 ], [ -87.886139906915375, 42.311527450056026 ], [ -87.886244027583885, 42.310636410548426 ], [ -87.885027485116908, 42.310560144222144 ], [ -87.885131618578669, 42.309669106716719 ], [ -87.88634814558668, 42.30974537197919 ], [ -87.887564675260293, 42.309821625842901 ], [ -87.887668775138806, 42.308930587148318 ], [ -87.888885292018884, 42.309006828549855 ], [ -87.890101811563682, 42.309083058552645 ], [ -87.88999774260283, 42.309974099373868 ], [ -87.891214280270958, 42.310050319041011 ] ] ] } },
{ "type": "Feature", "properties": { "id": "17_39", "growth_scenario": "high", "market_gravity_weight": 75 }, "geometry": { "type": "Polygon", "coordinates": [ [ [ -88.388333072915714, 42.156323066225781 ], [ -88.389547458560486, 42.156394598592954 ], [ -88.389449998307143, 42.157285856397607 ], [ -88.389352535562949, 42.15817711510671 ], [ -88.388138119081162, 42.158105580754423 ], [ -88.388040638426929, 42.158996839375554 ], [ -88.386826209017514, 42.158925292647481 ], [ -88.385611782099915, 42.158853734536343 ], [ -88.385709293592058, 42.157962477901009 ], [ -88.385806802592072, 42.157071222170153 ], [ -88.384592409003929, 42.156999654662144 ], [ -88.384689930929923, 42.156108400828664 ], [ -88.385904309100042, 42.156179967343611 ], [ -88.387118689762104, 42.15625152247604 ], [ -88.387216178360418, 42.155360267560646 ], [ -88.388430546096203, 42.155431810317786 ], [ -88.388333072915714, 42.156323066225781 ] ] ] } },
{ "type": "Feature", "properties": { "id": "17_4", "growth_scenario": "high", "market_gravity_weight": 75 }, "geometry": { "type": "Polygon", "coordinates": [ [ [ -88.267117979130205, 41.81726962956553 ], [ -88.26701943372295, 41.818160441228784 ], [ -88.268227833903808, 41.81823308256569 ], [ -88.268129301253907, 41.819123896028181 ], [ -88.266920885809554, 41.819051253695861 ], [ -88.265712472871456, 41.818978600042151 ], [ -88.264504062439968, 41.818905935066937 ], [ -88.264405481492844, 41.81979674634686 ], [ -88.263197058304783, 41.819724069054388 ], [ -88.263295654515503, 41.818833258770361 ], [ -88.26339424821883, 41.817942449290314 ], [ -88.263492839414852, 41.817051640614061 ], [ -88.26359142810368, 41.816160832741275 ], [ -88.264799790239664, 41.81623350605048 ], [ -88.266008154882357, 41.816306168038679 ], [ -88.265909596718529, 41.817196977902832 ], [ -88.267117979130205, 41.81726962956553 ] ] ] } },
{ "type": "Feature", "properties": { "id": "17_40", "growth_scenario": "high", "market_gravity_weight": 75 }, "geometry": { "type": "Polygon", "coordinates": [ [ [ -87.886244027583885, 42.310636410548426 ], [ -87.886139906915375, 42.311527450056026 ], [ -87.88603578358105, 42.31241849050236 ], [ -87.884819210194991, 42.312342222048422 ], [ -87.884715068734607, 42.313233262369756 ], [ -87.883498482554813, 42.31315698145265 ], [ -87.883602639475228, 42.312265942195317 ], [ -87.882386071422161, 42.312189650943075 ], [ -87.882490241135415, 42.311298613688834 ], [ -87.88259440818166, 42.310407577373077 ], [ -87.881377873714172, 42.310331276850249 ], [ -87.88148205355219, 42.309440242536965 ], [ -87.88269857256104, 42.309516541995528 ], [ -87.883915094236642, 42.309592830055479 ], [ -87.885131618578669, 42.309669106716719 ], [ -87.885027485116908, 42.310560144222144 ], [ -87.886244027583885, 42.310636410548426 ] ] ] } },
{ "type": "Feature", "properties": { "id": "17_41", "growth_scenario": "high", "market_gravity_weight": 75 }, "geometry": { "type": "Polygon", "coordinates": [ [ [ -88.250043715589882, 42.256657644779317 ], [ -88.249944329899748, 42.257548908239322 ], [ -88.24872832527484, 42.257476057487764 ], [ -88.248628921585549, 42.258367320864004 ], [ -88.249844941666183, 42.258440172630067 ], [ -88.249745550889116, 42.25933143795185 ], [ -88.248529515352359, 42.259258585171281 ], [ -88.248430106575157, 42.260149850409768 ], [ -88.247214058126019, 42.260076985216628 ], [ -88.24731348235963, 42.259185720992889 ], [ -88.246097451911311, 42.259112845416759 ], [ -88.246196889056435, 42.258221583139097 ], [ -88.244980876608722, 42.258148697180268 ], [ -88.245080326664564, 42.257257436848427 ], [ -88.24629632365685, 42.257330321792296 ], [ -88.247512323193732, 42.257403195338753 ], [ -88.247611739794422, 42.256511933907852 ], [ -88.248827726420288, 42.256584795042244 ], [ -88.248927125022021, 42.255693533527221 ], [ -88.250143098736672, 42.255766382249888 ], [ -88.250043715589882, 42.256657644779317 ] ] ] } },
{ "type": "Feature", "properties": { "id": "17_42", "growth_scenario": "high", "market_gravity_weight": 75 }, "geometry": { "type": "Polygon", "coordinates": [ [ [ -87.88259440818166, 42.310407577373077 ], [ -87.882490241135415, 42.311298613688834 ], [ -87.881273691208861, 42.311222312101776 ], [ -87.881169506036201, 42.312113348291739 ], [ -87.881065318196036, 42.313004385420406 ], [ -87.87984874001782, 42.31292807030546 ], [ -87.878632164507579, 42.312851743791327 ], [ -87.878736383267082, 42.311960708791823 ], [ -87.878840599358327, 42.311069674730909 ], [ -87.878944812781413, 42.310178641608417 ], [ -87.877728286316909, 42.310102306889476 ], [ -87.87783251253029, 42.309211275769762 ], [ -87.879049023536439, 42.309287609424011 ], [ -87.880265537210533, 42.30936393167979 ], [ -87.88148205355219, 42.309440242536965 ], [ -87.881377873714172, 42.310331276850249 ], [ -87.88259440818166, 42.310407577373077 ] ] ] } },
{ "type": "Feature", "properties": { "id": "17_43", "growth_scenario": "high", "market_gravity_weight": 75 }, "geometry": { "type": "Polygon", "coordinates": [ [ [ -88.26189002364211, 41.820542190532578 ], [ -88.261791407152046, 41.821433001429213 ], [ -88.261692788153923, 41.822323813130545 ], [ -88.26159416664764, 41.823214625636922 ], [ -88.262802648386042, 41.823287318235508 ], [ -88.26270403963693, 41.824178132543366 ], [ -88.261495542633099, 41.824105438948465 ], [ -88.260287048137627, 41.824032734031341 ], [ -88.260385687417482, 41.823141921716207 ], [ -88.259177210695952, 41.823069206473484 ], [ -88.259275862732025, 41.822178395960051 ], [ -88.258067403784267, 41.822105670392013 ], [ -88.258166068575761, 41.821214861680076 ], [ -88.259374512259157, 41.821287586251501 ], [ -88.259473159277462, 41.820396777347597 ], [ -88.260681590205607, 41.820469489600889 ], [ -88.26078021945149, 41.819578680504968 ], [ -88.261988637624199, 41.819651380440405 ], [ -88.26189002364211, 41.820542190532578 ] ] ] } },
{ "type": "Feature", "properties": { "id": "17_44", "growth_scenario": "high", "market_gravity_weight": 75 }, "geometry": { "type": "Polygon", "coordinates": [ [ [ -88.262087249098428, 41.818760571152445 ], [ -88.261988637624199, 41.819651380440405 ], [ -88.26078021945149, 41.819578680504968 ], [ -88.260681590205607, 41.820469489600889 ], [ -88.259473159277462, 41.820396777347597 ], [ -88.258264730858059, 41.820324053772765 ], [ -88.258363390631231, 41.819433246669767 ], [ -88.258462047895378, 41.818542440370869 ], [ -88.258560702650612, 41.817651634875759 ], [ -88.259769085280368, 41.817724355461067 ], [ -88.259867722264332, 41.816833549773087 ], [ -88.261076092139987, 41.816906258041044 ], [ -88.262284464523631, 41.816978954988045 ], [ -88.262185858064868, 41.817869762668359 ], [ -88.262087249098428, 41.818760571152445 ] ] ] } },
{ "type": "Feature", "properties": { "id": "17_5", "growth_scenario": "high", "market_gravity_weight": 75 }, "geometry": { "type": "Polygon", "coordinates": [ [ [ -88.217892148003642, 41.822371707374586 ], [ -88.219100569727971, 41.822444809547406 ], [ -88.219001406440512, 41.82333558950176 ], [ -88.21890224063111, 41.824226370260483 ], [ -88.217693788380927, 41.824153266084011 ], [ -88.217594604785987, 41.825044046645417 ], [ -88.216386139794807, 41.824970930145554 ], [ -88.215177677326551, 41.824897802324308 ], [ -88.215276891448198, 41.824007023767166 ], [ -88.214068446766419, 41.823933885626808 ], [ -88.214167673627728, 41.823043108876497 ], [ -88.215376103046665, 41.823116246014472 ], [ -88.215475312122052, 41.822225469066005 ], [ -88.216683728801527, 41.822298593880795 ], [ -88.216782920091759, 41.821407816734236 ], [ -88.217991324031601, 41.821480929226119 ], [ -88.217892148003642, 41.822371707374586 ] ] ] } },
{ "type": "Feature", "properties": { "id": "17_6", "growth_scenario": "high", "market_gravity_weight": 75 }, "geometry": { "type": "Polygon", "coordinates": [ [ [ -87.854763595001671, 41.774767730695892 ], [ -87.854659870156837, 41.775658177117165 ], [ -87.853452643946142, 41.775581663409127 ], [ -87.853348901243393, 41.776472109566868 ], [ -87.85214166244586, 41.77639558350706 ], [ -87.85093442628451, 41.776319046142085 ], [ -87.84972719275973, 41.776242497471912 ], [ -87.849830981129656, 41.775352054454423 ], [ -87.848623765463998, 41.775275495526195 ], [ -87.84872756641893, 41.774385054338389 ], [ -87.849934766862759, 41.774461612219646 ], [ -87.851141969943342, 41.774538158796027 ], [ -87.851245737818175, 41.773647716296871 ], [ -87.852452928313468, 41.773724250521781 ], [ -87.853660121444619, 41.773800773441941 ], [ -87.853556384013174, 41.774691218034206 ], [ -87.854763595001671, 41.774767730695892 ] ] ] } },
{ "type": "Feature", "properties": { "id": "17_7", "growth_scenario": "high", "market_gravity_weight": 75 }, "geometry": { "type": "Polygon", "coordinates": [ [ [ -87.975882642441519, 42.309044161147206 ], [ -87.975779671675625, 42.309935270364974 ], [ -87.975676698273205, 42.310826380522897 ], [ -87.975573722234145, 42.311717491621302 ], [ -87.975470743558361, 42.312608603660422 ], [ -87.974254069382468, 42.312533173771925 ], [ -87.973037397843783, 42.312457732482201 ], [ -87.973140407449094, 42.311566622547758 ], [ -87.973243414416899, 42.310675513553868 ], [ -87.972026776444665, 42.310600062968042 ], [ -87.972129796238889, 42.309708955967025 ], [ -87.973346418747283, 42.309784405500402 ], [ -87.973449420440375, 42.308893298387005 ], [ -87.974666030122521, 42.308968735467431 ], [ -87.974769013715246, 42.308077628241683 ], [ -87.975985610570987, 42.308153052869393 ], [ -87.975882642441519, 42.309044161147206 ] ] ] } },
{ "type": "Feature", "properties": { "id": "17_8", "growth_scenario": "high", "market_gravity_weight": 75 }, "geometry": { "type": "Polygon", "coordinates": [ [ [ -87.840277237172643, 41.773848832637505 ], [ -87.840173329667806, 41.774739266492126 ], [ -87.838966135110539, 41.77466261712545 ], [ -87.838862209744406, 41.775553050714173 ], [ -87.837655002606112, 41.775476388994399 ], [ -87.83644779810858, 41.77539971596994 ], [ -87.83655175391722, 41.774509284478157 ], [ -87.836655707084816, 41.773618853768589 ], [ -87.836759657611495, 41.772728423840867 ], [ -87.837966816446581, 41.772805093719839 ], [ -87.838070749112376, 41.771914663525408 ], [ -87.839277895367758, 41.771991321051829 ], [ -87.840485044263104, 41.772067967274111 ], [ -87.840381142037714, 41.772958399564878 ], [ -87.840277237172643, 41.773848832637505 ] ] ] } },
{ "type": "Feature", "properties": { "id": "17_9", "growth_scenario": "high", "market_gravity_weight": 75 }, "geometry": { "type": "Polygon", "coordinates": [ [ [ -87.975264778296207, 42.314390830561855 ], [ -87.975161791709638, 42.315281945424651 ], [ -87.973945071136953, 42.315206512379135 ], [ -87.973842066446849, 42.316097627131306 ], [ -87.9726253330454, 42.316022181631503 ], [ -87.972728353201774, 42.315131067931958 ], [ -87.971511637904527, 42.3150556120831 ], [ -87.971614670888755, 42.314164500377927 ], [ -87.970397973695484, 42.314089034180327 ], [ -87.970501019506813, 42.313197924469335 ], [ -87.97171770123478, 42.313273389614096 ], [ -87.972934385600851, 42.313348843357538 ], [ -87.973037397843783, 42.312457732482201 ], [ -87.974254069382468, 42.312533173771925 ], [ -87.975470743558361, 42.312608603660422 ], [ -87.975367762245753, 42.313499716640507 ], [ -87.975264778296207, 42.314390830561855 ] ] ] } },
{ "type": "Feature", "properties": { "id": "18_0", "growth_scenario": "high", "market_gravity_weight": 75 }, "geometry": { "type": "Polygon", "coordinates": [ [ [ -87.455508902144317, 41.607967622267331 ], [ -87.455400364708083, 41.608857581638972 ], [ -87.455291824521822, 41.609747541737228 ], [ -87.454087894765507, 41.60966730086772 ], [ -87.452883967759675, 41.609587048730376 ], [ -87.451680043504737, 41.609506785325259 ], [ -87.450476122001064, 41.609426510652497 ], [ -87.450584722698011, 41.608536554916292 ], [ -87.450693320643438, 41.607646599906587 ], [ -87.451897211892472, 41.607726872397912 ], [ -87.452005791959706, 41.606836917023664 ], [ -87.453209670832905, 41.606917177157115 ], [ -87.454413552456685, 41.606997426023248 ], [ -87.454305002643281, 41.607887383578344 ], [ -87.455508902144317, 41.607967622267331 ] ] ] } },
{ "type": "Feature", "properties": { "id": "19_0", "growth_scenario": "high", "market_gravity_weight": 75 }, "geometry": { "type": "Polygon", "coordinates": [ [ [ -93.523364106380455, 41.55600300354677 ], [ -93.523332631033128, 41.556896221357682 ], [ -93.523301154885942, 41.557789439970421 ], [ -93.524508665737883, 41.557812718111286 ], [ -93.524477204123443, 41.558705937842973 ], [ -93.523269677938842, 41.558682659385184 ], [ -93.522062152554156, 41.558659369578372 ], [ -93.52203065947414, 41.559552589478372 ], [ -93.520823119556795, 41.559529288005336 ], [ -93.520854627969783, 41.558636068422516 ], [ -93.520886135582089, 41.557742849641976 ], [ -93.519678627130986, 41.557719537454545 ], [ -93.519710149274772, 41.556826319793359 ], [ -93.520917642393712, 41.556849631663489 ], [ -93.520949148404696, 41.555956414486765 ], [ -93.522156626992469, 41.555979714691034 ], [ -93.522188116871419, 41.55508649799863 ], [ -93.523395580927968, 41.555109786537336 ], [ -93.523364106380455, 41.55600300354677 ] ] ] } },
{ "type": "Feature", "properties": { "id": "19_1", "growth_scenario": "high", "market_gravity_weight": 75 }, "geometry": { "type": "Polygon", "coordinates": [ [ [ -93.525936278988169, 41.551583467008307 ], [ -93.527143684120674, 41.551606720235768 ], [ -93.52711225876206, 41.55249993499153 ], [ -93.528319680023102, 41.552523177187538 ], [ -93.528288269196352, 41.553416393060161 ], [ -93.527080832604909, 41.553393150547826 ], [ -93.52704940564918, 41.554286366904925 ], [ -93.525841954525561, 41.554263112727945 ], [ -93.525873396812045, 41.553369896687343 ], [ -93.524665961818144, 41.553346631478767 ], [ -93.523458527623603, 41.553323354922064 ], [ -93.522251094228778, 41.553300067017283 ], [ -93.522282581707245, 41.552406852727884 ], [ -93.523489999771769, 41.552430140315693 ], [ -93.523521471120247, 41.551536926509854 ], [ -93.524728874654556, 41.551560202433024 ], [ -93.524760329873814, 41.550666989110653 ], [ -93.525967718877851, 41.550690253369361 ], [ -93.525936278988169, 41.551583467008307 ] ] ] } },
{ "type": "Feature", "properties": { "id": "19_10", "growth_scenario": "high", "market_gravity_weight": 75 }, "geometry": { "type": "Polygon", "coordinates": [ [ [ -93.524760329873814, 41.550666989110653 ], [ -93.523552941669038, 41.5506437135043 ], [ -93.523584411418184, 41.549750501298711 ], [ -93.524791784293797, 41.549773776588317 ], [ -93.52599915796867, 41.5497970405304 ], [ -93.527206532442364, 41.549820293125023 ], [ -93.528413907714523, 41.549843534372087 ], [ -93.529621283784735, 41.549866764271627 ], [ -93.529589890681649, 41.550759978059411 ], [ -93.530797282878837, 41.550783196927426 ], [ -93.530765904307714, 41.551676411831323 ], [ -93.529558496780822, 41.551653192647301 ], [ -93.529527102082284, 41.552546408035518 ], [ -93.528319680023102, 41.552523177187538 ], [ -93.528351090051686, 41.551629962115463 ], [ -93.527143684120674, 41.551606720235768 ], [ -93.525936278988169, 41.551583467008307 ], [ -93.525967718877851, 41.550690253369361 ], [ -93.524760329873814, 41.550666989110653 ] ] ] } },
{ "type": "Feature", "properties": { "id": "19_11", "growth_scenario": "high", "market_gravity_weight": 75 }, "geometry": { "type": "Polygon", "coordinates": [ [ [ -93.79405517809019, 41.55468072953996 ], [ -93.795262720275815, 41.55470146270121 ], [ -93.795234700324542, 41.555594742293131 ], [ -93.795206679661163, 41.556488022688221 ], [ -93.793999106803966, 41.556467288962573 ], [ -93.792791534659287, 41.556446543886523 ], [ -93.791583963227481, 41.556425787460164 ], [ -93.791612029898715, 41.555532507912247 ], [ -93.791640095856721, 41.554639229167449 ], [ -93.791668161101484, 41.553745951225437 ], [ -93.791696225633032, 41.552852674086061 ], [ -93.792903735723428, 41.552873429382323 ], [ -93.794111246526612, 41.552894173328809 ], [ -93.794083212664617, 41.553787451033052 ], [ -93.79405517809019, 41.55468072953996 ] ] ] } },
{ "type": "Feature", "properties": { "id": "19_12", "growth_scenario": "high", "market_gravity_weight": 75 }, "geometry": { "type": "Polygon", "coordinates": [ [ [ -93.625458716278715, 41.502516871682928 ], [ -93.625428561110851, 41.503410065980006 ], [ -93.625398405177236, 41.504303261064344 ], [ -93.624191780074696, 41.504280932406765 ], [ -93.622985155738334, 41.504258592408902 ], [ -93.623015342293129, 41.503365397931432 ], [ -93.621808734033863, 41.503343046896916 ], [ -93.621838935132303, 41.502449853510356 ], [ -93.621869135463839, 41.501556660910687 ], [ -93.623075713103177, 41.501579011337853 ], [ -93.623105897358485, 41.500685819221275 ], [ -93.624312460454874, 41.500708158005139 ], [ -93.625519024317313, 41.500730485449338 ], [ -93.625488870680869, 41.501623678172763 ], [ -93.625458716278715, 41.502516871682928 ] ] ] } },
{ "type": "Feature", "properties": { "id": "19_13", "growth_scenario": "high", "market_gravity_weight": 75 }, "geometry": { "type": "Polygon", "coordinates": [ [ [ -93.520340423974702, 41.538962134596915 ], [ -93.521547610531968, 41.538985440123454 ], [ -93.522754797889277, 41.539008734304382 ], [ -93.523961986046217, 41.539032017139661 ], [ -93.523930525890506, 41.539925219765024 ], [ -93.523899064935506, 41.540818423187297 ], [ -93.522691846129277, 41.540795139718533 ], [ -93.521484628122749, 41.540771844903787 ], [ -93.520277410916322, 41.540748538743181 ], [ -93.519070194510348, 41.540725221236656 ], [ -93.517862978905271, 41.540701892384249 ], [ -93.517894516484162, 41.539808690547247 ], [ -93.519101716764524, 41.539832019082247 ], [ -93.519133238217847, 41.538938817724819 ], [ -93.519164758870374, 41.538045617163974 ], [ -93.520371929303252, 41.538068933718876 ], [ -93.520340423974702, 41.538962134596915 ] ] ] } },
{ "type": "Feature", "properties": { "id": "19_14", "growth_scenario": "high", "market_gravity_weight": 75 }, "geometry": { "type": "Polygon", "coordinates": [ [ [ -93.77394389761065, 41.693771029062397 ], [ -93.772733968425001, 41.69375009247721 ], [ -93.772705606113746, 41.694643496158832 ], [ -93.772677243080253, 41.69553690068313 ], [ -93.771467283824208, 41.695515952150735 ], [ -93.771495662254182, 41.694622547913021 ], [ -93.770285719117226, 41.694601588293047 ], [ -93.77031411222066, 41.693708185184896 ], [ -93.769104185202764, 41.693687214477698 ], [ -93.769132592978877, 41.69279381249882 ], [ -93.770342504601118, 41.692814782919157 ], [ -93.77037089625864, 41.691921381495639 ], [ -93.771580793208543, 41.691942340255324 ], [ -93.772790690880967, 41.6919632876413 ], [ -93.774000589275545, 41.691984223653627 ], [ -93.773972243803982, 41.692877625936887 ], [ -93.77394389761065, 41.693771029062397 ] ] ] } },
{ "type": "Feature", "properties": { "id": "19_15", "growth_scenario": "high", "market_gravity_weight": 75 }, "geometry": { "type": "Polygon", "coordinates": [ [ [ -93.563706541973005, 41.751645980862349 ], [ -93.564917404885065, 41.751668883873265 ], [ -93.564886371149356, 41.752562295188767 ], [ -93.566097250270488, 41.752585187130741 ], [ -93.566066231162594, 41.753478599618191 ], [ -93.564855336622799, 41.75345570736237 ], [ -93.564824301305364, 41.754349120394288 ], [ -93.563613392137441, 41.754326216441321 ], [ -93.56240248376082, 41.754303301105026 ], [ -93.562433549916264, 41.753409888701334 ], [ -93.561222657750292, 41.753386962296169 ], [ -93.561253738532628, 41.752493551065143 ], [ -93.56128481852295, 41.751600140692133 ], [ -93.562495679852177, 41.751623066468596 ], [ -93.562526743632716, 41.750729656639081 ], [ -93.563737590335748, 41.75075257071866 ], [ -93.563706541973005, 41.751645980862349 ] ] ] } },
{ "type": "Feature", "properties": { "id": "19_16", "growth_scenario": "high", "market_gravity_weight": 75 }, "geometry": { "type": "Polygon", "coordinates": [ [ [ -93.566035211264193, 41.754372012964026 ], [ -93.566004190575299, 41.75526542716841 ], [ -93.565973169095827, 41.756158842231713 ], [ -93.56476222829771, 41.75613594903421 ], [ -93.563551288290583, 41.756113044453095 ], [ -93.563520235180121, 41.75700645974748 ], [ -93.56230928054417, 41.756983543468557 ], [ -93.562340349074802, 41.756090128488403 ], [ -93.561129410650778, 41.756067201140119 ], [ -93.561160493809396, 41.755173787333455 ], [ -93.561191576175887, 41.754280374385509 ], [ -93.56240248376082, 41.754303301105026 ], [ -93.563613392137441, 41.754326216441321 ], [ -93.564824301305364, 41.754349120394288 ], [ -93.564855336622799, 41.75345570736237 ], [ -93.566066231162594, 41.753478599618191 ], [ -93.566035211264193, 41.754372012964026 ] ] ] } },
{ "type": "Feature", "properties": { "id": "19_17", "growth_scenario": "high", "market_gravity_weight": 75 }, "geometry": { "type": "Polygon", "coordinates": [ [ [ -93.611207765117783, 41.886643923836679 ], [ -93.612420979002806, 41.886666383633134 ], [ -93.612390491851599, 41.887559939988911 ], [ -93.613603721993584, 41.887582388687939 ], [ -93.613573249542938, 41.88847594625048 ], [ -93.613542776314219, 41.889369504710672 ], [ -93.612329515213872, 41.88934705539301 ], [ -93.612299025727282, 41.89024061444173 ], [ -93.611085749925678, 41.890218153407289 ], [ -93.611116254892011, 41.889324594668047 ], [ -93.609902995349046, 41.889302122535916 ], [ -93.609933515015783, 41.888408565004212 ], [ -93.609964033903296, 41.887515008370123 ], [ -93.609994552011585, 41.88662145263342 ], [ -93.610025069340679, 41.885727897793863 ], [ -93.611238266968755, 41.885750368687489 ], [ -93.611207765117783, 41.886643923836679 ] ] ] } },
{ "type": "Feature", "properties": { "id": "19_18", "growth_scenario": "high", "market_gravity_weight": 75 }, "geometry": { "type": "Polygon", "coordinates": [ [ [ -93.811329069209009, 41.659551405487925 ], [ -93.811301211862258, 41.660444785293848 ], [ -93.811273353806499, 41.66133816593296 ], [ -93.810063972549173, 41.661317580990818 ], [ -93.808854592001282, 41.661296984680064 ], [ -93.808882480821197, 41.660403604603729 ], [ -93.808910368931279, 41.659510225360513 ], [ -93.807701019856879, 41.659489618244379 ], [ -93.807728922638447, 41.658596240115614 ], [ -93.808938256331601, 41.658616846950189 ], [ -93.810147590734516, 41.658637442416577 ], [ -93.811356925846781, 41.658658026514885 ], [ -93.81256626166801, 41.658678599245029 ], [ -93.813775598197822, 41.658699160606993 ], [ -93.813747772322714, 41.65959254014205 ], [ -93.813719945739422, 41.660485920510084 ], [ -93.812510578446535, 41.660465358586201 ], [ -93.81253842041157, 41.659571978499137 ], [ -93.811329069209009, 41.659551405487925 ] ] ] } },
{ "type": "Feature", "properties": { "id": "19_19", "growth_scenario": "high", "market_gravity_weight": 75 }, "geometry": { "type": "Polygon", "coordinates": [ [ [ -93.812482735772861, 41.66135873950644 ], [ -93.813692118447889, 41.661379301711342 ], [ -93.813664290448074, 41.66227268374606 ], [ -93.813636461739989, 41.66316606661448 ], [ -93.812427048299526, 41.663145503847559 ], [ -93.812399203499822, 41.664038887268916 ], [ -93.811189775384804, 41.664018312851908 ], [ -93.8112176355678, 41.663124929711735 ], [ -93.81000822354514, 41.663104344206936 ], [ -93.810036098401895, 41.662210962182073 ], [ -93.808826702471563, 41.662190365589872 ], [ -93.807617307251093, 41.662169757628902 ], [ -93.807645212163237, 41.66127637700076 ], [ -93.808854592001282, 41.661296984680064 ], [ -93.810063972549173, 41.661317580990818 ], [ -93.811273353806499, 41.66133816593296 ], [ -93.811301211862258, 41.660444785293848 ], [ -93.812510578446535, 41.660465358586201 ], [ -93.812482735772861, 41.66135873950644 ] ] ] } },
{ "type": "Feature", "properties": { "id": "19_2", "growth_scenario": "high", "market_gravity_weight": 75 }, "geometry": { "type": "Polygon", "coordinates": [ [ [ -93.522251094228778, 41.553300067017283 ], [ -93.523458527623603, 41.553323354922064 ], [ -93.523427054675665, 41.554216570329196 ], [ -93.523395580927968, 41.555109786537336 ], [ -93.522188116871419, 41.55508649799863 ], [ -93.522156626992469, 41.555979714691034 ], [ -93.520949148404696, 41.555956414486765 ], [ -93.519741670617535, 41.555933102933942 ], [ -93.519773191159302, 41.555039886875932 ], [ -93.518565729504502, 41.555016564292089 ], [ -93.518597264576272, 41.554123349352807 ], [ -93.519804710900104, 41.554146671619229 ], [ -93.519836229839939, 41.55325345716345 ], [ -93.52104366163411, 41.553276767764373 ], [ -93.521075164442834, 41.55238355379214 ], [ -93.522282581707245, 41.552406852727884 ], [ -93.522251094228778, 41.553300067017283 ] ] ] } },
{ "type": "Feature", "properties": { "id": "19_20", "growth_scenario": "high", "market_gravity_weight": 75 }, "geometry": { "type": "Polygon", "coordinates": [ [ [ -93.500963261912602, 41.608306460943439 ], [ -93.500931478293296, 41.60919972106997 ], [ -93.499723091993687, 41.609176220086489 ], [ -93.499691292211395, 41.610069480709079 ], [ -93.498482891365825, 41.610045968047281 ], [ -93.498451075419766, 41.610939229165957 ], [ -93.497242660028277, 41.610915704825622 ], [ -93.496034245446296, 41.610892169127396 ], [ -93.496066092102353, 41.609998908650581 ], [ -93.497274491329335, 41.610022444027834 ], [ -93.497306321820915, 41.609129184046765 ], [ -93.497338151503016, 41.608235924882194 ], [ -93.498546520830644, 41.608259448260021 ], [ -93.49857833434946, 41.607366189590927 ], [ -93.499786689132236, 41.607389701290685 ], [ -93.500995044723638, 41.607413201633207 ], [ -93.502203401123268, 41.607436690618421 ], [ -93.50217163366618, 41.608329950248951 ], [ -93.500963261912602, 41.608306460943439 ] ] ] } },
{ "type": "Feature", "properties": { "id": "19_21", "growth_scenario": "high", "market_gravity_weight": 75 }, "geometry": { "type": "Polygon", "coordinates": [ [ [ -93.502333005639969, 41.671800475797809 ], [ -93.502301210701347, 41.672693795497494 ], [ -93.501091730818629, 41.672670305825847 ], [ -93.499882251745618, 41.672646804785551 ], [ -93.498672773482696, 41.672623292376656 ], [ -93.497463296030261, 41.672599768599099 ], [ -93.497495152497166, 41.671706450184786 ], [ -93.498704614567572, 41.671729973640709 ], [ -93.498736454842003, 41.670836655739244 ], [ -93.498768294306018, 41.669943338671956 ], [ -93.499977726423936, 41.669966850116673 ], [ -93.501187159351886, 41.669990350193288 ], [ -93.502396593089429, 41.670013838901696 ], [ -93.502364799769325, 41.67090715693265 ], [ -93.502333005639969, 41.671800475797809 ] ] ] } },
{ "type": "Feature", "properties": { "id": "19_22", "growth_scenario": "high", "market_gravity_weight": 75 }, "geometry": { "type": "Polygon", "coordinates": [ [ [ -93.682434474288456, 41.458872297999662 ], [ -93.683640339255703, 41.458894078269793 ], [ -93.68361094103949, 41.459787247579342 ], [ -93.68240506078007, 41.459765467013796 ], [ -93.682375646525216, 41.46065863680311 ], [ -93.68234623152388, 41.461551807367883 ], [ -93.681140321425474, 41.461530014878143 ], [ -93.681110890384289, 41.462423185923008 ], [ -93.67990496573951, 41.462401381804149 ], [ -93.679934412073976, 41.46150821105504 ], [ -93.678728503469785, 41.461486395898724 ], [ -93.678757964349799, 41.460593226221263 ], [ -93.679963857661136, 41.460615041081638 ], [ -93.679993302501032, 41.45972187188368 ], [ -93.680022746593664, 41.458828703460945 ], [ -93.681228610067649, 41.458850506396679 ], [ -93.681258038121356, 41.457957338453127 ], [ -93.682463887050403, 41.457979129760552 ], [ -93.682434474288456, 41.458872297999662 ] ] ] } },
{ "type": "Feature", "properties": { "id": "19_23", "growth_scenario": "high", "market_gravity_weight": 75 }, "geometry": { "type": "Polygon", "coordinates": [ [ [ -93.833082429275407, 41.542832609546231 ], [ -93.83305489453862, 41.543725886588142 ], [ -93.831847529798267, 41.543705508889005 ], [ -93.831819979030442, 41.544598786453548 ], [ -93.830612599658792, 41.544578397128625 ], [ -93.829405220987596, 41.544557996455239 ], [ -93.829432802418083, 41.543664719445673 ], [ -93.828225439779004, 41.543644307701477 ], [ -93.827018077841146, 41.543623884608962 ], [ -93.827045689232591, 41.542730608954969 ], [ -93.828253035839595, 41.54275103176959 ], [ -93.828280631198979, 41.541857756637341 ], [ -93.829487963176632, 41.541878167826063 ], [ -93.830695295855037, 41.541898567666813 ], [ -93.831902629233824, 41.541918956159478 ], [ -93.831875079866037, 41.542812232124348 ], [ -93.833082429275407, 41.542832609546231 ] ] ] } },
{ "type": "Feature", "properties": { "id": "19_24", "growth_scenario": "high", "market_gravity_weight": 75 }, "geometry": { "type": "Polygon", "coordinates": [ [ [ -93.498704614567572, 41.671729973640709 ], [ -93.497495152497166, 41.671706450184786 ], [ -93.497463296030261, 41.672599768599099 ], [ -93.496253819388713, 41.672576233453036 ], [ -93.495044343558419, 41.672552686938317 ], [ -93.493834868539793, 41.672529129055121 ], [ -93.493866771152582, 41.671635811606407 ], [ -93.49389867295335, 41.670742494992069 ], [ -93.495108117208503, 41.670766052231279 ], [ -93.495140002816143, 41.669872736129058 ], [ -93.496349432501717, 41.669896281678099 ], [ -93.497558862998474, 41.669919815859053 ], [ -93.498768294306018, 41.669943338671956 ], [ -93.498736454842003, 41.670836655739244 ], [ -93.498704614567572, 41.671729973640709 ] ] ] } },
{ "type": "Feature", "properties": { "id": "19_25", "growth_scenario": "high", "market_gravity_weight": 75 }, "geometry": { "type": "Polygon", "coordinates": [ [ [ -93.528756015946215, 41.60884384150976 ], [ -93.528724585484269, 41.609737108965298 ], [ -93.528693154223006, 41.610630377237769 ], [ -93.528661722162383, 41.611523646327377 ], [ -93.52863028930237, 41.612416916234345 ], [ -93.529838740960869, 41.612440145582326 ], [ -93.529807322658044, 41.613333416623838 ], [ -93.528598855642954, 41.613310186958991 ], [ -93.528567421184079, 41.614203458501542 ], [ -93.527358939611489, 41.614180217161206 ], [ -93.52739038942731, 41.613286945935634 ], [ -93.52618192401151, 41.613263693553783 ], [ -93.526213388384036, 41.612370423463368 ], [ -93.526244851956378, 41.611477154190503 ], [ -93.527453286659494, 41.611500405938003 ], [ -93.527484734075898, 41.610607137165395 ], [ -93.527516180692544, 41.609713869209941 ], [ -93.527547626509488, 41.608820602071319 ], [ -93.527579071526745, 41.607927335749338 ], [ -93.528787445608856, 41.607950574870827 ], [ -93.528756015946215, 41.60884384150976 ] ] ] } },
{ "type": "Feature", "properties": { "id": "19_26", "growth_scenario": "high", "market_gravity_weight": 75 }, "geometry": { "type": "Polygon", "coordinates": [ [ [ -93.4972721401993, 41.677959696622054 ], [ -93.498481709952074, 41.677983222329296 ], [ -93.49844986319313, 41.678876546913351 ], [ -93.498418015623486, 41.679769872333836 ], [ -93.497208415100815, 41.679746345983332 ], [ -93.497176551334888, 41.680639671918804 ], [ -93.495966936237807, 41.680616133876619 ], [ -93.494757321952292, 41.680592584464399 ], [ -93.49478921648921, 41.679699259172708 ], [ -93.494821110214218, 41.67880593471773 ], [ -93.493611527511135, 41.678782374579825 ], [ -93.493643435808934, 41.677889051283408 ], [ -93.494853003127332, 41.677912611099146 ], [ -93.496062571257596, 41.677936159545361 ], [ -93.496094447974556, 41.677042836440975 ], [ -93.49730400153193, 41.67706637319592 ], [ -93.4972721401993, 41.677959696622054 ] ] ] } },
{ "type": "Feature", "properties": { "id": "19_27", "growth_scenario": "high", "market_gravity_weight": 75 }, "geometry": { "type": "Polygon", "coordinates": [ [ [ -93.609925590018861, 41.78201418165272 ], [ -93.609895116576624, 41.78290763325586 ], [ -93.609864642357479, 41.783801085726118 ], [ -93.609834167361385, 41.784694539063814 ], [ -93.609803691588311, 41.785587993269111 ], [ -93.609773215038231, 41.786481448342307 ], [ -93.608561736138697, 41.786458966168802 ], [ -93.608592228122674, 41.785565511404265 ], [ -93.608622719329261, 41.784672057507578 ], [ -93.607411272074501, 41.784649564562493 ], [ -93.607441777936799, 41.783756111842173 ], [ -93.606230346892872, 41.783733607817091 ], [ -93.606260867410086, 41.782840156273025 ], [ -93.607472283021366, 41.782862659989178 ], [ -93.607502787328215, 41.7819692090033 ], [ -93.608714188284907, 41.781991701022221 ], [ -93.608744676382173, 41.781098250594454 ], [ -93.609956062684191, 41.781120730916378 ], [ -93.609925590018861, 41.78201418165272 ] ] ] } },
{ "type": "Feature", "properties": { "id": "19_28", "growth_scenario": "high", "market_gravity_weight": 75 }, "geometry": { "type": "Polygon", "coordinates": [ [ [ -93.631461621549036, 41.503521537648631 ], [ -93.632668235929671, 41.503543797961726 ], [ -93.632638171860279, 41.504436994863013 ], [ -93.632608107027451, 41.505330192551881 ], [ -93.631401462024868, 41.505307931633851 ], [ -93.631371381117006, 41.506201129808076 ], [ -93.630164721566786, 41.506178857246901 ], [ -93.628958062780839, 41.506156573345073 ], [ -93.628988174311729, 41.505263375776266 ], [ -93.627781531601926, 41.505241080836704 ], [ -93.62781165767926, 41.504347884358602 ], [ -93.629018285077976, 41.504370178995217 ], [ -93.629048395079607, 41.503476983001718 ], [ -93.63025500793222, 41.503499265995245 ], [ -93.630285101858945, 41.50260607048628 ], [ -93.631491700165398, 41.502628341837081 ], [ -93.631461621549036, 41.503521537648631 ] ] ] } },
{ "type": "Feature", "properties": { "id": "19_29", "growth_scenario": "high", "market_gravity_weight": 75 }, "geometry": { "type": "Polygon", "coordinates": [ [ [ -93.631642081790972, 41.498162374580147 ], [ -93.632848604315058, 41.498184633078935 ], [ -93.634055127602409, 41.498206880238449 ], [ -93.634025083421619, 41.499100072721838 ], [ -93.635231622780339, 41.499122308844079 ], [ -93.635201593145553, 41.500015502415557 ], [ -93.633995038477948, 41.499993265991286 ], [ -93.633964992771325, 41.500886460046964 ], [ -93.632758423557391, 41.50086421198084 ], [ -93.631551855106764, 41.500841952574923 ], [ -93.631581931431839, 41.499948759123775 ], [ -93.630375379054158, 41.499926488680664 ], [ -93.630405469924355, 41.499033296318288 ], [ -93.630435560030506, 41.498140104742028 ], [ -93.630465649372624, 41.497246913951521 ], [ -93.631672155825058, 41.497269183487091 ], [ -93.631642081790972, 41.498162374580147 ] ] ] } },
{ "type": "Feature", "properties": { "id": "19_3", "growth_scenario": "high", "market_gravity_weight": 75 }, "geometry": { "type": "Polygon", "coordinates": [ [ [ -93.558660595896001, 41.548634437313929 ], [ -93.559867961132525, 41.54865738289692 ], [ -93.561075327156928, 41.548680317132323 ], [ -93.562282693968839, 41.548703240020203 ], [ -93.563490061567876, 41.548726151560523 ], [ -93.564697429953611, 41.548749051753276 ], [ -93.564666482985231, 41.549642273041826 ], [ -93.564635535230479, 41.550535495130418 ], [ -93.563428136185607, 41.550512594314398 ], [ -93.562220737927532, 41.550489682150399 ], [ -93.561013340456611, 41.550466758638635 ], [ -93.55980594377327, 41.550443823779013 ], [ -93.558598547877864, 41.550420877571561 ], [ -93.558629572281092, 41.549527657042802 ], [ -93.558660595896001, 41.548634437313929 ] ] ] } },
{ "type": "Feature", "properties": { "id": "19_30", "growth_scenario": "high", "market_gravity_weight": 75 }, "geometry": { "type": "Polygon", "coordinates": [ [ [ -93.574804251071257, 41.641006597881031 ], [ -93.574773392016311, 41.641899906340065 ], [ -93.574742532176188, 41.642793215625517 ], [ -93.573533543417312, 41.642770407633712 ], [ -93.573564418627669, 41.641877098659741 ], [ -93.572355446024602, 41.641854279615629 ], [ -93.571146474207467, 41.6418314492078 ], [ -93.571177379371861, 41.640938141683527 ], [ -93.571208283749954, 41.640044834985396 ], [ -93.571239187341774, 41.639151529112986 ], [ -93.57244811305074, 41.639174358585663 ], [ -93.573657039545537, 41.639197176695042 ], [ -93.574865966825826, 41.639219983441095 ], [ -93.574835109341095, 41.640113290248138 ], [ -93.574804251071257, 41.641006597881031 ] ] ] } },
{ "type": "Feature", "properties": { "id": "19_31", "growth_scenario": "high", "market_gravity_weight": 75 }, "geometry": { "type": "Polygon", "coordinates": [ [ [ -93.560136146425492, 41.749790385988803 ], [ -93.560105052601784, 41.750683794332097 ], [ -93.560073957985722, 41.751577203532868 ], [ -93.560042862577262, 41.752470613591385 ], [ -93.560011766376377, 41.753364024507896 ], [ -93.559980669383037, 41.754257436282806 ], [ -93.558769763382685, 41.75423448679684 ], [ -93.55880087579493, 41.753341075336593 ], [ -93.557589986006306, 41.753318114782267 ], [ -93.557621113044164, 41.75242470449512 ], [ -93.556410239467226, 41.752401732872706 ], [ -93.556441381129929, 41.751508323758465 ], [ -93.557652239288814, 41.751531295066023 ], [ -93.557683364740285, 41.750637886494616 ], [ -93.558894208274666, 41.75066084610463 ], [ -93.558925317515701, 41.749767438075999 ], [ -93.558956425964013, 41.748874030904588 ], [ -93.560167239456874, 41.748896978502799 ], [ -93.560136146425492, 41.749790385988803 ] ] ] } },
{ "type": "Feature", "properties": { "id": "19_32", "growth_scenario": "high", "market_gravity_weight": 75 }, "geometry": { "type": "Polygon", "coordinates": [ [ [ -93.558769763382685, 41.75423448679684 ], [ -93.559980669383037, 41.754257436282806 ], [ -93.55994957159723, 41.755150848916145 ], [ -93.559918473018911, 41.756044262408359 ], [ -93.559887373648039, 41.756937676759634 ], [ -93.559856273484598, 41.757831091970161 ], [ -93.558645305804731, 41.757808141225418 ], [ -93.55867642138864, 41.756914726329548 ], [ -93.557465469922207, 41.756891764515828 ], [ -93.557496600133192, 41.755998350794165 ], [ -93.556285664880122, 41.755975377911817 ], [ -93.556316809717401, 41.755081965364148 ], [ -93.556347953760991, 41.754188553675256 ], [ -93.557558858175213, 41.754211525927609 ], [ -93.557589986006306, 41.753318114782267 ], [ -93.55880087579493, 41.753341075336593 ], [ -93.558769763382685, 41.75423448679684 ] ] ] } },
{ "type": "Feature", "properties": { "id": "19_33", "growth_scenario": "high", "market_gravity_weight": 75 }, "geometry": { "type": "Polygon", "coordinates": [ [ [ -93.81315076441436, 41.639917826862771 ], [ -93.814359778026173, 41.63993838232755 ], [ -93.814331967017239, 41.640831744429846 ], [ -93.814304155300661, 41.641725107359719 ], [ -93.814276342876425, 41.642618471117402 ], [ -93.814248529744475, 41.643511835703222 ], [ -93.813039454637774, 41.643491279115636 ], [ -93.813067283144022, 41.642597914810558 ], [ -93.811858224119717, 41.642577347138314 ], [ -93.81188606729178, 41.641683983942137 ], [ -93.810677024349815, 41.641663405185561 ], [ -93.810704882186911, 41.640770043098236 ], [ -93.810732739315171, 41.639876681838487 ], [ -93.81194175151056, 41.639897260033067 ], [ -93.811969592557347, 41.639003899319619 ], [ -93.813178590088427, 41.639024465868488 ], [ -93.81315076441436, 41.639917826862771 ] ] ] } },
{ "type": "Feature", "properties": { "id": "19_34", "growth_scenario": "high", "market_gravity_weight": 75 }, "geometry": { "type": "Polygon", "coordinates": [ [ [ -93.614756038192667, 41.889391942621145 ], [ -93.614725579665659, 41.890285502288428 ], [ -93.615938857801623, 41.890307929100658 ], [ -93.61590841397711, 41.891201489975224 ], [ -93.614695120360906, 41.891179062853958 ], [ -93.614664660278407, 41.892072624317947 ], [ -93.613451351959384, 41.892050185479853 ], [ -93.612238044418532, 41.892027735234088 ], [ -93.611024737656265, 41.892005273580615 ], [ -93.611055244180449, 41.891111713044737 ], [ -93.611085749925678, 41.890218153407289 ], [ -93.612299025727282, 41.89024061444173 ], [ -93.612329515213872, 41.88934705539301 ], [ -93.613542776314219, 41.889369504710672 ], [ -93.613573249542938, 41.88847594625048 ], [ -93.614786495941985, 41.888498383851754 ], [ -93.614756038192667, 41.889391942621145 ] ] ] } },
{ "type": "Feature", "properties": { "id": "19_35", "growth_scenario": "high", "market_gravity_weight": 75 }, "geometry": { "type": "Polygon", "coordinates": [ [ [ -93.547015067254662, 41.570758079740912 ], [ -93.548222808723779, 41.570781135296571 ], [ -93.548191642681388, 41.571674372593151 ], [ -93.549399400281388, 41.571697417111373 ], [ -93.549368248785967, 41.572590655527961 ], [ -93.548160475846842, 41.572567610695849 ], [ -93.548129308220069, 41.573460849604977 ], [ -93.546921520733676, 41.573437793107253 ], [ -93.545713734039893, 41.57341472525782 ], [ -93.545744932345599, 41.572521486976889 ], [ -93.544537161784248, 41.572498408090048 ], [ -93.544568374636, 41.571605170929921 ], [ -93.544599586694417, 41.570711934575819 ], [ -93.545807326578071, 41.570735012834014 ], [ -93.545838522504908, 41.569841776971501 ], [ -93.547046247843213, 41.569864843564318 ], [ -93.547015067254662, 41.570758079740912 ] ] ] } },
{ "type": "Feature", "properties": { "id": "19_36", "growth_scenario": "high", "market_gravity_weight": 75 }, "geometry": { "type": "Polygon", "coordinates": [ [ [ -93.825810716604892, 41.543603450168121 ], [ -93.825783089180604, 41.544496726343979 ], [ -93.8257554610543, 41.545390003319994 ], [ -93.824548069857187, 41.545369556974428 ], [ -93.824520425696861, 41.546262834472579 ], [ -93.823313019870227, 41.546242376500004 ], [ -93.823340679362516, 41.545349099280237 ], [ -93.822133289570658, 41.545328630237456 ], [ -93.822160963691687, 41.544435354096613 ], [ -93.820953589934561, 41.544414873983904 ], [ -93.820981278683533, 41.543521598921778 ], [ -93.822188637109534, 41.543542078755827 ], [ -93.822216309824228, 41.54264880421492 ], [ -93.823423653622612, 41.54266927242211 ], [ -93.824630998123723, 41.5426897292812 ], [ -93.824603356070597, 41.543583004378988 ], [ -93.825810716604892, 41.543603450168121 ] ] ] } },
{ "type": "Feature", "properties": { "id": "19_4", "growth_scenario": "high", "market_gravity_weight": 75 }, "geometry": { "type": "Polygon", "coordinates": [ [ [ -93.499786769776406, 41.67532676696667 ], [ -93.499754940833014, 41.676220089364314 ], [ -93.500964481438274, 41.676243591689762 ], [ -93.500932667068696, 41.677136915244418 ], [ -93.500900851889256, 41.67803023963512 ], [ -93.49969128051552, 41.678006736666944 ], [ -93.499659449141362, 41.678900061572492 ], [ -93.49844986319313, 41.678876546913351 ], [ -93.498481709952074, 41.677983222329296 ], [ -93.4972721401993, 41.677959696622054 ], [ -93.49730400153193, 41.67706637319592 ], [ -93.496094447974556, 41.677042836440975 ], [ -93.496126323880119, 41.676149514172565 ], [ -93.497335862053546, 41.676173050605712 ], [ -93.498545401037973, 41.676196575669614 ], [ -93.498577245364999, 41.67530325359342 ], [ -93.498609088881437, 41.674409932352745 ], [ -93.499818597909623, 41.674433445404532 ], [ -93.499786769776406, 41.67532676696667 ] ] ] } },
{ "type": "Feature", "properties": { "id": "19_5", "growth_scenario": "high", "market_gravity_weight": 75 }, "geometry": { "type": "Polygon", "coordinates": [ [ [ -93.497367721764149, 41.675279728851159 ], [ -93.497335862053546, 41.676173050605712 ], [ -93.496126323880119, 41.676149514172565 ], [ -93.496094447974556, 41.677042836440975 ], [ -93.496062571257596, 41.677936159545361 ], [ -93.494853003127332, 41.677912611099146 ], [ -93.493643435808934, 41.677889051283408 ], [ -93.493675343294484, 41.676995728823094 ], [ -93.492465792172553, 41.676972157960208 ], [ -93.492497714229742, 41.676078836658093 ], [ -93.493707249967827, 41.676102407198726 ], [ -93.493739155829019, 41.675209086410035 ], [ -93.493771060878046, 41.674315766456658 ], [ -93.494980566661695, 41.67433932498399 ], [ -93.496190073257083, 41.674362872142453 ], [ -93.496158198974271, 41.675256192739802 ], [ -93.497367721764149, 41.675279728851159 ] ] ] } },
{ "type": "Feature", "properties": { "id": "19_6", "growth_scenario": "high", "market_gravity_weight": 75 }, "geometry": { "type": "Polygon", "coordinates": [ [ [ -93.715288114157573, 41.524703337617446 ], [ -93.716495118010883, 41.524724810507834 ], [ -93.716466109563186, 41.525618045604126 ], [ -93.715259090388528, 41.525596572421776 ], [ -93.71523006588221, 41.52648980802018 ], [ -93.714023032123151, 41.526468323201179 ], [ -93.714052071951144, 41.525575087894886 ], [ -93.712845054251417, 41.525553592023513 ], [ -93.711638037289745, 41.525532084807551 ], [ -93.711667107022592, 41.524638850880095 ], [ -93.711696176017043, 41.523745617746407 ], [ -93.712903162336616, 41.52376712437745 ], [ -93.712932215272218, 41.522873891744972 ], [ -93.714139187009295, 41.522895386739563 ], [ -93.715346159483929, 41.522916870390056 ], [ -93.715317137189359, 41.523810103607012 ], [ -93.715288114157573, 41.524703337617446 ] ] ] } },
{ "type": "Feature", "properties": { "id": "19_7", "growth_scenario": "high", "market_gravity_weight": 75 }, "geometry": { "type": "Polygon", "coordinates": [ [ [ -93.530060703486086, 41.537361855108188 ], [ -93.530029321547673, 41.538255057721585 ], [ -93.528822144722554, 41.538231831930467 ], [ -93.528790746662651, 41.539125035024469 ], [ -93.528759347805035, 41.540018238915202 ], [ -93.527552141128837, 41.539995001146373 ], [ -93.527583555311011, 41.539101797571753 ], [ -93.526376364757482, 41.539078548773404 ], [ -93.525169175002418, 41.539055288629356 ], [ -93.525200619034777, 41.538162086484128 ], [ -93.525232062268316, 41.537268885135447 ], [ -93.526439221375512, 41.537292144646649 ], [ -93.526470648486907, 41.536398943777719 ], [ -93.527677793069145, 41.536422191627352 ], [ -93.52888493844938, 41.536445428131799 ], [ -93.528853541984788, 41.537338629633041 ], [ -93.530060703486086, 41.537361855108188 ] ] ] } },
{ "type": "Feature", "properties": { "id": "19_8", "growth_scenario": "high", "market_gravity_weight": 75 }, "geometry": { "type": "Polygon", "coordinates": [ [ [ -93.629108612789139, 41.501690593376289 ], [ -93.630315195021481, 41.501712875764376 ], [ -93.631521778017941, 41.501735146812585 ], [ -93.631491700165398, 41.502628341837081 ], [ -93.630285101858945, 41.50260607048628 ], [ -93.63025500793222, 41.503499265995245 ], [ -93.629048395079607, 41.503476983001718 ], [ -93.629018285077976, 41.504370178995217 ], [ -93.62781165767926, 41.504347884358602 ], [ -93.626605031045543, 41.504325578381618 ], [ -93.626635171668539, 41.503432382994056 ], [ -93.626665311526153, 41.502539188393776 ], [ -93.626695450618442, 41.501645994580457 ], [ -93.627902031321341, 41.501668299648301 ], [ -93.627932154338808, 41.500775106318727 ], [ -93.629138720497096, 41.500797399743846 ], [ -93.629108612789139, 41.501690593376289 ] ] ] } },
{ "type": "Feature", "properties": { "id": "19_9", "growth_scenario": "high", "market_gravity_weight": 75 }, "geometry": { "type": "Polygon", "coordinates": [ [ [ -93.520823119556795, 41.559529288005336 ], [ -93.52203065947414, 41.559552589478372 ], [ -93.521999165593769, 41.560445810180894 ], [ -93.520791610343053, 41.560422508390616 ], [ -93.520760100328559, 41.561315729578716 ], [ -93.519552530544885, 41.561292416121717 ], [ -93.519521004395486, 41.56218563779543 ], [ -93.518313420078911, 41.562162312671475 ], [ -93.518344961562406, 41.561269091315367 ], [ -93.518376502244323, 41.560375870762215 ], [ -93.51840804212469, 41.559482651011827 ], [ -93.518439581203552, 41.55858943206389 ], [ -93.518471119480935, 41.557696213918234 ], [ -93.519678627130986, 41.557719537454545 ], [ -93.520886135582089, 41.557742849641976 ], [ -93.520854627969783, 41.558636068422516 ], [ -93.520823119556795, 41.559529288005336 ] ] ] } },
{ "type": "Feature", "properties": { "id": "21_0", "growth_scenario": "high", "market_gravity_weight": 75 }, "geometry": { "type": "Polygon", "coordinates": [ [ [ -87.149561606582083, 36.819308775842934 ], [ -87.150688263877598, 36.819391772949395 ], [ -87.150583046032637, 36.820280448678176 ], [ -87.149456375496513, 36.820197450624541 ], [ -87.149351141915758, 36.821086124920079 ], [ -87.149245905839749, 36.821974798729748 ], [ -87.149140667268398, 36.822863472053648 ], [ -87.148013959503956, 36.822780460618837 ], [ -87.148119211316782, 36.821891788242311 ], [ -87.146992519289455, 36.821808767215508 ], [ -87.147097781847705, 36.820920095300679 ], [ -87.145971105557322, 36.820837064682173 ], [ -87.146076378860343, 36.81994839322892 ], [ -87.147203041910046, 36.820031422899902 ], [ -87.147308299476634, 36.819142750012972 ], [ -87.148434951781667, 36.819225768197441 ], [ -87.148540193612391, 36.818337093876785 ], [ -87.149666835172582, 36.818420100575061 ], [ -87.149561606582083, 36.819308775842934 ] ] ] } },
{ "type": "Feature", "properties": { "id": "21_1", "growth_scenario": "high", "market_gravity_weight": 75 }, "geometry": { "type": "Polygon", "coordinates": [ [ [ -87.43445077957449, 36.6436829287899 ], [ -87.435575113092725, 36.643763268881699 ], [ -87.435473511251658, 36.644652271296579 ], [ -87.435371907006441, 36.645541273191206 ], [ -87.434247547100981, 36.645460931276908 ], [ -87.433123189600082, 36.645380578841099 ], [ -87.431998834504029, 36.645300215883807 ], [ -87.430874481813134, 36.645219842405048 ], [ -87.429750131527712, 36.645139458404934 ], [ -87.429851801740895, 36.64425046106787 ], [ -87.430976138832904, 36.644330844156286 ], [ -87.431077793447287, 36.643441845387088 ], [ -87.432202119751466, 36.643522217042609 ], [ -87.433326448460647, 36.643602578176868 ], [ -87.433428074283853, 36.642713577064114 ], [ -87.434552392204651, 36.642793926765854 ], [ -87.43445077957449, 36.6436829287899 ] ] ] } },
{ "type": "Feature", "properties": { "id": "21_2", "growth_scenario": "high", "market_gravity_weight": 75 }, "geometry": { "type": "Polygon", "coordinates": [ [ [ -87.436807924632632, 36.652813936488691 ], [ -87.437932397313077, 36.652894254127233 ], [ -87.437830811016752, 36.653783254083031 ], [ -87.438955299298073, 36.653863562110232 ], [ -87.438853723794821, 36.654752562459066 ], [ -87.437729222316321, 36.654672253520694 ], [ -87.436604723242013, 36.654591934059468 ], [ -87.435480226572167, 36.654511604075545 ], [ -87.435378609072856, 36.655400601172452 ], [ -87.434254101610577, 36.655320259754191 ], [ -87.434355732307097, 36.654431263568881 ], [ -87.434457360598529, 36.653542266865571 ], [ -87.433332881935385, 36.653461916747901 ], [ -87.433434521018341, 36.652572920437962 ], [ -87.434558986484944, 36.652653269644034 ], [ -87.435683454356479, 36.652733608327587 ], [ -87.435785064641692, 36.651844609676139 ], [ -87.436909521721446, 36.651924936925838 ], [ -87.436807924632632, 36.652813936488691 ] ] ] } },
{ "type": "Feature", "properties": { "id": "21_3", "growth_scenario": "high", "market_gravity_weight": 75 }, "geometry": { "type": "Polygon", "coordinates": [ [ [ -87.152836394589201, 36.820446413167865 ], [ -87.153963072609002, 36.820529379603819 ], [ -87.155089753122738, 36.820612335500492 ], [ -87.156216436130094, 36.820695280857848 ], [ -87.156111281996317, 36.821583960834779 ], [ -87.15498458574757, 36.821501014530789 ], [ -87.154879415878668, 36.822389693075451 ], [ -87.153752708882038, 36.822306735285274 ], [ -87.153647523277428, 36.823195412397631 ], [ -87.152520805533086, 36.823112443121033 ], [ -87.151394090283276, 36.823029463304799 ], [ -87.151499302371434, 36.822140788086386 ], [ -87.151604511964862, 36.82125211238241 ], [ -87.151709719063646, 36.820363436192608 ], [ -87.151814923667885, 36.819474759516822 ], [ -87.152941585952618, 36.819557735545118 ], [ -87.152836394589201, 36.820446413167865 ] ] ] } },
{ "type": "Feature", "properties": { "id": "21_4", "growth_scenario": "high", "market_gravity_weight": 75 }, "geometry": { "type": "Polygon", "coordinates": [ [ [ -87.156006125369103, 36.822472640326126 ], [ -87.157132837353032, 36.822555577037143 ], [ -87.157027691474411, 36.823444256989589 ], [ -87.158154419193707, 36.823527184107498 ], [ -87.158049284064305, 36.824415864521278 ], [ -87.156922543102525, 36.824332936456848 ], [ -87.15579580463411, 36.82424999785259 ], [ -87.154669068659388, 36.824167048708524 ], [ -87.153542335178628, 36.824084089024687 ], [ -87.152415604192171, 36.824001118801071 ], [ -87.151288875700288, 36.823918138037783 ], [ -87.151394090283276, 36.823029463304799 ], [ -87.152520805533086, 36.823112443121033 ], [ -87.153647523277428, 36.823195412397631 ], [ -87.153752708882038, 36.822306735285274 ], [ -87.154879415878668, 36.822389693075451 ], [ -87.15498458574757, 36.821501014530789 ], [ -87.156111281996317, 36.821583960834779 ], [ -87.156006125369103, 36.822472640326126 ] ] ] } },
{ "type": "Feature", "properties": { "id": "21_5", "growth_scenario": "high", "market_gravity_weight": 75 }, "geometry": { "type": "Polygon", "coordinates": [ [ [ -87.429750131527712, 36.645139458404934 ], [ -87.430874481813134, 36.645219842405048 ], [ -87.430772822387894, 36.646108840133664 ], [ -87.431897188272615, 36.646189214524099 ], [ -87.431795539635957, 36.647078212644395 ], [ -87.430671160557125, 36.646997837342298 ], [ -87.4305694963207, 36.647886834031112 ], [ -87.431693888593955, 36.647967210245014 ], [ -87.431592235146567, 36.648856207326041 ], [ -87.430467829678562, 36.648775830200364 ], [ -87.430366160630612, 36.649664825850216 ], [ -87.429241744373471, 36.649584437290699 ], [ -87.429343426616384, 36.648695442552793 ], [ -87.429445106453173, 36.647806447295473 ], [ -87.429546783883922, 36.646917451518497 ], [ -87.428422409616687, 36.646837055173158 ], [ -87.428524097835449, 36.645948059788303 ], [ -87.428625783648059, 36.645059063883416 ], [ -87.428727467054586, 36.644170067458191 ], [ -87.429851801740895, 36.64425046106787 ], [ -87.429750131527712, 36.645139458404934 ] ] ] } },
{ "type": "Feature", "properties": { "id": "21_6", "growth_scenario": "high", "market_gravity_weight": 75 }, "geometry": { "type": "Polygon", "coordinates": [ [ [ -87.431490579293651, 36.649745203887761 ], [ -87.431388921035165, 36.650634199930252 ], [ -87.432513355299221, 36.650714568357472 ], [ -87.432411707830809, 36.651603564792872 ], [ -87.432310057956954, 36.652492560709511 ], [ -87.433434521018341, 36.652572920437962 ], [ -87.433332881935385, 36.653461916747901 ], [ -87.432208405677557, 36.653381556107675 ], [ -87.432106750992531, 36.654270550987462 ], [ -87.430982263943662, 36.654190178912756 ], [ -87.431083931825341, 36.653301184944908 ], [ -87.431185597301095, 36.652412190458598 ], [ -87.430061139051077, 36.652331809685379 ], [ -87.430162815316962, 36.651442815592496 ], [ -87.430264489176778, 36.650553820980832 ], [ -87.429140059724361, 36.650473431509361 ], [ -87.429241744373471, 36.649584437290699 ], [ -87.430366160630612, 36.649664825850216 ], [ -87.430467829678562, 36.648775830200364 ], [ -87.431592235146567, 36.648856207326041 ], [ -87.431490579293651, 36.649745203887761 ] ] ] } },
{ "type": "Feature", "properties": { "id": "21_7", "growth_scenario": "high", "market_gravity_weight": 75 }, "geometry": { "type": "Polygon", "coordinates": [ [ [ -87.151109110310543, 36.815837065169895 ], [ -87.15100390244416, 36.816725742844838 ], [ -87.15089869208326, 36.817614420032946 ], [ -87.150793479227772, 36.818503096734382 ], [ -87.150688263877598, 36.819391772949395 ], [ -87.149561606582083, 36.819308775842934 ], [ -87.149666835172582, 36.818420100575061 ], [ -87.148540193612391, 36.818337093876785 ], [ -87.147413554547498, 36.818254076639626 ], [ -87.147518807122765, 36.817365402779714 ], [ -87.147624057202492, 36.816476728433038 ], [ -87.148750669788029, 36.816559743775642 ], [ -87.148855904133114, 36.81567106799482 ], [ -87.149982505974464, 36.815754071851636 ], [ -87.150087724585504, 36.814865394636598 ], [ -87.151214315682495, 36.814948387007853 ], [ -87.151109110310543, 36.815837065169895 ] ] ] } },
{ "type": "Feature", "properties": { "id": "21_8", "growth_scenario": "high", "market_gravity_weight": 75 }, "geometry": { "type": "Polygon", "coordinates": [ [ [ -87.147624057202492, 36.816476728433038 ], [ -87.147518807122765, 36.817365402779714 ], [ -87.147413554547498, 36.818254076639626 ], [ -87.148540193612391, 36.818337093876785 ], [ -87.148434951781667, 36.819225768197441 ], [ -87.147308299476634, 36.819142750012972 ], [ -87.147203041910046, 36.820031422899902 ], [ -87.146076378860343, 36.81994839322892 ], [ -87.144949718306748, 36.819865353018955 ], [ -87.145055002353971, 36.818976682027056 ], [ -87.14392835753695, 36.818893632225766 ], [ -87.144033652327721, 36.818004961695202 ], [ -87.145160283904858, 36.818088010548834 ], [ -87.145265562959537, 36.817199338583826 ], [ -87.146392183793225, 36.817282375951152 ], [ -87.146497447112409, 36.816393702551849 ], [ -87.146602707935841, 36.815505028665569 ], [ -87.147729304786807, 36.815588053599456 ], [ -87.147624057202492, 36.816476728433038 ] ] ] } },
{ "type": "Feature", "properties": { "id": "25_0", "growth_scenario": "high", "market_gravity_weight": 75 }, "geometry": { "type": "Polygon", "coordinates": [ [ [ -71.04120732591889, 42.503845200740251 ], [ -71.04088944164819, 42.504709052623582 ], [ -71.04057154946706, 42.505572904744184 ], [ -71.040253649375217, 42.506436757102335 ], [ -71.039071207371265, 42.506204502505113 ], [ -71.03788877327861, 42.505972237232925 ], [ -71.038206700667743, 42.505108391199933 ], [ -71.038524620145594, 42.504244545404212 ], [ -71.037342221260673, 42.504012275782436 ], [ -71.037660146475147, 42.503148433386151 ], [ -71.038842531712447, 42.503380699845394 ], [ -71.039160435368558, 42.502516854523456 ], [ -71.040342814868922, 42.50274910714603 ], [ -71.041525202279431, 42.502981349094 ], [ -71.042707597599801, 42.503213580367294 ], [ -71.042389734887479, 42.504077435175539 ], [ -71.04120732591889, 42.503845200740251 ] ] ] } },
{ "type": "Feature", "properties": { "id": "25_1", "growth_scenario": "high", "market_gravity_weight": 75 }, "geometry": { "type": "Polygon", "coordinates": [ [ [ -71.037660146475147, 42.503148433386151 ], [ -71.037342221260673, 42.504012275782436 ], [ -71.038524620145594, 42.504244545404212 ], [ -71.038206700667743, 42.505108391199933 ], [ -71.03788877327861, 42.505972237232925 ], [ -71.039071207371265, 42.506204502505113 ], [ -71.038753285719324, 42.507068351938294 ], [ -71.037570837977881, 42.50683608350333 ], [ -71.036388398148318, 42.506603804393386 ], [ -71.035205966230919, 42.506371514608574 ], [ -71.03552392882834, 42.505507674664024 ], [ -71.035841883513626, 42.504643834956582 ], [ -71.036159830287048, 42.503779995486127 ], [ -71.03647776914886, 42.502916156252361 ], [ -71.036795700099404, 42.502052317255156 ], [ -71.037978063778624, 42.502284591226505 ], [ -71.039160435368558, 42.502516854523456 ], [ -71.038842531712447, 42.503380699845394 ], [ -71.037660146475147, 42.503148433386151 ] ] ] } },
{ "type": "Feature", "properties": { "id": "25_2", "growth_scenario": "high", "market_gravity_weight": 75 }, "geometry": { "type": "Polygon", "coordinates": [ [ [ -71.308060924583344, 42.686477390985559 ], [ -71.309247341880592, 42.686707257249509 ], [ -71.310433767052288, 42.68693711279343 ], [ -71.31011840226968, 42.687801839663258 ], [ -71.308931963332682, 42.687571980966055 ], [ -71.308616576910012, 42.688436704987019 ], [ -71.309803029612624, 42.688666566837675 ], [ -71.309487649080836, 42.689531294316886 ], [ -71.308301182612325, 42.689301429312636 ], [ -71.307114724019144, 42.689071553588043 ], [ -71.305928273301546, 42.688841667143102 ], [ -71.306243695130163, 42.687976949124995 ], [ -71.306559109083167, 42.687112231411248 ], [ -71.305372693771247, 42.686882340553872 ], [ -71.305688113613371, 42.686017626297946 ], [ -71.306874515160857, 42.686247514001614 ], [ -71.307189913363487, 42.685382796895951 ], [ -71.30837630902154, 42.685612670726506 ], [ -71.308060924583344, 42.686477390985559 ] ] ] } },
{ "type": "Feature", "properties": { "id": "25_3", "growth_scenario": "high", "market_gravity_weight": 75 }, "geometry": { "type": "Polygon", "coordinates": [ [ [ -71.040342814868922, 42.50274910714603 ], [ -71.039160435368558, 42.502516854523456 ], [ -71.037978063778624, 42.502284591226505 ], [ -71.036795700099404, 42.502052317255156 ], [ -71.03647776914886, 42.502916156252361 ], [ -71.035295399733883, 42.502683868444358 ], [ -71.034113038230487, 42.502451569962034 ], [ -71.034430996474271, 42.501587737290002 ], [ -71.03324865652894, 42.501355431296332 ], [ -71.033566620507074, 42.500491602022905 ], [ -71.034748946806502, 42.500723904853963 ], [ -71.035931281017227, 42.500956197011106 ], [ -71.03711362313895, 42.501188478494242 ], [ -71.038295973171373, 42.5014207493033 ], [ -71.038613874653706, 42.500556907616321 ], [ -71.039796218949789, 42.500789164589101 ], [ -71.040978571155733, 42.501021410887638 ], [ -71.040660696967265, 42.501885258898561 ], [ -71.040342814868922, 42.50274910714603 ] ] ] } },
{ "type": "Feature", "properties": { "id": "25_4", "growth_scenario": "high", "market_gravity_weight": 75 }, "geometry": { "type": "Polygon", "coordinates": [ [ [ -71.417660188438788, 42.685446998134644 ], [ -71.417346169281586, 42.686311981959363 ], [ -71.416159400774973, 42.686083099579434 ], [ -71.414972640111671, 42.685854206472435 ], [ -71.413785887291979, 42.685625302638485 ], [ -71.414099947795691, 42.684760328236095 ], [ -71.412913216601495, 42.684531416816405 ], [ -71.413227283042872, 42.683666445865505 ], [ -71.414414000455764, 42.683895354144369 ], [ -71.414728045272511, 42.683030380363022 ], [ -71.415914756747441, 42.683259274774677 ], [ -71.417101476065113, 42.683488158459788 ], [ -71.418288203225259, 42.683717031418112 ], [ -71.417974199753232, 42.684582014620936 ], [ -71.417660188438788, 42.685446998134644 ] ] ] } },
{ "type": "Feature", "properties": { "id": "25_5", "growth_scenario": "high", "market_gravity_weight": 75 }, "geometry": { "type": "Polygon", "coordinates": [ [ [ -71.316847235118317, 42.693734299656668 ], [ -71.315660672225277, 42.693504500239015 ], [ -71.315345342800086, 42.694369247862099 ], [ -71.315030005500475, 42.695233995791888 ], [ -71.314714660326146, 42.696098744028575 ], [ -71.313528064, 42.695868924428545 ], [ -71.313843422943691, 42.695004179345609 ], [ -71.314158774012398, 42.694139434569408 ], [ -71.312972213099442, 42.693909610555238 ], [ -71.313287570061917, 42.693044869239273 ], [ -71.313602919149673, 42.692180128229516 ], [ -71.31391826036301, 42.691315387525691 ], [ -71.315104779971335, 42.691545202079475 ], [ -71.316291307453525, 42.691775005912085 ], [ -71.317477842809296, 42.692004799023373 ], [ -71.31716254290059, 42.692869549186845 ], [ -71.316847235118317, 42.693734299656668 ] ] ] } },
{ "type": "Feature", "properties": { "id": "26_0", "growth_scenario": "high", "market_gravity_weight": 75 }, "geometry": { "type": "Polygon", "coordinates": [ [ [ -85.578520854711911, 42.891154520722175 ], [ -85.577296996337481, 42.891056562284064 ], [ -85.577162228161171, 42.891946206300858 ], [ -85.575938357687747, 42.89184823502746 ], [ -85.574714490685949, 42.891750252311361 ], [ -85.574849290002291, 42.890860611080335 ], [ -85.573625442042328, 42.890762618314696 ], [ -85.573760253456243, 42.889872979528114 ], [ -85.573895061398005, 42.888983341792517 ], [ -85.575118878219499, 42.889081331772132 ], [ -85.576342698512605, 42.889179310309551 ], [ -85.577566522276939, 42.889277277404808 ], [ -85.57879034951209, 42.889375233057763 ], [ -85.578655603847295, 42.890264876364292 ], [ -85.578520854711911, 42.891154520722175 ] ] ] } },
{ "type": "Feature", "properties": { "id": "26_1", "growth_scenario": "high", "market_gravity_weight": 75 }, "geometry": { "type": "Polygon", "coordinates": [ [ [ -85.577005606978943, 42.876626494189935 ], [ -85.57687086319666, 42.877516118630815 ], [ -85.575647248737084, 42.877418146753982 ], [ -85.575512485920967, 42.878307770850128 ], [ -85.57428885936784, 42.878209786140935 ], [ -85.574154077517107, 42.879099409892376 ], [ -85.572930438870699, 42.879001412350455 ], [ -85.573065236285501, 42.87811178999155 ], [ -85.571841616674348, 42.878013782402036 ], [ -85.571976426181521, 42.87712416248317 ], [ -85.572111232217267, 42.876234543611496 ], [ -85.573334820701703, 42.876332548415874 ], [ -85.573469607703359, 42.875442929198563 ], [ -85.574693184095793, 42.875540921170831 ], [ -85.575916763958645, 42.875638901703432 ], [ -85.575782008082925, 42.876528523705169 ], [ -85.577005606978943, 42.876626494189935 ] ] ] } },
{ "type": "Feature", "properties": { "id": "26_2", "growth_scenario": "high", "market_gravity_weight": 75 }, "geometry": { "type": "Polygon", "coordinates": [ [ [ -85.577409817507856, 42.873957627149018 ], [ -85.577275084134413, 42.874847248449306 ], [ -85.578498655373949, 42.874945204710492 ], [ -85.578363934093929, 42.875834828449129 ], [ -85.577140347291476, 42.875736870796196 ], [ -85.577005606978943, 42.876626494189935 ], [ -85.575782008082925, 42.876528523705169 ], [ -85.575916763958645, 42.875638901703432 ], [ -85.574693184095793, 42.875540921170831 ], [ -85.573469607703359, 42.875442929198563 ], [ -85.573604391234241, 42.874553311027967 ], [ -85.573739171294449, 42.873663693903758 ], [ -85.573873947884167, 42.872774077825753 ], [ -85.575097477590248, 42.872872065621436 ], [ -85.576321010766307, 42.872970041977922 ], [ -85.576186265300194, 42.873859660840026 ], [ -85.577409817507856, 42.873957627149018 ] ] ] } },
{ "type": "Feature", "properties": { "id": "27_0", "growth_scenario": "high", "market_gravity_weight": 75 }, "geometry": { "type": "Polygon", "coordinates": [ [ [ -93.462027635498245, 44.902166098855233 ], [ -93.461993772818602, 44.903064224441202 ], [ -93.460726102382566, 44.903040226912289 ], [ -93.460692221901581, 44.903938353981182 ], [ -93.460658340516687, 44.904836482903214 ], [ -93.459390637188335, 44.90481247265523 ], [ -93.458122934764361, 44.904788450427958 ], [ -93.458089018678024, 44.905686580463083 ], [ -93.456821300260202, 44.905662545885974 ], [ -93.456855233245236, 44.904764416221319 ], [ -93.455587532631412, 44.904740370035348 ], [ -93.455621481609356, 44.903842242594614 ], [ -93.456889165324995, 44.903866288409958 ], [ -93.458156849945865, 44.90389032224617 ], [ -93.458190764222564, 44.90299219591752 ], [ -93.459458432850411, 44.903016217404399 ], [ -93.459492329324945, 44.902118092558254 ], [ -93.460759981959683, 44.90214210169615 ], [ -93.460793860632961, 44.901243978332474 ], [ -93.462061497274533, 44.901267975121769 ], [ -93.462027635498245, 44.902166098855233 ] ] ] } },
{ "type": "Feature", "properties": { "id": "27_1", "growth_scenario": "high", "market_gravity_weight": 75 }, "geometry": { "type": "Polygon", "coordinates": [ [ [ -93.488268330118999, 44.980859355006757 ], [ -93.488234778260505, 44.981757651449414 ], [ -93.48950394213368, 44.98178139333838 ], [ -93.489470406317039, 44.982679692028462 ], [ -93.488201225505847, 44.9826559497725 ], [ -93.488167671854967, 44.983554249976343 ], [ -93.486898475001581, 44.983530495357584 ], [ -93.486932045590876, 44.982632195520928 ], [ -93.486965615283509, 44.981733897565029 ], [ -93.485696453203161, 44.98171013168529 ], [ -93.485730038936637, 44.980811835977228 ], [ -93.485763623773096, 44.97991354214922 ], [ -93.484494496464251, 44.979889765009148 ], [ -93.484528097340231, 44.978991473428515 ], [ -93.485797207712537, 44.979015250201037 ], [ -93.487066318981789, 44.979039014978753 ], [ -93.488335431147576, 44.979062767761697 ], [ -93.488301881081341, 44.979961060444296 ], [ -93.488268330118999, 44.980859355006757 ] ] ] } },
{ "type": "Feature", "properties": { "id": "27_2", "growth_scenario": "high", "market_gravity_weight": 75 }, "geometry": { "type": "Polygon", "coordinates": [ [ [ -93.359454996283191, 44.962206387743365 ], [ -93.359419733939646, 44.963104612021453 ], [ -93.359384470654533, 44.964002838172469 ], [ -93.358115689273163, 44.963977867396309 ], [ -93.356846908833873, 44.963952884629514 ], [ -93.35557812933709, 44.963927889872018 ], [ -93.354309350783268, 44.963902883123858 ], [ -93.354344681772531, 44.963004658516788 ], [ -93.354380011818421, 44.962106435782616 ], [ -93.355648756520736, 44.962131441758267 ], [ -93.355684068698196, 44.961233220510358 ], [ -93.356952797418273, 44.961258214109733 ], [ -93.358221527080772, 44.961283195718899 ], [ -93.358186248753569, 44.962181417738677 ], [ -93.359454996283191, 44.962206387743365 ] ] ] } },
{ "type": "Feature", "properties": { "id": "27_3", "growth_scenario": "high", "market_gravity_weight": 75 }, "geometry": { "type": "Polygon", "coordinates": [ [ [ -93.517142728110528, 44.921173300687911 ], [ -93.517109591275755, 44.92207147949572 ], [ -93.517076453556641, 44.922969660163474 ], [ -93.517043314953185, 44.923867842691386 ], [ -93.515775233300019, 44.923844364289756 ], [ -93.514507152531692, 44.923820873904404 ], [ -93.514540324952989, 44.922922692100968 ], [ -93.514573496489049, 44.92202451215757 ], [ -93.514606667139887, 44.921126334074096 ], [ -93.514639836905545, 44.920228157850019 ], [ -93.514673005786037, 44.919329983485234 ], [ -93.515941002014344, 44.91935347205925 ], [ -93.517208999127305, 44.919376948650402 ], [ -93.517175864061045, 44.920275123739557 ], [ -93.517142728110528, 44.921173300687911 ] ] ] } },
{ "type": "Feature", "properties": { "id": "27_4", "growth_scenario": "high", "market_gravity_weight": 75 }, "geometry": { "type": "Polygon", "coordinates": [ [ [ -93.542743902989841, 45.088851607163654 ], [ -93.542711025877139, 45.089750146379231 ], [ -93.542678147884843, 45.090648687513571 ], [ -93.541406908167048, 45.090625442264312 ], [ -93.541374012301176, 45.091523984957 ], [ -93.540102756469523, 45.091500727328466 ], [ -93.540135669329331, 45.09060218499679 ], [ -93.538864431372133, 45.090578915710957 ], [ -93.538897360344848, 45.08968037565954 ], [ -93.538930288436603, 45.088781837526817 ], [ -93.537659085346732, 45.088758556945379 ], [ -93.537692029550087, 45.087860021092411 ], [ -93.53896321564747, 45.087883301312523 ], [ -93.540234402625714, 45.087906569514992 ], [ -93.541505590484377, 45.087929825699611 ], [ -93.541472697258612, 45.08882836263593 ], [ -93.542743902989841, 45.088851607163654 ] ] ] } },
{ "type": "Feature", "properties": { "id": "29_0", "growth_scenario": "high", "market_gravity_weight": 75 }, "geometry": { "type": "Polygon", "coordinates": [ [ [ -94.590195382390817, 39.327463478265457 ], [ -94.589024766164513, 39.327450236655295 ], [ -94.58900738432402, 39.328342401439535 ], [ -94.587836754109318, 39.328329148673461 ], [ -94.586666124323216, 39.328315884917636 ], [ -94.586683534996894, 39.327423720466186 ], [ -94.585512920056303, 39.327410445887267 ], [ -94.585530344717284, 39.326518281809221 ], [ -94.585547768949013, 39.32562611793761 ], [ -94.586718355057528, 39.325639392183341 ], [ -94.58788894159494, 39.325652655439718 ], [ -94.589059528560881, 39.325665907706764 ], [ -94.590230115955023, 39.325679148984491 ], [ -94.590212749386836, 39.326571313521711 ], [ -94.590195382390817, 39.327463478265457 ] ] ] } },
{ "type": "Feature", "properties": { "id": "29_1", "growth_scenario": "high", "market_gravity_weight": 75 }, "geometry": { "type": "Polygon", "coordinates": [ [ [ -94.593897771383851, 39.317689330822645 ], [ -94.593880451903772, 39.318581494009159 ], [ -94.593863131997054, 39.319473657400131 ], [ -94.593845811663698, 39.320365820995811 ], [ -94.592675309475425, 39.32035261368069 ], [ -94.591504807714188, 39.320339395377104 ], [ -94.590334306380313, 39.320326166084968 ], [ -94.589163805474186, 39.320312925804259 ], [ -94.589181183461321, 39.319420762872404 ], [ -94.590351669954046, 39.319434002986902 ], [ -94.59036903310006, 39.318541840093481 ], [ -94.5915395056074, 39.318555069053609 ], [ -94.591556853912991, 39.317662906198684 ], [ -94.592727312434931, 39.31767612400472 ], [ -94.592744645900808, 39.316783961188158 ], [ -94.593915090437307, 39.316797167840356 ], [ -94.593897771383851, 39.317689330822645 ] ] ] } },
{ "type": "Feature", "properties": { "id": "29_2", "growth_scenario": "high", "market_gravity_weight": 75 }, "geometry": { "type": "Polygon", "coordinates": [ [ [ -94.583189144956663, 39.326491700016149 ], [ -94.583171691463306, 39.327383863760566 ], [ -94.583154237539944, 39.328276027711702 ], [ -94.583136783186589, 39.329168191869677 ], [ -94.583119328403214, 39.330060356234817 ], [ -94.581948671500882, 39.330047048185968 ], [ -94.58077801502894, 39.330033729147111 ], [ -94.580795498646765, 39.329141565116188 ], [ -94.579624857022765, 39.329128235254714 ], [ -94.579642354626714, 39.328236071598319 ], [ -94.580812981833859, 39.328249401292453 ], [ -94.580830464590235, 39.327357237675614 ], [ -94.580847946915924, 39.326465074265379 ], [ -94.582018545721141, 39.326478392635487 ], [ -94.582036013200337, 39.32558622926463 ], [ -94.583206598020055, 39.325599536478244 ], [ -94.583189144956663, 39.326491700016149 ] ] ] } },
{ "type": "Feature", "properties": { "id": "29_3", "growth_scenario": "high", "market_gravity_weight": 75 }, "geometry": { "type": "Polygon", "coordinates": [ [ [ -94.590403758109005, 39.316757514919843 ], [ -94.591574201791261, 39.31677074354797 ], [ -94.591556853912991, 39.317662906198684 ], [ -94.5915395056074, 39.318555069053609 ], [ -94.59036903310006, 39.318541840093481 ], [ -94.590351669954046, 39.319434002986902 ], [ -94.589181183461321, 39.319420762872404 ], [ -94.588010697396683, 39.319407511769484 ], [ -94.586840211760475, 39.319394249678261 ], [ -94.586857618145643, 39.31850208728369 ], [ -94.588028089368819, 39.318515349208532 ], [ -94.588045480912555, 39.317623186851996 ], [ -94.588062872027876, 39.316731024699692 ], [ -94.58923331485444, 39.316744275303762 ], [ -94.589250691129408, 39.315852113189159 ], [ -94.590421119971978, 39.315865352639186 ], [ -94.590403758109005, 39.316757514919843 ] ] ] } },
{ "type": "Feature", "properties": { "id": "29_4", "growth_scenario": "high", "market_gravity_weight": 75 }, "geometry": { "type": "Polygon", "coordinates": [ [ [ -94.583258954630551, 39.322923047100929 ], [ -94.583241502856993, 39.323815210020868 ], [ -94.583224050653484, 39.324707373146545 ], [ -94.583206598020055, 39.325599536478244 ], [ -94.582036013200337, 39.32558622926463 ], [ -94.582018545721141, 39.326478392635487 ], [ -94.580847946915924, 39.326465074265379 ], [ -94.580865428810924, 39.325572911061641 ], [ -94.579694844852185, 39.325559581869435 ], [ -94.579712340731945, 39.324667419039237 ], [ -94.579729836180704, 39.32377525641494 ], [ -94.580900391308958, 39.323788585272609 ], [ -94.580917871912007, 39.322896422686838 ], [ -94.582088413056155, 39.32290974038829 ], [ -94.582105878814204, 39.322017577840917 ], [ -94.583276405974217, 39.322030884386528 ], [ -94.583258954630551, 39.322923047100929 ] ] ] } },
{ "type": "Feature", "properties": { "id": "30_0", "growth_scenario": "high", "market_gravity_weight": 75 }, "geometry": { "type": "Polygon", "coordinates": [ [ [ -114.089765899416932, 46.893810040566933 ], [ -114.091048952458138, 46.893639113879907 ], [ -114.091296198128902, 46.894526159845697 ], [ -114.091543450475996, 46.895413207879258 ], [ -114.091790709499691, 46.896300257980727 ], [ -114.09203797520027, 46.897187310150628 ], [ -114.090754855437979, 46.897358248005808 ], [ -114.090507606418299, 46.896471193043681 ], [ -114.089224496660464, 46.896642116223227 ], [ -114.088977270997987, 46.895755060537688 ], [ -114.087694171245104, 46.895925969041997 ], [ -114.087446968939005, 46.895038912633076 ], [ -114.087199773307987, 46.894151858292204 ], [ -114.088482839700077, 46.893980955371077 ], [ -114.088235634064134, 46.893093905889373 ], [ -114.089518677101481, 46.89292299387678 ], [ -114.089765899416932, 46.893810040566933 ] ] ] } },
{ "type": "Feature", "properties": { "id": "30_1", "growth_scenario": "high", "market_gravity_weight": 75 }, "geometry": { "type": "Polygon", "coordinates": [ [ [ -114.093321088285407, 46.897016360411939 ], [ -114.093568377344155, 46.89790341185784 ], [ -114.092285247577962, 46.898074364389053 ], [ -114.092532526633093, 46.89896142069648 ], [ -114.092779812365876, 46.899848479073263 ], [ -114.091496642558425, 46.900019425306041 ], [ -114.090213466073436, 46.900190359654793 ], [ -114.08996621370521, 46.899303295692903 ], [ -114.089718968013798, 46.898416233800539 ], [ -114.088435818216652, 46.898587150680598 ], [ -114.088188595883665, 46.897700088065392 ], [ -114.089471728998987, 46.897529173977425 ], [ -114.089224496660464, 46.896642116223227 ], [ -114.090507606418299, 46.896471193043681 ], [ -114.090754855437979, 46.897358248005808 ], [ -114.09203797520027, 46.897187310150628 ], [ -114.091790709499691, 46.896300257980727 ], [ -114.093073805904197, 46.896129311034549 ], [ -114.093321088285407, 46.897016360411939 ] ] ] } },
{ "type": "Feature", "properties": { "id": "30_2", "growth_scenario": "high", "market_gravity_weight": 75 }, "geometry": { "type": "Polygon", "coordinates": [ [ [ -114.087199773307987, 46.894151858292204 ], [ -114.087446968939005, 46.895038912633076 ], [ -114.087694171245104, 46.895925969041997 ], [ -114.087941380226567, 46.896813027519336 ], [ -114.086658257117065, 46.896983926931789 ], [ -114.086411064816872, 46.89609686566282 ], [ -114.085127951713716, 46.896267750400128 ], [ -114.084880782769588, 46.895380688408444 ], [ -114.083597679673289, 46.895551558470927 ], [ -114.083350534084403, 46.894664495756608 ], [ -114.083103395169118, 46.893777435110522 ], [ -114.084386464903886, 46.893606570629885 ], [ -114.08566952796491, 46.893435694266074 ], [ -114.086952584351792, 46.893264806019232 ], [ -114.088235634064134, 46.893093905889373 ], [ -114.088482839700077, 46.893980955371077 ], [ -114.087199773307987, 46.894151858292204 ] ] ] } },
{ "type": "Feature", "properties": { "id": "31_0", "growth_scenario": "high", "market_gravity_weight": 75 }, "geometry": { "type": "Polygon", "coordinates": [ [ [ -96.094660624769944, 41.124233176815359 ], [ -96.095861139176534, 41.124232281516676 ], [ -96.095862350165632, 41.12512544035598 ], [ -96.094661820593274, 41.125126335666643 ], [ -96.093461290990689, 41.125127219694257 ], [ -96.09346247167808, 41.126020379245716 ], [ -96.092261926879502, 41.126021252001983 ], [ -96.092260761358276, 41.1251280924388 ], [ -96.091060231696403, 41.125128953900294 ], [ -96.091059081370389, 41.124235795013902 ], [ -96.091057931073436, 41.123342636815593 ], [ -96.092258430404129, 41.123341775377213 ], [ -96.092257264971224, 41.12244861787822 ], [ -96.093457749107472, 41.122447745168756 ], [ -96.094658233213906, 41.122446861176698 ], [ -96.094659428976811, 41.123340018652144 ], [ -96.094660624769944, 41.124233176815359 ] ] ] } },
{ "type": "Feature", "properties": { "id": "31_1", "growth_scenario": "high", "market_gravity_weight": 75 }, "geometry": { "type": "Polygon", "coordinates": [ [ [ -96.08985629661079, 41.122450329449357 ], [ -96.089857431713668, 41.123343486971244 ], [ -96.089858566845237, 41.124236645180957 ], [ -96.089859702005484, 41.125129804078774 ], [ -96.088659172285887, 41.125130642974163 ], [ -96.087458642537968, 41.125131470586524 ], [ -96.086258112762152, 41.125132286915814 ], [ -96.085057582958797, 41.125133091962098 ], [ -96.085056508461676, 41.124239933020235 ], [ -96.086257023099236, 41.124239127984744 ], [ -96.086255933463846, 41.123345969741806 ], [ -96.087456432908496, 41.123345153434343 ], [ -96.087455328135633, 41.122451995890152 ], [ -96.088655812387358, 41.122451168311038 ], [ -96.088654692477775, 41.12155801146546 ], [ -96.089855161536576, 41.121557172615077 ], [ -96.08985629661079, 41.122450329449357 ] ] ] } },
{ "type": "Feature", "properties": { "id": "31_10", "growth_scenario": "high", "market_gravity_weight": 75 }, "geometry": { "type": "Polygon", "coordinates": [ [ [ -96.087509494850593, 41.166217529031584 ], [ -96.086308267034582, 41.166218345864735 ], [ -96.086309357992604, 41.167111537416424 ], [ -96.085108114965209, 41.167112342970391 ], [ -96.083906871910614, 41.167113137234182 ], [ -96.082705628829203, 41.167113920207825 ], [ -96.082704583422597, 41.166220728624111 ], [ -96.082703538042423, 41.16532753774019 ], [ -96.083904750756602, 41.165326754787621 ], [ -96.083903690219827, 41.164433564613766 ], [ -96.085104887724157, 41.164432770381964 ], [ -96.086306085201286, 41.164431964860384 ], [ -96.087507282650847, 41.164431148049175 ], [ -96.087508388736737, 41.165324338190644 ], [ -96.087509494850593, 41.166217529031584 ] ] ] } },
{ "type": "Feature", "properties": { "id": "31_11", "growth_scenario": "high", "market_gravity_weight": 75 }, "geometry": { "type": "Polygon", "coordinates": [ [ [ -96.13788608882156, 41.127766475271308 ], [ -96.13788783078779, 41.128659636350029 ], [ -96.137889572798045, 41.129552798118034 ], [ -96.137891314852325, 41.130445960575607 ], [ -96.136690695576448, 41.13044725089631 ], [ -96.136688968690194, 41.129554088421457 ], [ -96.135488364538716, 41.1295553674411 ], [ -96.135486652863733, 41.128662205638634 ], [ -96.13428606383664, 41.128663473357442 ], [ -96.13428436737216, 41.127770312227327 ], [ -96.135484941231994, 41.127769044525465 ], [ -96.135483229643512, 41.126875884101302 ], [ -96.135481518098274, 41.125982724366033 ], [ -96.136682061581496, 41.125981445414979 ], [ -96.137882605021119, 41.125980155180741 ], [ -96.137884346899327, 41.126873314881649 ], [ -96.13788608882156, 41.127766475271308 ] ] ] } },
{ "type": "Feature", "properties": { "id": "31_12", "growth_scenario": "high", "market_gravity_weight": 75 }, "geometry": { "type": "Polygon", "coordinates": [ [ [ -96.087455328135633, 41.122451995890152 ], [ -96.087456432908496, 41.123345153434343 ], [ -96.086255933463846, 41.123345969741806 ], [ -96.086257023099236, 41.124239127984744 ], [ -96.085056508461676, 41.124239933020235 ], [ -96.085057582958797, 41.125133091962098 ], [ -96.083857053128312, 41.125133885725276 ], [ -96.083855993796945, 41.124240726772818 ], [ -96.082655479105469, 41.124241509242459 ], [ -96.082654434966273, 41.123348350967596 ], [ -96.082653390853451, 41.122455193380482 ], [ -96.083853875214515, 41.122454410931823 ], [ -96.083852815963454, 41.121561254042803 ], [ -96.085053285133128, 41.121560460322137 ], [ -96.08625375427566, 41.121559655319047 ], [ -96.086254843855983, 41.122452812186594 ], [ -96.087455328135633, 41.122451995890152 ] ] ] } },
{ "type": "Feature", "properties": { "id": "31_13", "growth_scenario": "high", "market_gravity_weight": 75 }, "geometry": { "type": "Polygon", "coordinates": [ [ [ -96.136682061581496, 41.125981445414979 ], [ -96.135481518098274, 41.125982724366033 ], [ -96.135483229643512, 41.126875884101302 ], [ -96.135484941231994, 41.127769044525465 ], [ -96.13428436737216, 41.127770312227327 ], [ -96.133083793469467, 41.12777156864567 ], [ -96.133082112214723, 41.126878408187693 ], [ -96.131881553436415, 41.12687965330592 ], [ -96.131879887390653, 41.125986493520102 ], [ -96.131878221386984, 41.125093334422772 ], [ -96.133078749832677, 41.125092089337947 ], [ -96.134279278235908, 41.12509083297013 ], [ -96.13547980659628, 41.125089565319222 ], [ -96.136680334913407, 41.125088286385342 ], [ -96.137880863186908, 41.125086996168413 ], [ -96.137882605021119, 41.125980155180741 ], [ -96.136682061581496, 41.125981445414979 ] ] ] } },
{ "type": "Feature", "properties": { "id": "31_14", "growth_scenario": "high", "market_gravity_weight": 75 }, "geometry": { "type": "Polygon", "coordinates": [ [ [ -96.049043536620928, 41.127831478447057 ], [ -96.049044156206932, 41.128724640397152 ], [ -96.047843565073123, 41.128725095693163 ], [ -96.046642973924051, 41.128725539705407 ], [ -96.046643563190258, 41.129618702356929 ], [ -96.045442956858565, 41.129619135091367 ], [ -96.045442382760072, 41.128725972434061 ], [ -96.044241791581612, 41.128726393879042 ], [ -96.044241232664945, 41.127833231905498 ], [ -96.045441808676088, 41.127832810466124 ], [ -96.045441234606614, 41.126939649187271 ], [ -96.046641795436287, 41.12693921647022 ], [ -96.04664120621473, 41.126046055886036 ], [ -96.047841751862947, 41.126045611891556 ], [ -96.049042297495902, 41.126045156613884 ], [ -96.049042917050585, 41.126938317186053 ], [ -96.049043536620928, 41.127831478447057 ] ] ] } },
{ "type": "Feature", "properties": { "id": "31_15", "growth_scenario": "high", "market_gravity_weight": 75 }, "geometry": { "type": "Polygon", "coordinates": [ [ [ -96.097056749242824, 41.120658746504795 ], [ -96.098257202928622, 41.120657828689559 ], [ -96.099457656583056, 41.120656899592085 ], [ -96.099458912942481, 41.121550055643681 ], [ -96.100659381729415, 41.121549115251256 ], [ -96.100660653285203, 41.122442271977562 ], [ -96.099460169333653, 41.122443212382571 ], [ -96.099461425756573, 41.123336369809095 ], [ -96.09826092660829, 41.12333729894398 ], [ -96.098259685350371, 41.122444141504992 ], [ -96.097059201335725, 41.12244505934482 ], [ -96.095858717290113, 41.122445965902038 ], [ -96.09585750639279, 41.121552809126271 ], [ -96.094657037481198, 41.121553704388873 ], [ -96.094655841778703, 41.120660548288413 ], [ -96.095856295526062, 41.120659653037734 ], [ -96.09585508468993, 41.119766497636306 ], [ -96.09705552324283, 41.119765591115495 ], [ -96.097056749242824, 41.120658746504795 ] ] ] } },
{ "type": "Feature", "properties": { "id": "31_16", "growth_scenario": "high", "market_gravity_weight": 75 }, "geometry": { "type": "Polygon", "coordinates": [ [ [ -96.088652452743474, 41.119771699836136 ], [ -96.08985289147418, 41.119770861008192 ], [ -96.089854026491039, 41.120664016468112 ], [ -96.089855161536576, 41.121557172615077 ], [ -96.088654692477775, 41.12155801146546 ], [ -96.088655812387358, 41.122451168311038 ], [ -96.087455328135633, 41.122451995890152 ], [ -96.086254843855983, 41.122452812186594 ], [ -96.08625375427566, 41.121559655319047 ], [ -96.085053285133128, 41.121560460322137 ], [ -96.085052210744564, 41.120667304131111 ], [ -96.086252664722849, 41.120666499138792 ], [ -96.086251575197579, 41.119773343645619 ], [ -96.087452013984489, 41.119772527381933 ], [ -96.087450909323252, 41.118879372586562 ], [ -96.088651332918758, 41.118878545051821 ], [ -96.088652452743474, 41.119771699836136 ] ] ] } },
{ "type": "Feature", "properties": { "id": "31_17", "growth_scenario": "high", "market_gravity_weight": 75 }, "geometry": { "type": "Polygon", "coordinates": [ [ [ -96.143892592669403, 41.129546177344295 ], [ -96.145093196507403, 41.129544819338193 ], [ -96.146293800299091, 41.129543450048352 ], [ -96.14629564852946, 41.130436612380613 ], [ -96.145095029569745, 41.130437981688807 ], [ -96.145096862678415, 41.131331144729202 ], [ -96.143896228504005, 41.131332502771706 ], [ -96.143898046490222, 41.132225666520306 ], [ -96.142697397101102, 41.132227013296813 ], [ -96.141496747666437, 41.132228348789035 ], [ -96.141494960017781, 41.13133518500446 ], [ -96.1414931724143, 41.1304420219099 ], [ -96.141491384855982, 41.129548859505135 ], [ -96.142691988785458, 41.129547524066631 ], [ -96.142690186104673, 41.128654362369339 ], [ -96.143890774820974, 41.128653015665044 ], [ -96.143892592669403, 41.129546177344295 ] ] ] } },
{ "type": "Feature", "properties": { "id": "31_18", "growth_scenario": "high", "market_gravity_weight": 75 }, "geometry": { "type": "Polygon", "coordinates": [ [ [ -96.044236761840097, 41.120687960902892 ], [ -96.045437216526309, 41.120687539508744 ], [ -96.046637671198042, 41.120687106832285 ], [ -96.046638260330283, 41.121580263288742 ], [ -96.047838730151398, 41.121579819324047 ], [ -96.047839334463177, 41.12247297646185 ], [ -96.046638849477404, 41.122473420432485 ], [ -96.046639438639403, 41.123366578263877 ], [ -96.045438938473723, 41.123367010957693 ], [ -96.045438364476752, 41.122473853120511 ], [ -96.044237879461591, 41.12247427452597 ], [ -96.044238438293519, 41.123367432368809 ], [ -96.043037938099204, 41.123367842497132 ], [ -96.043037394432318, 41.122474684648836 ], [ -96.04303685077916, 41.121581527488132 ], [ -96.043036307139744, 41.120688371014737 ], [ -96.043035763514069, 41.119795215228478 ], [ -96.044236203050517, 41.11979480512214 ], [ -96.044236761840097, 41.120687960902892 ] ] ] } },
{ "type": "Feature", "properties": { "id": "31_19", "growth_scenario": "high", "market_gravity_weight": 75 }, "geometry": { "type": "Polygon", "coordinates": [ [ [ -96.134179270221622, 41.07239565798934 ], [ -96.135378904459401, 41.072394391339557 ], [ -96.135380613412977, 41.073287510202064 ], [ -96.136580262751139, 41.07328623226109 ], [ -96.136581986891755, 41.074179351780401 ], [ -96.135382322409683, 41.074180629738549 ], [ -96.134182657884452, 41.074181896422168 ], [ -96.13298299331646, 41.074183151831427 ], [ -96.131783328706092, 41.074184395966284 ], [ -96.130583664053717, 41.074185628826655 ], [ -96.13058201563264, 41.073292509223329 ], [ -96.130580367253188, 41.072399390293931 ], [ -96.131780001618125, 41.072398157466502 ], [ -96.132979635941055, 41.072396913364976 ], [ -96.132977957316925, 41.071503795142291 ], [ -96.134177576454348, 41.071502539783452 ], [ -96.134179270221622, 41.07239565798934 ] ] ] } },
{ "type": "Feature", "properties": { "id": "31_2", "growth_scenario": "high", "market_gravity_weight": 75 }, "geometry": { "type": "Polygon", "coordinates": [ [ [ -96.095858717290113, 41.122445965902038 ], [ -96.097059201335725, 41.12244505934482 ], [ -96.098259685350371, 41.122444141504992 ], [ -96.09826092660829, 41.12333729894398 ], [ -96.099461425756573, 41.123336369809095 ], [ -96.099462682211225, 41.124229527923383 ], [ -96.098262167897573, 41.124230457070723 ], [ -96.098263409218205, 41.125123615885599 ], [ -96.097062879707423, 41.125124533762317 ], [ -96.095862350165632, 41.12512544035598 ], [ -96.095861139176534, 41.124232281516676 ], [ -96.094660624769944, 41.124233176815359 ], [ -96.094659428976811, 41.123340018652144 ], [ -96.094658233213906, 41.122446861176698 ], [ -96.094657037481198, 41.121553704388873 ], [ -96.09585750639279, 41.121552809126271 ], [ -96.095858717290113, 41.122445965902038 ] ] ] } },
{ "type": "Feature", "properties": { "id": "31_20", "growth_scenario": "high", "market_gravity_weight": 75 }, "geometry": { "type": "Polygon", "coordinates": [ [ [ -96.142583908498082, 41.075959033759588 ], [ -96.142585708494536, 41.076852155214318 ], [ -96.141385998799947, 41.076853489598008 ], [ -96.141387783696416, 41.077746611745425 ], [ -96.140188058811333, 41.077747934871972 ], [ -96.140189828607063, 41.078641057712275 ], [ -96.138990088531486, 41.07864236958136 ], [ -96.138988333881585, 41.077749246723556 ], [ -96.138986579275979, 41.076856124540853 ], [ -96.138984824714669, 41.075963003033046 ], [ -96.138983070197654, 41.07506988219982 ], [ -96.140182749692272, 41.075068570400951 ], [ -96.141382429142212, 41.075067247327496 ], [ -96.142582108547089, 41.075065912979476 ], [ -96.143781787906519, 41.075064567356854 ], [ -96.143783603002191, 41.075957688118947 ], [ -96.142583908498082, 41.075959033759588 ] ] ] } },
{ "type": "Feature", "properties": { "id": "31_21", "growth_scenario": "high", "market_gravity_weight": 75 }, "geometry": { "type": "Polygon", "coordinates": [ [ [ -96.1377746944557, 41.070605588581891 ], [ -96.137776433608479, 41.071498706063046 ], [ -96.13777817280517, 41.072391824217668 ], [ -96.137779912045787, 41.073284943045863 ], [ -96.1377816513303, 41.074178062547944 ], [ -96.136581986891755, 41.074179351780401 ], [ -96.136580262751139, 41.07328623226109 ], [ -96.135380613412977, 41.073287510202064 ], [ -96.135378904459401, 41.072394391339557 ], [ -96.134179270221622, 41.07239565798934 ], [ -96.134177576454348, 41.071502539783452 ], [ -96.134175882729835, 41.070609422250968 ], [ -96.13537548668171, 41.070608155635099 ], [ -96.136575090590455, 41.070606877745369 ], [ -96.136573366623963, 41.069713760920123 ], [ -96.137772955346804, 41.069712471773805 ], [ -96.1377746944557, 41.070605588581891 ] ] ] } },
{ "type": "Feature", "properties": { "id": "31_22", "growth_scenario": "high", "market_gravity_weight": 75 }, "geometry": { "type": "Polygon", "coordinates": [ [ [ -96.081506446245101, 41.168901077179733 ], [ -96.082707719721697, 41.168900305475589 ], [ -96.082708765207585, 41.169793499160107 ], [ -96.083910053842715, 41.169792716154987 ], [ -96.083911114540371, 41.170685910529826 ], [ -96.082709810719905, 41.170686693545484 ], [ -96.082710856258672, 41.171579888631896 ], [ -96.08150953722604, 41.171580660367127 ], [ -96.080308218167374, 41.171581420811485 ], [ -96.080307203000075, 41.170688225704517 ], [ -96.079105899101464, 41.170688974847884 ], [ -96.079104899145165, 41.169795780431876 ], [ -96.079103899214147, 41.168902586716712 ], [ -96.080305172742456, 41.168901837593488 ], [ -96.080304157652137, 41.168008644588866 ], [ -96.081505415970213, 41.16800788418535 ], [ -96.081506446245101, 41.168901077179733 ] ] ] } },
{ "type": "Feature", "properties": { "id": "31_23", "growth_scenario": "high", "market_gravity_weight": 75 }, "geometry": { "type": "Polygon", "coordinates": [ [ [ -96.141377074993557, 41.072387888978923 ], [ -96.142576708966757, 41.072386554684449 ], [ -96.142578508781412, 41.073279673442201 ], [ -96.142580308641527, 41.074172792873767 ], [ -96.141380644380931, 41.074174127203925 ], [ -96.140180980075272, 41.074175450259659 ], [ -96.138981315724934, 41.074176762041013 ], [ -96.138979561296509, 41.073283642556305 ], [ -96.138977806912379, 41.072390523745511 ], [ -96.138976052572559, 41.071497405608362 ], [ -96.138974298277006, 41.070604288144523 ], [ -96.140173902054045, 41.070602976433364 ], [ -96.141373505786405, 41.070601653448428 ], [ -96.141375290367463, 41.07149477087696 ], [ -96.141377074993557, 41.072387888978923 ] ] ] } },
{ "type": "Feature", "properties": { "id": "31_3", "growth_scenario": "high", "market_gravity_weight": 75 }, "geometry": { "type": "Polygon", "coordinates": [ [ [ -96.092253768849176, 41.119769149505856 ], [ -96.093454207492698, 41.119768276831451 ], [ -96.093455388001146, 41.120661432256767 ], [ -96.094655841778703, 41.120660548288413 ], [ -96.094657037481198, 41.121553704388873 ], [ -96.094658233213906, 41.122446861176698 ], [ -96.093457749107472, 41.122447745168756 ], [ -96.092257264971224, 41.12244861787822 ], [ -96.092258430404129, 41.123341775377213 ], [ -96.091057931073436, 41.123342636815593 ], [ -96.09105678080553, 41.122449479305082 ], [ -96.0910556305667, 41.121556322482164 ], [ -96.091054480356917, 41.120663166346574 ], [ -96.091053330176209, 41.119770010898087 ], [ -96.091052180024548, 41.118876856136396 ], [ -96.09225260353405, 41.118875994755726 ], [ -96.092253768849176, 41.119769149505856 ] ] ] } },
{ "type": "Feature", "properties": { "id": "31_4", "growth_scenario": "high", "market_gravity_weight": 75 }, "geometry": { "type": "Polygon", "coordinates": [ [ [ -96.143888957018504, 41.127759854675055 ], [ -96.143890774820974, 41.128653015665044 ], [ -96.142690186104673, 41.128654362369339 ], [ -96.142691988785458, 41.129547524066631 ], [ -96.141491384855982, 41.129548859505135 ], [ -96.1414931724143, 41.1304420219099 ], [ -96.140292553271635, 41.13044334608243 ], [ -96.140290780881315, 41.129550183659887 ], [ -96.139090176861885, 41.129551496530873 ], [ -96.139088419683986, 41.128658334780326 ], [ -96.139086662550511, 41.127765173719041 ], [ -96.140287236235054, 41.127763860883249 ], [ -96.140285463979097, 41.126870700528592 ], [ -96.141486022452, 41.126869376427123 ], [ -96.142686580879754, 41.1268680410423 ], [ -96.142688383469448, 41.127761201361281 ], [ -96.143888957018504, 41.127759854675055 ] ] ] } },
{ "type": "Feature", "properties": { "id": "31_5", "growth_scenario": "high", "market_gravity_weight": 75 }, "geometry": { "type": "Polygon", "coordinates": [ [ [ -96.044239555999738, 41.125153750118194 ], [ -96.04544008651115, 41.125153328695788 ], [ -96.045440660551634, 41.12604648859724 ], [ -96.04664120621473, 41.126046055886036 ], [ -96.046641795436287, 41.12693921647022 ], [ -96.045441234606614, 41.126939649187271 ], [ -96.045441808676088, 41.127832810466124 ], [ -96.044241232664945, 41.127833231905498 ], [ -96.044241791581612, 41.128726393879042 ], [ -96.044242350512377, 41.129619556542018 ], [ -96.043041744152063, 41.12961996670883 ], [ -96.043041200389013, 41.128726804040419 ], [ -96.043040656639704, 41.12783364206134 ], [ -96.043040112904123, 41.126940480771296 ], [ -96.043039569182298, 41.126047320170102 ], [ -96.043039025474201, 41.125154160257523 ], [ -96.043038481779831, 41.124261001033275 ], [ -96.044238997139558, 41.124260590899475 ], [ -96.044239555999738, 41.125153750118194 ] ] ] } },
{ "type": "Feature", "properties": { "id": "31_6", "growth_scenario": "high", "market_gravity_weight": 75 }, "geometry": { "type": "Polygon", "coordinates": [ [ [ -96.089910813917655, 41.165322670676659 ], [ -96.089911950398346, 41.166215861495182 ], [ -96.089913086907771, 41.167109053013576 ], [ -96.089914223445916, 41.168002245231996 ], [ -96.088712965318223, 41.168003084667696 ], [ -96.087511707162193, 41.168003912813084 ], [ -96.086310448978196, 41.168004729668198 ], [ -96.085109190766602, 41.168005535232979 ], [ -96.085108114965209, 41.167112342970391 ], [ -96.086309357992604, 41.167111537416424 ], [ -96.086308267034582, 41.166218345864735 ], [ -96.087509494850593, 41.166217529031584 ], [ -96.087508388736737, 41.165324338190644 ], [ -96.088709601341378, 41.165323510078586 ], [ -96.088708480072455, 41.164430319948245 ], [ -96.089909677465698, 41.164429480557594 ], [ -96.089910813917655, 41.165322670676659 ] ] ] } },
{ "type": "Feature", "properties": { "id": "31_7", "growth_scenario": "high", "market_gravity_weight": 75 }, "geometry": { "type": "Polygon", "coordinates": [ [ [ -96.086310448978196, 41.168004729668198 ], [ -96.086311539991357, 41.168897922620239 ], [ -96.086312631032129, 41.169791116272776 ], [ -96.085111342451015, 41.169791921859179 ], [ -96.08511241833402, 41.170685116223368 ], [ -96.083911114540371, 41.170685910529826 ], [ -96.083910053842715, 41.169792716154987 ], [ -96.082708765207585, 41.169793499160107 ], [ -96.082707719721697, 41.168900305475589 ], [ -96.081506446245101, 41.168901077179733 ], [ -96.081505415970213, 41.16800788418535 ], [ -96.082706674262241, 41.168007112491573 ], [ -96.082705628829203, 41.167113920207825 ], [ -96.083906871910614, 41.167113137234182 ], [ -96.085108114965209, 41.167112342970391 ], [ -96.085109190766602, 41.168005535232979 ], [ -96.086310448978196, 41.168004729668198 ] ] ] } },
{ "type": "Feature", "properties": { "id": "31_8", "growth_scenario": "high", "market_gravity_weight": 75 }, "geometry": { "type": "Polygon", "coordinates": [ [ [ -96.045438938473723, 41.123367010957693 ], [ -96.046639438639403, 41.123366578263877 ], [ -96.047839938790219, 41.123366134287224 ], [ -96.047840543132523, 41.124259292800517 ], [ -96.047841147490104, 41.125152452001856 ], [ -96.047841751862947, 41.126045611891556 ], [ -96.04664120621473, 41.126046055886036 ], [ -96.045440660551634, 41.12604648859724 ], [ -96.04544008651115, 41.125153328695788 ], [ -96.044239555999738, 41.125153750118194 ], [ -96.044238997139558, 41.124260590899475 ], [ -96.043038481779831, 41.124261001033275 ], [ -96.043037938099204, 41.123367842497132 ], [ -96.044238438293519, 41.123367432368809 ], [ -96.044237879461591, 41.12247427452597 ], [ -96.045438364476752, 41.122473853120511 ], [ -96.045438938473723, 41.123367010957693 ] ] ] } },
{ "type": "Feature", "properties": { "id": "31_9", "growth_scenario": "high", "market_gravity_weight": 75 }, "geometry": { "type": "Polygon", "coordinates": [ [ [ -96.142789401233316, 41.177779286225096 ], [ -96.142791206421862, 41.178672486217238 ], [ -96.141589767682149, 41.178673822641656 ], [ -96.141591557727224, 41.179567023354871 ], [ -96.140390103753148, 41.179568348504986 ], [ -96.140391878653986, 41.180461549939558 ], [ -96.139190409445533, 41.180462863815031 ], [ -96.139188649734194, 41.179569662362809 ], [ -96.13918689006735, 41.178676461614081 ], [ -96.139185130445, 41.177783261568621 ], [ -96.139183370867144, 41.176890062226136 ], [ -96.140384779319888, 41.176888748421248 ], [ -96.141586187727782, 41.17688742332458 ], [ -96.142787596090415, 41.176886086936044 ], [ -96.143989004407402, 41.17688473925574 ], [ -96.143990824738637, 41.177777938526724 ], [ -96.142789401233316, 41.177779286225096 ] ] ] } },
{ "type": "Feature", "properties": { "id": "32_0", "growth_scenario": "high", "market_gravity_weight": 75 }, "geometry": { "type": "Polygon", "coordinates": [ [ [ -115.278424948470729, 36.117336486882706 ], [ -115.277326870635179, 36.117516379383211 ], [ -115.277552723288792, 36.118390989651026 ], [ -115.276454628082504, 36.118570873991622 ], [ -115.27668047380385, 36.119445485266034 ], [ -115.275582361226469, 36.119625361446523 ], [ -115.275356527657067, 36.118750748203489 ], [ -115.275130699306558, 36.117876133998614 ], [ -115.274032605814014, 36.118055996113419 ], [ -115.273806794833831, 36.117181378978245 ], [ -115.274904876174816, 36.117001518831714 ], [ -115.27467905826164, 36.116126902702646 ], [ -115.27577712223291, 36.115947034395937 ], [ -115.276875180985542, 36.115767155960818 ], [ -115.27797323451928, 36.11558726739743 ], [ -115.278199088885316, 36.11646187762129 ], [ -115.278424948470729, 36.117336486882706 ] ] ] } },
{ "type": "Feature", "properties": { "id": "32_1", "growth_scenario": "high", "market_gravity_weight": 75 }, "geometry": { "type": "Polygon", "coordinates": [ [ [ -115.240150638216065, 36.079846068891683 ], [ -115.240375949156586, 36.080720772665025 ], [ -115.239278311947658, 36.080900319609576 ], [ -115.238180669534259, 36.08107985642836 ], [ -115.237083021916618, 36.081259383121278 ], [ -115.236857747407015, 36.080384673461182 ], [ -115.235760106729401, 36.080564188066163 ], [ -115.234662460848227, 36.080743692545283 ], [ -115.234437215830098, 36.079868977993037 ], [ -115.235534849567358, 36.079689475475782 ], [ -115.236632478101257, 36.079509962832816 ], [ -115.237730101431509, 36.079330440064091 ], [ -115.237504825186065, 36.078455730429212 ], [ -115.238602431169326, 36.078276199496976 ], [ -115.239700031948615, 36.078096658439172 ], [ -115.239925332480169, 36.078971364149822 ], [ -115.240150638216065, 36.079846068891683 ] ] ] } },
{ "type": "Feature", "properties": { "id": "32_10", "growth_scenario": "high", "market_gravity_weight": 75 }, "geometry": { "type": "Polygon", "coordinates": [ [ [ -115.0268752017259, 36.109060059185857 ], [ -115.027098134765765, 36.109935145678833 ], [ -115.025999570901504, 36.110112725459409 ], [ -115.026222496919175, 36.110987812942817 ], [ -115.025123915724464, 36.11116538452923 ], [ -115.024901001883308, 36.110290295101997 ], [ -115.023802427711473, 36.110467854606583 ], [ -115.022703848386243, 36.110645403973066 ], [ -115.022480964051809, 36.109770309705432 ], [ -115.022258084870316, 36.108895214484434 ], [ -115.023356639842575, 36.108717669004932 ], [ -115.024455189661765, 36.108540113387505 ], [ -115.025553734327673, 36.108362547632183 ], [ -115.026652273840043, 36.108184971739156 ], [ -115.02775080819859, 36.108007385708412 ], [ -115.027973748260109, 36.10888247121126 ], [ -115.0268752017259, 36.109060059185857 ] ] ] } },
{ "type": "Feature", "properties": { "id": "32_11", "growth_scenario": "high", "market_gravity_weight": 75 }, "geometry": { "type": "Polygon", "coordinates": [ [ [ -114.990856269471394, 36.048368458860317 ], [ -114.991078607874059, 36.049243650295232 ], [ -114.992176370922678, 36.049066384433985 ], [ -114.992398726622596, 36.04994157296786 ], [ -114.991300951413393, 36.050118840765421 ], [ -114.990203171067364, 36.050296098430593 ], [ -114.990425507582586, 36.051171289872499 ], [ -114.989327709938749, 36.051348539341504 ], [ -114.989105385584722, 36.050473345963447 ], [ -114.98800759496568, 36.050650583363797 ], [ -114.987785287909091, 36.049775387085376 ], [ -114.987562985988447, 36.048900189842342 ], [ -114.987340689203549, 36.048024991634627 ], [ -114.988438443340044, 36.047847760042089 ], [ -114.989536192340708, 36.047670518317275 ], [ -114.989758513446588, 36.048545712653201 ], [ -114.990856269471394, 36.048368458860317 ] ] ] } },
{ "type": "Feature", "properties": { "id": "32_12", "growth_scenario": "high", "market_gravity_weight": 75 }, "geometry": { "type": "Polygon", "coordinates": [ [ [ -115.029072289640055, 36.108704873098944 ], [ -115.030170825865511, 36.108527264849023 ], [ -115.031269356936178, 36.108349646461406 ], [ -115.031492338678632, 36.109224725178287 ], [ -115.031715325576286, 36.110099802941392 ], [ -115.031938317629297, 36.110974879750856 ], [ -115.030839750031689, 36.111152503971169 ], [ -115.029741177278794, 36.111330118053601 ], [ -115.029518209577731, 36.110455037355585 ], [ -115.028419643846078, 36.110632639355977 ], [ -115.028196693475863, 36.109757555760361 ], [ -115.027098134765765, 36.109935145678833 ], [ -115.0268752017259, 36.109060059185857 ], [ -115.027973748260109, 36.10888247121126 ], [ -115.02775080819859, 36.108007385708412 ], [ -115.028849337403031, 36.107829789540027 ], [ -115.029072289640055, 36.108704873098944 ] ] ] } },
{ "type": "Feature", "properties": { "id": "32_13", "growth_scenario": "high", "market_gravity_weight": 75 }, "geometry": { "type": "Polygon", "coordinates": [ [ [ -115.201041783775949, 36.043396380399038 ], [ -115.202138968209766, 36.043217180605708 ], [ -115.203236147453751, 36.043037970689504 ], [ -115.203460922767889, 36.043912767150033 ], [ -115.203685703272313, 36.044787562635989 ], [ -115.203910488967182, 36.045662357147485 ], [ -115.202813273315329, 36.04584157293263 ], [ -115.201716052473117, 36.046020778594581 ], [ -115.200618826440817, 36.046199974133295 ], [ -115.20039407715511, 36.045325173752865 ], [ -115.20016933305908, 36.04445037239833 ], [ -115.199944594152569, 36.043575570069407 ], [ -115.19971986043538, 36.042700766766046 ], [ -115.20081703792296, 36.042521579051588 ], [ -115.201041783775949, 36.043396380399038 ] ] ] } },
{ "type": "Feature", "properties": { "id": "32_14", "growth_scenario": "high", "market_gravity_weight": 75 }, "geometry": { "type": "Polygon", "coordinates": [ [ [ -115.175953464245936, 35.99462556911201 ], [ -115.177050002194477, 35.99444659392902 ], [ -115.177274331313924, 35.995321470623331 ], [ -115.176177781242401, 35.995500447756669 ], [ -115.175081225994163, 35.995679414771587 ], [ -115.173984665569535, 35.995858371668128 ], [ -115.174208963495616, 35.996733253229699 ], [ -115.173112385771006, 35.996912201957826 ], [ -115.172888099968702, 35.996037318446142 ], [ -115.172663819342347, 35.995162433951123 ], [ -115.172439543891684, 35.994287548472599 ], [ -115.173536085245686, 35.994108605594562 ], [ -115.173311802847593, 35.993233721082198 ], [ -115.17440832690292, 35.993054770035776 ], [ -115.175504845782356, 35.992875808871212 ], [ -115.175729152425987, 35.993750689483555 ], [ -115.175953464245936, 35.99462556911201 ] ] ] } },
{ "type": "Feature", "properties": { "id": "32_15", "growth_scenario": "high", "market_gravity_weight": 75 }, "geometry": { "type": "Polygon", "coordinates": [ [ [ -115.015221050051707, 36.108210057843458 ], [ -115.016319611582716, 36.108032577078227 ], [ -115.017418167962617, 36.107855086174943 ], [ -115.018516719191069, 36.107677585133551 ], [ -115.018739551538587, 36.108552688090924 ], [ -115.017640988133536, 36.108730191075196 ], [ -115.016542419576922, 36.108907683921295 ], [ -115.016765232722463, 36.109782789811128 ], [ -115.015666646837374, 36.10996027446182 ], [ -115.015889452956984, 36.110835381341445 ], [ -115.014790849743079, 36.111012857796574 ], [ -115.01456805580105, 36.110137748974154 ], [ -115.013469459613731, 36.11031521334808 ], [ -115.013246683000204, 36.109440101630163 ], [ -115.013023911537246, 36.108564988959216 ], [ -115.014122483369789, 36.108387528470466 ], [ -115.013899704880174, 36.107512416788758 ], [ -115.014998259385266, 36.107334948104295 ], [ -115.015221050051707, 36.108210057843458 ] ] ] } },
{ "type": "Feature", "properties": { "id": "32_16", "growth_scenario": "high", "market_gravity_weight": 75 }, "geometry": { "type": "Polygon", "coordinates": [ [ [ -115.237241451206344, 36.00192604054314 ], [ -115.238337949831006, 36.001746502138595 ], [ -115.238563007747146, 36.002621258547393 ], [ -115.238788070856856, 36.003496013971578 ], [ -115.237691547994672, 36.003675556289572 ], [ -115.237916604178992, 36.004550312686099 ], [ -115.236820064003965, 36.004729846844114 ], [ -115.237045113262354, 36.005604604213246 ], [ -115.235948555774158, 36.005784130211119 ], [ -115.235723518635538, 36.004909370885166 ], [ -115.235498486690091, 36.004034610575161 ], [ -115.235273459937616, 36.003159849280948 ], [ -115.23504843837793, 36.002285087002285 ], [ -115.236144947388595, 36.002105568831091 ], [ -115.235919918902781, 36.001230807524287 ], [ -115.237016410601996, 36.001051281192872 ], [ -115.237241451206344, 36.00192604054314 ] ] ] } },
{ "type": "Feature", "properties": { "id": "32_17", "growth_scenario": "high", "market_gravity_weight": 75 }, "geometry": { "type": "Polygon", "coordinates": [ [ [ -114.992663191731481, 36.064476324401149 ], [ -114.992885598291124, 36.065351502372344 ], [ -114.993108009990095, 36.066226679381984 ], [ -114.993330426828564, 36.067101855430415 ], [ -114.992232405099912, 36.067279129630599 ], [ -114.991134378231848, 36.06745639369646 ], [ -114.990036346224585, 36.067633647627957 ], [ -114.988938309078407, 36.067810891424998 ], [ -114.988715940904896, 36.06693570762684 ], [ -114.989813965884551, 36.066758465767101 ], [ -114.98959159068329, 36.065883282945222 ], [ -114.990689598358131, 36.065706032888393 ], [ -114.990467216129616, 36.064830851042537 ], [ -114.991565206500013, 36.064653592788879 ], [ -114.991342817244757, 36.063778411918797 ], [ -114.992440790311022, 36.063601145468404 ], [ -114.992663191731481, 36.064476324401149 ] ] ] } },
{ "type": "Feature", "properties": { "id": "32_18", "growth_scenario": "high", "market_gravity_weight": 75 }, "geometry": { "type": "Polygon", "coordinates": [ [ [ -115.197327117205759, 36.046737500009378 ], [ -115.197551835269763, 36.047612305284041 ], [ -115.19777655852306, 36.048487109585196 ], [ -115.196679287457542, 36.04866626854222 ], [ -115.196904003762228, 36.049541073826049 ], [ -115.195806715369301, 36.049720224615321 ], [ -115.195582011202845, 36.048845417375468 ], [ -115.194484729759225, 36.049024556084973 ], [ -115.194260042919808, 36.048149745916106 ], [ -115.194035361268917, 36.047274934773981 ], [ -115.19293809891299, 36.047454059448221 ], [ -115.192713434588214, 36.046579245377075 ], [ -115.193810684806337, 36.046400122658376 ], [ -115.194907929836333, 36.046220989816113 ], [ -115.196005169677903, 36.046041846850223 ], [ -115.196229870415564, 36.046916655054488 ], [ -115.197327117205759, 36.046737500009378 ] ] ] } },
{ "type": "Feature", "properties": { "id": "32_19", "growth_scenario": "high", "market_gravity_weight": 75 }, "geometry": { "type": "Polygon", "coordinates": [ [ [ -115.178370876208547, 35.995142483371701 ], [ -115.179467415925956, 35.994963486001815 ], [ -115.179691774468338, 35.995838357811429 ], [ -115.179916138188347, 35.996713228637425 ], [ -115.180140507086165, 35.997588098479888 ], [ -115.180364881161935, 35.998462967339073 ], [ -115.179268292951363, 35.998641972511741 ], [ -115.17817169956291, 35.998820967565827 ], [ -115.177947349734637, 35.997946094805073 ], [ -115.177723005083834, 35.997071221061212 ], [ -115.177498665610344, 35.996196346334038 ], [ -115.176402103415541, 35.996375325417738 ], [ -115.176177781242401, 35.995500447756669 ], [ -115.177274331313924, 35.995321470623331 ], [ -115.177050002194477, 35.99444659392902 ], [ -115.178146534966245, 35.994267608627737 ], [ -115.178370876208547, 35.995142483371701 ] ] ] } },
{ "type": "Feature", "properties": { "id": "32_2", "growth_scenario": "high", "market_gravity_weight": 75 }, "geometry": { "type": "Polygon", "coordinates": [ [ [ -115.240784941380909, 36.006815465561843 ], [ -115.241881502332092, 36.006635895181688 ], [ -115.242978058088326, 36.006456314684591 ], [ -115.243203183528024, 36.007331059315852 ], [ -115.242106615652148, 36.007510641770459 ], [ -115.242331734167351, 36.008385387375441 ], [ -115.242556857877872, 36.009260131996761 ], [ -115.242781986783868, 36.010134875634655 ], [ -115.241685377351828, 36.010314453844899 ], [ -115.241460260566413, 36.009439708249346 ], [ -115.240363658059735, 36.009619274384569 ], [ -115.240138558590075, 36.008744525848229 ], [ -115.239041963009086, 36.008924079908709 ], [ -115.238816880854671, 36.008049328431625 ], [ -115.239913464315222, 36.007869776328413 ], [ -115.239688375234991, 36.006995025824992 ], [ -115.23946329134921, 36.006120274337725 ], [ -115.240559845375387, 36.005940716031859 ], [ -115.240784941380909, 36.006815465561843 ] ] ] } },
{ "type": "Feature", "properties": { "id": "32_3", "growth_scenario": "high", "market_gravity_weight": 75 }, "geometry": { "type": "Polygon", "coordinates": [ [ [ -115.17291294934374, 36.000590672584977 ], [ -115.174009580742862, 36.000411726174654 ], [ -115.175106206965182, 36.000232769645244 ], [ -115.176202828010446, 36.000053802996895 ], [ -115.176427163944922, 36.000928677693373 ], [ -115.177523791937588, 36.000749698975362 ], [ -115.17862041475253, 36.000570710138504 ], [ -115.178844780114261, 36.001445579950797 ], [ -115.177748145174519, 36.001624570738542 ], [ -115.177972503589373, 36.00249944151939 ], [ -115.176875851346495, 36.002678424139027 ], [ -115.175779193925806, 36.002857396639449 ], [ -115.175554859761576, 36.00198252195699 ], [ -115.174458209288872, 36.0021614823875 ], [ -115.173361553639026, 36.002340432698794 ], [ -115.173137248903032, 36.001465553132974 ], [ -115.17291294934374, 36.000590672584977 ] ] ] } },
{ "type": "Feature", "properties": { "id": "32_4", "growth_scenario": "high", "market_gravity_weight": 75 }, "geometry": { "type": "Polygon", "coordinates": [ [ [ -115.274032605814014, 36.118055996113419 ], [ -115.275130699306558, 36.117876133998614 ], [ -115.275356527657067, 36.118750748203489 ], [ -115.275582361226469, 36.119625361446523 ], [ -115.275808200015021, 36.120499973727924 ], [ -115.276034044022836, 36.121374585047768 ], [ -115.274935901921424, 36.121554455036602 ], [ -115.273837754600834, 36.121734314896408 ], [ -115.273611934898383, 36.120859699639368 ], [ -115.272513794511795, 36.121039547401573 ], [ -115.272287992180821, 36.120164929214809 ], [ -115.273386120414713, 36.119985083421 ], [ -115.273160311149624, 36.119110466241139 ], [ -115.27293450710296, 36.118235848099573 ], [ -115.272708708274536, 36.117361228996145 ], [ -115.273806794833831, 36.117181378978245 ], [ -115.274032605814014, 36.118055996113419 ] ] ] } },
{ "type": "Feature", "properties": { "id": "32_5", "growth_scenario": "high", "market_gravity_weight": 75 }, "geometry": { "type": "Polygon", "coordinates": [ [ [ -115.020283814295965, 36.110125374137048 ], [ -115.020506674276632, 36.111000472291437 ], [ -115.019408079492763, 36.111177991243224 ], [ -115.018309479556535, 36.111355500056675 ], [ -115.017210874468205, 36.111532998731683 ], [ -115.016988051019496, 36.110657894747867 ], [ -115.015889452956984, 36.110835381341445 ], [ -115.015666646837374, 36.10996027446182 ], [ -115.016765232722463, 36.109782789811128 ], [ -115.016542419576922, 36.108907683921295 ], [ -115.017640988133536, 36.108730191075196 ], [ -115.018739551538587, 36.108552688090924 ], [ -115.019838109791777, 36.1083751749686 ], [ -115.020060959467727, 36.109250275029517 ], [ -115.020283814295965, 36.110125374137048 ] ] ] } },
{ "type": "Feature", "properties": { "id": "32_6", "growth_scenario": "high", "market_gravity_weight": 75 }, "geometry": { "type": "Polygon", "coordinates": [ [ [ -115.292316165020054, 36.029362993153029 ], [ -115.291219394879619, 36.029543024766866 ], [ -115.291445145685529, 36.030417663447786 ], [ -115.290348358212654, 36.030597686907704 ], [ -115.289251565529128, 36.030777700249914 ], [ -115.289477297301715, 36.031652341877312 ], [ -115.288380487285465, 36.031832347065262 ], [ -115.287283672058962, 36.032012342135197 ], [ -115.2870579645313, 36.031137696580615 ], [ -115.28683226221348, 36.030263050045342 ], [ -115.287929053195143, 36.030083058902342 ], [ -115.289025838966907, 36.029903057641597 ], [ -115.288800117614898, 36.02902841405227 ], [ -115.289896886054805, 36.028848404637323 ], [ -115.290993649284431, 36.028668385104766 ], [ -115.292090407303562, 36.028488355454677 ], [ -115.293187160111913, 36.028308315687163 ], [ -115.293412929949568, 36.029182951421724 ], [ -115.292316165020054, 36.029362993153029 ] ] ] } },
{ "type": "Feature", "properties": { "id": "32_7", "growth_scenario": "high", "market_gravity_weight": 75 }, "geometry": { "type": "Polygon", "coordinates": [ [ [ -115.177498665610344, 35.996196346334038 ], [ -115.177723005083834, 35.997071221061212 ], [ -115.177947349734637, 35.997946094805073 ], [ -115.176850763292535, 35.998125077789823 ], [ -115.175754171673248, 35.998304050655939 ], [ -115.174657574876989, 35.998483013403273 ], [ -115.173560972904042, 35.998661966031875 ], [ -115.173336676749386, 35.997787084486369 ], [ -115.173112385771006, 35.996912201957826 ], [ -115.174208963495616, 35.996733253229699 ], [ -115.173984665569535, 35.995858371668128 ], [ -115.175081225994163, 35.995679414771587 ], [ -115.176177781242401, 35.995500447756669 ], [ -115.176402103415541, 35.996375325417738 ], [ -115.177498665610344, 35.996196346334038 ] ] ] } },
{ "type": "Feature", "properties": { "id": "32_8", "growth_scenario": "high", "market_gravity_weight": 75 }, "geometry": { "type": "Polygon", "coordinates": [ [ [ -115.153164600400615, 36.213426743205332 ], [ -115.152939903081716, 36.212551955225379 ], [ -115.154039656428125, 36.212373219276472 ], [ -115.155139404573788, 36.212194473182848 ], [ -115.15623914751842, 36.212015716944528 ], [ -115.157338885261822, 36.21183695056159 ], [ -115.158438617803711, 36.211658174034085 ], [ -115.158663376098389, 36.212532952196568 ], [ -115.159763115633126, 36.212354163560789 ], [ -115.159987891324661, 36.213228938822091 ], [ -115.158888139595049, 36.213407729421725 ], [ -115.157788382663284, 36.213586509876663 ], [ -115.156688620529678, 36.213765280186927 ], [ -115.155588853194445, 36.213944040352331 ], [ -115.154489080657854, 36.214122790372869 ], [ -115.154264365942538, 36.213248005293117 ], [ -115.153164600400615, 36.213426743205332 ] ] ] } },
{ "type": "Feature", "properties": { "id": "32_9", "growth_scenario": "high", "market_gravity_weight": 75 }, "geometry": { "type": "Polygon", "coordinates": [ [ [ -115.205242838543185, 36.010806750358064 ], [ -115.206339541348299, 36.010627507664537 ], [ -115.207436238966949, 36.010448254852157 ], [ -115.207660966116052, 36.011323064039694 ], [ -115.206564256372559, 36.011502318806457 ], [ -115.206788976583468, 36.012377128966804 ], [ -115.20701370198114, 36.013251938145899 ], [ -115.20591696280033, 36.013431186702441 ], [ -115.204820218432772, 36.013610425139689 ], [ -115.204595517286265, 36.012735612051834 ], [ -115.203498779858094, 36.012914838415561 ], [ -115.203274096023463, 36.012040022392441 ], [ -115.203049417374686, 36.01116520538811 ], [ -115.204146130551891, 36.010985982932588 ], [ -115.203921444963711, 36.010111166900771 ], [ -115.205018140830077, 36.009931936280331 ], [ -115.205242838543185, 36.010806750358064 ] ] ] } },
{ "type": "Feature", "properties": { "id": "34_0", "growth_scenario": "high", "market_gravity_weight": 75 }, "geometry": { "type": "Polygon", "coordinates": [ [ [ -74.355821287211967, 40.607981012228009 ], [ -74.355552184974087, 40.608850758851233 ], [ -74.355283076160745, 40.609720505422189 ], [ -74.354122018981485, 40.609518909140753 ], [ -74.352960968378241, 40.609317302261196 ], [ -74.351799924351269, 40.609115684783617 ], [ -74.352069073432418, 40.608245945962459 ], [ -74.352338215937209, 40.607376207088677 ], [ -74.353499233119749, 40.607577819399566 ], [ -74.35376835562667, 40.606708077889728 ], [ -74.354037471558001, 40.605838336326904 ], [ -74.355198468472608, 40.60603993287409 ], [ -74.35635947196225, 40.606241518823616 ], [ -74.356090382874612, 40.607111265552184 ], [ -74.355821287211967, 40.607981012228009 ] ] ] } },
{ "type": "Feature", "properties": { "id": "34_1", "growth_scenario": "high", "market_gravity_weight": 75 }, "geometry": { "type": "Polygon", "coordinates": [ [ [ -74.356005736552021, 40.603430700117663 ], [ -74.355736653766868, 40.604300444423195 ], [ -74.354575683694847, 40.604098853041492 ], [ -74.354306580913985, 40.604968594710869 ], [ -74.354037471558001, 40.605838336326904 ], [ -74.352876481218729, 40.605636729182095 ], [ -74.353145603995927, 40.604766990149031 ], [ -74.351984633653259, 40.604565374989811 ], [ -74.351715497455103, 40.605435111439895 ], [ -74.350554520267423, 40.605233483100264 ], [ -74.350823669886296, 40.604363749233286 ], [ -74.349662712695306, 40.604162112879649 ], [ -74.349931869158397, 40.603292381542126 ], [ -74.351092812929195, 40.603494015312663 ], [ -74.352253763275712, 40.603695638486144 ], [ -74.352522886322717, 40.602825901928654 ], [ -74.35368382982432, 40.603027511922164 ], [ -74.354844779900858, 40.603229111318512 ], [ -74.355113869532232, 40.602359369541773 ], [ -74.356274812762834, 40.602560955758385 ], [ -74.356005736552021, 40.603430700117663 ] ] ] } },
{ "type": "Feature", "properties": { "id": "34_10", "growth_scenario": "high", "market_gravity_weight": 75 }, "geometry": { "type": "Polygon", "coordinates": [ [ [ -74.350762926162687, 40.450392744640823 ], [ -74.350494356671675, 40.451262390272397 ], [ -74.349335891785159, 40.451060771226629 ], [ -74.349067302383361, 40.451930414197882 ], [ -74.347908830682357, 40.451728782008026 ], [ -74.34764022136919, 40.452598422318765 ], [ -74.346481742854152, 40.452396776984635 ], [ -74.346750365530042, 40.451527139242856 ], [ -74.345591906926714, 40.451325485902473 ], [ -74.345860536415813, 40.450455850637816 ], [ -74.346129159355883, 40.449586215280945 ], [ -74.347287591235101, 40.4497878634836 ], [ -74.347556194264769, 40.448918225465597 ], [ -74.34871461933065, 40.449119860524533 ], [ -74.349873050944495, 40.449321485008511 ], [ -74.349604474638795, 40.450191128163574 ], [ -74.350762926162687, 40.450392744640823 ] ] ] } },
{ "type": "Feature", "properties": { "id": "34_11", "growth_scenario": "high", "market_gravity_weight": 75 }, "geometry": { "type": "Polygon", "coordinates": [ [ [ -74.345239363778134, 40.448514923623101 ], [ -74.344970734025466, 40.449384556503418 ], [ -74.346129159355883, 40.449586215280945 ], [ -74.345860536415813, 40.450455850637816 ], [ -74.345591906926714, 40.451325485902473 ], [ -74.345323270888329, 40.452195121075171 ], [ -74.344164805472005, 40.451993454590387 ], [ -74.343006346605492, 40.451791777530495 ], [ -74.343275009368142, 40.450922147496271 ], [ -74.343543665580953, 40.450052517369897 ], [ -74.342385239987777, 40.44985083487353 ], [ -74.342653903012177, 40.448981207223945 ], [ -74.342922559486908, 40.448111579481591 ], [ -74.344080958357949, 40.448313256839668 ], [ -74.344349594922633, 40.447443626435458 ], [ -74.345507986981943, 40.447645290650023 ], [ -74.345239363778134, 40.448514923623101 ] ] ] } },
{ "type": "Feature", "properties": { "id": "34_12", "growth_scenario": "high", "market_gravity_weight": 75 }, "geometry": { "type": "Polygon", "coordinates": [ [ [ -74.34952034904704, 40.44651093820984 ], [ -74.350678740576342, 40.446712554988913 ], [ -74.350410183913041, 40.447582198421344 ], [ -74.350141620702502, 40.448451841761155 ], [ -74.349873050944495, 40.449321485008511 ], [ -74.34871461933065, 40.449119860524533 ], [ -74.348983202450455, 40.448250219845605 ], [ -74.347824790746145, 40.448048587355174 ], [ -74.347556194264769, 40.448918225465597 ], [ -74.346397775747164, 40.448716579831753 ], [ -74.34666638558987, 40.447846944289978 ], [ -74.345507986981943, 40.447645290650023 ], [ -74.34577660363712, 40.446775657584041 ], [ -74.346934988884257, 40.446977308655413 ], [ -74.347203585630538, 40.446107672927816 ], [ -74.348361964065006, 40.446309310856137 ], [ -74.34863054090296, 40.445439672467081 ], [ -74.349788912524303, 40.445641297252628 ], [ -74.34952034904704, 40.44651093820984 ] ] ] } },
{ "type": "Feature", "properties": { "id": "34_13", "growth_scenario": "high", "market_gravity_weight": 75 }, "geometry": { "type": "Polygon", "coordinates": [ [ [ -74.313613460521623, 40.440255573468924 ], [ -74.313344476415722, 40.441125134665619 ], [ -74.31450267819902, 40.441327081789034 ], [ -74.31566088653851, 40.441529018340347 ], [ -74.315391922584837, 40.442398584584005 ], [ -74.314233700890881, 40.442196645461095 ], [ -74.313964717026337, 40.443066209037255 ], [ -74.313695726605147, 40.443935772517669 ], [ -74.312537484758309, 40.443733817679011 ], [ -74.312806488534292, 40.44286425677042 ], [ -74.311648266599178, 40.442662293931456 ], [ -74.311917277172512, 40.441792735498915 ], [ -74.310759075148667, 40.44159076465985 ], [ -74.311028092518768, 40.440721208703074 ], [ -74.31129710333181, 40.439851652649843 ], [ -74.312455278648457, 40.440053618345267 ], [ -74.312724269551538, 40.439184059623706 ], [ -74.313882438071289, 40.439386012175852 ], [ -74.313613460521623, 40.440255573468924 ] ] ] } },
{ "type": "Feature", "properties": { "id": "34_14", "growth_scenario": "high", "market_gravity_weight": 75 }, "geometry": { "type": "Polygon", "coordinates": [ [ [ -74.456774716311315, 40.681357465021357 ], [ -74.456506571226981, 40.68222746984182 ], [ -74.456238419582192, 40.683097474633712 ], [ -74.455075878925484, 40.682896792123344 ], [ -74.454807707255199, 40.683766794307807 ], [ -74.453645159694901, 40.683566098604167 ], [ -74.453913344829772, 40.682696098998903 ], [ -74.452750817295339, 40.68249539526046 ], [ -74.453019009332976, 40.681625398205782 ], [ -74.453287194809278, 40.680755401122234 ], [ -74.452124700763733, 40.6805546919284 ], [ -74.452392893142161, 40.67968469739484 ], [ -74.45355537372447, 40.679885404009624 ], [ -74.45471786086766, 40.68008610001084 ], [ -74.455880354571406, 40.680286785398408 ], [ -74.455612202583353, 40.681156787668833 ], [ -74.456774716311315, 40.681357465021357 ] ] ] } },
{ "type": "Feature", "properties": { "id": "34_15", "growth_scenario": "high", "market_gravity_weight": 75 }, "geometry": { "type": "Polygon", "coordinates": [ [ [ -74.457400966799597, 40.683298146529872 ], [ -74.458563520577385, 40.683498807811795 ], [ -74.459726080915289, 40.68369945847936 ], [ -74.459457963105663, 40.684569470979469 ], [ -74.459189838735966, 40.685439483451859 ], [ -74.458027251466717, 40.685238827626684 ], [ -74.457759107070643, 40.686108837492462 ], [ -74.456596512896127, 40.685908168473631 ], [ -74.456864670758065, 40.685038161186924 ], [ -74.455702096610295, 40.684837484132686 ], [ -74.454539529023677, 40.684636796464069 ], [ -74.454807707255199, 40.683766794307807 ], [ -74.455075878925484, 40.682896792123344 ], [ -74.456238419582192, 40.683097474633712 ], [ -74.456506571226981, 40.68222746984182 ], [ -74.457669104979615, 40.682428139159136 ], [ -74.457400966799597, 40.683298146529872 ] ] ] } },
{ "type": "Feature", "properties": { "id": "34_16", "growth_scenario": "high", "market_gravity_weight": 75 }, "geometry": { "type": "Polygon", "coordinates": [ [ [ -74.393079252772438, 40.717083302652426 ], [ -74.394242177248145, 40.717284557610299 ], [ -74.395405108308438, 40.717485801952414 ], [ -74.395136075888388, 40.718355699516067 ], [ -74.393973131358678, 40.718154452584784 ], [ -74.392810193413794, 40.717953195037673 ], [ -74.392541127470011, 40.718823087399869 ], [ -74.391378182641006, 40.718621816647534 ], [ -74.391109096642367, 40.719491706397285 ], [ -74.389946144929695, 40.719290422439485 ], [ -74.3887831998032, 40.719089127865942 ], [ -74.389052312740191, 40.718219243295771 ], [ -74.389321419090976, 40.717349358702407 ], [ -74.390484337279645, 40.71755064809642 ], [ -74.390753423575944, 40.716680760890071 ], [ -74.3919163348816, 40.71688203707901 ], [ -74.392185401124024, 40.716012147259804 ], [ -74.393348305546198, 40.716213410243974 ], [ -74.393079252772438, 40.717083302652426 ] ] ] } },
{ "type": "Feature", "properties": { "id": "34_17", "growth_scenario": "high", "market_gravity_weight": 75 }, "geometry": { "type": "Polygon", "coordinates": [ [ [ -74.392626239342718, 40.488825141647318 ], [ -74.392358035712192, 40.489694897348464 ], [ -74.392089825538548, 40.490564652969731 ], [ -74.391821608821502, 40.491434408511218 ], [ -74.390662374482474, 40.491233162500016 ], [ -74.390394137838143, 40.492102915394057 ], [ -74.389234896659602, 40.491901656231597 ], [ -74.389503146687375, 40.491031905905558 ], [ -74.388343925436459, 40.490830638728013 ], [ -74.388612182302921, 40.489960890890195 ], [ -74.388880432625129, 40.489091142972313 ], [ -74.390039627110525, 40.489292405013998 ], [ -74.390307857506386, 40.48842265444803 ], [ -74.39146704515295, 40.48862390333916 ], [ -74.391735255623061, 40.487754150125227 ], [ -74.392894436430311, 40.487955385865959 ], [ -74.392626239342718, 40.488825141647318 ] ] ] } },
{ "type": "Feature", "properties": { "id": "34_18", "growth_scenario": "high", "market_gravity_weight": 75 }, "geometry": { "type": "Polygon", "coordinates": [ [ [ -74.511747784699111, 40.853006338387011 ], [ -74.510582303369191, 40.852806138911916 ], [ -74.510314170203898, 40.853676367542931 ], [ -74.509148681913786, 40.853476154836969 ], [ -74.508880528634506, 40.854346380895954 ], [ -74.507715033384684, 40.854146154958883 ], [ -74.507983200200854, 40.853275931489392 ], [ -74.506817725065389, 40.853075697500309 ], [ -74.50708589884043, 40.852205476637693 ], [ -74.507354066037976, 40.851335255792016 ], [ -74.508519514101039, 40.851535484602081 ], [ -74.508787661185508, 40.850665261183863 ], [ -74.509953102289558, 40.850865476763417 ], [ -74.511118549970078, 40.851065681701691 ], [ -74.512284004226743, 40.851265875998649 ], [ -74.51201589775097, 40.852136107184236 ], [ -74.511747784699111, 40.853006338387011 ] ], [ [ -74.510850429957827, 40.851935910298302 ], [ -74.50968496874107, 40.851735702770881 ], [ -74.509416828615898, 40.852605928795349 ], [ -74.510582303369191, 40.852806138911916 ], [ -74.510850429957827, 40.851935910298302 ] ] ] } },
{ "type": "Feature", "properties": { "id": "34_19", "growth_scenario": "high", "market_gravity_weight": 75 }, "geometry": { "type": "Polygon", "coordinates": [ [ [ -74.34488684840548, 40.445704365347794 ], [ -74.34604521374392, 40.445906024424993 ], [ -74.34577660363712, 40.446775657584041 ], [ -74.345507986981943, 40.447645290650023 ], [ -74.344349594922633, 40.447443626435458 ], [ -74.344080958357949, 40.448313256839668 ], [ -74.342922559486908, 40.448111579481591 ], [ -74.342653903012177, 40.448981207223945 ], [ -74.341495497329888, 40.448779516722176 ], [ -74.341764167165294, 40.447909891548953 ], [ -74.340605781393421, 40.447708193041933 ], [ -74.340874458039266, 40.446838570344873 ], [ -74.342032830450989, 40.447040266282762 ], [ -74.342301487187214, 40.446170640923363 ], [ -74.3434598527883, 40.446372323717952 ], [ -74.343728489615458, 40.445502695696256 ], [ -74.343997119893885, 40.444633067581044 ], [ -74.34515546532414, 40.444834734663957 ], [ -74.34488684840548, 40.445704365347794 ] ] ] } },
{ "type": "Feature", "properties": { "id": "34_2", "growth_scenario": "high", "market_gravity_weight": 75 }, "geometry": { "type": "Polygon", "coordinates": [ [ [ -74.465180540346793, 40.681891886396073 ], [ -74.464017994169041, 40.681691285921076 ], [ -74.462855454549469, 40.681490674831728 ], [ -74.462587383348577, 40.682360692572928 ], [ -74.461424836822445, 40.682160068291097 ], [ -74.460262296855362, 40.681959433394915 ], [ -74.46053039498625, 40.681089420810139 ], [ -74.459367875043156, 40.680888777878167 ], [ -74.459635980079284, 40.680018767843137 ], [ -74.460798486558033, 40.680219408196855 ], [ -74.461960999595661, 40.680420037936543 ], [ -74.462229071144279, 40.679550022716349 ], [ -74.463391577275956, 40.679750639263965 ], [ -74.464554089965674, 40.679951245197508 ], [ -74.46571660921316, 40.680151840516913 ], [ -74.465448578058826, 40.681021863470626 ], [ -74.465180540346793, 40.681891886396073 ] ] ] } },
{ "type": "Feature", "properties": { "id": "34_20", "growth_scenario": "high", "market_gravity_weight": 75 }, "geometry": { "type": "Polygon", "coordinates": [ [ [ -74.350057469454498, 40.444771656202306 ], [ -74.349788912524303, 40.445641297252628 ], [ -74.34863054090296, 40.445439672467081 ], [ -74.348361964065006, 40.446309310856137 ], [ -74.347203585630538, 40.446107672927816 ], [ -74.346934988884257, 40.446977308655413 ], [ -74.34577660363712, 40.446775657584041 ], [ -74.34604521374392, 40.445906024424993 ], [ -74.34488684840548, 40.445704365347794 ], [ -74.34515546532414, 40.444834734663957 ], [ -74.345424075694581, 40.443965103886512 ], [ -74.346582414313346, 40.444166757826849 ], [ -74.346851004776411, 40.443297124387328 ], [ -74.348009336583189, 40.443498765185247 ], [ -74.349167674937107, 40.443700395409053 ], [ -74.348899111193589, 40.444570033984803 ], [ -74.350057469454498, 40.444771656202306 ] ] ] } },
{ "type": "Feature", "properties": { "id": "34_21", "growth_scenario": "high", "market_gravity_weight": 75 }, "geometry": { "type": "Polygon", "coordinates": [ [ [ -74.3379957998539, 40.81569704184831 ], [ -74.339160183398732, 40.815898815683234 ], [ -74.338890088828691, 40.816768657281166 ], [ -74.340054492491262, 40.816970423094077 ], [ -74.339784404801932, 40.817840267295843 ], [ -74.338619987639859, 40.817638498877955 ], [ -74.338349879832023, 40.818508340473805 ], [ -74.33718545578941, 40.818306558823622 ], [ -74.336021038366368, 40.818104766546369 ], [ -74.334856627563155, 40.817902963642076 ], [ -74.335126775868957, 40.817033129862175 ], [ -74.335396917554831, 40.816163296080916 ], [ -74.336561301360192, 40.816365093774557 ], [ -74.336831422927915, 40.815495257386573 ], [ -74.337101537876521, 40.814625420997004 ], [ -74.338265901304069, 40.814827202853792 ], [ -74.3379957998539, 40.81569704184831 ] ] ] } },
{ "type": "Feature", "properties": { "id": "34_22", "growth_scenario": "high", "market_gravity_weight": 75 }, "geometry": { "type": "Polygon", "coordinates": [ [ [ -74.453733756621702, 40.675334724282088 ], [ -74.454896169892294, 40.675535418003193 ], [ -74.454628023779023, 40.676405415264291 ], [ -74.453465597046687, 40.676204718964655 ], [ -74.453197430911459, 40.677074713616982 ], [ -74.454359871105865, 40.67727541249527 ], [ -74.454091711872536, 40.678145409696334 ], [ -74.452929258215775, 40.677944708239302 ], [ -74.452661078959437, 40.678814702831886 ], [ -74.452392893142161, 40.67968469739484 ], [ -74.451230419120989, 40.679483980166552 ], [ -74.451498618400962, 40.678613988182697 ], [ -74.450336164403708, 40.678413262920223 ], [ -74.449173716967948, 40.678212527044536 ], [ -74.449441936610796, 40.677342540189208 ], [ -74.450604370584628, 40.677543273485718 ], [ -74.451766811119711, 40.677743996169092 ], [ -74.452034997277508, 40.676874004125594 ], [ -74.452303176874537, 40.676004012051983 ], [ -74.452571349911096, 40.675134019948025 ], [ -74.452839516387371, 40.674264027813564 ], [ -74.454001909636744, 40.674464729569102 ], [ -74.453733756621702, 40.675334724282088 ] ] ] } },
{ "type": "Feature", "properties": { "id": "34_23", "growth_scenario": "high", "market_gravity_weight": 75 }, "geometry": { "type": "Polygon", "coordinates": [ [ [ -74.249830956202231, 40.397952129722924 ], [ -74.249561354669808, 40.398821532326195 ], [ -74.248404026440554, 40.39861899638607 ], [ -74.248134405012181, 40.399488396304449 ], [ -74.246977070020691, 40.399285847227056 ], [ -74.245819741596605, 40.399083287587175 ], [ -74.244662419740209, 40.398880717384927 ], [ -74.244932081155255, 40.398011325191483 ], [ -74.243774779195263, 40.397808747002145 ], [ -74.244044447370712, 40.396939357273176 ], [ -74.245201736002571, 40.397141932887457 ], [ -74.246359031201948, 40.397344497939663 ], [ -74.246628666153669, 40.396475102949999 ], [ -74.247785954591947, 40.396677654865258 ], [ -74.248943249596906, 40.396880196218419 ], [ -74.248673641302048, 40.397749596357471 ], [ -74.249830956202231, 40.397952129722924 ] ] ] } },
{ "type": "Feature", "properties": { "id": "34_3", "growth_scenario": "high", "market_gravity_weight": 75 }, "geometry": { "type": "Polygon", "coordinates": [ [ [ -74.336939585880117, 40.629447067278171 ], [ -74.336670171728016, 40.630316786693214 ], [ -74.336400750991132, 40.631186506060196 ], [ -74.335239397122436, 40.630984733984491 ], [ -74.334078049839064, 40.630782951308561 ], [ -74.332916709141273, 40.630581158032619 ], [ -74.333186170162406, 40.629711446427862 ], [ -74.332024849478117, 40.629509645139571 ], [ -74.33229431734091, 40.628639936073952 ], [ -74.332563778617995, 40.627770226959655 ], [ -74.333725072447947, 40.627972023073021 ], [ -74.334886372863068, 40.628173808586702 ], [ -74.336047679863086, 40.628375583500663 ], [ -74.335778258867776, 40.629245300376894 ], [ -74.336939585880117, 40.629447067278171 ] ] ] } },
{ "type": "Feature", "properties": { "id": "34_4", "growth_scenario": "high", "market_gravity_weight": 75 }, "geometry": { "type": "Polygon", "coordinates": [ [ [ -74.459367875043156, 40.680888777878167 ], [ -74.46053039498625, 40.681089420810139 ], [ -74.460262296855362, 40.681959433394915 ], [ -74.459994192165126, 40.682829445951249 ], [ -74.459726080915289, 40.68369945847936 ], [ -74.458563520577385, 40.683498807811795 ], [ -74.457400966799597, 40.683298146529872 ], [ -74.457669104979615, 40.682428139159136 ], [ -74.456506571226981, 40.68222746984182 ], [ -74.456774716311315, 40.681357465021357 ], [ -74.455612202583353, 40.681156787668833 ], [ -74.455880354571406, 40.680286785398408 ], [ -74.457042854835422, 40.680487460172216 ], [ -74.458205361659438, 40.680688124332178 ], [ -74.458473480159697, 40.679818116875552 ], [ -74.459635980079284, 40.680018767843137 ], [ -74.459367875043156, 40.680888777878167 ] ] ] } },
{ "type": "Feature", "properties": { "id": "34_5", "growth_scenario": "high", "market_gravity_weight": 75 }, "geometry": { "type": "Polygon", "coordinates": [ [ [ -74.461780584258349, 40.673058686504774 ], [ -74.461512531688896, 40.673928696776812 ], [ -74.462674943925393, 40.674129319085615 ], [ -74.462406898260738, 40.674999331904829 ], [ -74.461244472561944, 40.674798707018546 ], [ -74.460976406877251, 40.675668717230131 ], [ -74.459813974273828, 40.675468079152822 ], [ -74.458651548228701, 40.675267430462242 ], [ -74.457489128742125, 40.675066771158512 ], [ -74.456326715814413, 40.674866101241683 ], [ -74.456594835347147, 40.673996101341679 ], [ -74.457757234813201, 40.674196768680446 ], [ -74.458025334325654, 40.673326766171918 ], [ -74.459187726888743, 40.673527420319864 ], [ -74.460350126009928, 40.673728063854881 ], [ -74.460618192041139, 40.672858056160308 ], [ -74.460886251514793, 40.671988048435111 ], [ -74.46204863027053, 40.67218867620214 ], [ -74.461780584258349, 40.673058686504774 ] ] ] } },
{ "type": "Feature", "properties": { "id": "34_6", "growth_scenario": "high", "market_gravity_weight": 75 }, "geometry": { "type": "Polygon", "coordinates": [ [ [ -74.38930210552509, 40.630284538183737 ], [ -74.38903332814202, 40.63115436914179 ], [ -74.387871825752427, 40.630953078779733 ], [ -74.386710329933265, 40.630751777814751 ], [ -74.385548840684805, 40.630550466246859 ], [ -74.385817658373938, 40.62968064303351 ], [ -74.384656189131377, 40.629479323444521 ], [ -74.384925013684338, 40.628609502767389 ], [ -74.386086469492312, 40.628810819774614 ], [ -74.386355274040156, 40.627940996470045 ], [ -74.387516722984145, 40.628142300293263 ], [ -74.388678178498111, 40.628343593513954 ], [ -74.389839640581812, 40.628544876131933 ], [ -74.389570876338283, 40.629414707180509 ], [ -74.38930210552509, 40.630284538183737 ] ] ] } },
{ "type": "Feature", "properties": { "id": "34_7", "growth_scenario": "high", "market_gravity_weight": 75 }, "geometry": { "type": "Polygon", "coordinates": [ [ [ -74.324720428867025, 40.459604165701371 ], [ -74.325878962890002, 40.459806011087444 ], [ -74.325610054587003, 40.460675609083651 ], [ -74.325341139727399, 40.46154520698915 ], [ -74.324182578978736, 40.461343356458656 ], [ -74.323913644198996, 40.462212951701147 ], [ -74.323644702861898, 40.463082546853272 ], [ -74.322486121943953, 40.46288068060219 ], [ -74.322755076644412, 40.462011088022713 ], [ -74.323024024787188, 40.461141495352678 ], [ -74.323292966372563, 40.460271902591856 ], [ -74.323561901400737, 40.459402309740106 ], [ -74.322403380491409, 40.459200443203699 ], [ -74.322672322324593, 40.458330852832987 ], [ -74.32294125760076, 40.457461262370863 ], [ -74.324099751786491, 40.457663123762813 ], [ -74.325258252528698, 40.457864974579849 ], [ -74.324989343976085, 40.458734570186195 ], [ -74.324720428867025, 40.459604165701371 ] ] ] } },
{ "type": "Feature", "properties": { "id": "34_8", "growth_scenario": "high", "market_gravity_weight": 75 }, "geometry": { "type": "Polygon", "coordinates": [ [ [ -74.464641419984844, 40.671719884409811 ], [ -74.464373407452783, 40.672589899897417 ], [ -74.464105388364288, 40.673459915354464 ], [ -74.463837362719104, 40.674329930781205 ], [ -74.462674943925393, 40.674129319085615 ], [ -74.461512531688896, 40.673928696776812 ], [ -74.461780584258349, 40.673058686504774 ], [ -74.46204863027053, 40.67218867620214 ], [ -74.460886251514793, 40.671988048435111 ], [ -74.4597238793164, 40.671787410055188 ], [ -74.459991945693687, 40.670917404876498 ], [ -74.461154304431119, 40.671118040678991 ], [ -74.461422350790372, 40.670248032891848 ], [ -74.462584702624014, 40.670448655504465 ], [ -74.463747061014203, 40.670649267504395 ], [ -74.463479041577003, 40.671519280445757 ], [ -74.464641419984844, 40.671719884409811 ] ] ] } },
{ "type": "Feature", "properties": { "id": "34_9", "growth_scenario": "high", "market_gravity_weight": 75 }, "geometry": { "type": "Polygon", "coordinates": [ [ [ -74.42794173855826, 40.830332486831587 ], [ -74.429106617355288, 40.830533439528296 ], [ -74.428837569518464, 40.831403481368284 ], [ -74.428568515085686, 40.832273523215697 ], [ -74.427403609254299, 40.832072565326321 ], [ -74.427134534707719, 40.832942604584787 ], [ -74.425969621955403, 40.832741633464636 ], [ -74.426238710019348, 40.831871596802777 ], [ -74.42507381738119, 40.831670617645287 ], [ -74.423908931340065, 40.831469627853977 ], [ -74.424178039840754, 40.830599596392936 ], [ -74.425342912365238, 40.830800583587468 ], [ -74.42561200075248, 40.829930549536783 ], [ -74.424447141744324, 40.829729564938852 ], [ -74.42471623705103, 40.828859533491567 ], [ -74.425881082543157, 40.829060515492927 ], [ -74.427045934631607, 40.829261486860808 ], [ -74.42677686635723, 40.830131523501016 ], [ -74.42794173855826, 40.830332486831587 ] ] ] } },
{ "type": "Feature", "properties": { "id": "35_0", "growth_scenario": "high", "market_gravity_weight": 75 }, "geometry": { "type": "Polygon", "coordinates": [ [ [ -106.785280864383168, 34.65060567625644 ], [ -106.784188171943541, 34.650706924447981 ], [ -106.784312705216806, 34.651595272586064 ], [ -106.785405410057166, 34.651494023329249 ], [ -106.785529958595262, 34.652382369402076 ], [ -106.784437241353913, 34.652483619724272 ], [ -106.784561780354963, 34.653371965862704 ], [ -106.783469047848286, 34.653473207024504 ], [ -106.783593577311706, 34.654361553228711 ], [ -106.782500829539529, 34.654462785229846 ], [ -106.782376312477865, 34.653574437960373 ], [ -106.782251798279674, 34.652686089691393 ], [ -106.783344521248623, 34.652584859820699 ], [ -106.783219997512617, 34.651696511617288 ], [ -106.783095476640156, 34.650808162413945 ], [ -106.782970958631182, 34.649919812210605 ], [ -106.782846443485553, 34.64903146100697 ], [ -106.783939113988126, 34.648930225171249 ], [ -106.785031781627154, 34.648828979110213 ], [ -106.785156321573211, 34.649717328183492 ], [ -106.785280864383168, 34.65060567625644 ] ] ] } },
{ "type": "Feature", "properties": { "id": "35_1", "growth_scenario": "high", "market_gravity_weight": 75 }, "geometry": { "type": "Polygon", "coordinates": [ [ [ -106.730787676680706, 35.013704088188696 ], [ -106.731885598314662, 35.01360337758608 ], [ -106.732983517071574, 35.013502656713463 ], [ -106.733108046442382, 35.014390720690983 ], [ -106.732010115164243, 35.01449144263762 ], [ -106.732134634890983, 35.015379506767019 ], [ -106.731036688214076, 35.015480219517514 ], [ -106.729938738660181, 35.015580921997739 ], [ -106.729814243976776, 35.014692855720497 ], [ -106.728716304068016, 35.014793546856716 ], [ -106.72859182478274, 35.013905478583773 ], [ -106.728467348373684, 35.01301740938856 ], [ -106.728342874840735, 35.012129339271006 ], [ -106.729440777185744, 35.012028651355742 ], [ -106.730538676654433, 35.01192795317062 ], [ -106.730663175229239, 35.012816021140907 ], [ -106.730787676680706, 35.013704088188696 ] ] ] } },
{ "type": "Feature", "properties": { "id": "36_0", "growth_scenario": "high", "market_gravity_weight": 75 }, "geometry": { "type": "Polygon", "coordinates": [ [ [ -74.200649408178492, 40.583684607118556 ], [ -74.200378502980286, 40.584554009037205 ], [ -74.199218296173584, 40.584350998820696 ], [ -74.198058095981935, 40.584147978018038 ], [ -74.196897902405624, 40.583944946629472 ], [ -74.196626950416913, 40.584814340686947 ], [ -74.196355991812354, 40.585683734677396 ], [ -74.195195778068523, 40.585480687506127 ], [ -74.194035570941068, 40.585277629748845 ], [ -74.194306556328826, 40.584408240955362 ], [ -74.194577535100152, 40.583538852094676 ], [ -74.195737715444935, 40.583741904654957 ], [ -74.196008674209153, 40.582872513128542 ], [ -74.197168847778698, 40.583075552504788 ], [ -74.197439786536378, 40.582206158312708 ], [ -74.198599953330216, 40.582409184505188 ], [ -74.199760126738923, 40.582612200111981 ], [ -74.199489214763659, 40.583481599499876 ], [ -74.200649408178492, 40.583684607118556 ] ] ] } },
{ "type": "Feature", "properties": { "id": "36_1", "growth_scenario": "high", "market_gravity_weight": 75 }, "geometry": { "type": "Polygon", "coordinates": [ [ [ -74.028185826012049, 41.074431637636557 ], [ -74.029353578293509, 41.074636288460347 ], [ -74.030521337330555, 41.074840928636966 ], [ -74.030246460074423, 41.07571029060734 ], [ -74.031414239421338, 41.075914922801665 ], [ -74.031139368964617, 41.076784287484273 ], [ -74.030864491752411, 41.077653652214522 ], [ -74.029696685295377, 41.077449014689975 ], [ -74.029421787771966, 41.07831837680272 ], [ -74.028253974515664, 41.07811372596516 ], [ -74.028528885594326, 41.077244366517839 ], [ -74.028803789916694, 41.076375007118024 ], [ -74.027636010526663, 41.076170350963807 ], [ -74.027910921647418, 41.075300994276702 ], [ -74.026743162567911, 41.075096330140489 ], [ -74.027018080486442, 41.074226976165647 ], [ -74.027292991648821, 41.073357622237509 ], [ -74.028460723620839, 41.073562281043252 ], [ -74.028185826012049, 41.074431637636557 ] ] ] } },
{ "type": "Feature", "properties": { "id": "36_10", "growth_scenario": "high", "market_gravity_weight": 75 }, "geometry": { "type": "Polygon", "coordinates": [ [ [ -73.959752415859128, 41.088113242659858 ], [ -73.959476617325592, 41.08898246178169 ], [ -73.959200812013819, 41.089851680950133 ], [ -73.958033011835013, 41.089646385780149 ], [ -73.957757186194783, 41.090515602320906 ], [ -73.957481353775535, 41.091384818908587 ], [ -73.956313533275747, 41.091179507743753 ], [ -73.956589379245017, 41.090310293830839 ], [ -73.955421579074567, 41.090104974695478 ], [ -73.955697431814016, 41.089235763504192 ], [ -73.955973277774078, 41.088366552359446 ], [ -73.956249116955036, 41.087497341260985 ], [ -73.957416876477907, 41.08770265237235 ], [ -73.958584642779385, 41.08790795283867 ], [ -73.95886044808401, 41.087038736437549 ], [ -73.960028207614684, 41.087244023584553 ], [ -73.959752415859128, 41.088113242659858 ] ] ] } },
{ "type": "Feature", "properties": { "id": "36_11", "growth_scenario": "high", "market_gravity_weight": 75 }, "geometry": { "type": "Polygon", "coordinates": [ [ [ -74.026111374185717, 41.151143900379424 ], [ -74.025836145912351, 41.15201330982196 ], [ -74.025560910867611, 41.152882719330918 ], [ -74.025285669051243, 41.153752128906618 ], [ -74.024116621292691, 41.153547426952436 ], [ -74.022947580306308, 41.1533427143399 ], [ -74.023222849289667, 41.152473310111127 ], [ -74.022053828658869, 41.152268589513895 ], [ -74.022329104452851, 41.151399188025088 ], [ -74.022604373474593, 41.150529786602391 ], [ -74.022879635724323, 41.14966038524561 ], [ -74.024048615607498, 41.149865097822627 ], [ -74.02521760226216, 41.150069799741829 ], [ -74.024942367177161, 41.150939206445067 ], [ -74.026111374185717, 41.151143900379424 ] ] ] } },
{ "type": "Feature", "properties": { "id": "36_12", "growth_scenario": "high", "market_gravity_weight": 75 }, "geometry": { "type": "Polygon", "coordinates": [ [ [ -74.025161506375113, 41.083994563298141 ], [ -74.026329407768202, 41.084199243445163 ], [ -74.026054442630368, 41.085068603280362 ], [ -74.027222364339337, 41.085273275445431 ], [ -74.026947406000914, 41.08614263799641 ], [ -74.025779470734051, 41.08593796316493 ], [ -74.024611542225927, 41.085733277684831 ], [ -74.02344362047684, 41.085528581556211 ], [ -74.02227570548709, 41.085323874779178 ], [ -74.021107797256946, 41.085119157353773 ], [ -74.021382823382453, 41.084249808136171 ], [ -74.021657842748283, 41.083380458967497 ], [ -74.022825723864855, 41.083585171059227 ], [ -74.023993611740579, 41.083789872502756 ], [ -74.024268597234041, 41.082920518049583 ], [ -74.025436478311761, 41.083125206178536 ], [ -74.025161506375113, 41.083994563298141 ] ] ] } },
{ "type": "Feature", "properties": { "id": "36_13", "growth_scenario": "high", "market_gravity_weight": 75 }, "geometry": { "type": "Polygon", "coordinates": [ [ [ -74.022482860290182, 41.080772411753109 ], [ -74.022757852619762, 41.079903062778115 ], [ -74.023925679512743, 41.080107764203824 ], [ -74.025093513163881, 41.080312454981815 ], [ -74.026261353572892, 41.080517135112096 ], [ -74.027429200739462, 41.080721804594489 ], [ -74.027154262633161, 41.081591164234098 ], [ -74.028322130113452, 41.081795825734488 ], [ -74.028047198806362, 41.082665188088605 ], [ -74.026879317769357, 41.082460523922308 ], [ -74.02660436614778, 41.08332988365926 ], [ -74.025436478311761, 41.083125206178536 ], [ -74.024268597234041, 41.082920518049583 ], [ -74.024543575968934, 41.082051163645218 ], [ -74.023375715206086, 41.081846467534589 ], [ -74.023650700738614, 41.080977115845094 ], [ -74.022482860290182, 41.080772411753109 ] ] ] } },
{ "type": "Feature", "properties": { "id": "36_14", "growth_scenario": "high", "market_gravity_weight": 75 }, "geometry": { "type": "Polygon", "coordinates": [ [ [ -73.959412038359417, 41.085300303773501 ], [ -73.959136246610612, 41.086169520082564 ], [ -73.960303992592472, 41.08637480455544 ], [ -73.960028207614684, 41.087244023584553 ], [ -73.95886044808401, 41.087038736437549 ], [ -73.958584642779385, 41.08790795283867 ], [ -73.957416876477907, 41.08770265237235 ], [ -73.956249116955036, 41.087497341260985 ], [ -73.955081364211011, 41.087292019504702 ], [ -73.955357210161452, 41.086422811126909 ], [ -73.95563304933296, 41.085553602794896 ], [ -73.956800774980564, 41.085758919202178 ], [ -73.957076593825633, 41.084889708241391 ], [ -73.958244312703613, 41.085095011329813 ], [ -73.958520111222825, 41.084225797740466 ], [ -73.959687823330682, 41.084431087510147 ], [ -73.959412038359417, 41.085300303773501 ] ] ] } },
{ "type": "Feature", "properties": { "id": "36_15", "growth_scenario": "high", "market_gravity_weight": 75 }, "geometry": { "type": "Polygon", "coordinates": [ [ [ -74.201075383216235, 41.159633495799113 ], [ -74.199905730957724, 41.159430401354257 ], [ -74.199632609003302, 41.16030018997288 ], [ -74.198462949856847, 41.160097082204587 ], [ -74.198736085422155, 41.15922729624036 ], [ -74.197566446609883, 41.15902418045745 ], [ -74.197293297433916, 41.159893963767225 ], [ -74.196123651734794, 41.159690834660829 ], [ -74.196396814521179, 41.158821054005664 ], [ -74.196669970583699, 41.15795127342826 ], [ -74.196943119922594, 41.157081492928462 ], [ -74.198112724791386, 41.157284614071443 ], [ -74.199282336383234, 41.157487724545732 ], [ -74.200451954697883, 41.157690824351256 ], [ -74.201621579735004, 41.157893913487939 ], [ -74.201348484836842, 41.158763704604468 ], [ -74.201075383216235, 41.159633495799113 ] ] ] } },
{ "type": "Feature", "properties": { "id": "36_16", "growth_scenario": "high", "market_gravity_weight": 75 }, "geometry": { "type": "Polygon", "coordinates": [ [ [ -73.971640959816199, 41.085614156783556 ], [ -73.971365317112429, 41.086483399733908 ], [ -73.971089667634288, 41.087352642730956 ], [ -73.969921874216212, 41.087147456739487 ], [ -73.970197537244758, 41.086278216415323 ], [ -73.969029764151742, 41.08607302245121 ], [ -73.96786199783368, 41.085867817841688 ], [ -73.966694238290884, 41.08566260258673 ], [ -73.96696993519366, 41.084793370328072 ], [ -73.968137681187088, 41.084998582909883 ], [ -73.968413357765485, 41.084129348024234 ], [ -73.969581096984584, 41.084334547288016 ], [ -73.969856753239171, 41.083465309775598 ], [ -73.971024485683429, 41.083670495721456 ], [ -73.972192224901619, 41.08387567102212 ], [ -73.971916595745853, 41.084744913879696 ], [ -73.971640959816199, 41.085614156783556 ] ] ] } },
{ "type": "Feature", "properties": { "id": "36_17", "growth_scenario": "high", "market_gravity_weight": 75 }, "geometry": { "type": "Polygon", "coordinates": [ [ [ -74.178320818893354, 41.129997380470456 ], [ -74.179489922167519, 41.130200667264276 ], [ -74.179216661969008, 41.131070390116939 ], [ -74.178943395046986, 41.13194011303932 ], [ -74.177774264579, 41.131736820937874 ], [ -74.177500977335882, 41.132606541276189 ], [ -74.176331839994845, 41.13240323585682 ], [ -74.176058532430034, 41.133272953610955 ], [ -74.174889388216414, 41.133069634873401 ], [ -74.175162709378384, 41.132199919773619 ], [ -74.175436023815465, 41.131330204743698 ], [ -74.175709331527926, 41.130460489783218 ], [ -74.175982632515982, 41.129590774892243 ], [ -74.177151722342742, 41.129794083013117 ], [ -74.177425003010683, 41.128924365537344 ], [ -74.178594085965074, 41.129127660340934 ], [ -74.178320818893354, 41.129997380470456 ] ] ] } },
{ "type": "Feature", "properties": { "id": "36_18", "growth_scenario": "high", "market_gravity_weight": 75 }, "geometry": { "type": "Polygon", "coordinates": [ [ [ -74.031825773096443, 41.082409746346201 ], [ -74.031550882461019, 41.083279116697661 ], [ -74.031275985069001, 41.08414848709841 ], [ -74.030108070202715, 41.083943852211398 ], [ -74.028940162093548, 41.083739206675766 ], [ -74.027772260741813, 41.083534550491699 ], [ -74.028047198806362, 41.082665188088605 ], [ -74.028322130113452, 41.081795825734488 ], [ -74.029490004350947, 41.082000476586607 ], [ -74.029764915344117, 41.081131111615427 ], [ -74.030039819580608, 41.08026174669277 ], [ -74.031207673461495, 41.0804663815655 ], [ -74.03237553409852, 41.080671005790144 ], [ -74.03210065697553, 41.081540376043719 ], [ -74.031825773096443, 41.082409746346201 ] ] ] } },
{ "type": "Feature", "properties": { "id": "36_19", "growth_scenario": "high", "market_gravity_weight": 75 }, "geometry": { "type": "Polygon", "coordinates": [ [ [ -73.967245625321141, 41.083924138115378 ], [ -73.96696993519366, 41.084793370328072 ], [ -73.966694238290884, 41.08566260258673 ], [ -73.965526485523597, 41.08545737668652 ], [ -73.964358739532173, 41.085252140141186 ], [ -73.964083008755239, 41.086121367099345 ], [ -73.962915255990978, 41.085916117235449 ], [ -73.963191000316868, 41.085046892950821 ], [ -73.963466737866341, 41.084177668712059 ], [ -73.962299018975855, 41.0839724135502 ], [ -73.962574763297283, 41.083103192030556 ], [ -73.963742468639637, 41.083308444518977 ], [ -73.964018192636999, 41.082439220371327 ], [ -73.965185891207227, 41.082644459541854 ], [ -73.966353596552864, 41.082849688067633 ], [ -73.966077899651864, 41.08371891756147 ], [ -73.967245625321141, 41.083924138115378 ] ] ] } },
{ "type": "Feature", "properties": { "id": "36_2", "growth_scenario": "high", "market_gravity_weight": 75 }, "geometry": { "type": "Polygon", "coordinates": [ [ [ -73.753192312945842, 40.635764391759658 ], [ -73.752915745746833, 40.636632859231234 ], [ -73.751755979296405, 40.63642575032064 ], [ -73.751479391998188, 40.63729421506109 ], [ -73.750319618949973, 40.637087092929093 ], [ -73.750043011551952, 40.63795555493823 ], [ -73.748883231906404, 40.637748419584589 ], [ -73.749159852653008, 40.636879960228399 ], [ -73.748000093107606, 40.636672816959084 ], [ -73.748276720450704, 40.635804360176955 ], [ -73.748553341042225, 40.634935903315721 ], [ -73.749713073891826, 40.635143041279477 ], [ -73.749989674384508, 40.634274581686313 ], [ -73.751149400637459, 40.634481706429042 ], [ -73.752309133640935, 40.634688820603365 ], [ -73.752032559843926, 40.63555728550147 ], [ -73.753192312945842, 40.635764391759658 ] ] ] } },
{ "type": "Feature", "properties": { "id": "36_20", "growth_scenario": "high", "market_gravity_weight": 75 }, "geometry": { "type": "Polygon", "coordinates": [ [ [ -74.177227683368486, 41.133476261684542 ], [ -74.176954382676556, 41.134345982163083 ], [ -74.176681075259864, 41.135215702712038 ], [ -74.176407761118128, 41.136085423331664 ], [ -74.175238569385698, 41.13588210729467 ], [ -74.174965234920137, 41.1367518253304 ], [ -74.173796036314926, 41.136548495974303 ], [ -74.174069384378825, 41.135678780593402 ], [ -74.174342725716883, 41.134809065283058 ], [ -74.17317356103365, 41.134605730572432 ], [ -74.173446909243623, 41.133736017987204 ], [ -74.174616060329328, 41.133939350043129 ], [ -74.174889388216414, 41.133069634873401 ], [ -74.176058532430034, 41.133272953610955 ], [ -74.176331839994845, 41.13240323585682 ], [ -74.177500977335882, 41.132606541276189 ], [ -74.178670121401225, 41.132809836031626 ], [ -74.178396841031457, 41.133679559094098 ], [ -74.177227683368486, 41.133476261684542 ] ] ] } },
{ "type": "Feature", "properties": { "id": "36_21", "growth_scenario": "high", "market_gravity_weight": 75 }, "geometry": { "type": "Polygon", "coordinates": [ [ [ -74.182101375166937, 41.129737480770622 ], [ -74.18182814888533, 41.130607208860788 ], [ -74.181554915881065, 41.131476937020636 ], [ -74.180385785563431, 41.131273668900732 ], [ -74.179216661969008, 41.131070390116939 ], [ -74.179489922167519, 41.130200667264276 ], [ -74.178320818893354, 41.129997380470456 ], [ -74.178594085965074, 41.129127660340934 ], [ -74.177425003010683, 41.128924365537344 ], [ -74.177698276955027, 41.128054648130608 ], [ -74.178867346313496, 41.128257940280577 ], [ -74.180036422395034, 41.128461221767246 ], [ -74.181205505199344, 41.128664492590403 ], [ -74.182374594726127, 41.128867752750025 ], [ -74.183543690975085, 41.129071002246029 ], [ -74.183270485012798, 41.12994073291982 ], [ -74.182101375166937, 41.129737480770622 ] ] ] } },
{ "type": "Feature", "properties": { "id": "36_22", "growth_scenario": "high", "market_gravity_weight": 75 }, "geometry": { "type": "Polygon", "coordinates": [ [ [ -74.027772260741813, 41.083534550491699 ], [ -74.028940162093548, 41.083739206675766 ], [ -74.028665230828864, 41.084608571794071 ], [ -74.029833152495812, 41.084813219995681 ], [ -74.031001080920177, 41.085017857548593 ], [ -74.030726170014248, 41.085887228048477 ], [ -74.029558228031561, 41.08568258782951 ], [ -74.02928329680968, 41.086551955713169 ], [ -74.028115348026219, 41.086347302179199 ], [ -74.026947406000914, 41.08614263799641 ], [ -74.027222364339337, 41.085273275445431 ], [ -74.026054442630368, 41.085068603280362 ], [ -74.026329407768202, 41.084199243445163 ], [ -74.025161506375113, 41.083994563298141 ], [ -74.025436478311761, 41.083125206178536 ], [ -74.02660436614778, 41.08332988365926 ], [ -74.026879317769357, 41.082460523922308 ], [ -74.028047198806362, 41.082665188088605 ], [ -74.027772260741813, 41.083534550491699 ] ] ] } },
{ "type": "Feature", "properties": { "id": "36_23", "growth_scenario": "high", "market_gravity_weight": 75 }, "geometry": { "type": "Polygon", "coordinates": [ [ [ -73.955357210161452, 41.086422811126909 ], [ -73.955081364211011, 41.087292019504702 ], [ -73.956249116955036, 41.087497341260985 ], [ -73.955973277774078, 41.088366552359446 ], [ -73.955697431814016, 41.089235763504192 ], [ -73.955421579074567, 41.090104974695478 ], [ -73.954253785683733, 41.08989964491478 ], [ -73.954529651972408, 41.089030436398438 ], [ -73.953361878910457, 41.088825098647582 ], [ -73.953637751968159, 41.087955892852577 ], [ -73.952469999234609, 41.087750547131748 ], [ -73.951302253281071, 41.087545190766228 ], [ -73.951578146655137, 41.086675990367148 ], [ -73.952745879060771, 41.086881344057673 ], [ -73.953021752107176, 41.086012141029315 ], [ -73.954189477744706, 41.086217481400439 ], [ -73.954465330464032, 41.085348275742973 ], [ -73.95563304933296, 41.085553602794896 ], [ -73.955357210161452, 41.086422811126909 ] ] ] } },
{ "type": "Feature", "properties": { "id": "36_3", "growth_scenario": "high", "market_gravity_weight": 75 }, "geometry": { "type": "Polygon", "coordinates": [ [ [ -73.753522390996423, 40.638576897585445 ], [ -73.753245816894932, 40.639445367474408 ], [ -73.752086003646156, 40.639238261175073 ], [ -73.750926197148573, 40.63903114430645 ], [ -73.750649589596691, 40.639899608811852 ], [ -73.74948977650115, 40.639692478721244 ], [ -73.749766397402411, 40.638824016868838 ], [ -73.748606604408025, 40.638616878862265 ], [ -73.748883231906404, 40.637748419584589 ], [ -73.750043011551952, 40.63795555493823 ], [ -73.750319618949973, 40.637087092929093 ], [ -73.751479391998188, 40.63729421506109 ], [ -73.751755979296405, 40.63642575032064 ], [ -73.752915745746833, 40.636632859231234 ], [ -73.754075518947701, 40.63683995757296 ], [ -73.753798958347261, 40.637708427618335 ], [ -73.753522390996423, 40.638576897585445 ] ] ] } },
{ "type": "Feature", "properties": { "id": "36_4", "growth_scenario": "high", "market_gravity_weight": 75 }, "geometry": { "type": "Polygon", "coordinates": [ [ [ -74.121043000609305, 41.120023266550184 ], [ -74.120769060871453, 41.120892856577662 ], [ -74.120495114395325, 41.121762446668974 ], [ -74.119326320491652, 41.121558621493755 ], [ -74.119052353691828, 41.122428208989533 ], [ -74.117883552942047, 41.12222437049558 ], [ -74.118157533326766, 41.121354785659484 ], [ -74.116988752901023, 41.121150939166242 ], [ -74.117262740131011, 41.120281357053656 ], [ -74.117536720621828, 41.119411775004544 ], [ -74.118705473879132, 41.119615616178478 ], [ -74.118979434047233, 41.118746031533263 ], [ -74.12014818045914, 41.118949859389133 ], [ -74.121316933609108, 41.119153676586336 ], [ -74.122485693496898, 41.119357483124709 ], [ -74.122211774081606, 41.120227075747628 ], [ -74.121043000609305, 41.120023266550184 ] ] ] } },
{ "type": "Feature", "properties": { "id": "36_5", "growth_scenario": "high", "market_gravity_weight": 75 }, "geometry": { "type": "Polygon", "coordinates": [ [ [ -73.962704253219954, 41.090467502587138 ], [ -73.962428481781089, 41.091336729825485 ], [ -73.961260647717012, 41.091131463917861 ], [ -73.960092820431058, 41.090926187364495 ], [ -73.958924999923553, 41.090720900165444 ], [ -73.957757186194783, 41.090515602320906 ], [ -73.958033011835013, 41.089646385780149 ], [ -73.959200812013819, 41.089851680950133 ], [ -73.959476617325592, 41.08898246178169 ], [ -73.959752415859128, 41.088113242659858 ], [ -73.960920195716866, 41.088318521835859 ], [ -73.962087982352315, 41.088523790366509 ], [ -73.963255775765148, 41.088729048251793 ], [ -73.962980017881222, 41.089598275395922 ], [ -73.962704253219954, 41.090467502587138 ] ] ] } },
{ "type": "Feature", "properties": { "id": "36_6", "growth_scenario": "high", "market_gravity_weight": 75 }, "geometry": { "type": "Polygon", "coordinates": [ [ [ -74.03058960778452, 41.078523016992563 ], [ -74.030314717060648, 41.0793923818186 ], [ -74.029146883492331, 41.079187738963277 ], [ -74.028871972456173, 41.080057101171988 ], [ -74.030039819580608, 41.08026174669277 ], [ -74.029764915344117, 41.081131111615427 ], [ -74.029490004350947, 41.082000476586607 ], [ -74.028322130113452, 41.081795825734488 ], [ -74.027154262633161, 41.081591164234098 ], [ -74.027429200739462, 41.080721804594489 ], [ -74.026261353572892, 41.080517135112096 ], [ -74.026536298477794, 41.079647778186747 ], [ -74.027704132088473, 41.079852445003304 ], [ -74.027979056680465, 41.078983085460273 ], [ -74.028253974515664, 41.07811372596516 ], [ -74.029421787771966, 41.07831837680272 ], [ -74.029696685295377, 41.077449014689975 ], [ -74.030864491752411, 41.077653652214522 ], [ -74.032032304965171, 41.077858279091366 ], [ -74.031757434553015, 41.078727646534553 ], [ -74.03058960778452, 41.078523016992563 ] ] ] } },
{ "type": "Feature", "properties": { "id": "36_7", "growth_scenario": "high", "market_gravity_weight": 75 }, "geometry": { "type": "Polygon", "coordinates": [ [ [ -74.165611834425619, 41.135124891887152 ], [ -74.165338384451971, 41.135994588751267 ], [ -74.16506492774991, 41.136864285685597 ], [ -74.164791464319194, 41.137733982690293 ], [ -74.16596065662722, 41.137937394661868 ], [ -74.16568720006542, 41.138807094393243 ], [ -74.164517994159581, 41.138603679765652 ], [ -74.164244517270831, 41.139473376911802 ], [ -74.16307530449626, 41.139269948963808 ], [ -74.16334879498288, 41.138400254473929 ], [ -74.162179602535616, 41.138196818518288 ], [ -74.162453099890158, 41.137327126755402 ], [ -74.163622278740078, 41.13753056005477 ], [ -74.163895755768067, 41.136660865706141 ], [ -74.162726590515177, 41.136457435062908 ], [ -74.163000074410959, 41.135587743440595 ], [ -74.163273551577745, 41.134718051888242 ], [ -74.164442689637454, 41.134921477219464 ], [ -74.164716146479321, 41.134051783081006 ], [ -74.165885277671109, 41.134255195093026 ], [ -74.165611834425619, 41.135124891887152 ] ] ] } },
{ "type": "Feature", "properties": { "id": "36_8", "growth_scenario": "high", "market_gravity_weight": 75 }, "geometry": { "type": "Polygon", "coordinates": [ [ [ -74.108042246596796, 41.110416335696634 ], [ -74.106873676124408, 41.110212398565061 ], [ -74.106599600155377, 41.111081950861326 ], [ -74.105431022844414, 41.110878000413109 ], [ -74.104262452274227, 41.110674039308144 ], [ -74.103093888445088, 41.110470067546622 ], [ -74.103368005149761, 41.10960052323064 ], [ -74.103642115113331, 41.108730978974648 ], [ -74.104810651786167, 41.108934945415896 ], [ -74.10508474143117, 41.108065398559802 ], [ -74.106253271266624, 41.108269351684832 ], [ -74.107421807842087, 41.108473294153463 ], [ -74.108590351157289, 41.10867722596565 ], [ -74.108316302246877, 41.109546780800983 ], [ -74.108042246596796, 41.110416335696634 ] ] ] } },
{ "type": "Feature", "properties": { "id": "36_9", "growth_scenario": "high", "market_gravity_weight": 75 }, "geometry": { "type": "Polygon", "coordinates": [ [ [ -73.969921874216212, 41.087147456739487 ], [ -73.971089667634288, 41.087352642730956 ], [ -73.970814011381549, 41.088221885774871 ], [ -73.971981825125198, 41.088427063793468 ], [ -73.971706175648833, 41.08929630955754 ], [ -73.970538348353941, 41.089091128865959 ], [ -73.970262678551222, 41.089960372004313 ], [ -73.969094844480125, 41.08975517799351 ], [ -73.967927017184678, 41.089549973336737 ], [ -73.968202714089728, 41.088680735544997 ], [ -73.967034907121018, 41.088475522915743 ], [ -73.967310610800894, 41.08760628784438 ], [ -73.967586307705048, 41.08673705281975 ], [ -73.968754087573018, 41.086942260102383 ], [ -73.969029764151742, 41.08607302245121 ], [ -73.970197537244758, 41.086278216415323 ], [ -73.969921874216212, 41.087147456739487 ] ] ] } },
{ "type": "Feature", "properties": { "id": "37_0", "growth_scenario": "high", "market_gravity_weight": 75 }, "geometry": { "type": "Polygon", "coordinates": [ [ [ -78.302978451530919, 35.807179796486437 ], [ -78.302771736855064, 35.808057479206994 ], [ -78.302565017405939, 35.808935160962868 ], [ -78.301467809131339, 35.808769794856303 ], [ -78.30037060563042, 35.808604418595117 ], [ -78.299273406903467, 35.808439032179216 ], [ -78.298176212950736, 35.808273635608685 ], [ -78.298382981270933, 35.807395961034459 ], [ -78.298589744816823, 35.806518285495244 ], [ -78.299686914334757, 35.806683678474727 ], [ -78.299893660889495, 35.805806000175089 ], [ -78.300990822964152, 35.805971381204827 ], [ -78.302087989812307, 35.806136752080249 ], [ -78.301881267692067, 35.807014433970402 ], [ -78.302978451530919, 35.807179796486437 ] ] ] } },
{ "type": "Feature", "properties": { "id": "37_1", "growth_scenario": "high", "market_gravity_weight": 75 }, "geometry": { "type": "Polygon", "coordinates": [ [ [ -78.30689003711656, 35.805042753002482 ], [ -78.306683373411431, 35.805920444002076 ], [ -78.306476704934326, 35.806798134036846 ], [ -78.305379518994926, 35.8066328037796 ], [ -78.304282337827942, 35.806467463367646 ], [ -78.303185161433646, 35.806302112801184 ], [ -78.303391866563445, 35.805424428150936 ], [ -78.303598566920456, 35.804546742535607 ], [ -78.304695718880225, 35.804712089512286 ], [ -78.304902402247734, 35.803834401136825 ], [ -78.305109080843067, 35.802956711795964 ], [ -78.30620621314138, 35.803122045028971 ], [ -78.307303350211455, 35.803287368107725 ], [ -78.30709669604984, 35.804165061037743 ], [ -78.30689003711656, 35.805042753002482 ] ] ] } },
{ "type": "Feature", "properties": { "id": "37_10", "growth_scenario": "high", "market_gravity_weight": 75 }, "geometry": { "type": "Polygon", "coordinates": [ [ [ -78.288985086793161, 35.808705415003701 ], [ -78.288778206408438, 35.809583072314709 ], [ -78.289875398808235, 35.809748555509145 ], [ -78.289668525863718, 35.810626213651972 ], [ -78.289461648142236, 35.811503870830229 ], [ -78.288364431307642, 35.811338384042415 ], [ -78.288157536591228, 35.812216038459539 ], [ -78.289254765643605, 35.812381527044074 ], [ -78.289047878367711, 35.813259182293727 ], [ -78.287950637097296, 35.81309369191235 ], [ -78.286853400604585, 35.81292819137623 ], [ -78.285756168889861, 35.812762680685488 ], [ -78.285963092819401, 35.81188503082668 ], [ -78.287060312316413, 35.812050539720367 ], [ -78.287267219250438, 35.81117288710012 ], [ -78.287474121406817, 35.810295233515355 ], [ -78.287681018785705, 35.809417578965878 ], [ -78.287887911387259, 35.808539923451548 ], [ -78.288094799211677, 35.807662266972123 ], [ -78.289191962400992, 35.807827756727782 ], [ -78.288985086793161, 35.808705415003701 ] ] ] } },
{ "type": "Feature", "properties": { "id": "37_11", "growth_scenario": "high", "market_gravity_weight": 75 }, "geometry": { "type": "Polygon", "coordinates": [ [ [ -78.30243782967915, 35.799827593507274 ], [ -78.303534911013287, 35.799992951818361 ], [ -78.303328222302071, 35.800870640467402 ], [ -78.303121528818622, 35.801748328150431 ], [ -78.302024423053211, 35.801582966249903 ], [ -78.301817712581368, 35.802460651172126 ], [ -78.301610997336709, 35.803338335128608 ], [ -78.300513871911946, 35.803172959484236 ], [ -78.300720599372738, 35.802295277322834 ], [ -78.299623490937208, 35.802129893319524 ], [ -78.299830225840608, 35.801252211987254 ], [ -78.300036955970853, 35.800374529688789 ], [ -78.300243681328084, 35.799496846423956 ], [ -78.30134075311733, 35.799662225042425 ], [ -78.301547461486791, 35.798784539016403 ], [ -78.302644525833529, 35.798949905686499 ], [ -78.30243782967915, 35.799827593507274 ] ] ] } },
{ "type": "Feature", "properties": { "id": "37_12", "growth_scenario": "high", "market_gravity_weight": 75 }, "geometry": { "type": "Polygon", "coordinates": [ [ [ -81.528728662290916, 35.319721092410099 ], [ -81.528560381031198, 35.320604248276332 ], [ -81.527463831000944, 35.320468709044043 ], [ -81.527295533502937, 35.321351862499462 ], [ -81.528392095887966, 35.321487403185671 ], [ -81.528223806861092, 35.322370557138306 ], [ -81.527127232121003, 35.322235014998085 ], [ -81.526030661264969, 35.322099462650499 ], [ -81.526198975001805, 35.321216311605966 ], [ -81.525102420384869, 35.321080750505132 ], [ -81.525270742592014, 35.320197599957915 ], [ -81.524174204213907, 35.320062030104118 ], [ -81.524342534890835, 35.319178880053983 ], [ -81.525439060914834, 35.319314448453625 ], [ -81.525607375353474, 35.318431295992035 ], [ -81.52670389290769, 35.318566852730569 ], [ -81.52780041434572, 35.318702399262193 ], [ -81.527632124615138, 35.319585554631693 ], [ -81.528728662290916, 35.319721092410099 ] ] ] } },
{ "type": "Feature", "properties": { "id": "37_13", "growth_scenario": "high", "market_gravity_weight": 75 }, "geometry": { "type": "Polygon", "coordinates": [ [ [ -78.305935747505714, 35.799445944774945 ], [ -78.30572908799752, 35.800323637979218 ], [ -78.305522423717804, 35.80120133021736 ], [ -78.305315754666367, 35.80207902148954 ], [ -78.304218639356435, 35.801913679896991 ], [ -78.304425320623963, 35.801035990419351 ], [ -78.303328222302071, 35.800870640467402 ], [ -78.303534911013287, 35.799992951818361 ], [ -78.30243782967915, 35.799827593507274 ], [ -78.302644525833529, 35.798949905686499 ], [ -78.303741594952456, 35.799115262203038 ], [ -78.303948274119705, 35.798237571621222 ], [ -78.304154948515219, 35.797359880072818 ], [ -78.305251997976015, 35.797525222846907 ], [ -78.30634905220812, 35.797690555467454 ], [ -78.306142402242529, 35.798568250604461 ], [ -78.305935747505714, 35.799445944774945 ] ] ] } },
{ "type": "Feature", "properties": { "id": "37_14", "growth_scenario": "high", "market_gravity_weight": 75 }, "geometry": { "type": "Polygon", "coordinates": [ [ [ -81.52999346887205, 35.318973461704253 ], [ -81.529825203850052, 35.319856619981309 ], [ -81.529656934944981, 35.320739777301284 ], [ -81.528560381031198, 35.320604248276332 ], [ -81.528728662290916, 35.319721092410099 ], [ -81.527632124615138, 35.319585554631693 ], [ -81.52780041434572, 35.318702399262193 ], [ -81.52670389290769, 35.318566852730569 ], [ -81.525607375353474, 35.318431295992035 ], [ -81.52577568590803, 35.317548142573045 ], [ -81.526872191108581, 35.317683697857646 ], [ -81.5270404854258, 35.316800542027146 ], [ -81.52813698215644, 35.316936085651051 ], [ -81.529233482770337, 35.31707161906823 ], [ -81.530329987267208, 35.317207142278463 ], [ -81.530161730011045, 35.318090302470068 ], [ -81.52999346887205, 35.318973461704253 ] ] ] } },
{ "type": "Feature", "properties": { "id": "37_15", "growth_scenario": "high", "market_gravity_weight": 75 }, "geometry": { "type": "Polygon", "coordinates": [ [ [ -78.299623490937208, 35.802129893319524 ], [ -78.299416751260452, 35.80300757368591 ], [ -78.298319635382441, 35.802842177733623 ], [ -78.29811287871614, 35.803719855338883 ], [ -78.297015755396004, 35.803554447437357 ], [ -78.29680898173963, 35.804432122281519 ], [ -78.295711850977682, 35.804266702430475 ], [ -78.295918636850047, 35.803389029381805 ], [ -78.294821523078554, 35.803223601172427 ], [ -78.295028316392049, 35.802345928953493 ], [ -78.29523510493101, 35.801468255768413 ], [ -78.296332194271628, 35.801633680386786 ], [ -78.296538965821156, 35.800756004440139 ], [ -78.297636047720687, 35.800921417109492 ], [ -78.298733134393942, 35.801086819625226 ], [ -78.29852638727499, 35.801964499162452 ], [ -78.299623490937208, 35.802129893319524 ] ] ] } },
{ "type": "Feature", "properties": { "id": "37_2", "growth_scenario": "high", "market_gravity_weight": 75 }, "geometry": { "type": "Polygon", "coordinates": [ [ [ -78.298589744816823, 35.806518285495244 ], [ -78.298382981270933, 35.807395961034459 ], [ -78.298176212950736, 35.808273635608685 ], [ -78.299273406903467, 35.808439032179216 ], [ -78.299066646026574, 35.809316707584394 ], [ -78.297969439856061, 35.809151309218301 ], [ -78.296872238460168, 35.808985900697508 ], [ -78.295775041839192, 35.808820482022227 ], [ -78.294677849993391, 35.808655053192389 ], [ -78.294884659740447, 35.807777384970279 ], [ -78.295091464712243, 35.806899715783203 ], [ -78.296188632123716, 35.807065141021248 ], [ -78.29639542010365, 35.806187469073329 ], [ -78.297492580073026, 35.806352882361459 ], [ -78.297699351061596, 35.805475207652627 ], [ -78.298796503588548, 35.805640608990984 ], [ -78.298589744816823, 35.806518285495244 ] ] ] } },
{ "type": "Feature", "properties": { "id": "37_3", "growth_scenario": "high", "market_gravity_weight": 75 }, "geometry": { "type": "Polygon", "coordinates": [ [ [ -78.308607129226303, 35.802574985342481 ], [ -78.308400492053039, 35.803452681032226 ], [ -78.308193850108523, 35.804330375756628 ], [ -78.30709669604984, 35.804165061037743 ], [ -78.307303350211455, 35.803287368107725 ], [ -78.30620621314138, 35.803122045028971 ], [ -78.305109080843067, 35.802956711795964 ], [ -78.304011953316788, 35.802791368408805 ], [ -78.304218639356435, 35.801913679896991 ], [ -78.305315754666367, 35.80207902148954 ], [ -78.305522423717804, 35.80120133021736 ], [ -78.306619531583351, 35.80136665986133 ], [ -78.306826183647075, 35.800488965828833 ], [ -78.307923284067911, 35.800654283524551 ], [ -78.309020389259757, 35.800819591066208 ], [ -78.3088137616285, 35.801697288687201 ], [ -78.308607129226303, 35.802574985342481 ] ] ] } },
{ "type": "Feature", "properties": { "id": "37_4", "growth_scenario": "high", "market_gravity_weight": 75 }, "geometry": { "type": "Polygon", "coordinates": [ [ [ -78.292753327307693, 35.812000270265749 ], [ -78.292546481463432, 35.81287793186938 ], [ -78.291449238079963, 35.812712473749023 ], [ -78.290351999473273, 35.812547005473924 ], [ -78.290145124415574, 35.81342466252034 ], [ -78.289047878367711, 35.813259182293727 ], [ -78.289254765643605, 35.812381527044074 ], [ -78.288157536591228, 35.812216038459539 ], [ -78.288364431307642, 35.811338384042415 ], [ -78.289461648142236, 35.811503870830229 ], [ -78.289668525863718, 35.810626213651972 ], [ -78.29076573525775, 35.810791688488578 ], [ -78.29097259598484, 35.809914028549215 ], [ -78.29206979793797, 35.810079491434848 ], [ -78.293167004667396, 35.810244944165923 ], [ -78.292960168375629, 35.81112260769801 ], [ -78.292753327307693, 35.812000270265749 ] ] ] } },
{ "type": "Feature", "properties": { "id": "37_5", "growth_scenario": "high", "market_gravity_weight": 75 }, "geometry": { "type": "Polygon", "coordinates": [ [ [ -78.304218639356435, 35.801913679896991 ], [ -78.304011953316788, 35.802791368408805 ], [ -78.305109080843067, 35.802956711795964 ], [ -78.304902402247734, 35.803834401136825 ], [ -78.304695718880225, 35.804712089512286 ], [ -78.303598566920456, 35.804546742535607 ], [ -78.303391866563445, 35.805424428150936 ], [ -78.302294707159319, 35.805259069225009 ], [ -78.302501419733318, 35.804381385404582 ], [ -78.301404277319051, 35.804216018119369 ], [ -78.301610997336709, 35.803338335128608 ], [ -78.301817712581368, 35.802460651172126 ], [ -78.302024423053211, 35.801582966249903 ], [ -78.303121528818622, 35.801748328150431 ], [ -78.303328222302071, 35.800870640467402 ], [ -78.304425320623963, 35.801035990419351 ], [ -78.304218639356435, 35.801913679896991 ] ] ] } },
{ "type": "Feature", "properties": { "id": "37_6", "growth_scenario": "high", "market_gravity_weight": 75 }, "geometry": { "type": "Polygon", "coordinates": [ [ [ -78.299210006810199, 35.803885253086477 ], [ -78.30030713967794, 35.804050640680011 ], [ -78.300100402670495, 35.804928320910186 ], [ -78.301197552528265, 35.805093700144752 ], [ -78.300990822964152, 35.805971381204827 ], [ -78.299893660889495, 35.805806000175089 ], [ -78.299686914334757, 35.806683678474727 ], [ -78.298589744816823, 35.806518285495244 ], [ -78.298796503588548, 35.805640608990984 ], [ -78.297699351061596, 35.805475207652627 ], [ -78.297492580073026, 35.806352882361459 ], [ -78.29639542010365, 35.806187469073329 ], [ -78.296602203308893, 35.805309796160103 ], [ -78.29680898173963, 35.804432122281519 ], [ -78.297015755396004, 35.803554447437357 ], [ -78.29811287871614, 35.803719855338883 ], [ -78.298319635382441, 35.802842177733623 ], [ -78.299416751260452, 35.80300757368591 ], [ -78.299210006810199, 35.803885253086477 ] ] ] } },
{ "type": "Feature", "properties": { "id": "37_7", "growth_scenario": "high", "market_gravity_weight": 75 }, "geometry": { "type": "Polygon", "coordinates": [ [ [ -78.293580662923006, 35.808489614208121 ], [ -78.293373836183122, 35.809367279669374 ], [ -78.293167004667396, 35.810244944165923 ], [ -78.29206979793797, 35.810079491434848 ], [ -78.29097259598484, 35.809914028549215 ], [ -78.29076573525775, 35.810791688488578 ], [ -78.289668525863718, 35.810626213651972 ], [ -78.289875398808235, 35.809748555509145 ], [ -78.288778206408438, 35.809583072314709 ], [ -78.288985086793161, 35.808705415003701 ], [ -78.290082266975958, 35.80887089640165 ], [ -78.290289130367043, 35.807993236329203 ], [ -78.290495988981661, 35.80711557529164 ], [ -78.291593149507548, 35.807281042942634 ], [ -78.292690314809491, 35.807446500439433 ], [ -78.292483480628306, 35.808324165069443 ], [ -78.293580662923006, 35.808489614208121 ] ] ] } },
{ "type": "Feature", "properties": { "id": "37_8", "growth_scenario": "high", "market_gravity_weight": 75 }, "geometry": { "type": "Polygon", "coordinates": [ [ [ -78.29639542010365, 35.806187469073329 ], [ -78.296188632123716, 35.807065141021248 ], [ -78.295091464712243, 35.806899715783203 ], [ -78.294884659740447, 35.807777384970279 ], [ -78.293787484887204, 35.807611947781979 ], [ -78.292690314809491, 35.807446500439433 ], [ -78.292897144214862, 35.806568834844327 ], [ -78.293103968844605, 35.805691168283907 ], [ -78.293310788698918, 35.804813500758065 ], [ -78.294407922127291, 35.804978942712779 ], [ -78.294614724990353, 35.80410127242547 ], [ -78.295711850977682, 35.804266702430475 ], [ -78.29680898173963, 35.804432122281519 ], [ -78.296602203308893, 35.805309796160103 ], [ -78.29639542010365, 35.806187469073329 ] ] ] } },
{ "type": "Feature", "properties": { "id": "37_9", "growth_scenario": "high", "market_gravity_weight": 75 }, "geometry": { "type": "Polygon", "coordinates": [ [ [ -78.308336549450189, 35.798898888972843 ], [ -78.309433630210194, 35.799064192926394 ], [ -78.30922701212026, 35.799941892479303 ], [ -78.310324109866656, 35.800107188072893 ], [ -78.310117499222372, 35.80098488845379 ], [ -78.309910883807589, 35.801862587868882 ], [ -78.3088137616285, 35.801697288687201 ], [ -78.309020389259757, 35.800819591066208 ], [ -78.307923284067911, 35.800654283524551 ], [ -78.306826183647075, 35.800488965828833 ], [ -78.306619531583351, 35.80136665986133 ], [ -78.305522423717804, 35.80120133021736 ], [ -78.30572908799752, 35.800323637979218 ], [ -78.305935747505714, 35.799445944774945 ], [ -78.306142402242529, 35.798568250604461 ], [ -78.307239473460882, 35.798733574865551 ], [ -78.307446111211263, 35.797855877934389 ], [ -78.308543174985203, 35.79802119024766 ], [ -78.308336549450189, 35.798898888972843 ] ] ] } },
{ "type": "Feature", "properties": { "id": "38_0", "growth_scenario": "high", "market_gravity_weight": 75 }, "geometry": { "type": "Polygon", "coordinates": [ [ [ -96.886765155327552, 46.776846249344608 ], [ -96.886777326211998, 46.77774924151138 ], [ -96.885473029727521, 46.777757661605392 ], [ -96.885485183046356, 46.778660656469441 ], [ -96.884180868328585, 46.778669064309632 ], [ -96.884193004080842, 46.779572061871143 ], [ -96.882888671129734, 46.779580457457129 ], [ -96.882876553277683, 46.778677459756594 ], [ -96.882864435758265, 46.777774464614247 ], [ -96.882852318571437, 46.776871472029896 ], [ -96.882840201717229, 46.775968482003073 ], [ -96.884144463070456, 46.775960086973157 ], [ -96.885448724090594, 46.775951679550573 ], [ -96.886752984777175, 46.775943259735371 ], [ -96.888057245129687, 46.775934827527593 ], [ -96.888069433578764, 46.776837816997201 ], [ -96.886765155327552, 46.776846249344608 ] ] ] } },
{ "type": "Feature", "properties": { "id": "38_1", "growth_scenario": "high", "market_gravity_weight": 75 }, "geometry": { "type": "Polygon", "coordinates": [ [ [ -96.881756507091552, 46.889782270823808 ], [ -96.88176863003973, 46.890685586208768 ], [ -96.880462090608717, 46.890693961693067 ], [ -96.879155550844885, 46.890702324758593 ], [ -96.879143463818366, 46.889799009095285 ], [ -96.877836941683029, 46.889807359603111 ], [ -96.876530419215825, 46.889815697692349 ], [ -96.876518368442419, 46.888912384354029 ], [ -96.876506318000338, 46.88800907361788 ], [ -96.877812804547261, 46.888000735805939 ], [ -96.879119290762375, 46.887992385575878 ], [ -96.880425776645168, 46.887984022927562 ], [ -96.881732262195172, 46.887975647861133 ], [ -96.881744384476704, 46.888878958041353 ], [ -96.881756507091552, 46.889782270823808 ] ] ] } },
{ "type": "Feature", "properties": { "id": "38_10", "growth_scenario": "high", "market_gravity_weight": 75 }, "geometry": { "type": "Polygon", "coordinates": [ [ [ -96.891982266323055, 46.776812445597983 ], [ -96.893286543233046, 46.776803963679285 ], [ -96.893298803613291, 46.777706955145845 ], [ -96.893311064330049, 46.778609949170246 ], [ -96.892006751621295, 46.778618431369807 ], [ -96.892018994774517, 46.779521428092913 ], [ -96.89071466382957, 46.779529898039563 ], [ -96.890726889418247, 46.780432897461488 ], [ -96.889422540237092, 46.780441355154721 ], [ -96.889410332549033, 46.77953835559277 ], [ -96.889398125196081, 46.778635358589376 ], [ -96.88938591817822, 46.777732364144228 ], [ -96.889373711495409, 46.776829372256913 ], [ -96.890677989076991, 46.776820915123878 ], [ -96.890665764830587, 46.775917925934074 ], [ -96.891970024177979, 46.775909456548476 ], [ -96.891982266323055, 46.776812445597983 ] ] ] } },
{ "type": "Feature", "properties": { "id": "38_11", "growth_scenario": "high", "market_gravity_weight": 75 }, "geometry": { "type": "Polygon", "coordinates": [ [ [ -97.051341107928735, 46.872328859085734 ], [ -97.052647258353701, 46.872318859950774 ], [ -97.05266172688242, 46.873222108532637 ], [ -97.052676195808871, 46.874125359709758 ], [ -97.051370009483463, 46.87413535917706 ], [ -97.051384460856696, 46.875038613116118 ], [ -97.05007825618307, 46.875048600334985 ], [ -97.04877205111265, 46.8750585751391 ], [ -97.048757635641394, 46.874155320868212 ], [ -97.047451448125727, 46.874165283092189 ], [ -97.047437051001239, 46.873262031251457 ], [ -97.048743220566408, 46.873252069193171 ], [ -97.048728805887635, 46.872348820113402 ], [ -97.050034957106547, 46.872338845806617 ], [ -97.050020524874512, 46.871435599487654 ], [ -97.051326657747182, 46.871425612932711 ], [ -97.051341107928735, 46.872328859085734 ] ] ] } },
{ "type": "Feature", "properties": { "id": "38_12", "growth_scenario": "high", "market_gravity_weight": 75 }, "geometry": { "type": "Polygon", "coordinates": [ [ [ -97.047451448125727, 46.874165283092189 ], [ -97.048757635641394, 46.874155320868212 ], [ -97.04877205111265, 46.8750585751391 ], [ -97.05007825618307, 46.875048600334985 ], [ -97.051384460856696, 46.875038613116118 ], [ -97.051398912627192, 46.875941869651278 ], [ -97.050092690002089, 46.875951857036107 ], [ -97.048786466980218, 46.875961832006027 ], [ -97.047480243562021, 46.87597179456111 ], [ -97.046174019748037, 46.875981744701228 ], [ -97.04486779553875, 46.875991682426452 ], [ -97.043561570934642, 46.876001607736825 ], [ -97.043547226873201, 46.875098350208759 ], [ -97.044853433525759, 46.875088425063424 ], [ -97.044839071907575, 46.874185170296471 ], [ -97.046145260214288, 46.874175232901536 ], [ -97.046130881040341, 46.873271980895495 ], [ -97.047437051001239, 46.873262031251457 ], [ -97.047451448125727, 46.874165283092189 ] ] ] } },
{ "type": "Feature", "properties": { "id": "38_13", "growth_scenario": "high", "market_gravity_weight": 75 }, "geometry": { "type": "Polygon", "coordinates": [ [ [ -96.885509490684882, 46.780466653872622 ], [ -96.88681384086992, 46.780458233360321 ], [ -96.888118190720803, 46.780449800454321 ], [ -96.889422540237092, 46.780441355154721 ], [ -96.889434748260257, 46.781344357275664 ], [ -96.888130380842838, 46.781352802715134 ], [ -96.888142571299497, 46.782255807535201 ], [ -96.886838185645814, 46.782264240720444 ], [ -96.885533799657978, 46.782272661511698 ], [ -96.884229413336456, 46.78228106990889 ], [ -96.882925026681789, 46.782289465911987 ], [ -96.882912907831766, 46.781386460534463 ], [ -96.882900789314434, 46.780483457716308 ], [ -96.88420514016623, 46.780475061991318 ], [ -96.884193004080842, 46.779572061871143 ], [ -96.885497336698819, 46.779563653891721 ], [ -96.885509490684882, 46.780466653872622 ] ] ] } },
{ "type": "Feature", "properties": { "id": "38_14", "growth_scenario": "high", "market_gravity_weight": 75 }, "geometry": { "type": "Polygon", "coordinates": [ [ [ -96.902466016887715, 46.78035622050929 ], [ -96.902478403921464, 46.781259221220317 ], [ -96.90249079129525, 46.782162224490556 ], [ -96.901186409349705, 46.78217079401017 ], [ -96.899882027064592, 46.782179351135753 ], [ -96.898577644440422, 46.782187895867324 ], [ -96.897273261477665, 46.782196428204855 ], [ -96.897260945709917, 46.781293424368229 ], [ -96.89595658031061, 46.781301944170664 ], [ -96.895944282781983, 46.780398942752143 ], [ -96.897248630280231, 46.780390423090765 ], [ -96.898552977440403, 46.780381891035752 ], [ -96.899857324262044, 46.780373346587218 ], [ -96.901161670744642, 46.780364789745043 ], [ -96.901149301951421, 46.779461791450991 ], [ -96.902453630193975, 46.779453222357084 ], [ -96.902466016887715, 46.78035622050929 ] ] ] } },
{ "type": "Feature", "properties": { "id": "38_15", "growth_scenario": "high", "market_gravity_weight": 75 }, "geometry": { "type": "Polygon", "coordinates": [ [ [ -97.059192562781348, 46.873171925813416 ], [ -97.060498728762539, 46.873161852026939 ], [ -97.060513305391424, 46.874065102202664 ], [ -97.059207121459877, 46.874075176156609 ], [ -97.059221680538627, 46.874978429095371 ], [ -97.057915478255978, 46.874988490802103 ], [ -97.056609275573621, 46.874998540094239 ], [ -97.055303072492009, 46.875008576971688 ], [ -97.053996869011655, 46.875018601434455 ], [ -97.053982381736517, 46.874115347827995 ], [ -97.053967894859625, 46.873212096817241 ], [ -97.055274062438627, 46.873202072687661 ], [ -97.056580229618902, 46.873192036143813 ], [ -97.057886396399979, 46.87318198718576 ], [ -97.057871856071529, 46.872278739270676 ], [ -97.059178004503011, 46.872268678065652 ], [ -97.059192562781348, 46.873171925813416 ] ] ] } },
{ "type": "Feature", "properties": { "id": "38_16", "growth_scenario": "high", "market_gravity_weight": 75 }, "geometry": { "type": "Polygon", "coordinates": [ [ [ -96.91407965433649, 46.771248686106318 ], [ -96.915383818075682, 46.771239994374227 ], [ -96.91539638066989, 46.772142968082981 ], [ -96.916700561960212, 46.772134263815317 ], [ -96.916713142795672, 46.773037239935526 ], [ -96.915408943608938, 46.773045944347288 ], [ -96.914104744077363, 46.773054636367171 ], [ -96.912800544201474, 46.773063315995174 ], [ -96.91281307169146, 46.773966295103001 ], [ -96.912825599525306, 46.774869276767198 ], [ -96.911521363511184, 46.774877944290232 ], [ -96.911508853574787, 46.773974962482619 ], [ -96.911496343981753, 46.77307198323124 ], [ -96.911483834732067, 46.772169006535854 ], [ -96.911471325825701, 46.771266032396035 ], [ -96.912775490253011, 46.771257365446886 ], [ -96.912762963794492, 46.7703543940058 ], [ -96.914067109982511, 46.770345714808883 ], [ -96.91407965433649, 46.771248686106318 ] ] ] } },
{ "type": "Feature", "properties": { "id": "38_17", "growth_scenario": "high", "market_gravity_weight": 75 }, "geometry": { "type": "Polygon", "coordinates": [ [ [ -96.898540644448246, 46.779478892458499 ], [ -96.898552977440403, 46.780381891035752 ], [ -96.897248630280231, 46.780390423090765 ], [ -96.895944282781983, 46.780398942752143 ], [ -96.89595658031061, 46.781301944170664 ], [ -96.894652214573739, 46.781310451579301 ], [ -96.893347848499772, 46.781318946594133 ], [ -96.89333558677329, 46.78041594489406 ], [ -96.892031238263812, 46.78042442737457 ], [ -96.892018994774517, 46.779521428092913 ], [ -96.893323325383392, 46.779512945752849 ], [ -96.893311064330049, 46.778609949170246 ], [ -96.894615376702262, 46.778601454577426 ], [ -96.895919688737408, 46.778592947591427 ], [ -96.897224000435017, 46.77858442821217 ], [ -96.897236315188607, 46.779487424372199 ], [ -96.898540644448246, 46.779478892458499 ] ] ] } },
{ "type": "Feature", "properties": { "id": "38_18", "growth_scenario": "high", "market_gravity_weight": 75 }, "geometry": { "type": "Polygon", "coordinates": [ [ [ -97.048699977718798, 46.870542329738669 ], [ -97.050006093039187, 46.870532355763274 ], [ -97.050020524874512, 46.871435599487654 ], [ -97.050034957106547, 46.872338845806617 ], [ -97.048728805887635, 46.872348820113402 ], [ -97.048743220566408, 46.873252069193171 ], [ -97.047437051001239, 46.873262031251457 ], [ -97.046130881040341, 46.873271980895495 ], [ -97.044824710684168, 46.873281918125251 ], [ -97.04481034985551, 46.872378668549466 ], [ -97.04611650226164, 46.872368731484833 ], [ -97.046102123878171, 46.871465484669287 ], [ -97.046087745889949, 46.870562240448315 ], [ -97.047393862002224, 46.870552291300285 ], [ -97.047379466460654, 46.869649049838962 ], [ -97.048685564228677, 46.869639088442831 ], [ -97.048699977718798, 46.870542329738669 ] ] ] } },
{ "type": "Feature", "properties": { "id": "38_19", "growth_scenario": "high", "market_gravity_weight": 75 }, "geometry": { "type": "Polygon", "coordinates": [ [ [ -96.900171531746182, 46.898696963345223 ], [ -96.900183909547692, 46.899600302802433 ], [ -96.898877195194927, 46.899608853571465 ], [ -96.898889555370772, 46.900512195777345 ], [ -96.89758282271201, 46.900520734267602 ], [ -96.897595165261208, 46.901424079222295 ], [ -96.896288414296436, 46.901432605433506 ], [ -96.896276089713837, 46.90052926033691 ], [ -96.896263765470181, 46.899625917847217 ], [ -96.896251441565411, 46.898722577963909 ], [ -96.896239117999556, 46.897819240686552 ], [ -96.897545797100918, 46.897810715042759 ], [ -96.898852475862924, 46.897802176978566 ], [ -96.900159154285035, 46.897793626494007 ], [ -96.901465832366796, 46.897785063589161 ], [ -96.901478227792992, 46.89868840029785 ], [ -96.900171531746182, 46.898696963345223 ] ] ] } },
{ "type": "Feature", "properties": { "id": "38_2", "growth_scenario": "high", "market_gravity_weight": 75 }, "geometry": { "type": "Polygon", "coordinates": [ [ [ -96.874181783652617, 46.909705895231774 ], [ -96.875488702035867, 46.909697578936452 ], [ -96.875500742462137, 46.910600952363239 ], [ -96.875512783219605, 46.911504328400923 ], [ -96.874205828892315, 46.91151264497303 ], [ -96.872898874234352, 46.911520949121581 ], [ -96.871591919246171, 46.911529240846534 ], [ -96.870284963928299, 46.911537520147917 ], [ -96.870272995059977, 46.910634143557814 ], [ -96.870261026520851, 46.909730769578616 ], [ -96.87024905831089, 46.908827398209972 ], [ -96.871555959713348, 46.908819119321954 ], [ -96.872862860786142, 46.908810828010971 ], [ -96.872874864938694, 46.909714199103881 ], [ -96.874181783652617, 46.909705895231774 ] ] ] } },
{ "type": "Feature", "properties": { "id": "38_20", "growth_scenario": "high", "market_gravity_weight": 75 }, "geometry": { "type": "Polygon", "coordinates": [ [ [ -97.05260385515372, 46.869609129773814 ], [ -97.052618322489366, 46.87051237057176 ], [ -97.052632790222688, 46.871415613964004 ], [ -97.052647258353701, 46.872318859950774 ], [ -97.051341107928735, 46.872328859085734 ], [ -97.051326657747182, 46.871425612932711 ], [ -97.050020524874512, 46.871435599487654 ], [ -97.050006093039187, 46.870532355763274 ], [ -97.048699977718798, 46.870542329738669 ], [ -97.048685564228677, 46.869639088442831 ], [ -97.049991661600529, 46.869629114633284 ], [ -97.049977230558568, 46.868725876097159 ], [ -97.04996279991326, 46.867822640154593 ], [ -97.051268860992906, 46.867812654263432 ], [ -97.052574921675401, 46.867802655959274 ], [ -97.052589388215736, 46.868705891569753 ], [ -97.05260385515372, 46.869609129773814 ] ] ] } },
{ "type": "Feature", "properties": { "id": "38_21", "growth_scenario": "high", "market_gravity_weight": 75 }, "geometry": { "type": "Polygon", "coordinates": [ [ [ -96.892031238263812, 46.78042442737457 ], [ -96.89333558677329, 46.78041594489406 ], [ -96.893347848499772, 46.781318946594133 ], [ -96.894652214573739, 46.781310451579301 ], [ -96.89595658031061, 46.781301944170664 ], [ -96.895968878176816, 46.782204948148483 ], [ -96.894664494538389, 46.782213455698034 ], [ -96.893360110562853, 46.782221950853533 ], [ -96.892055726250703, 46.782230433615027 ], [ -96.890751341602439, 46.782238903982432 ], [ -96.889446956618542, 46.782247361955847 ], [ -96.888142571299497, 46.782255807535201 ], [ -96.888130380842838, 46.781352802715134 ], [ -96.889434748260257, 46.781344357275664 ], [ -96.889422540237092, 46.780441355154721 ], [ -96.890726889418247, 46.780432897461488 ], [ -96.89071466382957, 46.779529898039563 ], [ -96.892018994774517, 46.779521428092913 ], [ -96.892031238263812, 46.78042442737457 ] ] ] } },
{ "type": "Feature", "properties": { "id": "38_22", "growth_scenario": "high", "market_gravity_weight": 75 }, "geometry": { "type": "Polygon", "coordinates": [ [ [ -96.87256394949479, 46.984711437503307 ], [ -96.873872361881439, 46.984703134576129 ], [ -96.873884393816027, 46.985606726215465 ], [ -96.875192823884248, 46.985598410709102 ], [ -96.875204874163529, 46.986502004850585 ], [ -96.875216924774634, 46.987405601633405 ], [ -96.873908458679196, 46.987413917417378 ], [ -96.873920491607805, 46.988317516980644 ], [ -96.872612007166637, 46.988325820462229 ], [ -96.872599992252418, 46.987422220760287 ], [ -96.871291525494783, 46.987430511662275 ], [ -96.871279528925285, 46.986526914463681 ], [ -96.871267532686147, 46.985623319906388 ], [ -96.87125553677734, 46.984719727990154 ], [ -96.871243541198837, 46.983816138714474 ], [ -96.872551935903886, 46.983807848366077 ], [ -96.87256394949479, 46.984711437503307 ] ] ] } },
{ "type": "Feature", "properties": { "id": "38_3", "growth_scenario": "high", "market_gravity_weight": 75 }, "geometry": { "type": "Polygon", "coordinates": [ [ [ -96.907646024193895, 46.77761283455807 ], [ -96.907658481805569, 46.778515827023938 ], [ -96.906354172825942, 46.778524445548555 ], [ -96.906366612879623, 46.779427440715295 ], [ -96.90637905327479, 46.780330438440537 ], [ -96.905074708153279, 46.780339044857001 ], [ -96.905087130988989, 46.781242045283619 ], [ -96.903782767625486, 46.781250639448785 ], [ -96.90377036269075, 46.780347638879881 ], [ -96.90375795809652, 46.779444640869876 ], [ -96.903745553842796, 46.778541645418315 ], [ -96.903733149929579, 46.777638652524921 ], [ -96.903720746356797, 46.776735662189317 ], [ -96.905025020220378, 46.776727068735674 ], [ -96.906329293742985, 46.776718462889157 ], [ -96.906341733113749, 46.777621452939961 ], [ -96.907646024193895, 46.77761283455807 ] ] ] } },
{ "type": "Feature", "properties": { "id": "38_4", "growth_scenario": "high", "market_gravity_weight": 75 }, "geometry": { "type": "Polygon", "coordinates": [ [ [ -96.889398125196081, 46.778635358589376 ], [ -96.889410332549033, 46.77953835559277 ], [ -96.888106000933405, 46.779546800752549 ], [ -96.886801668983168, 46.779555233518806 ], [ -96.88681384086992, 46.780458233360321 ], [ -96.885509490684882, 46.780466653872622 ], [ -96.885497336698819, 46.779563653891721 ], [ -96.884193004080842, 46.779572061871143 ], [ -96.884180868328585, 46.778669064309632 ], [ -96.885485183046356, 46.778660656469441 ], [ -96.885473029727521, 46.777757661605392 ], [ -96.886777326211998, 46.77774924151138 ], [ -96.886765155327552, 46.776846249344608 ], [ -96.888069433578764, 46.776837816997201 ], [ -96.889373711495409, 46.776829372256913 ], [ -96.88938591817822, 46.777732364144228 ], [ -96.889398125196081, 46.778635358589376 ] ] ] } },
{ "type": "Feature", "properties": { "id": "38_5", "growth_scenario": "high", "market_gravity_weight": 75 }, "geometry": { "type": "Polygon", "coordinates": [ [ [ -96.878078386065297, 46.9078741706088 ], [ -96.879385267511609, 46.907865817322161 ], [ -96.879397361187827, 46.908769185111815 ], [ -96.880704260272253, 46.908760819263172 ], [ -96.880716372252323, 46.909664189523795 ], [ -96.880728484565509, 46.910567562394853 ], [ -96.879421549538165, 46.910575928521993 ], [ -96.878114614178145, 46.91058428222577 ], [ -96.876807678485989, 46.910592623506147 ], [ -96.876795620087947, 46.909689250218051 ], [ -96.875488702035867, 46.909697578936452 ], [ -96.875476661940752, 46.908794208120206 ], [ -96.876783562021572, 46.908785879540318 ], [ -96.87677150428685, 46.907882511472806 ], [ -96.876759446883753, 46.906979146014997 ], [ -96.878066310691921, 46.906970805289831 ], [ -96.878078386065297, 46.9078741706088 ] ] ] } },
{ "type": "Feature", "properties": { "id": "38_6", "growth_scenario": "high", "market_gravity_weight": 75 }, "geometry": { "type": "Polygon", "coordinates": [ [ [ -96.87256394949479, 46.984711437503307 ], [ -96.872551935903886, 46.983807848366077 ], [ -96.873860330278148, 46.983799545577469 ], [ -96.875168724321128, 46.983791230348743 ], [ -96.876477118032298, 46.983782902679884 ], [ -96.87778551141119, 46.983774562570851 ], [ -96.879093904457321, 46.983766210021699 ], [ -96.879106008110028, 46.98466979846399 ], [ -96.879118112096023, 46.985573389546815 ], [ -96.877809683024736, 46.985581742374812 ], [ -96.876501253620646, 46.985590082762243 ], [ -96.876513321913279, 46.986493676764702 ], [ -96.875204874163529, 46.986502004850585 ], [ -96.875192823884248, 46.985598410709102 ], [ -96.873884393816027, 46.985606726215465 ], [ -96.873872361881439, 46.984703134576129 ], [ -96.87256394949479, 46.984711437503307 ] ] ] } },
{ "type": "Feature", "properties": { "id": "38_7", "growth_scenario": "high", "market_gravity_weight": 75 }, "geometry": { "type": "Polygon", "coordinates": [ [ [ -96.875187798970714, 46.887114090738834 ], [ -96.876494267889569, 46.88710576548354 ], [ -96.877800736477113, 46.887097427810289 ], [ -96.877812804547261, 46.888000735805939 ], [ -96.876506318000338, 46.88800907361788 ], [ -96.876518368442419, 46.888912384354029 ], [ -96.876530419215825, 46.889815697692349 ], [ -96.875223896417282, 46.889824023362969 ], [ -96.873917373287881, 46.889832336614987 ], [ -96.873905358435238, 46.888929022999946 ], [ -96.872598852935894, 46.888937323695309 ], [ -96.87258685637353, 46.88803401254448 ], [ -96.872574860141029, 46.88713070399541 ], [ -96.873881329721044, 46.887122403576143 ], [ -96.873869315859437, 46.886219097766613 ], [ -96.875175767150182, 46.886210785067519 ], [ -96.875187798970714, 46.887114090738834 ] ] ] } },
{ "type": "Feature", "properties": { "id": "38_8", "growth_scenario": "high", "market_gravity_weight": 75 }, "geometry": { "type": "Polygon", "coordinates": [ [ [ -96.880680037311478, 46.906954086571929 ], [ -96.880692148625315, 46.907857451612706 ], [ -96.881999029405904, 46.90784907348052 ], [ -96.882011159023548, 46.908752440991549 ], [ -96.882023288974821, 46.909655811112764 ], [ -96.882035419259722, 46.910559183844406 ], [ -96.882047549878266, 46.911462559186823 ], [ -96.880740597211869, 46.911470937876764 ], [ -96.879433644212313, 46.911479304143121 ], [ -96.879421549538165, 46.910575928521993 ], [ -96.880728484565509, 46.910567562394853 ], [ -96.880716372252323, 46.909664189523795 ], [ -96.880704260272253, 46.908760819263172 ], [ -96.879397361187827, 46.908769185111815 ], [ -96.879385267511609, 46.907865817322161 ], [ -96.878078386065297, 46.9078741706088 ], [ -96.878066310691921, 46.906970805289831 ], [ -96.876759446883753, 46.906979146014997 ], [ -96.876747389812266, 46.906075783166592 ], [ -96.87805423565068, 46.906067442580273 ], [ -96.879361081157015, 46.906059089571571 ], [ -96.879373174168009, 46.906962452142118 ], [ -96.880680037311478, 46.906954086571929 ] ] ] } },
{ "type": "Feature", "properties": { "id": "38_9", "growth_scenario": "high", "market_gravity_weight": 75 }, "geometry": { "type": "Polygon", "coordinates": [ [ [ -96.90113693349771, 46.778558795715419 ], [ -96.899832622815666, 46.77856735227418 ], [ -96.899844973369341, 46.779470348151477 ], [ -96.901149301951421, 46.779461791450991 ], [ -96.901161670744642, 46.780364789745043 ], [ -96.899857324262044, 46.780373346587218 ], [ -96.898552977440403, 46.780381891035752 ], [ -96.898540644448246, 46.779478892458499 ], [ -96.897236315188607, 46.779487424372199 ], [ -96.897224000435017, 46.77858442821217 ], [ -96.897211686019475, 46.777681434610365 ], [ -96.897199371941937, 46.776778443566357 ], [ -96.898503647502878, 46.776769912076546 ], [ -96.89980792272533, 46.776761368193853 ], [ -96.901112197608796, 46.776752811918506 ], [ -96.901124565383512, 46.777655802538057 ], [ -96.90113693349771, 46.778558795715419 ] ] ] } },
{ "type": "Feature", "properties": { "id": "39_0", "growth_scenario": "high", "market_gravity_weight": 75 }, "geometry": { "type": "Polygon", "coordinates": [ [ [ -82.993617865681074, 39.855208051036328 ], [ -82.993456961231843, 39.856092132995428 ], [ -82.993296052826295, 39.856976215087705 ], [ -82.99446439285623, 39.857097970647857 ], [ -82.994303494585552, 39.857982054417235 ], [ -82.99313514046429, 39.857860297313444 ], [ -82.992974224145684, 39.858744379672743 ], [ -82.991805859889496, 39.858622610162492 ], [ -82.990637499590406, 39.858500829789499 ], [ -82.990798444091922, 39.857616750518069 ], [ -82.99095938463617, 39.856732671380065 ], [ -82.992127716752833, 39.856854448665118 ], [ -82.992288639249239, 39.855970368116552 ], [ -82.992449557788987, 39.855086287701091 ], [ -82.991281253853401, 39.85496451350371 ], [ -82.991442182526683, 39.854080434764896 ], [ -82.99261047237222, 39.854202207418567 ], [ -82.993778766174131, 39.854323969210206 ], [ -82.994947063932059, 39.854445720139729 ], [ -82.994786177529335, 39.855329803509356 ], [ -82.993617865681074, 39.855208051036328 ] ] ] } },
{ "type": "Feature", "properties": { "id": "39_1", "growth_scenario": "high", "market_gravity_weight": 75 }, "geometry": { "type": "Polygon", "coordinates": [ [ [ -82.782219508365557, 39.878048517662975 ], [ -82.782055953469609, 39.87893233542205 ], [ -82.781892394552131, 39.879816153313243 ], [ -82.78172883161298, 39.880699971336682 ], [ -82.780560471250894, 39.880576235748599 ], [ -82.779392114910962, 39.880452489301433 ], [ -82.779555706014733, 39.879568674417193 ], [ -82.778387367779388, 39.879444918680854 ], [ -82.778550968942582, 39.878561105498555 ], [ -82.778714566083252, 39.877677292448112 ], [ -82.778878159201568, 39.876793479529269 ], [ -82.780046455192632, 39.876917230556629 ], [ -82.78121475520561, 39.877040970725439 ], [ -82.781051190249642, 39.877924786783339 ], [ -82.782219508365557, 39.878048517662975 ] ] ] } },
{ "type": "Feature", "properties": { "id": "39_10", "growth_scenario": "high", "market_gravity_weight": 75 }, "geometry": { "type": "Polygon", "coordinates": [ [ [ -82.811090958257722, 39.799103840182489 ], [ -82.810927937334228, 39.799987665586016 ], [ -82.810764912406555, 39.800871491102612 ], [ -82.809597798156474, 39.800748029793759 ], [ -82.808430687911013, 39.80062455763683 ], [ -82.808593740945767, 39.799740735243624 ], [ -82.807426648758621, 39.799617253800676 ], [ -82.80726358167054, 39.800501074632052 ], [ -82.806096479435382, 39.80037758077939 ], [ -82.806259560576635, 39.799493761510014 ], [ -82.806422637712387, 39.79860994235338 ], [ -82.80758971184153, 39.798733433082148 ], [ -82.808756789975689, 39.798856912963281 ], [ -82.808919835000935, 39.79797309079558 ], [ -82.810086903086955, 39.798096558267481 ], [ -82.811253975177209, 39.798220014891719 ], [ -82.812421051271343, 39.798343460668342 ], [ -82.812258048404956, 39.799227287520416 ], [ -82.811090958257722, 39.799103840182489 ] ] ] } },
{ "type": "Feature", "properties": { "id": "39_11", "growth_scenario": "high", "market_gravity_weight": 75 }, "geometry": { "type": "Polygon", "coordinates": [ [ [ -83.064650962556385, 39.831063657738028 ], [ -83.065819002171807, 39.831184748108825 ], [ -83.066987045719344, 39.831305827618664 ], [ -83.066827096471798, 39.832189994227427 ], [ -83.065659038837012, 39.832068913183733 ], [ -83.065499071569931, 39.832953078388101 ], [ -83.065339100370451, 39.833837243722179 ], [ -83.064171018492729, 39.833716148749346 ], [ -83.063002940547904, 39.833595042915256 ], [ -83.06316293992279, 39.832710880649572 ], [ -83.061994879998679, 39.832589765488599 ], [ -83.062154889527633, 39.83170560488665 ], [ -83.062314895123308, 39.8308214444139 ], [ -83.063482926873462, 39.830942556506379 ], [ -83.063642914449503, 39.83005839462848 ], [ -83.064810936045831, 39.830179494326181 ], [ -83.064650962556385, 39.831063657738028 ] ] ] } },
{ "type": "Feature", "properties": { "id": "39_12", "growth_scenario": "high", "market_gravity_weight": 75 }, "geometry": { "type": "Polygon", "coordinates": [ [ [ -82.903610041331788, 39.86561554154774 ], [ -82.904778369358823, 39.865738131853981 ], [ -82.90461634907615, 39.866622103658997 ], [ -82.905784695174219, 39.866744684658649 ], [ -82.905622684995421, 39.867628658151126 ], [ -82.904454324809649, 39.867506075596971 ], [ -82.903285968607847, 39.867383482181623 ], [ -82.903123926269487, 39.86826745269812 ], [ -82.901955559964236, 39.868144846866869 ], [ -82.900787197643766, 39.868022230174489 ], [ -82.900949268157461, 39.867138262767675 ], [ -82.901111334686192, 39.866254295493917 ], [ -82.901273397230099, 39.865370328352867 ], [ -82.902441717288767, 39.865492940380719 ], [ -82.902603761761398, 39.864608971817496 ], [ -82.903772071717682, 39.864731571429914 ], [ -82.903610041331788, 39.86561554154774 ] ] ] } },
{ "type": "Feature", "properties": { "id": "39_13", "growth_scenario": "high", "market_gravity_weight": 75 }, "geometry": { "type": "Polygon", "coordinates": [ [ [ -83.117109208056945, 39.86351152765976 ], [ -83.118277862924558, 39.8636321316392 ], [ -83.118118472493194, 39.864516375799141 ], [ -83.117959078141581, 39.865400620098484 ], [ -83.117799679869563, 39.866284864537334 ], [ -83.116630982688463, 39.866164255968648 ], [ -83.115462289428237, 39.866043636532055 ], [ -83.115621715909768, 39.865159395152943 ], [ -83.114453040675286, 39.865038766378753 ], [ -83.114612477339946, 39.864154526669104 ], [ -83.113443820130925, 39.864033888557401 ], [ -83.11360326697806, 39.863149650517066 ], [ -83.114771910083348, 39.863270287098665 ], [ -83.115940557109752, 39.863390912812946 ], [ -83.116099971828504, 39.862506671851548 ], [ -83.117268608672006, 39.862627285168649 ], [ -83.117109208056945, 39.86351152765976 ] ] ] } },
{ "type": "Feature", "properties": { "id": "39_2", "growth_scenario": "high", "market_gravity_weight": 75 }, "geometry": { "type": "Polygon", "coordinates": [ [ [ -82.904292296559191, 39.868390047668107 ], [ -82.905460670832994, 39.868512631776888 ], [ -82.905298652686795, 39.869396605536046 ], [ -82.906467045032912, 39.869519180337953 ], [ -82.906305036991611, 39.870403155785432 ], [ -82.90513663055664, 39.870280579428972 ], [ -82.90497460444243, 39.871164553455792 ], [ -82.903806187902504, 39.871041964682966 ], [ -82.902637775347145, 39.870919365048501 ], [ -82.902799829639292, 39.870035394131349 ], [ -82.901631435157555, 39.869912785190316 ], [ -82.901793499553364, 39.869028815961848 ], [ -82.901955559964236, 39.868144846866869 ], [ -82.903123926269487, 39.86826745269812 ], [ -82.903285968607847, 39.867383482181623 ], [ -82.904454324809649, 39.867506075596971 ], [ -82.904292296559191, 39.868390047668107 ] ] ] } },
{ "type": "Feature", "properties": { "id": "39_3", "growth_scenario": "high", "market_gravity_weight": 75 }, "geometry": { "type": "Polygon", "coordinates": [ [ [ -82.803599173728855, 39.801014376788444 ], [ -82.803436056468954, 39.801898193159317 ], [ -82.804603178799255, 39.802021711832282 ], [ -82.80444007158664, 39.802905529878835 ], [ -82.803272935202443, 39.802782009643451 ], [ -82.803109809929211, 39.803665826241009 ], [ -82.802946680649086, 39.804549642952288 ], [ -82.801779520163194, 39.804426108743414 ], [ -82.801942663497712, 39.80354229359488 ], [ -82.800775521073433, 39.803418750100533 ], [ -82.800938674454642, 39.80253493662839 ], [ -82.799771550091691, 39.802411383848892 ], [ -82.799934713518923, 39.801527572052898 ], [ -82.801101823828461, 39.801651123269608 ], [ -82.801264969195003, 39.800767310023851 ], [ -82.802432069458547, 39.800890848830065 ], [ -82.802595196765068, 39.800007034134659 ], [ -82.803762286982305, 39.800130560530619 ], [ -82.803599173728855, 39.801014376788444 ] ] ] } },
{ "type": "Feature", "properties": { "id": "39_4", "growth_scenario": "high", "market_gravity_weight": 75 }, "geometry": { "type": "Polygon", "coordinates": [ [ [ -82.783224289688775, 39.879056057012242 ], [ -82.784392629929144, 39.879179767743544 ], [ -82.784229099176216, 39.880063588773282 ], [ -82.78539745751992, 39.880187290214693 ], [ -82.785233936828831, 39.88107111294606 ], [ -82.784065564402283, 39.880947409935473 ], [ -82.783902025607205, 39.881831231230301 ], [ -82.782733643118789, 39.881707515791106 ], [ -82.781565264652016, 39.881583789492616 ], [ -82.780396890207214, 39.881460052334845 ], [ -82.779228519784709, 39.881336304317955 ], [ -82.779392114910962, 39.880452489301433 ], [ -82.780560471250894, 39.880576235748599 ], [ -82.78172883161298, 39.880699971336682 ], [ -82.781892394552131, 39.879816153313243 ], [ -82.782055953469609, 39.87893233542205 ], [ -82.782219508365557, 39.878048517662975 ], [ -82.783387830502861, 39.878172237683877 ], [ -82.783224289688775, 39.879056057012242 ] ] ] } },
{ "type": "Feature", "properties": { "id": "39_5", "growth_scenario": "high", "market_gravity_weight": 75 }, "geometry": { "type": "Polygon", "coordinates": [ [ [ -83.062794888312126, 39.828168963768888 ], [ -83.062634894515398, 39.829053123855239 ], [ -83.063802898092916, 39.829174232879488 ], [ -83.064970905602948, 39.829295331043262 ], [ -83.064810936045831, 39.830179494326181 ], [ -83.063642914449503, 39.83005839462848 ], [ -83.063482926873462, 39.830942556506379 ], [ -83.062314895123308, 39.8308214444139 ], [ -83.061146867306277, 39.830700321460711 ], [ -83.061306883055167, 39.829816162651248 ], [ -83.060138873257813, 39.829695030371717 ], [ -83.060298899159221, 39.828810873225336 ], [ -83.060458921127136, 39.827926716207337 ], [ -83.061626902753105, 39.828047845418261 ], [ -83.061786906702466, 39.827163686994368 ], [ -83.062954878176129, 39.827284803810905 ], [ -83.064122853582347, 39.827405909767251 ], [ -83.063962877803803, 39.828290071259168 ], [ -83.062794888312126, 39.828168963768888 ] ] ] } },
{ "type": "Feature", "properties": { "id": "39_6", "growth_scenario": "high", "market_gravity_weight": 75 }, "geometry": { "type": "Polygon", "coordinates": [ [ [ -83.06863487509095, 39.828774392615443 ], [ -83.068474951724752, 39.829658560370476 ], [ -83.067306932419186, 39.829537494788781 ], [ -83.067146991035102, 39.830421661139212 ], [ -83.065978961574473, 39.830300583163059 ], [ -83.065819002171807, 39.831184748108825 ], [ -83.064650962556385, 39.831063657738028 ], [ -83.064810936045831, 39.830179494326181 ], [ -83.064970905602948, 39.829295331043262 ], [ -83.063802898092916, 39.829174232879488 ], [ -83.063962877803803, 39.828290071259168 ], [ -83.064122853582347, 39.827405909767251 ], [ -83.06529083292078, 39.827527004863271 ], [ -83.066458816191115, 39.827648089098943 ], [ -83.067626803392997, 39.827769162474254 ], [ -83.06746686987178, 39.828653328567206 ], [ -83.06863487509095, 39.828774392615443 ] ] ] } },
{ "type": "Feature", "properties": { "id": "39_7", "growth_scenario": "high", "market_gravity_weight": 75 }, "geometry": { "type": "Polygon", "coordinates": [ [ [ -83.120933897106866, 39.862104812975097 ], [ -83.12210253552567, 39.862225381293356 ], [ -83.121943195245706, 39.863109629763173 ], [ -83.123111851687383, 39.863230188743074 ], [ -83.122952521592865, 39.864114438881153 ], [ -83.121783851046786, 39.863993878372113 ], [ -83.121624502928768, 39.864878127120441 ], [ -83.121465150891481, 39.865762376008263 ], [ -83.120296456055001, 39.865641801572878 ], [ -83.119127765138259, 39.86552121626957 ], [ -83.119287145385243, 39.864636970440628 ], [ -83.119446521712305, 39.863752724751087 ], [ -83.119605894119587, 39.862868479200785 ], [ -83.119765262607231, 39.86198423378945 ], [ -83.119924627175394, 39.861099988516884 ], [ -83.121093247571594, 39.861220566173273 ], [ -83.120933897106866, 39.862104812975097 ] ] ] } },
{ "type": "Feature", "properties": { "id": "39_8", "growth_scenario": "high", "market_gravity_weight": 75 }, "geometry": { "type": "Polygon", "coordinates": [ [ [ -82.732244929459824, 39.903386958034488 ], [ -82.733413577330552, 39.903511144207492 ], [ -82.733249364276347, 39.904394908337515 ], [ -82.732080702318058, 39.904270720587995 ], [ -82.731916471137112, 39.905154483278338 ], [ -82.731752235916844, 39.906038246105723 ], [ -82.730583549821915, 39.905914044341571 ], [ -82.730419296473741, 39.906797805729369 ], [ -82.729250600330374, 39.906673591526989 ], [ -82.729414867766792, 39.905789831716206 ], [ -82.728246189751815, 39.905665608229739 ], [ -82.728410467235889, 39.904781850133134 ], [ -82.729579131163078, 39.904906072042614 ], [ -82.729743390519374, 39.904022312505894 ], [ -82.729907645835823, 39.90313855310589 ], [ -82.731076285628149, 39.903262761000612 ], [ -82.731240522817956, 39.902379000160344 ], [ -82.732409152562568, 39.902503195617633 ], [ -82.732244929459824, 39.903386958034488 ] ] ] } },
{ "type": "Feature", "properties": { "id": "39_9", "growth_scenario": "high", "market_gravity_weight": 75 }, "geometry": { "type": "Polygon", "coordinates": [ [ [ -82.728922053336504, 39.908441111560876 ], [ -82.728757773778781, 39.909324871784342 ], [ -82.727589039409338, 39.909200641988889 ], [ -82.727424741721435, 39.910084400772973 ], [ -82.726255997303767, 39.909960158538297 ], [ -82.725087256927651, 39.90983590544193 ], [ -82.725251582794002, 39.908952149813061 ], [ -82.725415904618643, 39.908068394321965 ], [ -82.724247196462059, 39.907944133519536 ], [ -82.724411528333434, 39.907060379743676 ], [ -82.725580222401675, 39.907184638968495 ], [ -82.726748920511341, 39.907308887332036 ], [ -82.727917622662119, 39.907433124834256 ], [ -82.729086328853654, 39.907557351475134 ], [ -82.730255039085634, 39.907681567254606 ], [ -82.730090777657423, 39.908565328917454 ], [ -82.728922053336504, 39.908441111560876 ] ] ] } },
{ "type": "Feature", "properties": { "id": "40_0", "growth_scenario": "high", "market_gravity_weight": 75 }, "geometry": { "type": "Polygon", "coordinates": [ [ [ -95.911098734837481, 36.261299168587783 ], [ -95.912221934007107, 36.261299998533687 ], [ -95.912220896543943, 36.26219282925198 ], [ -95.912219859056236, 36.263085659445544 ], [ -95.912218821544016, 36.263978489114564 ], [ -95.911095582547688, 36.2639776591407 ], [ -95.909972343576186, 36.263976818614111 ], [ -95.908849104629851, 36.26397596753479 ], [ -95.908850181969726, 36.263083137894107 ], [ -95.908851259284134, 36.262190307728851 ], [ -95.908852336573062, 36.261297477038894 ], [ -95.909975535692695, 36.261298328089545 ], [ -95.909976599681244, 36.260405496865005 ], [ -95.911099785551073, 36.260406337353828 ], [ -95.911098734837481, 36.261299168587783 ] ] ] } },
{ "type": "Feature", "properties": { "id": "40_1", "growth_scenario": "high", "market_gravity_weight": 75 }, "geometry": { "type": "Polygon", "coordinates": [ [ [ -95.911100836239839, 36.259513505594747 ], [ -95.911099785551073, 36.260406337353828 ], [ -95.909976599681244, 36.260405496865005 ], [ -95.909975535692695, 36.261298328089545 ], [ -95.908852336573062, 36.261297477038894 ], [ -95.908851259284134, 36.262190307728851 ], [ -95.908850181969726, 36.263083137894107 ], [ -95.908849104629851, 36.26397596753479 ], [ -95.907725865708983, 36.263975105902716 ], [ -95.907726956324737, 36.263082276271717 ], [ -95.907728046914713, 36.262189446116139 ], [ -95.90772913747891, 36.261296615435846 ], [ -95.907730228017314, 36.260403784230554 ], [ -95.907731318529969, 36.259510952500143 ], [ -95.90773240901683, 36.258618120244357 ], [ -95.908855568287109, 36.258618981818394 ], [ -95.909978727582867, 36.25861983284036 ], [ -95.909977663644625, 36.259512665115359 ], [ -95.911100836239839, 36.259513505594747 ] ] ] } },
{ "type": "Feature", "properties": { "id": "40_2", "growth_scenario": "high", "market_gravity_weight": 75 }, "geometry": { "type": "Polygon", "coordinates": [ [ [ -95.911108190365781, 36.253263668559853 ], [ -95.911107139850856, 36.254156504000683 ], [ -95.911106089311104, 36.255049338914908 ], [ -95.911105038746513, 36.255942173302792 ], [ -95.911103988157095, 36.256835007164547 ], [ -95.91110293754285, 36.257727840500237 ], [ -95.909979791495957, 36.25772700003975 ], [ -95.909980855383878, 36.256834166713453 ], [ -95.909981919246675, 36.255941332861156 ], [ -95.908858799771991, 36.255940481867839 ], [ -95.908859876882701, 36.255047647498969 ], [ -95.909982983084333, 36.255048498482736 ], [ -95.909984046896838, 36.254155663577883 ], [ -95.909985110684204, 36.253262828146539 ], [ -95.908862031027738, 36.253261977181914 ], [ -95.908863108062079, 36.252369141233366 ], [ -95.908864185070954, 36.251476304757787 ], [ -95.90998723818349, 36.25147715570332 ], [ -95.911110291321151, 36.251477996097762 ], [ -95.911109240855879, 36.252370832592298 ], [ -95.911108190365781, 36.253263668559853 ] ] ] } },
{ "type": "Feature", "properties": { "id": "40_3", "growth_scenario": "high", "market_gravity_weight": 75 }, "geometry": { "type": "Polygon", "coordinates": [ [ [ -95.914475408139154, 36.255051796902137 ], [ -95.915598514463369, 36.255052595128134 ], [ -95.915597516991028, 36.255945429552533 ], [ -95.915596519495111, 36.256838263450845 ], [ -95.914473386624451, 36.256837465206971 ], [ -95.913350253777693, 36.256836656411281 ], [ -95.912227120955137, 36.256835837063811 ], [ -95.912228158271176, 36.255943003192726 ], [ -95.912229195562716, 36.255050168795549 ], [ -95.912230232829728, 36.254157333872008 ], [ -95.912231270072212, 36.253264498421856 ], [ -95.913354349803143, 36.253265317732577 ], [ -95.914477429558289, 36.253266126491916 ], [ -95.914476418860673, 36.2541589619603 ], [ -95.914475408139154, 36.255051796902137 ] ] ] } },
{ "type": "Feature", "properties": { "id": "40_4", "growth_scenario": "high", "market_gravity_weight": 75 }, "geometry": { "type": "Polygon", "coordinates": [ [ [ -95.923457545628679, 36.257736389139581 ], [ -95.923456641003668, 36.258629222045585 ], [ -95.922333481426847, 36.258628497647962 ], [ -95.922332563506117, 36.259521330020277 ], [ -95.92120939067668, 36.25952059506244 ], [ -95.92008621786924, 36.259519849552419 ], [ -95.920087162338618, 36.25862701719673 ], [ -95.920088106785656, 36.257734184315488 ], [ -95.920089051210368, 36.256841350908473 ], [ -95.921212184195781, 36.25684209639337 ], [ -95.921213115324804, 36.255949262452027 ], [ -95.922336235058836, 36.255949997376931 ], [ -95.923459354814568, 36.255950721750096 ], [ -95.923458450232303, 36.256843555707846 ], [ -95.923457545628679, 36.257736389139581 ] ] ] } },
{ "type": "Feature", "properties": { "id": "40_5", "growth_scenario": "high", "market_gravity_weight": 75 }, "geometry": { "type": "Polygon", "coordinates": [ [ [ -95.906608146011138, 36.259510080364279 ], [ -95.906607042223868, 36.260402912084928 ], [ -95.906605938410522, 36.261295743280421 ], [ -95.90660483457107, 36.262188573950944 ], [ -95.906603730705527, 36.263081404096731 ], [ -95.906602626813878, 36.263974233717953 ], [ -95.905479387944894, 36.263973350980379 ], [ -95.904356149102298, 36.263972457690116 ], [ -95.903232910286434, 36.26397155384705 ], [ -95.902109671497598, 36.263970639451337 ], [ -95.900986432736119, 36.263969714502771 ], [ -95.900987603007167, 36.263076884932346 ], [ -95.902110828492766, 36.263077809870424 ], [ -95.903234054005708, 36.263078724255941 ], [ -95.904357279545692, 36.263079628088818 ], [ -95.905480505112408, 36.263080521369083 ], [ -95.905481622253518, 36.262187691233194 ], [ -95.90548273936821, 36.261294860572612 ], [ -95.905483856456513, 36.260402029387045 ], [ -95.905484973518412, 36.25950919767633 ], [ -95.905486090553893, 36.258616365440254 ], [ -95.906609249772316, 36.258617248118348 ], [ -95.906608146011138, 36.259510080364279 ] ] ] } },
{ "type": "Feature", "properties": { "id": "40_6", "growth_scenario": "high", "market_gravity_weight": 75 }, "geometry": { "type": "Polygon", "coordinates": [ [ [ -95.923454831689483, 36.260414886281147 ], [ -95.923453927000324, 36.26130771761111 ], [ -95.923453022289763, 36.262200548416132 ], [ -95.922329809613771, 36.262199823985988 ], [ -95.922328891606256, 36.263092654258131 ], [ -95.921205665676368, 36.263091919267225 ], [ -95.920082439768507, 36.26309117372368 ], [ -95.920083384327185, 36.262198343468206 ], [ -95.920084328863524, 36.261305512687947 ], [ -95.920085273377552, 36.260412681382761 ], [ -95.92008621786924, 36.259519849552419 ], [ -95.92120939067668, 36.25952059506244 ], [ -95.922332563506117, 36.259521330020277 ], [ -95.922331645563702, 36.260414161867303 ], [ -95.923454831689483, 36.260414886281147 ] ] ] } },
{ "type": "Feature", "properties": { "id": "41_0", "growth_scenario": "high", "market_gravity_weight": 75 }, "geometry": { "type": "Polygon", "coordinates": [ [ [ -120.87738498820022, 44.29020885069869 ], [ -120.877710215481599, 44.291075530942408 ], [ -120.878035451071483, 44.291942211934476 ], [ -120.87682155401167, 44.292174417405569 ], [ -120.877146783517688, 44.293041102525756 ], [ -120.875932863756347, 44.293273300416601 ], [ -120.875607648643367, 44.292406611916874 ], [ -120.874393734966887, 44.292638795468299 ], [ -120.874068542555094, 44.291772104338243 ], [ -120.872854634964057, 44.292004273550518 ], [ -120.872529465252853, 44.291137579790302 ], [ -120.873743358450881, 44.290905413956921 ], [ -120.873418182653907, 44.290038724324162 ], [ -120.874632053152297, 44.289806550909979 ], [ -120.875845915343433, 44.289574366536179 ], [ -120.876171119924862, 44.290441049411029 ], [ -120.87738498820022, 44.29020885069869 ] ] ] } },
{ "type": "Feature", "properties": { "id": "41_1", "growth_scenario": "high", "market_gravity_weight": 75 }, "geometry": { "type": "Polygon", "coordinates": [ [ [ -120.869776521318343, 44.290735178808383 ], [ -120.870990416736646, 44.290503038273499 ], [ -120.872204303848591, 44.290270886778757 ], [ -120.873418182653907, 44.290038724324162 ], [ -120.873743358450881, 44.290905413956921 ], [ -120.872529465252853, 44.291137579790302 ], [ -120.872854634964057, 44.292004273550518 ], [ -120.874068542555094, 44.291772104338243 ], [ -120.874393734966887, 44.292638795468299 ], [ -120.873179812982514, 44.292870968059759 ], [ -120.871965882690589, 44.293103129690955 ], [ -120.871640719065766, 44.292236431802792 ], [ -120.870426794860535, 44.29246857909493 ], [ -120.870101653936274, 44.291601878577161 ], [ -120.868887735818362, 44.291834011530405 ], [ -120.867673809394418, 44.292066133523377 ], [ -120.867348705564083, 44.291199426997885 ], [ -120.86856261759408, 44.290967308383216 ], [ -120.868237507675474, 44.290100605984883 ], [ -120.869451397006429, 44.28986847978836 ], [ -120.869776521318343, 44.290735178808383 ] ] ] } },
{ "type": "Feature", "properties": { "id": "41_10", "growth_scenario": "high", "market_gravity_weight": 75 }, "geometry": { "type": "Polygon", "coordinates": [ [ [ -122.935956178696813, 45.567630581377628 ], [ -122.935598010768629, 45.566766578056779 ], [ -122.936827643756033, 45.566514909707116 ], [ -122.938057267474562, 45.566263230342379 ], [ -122.939286881923906, 45.566011539962787 ], [ -122.94051648710375, 45.565759838568354 ], [ -122.940874713271612, 45.56662382660847 ], [ -122.942104323740708, 45.566372110378985 ], [ -122.942462573738069, 45.567236095584384 ], [ -122.941232948709612, 45.567487815634571 ], [ -122.94159119341812, 45.568351805646799 ], [ -122.940361544559167, 45.568603518502798 ], [ -122.939131886429664, 45.568855220343679 ], [ -122.938773670841542, 45.567991222690161 ], [ -122.937544018002527, 45.568242909695265 ], [ -122.937185826244672, 45.567378909207932 ], [ -122.935956178696813, 45.567630581377628 ] ] ] } },
{ "type": "Feature", "properties": { "id": "41_11", "growth_scenario": "high", "market_gravity_weight": 75 }, "geometry": { "type": "Polygon", "coordinates": [ [ [ -120.867587312754139, 44.288367203434085 ], [ -120.866373443904138, 44.288599311914709 ], [ -120.866698522819235, 44.289466016193778 ], [ -120.867023610039112, 44.290332721221375 ], [ -120.868237507675474, 44.290100605984883 ], [ -120.86856261759408, 44.290967308383216 ], [ -120.867348705564083, 44.291199426997885 ], [ -120.866134785228724, 44.291431534652283 ], [ -120.865809704097686, 44.290564825497739 ], [ -120.865484631271443, 44.289698117092172 ], [ -120.865159566749654, 44.288831409435417 ], [ -120.863945681291057, 44.289063495996118 ], [ -120.863620639466731, 44.288196785710383 ], [ -120.863295605945936, 44.287330076173156 ], [ -120.864509462618201, 44.287097996367244 ], [ -120.865723310986951, 44.286865905601523 ], [ -120.866937151051857, 44.286633803876143 ], [ -120.867262227750771, 44.28750050328113 ], [ -120.867587312754139, 44.288367203434085 ] ] ] } },
{ "type": "Feature", "properties": { "id": "41_12", "growth_scenario": "high", "market_gravity_weight": 75 }, "geometry": { "type": "Polygon", "coordinates": [ [ [ -122.930165906317967, 45.569752800399947 ], [ -122.931395614769855, 45.569501179488718 ], [ -122.931753742988491, 45.570365200063421 ], [ -122.930524019973774, 45.570616824794428 ], [ -122.930882142897701, 45.571480850176968 ], [ -122.929652396051452, 45.57173246771157 ], [ -122.928422639937068, 45.571984074229697 ], [ -122.928064546140433, 45.571120041207578 ], [ -122.92770646161128, 45.570256009173924 ], [ -122.926476725357091, 45.570507597036297 ], [ -122.926118664658603, 45.5696435621715 ], [ -122.927348386349237, 45.569391978128408 ], [ -122.926990320353966, 45.568527948070802 ], [ -122.92822001821493, 45.568276356830488 ], [ -122.929449706809166, 45.568024754574154 ], [ -122.929807801929883, 45.568888776993262 ], [ -122.930165906317967, 45.569752800399947 ] ] ] } },
{ "type": "Feature", "properties": { "id": "41_13", "growth_scenario": "high", "market_gravity_weight": 75 }, "geometry": { "type": "Polygon", "coordinates": [ [ [ -122.947535619261032, 45.563385434768463 ], [ -122.947893923506271, 45.564249398899463 ], [ -122.948252237023169, 45.565113364014955 ], [ -122.947022672909441, 45.565365135316206 ], [ -122.945793099523996, 45.565616895603277 ], [ -122.944563516867191, 45.565868644876211 ], [ -122.944205247023248, 45.565004668297853 ], [ -122.94297566965372, 45.565256402735763 ], [ -122.941746083013797, 45.56550812615928 ], [ -122.941387851556996, 45.564644142925182 ], [ -122.942617423638538, 45.564392423322026 ], [ -122.942259186893423, 45.563528444893365 ], [ -122.943488735147156, 45.563276718096297 ], [ -122.943846986450026, 45.56414069270464 ], [ -122.945076539991149, 45.563888951073181 ], [ -122.946306084261579, 45.56363719842772 ], [ -122.945947803844291, 45.562773231460454 ], [ -122.947177324287054, 45.562521471621864 ], [ -122.947535619261032, 45.563385434768463 ] ] ] } },
{ "type": "Feature", "properties": { "id": "41_14", "growth_scenario": "high", "market_gravity_weight": 75 }, "geometry": { "type": "Polygon", "coordinates": [ [ [ -120.87809948294688, 44.281712191473368 ], [ -120.879313188484062, 44.281479979335174 ], [ -120.87963839855702, 44.282346639342009 ], [ -120.880852110175283, 44.282114412867458 ], [ -120.881177342943218, 44.282981070241213 ], [ -120.882391060641964, 44.282748829430091 ], [ -120.882716316105515, 44.283615484170546 ], [ -120.881502584018719, 44.283847728360648 ], [ -120.880288843624044, 44.284079961592624 ], [ -120.879075094921816, 44.28431218386639 ], [ -120.877861337912336, 44.284544395181861 ], [ -120.877536140002817, 44.283677726926385 ], [ -120.877210950399942, 44.282811059417043 ], [ -120.876885769103396, 44.281944392653543 ], [ -120.876560596112839, 44.281077726635694 ], [ -120.877774295568301, 44.280845528833595 ], [ -120.87809948294688, 44.281712191473368 ] ] ] } },
{ "type": "Feature", "properties": { "id": "41_15", "growth_scenario": "high", "market_gravity_weight": 75 }, "geometry": { "type": "Polygon", "coordinates": [ [ [ -120.874133172285141, 44.281542089365892 ], [ -120.8753468883517, 44.281309913479859 ], [ -120.875672046953895, 44.282176582875721 ], [ -120.87599721386178, 44.28304325301734 ], [ -120.874783469017586, 44.283275435659249 ], [ -120.875108629842217, 44.284142109925128 ], [ -120.873894862302734, 44.284374284986647 ], [ -120.872681086457575, 44.284606449089488 ], [ -120.87235595441247, 44.283739768067683 ], [ -120.871142184652115, 44.283971917833874 ], [ -120.870817075301986, 44.283105234180852 ], [ -120.872030830672415, 44.282873087792325 ], [ -120.871705715237141, 44.282006408263236 ], [ -120.872919447913517, 44.281774254293737 ], [ -120.872594326393752, 44.280907578888176 ], [ -120.873808036376701, 44.280675417337925 ], [ -120.874133172285141, 44.281542089365892 ] ] ] } },
{ "type": "Feature", "properties": { "id": "41_16", "growth_scenario": "high", "market_gravity_weight": 75 }, "geometry": { "type": "Polygon", "coordinates": [ [ [ -122.935084684516042, 45.568746250659515 ], [ -122.936314355893913, 45.568494585685094 ], [ -122.936672542360284, 45.56935859097954 ], [ -122.937030738096254, 45.570222597261058 ], [ -122.935801037595269, 45.570474269876151 ], [ -122.936159228039202, 45.571338280965662 ], [ -122.934929503706158, 45.57158994638543 ], [ -122.933699770103416, 45.571841600789128 ], [ -122.933341608784573, 45.570977582058696 ], [ -122.932111880475517, 45.571229221625941 ], [ -122.931753742988491, 45.570365200063421 ], [ -122.932983456734775, 45.570113564316273 ], [ -122.932625313953707, 45.569249547561498 ], [ -122.933855003869198, 45.568997904618364 ], [ -122.933496855794644, 45.568133892670829 ], [ -122.934726521880037, 45.567882242531937 ], [ -122.935084684516042, 45.568746250659515 ] ] ] } },
{ "type": "Feature", "properties": { "id": "41_17", "growth_scenario": "high", "market_gravity_weight": 75 }, "geometry": { "type": "Polygon", "coordinates": [ [ [ -122.94835771908761, 45.555718491765319 ], [ -122.949587100566347, 45.555466714616486 ], [ -122.949945388865729, 45.556330655600469 ], [ -122.951174775627535, 45.556078863619398 ], [ -122.951533087750065, 45.556942801765096 ], [ -122.950303686435163, 45.557194597566337 ], [ -122.95066199327502, 45.558058540514452 ], [ -122.951020309385626, 45.558922484444956 ], [ -122.949790869692492, 45.559174276874508 ], [ -122.949432568135947, 45.558310329123614 ], [ -122.948203133726395, 45.55856210671999 ], [ -122.94784485599439, 45.557698156131515 ], [ -122.946615426869144, 45.557949918895105 ], [ -122.946257172961097, 45.557085965469305 ], [ -122.947486587532211, 45.556834206525565 ], [ -122.947128328339446, 45.555970257901876 ], [ -122.946770078415852, 45.555106310260236 ], [ -122.947999454610809, 45.554854547943279 ], [ -122.94835771908761, 45.555718491765319 ] ] ] } },
{ "type": "Feature", "properties": { "id": "41_18", "growth_scenario": "high", "market_gravity_weight": 75 }, "geometry": { "type": "Polygon", "coordinates": [ [ [ -122.941087727898605, 45.547834248499477 ], [ -122.942316991659652, 45.54758254257375 ], [ -122.943546246155378, 45.547330825636521 ], [ -122.943904412672779, 45.548194764450898 ], [ -122.944262588456127, 45.54905870424512 ], [ -122.944620773505775, 45.549922645019393 ], [ -122.943391475356776, 45.550174373410783 ], [ -122.942162167941461, 45.550426090790417 ], [ -122.940932851260072, 45.550677797158038 ], [ -122.940574709865629, 45.54981384492946 ], [ -122.940216577736564, 45.548949893681375 ], [ -122.939858454872535, 45.548085943413689 ], [ -122.939500341273231, 45.547221994126097 ], [ -122.94072959974811, 45.546970303029362 ], [ -122.941087727898605, 45.547834248499477 ] ] ] } },
{ "type": "Feature", "properties": { "id": "41_19", "growth_scenario": "high", "market_gravity_weight": 75 }, "geometry": { "type": "Polygon", "coordinates": [ [ [ -122.91572069861877, 45.567084048858916 ], [ -122.916078611044526, 45.567948105510979 ], [ -122.914848873493085, 45.568199586147102 ], [ -122.915206780616657, 45.569063647605105 ], [ -122.915564697003191, 45.569927710051935 ], [ -122.915922622653042, 45.57079177348772 ], [ -122.916280557566566, 45.571655837912829 ], [ -122.915050752488781, 45.571907322802886 ], [ -122.914692832141668, 45.571043254559747 ], [ -122.91346303236692, 45.571294724614184 ], [ -122.913105135849577, 45.570430653542772 ], [ -122.91274724859494, 45.569566583460777 ], [ -122.912389370602654, 45.568702514367928 ], [ -122.913619126679023, 45.56845105576614 ], [ -122.913261243383232, 45.567586991479324 ], [ -122.914490975632134, 45.567335525677592 ], [ -122.914133087033406, 45.56647146619644 ], [ -122.91536279545555, 45.56621999319497 ], [ -122.91572069861877, 45.567084048858916 ] ] ] } },
{ "type": "Feature", "properties": { "id": "41_2", "growth_scenario": "high", "market_gravity_weight": 75 }, "geometry": { "type": "Polygon", "coordinates": [ [ [ -122.938725495304482, 45.561439913148142 ], [ -122.939083675126824, 45.562303896262279 ], [ -122.939441864217585, 45.563167880361156 ], [ -122.938212302714092, 45.56341957029553 ], [ -122.938570486515104, 45.564283559199168 ], [ -122.937340901184342, 45.564535241938884 ], [ -122.936982731942123, 45.563671249215574 ], [ -122.935753151902077, 45.563922917120976 ], [ -122.935395006486871, 45.563058921563588 ], [ -122.935036870339147, 45.562194926991424 ], [ -122.936266421261806, 45.561943266724633 ], [ -122.935908279822954, 45.561079276956498 ], [ -122.937137806920276, 45.560827609494531 ], [ -122.938367324750175, 45.560575931018455 ], [ -122.939596833312393, 45.560324241528434 ], [ -122.939955018423902, 45.561188219838719 ], [ -122.938725495304482, 45.561439913148142 ] ] ] } },
{ "type": "Feature", "properties": { "id": "41_20", "growth_scenario": "high", "market_gravity_weight": 75 }, "geometry": { "type": "Polygon", "coordinates": [ [ [ -120.871380608106335, 44.281139729480181 ], [ -120.871705715237141, 44.282006408263236 ], [ -120.872030830672415, 44.282873087792325 ], [ -120.870817075301986, 44.283105234180852 ], [ -120.871142184652115, 44.283971917833874 ], [ -120.869928406587007, 44.284204056641251 ], [ -120.868714620217446, 44.284436184489643 ], [ -120.868389539648049, 44.28356949408164 ], [ -120.868064467382496, 44.282702804420381 ], [ -120.867739403420472, 44.281836115505598 ], [ -120.867414347761667, 44.280969427337048 ], [ -120.868628076570971, 44.280737312997424 ], [ -120.869841797077072, 44.280505187699369 ], [ -120.870166881514777, 44.281371869113805 ], [ -120.871380608106335, 44.281139729480181 ] ] ] } },
{ "type": "Feature", "properties": { "id": "41_21", "growth_scenario": "high", "market_gravity_weight": 75 }, "geometry": { "type": "Polygon", "coordinates": [ [ [ -122.946151393197326, 45.566480869346059 ], [ -122.946509696142371, 45.56734484407432 ], [ -122.945280084368662, 45.567596600989376 ], [ -122.945638382026871, 45.568460580524743 ], [ -122.944408746422098, 45.568712330246498 ], [ -122.944767038792875, 45.569576314589384 ], [ -122.943537379356357, 45.569828057117633 ], [ -122.943179101545553, 45.568964068953477 ], [ -122.941949447397462, 45.569215796645466 ], [ -122.94159119341812, 45.568351805646799 ], [ -122.941232948709612, 45.567487815634571 ], [ -122.942462573738069, 45.567236095584384 ], [ -122.942104323740708, 45.566372110378985 ], [ -122.943333924939324, 45.566120383134823 ], [ -122.944563516867191, 45.565868644876211 ], [ -122.944921795982239, 45.566732622440036 ], [ -122.946151393197326, 45.566480869346059 ] ] ] } },
{ "type": "Feature", "properties": { "id": "41_22", "growth_scenario": "high", "market_gravity_weight": 75 }, "geometry": { "type": "Polygon", "coordinates": [ [ [ -122.926476725357091, 45.570507597036297 ], [ -122.92770646161128, 45.570256009173924 ], [ -122.928064546140433, 45.571120041207578 ], [ -122.928422639937068, 45.571984074229697 ], [ -122.928780743001539, 45.572848108240407 ], [ -122.927550963054856, 45.573099707561667 ], [ -122.927909060822728, 45.573963746381253 ], [ -122.926679257043048, 45.574215338505446 ], [ -122.926321173840307, 45.573351295865976 ], [ -122.925963099905147, 45.572487254215794 ], [ -122.924733315988234, 45.572738827683501 ], [ -122.924375265885146, 45.571874783202915 ], [ -122.924017225048587, 45.571010739711298 ], [ -122.925246979836089, 45.570759173882202 ], [ -122.924888933701496, 45.569895135198259 ], [ -122.926118664658603, 45.5696435621715 ], [ -122.926476725357091, 45.570507597036297 ] ] ] } },
{ "type": "Feature", "properties": { "id": "41_23", "growth_scenario": "high", "market_gravity_weight": 75 }, "geometry": { "type": "Polygon", "coordinates": [ [ [ -122.9382604293273, 45.569970913630343 ], [ -122.939490111288052, 45.569719218984019 ], [ -122.94071978397821, 45.569467513322387 ], [ -122.941078032668145, 45.570331509128827 ], [ -122.939848345416991, 45.570583218611404 ], [ -122.940206588816892, 45.571447219226101 ], [ -122.938976877733182, 45.571698921514241 ], [ -122.939335115842425, 45.572562926937628 ], [ -122.938105380925464, 45.572814622031053 ], [ -122.93774715737851, 45.57195061278663 ], [ -122.936517427753159, 45.572202293043034 ], [ -122.935287688857429, 45.57245396228344 ], [ -122.934929503706158, 45.57158994638543 ], [ -122.936159228039202, 45.571338280965662 ], [ -122.935801037595269, 45.570474269876151 ], [ -122.937030738096254, 45.570222597261058 ], [ -122.936672542360284, 45.56935859097954 ], [ -122.937902219029922, 45.569106911169314 ], [ -122.9382604293273, 45.569970913630343 ] ] ] } },
{ "type": "Feature", "properties": { "id": "41_24", "growth_scenario": "high", "market_gravity_weight": 75 }, "geometry": { "type": "Polygon", "coordinates": [ [ [ -122.932111880475517, 45.571229221625941 ], [ -122.933341608784573, 45.570977582058696 ], [ -122.933699770103416, 45.571841600789128 ], [ -122.934057940691659, 45.572705620507747 ], [ -122.932828183256149, 45.57295726771563 ], [ -122.933186348550464, 45.573821292243295 ], [ -122.93195656728146, 45.574072932255206 ], [ -122.930726776742958, 45.574324561250492 ], [ -122.930368640577086, 45.57346052908192 ], [ -122.930010513680045, 45.572596497902396 ], [ -122.928780743001539, 45.572848108240407 ], [ -122.928422639937068, 45.571984074229697 ], [ -122.929652396051452, 45.57173246771157 ], [ -122.930882142897701, 45.571480850176968 ], [ -122.930524019973774, 45.570616824794428 ], [ -122.931753742988491, 45.570365200063421 ], [ -122.932111880475517, 45.571229221625941 ] ] ] } },
{ "type": "Feature", "properties": { "id": "41_25", "growth_scenario": "high", "market_gravity_weight": 75 }, "geometry": { "type": "Polygon", "coordinates": [ [ [ -122.905524868762072, 45.568231468726147 ], [ -122.905882655399495, 45.569095554924836 ], [ -122.90465285832336, 45.569346943603605 ], [ -122.905010639653256, 45.570211034608306 ], [ -122.903780818749382, 45.570462416085348 ], [ -122.903423051987403, 45.56959832126433 ], [ -122.902193236391994, 45.569849687906746 ], [ -122.900963411537347, 45.570101043530755 ], [ -122.900605683171221, 45.569236942067512 ], [ -122.901835493457511, 45.56898559025943 ], [ -122.901477759781869, 45.568121493602042 ], [ -122.902707546241615, 45.567870134591601 ], [ -122.90234980725711, 45.567006042739436 ], [ -122.903579569891036, 45.566754676526841 ], [ -122.904809323266207, 45.566503299296436 ], [ -122.905167091384442, 45.567367383516753 ], [ -122.905524868762072, 45.568231468726147 ] ] ] } },
{ "type": "Feature", "properties": { "id": "41_26", "growth_scenario": "high", "market_gravity_weight": 75 }, "geometry": { "type": "Polygon", "coordinates": [ [ [ -120.863534368696662, 44.284497882374723 ], [ -120.863859391700842, 44.285364586291216 ], [ -120.864184423007913, 44.286231290955342 ], [ -120.865398256984278, 44.285999203566881 ], [ -120.865723310986951, 44.286865905601523 ], [ -120.864509462618201, 44.287097996367244 ], [ -120.863295605945936, 44.287330076173156 ], [ -120.863620639466731, 44.288196785710383 ], [ -120.862406760097926, 44.288428857933553 ], [ -120.862081740970439, 44.28756214501913 ], [ -120.860867867692036, 44.28779420290499 ], [ -120.86054287126079, 44.286927487361986 ], [ -120.861756730145856, 44.286695432853001 ], [ -120.861431727623867, 44.285828721435081 ], [ -120.861106733404171, 44.284962010764993 ], [ -120.862320555201549, 44.284729952049616 ], [ -120.86199555489172, 44.283863245503788 ], [ -120.863209353995074, 44.283631179205557 ], [ -120.863534368696662, 44.284497882374723 ] ] ] } },
{ "type": "Feature", "properties": { "id": "41_27", "growth_scenario": "high", "market_gravity_weight": 75 }, "geometry": { "type": "Polygon", "coordinates": [ [ [ -122.938426056059924, 45.544630152141593 ], [ -122.938784141867259, 45.545494098490288 ], [ -122.940013371240738, 45.545242415027957 ], [ -122.940371480862268, 45.546106358538978 ], [ -122.941600715522014, 45.545854660248224 ], [ -122.942829940917107, 45.545602950946176 ], [ -122.943188088903625, 45.546466887801699 ], [ -122.94195884895835, 45.546718600921231 ], [ -122.942316991659652, 45.54758254257375 ], [ -122.941087727898605, 45.547834248499477 ], [ -122.94072959974811, 45.546970303029362 ], [ -122.939500341273231, 45.547221994126097 ], [ -122.938271073534011, 45.54747367421119 ], [ -122.937912983750223, 45.546609722086338 ], [ -122.936683721298536, 45.546861387342638 ], [ -122.936325655329682, 45.54599743238068 ], [ -122.937554903230136, 45.545745770941245 ], [ -122.937196831973409, 45.544881820775679 ], [ -122.936838769979644, 45.544017871589446 ], [ -122.938067979515878, 45.543766206771934 ], [ -122.938426056059924, 45.544630152141593 ] ] ] } },
{ "type": "Feature", "properties": { "id": "41_28", "growth_scenario": "high", "market_gravity_weight": 75 }, "geometry": { "type": "Polygon", "coordinates": [ [ [ -122.922787460994883, 45.571262294523592 ], [ -122.923145487266524, 45.572126341834334 ], [ -122.921915699381657, 45.572377889448589 ], [ -122.920685902230872, 45.57262942604563 ], [ -122.920327905090105, 45.571765371097129 ], [ -122.919098113239642, 45.572016892858038 ], [ -122.91786831212417, 45.572268403601484 ], [ -122.916638501744075, 45.572519903327439 ], [ -122.916280557566566, 45.571655837912829 ], [ -122.917510353380322, 45.571404342005195 ], [ -122.917152403900772, 45.570540281398252 ], [ -122.918382175884517, 45.570288778291456 ], [ -122.918740139929767, 45.571152835080127 ], [ -122.919969917214587, 45.570901317137796 ], [ -122.919611938604007, 45.570037264167489 ], [ -122.920841692058914, 45.569785739026457 ], [ -122.922071436248928, 45.569534202868546 ], [ -122.922429443989117, 45.570398248201769 ], [ -122.922787460994883, 45.571262294523592 ] ] ] } },
{ "type": "Feature", "properties": { "id": "41_29", "growth_scenario": "high", "market_gravity_weight": 75 }, "geometry": { "type": "Polygon", "coordinates": [ [ [ -120.879876461713749, 44.279514445217679 ], [ -120.880201669560876, 44.280381100355896 ], [ -120.881415344097348, 44.280148869680616 ], [ -120.881740574638215, 44.281015522185378 ], [ -120.88295425525456, 44.280783277174024 ], [ -120.88327950848975, 44.281649927045002 ], [ -120.882065813486307, 44.281882175435072 ], [ -120.882391060641964, 44.282748829430091 ], [ -120.881177342943218, 44.282981070241213 ], [ -120.880852110175283, 44.282114412867458 ], [ -120.87963839855702, 44.282346639342009 ], [ -120.879313188484062, 44.281479979335174 ], [ -120.87809948294688, 44.281712191473368 ], [ -120.877774295568301, 44.280845528833595 ], [ -120.877449116495725, 44.279978866939089 ], [ -120.87866279325776, 44.279746661557134 ], [ -120.878337608103763, 44.278880003785559 ], [ -120.879551262172967, 44.278647790824067 ], [ -120.879876461713749, 44.279514445217679 ] ] ] } },
{ "type": "Feature", "properties": { "id": "41_3", "growth_scenario": "high", "market_gravity_weight": 75 }, "geometry": { "type": "Polygon", "coordinates": [ [ [ -122.942055822632469, 45.55982082950721 ], [ -122.943285303389729, 45.559569106976248 ], [ -122.943643532170753, 45.560433073827667 ], [ -122.944001770221064, 45.561297041662769 ], [ -122.942772260351177, 45.561548771833444 ], [ -122.943130493114339, 45.562412744472638 ], [ -122.941900959418007, 45.562664467449537 ], [ -122.940671416452332, 45.562916179412419 ], [ -122.940313212803773, 45.562052199133312 ], [ -122.939083675126824, 45.562303896262279 ], [ -122.938725495304482, 45.561439913148142 ], [ -122.939955018423902, 45.561188219838719 ], [ -122.939596833312393, 45.560324241528434 ], [ -122.940826332606576, 45.560072541024645 ], [ -122.940468142206527, 45.559208567517707 ], [ -122.941697617676212, 45.558956859819716 ], [ -122.942055822632469, 45.55982082950721 ] ] ] } },
{ "type": "Feature", "properties": { "id": "41_30", "growth_scenario": "high", "market_gravity_weight": 75 }, "geometry": { "type": "Polygon", "coordinates": [ [ [ -122.947739298644009, 45.567093076144779 ], [ -122.948968891873264, 45.566841297200938 ], [ -122.950198475829836, 45.566589507242995 ], [ -122.950556831721613, 45.567453471492222 ], [ -122.9493272332072, 45.567705265271869 ], [ -122.94968558381413, 45.568569234328358 ], [ -122.948455961468127, 45.568821020915514 ], [ -122.948814306789643, 45.56968499477982 ], [ -122.947584660611383, 45.569936774174288 ], [ -122.946355005159973, 45.570188542553986 ], [ -122.94599668895718, 45.569324561046152 ], [ -122.945638382026871, 45.568460580524743 ], [ -122.945280084368662, 45.567596600989376 ], [ -122.946509696142371, 45.56734484407432 ], [ -122.946151393197326, 45.566480869346059 ], [ -122.947380981140697, 45.566229105237824 ], [ -122.947739298644009, 45.567093076144779 ] ] ] } },
{ "type": "Feature", "properties": { "id": "41_31", "growth_scenario": "high", "market_gravity_weight": 75 }, "geometry": { "type": "Polygon", "coordinates": [ [ [ -120.873482908773013, 44.279808746055387 ], [ -120.874696596063174, 44.27957657692459 ], [ -120.875021738054883, 44.280443244829556 ], [ -120.873808036376701, 44.280675417337925 ], [ -120.872594326393752, 44.280907578888176 ], [ -120.872919447913517, 44.281774254293737 ], [ -120.871705715237141, 44.282006408263236 ], [ -120.871380608106335, 44.281139729480181 ], [ -120.870166881514777, 44.281371869113805 ], [ -120.869841797077072, 44.280505187699369 ], [ -120.869516720942897, 44.279638507030569 ], [ -120.870730418756821, 44.279406374151108 ], [ -120.87040533653753, 44.278539697604685 ], [ -120.871619011659888, 44.278307557144174 ], [ -120.872832678478716, 44.278075405725808 ], [ -120.87315778947378, 44.278942075518096 ], [ -120.873482908773013, 44.279808746055387 ] ] ] } },
{ "type": "Feature", "properties": { "id": "41_32", "growth_scenario": "high", "market_gravity_weight": 75 }, "geometry": { "type": "Polygon", "coordinates": [ [ [ -122.935287688857429, 45.57245396228344 ], [ -122.936517427753159, 45.572202293043034 ], [ -122.93774715737851, 45.57195061278663 ], [ -122.938105380925464, 45.572814622031053 ], [ -122.936875636737483, 45.573066306108487 ], [ -122.937233854992499, 45.573930320162269 ], [ -122.936004086970499, 45.574181997044512 ], [ -122.936362299932995, 45.575046015908079 ], [ -122.935132508076279, 45.575297685595061 ], [ -122.9339027069488, 45.575549344265262 ], [ -122.933544523114563, 45.574685317759716 ], [ -122.933186348550464, 45.573821292243295 ], [ -122.932828183256149, 45.57295726771563 ], [ -122.934057940691659, 45.572705620507747 ], [ -122.933699770103416, 45.571841600789128 ], [ -122.934929503706158, 45.57158994638543 ], [ -122.935287688857429, 45.57245396228344 ] ] ] } },
{ "type": "Feature", "properties": { "id": "41_33", "growth_scenario": "high", "market_gravity_weight": 75 }, "geometry": { "type": "Polygon", "coordinates": [ [ [ -120.876798783267333, 44.278245545384827 ], [ -120.875585126974158, 44.278477733053549 ], [ -120.87591027504854, 44.279344396835967 ], [ -120.876235431428, 44.280211061363268 ], [ -120.876560596112839, 44.281077726635694 ], [ -120.8753468883517, 44.281309913479859 ], [ -120.874133172285141, 44.281542089365892 ], [ -120.873808036376701, 44.280675417337925 ], [ -120.875021738054883, 44.280443244829556 ], [ -120.874696596063174, 44.27957657692459 ], [ -120.873482908773013, 44.279808746055387 ], [ -120.87315778947378, 44.278942075518096 ], [ -120.872832678478716, 44.278075405725808 ], [ -120.874046336993686, 44.27784324334965 ], [ -120.873721219915353, 44.276976577679171 ], [ -120.874934855739383, 44.276744407722632 ], [ -120.8761484832593, 44.27651222680867 ], [ -120.876473629110947, 44.27737888572458 ], [ -120.876798783267333, 44.278245545384827 ] ] ] } },
{ "type": "Feature", "properties": { "id": "41_34", "growth_scenario": "high", "market_gravity_weight": 75 }, "geometry": { "type": "Polygon", "coordinates": [ [ [ -120.866200610649429, 44.281201530718114 ], [ -120.866525651918337, 44.28206822226349 ], [ -120.865311892113297, 44.282300318062475 ], [ -120.865636927294588, 44.283167013731166 ], [ -120.86596197077877, 44.284033710146552 ], [ -120.864748173889183, 44.284265801740318 ], [ -120.863534368696662, 44.284497882374723 ], [ -120.863209353995074, 44.283631179205557 ], [ -120.86199555489172, 44.283863245503788 ], [ -120.861670562883887, 44.282996539705209 ], [ -120.862884347595767, 44.282764476783463 ], [ -120.86255934949844, 44.281897775108291 ], [ -120.862234359702768, 44.28103107417968 ], [ -120.863448107331308, 44.280799007051527 ], [ -120.86466184665818, 44.28056692896461 ], [ -120.864986865234599, 44.28143362314038 ], [ -120.866200610649429, 44.281201530718114 ] ] ] } },
{ "type": "Feature", "properties": { "id": "41_35", "growth_scenario": "high", "market_gravity_weight": 75 }, "geometry": { "type": "Polygon", "coordinates": [ [ [ -120.884167927563325, 44.280551021205177 ], [ -120.885381591564254, 44.280318754278994 ], [ -120.885706873572758, 44.281185397392171 ], [ -120.886032163889752, 44.282052041250125 ], [ -120.887245848355136, 44.281819756608442 ], [ -120.887571161367759, 44.282686397831974 ], [ -120.886357462515562, 44.282918685853112 ], [ -120.88514375535425, 44.283150962916679 ], [ -120.883930039884135, 44.283383229022519 ], [ -120.882716316105515, 44.283615484170546 ], [ -120.882391060641964, 44.282748829430091 ], [ -120.882065813486307, 44.281882175435072 ], [ -120.88327950848975, 44.281649927045002 ], [ -120.88295425525456, 44.280783277174024 ], [ -120.882629010326909, 44.279916628047864 ], [ -120.883842668249201, 44.279684375457741 ], [ -120.884167927563325, 44.280551021205177 ] ] ] } },
{ "type": "Feature", "properties": { "id": "41_36", "growth_scenario": "high", "market_gravity_weight": 75 }, "geometry": { "type": "Polygon", "coordinates": [ [ [ -122.911719167583144, 45.573525792052919 ], [ -122.912949015018825, 45.573274336398548 ], [ -122.914178853191089, 45.573022869726152 ], [ -122.915408682099624, 45.572771392035719 ], [ -122.916638501744075, 45.572519903327439 ], [ -122.916996455185938, 45.573383969731836 ], [ -122.91576662097448, 45.573635462258473 ], [ -122.916124569113748, 45.574499533471425 ], [ -122.916482526517768, 45.575363605674795 ], [ -122.915252653906279, 45.575615094820613 ], [ -122.914894711070218, 45.574751018798572 ], [ -122.913664843762248, 45.57500249310749 ], [ -122.912434967190165, 45.575253956398086 ], [ -122.912077062754889, 45.574389873730141 ], [ -122.910847191487662, 45.574641322184149 ], [ -122.910489310884302, 45.573777236688997 ], [ -122.910131439543747, 45.572913152184519 ], [ -122.911361281674473, 45.572661711366166 ], [ -122.911719167583144, 45.573525792052919 ] ] ] } },
{ "type": "Feature", "properties": { "id": "41_37", "growth_scenario": "high", "market_gravity_weight": 75 }, "geometry": { "type": "Polygon", "coordinates": [ [ [ -122.94651756151174, 45.544847756974384 ], [ -122.946875753146642, 45.545711682376627 ], [ -122.94723395404769, 45.5465756087576 ], [ -122.946004727349717, 45.546827358728336 ], [ -122.944775491385514, 45.547079097687984 ], [ -122.943546246155378, 45.547330825636521 ], [ -122.942316991659652, 45.54758254257375 ], [ -122.94195884895835, 45.546718600921231 ], [ -122.943188088903625, 45.546466887801699 ], [ -122.942829940917107, 45.545602950946176 ], [ -122.941600715522014, 45.545854660248224 ], [ -122.94124259135026, 45.544990720554445 ], [ -122.942471802195513, 45.544739015069823 ], [ -122.943701003776226, 45.544487298574168 ], [ -122.944930196092045, 45.544235571067787 ], [ -122.945288363912297, 45.545099499309181 ], [ -122.94651756151174, 45.544847756974384 ] ] ] } },
{ "type": "Feature", "properties": { "id": "41_38", "growth_scenario": "high", "market_gravity_weight": 75 }, "geometry": { "type": "Polygon", "coordinates": [ [ [ -122.954041532207725, 45.562990396294751 ], [ -122.954399918505871, 45.563854342303337 ], [ -122.953170400755127, 45.564106168672588 ], [ -122.953528781770942, 45.564970119487 ], [ -122.952299240190797, 45.565221938664614 ], [ -122.952657615923655, 45.566085894285202 ], [ -122.9514280505134, 45.566337706271042 ], [ -122.951069689337402, 45.565473746828673 ], [ -122.950711337434356, 45.564609788371044 ], [ -122.950352994803922, 45.563745830897929 ], [ -122.949994661445743, 45.562881874409044 ], [ -122.951224168630404, 45.562630077709251 ], [ -122.952453666542837, 45.562378269996124 ], [ -122.953683155182773, 45.562126451269897 ], [ -122.954912634549856, 45.561874621530748 ], [ -122.955271026129722, 45.562738562734033 ], [ -122.954041532207725, 45.562990396294751 ] ] ] } },
{ "type": "Feature", "properties": { "id": "41_4", "growth_scenario": "high", "market_gravity_weight": 75 }, "geometry": { "type": "Polygon", "coordinates": [ [ [ -120.886532497826209, 44.290316466773824 ], [ -120.886857842465147, 44.291183124853724 ], [ -120.885643989182952, 44.291415410420186 ], [ -120.885318658934565, 44.290548748959779 ], [ -120.884104811732271, 44.290781020186884 ], [ -120.882890956219583, 44.291013280454905 ], [ -120.881677092396842, 44.291245529763842 ], [ -120.880463220264389, 44.291477768113488 ], [ -120.880137955890646, 44.29061109388072 ], [ -120.881351813631653, 44.290378858910898 ], [ -120.881026543175892, 44.289512188805816 ], [ -120.882240378216622, 44.28927994625657 ], [ -120.883454204947924, 44.289047692748461 ], [ -120.884668023369485, 44.288815428281609 ], [ -120.885881833481037, 44.28858315285602 ], [ -120.886207161498291, 44.289449809441344 ], [ -120.886532497826209, 44.290316466773824 ] ] ] } },
{ "type": "Feature", "properties": { "id": "41_5", "growth_scenario": "high", "market_gravity_weight": 75 }, "geometry": { "type": "Polygon", "coordinates": [ [ [ -122.940671416452332, 45.562916179412419 ], [ -122.941900959418007, 45.562664467449537 ], [ -122.943130493114339, 45.562412744472638 ], [ -122.943488735147156, 45.563276718096297 ], [ -122.942259186893423, 45.563528444893365 ], [ -122.942617423638538, 45.564392423322026 ], [ -122.941387851556996, 45.564644142925182 ], [ -122.941746083013797, 45.56550812615928 ], [ -122.94051648710375, 45.565759838568354 ], [ -122.9401582702057, 45.56489585151391 ], [ -122.938928679584947, 45.565147549088152 ], [ -122.937699079695051, 45.565399235647767 ], [ -122.937340901184342, 45.564535241938884 ], [ -122.938570486515104, 45.564283559199168 ], [ -122.938212302714092, 45.56341957029553 ], [ -122.939441864217585, 45.563167880361156 ], [ -122.939083675126824, 45.562303896262279 ], [ -122.940313212803773, 45.562052199133312 ], [ -122.940671416452332, 45.562916179412419 ] ] ] } },
{ "type": "Feature", "properties": { "id": "41_6", "growth_scenario": "high", "market_gravity_weight": 75 }, "geometry": { "type": "Polygon", "coordinates": [ [ [ -122.933138716988424, 45.567269881710338 ], [ -122.933496855794644, 45.568133892670829 ], [ -122.933855003869198, 45.568997904618364 ], [ -122.932625313953707, 45.569249547561498 ], [ -122.932983456734775, 45.570113564316273 ], [ -122.931753742988491, 45.570365200063421 ], [ -122.931395614769855, 45.569501179488718 ], [ -122.930165906317967, 45.569752800399947 ], [ -122.929807801929883, 45.568888776993262 ], [ -122.929449706809166, 45.568024754574154 ], [ -122.92822001821493, 45.568276356830488 ], [ -122.9278619469235, 45.567412331579554 ], [ -122.929091620955504, 45.56716073314233 ], [ -122.930321285720808, 45.566909123689349 ], [ -122.931550941219115, 45.56665750322076 ], [ -122.931909056196204, 45.567521517013915 ], [ -122.933138716988424, 45.567269881710338 ] ] ] } },
{ "type": "Feature", "properties": { "id": "41_7", "growth_scenario": "high", "market_gravity_weight": 75 }, "geometry": { "type": "Polygon", "coordinates": [ [ [ -122.94410784415274, 45.551902265537485 ], [ -122.945337171405427, 45.551650529509132 ], [ -122.945695384256098, 45.552514473225095 ], [ -122.946924716793376, 45.55226272236591 ], [ -122.948154040062633, 45.55201096049484 ], [ -122.948512291285198, 45.552874897553629 ], [ -122.94728295346404, 45.553126663243852 ], [ -122.947641199403066, 45.553990605102854 ], [ -122.946411837760976, 45.554242363600387 ], [ -122.946053606374505, 45.553378417922112 ], [ -122.944824250016921, 45.55363016158821 ], [ -122.944466042451126, 45.552766213072296 ], [ -122.943236691378758, 45.553017941907292 ], [ -122.942007331039292, 45.553269659730084 ], [ -122.940777961433014, 45.553521366540416 ], [ -122.940419806793642, 45.552657407550036 ], [ -122.940061661420415, 45.551793449541243 ], [ -122.941291001920263, 45.551541750367555 ], [ -122.94252033315405, 45.551290040181726 ], [ -122.942878507633026, 45.55215399055389 ], [ -122.94410784415274, 45.551902265537485 ] ] ] } },
{ "type": "Feature", "properties": { "id": "41_8", "growth_scenario": "high", "market_gravity_weight": 75 }, "geometry": { "type": "Polygon", "coordinates": [ [ [ -122.946819038584053, 45.561657509459415 ], [ -122.947177324287054, 45.562521471621864 ], [ -122.945947803844291, 45.562773231460454 ], [ -122.946306084261579, 45.56363719842772 ], [ -122.945076539991149, 45.563888951073181 ], [ -122.943846986450026, 45.56414069270464 ], [ -122.943488735147156, 45.563276718096297 ], [ -122.943130493114339, 45.562412744472638 ], [ -122.942772260351177, 45.561548771833444 ], [ -122.944001770221064, 45.561297041662769 ], [ -122.943643532170753, 45.560433073827667 ], [ -122.944873018214878, 45.560181336463415 ], [ -122.946102494989432, 45.559929588085872 ], [ -122.946460762151617, 45.560793548280813 ], [ -122.946819038584053, 45.561657509459415 ] ] ] } },
{ "type": "Feature", "properties": { "id": "41_9", "growth_scenario": "high", "market_gravity_weight": 75 }, "geometry": { "type": "Polygon", "coordinates": [ [ [ -122.948203133726395, 45.55856210671999 ], [ -122.949432568135947, 45.558310329123614 ], [ -122.949790869692492, 45.559174276874508 ], [ -122.948561420728552, 45.559426058291251 ], [ -122.948919717001203, 45.56029001084557 ], [ -122.949278022544718, 45.561153964383159 ], [ -122.948048535199831, 45.56140574242793 ], [ -122.946819038584053, 45.561657509459415 ], [ -122.946460762151617, 45.560793548280813 ], [ -122.946102494989432, 45.559929588085872 ], [ -122.944873018214878, 45.560181336463415 ], [ -122.943643532170753, 45.560433073827667 ], [ -122.943285303389729, 45.559569106976248 ], [ -122.944514774878058, 45.559317373431895 ], [ -122.945744237097145, 45.559065628874322 ], [ -122.946973690046676, 45.558813873303663 ], [ -122.946615426869144, 45.557949918895105 ], [ -122.94784485599439, 45.557698156131515 ], [ -122.948203133726395, 45.55856210671999 ] ] ] } },
{ "type": "Feature", "properties": { "id": "42_0", "growth_scenario": "high", "market_gravity_weight": 75 }, "geometry": { "type": "Polygon", "coordinates": [ [ [ -77.706077679877879, 39.77709240704489 ], [ -77.705852298560771, 39.77796832103563 ], [ -77.705626911758969, 39.77884423493493 ], [ -77.704470589313416, 39.778673497514973 ], [ -77.703314272353055, 39.77850274944921 ], [ -77.702157960878182, 39.778331990737783 ], [ -77.702383388284048, 39.777456083254499 ], [ -77.70260881020431, 39.776580175679463 ], [ -77.703765094610489, 39.77675093011343 ], [ -77.703990497511455, 39.775875020307915 ], [ -77.704215894927501, 39.774999110410377 ], [ -77.705372157750929, 39.775169849921959 ], [ -77.706528426058753, 39.77534057878831 ], [ -77.70630305571045, 39.776216492962526 ], [ -77.706077679877879, 39.77709240704489 ] ] ] } },
{ "type": "Feature", "properties": { "id": "42_1", "growth_scenario": "high", "market_gravity_weight": 75 }, "geometry": { "type": "Polygon", "coordinates": [ [ [ -77.689046474293193, 39.861863411386828 ], [ -77.690204097888568, 39.862034296966826 ], [ -77.689978256959435, 39.862910213850448 ], [ -77.688820619799301, 39.862739326123481 ], [ -77.687662988141668, 39.862568427739483 ], [ -77.68650536198686, 39.862397518698387 ], [ -77.685347741335136, 39.862226599000408 ], [ -77.685573636522051, 39.861350690705208 ], [ -77.685799526205741, 39.860474782338137 ], [ -77.686025410386435, 39.859598873898996 ], [ -77.687182990346614, 39.859769787155457 ], [ -77.68834057580932, 39.859940689755341 ], [ -77.689498166774243, 39.860111581698554 ], [ -77.689272323284754, 39.860987496578566 ], [ -77.689046474293193, 39.861863411386828 ] ] ] } },
{ "type": "Feature", "properties": { "id": "42_10", "growth_scenario": "high", "market_gravity_weight": 75 }, "geometry": { "type": "Polygon", "coordinates": [ [ [ -77.643459340758213, 39.982435794908568 ], [ -77.643232550704539, 39.983311675725908 ], [ -77.642073083391182, 39.983140347748851 ], [ -77.641846274198301, 39.984016226360723 ], [ -77.640686798814357, 39.98384488554953 ], [ -77.640459970481658, 39.984720761955806 ], [ -77.639300487027526, 39.984549408310102 ], [ -77.639527328965272, 39.98367353406595 ], [ -77.638367864651357, 39.983502171910089 ], [ -77.638594714658495, 39.982626299784322 ], [ -77.638821559130349, 39.9817504276145 ], [ -77.639980996235451, 39.981921785446168 ], [ -77.640207821568282, 39.981045911070154 ], [ -77.641367250604048, 39.981217256067914 ], [ -77.642526685174062, 39.981388590393685 ], [ -77.642299887049703, 39.982264469093266 ], [ -77.643459340758213, 39.982435794908568 ] ] ] } },
{ "type": "Feature", "properties": { "id": "42_11", "growth_scenario": "high", "market_gravity_weight": 75 }, "geometry": { "type": "Polygon", "coordinates": [ [ [ -77.63488950492372, 39.982988021409909 ], [ -77.636048952630276, 39.983159415582008 ], [ -77.635822069878571, 39.984035283339203 ], [ -77.636981536725671, 39.984206669001722 ], [ -77.636754662042421, 39.985082538877606 ], [ -77.637914148030475, 39.985253916030423 ], [ -77.637687281416305, 39.986129788025295 ], [ -77.636527781823006, 39.985958408709948 ], [ -77.63536828776607, 39.985787018722185 ], [ -77.634208799245826, 39.985615618062042 ], [ -77.633049316262571, 39.985444206729582 ], [ -77.633276237296599, 39.98456834338554 ], [ -77.633503152793537, 39.983692479997707 ], [ -77.633730062753543, 39.982816616565806 ], [ -77.633956967176871, 39.981940753089802 ], [ -77.635116395743296, 39.982112155771262 ], [ -77.63488950492372, 39.982988021409909 ] ] ] } },
{ "type": "Feature", "properties": { "id": "42_12", "growth_scenario": "high", "market_gravity_weight": 75 }, "geometry": { "type": "Polygon", "coordinates": [ [ [ -77.620594651902778, 39.996334371827786 ], [ -77.620367538921442, 39.997210217220875 ], [ -77.621527181680378, 39.997381746397586 ], [ -77.621300076764257, 39.998257593914765 ], [ -77.620140420397377, 39.998086062572682 ], [ -77.61898076957344, 39.997914520557188 ], [ -77.617821124292746, 39.997742967868305 ], [ -77.616661484555621, 39.997571404506154 ], [ -77.616888643902357, 39.996695565651031 ], [ -77.615729023316248, 39.996523993781452 ], [ -77.615956190726152, 39.995648157050496 ], [ -77.617115797705424, 39.995819726754362 ], [ -77.617342945965035, 39.994943887815936 ], [ -77.618502544881011, 39.995115444681318 ], [ -77.619662149339959, 39.995286990873787 ], [ -77.619435028294035, 39.996162834143099 ], [ -77.620594651902778, 39.996334371827786 ] ] ] } },
{ "type": "Feature", "properties": { "id": "42_13", "growth_scenario": "high", "market_gravity_weight": 75 }, "geometry": { "type": "Polygon", "coordinates": [ [ [ -77.615274671864313, 39.998275667118648 ], [ -77.616434319665018, 39.998447243319902 ], [ -77.616207149230362, 39.999323082092566 ], [ -77.617366816183107, 39.999494649786392 ], [ -77.617139653812444, 40.000370490684112 ], [ -77.615979973251441, 40.000198920824296 ], [ -77.615752791728042, 40.001074759515319 ], [ -77.614593103103118, 40.000903176815726 ], [ -77.613433420023156, 40.000731583442558 ], [ -77.612273742488483, 40.000559979395831 ], [ -77.6125009648364, 39.999684147203737 ], [ -77.612728181638943, 39.998808314970674 ], [ -77.613887831957982, 39.998979914684611 ], [ -77.614115029607959, 39.998104080244083 ], [ -77.614342221713272, 39.99722824576223 ], [ -77.615501850362364, 39.997399830470769 ], [ -77.615274671864313, 39.998275667118648 ] ] ] } },
{ "type": "Feature", "properties": { "id": "42_14", "growth_scenario": "high", "market_gravity_weight": 75 }, "geometry": { "type": "Polygon", "coordinates": [ [ [ -77.709066316922673, 39.774806086042446 ], [ -77.710222588147644, 39.774976780834507 ], [ -77.709997263885668, 39.775852701514651 ], [ -77.708840979126421, 39.775682004584709 ], [ -77.708615635846684, 39.776557923035107 ], [ -77.708390287083247, 39.777433841393922 ], [ -77.707233980738451, 39.777263129542206 ], [ -77.707459343036561, 39.77638721332162 ], [ -77.70630305571045, 39.776216492962526 ], [ -77.706528426058753, 39.77534057878831 ], [ -77.705372157750929, 39.775169849921959 ], [ -77.704215894927501, 39.774999110410377 ], [ -77.704441286858838, 39.774123200420576 ], [ -77.705597536148787, 39.7742939377939 ], [ -77.705822909062434, 39.773418025573442 ], [ -77.706979150303226, 39.773588750163476 ], [ -77.708135397027718, 39.773759464108394 ], [ -77.707910051181003, 39.774635380604906 ], [ -77.709066316922673, 39.774806086042446 ] ] ] } },
{ "type": "Feature", "properties": { "id": "42_15", "growth_scenario": "high", "market_gravity_weight": 75 }, "geometry": { "type": "Polygon", "coordinates": [ [ [ -77.700550756550285, 39.779913031794933 ], [ -77.700776208462855, 39.779037126633561 ], [ -77.701932527986514, 39.779207898129549 ], [ -77.703088852996174, 39.779378658979908 ], [ -77.704245183491537, 39.779549409184405 ], [ -77.705401519472289, 39.779720148743003 ], [ -77.705176121700504, 39.780596062460084 ], [ -77.70633247670203, 39.780766793511368 ], [ -77.706107086980964, 39.781642709276326 ], [ -77.704950718443413, 39.781471976086308 ], [ -77.704725309700862, 39.782347889621896 ], [ -77.703568933112706, 39.782177143646813 ], [ -77.702412562010551, 39.782006387025469 ], [ -77.702637997825121, 39.781130477767803 ], [ -77.701481645744963, 39.780959712639472 ], [ -77.701707089608846, 39.780083805430095 ], [ -77.700550756550285, 39.779913031794933 ] ] ] } },
{ "type": "Feature", "properties": { "id": "42_16", "growth_scenario": "high", "market_gravity_weight": 75 }, "geometry": { "type": "Polygon", "coordinates": [ [ [ -77.006591935086689, 39.81921491370894 ], [ -77.007747221836098, 39.819392081743786 ], [ -77.008902514275007, 39.81956923915903 ], [ -77.008668518186838, 39.820443892527116 ], [ -77.007513212279392, 39.820266732892819 ], [ -77.007279197032972, 39.821141383928754 ], [ -77.006123883346589, 39.820964211455319 ], [ -77.005889848941322, 39.821838860158998 ], [ -77.004734527476415, 39.821661674846276 ], [ -77.003579211702203, 39.821484478913767 ], [ -77.003813273044727, 39.820609834649325 ], [ -77.004047328696444, 39.81973519027175 ], [ -77.004281378657552, 39.81886054578073 ], [ -77.005436654027079, 39.819037735054593 ], [ -77.005670684830179, 39.818163088230641 ], [ -77.006825952421949, 39.818340264665743 ], [ -77.006591935086689, 39.81921491370894 ] ] ] } },
{ "type": "Feature", "properties": { "id": "42_17", "growth_scenario": "high", "market_gravity_weight": 75 }, "geometry": { "type": "Polygon", "coordinates": [ [ [ -77.698110807773361, 39.868656601221751 ], [ -77.697885042367773, 39.869532534856589 ], [ -77.699042810442265, 39.869703339543449 ], [ -77.698817053104392, 39.870579275255558 ], [ -77.699974840248402, 39.870750071430365 ], [ -77.699749090978827, 39.871626009219909 ], [ -77.698591290265654, 39.871455210898645 ], [ -77.697433495053517, 39.871284401918551 ], [ -77.696275705342742, 39.871113582279754 ], [ -77.695117921133601, 39.870942751982348 ], [ -77.695343724678636, 39.870066822779499 ], [ -77.695569522721911, 39.869190893507401 ], [ -77.695795315263624, 39.868314964165869 ], [ -77.69695305876796, 39.868485788022952 ], [ -77.697178832240652, 39.867609856465151 ], [ -77.698336567678197, 39.867780667517437 ], [ -77.698110807773361, 39.868656601221751 ] ] ] } },
{ "type": "Feature", "properties": { "id": "42_18", "growth_scenario": "high", "market_gravity_weight": 75 }, "geometry": { "type": "Polygon", "coordinates": [ [ [ -77.707372997818098, 39.870022723104761 ], [ -77.708530796319323, 39.87019344037553 ], [ -77.708305153036065, 39.871069393324213 ], [ -77.708079504254613, 39.871945346204484 ], [ -77.70785384997474, 39.872821299016479 ], [ -77.706696010762769, 39.872650575308889 ], [ -77.706921678613199, 39.871774624642548 ], [ -77.705763858470505, 39.871603892421405 ], [ -77.704606043826828, 39.871433149541183 ], [ -77.703448234682469, 39.871262396001846 ], [ -77.702290431037753, 39.871091631803587 ], [ -77.702516147668462, 39.870215689652539 ], [ -77.70367393774373, 39.870386451704782 ], [ -77.704831733318443, 39.870557203098116 ], [ -77.705057417310925, 39.869681256586347 ], [ -77.706215204815194, 39.869851995174962 ], [ -77.706440869739524, 39.868976046448637 ], [ -77.707598649172965, 39.869146772232853 ], [ -77.707372997818098, 39.870022723104761 ] ] ] } },
{ "type": "Feature", "properties": { "id": "42_19", "growth_scenario": "high", "market_gravity_weight": 75 }, "geometry": { "type": "Polygon", "coordinates": [ [ [ -77.684838604838248, 39.892157317529715 ], [ -77.684612603873802, 39.893033236405337 ], [ -77.683454494313679, 39.892862296949126 ], [ -77.683228474265078, 39.893738213610675 ], [ -77.682070356638022, 39.893567261343101 ], [ -77.68184431750467, 39.894443175790457 ], [ -77.680686191811049, 39.894272210711421 ], [ -77.680912244520101, 39.893396298414373 ], [ -77.681138291719691, 39.892520386053214 ], [ -77.681364333410016, 39.891644473627615 ], [ -77.681590369591305, 39.890768561137484 ], [ -77.682748440983929, 39.890939517615791 ], [ -77.68390651788512, 39.891110463433286 ], [ -77.685064600294552, 39.891281398589825 ], [ -77.686222688211927, 39.891452323085304 ], [ -77.685996706331011, 39.892328244174891 ], [ -77.684838604838248, 39.892157317529715 ] ] ] } },
{ "type": "Feature", "properties": { "id": "42_2", "growth_scenario": "high", "market_gravity_weight": 75 }, "geometry": { "type": "Polygon", "coordinates": [ [ [ -77.686985350948774, 39.865196165080413 ], [ -77.688143023301876, 39.865367069906185 ], [ -77.687917146796806, 39.86624298435855 ], [ -77.687691264788441, 39.867118898740515 ], [ -77.68653356530352, 39.866947989619852 ], [ -77.685375871322407, 39.866777069841604 ], [ -77.684218182845385, 39.86660613940586 ], [ -77.68444410555135, 39.865730231466834 ], [ -77.68467002275311, 39.864854323456953 ], [ -77.684895934450864, 39.863978415376067 ], [ -77.685121840644797, 39.863102507223985 ], [ -77.686279474860967, 39.863273429069316 ], [ -77.687437114580447, 39.863444340257622 ], [ -77.68721123551623, 39.864320252704573 ], [ -77.686985350948774, 39.865196165080413 ] ] ] } },
{ "type": "Feature", "properties": { "id": "42_20", "growth_scenario": "high", "market_gravity_weight": 75 }, "geometry": { "type": "Polygon", "coordinates": [ [ [ -77.571972768080272, 39.905457188820399 ], [ -77.571745349766914, 39.906332909290789 ], [ -77.570587295176736, 39.906160928636268 ], [ -77.570359857753061, 39.907036646877152 ], [ -77.569201795138326, 39.906864653400845 ], [ -77.568043738067018, 39.906692649266645 ], [ -77.567816267964815, 39.907568363113853 ], [ -77.566658202869846, 39.907396346157611 ], [ -77.56688568653945, 39.906520634474454 ], [ -77.567113164665017, 39.905644922725237 ], [ -77.567340637246744, 39.904769210909642 ], [ -77.568498661640433, 39.904941221373953 ], [ -77.568726115112028, 39.904065507328106 ], [ -77.569884131482354, 39.904237504971043 ], [ -77.571042153395524, 39.904409491956308 ], [ -77.570814727057495, 39.905285210329417 ], [ -77.571972768080272, 39.905457188820399 ] ] ] } },
{ "type": "Feature", "properties": { "id": "42_21", "growth_scenario": "high", "market_gravity_weight": 75 }, "geometry": { "type": "Polygon", "coordinates": [ [ [ -77.68786143098076, 39.931702398082429 ], [ -77.687635342465711, 39.932578338074201 ], [ -77.686476588201941, 39.932407423415313 ], [ -77.686250480582245, 39.933283361200068 ], [ -77.685091718241409, 39.933112433721284 ], [ -77.683932961414939, 39.932941495575463 ], [ -77.682774210103119, 39.932770546762718 ], [ -77.681615464306248, 39.93259958728305 ], [ -77.681841626288346, 39.93172365811067 ], [ -77.683000358494908, 39.931894615437059 ], [ -77.683226501371919, 39.931018684056774 ], [ -77.684385225503064, 39.931189628563359 ], [ -77.684611349275613, 39.930313694975389 ], [ -77.685770065330914, 39.930484626662391 ], [ -77.686928786899955, 39.930655547682711 ], [ -77.686702690307783, 39.931531485576279 ], [ -77.68786143098076, 39.931702398082429 ] ] ] } },
{ "type": "Feature", "properties": { "id": "42_22", "growth_scenario": "high", "market_gravity_weight": 75 }, "geometry": { "type": "Polygon", "coordinates": [ [ [ -77.608264638432459, 39.94176172790003 ], [ -77.608037547659947, 39.942637528496093 ], [ -77.607810451349593, 39.943513329036819 ], [ -77.606651711037244, 39.943341677811965 ], [ -77.605492976263236, 39.943170015922149 ], [ -77.605720099744701, 39.942294219706518 ], [ -77.604561384094623, 39.942122549314533 ], [ -77.604788515622545, 39.941246755205938 ], [ -77.605015641611928, 39.94037096104158 ], [ -77.606174330092429, 39.940542627108442 ], [ -77.606401436959089, 39.939666830725628 ], [ -77.607560117393135, 39.939838483965595 ], [ -77.608718803364724, 39.94001012654109 ], [ -77.608491723667314, 39.940885927248416 ], [ -77.608264638432459, 39.94176172790003 ] ] ] } },
{ "type": "Feature", "properties": { "id": "42_23", "growth_scenario": "high", "market_gravity_weight": 75 }, "geometry": { "type": "Polygon", "coordinates": [ [ [ -77.690404984686595, 39.931168246742729 ], [ -77.691563728307614, 39.931339125095541 ], [ -77.691337686078569, 39.932215071598776 ], [ -77.692496448803112, 39.932385941436586 ], [ -77.692270414653223, 39.933261890038011 ], [ -77.691111638337105, 39.933091018047961 ], [ -77.690885585082995, 39.933966964443144 ], [ -77.689726800687808, 39.933796079633339 ], [ -77.68856802180575, 39.933625184156121 ], [ -77.688794102243037, 39.932749242065945 ], [ -77.687635342465711, 39.932578338074201 ], [ -77.68786143098076, 39.931702398082429 ], [ -77.688087513982467, 39.93082645803625 ], [ -77.689246246578094, 39.930997357722966 ], [ -77.68947231047629, 39.930121415469827 ], [ -77.690631034994183, 39.930292302337335 ], [ -77.690404984686595, 39.931168246742729 ] ] ] } },
{ "type": "Feature", "properties": { "id": "42_24", "growth_scenario": "high", "market_gravity_weight": 75 }, "geometry": { "type": "Polygon", "coordinates": [ [ [ -77.643433822333876, 39.977885075151711 ], [ -77.644593208022755, 39.978056390159999 ], [ -77.644366445636365, 39.978932271198694 ], [ -77.644139677716907, 39.979808152192668 ], [ -77.643912904264198, 39.98068403314219 ], [ -77.642753477764458, 39.98051271165 ], [ -77.641594056798468, 39.980341379485814 ], [ -77.641820857458839, 39.979465502859213 ], [ -77.64066145563045, 39.979294162184807 ], [ -77.639502059336223, 39.979122810838781 ], [ -77.639728881668972, 39.978246938490727 ], [ -77.640888264360171, 39.978418287675154 ], [ -77.641115067555916, 39.977542413120453 ], [ -77.642274442178149, 39.977713749471832 ], [ -77.642501226237528, 39.976837872710639 ], [ -77.643660592790425, 39.977009196229247 ], [ -77.643433822333876, 39.977885075151711 ] ] ] } },
{ "type": "Feature", "properties": { "id": "42_25", "growth_scenario": "high", "market_gravity_weight": 75 }, "geometry": { "type": "Polygon", "coordinates": [ [ [ -77.636502701525643, 39.981407679935501 ], [ -77.637662127560304, 39.981579059110942 ], [ -77.637435269484399, 39.982454929118617 ], [ -77.638594714658495, 39.982626299784322 ], [ -77.638367864651357, 39.983502171910089 ], [ -77.639527328965272, 39.98367353406595 ], [ -77.639300487027526, 39.984549408310102 ], [ -77.638141009108764, 39.984378043992102 ], [ -77.636981536725671, 39.984206669001722 ], [ -77.635822069878571, 39.984035283339203 ], [ -77.636048952630276, 39.983159415582008 ], [ -77.63488950492372, 39.982988021409909 ], [ -77.635116395743296, 39.982112155771262 ], [ -77.633956967176871, 39.981940753089802 ], [ -77.634183866063694, 39.981064889569332 ], [ -77.635343281026678, 39.981236290088255 ], [ -77.635570160774066, 39.98036042436074 ], [ -77.636729567669704, 39.980531812045676 ], [ -77.636502701525643, 39.981407679935501 ] ] ] } },
{ "type": "Feature", "properties": { "id": "42_26", "growth_scenario": "high", "market_gravity_weight": 75 }, "geometry": { "type": "Polygon", "coordinates": [ [ [ -77.63163812665384, 39.98159791571166 ], [ -77.632797544146953, 39.981769339736537 ], [ -77.632570626120085, 39.982645201049912 ], [ -77.632343702556199, 39.983521062318928 ], [ -77.631184257856091, 39.983349633968274 ], [ -77.630957315151036, 39.984225493030209 ], [ -77.630730366908281, 39.985101352048112 ], [ -77.629570900537843, 39.984929908699236 ], [ -77.629797862384677, 39.984054051844538 ], [ -77.628638415156317, 39.983882599987055 ], [ -77.627478973466296, 39.983711137457753 ], [ -77.627705956982027, 39.98283528488566 ], [ -77.628865385068679, 39.983006745251565 ], [ -77.629092349442942, 39.982130890471666 ], [ -77.630251769464479, 39.982302338002725 ], [ -77.630478714697844, 39.981426481015177 ], [ -77.630705654393807, 39.980550623982914 ], [ -77.63186505274696, 39.980722056516576 ], [ -77.63163812665384, 39.98159791571166 ] ] ] } },
{ "type": "Feature", "properties": { "id": "42_27", "growth_scenario": "high", "market_gravity_weight": 75 }, "geometry": { "type": "Polygon", "coordinates": [ [ [ -77.618729673990927, 39.994239603535576 ], [ -77.618502544881011, 39.995115444681318 ], [ -77.617342945965035, 39.994943887815936 ], [ -77.617115797705424, 39.995819726754362 ], [ -77.615956190726152, 39.995648157050496 ], [ -77.615729023316248, 39.996523993781452 ], [ -77.614569408274107, 39.996352411238846 ], [ -77.614796589290663, 39.995476576673717 ], [ -77.613636993399254, 39.995304985624067 ], [ -77.613864182477883, 39.994429153182843 ], [ -77.614091366012332, 39.993553320699391 ], [ -77.615250934691772, 39.993724907417445 ], [ -77.615478099076711, 39.992849072725853 ], [ -77.616637659694106, 39.993020646605736 ], [ -77.617797225854645, 39.99319220981306 ], [ -77.617570088681376, 39.994068048835551 ], [ -77.618729673990927, 39.994239603535576 ] ] ] } },
{ "type": "Feature", "properties": { "id": "42_3", "growth_scenario": "high", "market_gravity_weight": 75 }, "geometry": { "type": "Polygon", "coordinates": [ [ [ -77.700877782323246, 39.867246319580985 ], [ -77.7020355206934, 39.867417096512298 ], [ -77.701809806992941, 39.868293036724701 ], [ -77.701584087792853, 39.869168976867726 ], [ -77.700426322286106, 39.868998195644245 ], [ -77.700200584017423, 39.869874133571841 ], [ -77.699974840248402, 39.870750071430365 ], [ -77.698817053104392, 39.870579275255558 ], [ -77.699042810442265, 39.869703339543449 ], [ -77.697885042367773, 39.869532534856589 ], [ -77.698110807773361, 39.868656601221751 ], [ -77.698336567678197, 39.867780667517437 ], [ -77.698562322082481, 39.866904733743461 ], [ -77.699720049452836, 39.867075531991318 ], [ -77.699945784789321, 39.866199596001238 ], [ -77.701103504092089, 39.866370381444831 ], [ -77.700877782323246, 39.867246319580985 ] ] ] } },
{ "type": "Feature", "properties": { "id": "42_4", "growth_scenario": "high", "market_gravity_weight": 75 }, "geometry": { "type": "Polygon", "coordinates": [ [ [ -77.703193264562998, 39.8675878627853 ], [ -77.704351013931728, 39.867758618399833 ], [ -77.70412532736816, 39.868634562903935 ], [ -77.705283095804475, 39.868805310005627 ], [ -77.706440869739524, 39.868976046448637 ], [ -77.706215204815194, 39.869851995174962 ], [ -77.705057417310925, 39.869681256586347 ], [ -77.704831733318443, 39.870557203098116 ], [ -77.70367393774373, 39.870386451704782 ], [ -77.702516147668462, 39.870215689652539 ], [ -77.701358363092922, 39.870044916941502 ], [ -77.701584087792853, 39.869168976867726 ], [ -77.701809806992941, 39.868293036724701 ], [ -77.7020355206934, 39.867417096512298 ], [ -77.7022612288944, 39.866541156230248 ], [ -77.703418959195957, 39.866711920357396 ], [ -77.703193264562998, 39.8675878627853 ] ] ] } },
{ "type": "Feature", "properties": { "id": "42_5", "growth_scenario": "high", "market_gravity_weight": 75 }, "geometry": { "type": "Polygon", "coordinates": [ [ [ -77.680091427568428, 39.910551600732688 ], [ -77.681249814214695, 39.910722572543321 ], [ -77.682408206373012, 39.910893533690277 ], [ -77.682182116855984, 39.911769455566642 ], [ -77.681023711115387, 39.911598492268055 ], [ -77.680797602503873, 39.91247441193309 ], [ -77.680571488379925, 39.91335033153868 ], [ -77.679413060986448, 39.913179353272426 ], [ -77.679186927766906, 39.914055270666729 ], [ -77.678028492303525, 39.913884279584408 ], [ -77.678254639105887, 39.913008364342318 ], [ -77.678480780395034, 39.912132449040804 ], [ -77.678706916171151, 39.911256533679605 ], [ -77.677548526968124, 39.911085538389891 ], [ -77.677774670813108, 39.910209625120821 ], [ -77.678933046434452, 39.910380618258486 ], [ -77.67915917118512, 39.909504702777397 ], [ -77.680317538737498, 39.909675683099749 ], [ -77.680091427568428, 39.910551600732688 ] ] ] } },
{ "type": "Feature", "properties": { "id": "42_6", "growth_scenario": "high", "market_gravity_weight": 75 }, "geometry": { "type": "Polygon", "coordinates": [ [ [ -77.604992573462724, 39.935820323455815 ], [ -77.606151188487246, 39.935991989375381 ], [ -77.605924090187713, 39.936867783821853 ], [ -77.605696986350623, 39.937743578211531 ], [ -77.604538344159977, 39.937571907967602 ], [ -77.604311221201584, 39.938447700138326 ], [ -77.60315257096569, 39.938276017067899 ], [ -77.601993926268364, 39.938104323333398 ], [ -77.602221076393192, 39.937228535487719 ], [ -77.601062450817679, 39.937056833251944 ], [ -77.601289608986463, 39.936181047512029 ], [ -77.602448220979355, 39.936352747585197 ], [ -77.602675360027021, 39.93547695962549 ], [ -77.603833963975887, 39.935648646872515 ], [ -77.604061083903062, 39.934772856693193 ], [ -77.60521967980749, 39.934944531114326 ], [ -77.604992573462724, 39.935820323455815 ] ] ] } },
{ "type": "Feature", "properties": { "id": "42_7", "growth_scenario": "high", "market_gravity_weight": 75 }, "geometry": { "type": "Polygon", "coordinates": [ [ [ -77.607309809049127, 39.936163644630994 ], [ -77.608468435148083, 39.936335289222662 ], [ -77.608241364014972, 39.937211087993198 ], [ -77.608014287344915, 39.938086886707033 ], [ -77.609172946147964, 39.938258524958407 ], [ -77.60894587752486, 39.939134325777836 ], [ -77.607787205137697, 39.938962685364437 ], [ -77.607560117393135, 39.939838483965595 ], [ -77.606401436959089, 39.939666830725628 ], [ -77.605242762062929, 39.939495166821175 ], [ -77.605469876975761, 39.938619372544593 ], [ -77.605696986350623, 39.937743578211531 ], [ -77.605924090187713, 39.936867783821853 ], [ -77.606151188487246, 39.935991989375381 ], [ -77.606378281249405, 39.935116194871753 ], [ -77.607536888228481, 39.935287847965441 ], [ -77.607309809049127, 39.936163644630994 ] ] ] } },
{ "type": "Feature", "properties": { "id": "42_8", "growth_scenario": "high", "market_gravity_weight": 75 }, "geometry": { "type": "Polygon", "coordinates": [ [ [ -77.600608117862976, 39.938808404561044 ], [ -77.600835287109916, 39.937932618934944 ], [ -77.601993926268364, 39.938104323333398 ], [ -77.60315257096569, 39.938276017067899 ], [ -77.604311221201584, 39.938447700138326 ], [ -77.605469876975761, 39.938619372544593 ], [ -77.605242762062929, 39.939495166821175 ], [ -77.606401436959089, 39.939666830725628 ], [ -77.606174330092429, 39.940542627108442 ], [ -77.605015641611928, 39.94037096104158 ], [ -77.604788515622545, 39.941246755205938 ], [ -77.603629819095985, 39.941075076311996 ], [ -77.602471128108277, 39.940903386753568 ], [ -77.602698281266342, 39.940027596914625 ], [ -77.60153960940184, 39.939855898854709 ], [ -77.601766770604655, 39.938980111122284 ], [ -77.600608117862976, 39.938808404561044 ] ] ] } },
{ "type": "Feature", "properties": { "id": "42_9", "growth_scenario": "high", "market_gravity_weight": 75 }, "geometry": { "type": "Polygon", "coordinates": [ [ [ -77.639048398067118, 39.980874555400455 ], [ -77.640207821568282, 39.981045911070154 ], [ -77.639980996235451, 39.981921785446168 ], [ -77.638821559130349, 39.9817504276145 ], [ -77.638594714658495, 39.982626299784322 ], [ -77.637435269484399, 39.982454929118617 ], [ -77.637662127560304, 39.981579059110942 ], [ -77.636502701525643, 39.981407679935501 ], [ -77.636729567669704, 39.980531812045676 ], [ -77.635570160774066, 39.98036042436074 ], [ -77.635797034985657, 39.979484558588503 ], [ -77.636023903661652, 39.978608692771289 ], [ -77.637183283351533, 39.978780076131876 ], [ -77.638342668576485, 39.978951448821078 ], [ -77.639502059336223, 39.979122810838781 ], [ -77.639275231469, 39.979998683141936 ], [ -77.639048398067118, 39.980874555400455 ] ] ] } },
{ "type": "Feature", "properties": { "id": "45_0", "growth_scenario": "high", "market_gravity_weight": 75 }, "geometry": { "type": "Polygon", "coordinates": [ [ [ -80.046084352139857, 33.067587366210027 ], [ -80.045904276368901, 33.068470718853497 ], [ -80.04572419657103, 33.069354070036901 ], [ -80.045544112746128, 33.070237419760311 ], [ -80.044481524772621, 33.070087706407506 ], [ -80.044301425380681, 33.070971053196523 ], [ -80.043238829894833, 33.07082132845818 ], [ -80.043418940826527, 33.069937983143994 ], [ -80.042356360908073, 33.069788249969854 ], [ -80.042536479351483, 33.068904904670482 ], [ -80.043599047730567, 33.069054636369884 ], [ -80.043779150607079, 33.068171288135659 ], [ -80.042716593767125, 33.068021557911081 ], [ -80.04289670415514, 33.067138209691358 ], [ -80.043959249456194, 33.067287938441289 ], [ -80.045021798784518, 33.067437657280884 ], [ -80.045201882067616, 33.066554304651582 ], [ -80.04626442388404, 33.066704012106307 ], [ -80.046084352139857, 33.067587366210027 ] ] ] } },
{ "type": "Feature", "properties": { "id": "45_1", "growth_scenario": "high", "market_gravity_weight": 75 }, "geometry": { "type": "Polygon", "coordinates": [ [ [ -80.042356360908073, 33.069788249969854 ], [ -80.043418940826527, 33.069937983143994 ], [ -80.043238829894833, 33.07082132845818 ], [ -80.043058714935356, 33.071704672312705 ], [ -80.042878595947954, 33.072588014707669 ], [ -80.041815981409925, 33.072438277108795 ], [ -80.041635846854135, 33.073321616569352 ], [ -80.040573224804206, 33.073171867584456 ], [ -80.040753370900219, 33.072288529599035 ], [ -80.040933512967683, 33.071405190154131 ], [ -80.039870918026352, 33.071255434208773 ], [ -80.040051067604992, 33.070372094779266 ], [ -80.040231213155124, 33.069488753889857 ], [ -80.04129378501753, 33.069638506885106 ], [ -80.041473915000168, 33.068755163060679 ], [ -80.042536479351483, 33.068904904670482 ], [ -80.042356360908073, 33.069788249969854 ] ] ] } },
{ "type": "Feature", "properties": { "id": "45_10", "growth_scenario": "high", "market_gravity_weight": 75 }, "geometry": { "type": "Polygon", "coordinates": [ [ [ -80.048244947341672, 33.056987020539864 ], [ -80.048064919883103, 33.057870390717568 ], [ -80.047884888399238, 33.058753759433166 ], [ -80.04770485288995, 33.059637126686837 ], [ -80.046642403376055, 33.059487431025325 ], [ -80.045579957887981, 33.059337725454199 ], [ -80.045760016470595, 33.058454361148364 ], [ -80.044697586545027, 33.058304647141725 ], [ -80.044877652637936, 33.057421282847798 ], [ -80.045057714704811, 33.056537917091596 ], [ -80.045237772745807, 33.055654549872919 ], [ -80.046300168063453, 33.055804259457851 ], [ -80.047362567406637, 33.055953959133497 ], [ -80.047182532437233, 33.05683732929981 ], [ -80.048244947341672, 33.056987020539864 ] ] ] } },
{ "type": "Feature", "properties": { "id": "45_11", "growth_scenario": "high", "market_gravity_weight": 75 }, "geometry": { "type": "Polygon", "coordinates": [ [ [ -80.07393982267412, 33.054243314697864 ], [ -80.075002253346156, 33.054392757798318 ], [ -80.074822530929978, 33.055276173549025 ], [ -80.073760088720206, 33.055126728977349 ], [ -80.072697650529193, 33.054977274495627 ], [ -80.072517901018628, 33.055860685841822 ], [ -80.071455455308922, 33.055711219978647 ], [ -80.071635216357194, 33.054827810103887 ], [ -80.070572786204465, 33.054678335802265 ], [ -80.07075255477082, 33.053794925937048 ], [ -80.070932319317819, 33.052911514609569 ], [ -80.071994726396099, 33.053060985968301 ], [ -80.072174475386973, 33.052177571707141 ], [ -80.073236874947256, 33.052327031684754 ], [ -80.074299278526155, 33.052476481752727 ], [ -80.074119552609389, 33.053359898956394 ], [ -80.07393982267412, 33.054243314697864 ] ] ] } },
{ "type": "Feature", "properties": { "id": "45_2", "growth_scenario": "high", "market_gravity_weight": 75 }, "geometry": { "type": "Polygon", "coordinates": [ [ [ -80.036701692524218, 33.06535628824593 ], [ -80.036521516934684, 33.066239629076662 ], [ -80.036341337316159, 33.067122968446547 ], [ -80.036161153668573, 33.068006306355784 ], [ -80.037223697877423, 33.068156097517331 ], [ -80.037043521739179, 33.069039435441404 ], [ -80.038106081515693, 33.069189218167963 ], [ -80.037925912887275, 33.070072556107043 ], [ -80.036863341571816, 33.069922771905176 ], [ -80.03580077428559, 33.069772977792915 ], [ -80.035620578549924, 33.070656311321159 ], [ -80.03455800375427, 33.070506505823019 ], [ -80.034738211028852, 33.069623173770289 ], [ -80.03491841427369, 33.068739840257336 ], [ -80.035098613488941, 33.067856505283977 ], [ -80.035278808674732, 33.066973168850126 ], [ -80.035458999831178, 33.066089830955519 ], [ -80.035639186958434, 33.065206491600016 ], [ -80.035819370056643, 33.064323150783473 ], [ -80.036881864084975, 33.064472945954229 ], [ -80.036701692524218, 33.06535628824593 ] ] ] } },
{ "type": "Feature", "properties": { "id": "45_3", "growth_scenario": "high", "market_gravity_weight": 75 }, "geometry": { "type": "Polygon", "coordinates": [ [ [ -80.038988488231766, 33.070222330398416 ], [ -80.038808327113671, 33.071105668352743 ], [ -80.03862816196667, 33.071989004847225 ], [ -80.038447992790637, 33.072872339882124 ], [ -80.03738538282748, 33.072722561164788 ], [ -80.037205198082248, 33.073605893264755 ], [ -80.036142580608569, 33.073456103161121 ], [ -80.036322776893712, 33.072572772536702 ], [ -80.036502969149225, 33.071689440452651 ], [ -80.035440378784642, 33.071539643389471 ], [ -80.035620578549924, 33.070656311321159 ], [ -80.03580077428559, 33.069772977792915 ], [ -80.036863341571816, 33.069922771905176 ], [ -80.037925912887275, 33.070072556107043 ], [ -80.038106081515693, 33.069189218167963 ], [ -80.039168645321098, 33.069338990984157 ], [ -80.038988488231766, 33.070222330398416 ] ] ] } },
{ "type": "Feature", "properties": { "id": "45_4", "growth_scenario": "high", "market_gravity_weight": 75 }, "geometry": { "type": "Polygon", "coordinates": [ [ [ -81.83398198921752, 33.615312004118394 ], [ -81.83505518913654, 33.615444953881031 ], [ -81.836128392695471, 33.615577893621655 ], [ -81.835967243979084, 33.616463211088458 ], [ -81.834894028573686, 33.61633027000763 ], [ -81.834732864370793, 33.617215584835996 ], [ -81.83365964075881, 33.61708263239273 ], [ -81.832586420787237, 33.616949669927351 ], [ -81.832425229250617, 33.617834980776735 ], [ -81.831352001073085, 33.617702006948669 ], [ -81.830278776536602, 33.617569023098447 ], [ -81.830439991766326, 33.616683714930318 ], [ -81.831513204456328, 33.616816697439873 ], [ -81.831674404198651, 33.615931386632795 ], [ -81.831835600300181, 33.615046074527335 ], [ -81.832908792938639, 33.615179044333793 ], [ -81.833069973553663, 33.614293729589271 ], [ -81.834143157986574, 33.614426688033568 ], [ -81.83398198921752, 33.615312004118394 ] ] ] } },
{ "type": "Feature", "properties": { "id": "45_5", "growth_scenario": "high", "market_gravity_weight": 75 }, "geometry": { "type": "Polygon", "coordinates": [ [ [ -80.04536402489407, 33.071120768024002 ], [ -80.046426628434773, 33.071270472940739 ], [ -80.047489236002534, 33.071420167946528 ], [ -80.047309167203792, 33.072303517699936 ], [ -80.047129094378136, 33.073186865993911 ], [ -80.046066463729346, 33.07303716803888 ], [ -80.045003837107885, 33.07288746017278 ], [ -80.044823737173516, 33.073770804058213 ], [ -80.043761103039031, 33.073621084806234 ], [ -80.043941214514021, 33.072737742395709 ], [ -80.042878595947954, 33.072588014707669 ], [ -80.043058714935356, 33.071704672312705 ], [ -80.043238829894833, 33.07082132845818 ], [ -80.044301425380681, 33.070971053196523 ], [ -80.044481524772621, 33.070087706407506 ], [ -80.045544112746128, 33.070237419760311 ], [ -80.04536402489407, 33.071120768024002 ] ] ] } },
{ "type": "Feature", "properties": { "id": "45_6", "growth_scenario": "high", "market_gravity_weight": 75 }, "geometry": { "type": "Polygon", "coordinates": [ [ [ -80.033874596230334, 33.063140191385187 ], [ -80.033694394087021, 33.064023530712518 ], [ -80.034756880057245, 33.064173345702876 ], [ -80.034576685421726, 33.065056685044162 ], [ -80.03439648675689, 33.065940022924366 ], [ -80.034216284062623, 33.06682335934358 ], [ -80.033153763480087, 33.066673539927052 ], [ -80.033333977712033, 33.065790204983259 ], [ -80.032271472696848, 33.065640377132333 ], [ -80.031208971711607, 33.065490539371552 ], [ -80.031389204988344, 33.06460720591776 ], [ -80.031569434235053, 33.063723871002701 ], [ -80.031749659451862, 33.062840534626119 ], [ -80.032812125826339, 33.062990367960417 ], [ -80.032992335476933, 33.062107028646921 ], [ -80.034054794344357, 33.062256850596356 ], [ -80.033874596230334, 33.063140191385187 ] ] ] } },
{ "type": "Feature", "properties": { "id": "45_7", "growth_scenario": "high", "market_gravity_weight": 75 }, "geometry": { "type": "Polygon", "coordinates": [ [ [ -80.031208971711607, 33.065490539371552 ], [ -80.032271472696848, 33.065640377132333 ], [ -80.033333977712033, 33.065790204983259 ], [ -80.033153763480087, 33.066673539927052 ], [ -80.034216284062623, 33.06682335934358 ], [ -80.034036077338783, 33.067706694302032 ], [ -80.033855866585228, 33.0685900277999 ], [ -80.032793322926608, 33.06844020543226 ], [ -80.031730783298059, 33.068290373154518 ], [ -80.03066824769985, 33.068140530966659 ], [ -80.030848493067495, 33.067257201895849 ], [ -80.0310287344047, 33.066373871364142 ], [ -80.029966225912332, 33.066224022217831 ], [ -80.030146474756506, 33.065340691700946 ], [ -80.030326719570297, 33.064457359722802 ], [ -80.031389204988344, 33.06460720591776 ], [ -80.031208971711607, 33.065490539371552 ] ] ] } },
{ "type": "Feature", "properties": { "id": "45_8", "growth_scenario": "high", "market_gravity_weight": 75 }, "geometry": { "type": "Polygon", "coordinates": [ [ [ -80.040753370900219, 33.072288529599035 ], [ -80.040573224804206, 33.073171867584456 ], [ -80.041635846854135, 33.073321616569352 ], [ -80.042698472932486, 33.073471355643285 ], [ -80.042518345888837, 33.074354695119688 ], [ -80.042338214816851, 33.075238033137005 ], [ -80.041275565657088, 33.07508829111277 ], [ -80.041095419015605, 33.075971626196043 ], [ -80.0400327623436, 33.075821872785376 ], [ -80.038970109700671, 33.075672109463589 ], [ -80.039150279423907, 33.074788777331065 ], [ -80.039330445117955, 33.073905443739534 ], [ -80.039510606782969, 33.073022108688761 ], [ -80.039690764419049, 33.072138772178505 ], [ -80.039870918026352, 33.071255434208773 ], [ -80.040933512967683, 33.071405190154131 ], [ -80.040753370900219, 33.072288529599035 ] ] ] } },
{ "type": "Feature", "properties": { "id": "45_9", "growth_scenario": "high", "market_gravity_weight": 75 }, "geometry": { "type": "Polygon", "coordinates": [ [ [ -81.837523862715614, 33.613940181831296 ], [ -81.838597049860937, 33.61407309884796 ], [ -81.838435932115999, 33.614958421591538 ], [ -81.839509134746521, 33.615091329926038 ], [ -81.839348025209148, 33.615976652711069 ], [ -81.838274810732031, 33.61584374303672 ], [ -81.838113685708947, 33.616729063183612 ], [ -81.837040463024252, 33.616596142147131 ], [ -81.835967243979084, 33.616463211088458 ], [ -81.836128392695471, 33.615577893621655 ], [ -81.83505518913654, 33.615444953881031 ], [ -81.835216346059497, 33.614559636455972 ], [ -81.835377499342684, 33.613674317732304 ], [ -81.836450679209449, 33.613807254792739 ], [ -81.836611817007253, 33.612921933430279 ], [ -81.837684988667604, 33.613054859128873 ], [ -81.837523862715614, 33.613940181831296 ] ] ] } },
{ "type": "Feature", "properties": { "id": "47_0", "growth_scenario": "high", "market_gravity_weight": 75 }, "geometry": { "type": "Polygon", "coordinates": [ [ [ -87.270131941304911, 36.623758681617531 ], [ -87.270028409805732, 36.624647552654203 ], [ -87.271152281152553, 36.624729431601807 ], [ -87.272276154947832, 36.624811300033826 ], [ -87.272172647356726, 36.625700172398275 ], [ -87.271048760382982, 36.625618303038472 ], [ -87.270945237164852, 36.626507173947367 ], [ -87.269821339460961, 36.626425293143861 ], [ -87.268697444206026, 36.626343401824563 ], [ -87.268593892181357, 36.627232270349907 ], [ -87.267469986196858, 36.627150367586609 ], [ -87.267573551400332, 36.626261499989489 ], [ -87.267677114154267, 36.625372631864757 ], [ -87.26778067445872, 36.624483763212218 ], [ -87.268904540907684, 36.624565663190957 ], [ -87.269008085584858, 36.623676793082325 ], [ -87.269111627813032, 36.622787922445482 ], [ -87.270235470355402, 36.622869810052741 ], [ -87.270131941304911, 36.623758681617531 ] ] ] } },
{ "type": "Feature", "properties": { "id": "47_1", "growth_scenario": "high", "market_gravity_weight": 75 }, "geometry": { "type": "Polygon", "coordinates": [ [ [ -87.270649562072265, 36.619314318508131 ], [ -87.270546042815653, 36.620203192187489 ], [ -87.270442521110681, 36.621092065337869 ], [ -87.270338996957292, 36.62198093795957 ], [ -87.270235470355402, 36.622869810052741 ], [ -87.269111627813032, 36.622787922445482 ], [ -87.269215167592293, 36.621899051280181 ], [ -87.269318704922753, 36.621010179586406 ], [ -87.26942223980447, 36.620121307363803 ], [ -87.268298439241946, 36.6200394120252 ], [ -87.267174641128378, 36.619957506171595 ], [ -87.267278199914116, 36.619068635275973 ], [ -87.268401984851394, 36.619150540201524 ], [ -87.268505528011971, 36.618261667848664 ], [ -87.268609068723777, 36.617372794966407 ], [ -87.269732829758098, 36.617454687521416 ], [ -87.270856593240836, 36.617536569561842 ], [ -87.270753078880617, 36.61842544429966 ], [ -87.270649562072265, 36.619314318508131 ] ] ] } },
{ "type": "Feature", "properties": { "id": "47_2", "growth_scenario": "high", "market_gravity_weight": 75 }, "geometry": { "type": "Polygon", "coordinates": [ [ [ -87.27196562482969, 36.627477915544361 ], [ -87.27186210989359, 36.628366786326396 ], [ -87.270738183382605, 36.628284914182956 ], [ -87.270634652818288, 36.629173783509955 ], [ -87.269510715576516, 36.629091899922322 ], [ -87.268386780783928, 36.629010005818621 ], [ -87.268283221410996, 36.629898872762318 ], [ -87.26715927588819, 36.629816967214126 ], [ -87.267262848440865, 36.628928101198717 ], [ -87.26736641854373, 36.628039234656264 ], [ -87.267469986196858, 36.627150367586609 ], [ -87.268593892181357, 36.627232270349907 ], [ -87.268697444206026, 36.626343401824563 ], [ -87.269821339460961, 36.626425293143861 ], [ -87.270945237164852, 36.626507173947367 ], [ -87.270841711498079, 36.627396044328826 ], [ -87.27196562482969, 36.627477915544361 ] ] ] } },
{ "type": "Feature", "properties": { "id": "47_3", "growth_scenario": "high", "market_gravity_weight": 75 }, "geometry": { "type": "Polygon", "coordinates": [ [ [ -87.275544322966226, 36.625945717383019 ], [ -87.275440852463717, 36.626834592002623 ], [ -87.274316944967111, 36.626752753262686 ], [ -87.274213458837849, 36.62764162642744 ], [ -87.273089540609703, 36.627559776243906 ], [ -87.272986038853091, 36.628448647953775 ], [ -87.27186210989359, 36.628366786326396 ], [ -87.27196562482969, 36.627477915544361 ], [ -87.270841711498079, 36.627396044328826 ], [ -87.270945237164852, 36.626507173947367 ], [ -87.271048760382982, 36.625618303038472 ], [ -87.272172647356726, 36.625700172398275 ], [ -87.272276154947832, 36.624811300033826 ], [ -87.273400031191272, 36.624893157950233 ], [ -87.274523909882561, 36.624975005350912 ], [ -87.274420428648654, 36.625863879570609 ], [ -87.275544322966226, 36.625945717383019 ] ] ] } },
{ "type": "Feature", "properties": { "id": "47_4", "growth_scenario": "high", "market_gravity_weight": 75 }, "geometry": { "type": "Polygon", "coordinates": [ [ [ -87.26793002695652, 36.594016245147522 ], [ -87.267826510379706, 36.594905129083095 ], [ -87.267722991355427, 36.595794012483914 ], [ -87.266599556235718, 36.595712100137355 ], [ -87.265476123563815, 36.595630177279205 ], [ -87.265579668923507, 36.594741295733002 ], [ -87.264456251867358, 36.594659363290596 ], [ -87.263332837259554, 36.594577420336755 ], [ -87.263229265564775, 36.595466300027816 ], [ -87.262105840238249, 36.59538434563467 ], [ -87.262209425100437, 36.594495466871379 ], [ -87.26231300751364, 36.593606587573156 ], [ -87.263436406505662, 36.593688540110833 ], [ -87.26455980794627, 36.593770482137124 ], [ -87.264663361576908, 36.592881600448642 ], [ -87.265786752298823, 36.592963531036084 ], [ -87.266910145468628, 36.593045451112303 ], [ -87.266806618172012, 36.59393433465555 ], [ -87.26793002695652, 36.594016245147522 ] ] ] } },
{ "type": "Feature", "properties": { "id": "47_5", "growth_scenario": "high", "market_gravity_weight": 75 }, "geometry": { "type": "Polygon", "coordinates": [ [ [ -87.264217640040471, 36.616156249901032 ], [ -87.264114049076426, 36.617045119600618 ], [ -87.265237800314154, 36.617127054213825 ], [ -87.265134220075595, 36.618015924311962 ], [ -87.266257986938427, 36.618097849338859 ], [ -87.266154417425994, 36.618986719835604 ], [ -87.265030637387355, 36.618904793880532 ], [ -87.263906859798496, 36.618822857410734 ], [ -87.262783084659731, 36.61874091042619 ], [ -87.261659311971357, 36.618658952927028 ], [ -87.260535541733702, 36.618576984913247 ], [ -87.260639177124304, 36.617688119058641 ], [ -87.261762934186507, 36.617770086143764 ], [ -87.261866553951023, 36.616881218830869 ], [ -87.262990300288621, 36.616963174472929 ], [ -87.263093904427677, 36.616074305701702 ], [ -87.263197506116597, 36.615185436400438 ], [ -87.264321228554692, 36.61526737967143 ], [ -87.264217640040471, 36.616156249901032 ] ] ] } },
{ "type": "Feature", "properties": { "id": "47_6", "growth_scenario": "high", "market_gravity_weight": 75 }, "geometry": { "type": "Polygon", "coordinates": [ [ [ -87.268609068723777, 36.617372794966407 ], [ -87.268505528011971, 36.618261667848664 ], [ -87.268401984851394, 36.619150540201524 ], [ -87.267278199914116, 36.619068635275973 ], [ -87.266154417425994, 36.618986719835604 ], [ -87.266257986938427, 36.618097849338859 ], [ -87.265134220075595, 36.618015924311962 ], [ -87.265237800314154, 36.617127054213825 ], [ -87.265341378103102, 36.616238183585985 ], [ -87.26646511861523, 36.616320106756547 ], [ -87.26656868077977, 36.615431234670716 ], [ -87.26769241056617, 36.615513146398889 ], [ -87.268816142801384, 36.615595047612821 ], [ -87.268712606986881, 36.616483921554483 ], [ -87.268609068723777, 36.617372794966407 ] ] ] } },
{ "type": "Feature", "properties": { "id": "47_7", "growth_scenario": "high", "market_gravity_weight": 75 }, "geometry": { "type": "Polygon", "coordinates": [ [ [ -87.255158004637565, 36.596670143318839 ], [ -87.255054333419764, 36.597559014909152 ], [ -87.253930885740843, 36.597476984149949 ], [ -87.253827198903863, 36.598365854277205 ], [ -87.252703740508451, 36.598283812077476 ], [ -87.252600038051682, 36.599172680741731 ], [ -87.251476568939964, 36.599090627101276 ], [ -87.251580284564909, 36.598201759365992 ], [ -87.250456831073521, 36.598119696142824 ], [ -87.250560557414062, 36.597230828802353 ], [ -87.250664281302221, 36.59634196092744 ], [ -87.251787708458394, 36.596424022292496 ], [ -87.252911138066537, 36.596506073146173 ], [ -87.25403457012635, 36.596588113488274 ], [ -87.254138252060486, 36.595699242292127 ], [ -87.255261673404277, 36.595781271193992 ], [ -87.256385097199058, 36.59586328958445 ], [ -87.256281441599839, 36.596752162637806 ], [ -87.255158004637565, 36.596670143318839 ] ] ] } },
{ "type": "Feature", "properties": { "id": "48_0", "growth_scenario": "high", "market_gravity_weight": 75 }, "geometry": { "type": "Polygon", "coordinates": [ [ [ -96.960146917350713, 32.983516953848117 ], [ -96.960157794080914, 32.984412970795439 ], [ -96.960168671057531, 32.985308986514362 ], [ -96.959092140879804, 32.985318034642866 ], [ -96.958015610455917, 32.985327072621288 ], [ -96.958004757866277, 32.984431056722237 ], [ -96.956928239390024, 32.984440084460616 ], [ -96.956917399239487, 32.983544067243294 ], [ -96.956906559334527, 32.982648048797444 ], [ -96.957983053424599, 32.982639021238882 ], [ -96.957972201572545, 32.981743001654266 ], [ -96.959048683224111, 32.981733964035868 ], [ -96.960125164629559, 32.981724916267716 ], [ -96.960136040866942, 32.982620935672301 ], [ -96.960146917350713, 32.983516953848117 ] ] ] } },
{ "type": "Feature", "properties": { "id": "48_1", "growth_scenario": "high", "market_gravity_weight": 75 }, "geometry": { "type": "Polygon", "coordinates": [ [ [ -96.959026955873014, 32.979941921359675 ], [ -96.959037819425504, 32.980837943312288 ], [ -96.960114288638579, 32.980828895634268 ], [ -96.960125164629559, 32.981724916267716 ], [ -96.959048683224111, 32.981733964035868 ], [ -96.957972201572545, 32.981743001654266 ], [ -96.957983053424599, 32.982639021238882 ], [ -96.956906559334527, 32.982648048797444 ], [ -96.955830064998864, 32.982657066206194 ], [ -96.955819237532168, 32.981761046441846 ], [ -96.954742755143897, 32.9817700536111 ], [ -96.954731940114897, 32.980874032528199 ], [ -96.955808410310752, 32.980865025448693 ], [ -96.956884880261327, 32.980856008219526 ], [ -96.956874041093059, 32.979959986087053 ], [ -96.957950498605967, 32.979950958798149 ], [ -96.957939647491415, 32.979054935526243 ], [ -96.959016092566642, 32.979045898177773 ], [ -96.959026955873014, 32.979941921359675 ] ] ] } },
{ "type": "Feature", "properties": { "id": "48_10", "growth_scenario": "high", "market_gravity_weight": 75 }, "geometry": { "type": "Polygon", "coordinates": [ [ [ -96.974853547452355, 32.953820009208265 ], [ -96.974864586631838, 32.95471606552394 ], [ -96.973788474348879, 32.954725252644536 ], [ -96.972712361816164, 32.954734429618576 ], [ -96.972701347004659, 32.953838373120256 ], [ -96.971625246406489, 32.953847539856419 ], [ -96.970549145559161, 32.953856696445968 ], [ -96.970538155364551, 32.952960638530726 ], [ -96.970527165418815, 32.952064579380718 ], [ -96.971603241898961, 32.952055422973245 ], [ -96.972679318129948, 32.952046256419429 ], [ -96.973755394111507, 32.952037079719304 ], [ -96.97483146984338, 32.952027892872763 ], [ -96.974842508522869, 32.952923951657908 ], [ -96.974853547452355, 32.953820009208265 ] ] ] } },
{ "type": "Feature", "properties": { "id": "48_100", "growth_scenario": "high", "market_gravity_weight": 75 }, "geometry": { "type": "Polygon", "coordinates": [ [ [ -97.044562938874009, 32.935279825336579 ], [ -97.045638778271211, 32.935269970601702 ], [ -97.045650616211887, 32.93616604539622 ], [ -97.046726467518937, 32.936156180418962 ], [ -97.04673831790582, 32.937052253876956 ], [ -97.046750168561019, 32.937948326096766 ], [ -97.045674292897388, 32.937958191270134 ], [ -97.044598416965712, 32.937968046298863 ], [ -97.044586590667379, 32.937071973883022 ], [ -97.043510726646375, 32.937081818669256 ], [ -97.042434862357894, 32.937091653311001 ], [ -97.042423060683674, 32.936195579461341 ], [ -97.042411259276662, 32.935299504373319 ], [ -97.043487099209074, 32.935289669927101 ], [ -97.043475285891631, 32.934393593698282 ], [ -97.044551113378944, 32.934383749205594 ], [ -97.044562938874009, 32.935279825336579 ] ] ] } },
{ "type": "Feature", "properties": { "id": "48_101", "growth_scenario": "high", "market_gravity_weight": 75 }, "geometry": { "type": "Polygon", "coordinates": [ [ [ -97.047861634068809, 32.940626659716152 ], [ -97.0489375457324, 32.940616773958723 ], [ -97.050013457127079, 32.940606878056379 ], [ -97.051089368252576, 32.940596972009125 ], [ -97.052165279108607, 32.940587055816934 ], [ -97.052177191734685, 32.941483122593795 ], [ -97.053253114500478, 32.941473196158043 ], [ -97.053265039576033, 32.942369261598834 ], [ -97.052189104630514, 32.942379188133309 ], [ -97.052201017796079, 32.943275252435647 ], [ -97.051125070400758, 32.943285168923587 ], [ -97.051113169415231, 32.942389104522611 ], [ -97.050037233930453, 32.94239901076687 ], [ -97.048961298176494, 32.942408906865985 ], [ -97.047885362153622, 32.942418792819957 ], [ -97.047873497976894, 32.941522726886703 ], [ -97.047861634068809, 32.940626659716152 ] ] ] } },
{ "type": "Feature", "properties": { "id": "48_102", "growth_scenario": "high", "market_gravity_weight": 75 }, "geometry": { "type": "Polygon", "coordinates": [ [ [ -97.036938141042086, 32.928179875233852 ], [ -97.036949879433138, 32.929075960722649 ], [ -97.036961618089947, 32.92997204497162 ], [ -97.035885849620456, 32.929981817968972 ], [ -97.034810080885478, 32.929991580822595 ], [ -97.033734311885283, 32.930001333532417 ], [ -97.033722609756595, 32.929105248992364 ], [ -97.032646852667511, 32.92911499146166 ], [ -97.032635162979531, 32.928218905584991 ], [ -97.0326234735562, 32.927322818468376 ], [ -97.033699206293988, 32.927313076192689 ], [ -97.034774938766859, 32.927303323773586 ], [ -97.035850670974554, 32.927293561211023 ], [ -97.035862396924387, 32.928189648036948 ], [ -97.036938141042086, 32.928179875233852 ] ] ] } },
{ "type": "Feature", "properties": { "id": "48_103", "growth_scenario": "high", "market_gravity_weight": 75 }, "geometry": { "type": "Polygon", "coordinates": [ [ [ -97.053288890537274, 32.944161388769174 ], [ -97.054364849573105, 32.944151451892033 ], [ -97.055440808338602, 32.944141504869606 ], [ -97.055452758585403, 32.945037566401801 ], [ -97.056528729260862, 32.945027609135046 ], [ -97.056540691959114, 32.945923669331634 ], [ -97.055464709102836, 32.945933626697411 ], [ -97.055476659890871, 32.946829685756626 ], [ -97.054400664582857, 32.94683963307584 ], [ -97.05438872597594, 32.94594357391771 ], [ -97.053312742578697, 32.945953510992453 ], [ -97.052236758911391, 32.945963437921741 ], [ -97.051160774974292, 32.94597335470548 ], [ -97.051148873180281, 32.945077294014872 ], [ -97.052224844936504, 32.945067377329686 ], [ -97.052212931231409, 32.944171315501038 ], [ -97.052201017796079, 32.943275252435647 ], [ -97.053276964921636, 32.943265325802493 ], [ -97.053288890537274, 32.944161388769174 ] ] ] } },
{ "type": "Feature", "properties": { "id": "48_104", "growth_scenario": "high", "market_gravity_weight": 75 }, "geometry": { "type": "Polygon", "coordinates": [ [ [ -98.691809120953494, 29.466497235326933 ], [ -98.691838316714936, 29.467399112070062 ], [ -98.691867513109557, 29.468300986884103 ], [ -98.691896710137357, 29.469202859769329 ], [ -98.69292720067169, 29.469177301750388 ], [ -98.692956409497938, 29.470079172484215 ], [ -98.693986910564064, 29.470053604461516 ], [ -98.695017410996471, 29.470028026657783 ], [ -98.695046642787105, 29.470929895017377 ], [ -98.694016131189244, 29.470955473043983 ], [ -98.69298561895765, 29.470981041289463 ], [ -98.691955106092578, 29.471006599753814 ], [ -98.69192590779835, 29.470104730725801 ], [ -98.69089540546554, 29.47013027918641 ], [ -98.690866218969816, 29.469228408007293 ], [ -98.690837033107044, 29.468326534899479 ], [ -98.689806552471595, 29.468352073133907 ], [ -98.689777378406575, 29.467450197874708 ], [ -98.690807847877224, 29.467424659862768 ], [ -98.690778663280312, 29.466522782897073 ], [ -98.690749479316295, 29.465620904002119 ], [ -98.691779925825173, 29.465595356654575 ], [ -98.691809120953494, 29.466497235326933 ] ] ] } },
{ "type": "Feature", "properties": { "id": "48_105", "growth_scenario": "high", "market_gravity_weight": 75 }, "geometry": { "type": "Polygon", "coordinates": [ [ [ -97.047802318557686, 32.936146305297335 ], [ -97.048878169327836, 32.936136420031218 ], [ -97.049954019829116, 32.936126524620754 ], [ -97.049965906750415, 32.937022597783987 ], [ -97.048890044070987, 32.937032493292797 ], [ -97.048901919083022, 32.937928565316163 ], [ -97.048913794363926, 32.938824636101522 ], [ -97.047837907058536, 32.938834521662358 ], [ -97.046762019484532, 32.938844397078498 ], [ -97.04677387067639, 32.939740466822407 ], [ -97.045697970655084, 32.939750332191927 ], [ -97.045686131642213, 32.938854262349913 ], [ -97.045674292897388, 32.937958191270134 ], [ -97.046750168561019, 32.937948326096766 ], [ -97.04673831790582, 32.937052253876956 ], [ -97.046726467518937, 32.936156180418962 ], [ -97.046714617400369, 32.935260105722548 ], [ -97.047790456261239, 32.935250230699069 ], [ -97.047802318557686, 32.936146305297335 ] ] ] } },
{ "type": "Feature", "properties": { "id": "48_106", "growth_scenario": "high", "market_gravity_weight": 75 }, "geometry": { "type": "Polygon", "coordinates": [ [ [ -98.779220389263216, 29.428187679602434 ], [ -98.779190260222236, 29.427285743045559 ], [ -98.780220204444305, 29.427259354000732 ], [ -98.781250148013072, 29.427232955179331 ], [ -98.782280090928296, 29.427206546581328 ], [ -98.783310033189764, 29.427180128206768 ], [ -98.784339974797192, 29.427153700055584 ], [ -98.784370159602076, 29.428055635463764 ], [ -98.784400345061243, 29.428957568934905 ], [ -98.783370381148089, 29.42898399754592 ], [ -98.78234041658088, 29.42901041638012 ], [ -98.782370580387862, 29.429912348374209 ], [ -98.781340604013579, 29.429938757661461 ], [ -98.781310451359829, 29.429036825437652 ], [ -98.780280485485221, 29.429063224718337 ], [ -98.780250344638105, 29.428161290328017 ], [ -98.779220389263216, 29.428187679602434 ] ] ] } },
{ "type": "Feature", "properties": { "id": "48_107", "growth_scenario": "high", "market_gravity_weight": 75 }, "geometry": { "type": "Polygon", "coordinates": [ [ [ -97.05980463825388, 32.948581908640378 ], [ -97.059816638581481, 32.949477963594724 ], [ -97.059828639180836, 32.950374017313294 ], [ -97.059840640051959, 32.951270069796429 ], [ -97.058764584918578, 32.951280058194662 ], [ -97.057688529513698, 32.951290036446778 ], [ -97.057676553007511, 32.950393983765096 ], [ -97.056600509513871, 32.950403951772003 ], [ -97.056588545461096, 32.94950789775568 ], [ -97.056576581679238, 32.948611842503688 ], [ -97.056564618168295, 32.94771578601577 ], [ -97.057640625116136, 32.947705818306261 ], [ -97.058716631792819, 32.947695840451047 ], [ -97.058728619667036, 32.948591896740616 ], [ -97.05980463825388, 32.948581908640378 ] ] ] } },
{ "type": "Feature", "properties": { "id": "48_108", "growth_scenario": "high", "market_gravity_weight": 75 }, "geometry": { "type": "Polygon", "coordinates": [ [ [ -98.773439200649861, 29.40937838053032 ], [ -98.774468925126868, 29.40935204494944 ], [ -98.774498996518588, 29.410254021198782 ], [ -98.775528731492003, 29.410227675613957 ], [ -98.775558814683748, 29.411129649693851 ], [ -98.774529068562003, 29.411155995507773 ], [ -98.773499321788549, 29.41118233154651 ], [ -98.773529383335074, 29.412084304144212 ], [ -98.772499624761551, 29.412110630636743 ], [ -98.772469574363626, 29.411208657810182 ], [ -98.771439826287491, 29.41123497429869 ], [ -98.770410077560356, 29.411261281012038 ], [ -98.770380050110461, 29.410359305787743 ], [ -98.77140978768918, 29.41033299930308 ], [ -98.771379749741826, 29.409431022367187 ], [ -98.772409475521428, 29.409404706336204 ], [ -98.772379427077126, 29.40850272768856 ], [ -98.77340914105767, 29.408476402111511 ], [ -98.773439200649861, 29.40937838053032 ] ] ] } },
{ "type": "Feature", "properties": { "id": "48_109", "growth_scenario": "high", "market_gravity_weight": 75 }, "geometry": { "type": "Polygon", "coordinates": [ [ [ -97.049977793940826, 32.937918669708978 ], [ -97.051053668529505, 32.937908763957118 ], [ -97.052129542848732, 32.937898848060705 ], [ -97.053205416898265, 32.93788892201966 ], [ -97.054281290677807, 32.937878985834054 ], [ -97.05429322685201, 32.938775056126495 ], [ -97.055369112539935, 32.938765109697336 ], [ -97.055381061163317, 32.939661178653083 ], [ -97.054305163296476, 32.939671125181029 ], [ -97.053229265159374, 32.939681061564194 ], [ -97.052153366752265, 32.939690987802607 ], [ -97.051077468075434, 32.939700903896224 ], [ -97.050001569129165, 32.939710809844996 ], [ -97.048925669913714, 32.939720705648931 ], [ -97.048913794363926, 32.938824636101522 ], [ -97.049989681400419, 32.938814740395884 ], [ -97.049977793940826, 32.937918669708978 ] ] ] } },
{ "type": "Feature", "properties": { "id": "48_11", "growth_scenario": "high", "market_gravity_weight": 75 }, "geometry": { "type": "Polygon", "coordinates": [ [ [ -96.955056497600495, 33.00775413119522 ], [ -96.956133333688939, 33.007745121423518 ], [ -96.956144168272729, 33.008641105629891 ], [ -96.957221016316339, 33.008632085615609 ], [ -96.957231863346649, 33.00952806850875 ], [ -96.956155003102069, 33.009537088612873 ], [ -96.956165838176972, 33.010433070372713 ], [ -96.956176673497424, 33.011329050909517 ], [ -96.955099788604514, 33.011338061040441 ], [ -96.954022903466296, 33.011347061018284 ], [ -96.954012092548922, 33.010451080301976 ], [ -96.954001281876543, 33.009555098362668 ], [ -96.953990471449188, 33.008659115200167 ], [ -96.953979661266786, 33.00776313081424 ], [ -96.953968851329392, 33.006867145204808 ], [ -96.955045675462657, 33.006858145675501 ], [ -96.955056497600495, 33.00775413119522 ] ] ] } },
{ "type": "Feature", "properties": { "id": "48_110", "growth_scenario": "high", "market_gravity_weight": 75 }, "geometry": { "type": "Polygon", "coordinates": [ [ [ -97.054329036996236, 32.941463259577226 ], [ -97.055404959221704, 32.941453312851472 ], [ -97.055416908656767, 32.942349378094598 ], [ -97.056492842791386, 32.942339421124856 ], [ -97.056504804677019, 32.943235485031806 ], [ -97.056516766833511, 32.944131547701829 ], [ -97.055440808338602, 32.944141504869606 ], [ -97.054364849573105, 32.944151451892033 ], [ -97.053288890537274, 32.944161388769174 ], [ -97.053276964921636, 32.943265325802493 ], [ -97.052201017796079, 32.943275252435647 ], [ -97.052189104630514, 32.942379188133309 ], [ -97.053265039576033, 32.942369261598834 ], [ -97.053253114500478, 32.941473196158043 ], [ -97.053241189694916, 32.940577129479891 ], [ -97.054317100011204, 32.940567192997889 ], [ -97.054329036996236, 32.941463259577226 ] ] ] } },
{ "type": "Feature", "properties": { "id": "48_111", "growth_scenario": "high", "market_gravity_weight": 75 }, "geometry": { "type": "Polygon", "coordinates": [ [ [ -97.044539288151626, 32.933487671835799 ], [ -97.045615103193882, 32.93347781729684 ], [ -97.046690917968121, 32.933467952613761 ], [ -97.047766732474074, 32.933458077786597 ], [ -97.048842546711484, 32.933448192815277 ], [ -97.048854420648084, 32.934344269792632 ], [ -97.049930246793949, 32.934334374578867 ], [ -97.049942133176984, 32.935230450219116 ], [ -97.048866294853525, 32.935240345531255 ], [ -97.047790456261239, 32.935250230699069 ], [ -97.046714617400369, 32.935260105722548 ], [ -97.046726467518937, 32.936156180418962 ], [ -97.045650616211887, 32.93616604539622 ], [ -97.045638778271211, 32.935269970601702 ], [ -97.044562938874009, 32.935279825336579 ], [ -97.044551113378944, 32.934383749205594 ], [ -97.044539288151626, 32.933487671835799 ] ] ] } },
{ "type": "Feature", "properties": { "id": "48_112", "growth_scenario": "high", "market_gravity_weight": 75 }, "geometry": { "type": "Polygon", "coordinates": [ [ [ -98.785581301199286, 29.433440767703392 ], [ -98.784551282172018, 29.433467207241275 ], [ -98.784581471557331, 29.434369129093891 ], [ -98.783551440721226, 29.434395559084582 ], [ -98.783581619606281, 29.435297479231359 ], [ -98.782551576961311, 29.435323899674724 ], [ -98.782521409230938, 29.434421979298062 ], [ -98.782491242154506, 29.433520056985579 ], [ -98.782461075732016, 29.432618132737151 ], [ -98.781431065896484, 29.43264454271371 ], [ -98.781400911281878, 29.431742616299324 ], [ -98.782430909963423, 29.43171620655254 ], [ -98.783460907991085, 29.431689787028766 ], [ -98.784490905364635, 29.431663357727906 ], [ -98.785520902083817, 29.431636918650124 ], [ -98.785551101314226, 29.432538844144858 ], [ -98.785581301199286, 29.433440767703392 ] ] ] } },
{ "type": "Feature", "properties": { "id": "48_113", "growth_scenario": "high", "market_gravity_weight": 75 }, "geometry": { "type": "Polygon", "coordinates": [ [ [ -98.776588560153542, 29.411103294104887 ], [ -98.777618304971142, 29.411076928740805 ], [ -98.777648411111898, 29.411978900422142 ], [ -98.776618655145768, 29.41200526601542 ], [ -98.775588898527431, 29.41203162183356 ], [ -98.77561898302308, 29.412933592033177 ], [ -98.775649068170722, 29.413835560292927 ], [ -98.774619288602565, 29.41386190679394 ], [ -98.773589508382614, 29.413888243519647 ], [ -98.773559445533095, 29.412986274801842 ], [ -98.772529675810716, 29.413012601523253 ], [ -98.772499624761551, 29.412110630636743 ], [ -98.773529383335074, 29.412084304144212 ], [ -98.773499321788549, 29.41118233154651 ], [ -98.774529068562003, 29.411155995507773 ], [ -98.775558814683748, 29.411129649693851 ], [ -98.775528731492003, 29.410227675613957 ], [ -98.776558465813508, 29.410201320254099 ], [ -98.776588560153542, 29.411103294104887 ] ] ] } },
{ "type": "Feature", "properties": { "id": "48_114", "growth_scenario": "high", "market_gravity_weight": 75 }, "geometry": { "type": "Polygon", "coordinates": [ [ [ -97.05756877665516, 32.942329454010014 ], [ -97.057580750720774, 32.943225517817865 ], [ -97.057592725057546, 32.944121580388803 ], [ -97.057604699665433, 32.945017641722885 ], [ -97.057616674544505, 32.945913701820388 ], [ -97.056540691959114, 32.945923669331634 ], [ -97.056528729260862, 32.945027609135046 ], [ -97.055452758585403, 32.945037566401801 ], [ -97.055440808338602, 32.944141504869606 ], [ -97.056516766833511, 32.944131547701829 ], [ -97.056504804677019, 32.943235485031806 ], [ -97.056492842791386, 32.942339421124856 ], [ -97.055416908656767, 32.942349378094598 ], [ -97.055404959221704, 32.941453312851472 ], [ -97.054329036996236, 32.941463259577226 ], [ -97.054317100011204, 32.940567192997889 ], [ -97.05539301005723, 32.940557246371057 ], [ -97.056468919832682, 32.940547289599245 ], [ -97.057544829337303, 32.94053732268258 ], [ -97.057556802860674, 32.941433388964981 ], [ -97.05756877665516, 32.942329454010014 ] ] ] } },
{ "type": "Feature", "properties": { "id": "48_115", "growth_scenario": "high", "market_gravity_weight": 75 }, "geometry": { "type": "Polygon", "coordinates": [ [ [ -97.036867716276134, 32.922803336254361 ], [ -97.036879453072842, 32.923699429185987 ], [ -97.035803769829784, 32.92370920150357 ], [ -97.035815494717809, 32.924605293291364 ], [ -97.03689119013525, 32.924595520876679 ], [ -97.036902927463373, 32.925491611326628 ], [ -97.03582721987128, 32.925501383838423 ], [ -97.034751512013742, 32.925511146206972 ], [ -97.034739799034924, 32.924615055562896 ], [ -97.033664103086878, 32.924624807691295 ], [ -97.032588406873955, 32.924634549676554 ], [ -97.032576718509105, 32.923738457598098 ], [ -97.033652402547617, 32.923728715709643 ], [ -97.033640702273246, 32.922832622487014 ], [ -97.033629002263737, 32.921936528023359 ], [ -97.034704661689403, 32.9219267761856 ], [ -97.035780320849966, 32.92191701420505 ], [ -97.03579204520716, 32.922813108474848 ], [ -97.036867716276134, 32.922803336254361 ] ] ] } },
{ "type": "Feature", "properties": { "id": "48_116", "growth_scenario": "high", "market_gravity_weight": 75 }, "geometry": { "type": "Polygon", "coordinates": [ [ [ -98.785671904782447, 29.436146526763668 ], [ -98.786701956618941, 29.436120076758165 ], [ -98.786732170277844, 29.437021992343528 ], [ -98.787762232614469, 29.436995532330354 ], [ -98.787792458083672, 29.437897445750128 ], [ -98.787822684208109, 29.438799357234778 ], [ -98.786792599560584, 29.438825817708533 ], [ -98.785762514258039, 29.438852268404595 ], [ -98.785732310444757, 29.437950356459488 ], [ -98.784702235643053, 29.437976797147783 ], [ -98.783672160186825, 29.43800322805853 ], [ -98.782642084076329, 29.438029649191659 ], [ -98.782611914383978, 29.437127734621363 ], [ -98.783641979339066, 29.437101313718177 ], [ -98.784672043639901, 29.437074883037493 ], [ -98.784641852291244, 29.436172966991819 ], [ -98.784611661597069, 29.435271049010641 ], [ -98.785641702933376, 29.435244609012635 ], [ -98.785671904782447, 29.436146526763668 ] ] ] } },
{ "type": "Feature", "properties": { "id": "48_117", "growth_scenario": "high", "market_gravity_weight": 75 }, "geometry": { "type": "Polygon", "coordinates": [ [ [ -97.051006072670702, 32.934324469220932 ], [ -97.052081898278061, 32.934314553718707 ], [ -97.052093809016213, 32.935210629161922 ], [ -97.053169646531444, 32.935200703416875 ], [ -97.053181569717083, 32.93609677752287 ], [ -97.052105720024031, 32.936106703366576 ], [ -97.052117631301542, 32.937002776332768 ], [ -97.051041769160676, 32.937012692130615 ], [ -97.049965906750415, 32.937022597783987 ], [ -97.049954019829116, 32.936126524620754 ], [ -97.048878169327836, 32.936136420031218 ], [ -97.047802318557686, 32.936146305297335 ], [ -97.047790456261239, 32.935250230699069 ], [ -97.048866294853525, 32.935240345531255 ], [ -97.049942133176984, 32.935230450219116 ], [ -97.049930246793949, 32.934334374578867 ], [ -97.049918360680053, 32.933438297699837 ], [ -97.050994174379511, 32.933428392440341 ], [ -97.051006072670702, 32.934324469220932 ] ] ] } },
{ "type": "Feature", "properties": { "id": "48_118", "growth_scenario": "high", "market_gravity_weight": 75 }, "geometry": { "type": "Polygon", "coordinates": [ [ [ -97.72434760464995, 30.200242581084364 ], [ -97.725387486916929, 30.200226233553646 ], [ -97.725406368910711, 30.201126816266445 ], [ -97.726446262139518, 30.201110458734071 ], [ -97.726465155921872, 30.202011039516456 ], [ -97.726484050117691, 30.202911618515103 ], [ -97.725444134138002, 30.20292797634082 ], [ -97.724404217745032, 30.202944324311236 ], [ -97.723364300939068, 30.202960662426335 ], [ -97.723345440869977, 30.202060082987916 ], [ -97.722305535026848, 30.202076411101306 ], [ -97.722286686745861, 30.201175829732875 ], [ -97.723326581213627, 30.201159501765872 ], [ -97.723307721970016, 30.200258918760039 ], [ -97.723288863139132, 30.199358333970178 ], [ -97.724328734444228, 30.199341996440982 ], [ -97.72434760464995, 30.200242581084364 ] ] ] } },
{ "type": "Feature", "properties": { "id": "48_119", "growth_scenario": "high", "market_gravity_weight": 75 }, "geometry": { "type": "Polygon", "coordinates": [ [ [ -98.785430308320088, 29.428931130547163 ], [ -98.786460270924408, 29.428904682382722 ], [ -98.786490479344252, 29.429806613456904 ], [ -98.787520452446927, 29.429780155285542 ], [ -98.787550672674968, 29.430682084192814 ], [ -98.786520688418889, 29.430708542594392 ], [ -98.785490703507989, 29.430734991219069 ], [ -98.784460717942508, 29.430761430066834 ], [ -98.78343073172266, 29.430787859137691 ], [ -98.782400744848715, 29.430814278431612 ], [ -98.782370580387862, 29.429912348374209 ], [ -98.78234041658088, 29.42901041638012 ], [ -98.783370381148089, 29.42898399754592 ], [ -98.784400345061243, 29.428957568934905 ], [ -98.784370159602076, 29.428055635463764 ], [ -98.785400111707972, 29.428029197306067 ], [ -98.785430308320088, 29.428931130547163 ] ] ] } },
{ "type": "Feature", "properties": { "id": "48_12", "growth_scenario": "high", "market_gravity_weight": 75 }, "geometry": { "type": "Polygon", "coordinates": [ [ [ -98.714096500994643, 29.422614832739384 ], [ -98.715126407815504, 29.422589061204736 ], [ -98.716156313998425, 29.422563279893687 ], [ -98.717186219543152, 29.422537488806125 ], [ -98.717215674906583, 29.423439452541583 ], [ -98.717245130908481, 29.424341414339494 ], [ -98.716215203058667, 29.424367205875708 ], [ -98.715185274570644, 29.424392987635269 ], [ -98.714155345444638, 29.424418759618227 ], [ -98.713125415680878, 29.424444521824501 ], [ -98.713096004289739, 29.423542559129771 ], [ -98.712066085041215, 29.423568311335423 ], [ -98.712036685440054, 29.422666346479154 ], [ -98.713066593536084, 29.422640594497494 ], [ -98.713037183419885, 29.421738627927489 ], [ -98.71406707972622, 29.421712866393424 ], [ -98.714096500994643, 29.422614832739384 ] ] ] } },
{ "type": "Feature", "properties": { "id": "48_120", "growth_scenario": "high", "market_gravity_weight": 75 }, "geometry": { "type": "Polygon", "coordinates": [ [ [ -97.061920602171654, 32.945873730320393 ], [ -97.062996583398473, 32.945863712081632 ], [ -97.063008619454038, 32.946759770445631 ], [ -97.061932626046172, 32.946769788783989 ], [ -97.06194465019297, 32.947665846011297 ], [ -97.061956674612048, 32.948561902002552 ], [ -97.061968699303435, 32.949457956757904 ], [ -97.061980724267116, 32.950354010277564 ], [ -97.060904681859995, 32.950364018868427 ], [ -97.06089266907847, 32.949467965249241 ], [ -97.060880656568969, 32.948571910394357 ], [ -97.05980463825388, 32.948581908640378 ], [ -97.059792638198033, 32.947685852450149 ], [ -97.059780638413912, 32.946789795023903 ], [ -97.059768638901517, 32.945893736361342 ], [ -97.060844620672583, 32.945883738413606 ], [ -97.060832609251122, 32.944987678614062 ], [ -97.061908578569415, 32.944977670620325 ], [ -97.061920602171654, 32.945873730320393 ] ] ] } },
{ "type": "Feature", "properties": { "id": "48_121", "growth_scenario": "high", "market_gravity_weight": 75 }, "geometry": { "type": "Polygon", "coordinates": [ [ [ -97.052058077610781, 32.932522399115747 ], [ -97.052069987809588, 32.933418477036732 ], [ -97.052081898278061, 32.934314553718707 ], [ -97.051006072670702, 32.934324469220932 ], [ -97.050994174379511, 32.933428392440341 ], [ -97.049918360680053, 32.933438297699837 ], [ -97.049930246793949, 32.934334374578867 ], [ -97.048854420648084, 32.934344269792632 ], [ -97.048842546711484, 32.933448192815277 ], [ -97.047766732474074, 32.933458077786597 ], [ -97.046690917968121, 32.933467952613761 ], [ -97.046679068654413, 32.932571874201074 ], [ -97.04775487098334, 32.932561999471993 ], [ -97.047743009761149, 32.931665919918309 ], [ -97.048818799644749, 32.931656035143476 ], [ -97.049894589259551, 32.93164614022475 ], [ -97.050970378605271, 32.931636235162109 ], [ -97.050982276357701, 32.93253231442079 ], [ -97.052058077610781, 32.932522399115747 ] ] ] } },
{ "type": "Feature", "properties": { "id": "48_122", "growth_scenario": "high", "market_gravity_weight": 75 }, "geometry": { "type": "Polygon", "coordinates": [ [ [ -98.683623655380714, 29.468505097141339 ], [ -98.683594548304967, 29.467603220548781 ], [ -98.684625021568039, 29.467577741221906 ], [ -98.685655494199651, 29.46755225211416 ], [ -98.686685966199548, 29.467526753225563 ], [ -98.687716437567502, 29.467501244556065 ], [ -98.688746908303258, 29.467475726105789 ], [ -98.688776071203449, 29.468377601587445 ], [ -98.688805234736108, 29.469279475140237 ], [ -98.68777474167041, 29.46930499403523 ], [ -98.68674424797247, 29.469330503149212 ], [ -98.68571375364256, 29.469356002482179 ], [ -98.685742884311622, 29.470257874773115 ], [ -98.684712378184557, 29.470283364547218 ], [ -98.684683258680892, 29.469381492034131 ], [ -98.684654139808728, 29.468479617592433 ], [ -98.683623655380714, 29.468505097141339 ] ] ] } },
{ "type": "Feature", "properties": { "id": "48_123", "growth_scenario": "high", "market_gravity_weight": 75 }, "geometry": { "type": "Polygon", "coordinates": [ [ [ -98.684909585644917, 29.412508667455349 ], [ -98.684938687703905, 29.41341066136664 ], [ -98.6849677903936, 29.414312653338555 ], [ -98.684996893714043, 29.4152146433713 ], [ -98.683967068864391, 29.415240129390106 ], [ -98.68393797669458, 29.414338139135786 ], [ -98.682908162365067, 29.414363615157157 ], [ -98.682879081976182, 29.413461622742116 ], [ -98.682850002217535, 29.412559628387807 ], [ -98.68182020955841, 29.41258509419043 ], [ -98.681791141579936, 29.411683097675148 ], [ -98.682820923089096, 29.411657632093874 ], [ -98.682791844590881, 29.410755633860298 ], [ -98.683821614320152, 29.41073015872497 ], [ -98.68485138341903, 29.410704673814084 ], [ -98.684880484216634, 29.411606671604545 ], [ -98.684909585644917, 29.412508667455349 ] ] ] } },
{ "type": "Feature", "properties": { "id": "48_124", "growth_scenario": "high", "market_gravity_weight": 75 }, "geometry": { "type": "Polygon", "coordinates": [ [ [ -97.046631674082249, 32.928987548157011 ], [ -97.045555920190509, 32.928997412349929 ], [ -97.045567756255224, 32.929893495818291 ], [ -97.044491989919564, 32.929903349965528 ], [ -97.043416223316214, 32.929913193969007 ], [ -97.043404411603419, 32.929017110304862 ], [ -97.042328656908623, 32.929026944066905 ], [ -97.042316857638923, 32.928130859065206 ], [ -97.042305058636373, 32.927234772823454 ], [ -97.043380788980045, 32.92722493925686 ], [ -97.044456519056325, 32.927215095546835 ], [ -97.045532248864944, 32.927205241693386 ], [ -97.046607978405618, 32.927195377696513 ], [ -97.046619826109833, 32.928091463546792 ], [ -97.046631674082249, 32.928987548157011 ] ] ] } },
{ "type": "Feature", "properties": { "id": "48_125", "growth_scenario": "high", "market_gravity_weight": 75 }, "geometry": { "type": "Polygon", "coordinates": [ [ [ -97.056444997957314, 32.938755153123537 ], [ -97.057520883103891, 32.938745186405079 ], [ -97.057508910393821, 32.937849116409538 ], [ -97.058584783090694, 32.937839139645568 ], [ -97.058596767979353, 32.938735209541868 ], [ -97.059672652583473, 32.938725222534018 ], [ -97.060748536915924, 32.938715225381458 ], [ -97.060760546433698, 32.939611293841246 ], [ -97.059684649922374, 32.939621291093168 ], [ -97.058608753139396, 32.939631278200345 ], [ -97.057532856085032, 32.93964125516267 ], [ -97.056456958759583, 32.93965122198027 ], [ -97.055381061163317, 32.939661178653083 ], [ -97.055369112539935, 32.938765109697336 ], [ -97.05429322685201, 32.938775056126495 ], [ -97.054281290677807, 32.937878985834054 ], [ -97.054269354773865, 32.936982914303499 ], [ -97.055345216104811, 32.936972968072169 ], [ -97.056421077165226, 32.936963011696307 ], [ -97.056433037425862, 32.937859083028968 ], [ -97.056444997957314, 32.938755153123537 ] ] ] } },
{ "type": "Feature", "properties": { "id": "48_126", "growth_scenario": "high", "market_gravity_weight": 75 }, "geometry": { "type": "Polygon", "coordinates": [ [ [ -97.036844243479791, 32.921011146667567 ], [ -97.036855979745113, 32.921907242081616 ], [ -97.036867716276134, 32.922803336254361 ], [ -97.03579204520716, 32.922813108474848 ], [ -97.035780320849966, 32.92191701420505 ], [ -97.034704661689403, 32.9219267761856 ], [ -97.033629002263737, 32.921936528023359 ], [ -97.033617302519062, 32.921040432318371 ], [ -97.033605603039263, 32.920144335371901 ], [ -97.033593903824283, 32.919248237183858 ], [ -97.034669526730099, 32.919238485636754 ], [ -97.035745149370811, 32.919228723947064 ], [ -97.036820771746122, 32.919218952114917 ], [ -97.036832507480113, 32.920115050012065 ], [ -97.036844243479791, 32.921011146667567 ] ] ] } },
{ "type": "Feature", "properties": { "id": "48_127", "growth_scenario": "high", "market_gravity_weight": 75 }, "geometry": { "type": "Polygon", "coordinates": [ [ [ -97.062972512104963, 32.944071591644168 ], [ -97.064048468697976, 32.944061563459464 ], [ -97.064060516388949, 32.944957624196761 ], [ -97.064072564352728, 32.945853683697457 ], [ -97.064084612589326, 32.946749741961717 ], [ -97.064096661098759, 32.94764579898969 ], [ -97.064108709881026, 32.948541854781624 ], [ -97.064120758936141, 32.949437909337576 ], [ -97.064132808264134, 32.95033396265783 ], [ -97.063056766401914, 32.950343991540699 ], [ -97.063044729256077, 32.949447938120699 ], [ -97.063032692382833, 32.948551883464994 ], [ -97.06302065578214, 32.94765582757335 ], [ -97.063008619454038, 32.946759770445631 ], [ -97.062996583398473, 32.945863712081632 ], [ -97.061920602171654, 32.945873730320393 ], [ -97.061908578569415, 32.944977670620325 ], [ -97.061896555239429, 32.944081609683685 ], [ -97.061884532181693, 32.943185547510197 ], [ -97.062960476867005, 32.943175529570347 ], [ -97.062972512104963, 32.944071591644168 ] ] ] } },
{ "type": "Feature", "properties": { "id": "48_128", "growth_scenario": "high", "market_gravity_weight": 75 }, "geometry": { "type": "Polygon", "coordinates": [ [ [ -97.055261587102862, 32.930700433369338 ], [ -97.055273533291682, 32.93159651347262 ], [ -97.055285479750992, 32.932492592336494 ], [ -97.054209679307689, 32.932502538073557 ], [ -97.053133878594195, 32.932512473666627 ], [ -97.053121956488312, 32.931616394605172 ], [ -97.05204616768161, 32.931626319955569 ], [ -97.052058077610781, 32.932522399115747 ], [ -97.050982276357701, 32.93253231442079 ], [ -97.050970378605271, 32.931636235162109 ], [ -97.049894589259551, 32.93164614022475 ], [ -97.04988270395296, 32.930750059628316 ], [ -97.050958481122194, 32.930740154664122 ], [ -97.05203425802209, 32.930730239556127 ], [ -97.052022348632207, 32.929834157917142 ], [ -97.053098113086278, 32.929824232763977 ], [ -97.054173877270472, 32.929814297467139 ], [ -97.054185811012701, 32.930710378908707 ], [ -97.055261587102862, 32.930700433369338 ] ] ] } },
{ "type": "Feature", "properties": { "id": "48_129", "growth_scenario": "high", "market_gravity_weight": 75 }, "geometry": { "type": "Polygon", "coordinates": [ [ [ -98.787429795692972, 29.427074356942693 ], [ -98.788459734681922, 29.427047889685312 ], [ -98.788489964097536, 29.427949824173027 ], [ -98.788520194168413, 29.428851756723624 ], [ -98.787490232873921, 29.428878224441547 ], [ -98.787520452446927, 29.429780155285542 ], [ -98.786490479344252, 29.429806613456904 ], [ -98.786460270924408, 29.428904682382722 ], [ -98.785430308320088, 29.428931130547163 ], [ -98.785400111707972, 29.428029197306067 ], [ -98.784370159602076, 29.428055635463764 ], [ -98.784339974797192, 29.427153700055584 ], [ -98.784309790646574, 29.426251762710219 ], [ -98.785339720447283, 29.426225325012464 ], [ -98.786369649593496, 29.42619887753823 ], [ -98.786399856049044, 29.427100814423554 ], [ -98.787429795692972, 29.427074356942693 ] ] ] } },
{ "type": "Feature", "properties": { "id": "48_13", "growth_scenario": "high", "market_gravity_weight": 75 }, "geometry": { "type": "Polygon", "coordinates": [ [ [ -96.957242710622779, 33.010424050178628 ], [ -96.958319582822767, 33.010415019831584 ], [ -96.958330442546256, 33.011311000188456 ], [ -96.959407326701637, 33.011301959598313 ], [ -96.959418198873038, 33.012197938642217 ], [ -96.959429071290828, 33.01309391646344 ], [ -96.958352162731614, 33.013102957233819 ], [ -96.957275253926255, 33.013111987850969 ], [ -96.957264405912568, 33.012216009849553 ], [ -96.95618750906344, 33.012225030223455 ], [ -96.955110611968706, 33.012234040444234 ], [ -96.954033714628693, 33.012243040511748 ], [ -96.954022903466296, 33.011347061018284 ], [ -96.955099788604514, 33.011338061040441 ], [ -96.956176673497424, 33.011329050909517 ], [ -96.956165838176972, 33.010433070372713 ], [ -96.956155003102069, 33.009537088612873 ], [ -96.957231863346649, 33.00952806850875 ], [ -96.957242710622779, 33.010424050178628 ] ] ] } },
{ "type": "Feature", "properties": { "id": "48_130", "growth_scenario": "high", "market_gravity_weight": 75 }, "geometry": { "type": "Polygon", "coordinates": [ [ [ -98.683594548304967, 29.467603220548781 ], [ -98.683623655380714, 29.468505097141339 ], [ -98.684654139808728, 29.468479617592433 ], [ -98.684683258680892, 29.469381492034131 ], [ -98.683652763087707, 29.469406971805064 ], [ -98.682622266863248, 29.469432441794964 ], [ -98.682593170321454, 29.468530566909294 ], [ -98.681562684631189, 29.468556026896298 ], [ -98.680532198310161, 29.46858147710234 ], [ -98.679501711358611, 29.468606917527421 ], [ -98.679472648942806, 29.467705040047722 ], [ -98.680503124729341, 29.467679599844292 ], [ -98.680474051779015, 29.466777720657284 ], [ -98.6815045157703, 29.466752270894776 ], [ -98.682534979130864, 29.466726811351414 ], [ -98.683565441860452, 29.46670134202731 ], [ -98.684595903958837, 29.466675862922411 ], [ -98.684625021568039, 29.467577741221906 ], [ -98.683594548304967, 29.467603220548781 ] ] ] } },
{ "type": "Feature", "properties": { "id": "48_131", "growth_scenario": "high", "market_gravity_weight": 75 }, "geometry": { "type": "Polygon", "coordinates": [ [ [ -97.003271949301649, 32.903387134632872 ], [ -97.004347360446886, 32.903377668770482 ], [ -97.004358726355335, 32.904273791915124 ], [ -97.005434149411641, 32.904264315817848 ], [ -97.00544552774592, 32.90516043762355 ], [ -97.006520962713267, 32.905150951291176 ], [ -97.006532353473901, 32.906047071757989 ], [ -97.005456906337713, 32.906056558184567 ], [ -97.004381458943982, 32.906066034469994 ], [ -97.003306011292992, 32.906075500614328 ], [ -97.003294657038907, 32.905179379865181 ], [ -97.002219221299811, 32.905188835774489 ], [ -97.001143785303995, 32.905198281542759 ], [ -97.001132455644068, 32.904302159361343 ], [ -97.002207879471271, 32.904292713686857 ], [ -97.002196537899451, 32.903396590354411 ], [ -97.002185196584307, 32.90250046577696 ], [ -97.00326059581846, 32.902491010149284 ], [ -97.003271949301649, 32.903387134632872 ] ] ] } },
{ "type": "Feature", "properties": { "id": "48_132", "growth_scenario": "high", "market_gravity_weight": 75 }, "geometry": { "type": "Polygon", "coordinates": [ [ [ -98.68273368948492, 29.408951631573469 ], [ -98.682762766722817, 29.409853633686904 ], [ -98.683792525302636, 29.409828158772982 ], [ -98.683821614320152, 29.41073015872497 ], [ -98.682791844590881, 29.410755633860298 ], [ -98.682820923089096, 29.411657632093874 ], [ -98.681791141579936, 29.411683097675148 ], [ -98.681762074231415, 29.410781099220227 ], [ -98.681733007512833, 29.409879098825339 ], [ -98.681703941424175, 29.408977096490521 ], [ -98.68067419273352, 29.409002551632273 ], [ -98.679644443413224, 29.40902799699867 ], [ -98.679615400252501, 29.408125992281136 ], [ -98.679586357721163, 29.407223985623283 ], [ -98.680616084743633, 29.407198540699273 ], [ -98.681645811136491, 29.407173086000093 ], [ -98.682675536899495, 29.40714762152572 ], [ -98.682704612877146, 29.408049627519748 ], [ -98.68273368948492, 29.408951631573469 ] ] ] } },
{ "type": "Feature", "properties": { "id": "48_14", "growth_scenario": "high", "market_gravity_weight": 75 }, "geometry": { "type": "Polygon", "coordinates": [ [ [ -98.737546791943501, 29.414803870378964 ], [ -98.738576594823456, 29.414777875795831 ], [ -98.738606279235412, 29.415679850309402 ], [ -98.738635964290722, 29.416581822883739 ], [ -98.7386656499894, 29.417483793519132 ], [ -98.73869533633146, 29.418385762215646 ], [ -98.738725023316945, 29.419287728973547 ], [ -98.738754710945869, 29.420189693792903 ], [ -98.73772484116202, 29.420215689732391 ], [ -98.736694970734973, 29.420241675895724 ], [ -98.736665305408579, 29.419339710624225 ], [ -98.73663564072514, 29.418437743414302 ], [ -98.737665488849885, 29.418411757702973 ], [ -98.737635813658585, 29.417509788780404 ], [ -98.73760613911044, 29.416607817918983 ], [ -98.737576465205422, 29.415705845118541 ], [ -98.736546650532318, 29.415731830151959 ], [ -98.736516988420476, 29.414829855186412 ], [ -98.736487326951476, 29.413927878281552 ], [ -98.737517119324693, 29.413901893700036 ], [ -98.737546791943501, 29.414803870378964 ] ] ] } },
{ "type": "Feature", "properties": { "id": "48_15", "growth_scenario": "high", "market_gravity_weight": 75 }, "geometry": { "type": "Polygon", "coordinates": [ [ [ -96.966211916048167, 32.951205042798527 ], [ -96.966222857012198, 32.952101103546873 ], [ -96.967298934486209, 32.952091987724863 ], [ -96.968375011712155, 32.952082861756502 ], [ -96.968385977290964, 32.952978921088388 ], [ -96.969462066452053, 32.952969784882761 ], [ -96.96947304446293, 32.953865842889016 ], [ -96.96839694311808, 32.953874979185478 ], [ -96.967320841524881, 32.953884105335398 ], [ -96.967309887881513, 32.952988047147542 ], [ -96.966233798224025, 32.952997163060139 ], [ -96.965157708318728, 32.953006268826321 ], [ -96.964081618165949, 32.953015364446074 ], [ -96.964070701321134, 32.95211930475169 ], [ -96.964059784723545, 32.951223243822348 ], [ -96.962983718690268, 32.951232329114838 ], [ -96.962972814522857, 32.950336266859985 ], [ -96.964048868373169, 32.950327181657862 ], [ -96.965124921976269, 32.950318086309572 ], [ -96.965135850509597, 32.951214148383613 ], [ -96.966211916048167, 32.951205042798527 ] ] ] } },
{ "type": "Feature", "properties": { "id": "48_16", "growth_scenario": "high", "market_gravity_weight": 75 }, "geometry": { "type": "Polygon", "coordinates": [ [ [ -97.02275760902458, 32.996414850737011 ], [ -97.0227691968838, 32.997310843876193 ], [ -97.021692510724804, 32.997320482050817 ], [ -97.020615824303505, 32.997330110074124 ], [ -97.020604260837985, 32.996434116743004 ], [ -97.019527586351529, 32.996443734519154 ], [ -97.018450911603324, 32.996453342143937 ], [ -97.018439372793026, 32.995557347395312 ], [ -97.018427834244164, 32.994661351420504 ], [ -97.019504484599437, 32.994651743987077 ], [ -97.020581134692975, 32.99464212640261 ], [ -97.021657784524535, 32.994632498667066 ], [ -97.022734434093806, 32.994622860780481 ], [ -97.02274602142792, 32.99551885637181 ], [ -97.02275760902458, 32.996414850737011 ] ] ] } },
{ "type": "Feature", "properties": { "id": "48_17", "growth_scenario": "high", "market_gravity_weight": 75 }, "geometry": { "type": "Polygon", "coordinates": [ [ [ -96.974787317625115, 32.948443645380237 ], [ -96.975863344376052, 32.948434448753197 ], [ -96.975874394237991, 32.949330512388073 ], [ -96.975885444350169, 32.950226574787322 ], [ -96.97480939323431, 32.950235771597271 ], [ -96.974820431413846, 32.95113183285261 ], [ -96.973744367865152, 32.951141019607739 ], [ -96.972668304066758, 32.951150196216645 ], [ -96.971592240018936, 32.951159362679292 ], [ -96.971581238388055, 32.950263301150102 ], [ -96.972657290252982, 32.950254134778639 ], [ -96.972646276688621, 32.949358072105277 ], [ -96.972635263373647, 32.948462008196373 ], [ -96.973711290624223, 32.94845283186126 ], [ -96.973700265376607, 32.947556766807892 ], [ -96.974776280195428, 32.947547580418195 ], [ -96.974787317625115, 32.948443645380237 ] ] ] } },
{ "type": "Feature", "properties": { "id": "48_18", "growth_scenario": "high", "market_gravity_weight": 75 }, "geometry": { "type": "Polygon", "coordinates": [ [ [ -96.971548234990209, 32.947575109149746 ], [ -96.972624250308087, 32.947565943051742 ], [ -96.972635263373647, 32.948462008196373 ], [ -96.972646276688621, 32.949358072105277 ], [ -96.972657290252982, 32.950254134778639 ], [ -96.971581238388055, 32.950263301150102 ], [ -96.971592240018936, 32.951159362679292 ], [ -96.970516175721968, 32.951168518995686 ], [ -96.970505186273996, 32.950272457375434 ], [ -96.970494197074885, 32.949376394519859 ], [ -96.969418156894591, 32.949385540508032 ], [ -96.969407180126694, 32.948489476326003 ], [ -96.96939620360736, 32.94759341090819 ], [ -96.9704722194232, 32.947584265101895 ], [ -96.970461230970628, 32.946688198539093 ], [ -96.971537234355822, 32.946679042678007 ], [ -96.971548234990209, 32.947575109149746 ] ] ] } },
{ "type": "Feature", "properties": { "id": "48_19", "growth_scenario": "high", "market_gravity_weight": 75 }, "geometry": { "type": "Polygon", "coordinates": [ [ [ -96.980167448874823, 32.948397560785857 ], [ -96.98124347437188, 32.948388313429177 ], [ -96.982319499617333, 32.948379055926544 ], [ -96.982330622573002, 32.949275119010565 ], [ -96.982341745780559, 32.950171180858888 ], [ -96.981265696170311, 32.950180438545644 ], [ -96.980189646308418, 32.950189686086205 ], [ -96.979113596195177, 32.95019892348072 ], [ -96.978037545830873, 32.950208150729047 ], [ -96.976961495215775, 32.950217367831236 ], [ -96.976950432921015, 32.949321305523561 ], [ -96.978026471353544, 32.949312088513025 ], [ -96.978015397126981, 32.94841602506142 ], [ -96.979091423126434, 32.948406797996611 ], [ -96.979080336968636, 32.947510733401018 ], [ -96.980156350535012, 32.947501496282136 ], [ -96.980167448874823, 32.948397560785857 ] ] ] } },
{ "type": "Feature", "properties": { "id": "48_2", "growth_scenario": "high", "market_gravity_weight": 75 }, "geometry": { "type": "Polygon", "coordinates": [ [ [ -98.721512348574009, 29.428747925868304 ], [ -98.722542328995416, 29.42872208432502 ], [ -98.722571844598647, 29.429624033377703 ], [ -98.721541853023226, 29.429649875145817 ], [ -98.721571358112001, 29.430551822486898 ], [ -98.721600863840365, 29.431453767891714 ], [ -98.721630370208317, 29.432355711360454 ], [ -98.720600344529828, 29.432381544025731 ], [ -98.719570318211979, 29.432407366913619 ], [ -98.71954083415352, 29.431505422995375 ], [ -98.71951135073418, 29.430603477141126 ], [ -98.719481867953959, 29.429701529350609 ], [ -98.719452385812801, 29.42879957962375 ], [ -98.720482367513043, 29.428773757634559 ], [ -98.720452874857145, 29.427871806195689 ], [ -98.721482844764324, 29.427845974654208 ], [ -98.721512348574009, 29.428747925868304 ] ] ] } },
{ "type": "Feature", "properties": { "id": "48_20", "growth_scenario": "high", "market_gravity_weight": 75 }, "geometry": { "type": "Polygon", "coordinates": [ [ [ -96.981210143561256, 32.945700116485789 ], [ -96.982286132261564, 32.945690859259344 ], [ -96.982297254461628, 32.94658692605114 ], [ -96.981221253579875, 32.946596183369657 ], [ -96.981232363850083, 32.947492249017415 ], [ -96.982308376913537, 32.947482991606869 ], [ -96.983384389725146, 32.947473724050518 ], [ -96.983395524610913, 32.948369788278029 ], [ -96.983406659748852, 32.949265851269807 ], [ -96.983417795138934, 32.950161913026001 ], [ -96.982341745780559, 32.950171180858888 ], [ -96.982330622573002, 32.949275119010565 ], [ -96.982319499617333, 32.948379055926544 ], [ -96.98124347437188, 32.948388313429177 ], [ -96.980167448874823, 32.948397560785857 ], [ -96.980156350535012, 32.947501496282136 ], [ -96.980145252446533, 32.946605430542384 ], [ -96.979069251061887, 32.946614667569442 ], [ -96.979058165406173, 32.945718600501763 ], [ -96.98013415460936, 32.945709363566614 ], [ -96.980123057023505, 32.944813295354429 ], [ -96.981199033794212, 32.944804048365611 ], [ -96.981210143561256, 32.945700116485789 ] ] ] } },
{ "type": "Feature", "properties": { "id": "48_21", "growth_scenario": "high", "market_gravity_weight": 75 }, "geometry": { "type": "Polygon", "coordinates": [ [ [ -97.020627388031031, 32.998226102179373 ], [ -97.021704086649464, 32.998216474060186 ], [ -97.022780785005608, 32.998206835789532 ], [ -97.022792373390004, 32.999102826477227 ], [ -97.022803962036974, 32.999998815939399 ], [ -97.021727239285752, 33.000008454402163 ], [ -97.021738815997381, 33.00090444273512 ], [ -97.020662080785868, 33.000914071142169 ], [ -97.020673645561587, 33.001810058345995 ], [ -97.019596897889755, 33.001819676697018 ], [ -97.019585345312294, 33.000923689397368 ], [ -97.01957379299661, 33.000027700872629 ], [ -97.019562240942705, 32.999131711122615 ], [ -97.019550689150563, 32.99823572014715 ], [ -97.019539137620157, 32.997339727946063 ], [ -97.020615824303505, 32.997330110074124 ], [ -97.020627388031031, 32.998226102179373 ] ] ] } },
{ "type": "Feature", "properties": { "id": "48_22", "growth_scenario": "high", "market_gravity_weight": 75 }, "geometry": { "type": "Polygon", "coordinates": [ [ [ -96.976917247539774, 32.946633111186316 ], [ -96.977993249426206, 32.946623894450745 ], [ -96.978004323151225, 32.947519960374045 ], [ -96.979080336968636, 32.947510733401018 ], [ -96.979091423126434, 32.948406797996611 ], [ -96.978015397126981, 32.94841602506142 ], [ -96.978026471353544, 32.949312088513025 ], [ -96.976950432921015, 32.949321305523561 ], [ -96.975874394237991, 32.949330512388073 ], [ -96.975863344376052, 32.948434448753197 ], [ -96.974787317625115, 32.948443645380237 ], [ -96.974776280195428, 32.947547580418195 ], [ -96.97476524301571, 32.946651514220214 ], [ -96.975841245402833, 32.946642317776117 ], [ -96.97583019629154, 32.945746250433494 ], [ -96.976906186246993, 32.945737043935232 ], [ -96.976917247539774, 32.946633111186316 ] ] ] } },
{ "type": "Feature", "properties": { "id": "48_23", "growth_scenario": "high", "market_gravity_weight": 75 }, "geometry": { "type": "Polygon", "coordinates": [ [ [ -97.023915488636845, 33.002677128072264 ], [ -97.022838729553541, 33.002686776975118 ], [ -97.022850319250978, 33.003582761537302 ], [ -97.021773547706289, 33.003592400384235 ], [ -97.021761970207635, 33.002696415725957 ], [ -97.020685210599353, 33.002706044324853 ], [ -97.01960845072901, 33.002715662771799 ], [ -97.018531690596873, 33.002725271066765 ], [ -97.018520149956146, 33.001829284896218 ], [ -97.018508609576955, 33.00093329750085 ], [ -97.019585345312294, 33.000923689397368 ], [ -97.019596897889755, 33.001819676697018 ], [ -97.020673645561587, 33.001810058345995 ], [ -97.020662080785868, 33.000914071142169 ], [ -97.021738815997381, 33.00090444273512 ], [ -97.022815550946547, 33.000894804176369 ], [ -97.02389228563311, 33.000885155465795 ], [ -97.023903887003527, 33.001781142381517 ], [ -97.023915488636845, 33.002677128072264 ] ] ] } },
{ "type": "Feature", "properties": { "id": "48_24", "growth_scenario": "high", "market_gravity_weight": 75 }, "geometry": { "type": "Polygon", "coordinates": [ [ [ -97.710679330507944, 30.193249459883813 ], [ -97.710698049971811, 30.19415005891663 ], [ -97.711737857968131, 30.194133840519669 ], [ -97.711756589215156, 30.195034437621956 ], [ -97.710716769845305, 30.195050656164288 ], [ -97.710735490128457, 30.195951251627026 ], [ -97.709695658975178, 30.195967460460057 ], [ -97.709714368293959, 30.196868054283243 ], [ -97.70867452535721, 30.196884253406857 ], [ -97.70763468201126, 30.196900442675634 ], [ -97.707615995440563, 30.195999848562128 ], [ -97.707597309278782, 30.195099252663812 ], [ -97.708637129876863, 30.195083063685221 ], [ -97.708618432750455, 30.194182466147122 ], [ -97.709658241565819, 30.194166267459085 ], [ -97.709639533475254, 30.193265668281057 ], [ -97.709620825794048, 30.192365067317667 ], [ -97.710660611453719, 30.19234885906571 ], [ -97.710679330507944, 30.193249459883813 ] ] ] } },
{ "type": "Feature", "properties": { "id": "48_25", "growth_scenario": "high", "market_gravity_weight": 75 }, "geometry": { "type": "Polygon", "coordinates": [ [ [ -97.024910956160909, 32.996395544125974 ], [ -97.024922568413828, 32.997291537072805 ], [ -97.025999253784278, 32.997281868444105 ], [ -97.026010878497416, 32.998177860068765 ], [ -97.027087575801559, 32.998168181192241 ], [ -97.027099212975457, 32.999064171494801 ], [ -97.026022503473953, 32.999073850467738 ], [ -97.026034128713917, 32.999969839641274 ], [ -97.024957406751327, 32.999979508558987 ], [ -97.024945793709023, 32.999083519289101 ], [ -97.023869083680935, 32.999093177958962 ], [ -97.023857483099164, 32.99819718736741 ], [ -97.022780785005608, 32.998206835789532 ], [ -97.0227691968838, 32.997310843876193 ], [ -97.02275760902458, 32.996414850737011 ], [ -97.023834282724167, 32.996405202507134 ], [ -97.023822682930927, 32.995509208238047 ], [ -97.024899344171132, 32.995499549953138 ], [ -97.024910956160909, 32.996395544125974 ] ] ] } },
{ "type": "Feature", "properties": { "id": "48_26", "growth_scenario": "high", "market_gravity_weight": 75 }, "geometry": { "type": "Polygon", "coordinates": [ [ [ -96.990894032774165, 32.945616436205789 ], [ -96.990905252425435, 32.946512502257526 ], [ -96.989829253566299, 32.946521840741703 ], [ -96.989840461289987, 32.947417905650148 ], [ -96.988764449995401, 32.947427234081395 ], [ -96.987688438447307, 32.947436552366838 ], [ -96.987677255086936, 32.946540487272934 ], [ -96.987666071979802, 32.945644420942934 ], [ -96.987654889125906, 32.944748353376525 ], [ -96.988730864129849, 32.944739035369082 ], [ -96.988719669348342, 32.943842966658828 ], [ -96.989795631917943, 32.943833638598605 ], [ -96.990871594233781, 32.943824300393004 ], [ -96.990882813376956, 32.944720368917658 ], [ -96.990894032774165, 32.945616436205789 ] ] ] } },
{ "type": "Feature", "properties": { "id": "48_27", "growth_scenario": "high", "market_gravity_weight": 75 }, "geometry": { "type": "Polygon", "coordinates": [ [ [ -96.970428267105817, 32.943999991433493 ], [ -96.970439254811936, 32.944896061705137 ], [ -96.970450242766873, 32.945792130740273 ], [ -96.97152623397055, 32.945782974970207 ], [ -96.971537234355822, 32.946679042678007 ], [ -96.970461230970628, 32.946688198539093 ], [ -96.9704722194232, 32.947584265101895 ], [ -96.96939620360736, 32.94759341090819 ], [ -96.968320187542957, 32.947602546568575 ], [ -96.967244171230263, 32.94761167208317 ], [ -96.967233219323134, 32.946715605247874 ], [ -96.968309223454014, 32.946706479824016 ], [ -96.96829825961332, 32.945810411843375 ], [ -96.968287296020918, 32.944914342626475 ], [ -96.969363275540701, 32.944905207238548 ], [ -96.969352300015558, 32.944009136876048 ], [ -96.969341324738949, 32.943113065276854 ], [ -96.970417279648515, 32.94310391992525 ], [ -96.970428267105817, 32.943999991433493 ] ] ] } },
{ "type": "Feature", "properties": { "id": "48_28", "growth_scenario": "high", "market_gravity_weight": 75 }, "geometry": { "type": "Polygon", "coordinates": [ [ [ -97.023880684525594, 32.999989167325012 ], [ -97.024957406751327, 32.999979508558987 ], [ -97.024969020056787, 33.000875496603534 ], [ -97.026045754217321, 33.000865827589486 ], [ -97.027122488114401, 33.000856148423658 ], [ -97.027134126079432, 33.001752135050303 ], [ -97.026057379984152, 33.001761814312573 ], [ -97.026069006014424, 33.002657799810748 ], [ -97.02499224745722, 33.002667469017496 ], [ -97.025003861552193, 33.003563453387301 ], [ -97.02392709053305, 33.003573112538319 ], [ -97.023915488636845, 33.002677128072264 ], [ -97.023903887003527, 33.001781142381517 ], [ -97.02389228563311, 33.000885155465795 ], [ -97.022815550946547, 33.000894804176369 ], [ -97.021738815997381, 33.00090444273512 ], [ -97.021727239285752, 33.000008454402163 ], [ -97.022803962036974, 32.999998815939399 ], [ -97.022792373390004, 32.999102826477227 ], [ -97.023869083680935, 32.999093177958962 ], [ -97.023880684525594, 32.999989167325012 ] ] ] } },
{ "type": "Feature", "properties": { "id": "48_29", "growth_scenario": "high", "market_gravity_weight": 75 }, "geometry": { "type": "Polygon", "coordinates": [ [ [ -98.708917591822569, 29.421841576299649 ], [ -98.708946957329616, 29.422743543765041 ], [ -98.708976323473166, 29.423645509292761 ], [ -98.709005690253221, 29.424547472883024 ], [ -98.709035057669823, 29.425449434535931 ], [ -98.708005113567893, 29.425475148082526 ], [ -98.706975168829658, 29.425500851852362 ], [ -98.706945823719195, 29.424598889752172 ], [ -98.706916479244811, 29.423696925714701 ], [ -98.706887135406447, 29.422794959739793 ], [ -98.70685779220409, 29.421892991827125 ], [ -98.705827891440748, 29.421918684926194 ], [ -98.705798560026523, 29.421016714852289 ], [ -98.70682844963774, 29.420991021976668 ], [ -98.707858338612979, 29.420965319324669 ], [ -98.707887692331454, 29.421867288951603 ], [ -98.708917591822569, 29.421841576299649 ] ] ] } },
{ "type": "Feature", "properties": { "id": "48_3", "growth_scenario": "high", "market_gravity_weight": 75 }, "geometry": { "type": "Polygon", "coordinates": [ [ [ -96.955775930118193, 32.978176955093915 ], [ -96.956852363493198, 32.978167938134085 ], [ -96.957928796622681, 32.978158911024899 ], [ -96.959005229506346, 32.978149873766434 ], [ -96.959016092566642, 32.979045898177773 ], [ -96.957939647491415, 32.979054935526243 ], [ -96.957950498605967, 32.979950958798149 ], [ -96.956874041093059, 32.979959986087053 ], [ -96.956884880261327, 32.980856008219526 ], [ -96.955808410310752, 32.980865025448693 ], [ -96.955797583334629, 32.979969003226394 ], [ -96.954721125330906, 32.979978010216243 ], [ -96.954710310791924, 32.979081986675048 ], [ -96.953633864735068, 32.979090983425785 ], [ -96.953623062632673, 32.978194958565567 ], [ -96.954699496497923, 32.978185961904423 ], [ -96.954688682448904, 32.977289935904167 ], [ -96.955765103877866, 32.97728092918333 ], [ -96.955775930118193, 32.978176955093915 ] ] ] } },
{ "type": "Feature", "properties": { "id": "48_30", "growth_scenario": "high", "market_gravity_weight": 75 }, "geometry": { "type": "Polygon", "coordinates": [ [ [ -96.984415816537734, 32.943880177445621 ], [ -96.985491780119645, 32.943870889967044 ], [ -96.985502938358621, 32.944766958954929 ], [ -96.984426962595847, 32.944776246525883 ], [ -96.98443810890636, 32.945672314369602 ], [ -96.983362120710026, 32.945681591887293 ], [ -96.982286132261564, 32.945690859259344 ], [ -96.981210143561256, 32.945700116485789 ], [ -96.981199033794212, 32.944804048365611 ], [ -96.980123057023505, 32.944813295354429 ], [ -96.980111959688927, 32.943917225905786 ], [ -96.981187924278743, 32.943907979008927 ], [ -96.98117681501482, 32.943011908415542 ], [ -96.982252767172483, 32.943002651465221 ], [ -96.982263888617013, 32.943898721966548 ], [ -96.983339852703423, 32.943889454778777 ], [ -96.983328719078287, 32.942993384369622 ], [ -96.984404670732005, 32.942984107128652 ], [ -96.984415816537734, 32.943880177445621 ] ] ] } },
{ "type": "Feature", "properties": { "id": "48_31", "growth_scenario": "high", "market_gravity_weight": 75 }, "geometry": { "type": "Polygon", "coordinates": [ [ [ -96.958471641351622, 33.022958633616149 ], [ -96.958460778427906, 33.022062669141896 ], [ -96.959537809022947, 33.022053627470044 ], [ -96.960614839371488, 33.022044575643967 ], [ -96.961691869473256, 33.02203551366361 ], [ -96.962768899327955, 33.022026441528944 ], [ -96.962779811072025, 33.022922405641999 ], [ -96.963856852884476, 33.0229133232625 ], [ -96.963867777081219, 33.023809286064484 ], [ -96.962790723063421, 33.023818368534535 ], [ -96.962801635302171, 33.024714330206798 ], [ -96.961724568831386, 33.024723402612857 ], [ -96.960647502113545, 33.024732464864286 ], [ -96.960636614286074, 33.023836503011218 ], [ -96.959559559527065, 33.023845555017807 ], [ -96.959548684151756, 33.022949591854164 ], [ -96.958471641351622, 33.022958633616149 ] ] ] } },
{ "type": "Feature", "properties": { "id": "48_32", "growth_scenario": "high", "market_gravity_weight": 75 }, "geometry": { "type": "Polygon", "coordinates": [ [ [ -96.968186963940212, 33.024668815857986 ], [ -96.969264028922737, 33.024659682524572 ], [ -96.969275014644083, 33.025555642431705 ], [ -96.968197937455727, 33.025564775856239 ], [ -96.968208911219975, 33.026460734634554 ], [ -96.969286000614474, 33.026451601118872 ], [ -96.969296986833868, 33.027347558586342 ], [ -96.968219885232969, 33.027356692193059 ], [ -96.967142783383295, 33.027365815644906 ], [ -96.966065681285144, 33.027374928941903 ], [ -96.966054731684977, 33.026478971201485 ], [ -96.966043782333031, 33.025583012241313 ], [ -96.964966704399274, 33.025592115201853 ], [ -96.96495576750138, 33.024696154930965 ], [ -96.966032833229264, 33.024687052061211 ], [ -96.967109898708969, 33.024677939036856 ], [ -96.967098937647791, 33.023781977727566 ], [ -96.968175990673458, 33.023772854639645 ], [ -96.968186963940212, 33.024668815857986 ] ] ] } },
{ "type": "Feature", "properties": { "id": "48_33", "growth_scenario": "high", "market_gravity_weight": 75 }, "geometry": { "type": "Polygon", "coordinates": [ [ [ -96.970395305480253, 32.941311773198116 ], [ -96.970406292439975, 32.942207847180207 ], [ -96.970417279648515, 32.94310391992525 ], [ -96.969341324738949, 32.943113065276854 ], [ -96.969352300015558, 32.944009136876048 ], [ -96.969363275540701, 32.944905207238548 ], [ -96.968287296020918, 32.944914342626475 ], [ -96.968276332676766, 32.944018272173068 ], [ -96.968265369580877, 32.943122200483103 ], [ -96.968254406733223, 32.942226127556268 ], [ -96.968243444133805, 32.94133005339242 ], [ -96.968232481782621, 32.940433977991411 ], [ -96.968221519679645, 32.939537901353056 ], [ -96.96929742611762, 32.939528766510065 ], [ -96.970373332307105, 32.939519621522194 ], [ -96.970384318769291, 32.940415697978843 ], [ -96.970395305480253, 32.941311773198116 ] ] ] } },
{ "type": "Feature", "properties": { "id": "48_34", "growth_scenario": "high", "market_gravity_weight": 75 }, "geometry": { "type": "Polygon", "coordinates": [ [ [ -96.964966704399274, 33.025592115201853 ], [ -96.966043782333031, 33.025583012241313 ], [ -96.966054731684977, 33.026478971201485 ], [ -96.964977641545062, 33.026488074252825 ], [ -96.964988578938772, 33.027384032084051 ], [ -96.963911476344492, 33.027393125071306 ], [ -96.963900551157209, 33.026497167149358 ], [ -96.962823460521719, 33.026506249891185 ], [ -96.96174636963886, 33.026515322478197 ], [ -96.961735469111574, 33.025619363155478 ], [ -96.961724568831386, 33.024723402612857 ], [ -96.962801635302171, 33.024714330206798 ], [ -96.962790723063421, 33.023818368534535 ], [ -96.963867777081219, 33.023809286064484 ], [ -96.964944830851394, 33.023800193439932 ], [ -96.96495576750138, 33.024696154930965 ], [ -96.964966704399274, 33.025592115201853 ] ] ] } },
{ "type": "Feature", "properties": { "id": "48_35", "growth_scenario": "high", "market_gravity_weight": 75 }, "geometry": { "type": "Polygon", "coordinates": [ [ [ -96.959548684151756, 33.022949591854164 ], [ -96.959559559527065, 33.023845555017807 ], [ -96.959570435148891, 33.024741516961214 ], [ -96.958493367937734, 33.024750558903548 ], [ -96.958504231600145, 33.025646519717007 ], [ -96.957427151936798, 33.025655551594838 ], [ -96.957416300480304, 33.024759590691261 ], [ -96.956339232776926, 33.024768612324415 ], [ -96.956328393772083, 33.02387265011081 ], [ -96.95631755501293, 33.022976686676962 ], [ -96.95524051147494, 33.022985697975784 ], [ -96.955229685166586, 33.022089733231645 ], [ -96.956306716499455, 33.022080722022658 ], [ -96.957383747586661, 33.022071700659438 ], [ -96.958460778427906, 33.022062669141896 ], [ -96.958471641351622, 33.022958633616149 ], [ -96.959548684151756, 33.022949591854164 ] ] ] } },
{ "type": "Feature", "properties": { "id": "48_36", "growth_scenario": "high", "market_gravity_weight": 75 }, "geometry": { "type": "Polygon", "coordinates": [ [ [ -96.993001031857304, 32.942013453157941 ], [ -96.993012274852902, 32.942909523970251 ], [ -96.99193632522595, 32.94291888237359 ], [ -96.991947556295599, 32.943814952042018 ], [ -96.990871594233781, 32.943824300393004 ], [ -96.989795631917943, 32.943833638598605 ], [ -96.989784425209379, 32.942937568744426 ], [ -96.989773218754564, 32.942041497653285 ], [ -96.989762012553498, 32.941145425325061 ], [ -96.990837938328539, 32.941136087397979 ], [ -96.990826720201497, 32.940240013925376 ], [ -96.991902633542821, 32.940230665946125 ], [ -96.992978546629857, 32.940221307821908 ], [ -96.992989789116294, 32.941117381108576 ], [ -96.993001031857304, 32.942013453157941 ] ] ] } },
{ "type": "Feature", "properties": { "id": "48_37", "growth_scenario": "high", "market_gravity_weight": 75 }, "geometry": { "type": "Polygon", "coordinates": [ [ [ -96.960647502113545, 33.024732464864286 ], [ -96.961724568831386, 33.024723402612857 ], [ -96.961735469111574, 33.025619363155478 ], [ -96.96174636963886, 33.026515322478197 ], [ -96.961757270413216, 33.027411280581177 ], [ -96.960680167076788, 33.027420343103806 ], [ -96.960691055891516, 33.028316300077663 ], [ -96.959613940101519, 33.028325352535695 ], [ -96.959603063493546, 33.02742939547155 ], [ -96.959592187132117, 33.026533437187879 ], [ -96.958515095508815, 33.026542479310564 ], [ -96.958504231600145, 33.025646519717007 ], [ -96.958493367937734, 33.024750558903548 ], [ -96.959570435148891, 33.024741516961214 ], [ -96.959559559527065, 33.023845555017807 ], [ -96.960636614286074, 33.023836503011218 ], [ -96.960647502113545, 33.024732464864286 ] ] ] } },
{ "type": "Feature", "properties": { "id": "48_38", "growth_scenario": "high", "market_gravity_weight": 75 }, "geometry": { "type": "Polygon", "coordinates": [ [ [ -96.95631755501293, 33.022976686676962 ], [ -96.956328393772083, 33.02387265011081 ], [ -96.956339232776926, 33.024768612324415 ], [ -96.955262164827843, 33.02477762380299 ], [ -96.95527299187242, 33.025673584886405 ], [ -96.954195911471956, 33.02568258630015 ], [ -96.954185096633353, 33.024786625126964 ], [ -96.953108028193725, 33.024795616296345 ], [ -96.953097225805948, 33.02389965381343 ], [ -96.953086423663024, 33.023003690110293 ], [ -96.952009379389665, 33.023012670945924 ], [ -96.951998589696743, 33.022116705932781 ], [ -96.953075621764967, 33.022107725186679 ], [ -96.954152653588338, 33.022098734286303 ], [ -96.955229685166586, 33.022089733231645 ], [ -96.95524051147494, 33.022985697975784 ], [ -96.95631755501293, 33.022976686676962 ] ] ] } },
{ "type": "Feature", "properties": { "id": "48_39", "growth_scenario": "high", "market_gravity_weight": 75 }, "geometry": { "type": "Polygon", "coordinates": [ [ [ -98.708800136158942, 29.418233687057608 ], [ -98.708829499120199, 29.419135662275469 ], [ -98.708858862717889, 29.420037635554969 ], [ -98.708888226951998, 29.42093960689634 ], [ -98.707858338612979, 29.420965319324669 ], [ -98.70682844963774, 29.420991021976668 ], [ -98.705798560026523, 29.421016714852289 ], [ -98.705769229248034, 29.420114742840358 ], [ -98.704739350153019, 29.420140425716248 ], [ -98.704710031161923, 29.419238451542753 ], [ -98.705739899105268, 29.419212768890223 ], [ -98.706769766412933, 29.419187076461487 ], [ -98.706740425754433, 29.418285100796513 ], [ -98.707770281274762, 29.418259398815103 ], [ -98.707740930101011, 29.41735742143501 ], [ -98.708770773834075, 29.417331709901106 ], [ -98.708800136158942, 29.418233687057608 ] ] ] } },
{ "type": "Feature", "properties": { "id": "48_4", "growth_scenario": "high", "market_gravity_weight": 75 }, "geometry": { "type": "Polygon", "coordinates": [ [ [ -96.955840892710867, 32.983553084741793 ], [ -96.955851720668178, 32.98444910204887 ], [ -96.956928239390024, 32.984440084460616 ], [ -96.956939079786167, 32.985336100449537 ], [ -96.956949920427903, 32.986232115210349 ], [ -96.956960761315258, 32.987128128743159 ], [ -96.955884206012044, 32.98713714660088 ], [ -96.954807650463493, 32.987146154308263 ], [ -96.954796833964281, 32.986250140595935 ], [ -96.953720290364743, 32.986259138063389 ], [ -96.95370948630439, 32.985363123033466 ], [ -96.953698682488806, 32.984467106775419 ], [ -96.954775201701011, 32.984458109487186 ], [ -96.954764385936954, 32.983562092090374 ], [ -96.954753570417907, 32.98266607346509 ], [ -96.955830064998864, 32.982657066206194 ], [ -96.955840892710867, 32.983553084741793 ] ] ] } },
{ "type": "Feature", "properties": { "id": "48_40", "growth_scenario": "high", "market_gravity_weight": 75 }, "geometry": { "type": "Polygon", "coordinates": [ [ [ -96.947701199853284, 33.023048492744508 ], [ -96.947690458981057, 33.022152527374146 ], [ -96.948767492025866, 33.022143587245218 ], [ -96.949844524826929, 33.022134636962079 ], [ -96.950921557383978, 33.022125676524567 ], [ -96.951998589696743, 33.022116705932781 ], [ -96.952009379389665, 33.023012670945924 ], [ -96.953086423663024, 33.023003690110293 ], [ -96.953097225805948, 33.02389965381343 ], [ -96.952020169327156, 33.023908634738639 ], [ -96.95203095950923, 33.024804597311096 ], [ -96.950953890580138, 33.024813568171275 ], [ -96.949876821406747, 33.024822528876825 ], [ -96.949866055636107, 33.023926566125574 ], [ -96.948788998424419, 33.02393551658723 ], [ -96.94877824510327, 33.023039552526448 ], [ -96.947701199853284, 33.023048492744508 ] ] ] } },
{ "type": "Feature", "properties": { "id": "48_41", "growth_scenario": "high", "market_gravity_weight": 75 }, "geometry": { "type": "Polygon", "coordinates": [ [ [ -96.97679558709396, 32.936776303397636 ], [ -96.976806645882363, 32.937672383019944 ], [ -96.976817704921174, 32.938568461404337 ], [ -96.977893597184277, 32.938559245493494 ], [ -96.977904668652755, 32.939455322548518 ], [ -96.977915740371941, 32.940351398365884 ], [ -96.976839823750012, 32.940360614460026 ], [ -96.975763906877674, 32.94036982040906 ], [ -96.975752859517613, 32.939473744408552 ], [ -96.974676954574676, 32.939482940121138 ], [ -96.974665919644025, 32.93858686279161 ], [ -96.974654884963229, 32.937690784224259 ], [ -96.974643850532274, 32.936794704419 ], [ -96.975719718938166, 32.936785508980599 ], [ -96.975708672578605, 32.935889428028624 ], [ -96.976784528555925, 32.935880222537151 ], [ -96.97679558709396, 32.936776303397636 ] ] ] } },
{ "type": "Feature", "properties": { "id": "48_42", "growth_scenario": "high", "market_gravity_weight": 75 }, "geometry": { "type": "Polygon", "coordinates": [ [ [ -96.958504231600145, 33.025646519717007 ], [ -96.958515095508815, 33.026542479310564 ], [ -96.958525959663746, 33.027438437684431 ], [ -96.957448855587685, 33.027447469742427 ], [ -96.957459707782121, 33.028343426986808 ], [ -96.956382591253274, 33.028352448979867 ], [ -96.956371751265621, 33.027456491645502 ], [ -96.955294646697837, 33.027465503393678 ], [ -96.955283819162418, 33.026569544749862 ], [ -96.954206726555711, 33.026578546253411 ], [ -96.954195911471956, 33.02568258630015 ], [ -96.95527299187242, 33.025673584886405 ], [ -96.955262164827843, 33.02477762380299 ], [ -96.956339232776926, 33.024768612324415 ], [ -96.957416300480304, 33.024759590691261 ], [ -96.957427151936798, 33.025655551594838 ], [ -96.958504231600145, 33.025646519717007 ] ] ] } },
{ "type": "Feature", "properties": { "id": "48_43", "growth_scenario": "high", "market_gravity_weight": 75 }, "geometry": { "type": "Polygon", "coordinates": [ [ [ -96.959603063493546, 33.02742939547155 ], [ -96.959613940101519, 33.028325352535695 ], [ -96.960691055891516, 33.028316300077663 ], [ -96.960701944953072, 33.029212255832142 ], [ -96.959624816956037, 33.029221308380478 ], [ -96.959635694057127, 33.030117263006055 ], [ -96.959646571404789, 33.03101321641266 ], [ -96.958569418746279, 33.031022258986326 ], [ -96.95855855360621, 33.03012630548951 ], [ -96.957481412909004, 33.030135337817732 ], [ -96.957470560222546, 33.029239383011834 ], [ -96.956393431486674, 33.02924840509494 ], [ -96.956382591253274, 33.028352448979867 ], [ -96.957459707782121, 33.028343426986808 ], [ -96.957448855587685, 33.027447469742427 ], [ -96.958525959663746, 33.027438437684431 ], [ -96.958515095508815, 33.026542479310564 ], [ -96.959592187132117, 33.026533437187879 ], [ -96.959603063493546, 33.02742939547155 ] ] ] } },
{ "type": "Feature", "properties": { "id": "48_44", "growth_scenario": "high", "market_gravity_weight": 75 }, "geometry": { "type": "Polygon", "coordinates": [ [ [ -96.953108028193725, 33.024795616296345 ], [ -96.954185096633353, 33.024786625126964 ], [ -96.954195911471956, 33.02568258630015 ], [ -96.954206726555711, 33.026578546253411 ], [ -96.954217541884617, 33.027474504986984 ], [ -96.953140436826232, 33.027483496425418 ], [ -96.952063331522965, 33.027492477708854 ], [ -96.952052540607113, 33.026596518796048 ], [ -96.950975447265776, 33.026605489835156 ], [ -96.950964668800793, 33.025709529613131 ], [ -96.949887587421415, 33.025718490408089 ], [ -96.949876821406747, 33.024822528876825 ], [ -96.950953890580138, 33.024813568171275 ], [ -96.95203095950923, 33.024804597311096 ], [ -96.952020169327156, 33.023908634738639 ], [ -96.953097225805948, 33.02389965381343 ], [ -96.953108028193725, 33.024795616296345 ] ] ] } },
{ "type": "Feature", "properties": { "id": "48_45", "growth_scenario": "high", "market_gravity_weight": 75 }, "geometry": { "type": "Polygon", "coordinates": [ [ [ -97.705835000451344, 30.21044149364959 ], [ -97.705853670810541, 30.211342059520764 ], [ -97.704813644219158, 30.211358221543684 ], [ -97.704832303608683, 30.212258785778019 ], [ -97.703792265230533, 30.212274938089617 ], [ -97.702752226444233, 30.212291080544961 ], [ -97.70171218725001, 30.212307213143948 ], [ -97.70169356199554, 30.21140664847529 ], [ -97.700653533772027, 30.211422771073394 ], [ -97.699613505141087, 30.211438883815248 ], [ -97.699594903050567, 30.210538317075699 ], [ -97.700634920303344, 30.210522204478337 ], [ -97.701674937148738, 30.210506082024821 ], [ -97.702714953586479, 30.210489949715196 ], [ -97.703754969616313, 30.210473807549441 ], [ -97.704794985238024, 30.210457655527566 ], [ -97.704776326665296, 30.209557087729497 ], [ -97.705816330500781, 30.209540925996485 ], [ -97.705835000451344, 30.21044149364959 ] ] ] } },
{ "type": "Feature", "properties": { "id": "48_46", "growth_scenario": "high", "market_gravity_weight": 75 }, "geometry": { "type": "Polygon", "coordinates": [ [ [ -96.971416243816662, 32.936822229866273 ], [ -96.971427241711353, 32.937718309945204 ], [ -96.971438239855075, 32.938614388786142 ], [ -96.970362346093665, 32.938623543827966 ], [ -96.970373332307105, 32.939519621522194 ], [ -96.96929742611762, 32.939528766510065 ], [ -96.968221519679645, 32.939537901353056 ], [ -96.968210557824875, 32.938641823477056 ], [ -96.968199596218312, 32.937745744363411 ], [ -96.968188634859942, 32.936849664011817 ], [ -96.96817767374975, 32.935953582422066 ], [ -96.969253531472035, 32.935944447942369 ], [ -96.970329388945871, 32.935935303318082 ], [ -96.970340374413055, 32.936831384726098 ], [ -96.971416243816662, 32.936822229866273 ] ] ] } },
{ "type": "Feature", "properties": { "id": "48_47", "growth_scenario": "high", "market_gravity_weight": 75 }, "geometry": { "type": "Polygon", "coordinates": [ [ [ -96.94877824510327, 33.023039552526448 ], [ -96.948788998424419, 33.02393551658723 ], [ -96.948799751989327, 33.024831479427803 ], [ -96.947722682328134, 33.024840419824137 ], [ -96.947733423930785, 33.025736381533854 ], [ -96.946656341820102, 33.025745311864661 ], [ -96.946645612423481, 33.024849350065907 ], [ -96.945568542275609, 33.02485827015299 ], [ -96.945557825327967, 33.023962307045302 ], [ -96.945547108623217, 33.023066342717328 ], [ -96.944470062643674, 33.023075252472097 ], [ -96.944459358387064, 33.022179286834906 ], [ -96.945536392161387, 33.022170377168948 ], [ -96.946613425692817, 33.02216145734868 ], [ -96.947690458981057, 33.022152527374146 ], [ -96.947701199853284, 33.023048492744508 ], [ -96.94877824510327, 33.023039552526448 ] ] ] } },
{ "type": "Feature", "properties": { "id": "48_48", "growth_scenario": "high", "market_gravity_weight": 75 }, "geometry": { "type": "Polygon", "coordinates": [ [ [ -96.949876821406747, 33.024822528876825 ], [ -96.949887587421415, 33.025718490408089 ], [ -96.950964668800793, 33.025709529613131 ], [ -96.950975447265776, 33.026605489835156 ], [ -96.950986225975086, 33.027501448837469 ], [ -96.949909120182866, 33.027510409811178 ], [ -96.949919886929678, 33.028406367683317 ], [ -96.948842768686561, 33.028415318591335 ], [ -96.948832014146589, 33.027519360629924 ], [ -96.947754907866539, 33.027528301293749 ], [ -96.947744165776911, 33.026632342023632 ], [ -96.947733423930785, 33.025736381533854 ], [ -96.947722682328134, 33.024840419824137 ], [ -96.948799751989327, 33.024831479427803 ], [ -96.948788998424419, 33.02393551658723 ], [ -96.949866055636107, 33.023926566125574 ], [ -96.949876821406747, 33.024822528876825 ] ] ] } },
{ "type": "Feature", "properties": { "id": "48_49", "growth_scenario": "high", "market_gravity_weight": 75 }, "geometry": { "type": "Polygon", "coordinates": [ [ [ -96.955294646697837, 33.027465503393678 ], [ -96.956371751265621, 33.027456491645502 ], [ -96.956382591253274, 33.028352448979867 ], [ -96.956393431486674, 33.02924840509494 ], [ -96.955316302505025, 33.029257417022897 ], [ -96.955327130776809, 33.030153372008662 ], [ -96.954249989342372, 33.030162373871327 ], [ -96.953172847662742, 33.030171365578774 ], [ -96.953162043805676, 33.029275410413533 ], [ -96.953151240193506, 33.0283794540291 ], [ -96.952074122683428, 33.028388435402171 ], [ -96.952063331522965, 33.027492477708854 ], [ -96.953140436826232, 33.027483496425418 ], [ -96.954217541884617, 33.027474504986984 ], [ -96.954206726555711, 33.026578546253411 ], [ -96.955283819162418, 33.026569544749862 ], [ -96.955294646697837, 33.027465503393678 ] ] ] } },
{ "type": "Feature", "properties": { "id": "48_5", "growth_scenario": "high", "market_gravity_weight": 75 }, "geometry": { "type": "Polygon", "coordinates": [ [ [ -96.954807650463493, 32.987146154308263 ], [ -96.955884206012044, 32.98713714660088 ], [ -96.956960761315258, 32.987128128743159 ], [ -96.95697160244822, 32.988024141048207 ], [ -96.956982443826817, 32.988920152125601 ], [ -96.956993285451048, 32.989816161975604 ], [ -96.957004127320928, 32.990712170598378 ], [ -96.955927523238699, 32.99072118881535 ], [ -96.955916693563992, 32.989825180102763 ], [ -96.954840101431571, 32.989834188079307 ], [ -96.954829284197132, 32.9889381780498 ], [ -96.953752704014533, 32.988947175786052 ], [ -96.953741899219793, 32.988051164439476 ], [ -96.953731094669877, 32.987155151865295 ], [ -96.953720290364743, 32.986259138063389 ], [ -96.954796833964281, 32.986250140595935 ], [ -96.954807650463493, 32.987146154308263 ] ] ] } },
{ "type": "Feature", "properties": { "id": "48_50", "growth_scenario": "high", "market_gravity_weight": 75 }, "geometry": { "type": "Polygon", "coordinates": [ [ [ -96.972459084246566, 32.934124817469069 ], [ -96.972470093572184, 32.93502090117174 ], [ -96.973545938120807, 32.935011726205069 ], [ -96.973556959873903, 32.935907808578037 ], [ -96.974632816351161, 32.9358986233756 ], [ -96.974643850532274, 32.936794704419 ], [ -96.973567981876542, 32.936803889712721 ], [ -96.972492112971253, 32.93681306486183 ], [ -96.972503123044703, 32.937709144849634 ], [ -96.971427241711353, 32.937718309945204 ], [ -96.971416243816662, 32.936822229866273 ], [ -96.970340374413055, 32.936831384726098 ], [ -96.970329388945871, 32.935935303318082 ], [ -96.97031840372739, 32.93503922067184 ], [ -96.971394248774288, 32.935030065993985 ], [ -96.971383251626591, 32.93413398220023 ], [ -96.971372254727896, 32.933237897167757 ], [ -96.972448075170192, 32.933228732527667 ], [ -96.972459084246566, 32.934124817469069 ] ] ] } },
{ "type": "Feature", "properties": { "id": "48_51", "growth_scenario": "high", "market_gravity_weight": 75 }, "geometry": { "type": "Polygon", "coordinates": [ [ [ -96.977849313817075, 32.934974924893929 ], [ -96.977860384282877, 32.93587100690111 ], [ -96.976784528555925, 32.935880222537151 ], [ -96.975708672578605, 32.935889428028624 ], [ -96.975719718938166, 32.936785508980599 ], [ -96.974643850532274, 32.936794704419 ], [ -96.974632816351161, 32.9358986233756 ], [ -96.973556959873903, 32.935907808578037 ], [ -96.973545938120807, 32.935011726205069 ], [ -96.974621782419874, 32.935002541093901 ], [ -96.974610748738414, 32.934106457573691 ], [ -96.975686580609761, 32.934097262409509 ], [ -96.975675535000491, 32.933201177742049 ], [ -96.976751354444133, 32.933191972525037 ], [ -96.977827173637408, 32.93318275716382 ], [ -96.977838243601923, 32.934078841648166 ], [ -96.977849313817075, 32.934974924893929 ] ] ] } },
{ "type": "Feature", "properties": { "id": "48_52", "growth_scenario": "high", "market_gravity_weight": 75 }, "geometry": { "type": "Polygon", "coordinates": [ [ [ -96.945557825327967, 33.023962307045302 ], [ -96.945568542275609, 33.02485827015299 ], [ -96.946645612423481, 33.024849350065907 ], [ -96.946656341820102, 33.025745311864661 ], [ -96.947733423930785, 33.025736381533854 ], [ -96.947744165776911, 33.026632342023632 ], [ -96.946667071459927, 33.026641272443534 ], [ -96.946677801342972, 33.027537231802732 ], [ -96.945600694576186, 33.027546152156724 ], [ -96.945611412495595, 33.028442110385427 ], [ -96.944534293278991, 33.028451020673387 ], [ -96.944523587566451, 33.027555062355816 ], [ -96.944512882096575, 33.026659102818776 ], [ -96.944502176869378, 33.025763142062097 ], [ -96.944491471884831, 33.024867180085472 ], [ -96.944480767142934, 33.023971216888903 ], [ -96.944470062643674, 33.023075252472097 ], [ -96.945547108623217, 33.023066342717328 ], [ -96.945557825327967, 33.023962307045302 ] ] ] } },
{ "type": "Feature", "properties": { "id": "48_53", "growth_scenario": "high", "market_gravity_weight": 75 }, "geometry": { "type": "Polygon", "coordinates": [ [ [ -98.70465139508606, 29.417434497380626 ], [ -98.704680712806265, 29.418336475430941 ], [ -98.705710569598182, 29.418310793001744 ], [ -98.705739899105268, 29.419212768890223 ], [ -98.704710031161923, 29.419238451542753 ], [ -98.704739350153019, 29.420140425716248 ], [ -98.703709470422524, 29.420166098815837 ], [ -98.703680162583126, 29.419264124419044 ], [ -98.702650293369118, 29.419289787519165 ], [ -98.702620997316401, 29.418387810960905 ], [ -98.701591138618923, 29.418413464061686 ], [ -98.700561279286759, 29.418439107386309 ], [ -98.700532006171514, 29.417537128443485 ], [ -98.70156185435242, 29.417511485341883 ], [ -98.701532570720588, 29.416609504683358 ], [ -98.702562407115792, 29.41658385202874 ], [ -98.703592242876084, 29.416558189598149 ], [ -98.70362154880992, 29.417460169810408 ], [ -98.70465139508606, 29.417434497380626 ] ] ] } },
{ "type": "Feature", "properties": { "id": "48_54", "growth_scenario": "high", "market_gravity_weight": 75 }, "geometry": { "type": "Polygon", "coordinates": [ [ [ -96.95855855360621, 33.03012630548951 ], [ -96.958569418746279, 33.031022258986326 ], [ -96.957492265841481, 33.03103129140468 ], [ -96.956415112690635, 33.031040313667717 ], [ -96.955337959294056, 33.031049325775506 ], [ -96.954260805651998, 33.031058327727955 ], [ -96.954271622206804, 33.031954280365788 ], [ -96.954282439006832, 33.032850231784941 ], [ -96.953205260703484, 33.032859223761548 ], [ -96.953194456111632, 33.031963272252646 ], [ -96.953183651764732, 33.031067319525121 ], [ -96.952106497632556, 33.031076301166948 ], [ -96.952095705738216, 33.030180347131065 ], [ -96.953172847662742, 33.030171365578774 ], [ -96.954249989342372, 33.030162373871327 ], [ -96.955327130776809, 33.030153372008662 ], [ -96.955316302505025, 33.029257417022897 ], [ -96.956393431486674, 33.02924840509494 ], [ -96.957470560222546, 33.029239383011834 ], [ -96.957481412909004, 33.030135337817732 ], [ -96.95855855360621, 33.03012630548951 ] ] ] } },
{ "type": "Feature", "properties": { "id": "48_55", "growth_scenario": "high", "market_gravity_weight": 75 }, "geometry": { "type": "Polygon", "coordinates": [ [ [ -96.953162043805676, 33.029275410413533 ], [ -96.953172847662742, 33.030171365578774 ], [ -96.952095705738216, 33.030180347131065 ], [ -96.952106497632556, 33.031076301166948 ], [ -96.953183651764732, 33.031067319525121 ], [ -96.953194456111632, 33.031963272252646 ], [ -96.95211728977155, 33.03197225398403 ], [ -96.952128082155184, 33.032868205582567 ], [ -96.952138874783486, 33.033764155962714 ], [ -96.951061683782044, 33.033773127717723 ], [ -96.95105090336223, 33.032877177248096 ], [ -96.951040123186786, 33.031981225560095 ], [ -96.949962956357652, 33.031990186980728 ], [ -96.949952188634541, 33.031094233984682 ], [ -96.949941421155501, 33.030198279769913 ], [ -96.951018563569036, 33.030189318528087 ], [ -96.951007784126702, 33.029293363183754 ], [ -96.952084914088502, 33.029284391876182 ], [ -96.952074122683428, 33.028388435402171 ], [ -96.953151240193506, 33.0283794540291 ], [ -96.953162043805676, 33.029275410413533 ] ] ] } },
{ "type": "Feature", "properties": { "id": "48_56", "growth_scenario": "high", "market_gravity_weight": 75 }, "geometry": { "type": "Polygon", "coordinates": [ [ [ -96.969165754106015, 32.928775751357314 ], [ -96.969176725407337, 32.929671842767647 ], [ -96.96918769695705, 32.930567932938423 ], [ -96.969198668755169, 32.931464021869843 ], [ -96.969209640801679, 32.932360109562033 ], [ -96.969220613096624, 32.933256196015193 ], [ -96.969231585640003, 32.93415228122953 ], [ -96.969242558431802, 32.935048365205198 ], [ -96.97031840372739, 32.93503922067184 ], [ -96.970329388945871, 32.935935303318082 ], [ -96.969253531472035, 32.935944447942369 ], [ -96.96817767374975, 32.935953582422066 ], [ -96.968166712887751, 32.935057499594102 ], [ -96.968155752273901, 32.934161415527647 ], [ -96.968144791908216, 32.933265330222525 ], [ -96.968133831790681, 32.932369243678579 ], [ -96.968122871921281, 32.931473155895588 ], [ -96.968111912300017, 32.93057706687344 ], [ -96.968100952926889, 32.929680976611863 ], [ -96.968089993801883, 32.928784885110765 ], [ -96.968079034924969, 32.927888792369906 ], [ -96.969154783053071, 32.927879658707184 ], [ -96.969165754106015, 32.928775751357314 ] ] ] } },
{ "type": "Feature", "properties": { "id": "48_57", "growth_scenario": "high", "market_gravity_weight": 75 }, "geometry": { "type": "Polygon", "coordinates": [ [ [ -96.972415049436592, 32.930540470269776 ], [ -96.972426057765219, 32.931436558928219 ], [ -96.972437066343076, 32.932332646347447 ], [ -96.973512874358761, 32.93232347165435 ], [ -96.973523895363257, 32.933219557743371 ], [ -96.973534916617254, 32.934115642593525 ], [ -96.973545938120807, 32.935011726205069 ], [ -96.972470093572184, 32.93502090117174 ], [ -96.972459084246566, 32.934124817469069 ], [ -96.972448075170192, 32.933228732527667 ], [ -96.971372254727896, 32.933237897167757 ], [ -96.971383251626591, 32.93413398220023 ], [ -96.970307418757642, 32.934143136787014 ], [ -96.970296434036612, 32.933247051663614 ], [ -96.970285449564273, 32.932350965301325 ], [ -96.970274465340623, 32.93145487770002 ], [ -96.971350261677401, 32.931445723386155 ], [ -96.9713392655256, 32.930549634636591 ], [ -96.971328269622759, 32.929653544647685 ], [ -96.972404041357194, 32.92964438037189 ], [ -96.972415049436592, 32.930540470269776 ] ] ] } },
{ "type": "Feature", "properties": { "id": "48_58", "growth_scenario": "high", "market_gravity_weight": 75 }, "geometry": { "type": "Polygon", "coordinates": [ [ [ -98.726992186673613, 29.470132124791398 ], [ -98.727021765224407, 29.471033984270623 ], [ -98.72705134441668, 29.471935841821374 ], [ -98.727080924250458, 29.472837697443719 ], [ -98.727110504725758, 29.473739551137914 ], [ -98.72714008584262, 29.474641402904158 ], [ -98.726109538182527, 29.474667285269902 ], [ -98.726079968231673, 29.473765433278153 ], [ -98.725049431096295, 29.473791305637114 ], [ -98.725019872952558, 29.472889451491891 ], [ -98.724990315449872, 29.471987595418494 ], [ -98.724960758588196, 29.471085737416743 ], [ -98.724931202367529, 29.470183877486573 ], [ -98.725961694841189, 29.470158006029447 ], [ -98.725932128096659, 29.469256144395956 ], [ -98.726962608764282, 29.469230263383476 ], [ -98.726992186673613, 29.470132124791398 ] ] ] } },
{ "type": "Feature", "properties": { "id": "48_59", "growth_scenario": "high", "market_gravity_weight": 75 }, "geometry": { "type": "Polygon", "coordinates": [ [ [ -96.947754907866539, 33.027528301293749 ], [ -96.948832014146589, 33.027519360629924 ], [ -96.948842768686561, 33.028415318591335 ], [ -96.949919886929678, 33.028406367683317 ], [ -96.949930653920561, 33.029302324336193 ], [ -96.948853523470333, 33.029311275333519 ], [ -96.948864278497894, 33.030207230856547 ], [ -96.947787135596457, 33.030216171787927 ], [ -96.946709992451517, 33.030225102564131 ], [ -96.946699261838759, 33.029329146862821 ], [ -96.945622130657966, 33.029338067394789 ], [ -96.945611412495595, 33.028442110385427 ], [ -96.945600694576186, 33.027546152156724 ], [ -96.946677801342972, 33.027537231802732 ], [ -96.946667071459927, 33.026641272443534 ], [ -96.947744165776911, 33.026632342023632 ], [ -96.947754907866539, 33.027528301293749 ] ] ] } },
{ "type": "Feature", "properties": { "id": "48_6", "growth_scenario": "high", "market_gravity_weight": 75 }, "geometry": { "type": "Polygon", "coordinates": [ [ [ -96.957004127320928, 32.990712170598378 ], [ -96.957014969436443, 32.991608177994067 ], [ -96.955938353158771, 32.991617196300901 ], [ -96.95594918332425, 32.992513202559536 ], [ -96.955960013735108, 32.99340920759149 ], [ -96.955970844391359, 32.994305211396956 ], [ -96.954894191280289, 32.994314219822193 ], [ -96.954883372820319, 32.99341821592693 ], [ -96.953806731660407, 32.993427214111335 ], [ -96.953795925641572, 32.992531208900026 ], [ -96.953785119867561, 32.991635202462 ], [ -96.953774314338403, 32.99073919479715 ], [ -96.953763509054056, 32.989843185905201 ], [ -96.954840101431571, 32.989834188079307 ], [ -96.955916693563992, 32.989825180102763 ], [ -96.955927523238699, 32.99072118881535 ], [ -96.957004127320928, 32.990712170598378 ] ] ] } },
{ "type": "Feature", "properties": { "id": "48_60", "growth_scenario": "high", "market_gravity_weight": 75 }, "geometry": { "type": "Polygon", "coordinates": [ [ [ -98.732012798658076, 29.403207833831072 ], [ -98.732042407826626, 29.404109834923833 ], [ -98.732072017636796, 29.405011834075214 ], [ -98.731042333537928, 29.405037767524348 ], [ -98.730012648797654, 29.405063691198656 ], [ -98.7289829634162, 29.405089605098269 ], [ -98.729012540425401, 29.405991602984482 ], [ -98.727982843255432, 29.406017507334472 ], [ -98.727953277393809, 29.405115509223108 ], [ -98.727923712172867, 29.404213509170606 ], [ -98.728953387047909, 29.404187605270913 ], [ -98.728923811320527, 29.403285603502219 ], [ -98.728894236234041, 29.402383599791989 ], [ -98.72992388817427, 29.402357686568088 ], [ -98.730953539473376, 29.402331763569645 ], [ -98.73098313685351, 29.403233766829363 ], [ -98.732012798658076, 29.403207833831072 ] ] ] } },
{ "type": "Feature", "properties": { "id": "48_61", "growth_scenario": "high", "market_gravity_weight": 75 }, "geometry": { "type": "Polygon", "coordinates": [ [ [ -98.705417309485767, 29.409290927469961 ], [ -98.706447054141137, 29.40926523749846 ], [ -98.706476388441445, 29.410167232556599 ], [ -98.707506143610104, 29.410141532586444 ], [ -98.707476798160798, 29.409239537751787 ], [ -98.708506541544509, 29.409213828229753 ], [ -98.70853589814277, 29.410115822840957 ], [ -98.708565255377238, 29.411017815512022 ], [ -98.708594613247939, 29.411919806243159 ], [ -98.707564836416609, 29.411945516435704 ], [ -98.70753548969536, 29.411043525481027 ], [ -98.706505723377489, 29.411069225674641 ], [ -98.705475956423882, 29.411094916092789 ], [ -98.70444618883478, 29.411120596735522 ], [ -98.704416876197229, 29.410218603170893 ], [ -98.703387119122141, 29.410244273815021 ], [ -98.703357818268898, 29.409342278087127 ], [ -98.704387564194946, 29.409316607666181 ], [ -98.704358252827859, 29.408414610221257 ], [ -98.70538798696991, 29.408388930248293 ], [ -98.705417309485767, 29.409290927469961 ] ] ] } },
{ "type": "Feature", "properties": { "id": "48_62", "growth_scenario": "high", "market_gravity_weight": 75 }, "geometry": { "type": "Polygon", "coordinates": [ [ [ -97.035091303783901, 32.95149723598746 ], [ -97.036167364826497, 32.951487470804082 ], [ -97.036179097947198, 32.952383524214142 ], [ -97.037255170907017, 32.952373748787423 ], [ -97.037266916476639, 32.953269800865144 ], [ -97.037278662312247, 32.954165851708005 ], [ -97.036202564985757, 32.954175627329199 ], [ -97.035126467393525, 32.954185392803929 ], [ -97.034050369535848, 32.954195148132193 ], [ -97.034038660250673, 32.953299096997902 ], [ -97.034026951230686, 32.952403044628788 ], [ -97.032950877474548, 32.952412789616716 ], [ -97.032939180902659, 32.951516735915632 ], [ -97.034015242475846, 32.951506991024672 ], [ -97.03400353398618, 32.950610936185214 ], [ -97.035079583111553, 32.950601181245084 ], [ -97.035091303783901, 32.95149723598746 ] ] ] } },
{ "type": "Feature", "properties": { "id": "48_63", "growth_scenario": "high", "market_gravity_weight": 75 }, "geometry": { "type": "Polygon", "coordinates": [ [ [ -98.702562407115792, 29.41658385202874 ], [ -98.701532570720588, 29.416609504683358 ], [ -98.70156185435242, 29.417511485341883 ], [ -98.700532006171514, 29.417537128443485 ], [ -98.699502157356164, 29.417562761769066 ], [ -98.699472896026435, 29.416660780664678 ], [ -98.698443057727971, 29.41668640399136 ], [ -98.698413808183247, 29.415784420725362 ], [ -98.698384559272441, 29.414882435520376 ], [ -98.699414375269484, 29.414856812639307 ], [ -98.700444190632382, 29.414831179982414 ], [ -98.701474005360893, 29.414805537549739 ], [ -98.70250381945479, 29.414779885341268 ], [ -98.702533112967856, 29.415681869654527 ], [ -98.702562407115792, 29.41658385202874 ] ] ] } },
{ "type": "Feature", "properties": { "id": "48_64", "growth_scenario": "high", "market_gravity_weight": 75 }, "geometry": { "type": "Polygon", "coordinates": [ [ [ -96.971627393353629, 33.041664411729393 ], [ -96.971638408230035, 33.042560348306466 ], [ -96.970561099576472, 33.042569503775589 ], [ -96.969483790673436, 33.042578649088085 ], [ -96.968406481521242, 33.042587784244041 ], [ -96.96839550327816, 33.041691847393224 ], [ -96.968384525283966, 33.040795909325745 ], [ -96.967307240304834, 33.040805034142949 ], [ -96.967296274770106, 33.039909094767602 ], [ -96.968373547538675, 33.039899970041432 ], [ -96.96945082005837, 33.039890835158957 ], [ -96.970528092328905, 33.039881690120239 ], [ -96.971605364349998, 33.039872534925188 ], [ -96.971616378726949, 33.040768473935699 ], [ -96.971627393353629, 33.041664411729393 ] ] ] } },
{ "type": "Feature", "properties": { "id": "48_65", "growth_scenario": "high", "market_gravity_weight": 75 }, "geometry": { "type": "Polygon", "coordinates": [ [ [ -96.954347344956759, 33.038225914719945 ], [ -96.954358163473458, 33.039121857614134 ], [ -96.953280899705035, 33.039130850218719 ], [ -96.952203635691632, 33.039139832667033 ], [ -96.951126371433489, 33.039148804959169 ], [ -96.9511155895472, 33.038252861796174 ], [ -96.951104807905324, 33.037356917415835 ], [ -96.950027567822772, 33.037365879372857 ], [ -96.950016798634934, 33.036469933685609 ], [ -96.951094026507889, 33.036460971817981 ], [ -96.952171254136431, 33.036451999794416 ], [ -96.953248481520276, 33.036443017614957 ], [ -96.954325708659141, 33.036434025279533 ], [ -96.954336526685324, 33.037329970608482 ], [ -96.954347344956759, 33.038225914719945 ] ] ] } },
{ "type": "Feature", "properties": { "id": "48_66", "growth_scenario": "high", "market_gravity_weight": 75 }, "geometry": { "type": "Polygon", "coordinates": [ [ [ -96.968384525283966, 33.040795909325745 ], [ -96.96839550327816, 33.041691847393224 ], [ -96.968406481521242, 33.042587784244041 ], [ -96.967329172120131, 33.042596909243379 ], [ -96.967340138400715, 33.043492844968853 ], [ -96.966262816539583, 33.043501959902585 ], [ -96.966251862470401, 33.042606024086155 ], [ -96.965174552572321, 33.042615128772383 ], [ -96.965163610962634, 33.041719191648646 ], [ -96.965152669600997, 33.040823253308261 ], [ -96.96407538387686, 33.040832347656377 ], [ -96.964064454973879, 33.039936408008501 ], [ -96.965141728487438, 33.039927313751178 ], [ -96.966219001752933, 33.039918209337543 ], [ -96.967296274770106, 33.039909094767602 ], [ -96.967307240304834, 33.040805034142949 ], [ -96.968384525283966, 33.040795909325745 ] ] ] } },
{ "type": "Feature", "properties": { "id": "48_67", "growth_scenario": "high", "market_gravity_weight": 75 }, "geometry": { "type": "Polygon", "coordinates": [ [ [ -97.051768124044145, 32.991670814511664 ], [ -97.05069151824712, 32.991680726179482 ], [ -97.050703421872669, 32.99257672291904 ], [ -97.049626803610707, 32.992586624534766 ], [ -97.049638695310463, 32.993482620146182 ], [ -97.048562064583535, 32.993492511709618 ], [ -97.048550185079307, 32.992596515999701 ], [ -97.048538305844232, 32.991700519062924 ], [ -97.048526426878311, 32.990804520899104 ], [ -97.04744983246799, 32.990814402016426 ], [ -97.047437965965912, 32.989918402526989 ], [ -97.048514548181529, 32.989908521508106 ], [ -97.049591130128022, 32.98989863033875 ], [ -97.050667711805119, 32.989888729018908 ], [ -97.051744293212522, 32.989878817548579 ], [ -97.051756208493345, 32.990774816643771 ], [ -97.051768124044145, 32.991670814511664 ] ] ] } },
{ "type": "Feature", "properties": { "id": "48_68", "growth_scenario": "high", "market_gravity_weight": 75 }, "geometry": { "type": "Polygon", "coordinates": [ [ [ -96.972382025946033, 32.927852196857231 ], [ -96.971306278563887, 32.927861360950835 ], [ -96.97023053093281, 32.927870514900832 ], [ -96.969154783053071, 32.927879658707184 ], [ -96.968079034924969, 32.927888792369906 ], [ -96.968089993801883, 32.928784885110765 ], [ -96.967014233249628, 32.928794008720494 ], [ -96.96700328654876, 32.927897915888934 ], [ -96.9669923400957, 32.92700182181747 ], [ -96.968068076296163, 32.9269926983891 ], [ -96.968057117915436, 32.926096603168133 ], [ -96.969132841692314, 32.926087469686955 ], [ -96.97020856522083, 32.926078326062324 ], [ -96.971284288500726, 32.926069172294248 ], [ -96.972360011531691, 32.92606000838277 ], [ -96.972371018614268, 32.926956103240087 ], [ -96.972382025946033, 32.927852196857231 ] ] ] } },
{ "type": "Feature", "properties": { "id": "48_69", "growth_scenario": "high", "market_gravity_weight": 75 }, "geometry": { "type": "Polygon", "coordinates": [ [ [ -96.959766238505253, 33.040868623484833 ], [ -96.959755358444738, 33.039972683474922 ], [ -96.960832632947714, 33.039963629842795 ], [ -96.961909907203747, 33.039954566054327 ], [ -96.962987181212569, 33.039945492109581 ], [ -96.964064454973879, 33.039936408008501 ], [ -96.96407538387686, 33.040832347656377 ], [ -96.965152669600997, 33.040823253308261 ], [ -96.965163610962634, 33.041719191648646 ], [ -96.964086313027607, 33.041728286087498 ], [ -96.964097242426149, 33.042624223301971 ], [ -96.963019932032196, 33.042633307674976 ], [ -96.961942621390719, 33.042642381891419 ], [ -96.961931716414497, 33.041746444495708 ], [ -96.96085441773694, 33.041755508465044 ], [ -96.960843525218863, 33.04085956976234 ], [ -96.959766238505253, 33.040868623484833 ] ] ] } },
{ "type": "Feature", "properties": { "id": "48_7", "growth_scenario": "high", "market_gravity_weight": 75 }, "geometry": { "type": "Polygon", "coordinates": [ [ [ -98.722424272980135, 29.425114268746565 ], [ -98.722453786024374, 29.426016225546675 ], [ -98.722483299708315, 29.426918180409704 ], [ -98.722512814031987, 29.427820133335754 ], [ -98.722542328995416, 29.42872208432502 ], [ -98.721512348574009, 29.428747925868304 ], [ -98.721482844764324, 29.427845974654208 ], [ -98.720452874857145, 29.427871806195689 ], [ -98.71942290431069, 29.427897627960274 ], [ -98.719393423447627, 29.426995674360054 ], [ -98.71936394322357, 29.426093718822912 ], [ -98.720393891463146, 29.426067897507618 ], [ -98.720364400725018, 29.425165940257983 ], [ -98.721394337172299, 29.425140109390593 ], [ -98.721364835920554, 29.424238150428423 ], [ -98.722394760575597, 29.424212310009075 ], [ -98.722424272980135, 29.425114268746565 ] ] ] } },
{ "type": "Feature", "properties": { "id": "48_70", "growth_scenario": "high", "market_gravity_weight": 75 }, "geometry": { "type": "Polygon", "coordinates": [ [ [ -97.051648980683709, 32.982710780584839 ], [ -97.052725464273792, 32.982700859754502 ], [ -97.052737389587634, 32.983596868575326 ], [ -97.053813885099999, 32.983586937496447 ], [ -97.053825822876732, 32.984482944989679 ], [ -97.05383776092394, 32.985378951254447 ], [ -97.052761241025877, 32.985388882531112 ], [ -97.052773167150264, 32.986284887666379 ], [ -97.051696634788726, 32.986294808891884 ], [ -97.051684720857608, 32.985398803657837 ], [ -97.051672807196411, 32.984502797195411 ], [ -97.050596298951248, 32.98451270807346 ], [ -97.049519790436449, 32.984522608801726 ], [ -97.049507901430644, 32.98362660091346 ], [ -97.050584397752687, 32.983616700283868 ], [ -97.050572496823747, 32.982720691265556 ], [ -97.050560596164431, 32.981824681018338 ], [ -97.051637067832203, 32.981814770436344 ], [ -97.051648980683709, 32.982710780584839 ] ] ] } },
{ "type": "Feature", "properties": { "id": "48_71", "growth_scenario": "high", "market_gravity_weight": 75 }, "geometry": { "type": "Polygon", "coordinates": [ [ [ -96.960843525218863, 33.04085956976234 ], [ -96.96085441773694, 33.041755508465044 ], [ -96.960865310501987, 33.042651445951229 ], [ -96.959787999366313, 33.042660499854435 ], [ -96.958710687983924, 33.042669543601029 ], [ -96.957633376355147, 33.042678577191005 ], [ -96.957622520223666, 33.041782639434118 ], [ -96.956545220559931, 33.04179166277747 ], [ -96.956534376885514, 33.040895723713888 ], [ -96.956523533456917, 33.039999783433586 ], [ -96.95760080869907, 33.039990760270378 ], [ -96.958678083695105, 33.039981726950792 ], [ -96.959755358444738, 33.039972683474922 ], [ -96.959766238505253, 33.040868623484833 ], [ -96.960843525218863, 33.04085956976234 ] ] ] } },
{ "type": "Feature", "properties": { "id": "48_72", "growth_scenario": "high", "market_gravity_weight": 75 }, "geometry": { "type": "Polygon", "coordinates": [ [ [ -97.052820874349962, 32.989868895927849 ], [ -97.053897455217168, 32.989858964156625 ], [ -97.053909394887299, 32.990754963054023 ], [ -97.05392133482799, 32.991650960724193 ], [ -97.052844729571191, 32.991660892693311 ], [ -97.052856657587185, 32.99255688923531 ], [ -97.051780039864923, 32.992566811152578 ], [ -97.051791955955679, 32.993462806566612 ], [ -97.050715325767925, 32.993472718431818 ], [ -97.050727229932917, 32.994368712717907 ], [ -97.049650587279658, 32.994378614530881 ], [ -97.049638695310463, 32.993482620146182 ], [ -97.049626803610707, 32.992586624534766 ], [ -97.050703421872669, 32.99257672291904 ], [ -97.05069151824712, 32.991680726179482 ], [ -97.051768124044145, 32.991670814511664 ], [ -97.051756208493345, 32.990774816643771 ], [ -97.051744293212522, 32.989878817548579 ], [ -97.051732378201649, 32.98898281722601 ], [ -97.052808947144712, 32.98897289570403 ], [ -97.052820874349962, 32.989868895927849 ] ] ] } },
{ "type": "Feature", "properties": { "id": "48_73", "growth_scenario": "high", "market_gravity_weight": 75 }, "geometry": { "type": "Polygon", "coordinates": [ [ [ -96.965174552572321, 33.042615128772383 ], [ -96.966251862470401, 33.042606024086155 ], [ -96.966262816539583, 33.043501959902585 ], [ -96.966273770857114, 33.044397894502787 ], [ -96.965196436535919, 33.0444069993707 ], [ -96.965207378889858, 33.045302932845644 ], [ -96.964130032108599, 33.04531202764754 ], [ -96.963052685079518, 33.045321112292555 ], [ -96.963041767149534, 33.04442517863616 ], [ -96.963030849467103, 33.043529243763707 ], [ -96.961953526614181, 33.043538318070645 ], [ -96.961942621390719, 33.042642381891419 ], [ -96.963019932032196, 33.042633307674976 ], [ -96.964097242426149, 33.042624223301971 ], [ -96.964086313027607, 33.041728286087498 ], [ -96.965163610962634, 33.041719191648646 ], [ -96.965174552572321, 33.042615128772383 ] ] ] } },
{ "type": "Feature", "properties": { "id": "48_74", "growth_scenario": "high", "market_gravity_weight": 75 }, "geometry": { "type": "Polygon", "coordinates": [ [ [ -97.053885515817527, 32.988962964031707 ], [ -97.054962084219852, 32.988953022209074 ], [ -97.05603865235139, 32.988943070236061 ], [ -97.056050616139757, 32.989839070162837 ], [ -97.054974035813856, 32.989849022234935 ], [ -97.053897455217168, 32.989858964156625 ], [ -97.052820874349962, 32.989868895927849 ], [ -97.052808947144712, 32.98897289570403 ], [ -97.051732378201649, 32.98898281722601 ], [ -97.051744293212522, 32.989878817548579 ], [ -97.050667711805119, 32.989888729018908 ], [ -97.050655808988637, 32.988992728597594 ], [ -97.050643906441849, 32.98809672694869 ], [ -97.050632004164726, 32.987200724071982 ], [ -97.051708548989765, 32.987190812897843 ], [ -97.05278509354487, 32.987180891573523 ], [ -97.053861637829769, 32.98717096009905 ], [ -97.053873576688389, 32.988066962679284 ], [ -97.053885515817527, 32.988962964031707 ] ] ] } },
{ "type": "Feature", "properties": { "id": "48_75", "growth_scenario": "high", "market_gravity_weight": 75 }, "geometry": { "type": "Polygon", "coordinates": [ [ [ -97.05594295180174, 32.981775026612802 ], [ -97.057019422117364, 32.981765065283085 ], [ -97.057031395929684, 32.98266107493663 ], [ -97.055954913421928, 32.982671036365588 ], [ -97.055966875313075, 32.983567044889462 ], [ -97.054890380341888, 32.983576996267821 ], [ -97.05490233031135, 32.984473003662053 ], [ -97.053825822876732, 32.984482944989679 ], [ -97.053813885099999, 32.983586937496447 ], [ -97.052737389587634, 32.983596868575326 ], [ -97.052725464273792, 32.982700859754502 ], [ -97.051648980683709, 32.982710780584839 ], [ -97.051637067832203, 32.981814770436344 ], [ -97.052713539230098, 32.981804849704773 ], [ -97.053790010357844, 32.981794918823653 ], [ -97.054866481215143, 32.981784977793033 ], [ -97.054854532057831, 32.980888966712023 ], [ -97.055930990452552, 32.980879015630947 ], [ -97.05594295180174, 32.981775026612802 ] ] ] } },
{ "type": "Feature", "properties": { "id": "48_76", "growth_scenario": "high", "market_gravity_weight": 75 }, "geometry": { "type": "Polygon", "coordinates": [ [ [ -97.043711603070534, 32.952314883155559 ], [ -97.04478767416262, 32.952305036705091 ], [ -97.044799505014382, 32.953201088099412 ], [ -97.045875588021687, 32.95319123140456 ], [ -97.045887431324772, 32.954087281465938 ], [ -97.046963526247254, 32.954077414526687 ], [ -97.046975382002216, 32.954973463255136 ], [ -97.045899274896072, 32.954983330292592 ], [ -97.044823167521685, 32.954993187183447 ], [ -97.043747059879337, 32.955003033927767 ], [ -97.042670951969328, 32.955012870525564 ], [ -97.042659144949099, 32.954116821405108 ], [ -97.042647338196261, 32.953220771049921 ], [ -97.042635531710786, 32.952324719459845 ], [ -97.042623725492689, 32.951428666634698 ], [ -97.043699784669556, 32.951418830428253 ], [ -97.043711603070534, 32.952314883155559 ] ] ] } },
{ "type": "Feature", "properties": { "id": "48_77", "growth_scenario": "high", "market_gravity_weight": 75 }, "geometry": { "type": "Polygon", "coordinates": [ [ [ -97.0581438378088, 32.985339124648284 ], [ -97.058155824899472, 32.986235129288033 ], [ -97.05707929389169, 32.986245101263791 ], [ -97.056002762612593, 32.986255063089502 ], [ -97.054926231062481, 32.986265014765181 ], [ -97.054914280551543, 32.985369009827799 ], [ -97.05383776092394, 32.985378951254447 ], [ -97.053825822876732, 32.984482944989679 ], [ -97.05490233031135, 32.984473003662053 ], [ -97.054890380341888, 32.983576996267821 ], [ -97.055966875313075, 32.983567044889462 ], [ -97.057043370013261, 32.983557083361347 ], [ -97.058119864442148, 32.9835471116835 ], [ -97.058131850989696, 32.984443118780163 ], [ -97.0581438378088, 32.985339124648284 ] ] ] } },
{ "type": "Feature", "properties": { "id": "48_78", "growth_scenario": "high", "market_gravity_weight": 75 }, "geometry": { "type": "Polygon", "coordinates": [ [ [ -97.058191787801036, 32.988923135839002 ], [ -97.05711522021187, 32.988933108112725 ], [ -97.0571271961946, 32.989829107940238 ], [ -97.057139172448643, 32.990725106540289 ], [ -97.056062580199182, 32.99073506886208 ], [ -97.054985987678648, 32.99074502103332 ], [ -97.054997939814228, 32.991641018604497 ], [ -97.05392133482799, 32.991650960724193 ], [ -97.053909394887299, 32.990754963054023 ], [ -97.053897455217168, 32.989858964156625 ], [ -97.054974035813856, 32.989849022234935 ], [ -97.056050616139757, 32.989839070162837 ], [ -97.05603865235139, 32.988943070236061 ], [ -97.054962084219852, 32.988953022209074 ], [ -97.054950132896622, 32.988057020955665 ], [ -97.056026688834081, 32.988047069081738 ], [ -97.056014725587829, 32.987151066699617 ], [ -97.057091269060436, 32.987141104774722 ], [ -97.058167812261729, 32.987131132699666 ], [ -97.058179799895584, 32.988027134883218 ], [ -97.058191787801036, 32.988923135839002 ] ] ] } },
{ "type": "Feature", "properties": { "id": "48_79", "growth_scenario": "high", "market_gravity_weight": 75 }, "geometry": { "type": "Polygon", "coordinates": [ [ [ -97.045828217491334, 32.949607018808209 ], [ -97.045840059721641, 32.950503073810324 ], [ -97.046916105912217, 32.950493207263591 ], [ -97.04692796059328, 32.951389260932132 ], [ -97.045851902220136, 32.951399127576984 ], [ -97.044775843578805, 32.95140898407567 ], [ -97.04478767416262, 32.952305036705091 ], [ -97.043711603070534, 32.952314883155559 ], [ -97.043699784669556, 32.951418830428253 ], [ -97.042623725492689, 32.951428666634698 ], [ -97.04261191954194, 32.950532612574264 ], [ -97.042600113858541, 32.949636557278396 ], [ -97.042588308442504, 32.948740500746879 ], [ -97.043664331072435, 32.94873066483391 ], [ -97.044740353434761, 32.948720818775094 ], [ -97.044752183214882, 32.949616875110863 ], [ -97.045828217491334, 32.949607018808209 ] ] ] } },
{ "type": "Feature", "properties": { "id": "48_8", "growth_scenario": "high", "market_gravity_weight": 75 }, "geometry": { "type": "Polygon", "coordinates": [ [ [ -98.719334463638504, 29.425191761348653 ], [ -98.720364400725018, 29.425165940257983 ], [ -98.720393891463146, 29.426067897507618 ], [ -98.71936394322357, 29.426093718822912 ], [ -98.719393423447627, 29.426995674360054 ], [ -98.71942290431069, 29.427897627960274 ], [ -98.720452874857145, 29.427871806195689 ], [ -98.720482367513043, 29.428773757634559 ], [ -98.719452385812801, 29.42879957962375 ], [ -98.718422403473483, 29.42882539183589 ], [ -98.718392933125202, 29.427923439947861 ], [ -98.718363463415713, 29.427021486123106 ], [ -98.717333502745035, 29.427047288109296 ], [ -98.717304044827671, 29.426145332123152 ], [ -98.716274094671846, 29.42617112410807 ], [ -98.716244648546123, 29.425269165960508 ], [ -98.717274587548829, 29.425243374199965 ], [ -98.718304525913041, 29.425217572662689 ], [ -98.718275058119801, 29.424315613026671 ], [ -98.719304984692428, 29.424289801937171 ], [ -98.719334463638504, 29.425191761348653 ] ] ] } },
{ "type": "Feature", "properties": { "id": "48_80", "growth_scenario": "high", "market_gravity_weight": 75 }, "geometry": { "type": "Polygon", "coordinates": [ [ [ -97.049103835433272, 32.953161600442236 ], [ -97.048027753231409, 32.953171487576022 ], [ -97.048039620901264, 32.954067537440977 ], [ -97.046963526247254, 32.954077414526687 ], [ -97.045887431324772, 32.954087281465938 ], [ -97.045875588021687, 32.95319123140456 ], [ -97.044799505014382, 32.953201088099412 ], [ -97.04478767416262, 32.952305036705091 ], [ -97.044775843578805, 32.95140898407567 ], [ -97.045851902220136, 32.951399127576984 ], [ -97.04692796059328, 32.951389260932132 ], [ -97.048004018697966, 32.95137938414112 ], [ -97.049080076533897, 32.951369497204034 ], [ -97.049091955849065, 32.952265549440646 ], [ -97.049103835433272, 32.953161600442236 ] ] ] } },
{ "type": "Feature", "properties": { "id": "48_81", "growth_scenario": "high", "market_gravity_weight": 75 }, "geometry": { "type": "Polygon", "coordinates": [ [ [ -98.702230896259323, 29.469848708163003 ], [ -98.702260206207526, 29.470750574960022 ], [ -98.701229699052519, 29.470776221454333 ], [ -98.701258998470834, 29.471678086546341 ], [ -98.700228479514848, 29.471703723482964 ], [ -98.699197959923637, 29.471729350638473 ], [ -98.699168682836472, 29.470827485099743 ], [ -98.699139406384248, 29.469925617632537 ], [ -98.699110130566936, 29.469023748236776 ], [ -98.700140616662097, 29.468998121751284 ], [ -98.700111330314812, 29.468096250649999 ], [ -98.701141804609975, 29.468070614606933 ], [ -98.702172278269799, 29.468044968783012 ], [ -98.702201586946757, 29.468946839437422 ], [ -98.702230896259323, 29.469848708163003 ] ] ] } },
{ "type": "Feature", "properties": { "id": "48_82", "growth_scenario": "high", "market_gravity_weight": 75 }, "geometry": { "type": "Polygon", "coordinates": [ [ [ -97.058095892161731, 32.98175509380377 ], [ -97.059172361934557, 32.981745112175005 ], [ -97.060248831435558, 32.981735120396685 ], [ -97.060260841824245, 32.982631129752079 ], [ -97.059184360131113, 32.982641121629911 ], [ -97.059196358599507, 32.983537129855918 ], [ -97.060272852485028, 32.983527137878589 ], [ -97.060284863417905, 32.984423144776343 ], [ -97.059208357339728, 32.98443313685317 ], [ -97.059220356351773, 32.985329142621914 ], [ -97.0581438378088, 32.985339124648284 ], [ -97.058131850989696, 32.984443118780163 ], [ -97.058119864442148, 32.9835471116835 ], [ -97.057043370013261, 32.983557083361347 ], [ -97.055966875313075, 32.983567044889462 ], [ -97.055954913421928, 32.982671036365588 ], [ -97.057031395929684, 32.98266107493663 ], [ -97.057019422117364, 32.981765065283085 ], [ -97.057007448576314, 32.980869054400394 ], [ -97.05808390642882, 32.98085908302042 ], [ -97.058095892161731, 32.98175509380377 ] ] ] } },
{ "type": "Feature", "properties": { "id": "48_83", "growth_scenario": "high", "market_gravity_weight": 75 }, "geometry": { "type": "Polygon", "coordinates": [ [ [ -97.045792692409378, 32.94691884638727 ], [ -97.045804533835209, 32.947814905096834 ], [ -97.046880543479745, 32.947805038844486 ], [ -97.046892397355464, 32.948701096219963 ], [ -97.045816375529185, 32.948710962570445 ], [ -97.045828217491334, 32.949607018808209 ], [ -97.044752183214882, 32.949616875110863 ], [ -97.044740353434761, 32.948720818775094 ], [ -97.043664331072435, 32.94873066483391 ], [ -97.042588308442504, 32.948740500746879 ], [ -97.042576503293787, 32.947844442979537 ], [ -97.042564698412392, 32.946948383976206 ], [ -97.04255289379833, 32.946052323736673 ], [ -97.043628879883784, 32.946042488117158 ], [ -97.044704865701661, 32.946032642352044 ], [ -97.044716694678158, 32.946928702395908 ], [ -97.045792692409378, 32.94691884638727 ] ] ] } },
{ "type": "Feature", "properties": { "id": "48_84", "growth_scenario": "high", "market_gravity_weight": 75 }, "geometry": { "type": "Polygon", "coordinates": [ [ [ -97.047968418913314, 32.948691219723671 ], [ -97.049044440202437, 32.948681333081531 ], [ -97.049056318710583, 32.949577389024611 ], [ -97.050132351912708, 32.949567492138236 ], [ -97.050144242872136, 32.950463546747244 ], [ -97.049068197487742, 32.950473443732058 ], [ -97.049080076533897, 32.951369497204034 ], [ -97.048004018697966, 32.95137938414112 ], [ -97.04692796059328, 32.951389260932132 ], [ -97.046916105912217, 32.950493207263591 ], [ -97.045840059721641, 32.950503073810324 ], [ -97.045828217491334, 32.949607018808209 ], [ -97.045816375529185, 32.948710962570445 ], [ -97.046892397355464, 32.948701096219963 ], [ -97.046880543479745, 32.947805038844486 ], [ -97.047956552855865, 32.94779516244639 ], [ -97.047968418913314, 32.948691219723671 ] ] ] } },
{ "type": "Feature", "properties": { "id": "48_85", "growth_scenario": "high", "market_gravity_weight": 75 }, "geometry": { "type": "Polygon", "coordinates": [ [ [ -97.043593431103375, 32.943354300273015 ], [ -97.044669380379304, 32.943344454801625 ], [ -97.044681208552248, 32.944240518555148 ], [ -97.04575716974071, 32.944230662840539 ], [ -97.045769010362136, 32.945126725259279 ], [ -97.045780851251692, 32.946022786441468 ], [ -97.045792692409378, 32.94691884638727 ], [ -97.044716694678158, 32.946928702395908 ], [ -97.044704865701661, 32.946032642352044 ], [ -97.043628879883784, 32.946042488117158 ], [ -97.04255289379833, 32.946052323736673 ], [ -97.042541089451547, 32.945156262260788 ], [ -97.042529285372083, 32.944260199548346 ], [ -97.042517481559898, 32.943364135599197 ], [ -97.04250567801499, 32.942468070413142 ], [ -97.043581615378358, 32.942458235184716 ], [ -97.043593431103375, 32.943354300273015 ] ] ] } },
{ "type": "Feature", "properties": { "id": "48_86", "growth_scenario": "high", "market_gravity_weight": 75 }, "geometry": { "type": "Polygon", "coordinates": [ [ [ -98.719043155153841, 29.479357426882054 ], [ -98.719072650780092, 29.480259268886552 ], [ -98.719102147046087, 29.481161108964354 ], [ -98.719131643951854, 29.482062947115633 ], [ -98.718101001829766, 29.482088753030101 ], [ -98.71807151609211, 29.481186914653833 ], [ -98.717040884498587, 29.481212710561348 ], [ -98.717011410568361, 29.480310870033669 ], [ -98.71698193727741, 29.479409027579379 ], [ -98.715951327380196, 29.479434813255263 ], [ -98.715921865895922, 29.478532968649322 ], [ -98.716952464625706, 29.478507183198161 ], [ -98.716922992613235, 29.477605336889955 ], [ -98.717953579536612, 29.477579541881916 ], [ -98.718984165820544, 29.477553737092204 ], [ -98.719013660167334, 29.478455582950652 ], [ -98.719043155153841, 29.479357426882054 ] ] ] } },
{ "type": "Feature", "properties": { "id": "48_87", "growth_scenario": "high", "market_gravity_weight": 75 }, "geometry": { "type": "Polygon", "coordinates": [ [ [ -97.046844983463117, 32.945116859301244 ], [ -97.047920956295698, 32.945106983197753 ], [ -97.047932821547064, 32.946003044183612 ], [ -97.049008806291866, 32.945993157836412 ], [ -97.049020683993078, 32.946889217487602 ], [ -97.049032561963273, 32.947785275902575 ], [ -97.049044440202437, 32.948681333081531 ], [ -97.047968418913314, 32.948691219723671 ], [ -97.047956552855865, 32.94779516244639 ], [ -97.046880543479745, 32.947805038844486 ], [ -97.045804533835209, 32.947814905096834 ], [ -97.045792692409378, 32.94691884638727 ], [ -97.045780851251692, 32.946022786441468 ], [ -97.045769010362136, 32.945126725259279 ], [ -97.04575716974071, 32.944230662840539 ], [ -97.046833130661057, 32.944220796980602 ], [ -97.046844983463117, 32.945116859301244 ] ] ] } },
{ "type": "Feature", "properties": { "id": "48_88", "growth_scenario": "high", "market_gravity_weight": 75 }, "geometry": { "type": "Polygon", "coordinates": [ [ [ -97.051196481973449, 32.948661529359782 ], [ -97.052272502454784, 32.94865161228018 ], [ -97.052284417508872, 32.949547667927703 ], [ -97.053360449902357, 32.949537740603589 ], [ -97.053372377408493, 32.950433794916663 ], [ -97.052296332832782, 32.95044372233955 ], [ -97.052308248426527, 32.951339775515883 ], [ -97.051232191398455, 32.951349692891412 ], [ -97.051244095079255, 32.952245744931098 ], [ -97.050168025598808, 32.952255652258984 ], [ -97.050156134100817, 32.951359600120774 ], [ -97.049080076533897, 32.951369497204034 ], [ -97.049068197487742, 32.950473443732058 ], [ -97.050144242872136, 32.950463546747244 ], [ -97.050132351912708, 32.949567492138236 ], [ -97.050120461222576, 32.948671436293566 ], [ -97.050108570801697, 32.947775379213056 ], [ -97.051184579370883, 32.94776547237776 ], [ -97.051196481973449, 32.948661529359782 ] ] ] } },
{ "type": "Feature", "properties": { "id": "48_89", "growth_scenario": "high", "market_gravity_weight": 75 }, "geometry": { "type": "Polygon", "coordinates": [ [ [ -97.043593431103375, 32.943354300273015 ], [ -97.043581615378358, 32.942458235184716 ], [ -97.044657552474177, 32.942448389811254 ], [ -97.045733489302179, 32.94243853429262 ], [ -97.046809425862079, 32.942428668628857 ], [ -97.047885362153622, 32.942418792819957 ], [ -97.048961298176494, 32.942408906865985 ], [ -97.04897317480193, 32.943304971463832 ], [ -97.048985051696292, 32.944201034824744 ], [ -97.047909091313002, 32.944210920975323 ], [ -97.047920956295698, 32.945106983197753 ], [ -97.046844983463117, 32.945116859301244 ], [ -97.046833130661057, 32.944220796980602 ], [ -97.04575716974071, 32.944230662840539 ], [ -97.044681208552248, 32.944240518555148 ], [ -97.044669380379304, 32.943344454801625 ], [ -97.043593431103375, 32.943354300273015 ] ] ] } },
{ "type": "Feature", "properties": { "id": "48_9", "growth_scenario": "high", "market_gravity_weight": 75 }, "geometry": { "type": "Polygon", "coordinates": [ [ [ -98.7202759323458, 29.422460056884752 ], [ -98.720305421166358, 29.423362019946754 ], [ -98.721335335308268, 29.423336189528744 ], [ -98.721364835920554, 29.424238150428423 ], [ -98.721394337172299, 29.425140109390593 ], [ -98.720364400725018, 29.425165940257983 ], [ -98.719334463638504, 29.425191761348653 ], [ -98.719304984692428, 29.424289801937171 ], [ -98.718275058119801, 29.424315613026671 ], [ -98.717245130908481, 29.424341414339494 ], [ -98.717215674906583, 29.423439452541583 ], [ -98.717186219543152, 29.422537488806125 ], [ -98.718216124449455, 29.422511687942155 ], [ -98.719246028717095, 29.422485877301664 ], [ -98.719216551687794, 29.421583912077338 ], [ -98.720246444164388, 29.421558091885014 ], [ -98.7202759323458, 29.422460056884752 ] ] ] } },
{ "type": "Feature", "properties": { "id": "48_90", "growth_scenario": "high", "market_gravity_weight": 75 }, "geometry": { "type": "Polygon", "coordinates": [ [ [ -97.052236758911391, 32.945963437921741 ], [ -97.052248673156058, 32.94685949727738 ], [ -97.052260587670517, 32.947755555396782 ], [ -97.051184579370883, 32.94776547237776 ], [ -97.050108570801697, 32.947775379213056 ], [ -97.050120461222576, 32.948671436293566 ], [ -97.050132351912708, 32.949567492138236 ], [ -97.049056318710583, 32.949577389024611 ], [ -97.049044440202437, 32.948681333081531 ], [ -97.049032561963273, 32.947785275902575 ], [ -97.049020683993078, 32.946889217487602 ], [ -97.049008806291866, 32.945993157836412 ], [ -97.048996928859609, 32.945097096948885 ], [ -97.050072901154564, 32.945087200554568 ], [ -97.051148873180281, 32.945077294014872 ], [ -97.051160774974292, 32.94597335470548 ], [ -97.052236758911391, 32.945963437921741 ] ] ] } },
{ "type": "Feature", "properties": { "id": "48_91", "growth_scenario": "high", "market_gravity_weight": 75 }, "geometry": { "type": "Polygon", "coordinates": [ [ [ -98.699197959923637, 29.471729350638473 ], [ -98.700228479514848, 29.471703723482964 ], [ -98.701258998470834, 29.471678086546341 ], [ -98.701288298524588, 29.472579949710092 ], [ -98.700257768402793, 29.472605586870174 ], [ -98.700287057925962, 29.473507448329219 ], [ -98.699256516002862, 29.473533075931371 ], [ -98.69928579499495, 29.474434935685899 ], [ -98.698255241270516, 29.474460553729966 ], [ -98.698225973444764, 29.473558693752171 ], [ -98.698196706253754, 29.472656831846525 ], [ -98.6981674396975, 29.471754968012785 ], [ -98.697136918836634, 29.471780575605884 ], [ -98.697107664080704, 29.470878709620774 ], [ -98.697078409959232, 29.469976841707226 ], [ -98.698108908489075, 29.469951234560387 ], [ -98.699139406384248, 29.469925617632537 ], [ -98.699168682836472, 29.470827485099743 ], [ -98.699197959923637, 29.471729350638473 ] ] ] } },
{ "type": "Feature", "properties": { "id": "48_92", "growth_scenario": "high", "market_gravity_weight": 75 }, "geometry": { "type": "Polygon", "coordinates": [ [ [ -98.715951327380196, 29.479434813255263 ], [ -98.71698193727741, 29.479409027579379 ], [ -98.717011410568361, 29.480310870033669 ], [ -98.717040884498587, 29.481212710561348 ], [ -98.717070359068117, 29.482114549162457 ], [ -98.716039715667151, 29.4821403355127 ], [ -98.715009071627094, 29.482166112080936 ], [ -98.713978426948231, 29.48219187886707 ], [ -98.713948985883249, 29.481290039591784 ], [ -98.713919545456818, 29.480388198390063 ], [ -98.713890105668966, 29.479486355261656 ], [ -98.714920716843949, 29.479460589149404 ], [ -98.714891266527147, 29.478558744318754 ], [ -98.715921865895922, 29.478532968649322 ], [ -98.715951327380196, 29.479434813255263 ] ] ] } },
{ "type": "Feature", "properties": { "id": "48_93", "growth_scenario": "high", "market_gravity_weight": 75 }, "geometry": { "type": "Polygon", "coordinates": [ [ [ -97.045674292897388, 32.937958191270134 ], [ -97.045686131642213, 32.938854262349913 ], [ -97.045697970655084, 32.939750332191927 ], [ -97.044622070365719, 32.939760187416617 ], [ -97.044633897467392, 32.940656256118899 ], [ -97.043557984730953, 32.9406661012966 ], [ -97.042482071726965, 32.940675936329434 ], [ -97.042470268983848, 32.939779867431497 ], [ -97.042458466507966, 32.938883797295908 ], [ -97.042446664299305, 32.937987725922454 ], [ -97.042434862357894, 32.937091653311001 ], [ -97.043510726646375, 32.937081818669256 ], [ -97.044586590667379, 32.937071973883022 ], [ -97.044598416965712, 32.937968046298863 ], [ -97.045674292897388, 32.937958191270134 ] ] ] } },
{ "type": "Feature", "properties": { "id": "48_94", "growth_scenario": "high", "market_gravity_weight": 75 }, "geometry": { "type": "Polygon", "coordinates": [ [ [ -97.052201017796079, 32.943275252435647 ], [ -97.052212931231409, 32.944171315501038 ], [ -97.052224844936504, 32.945067377329686 ], [ -97.051148873180281, 32.945077294014872 ], [ -97.050072901154564, 32.945087200554568 ], [ -97.048996928859609, 32.945097096948885 ], [ -97.049008806291866, 32.945993157836412 ], [ -97.047932821547064, 32.946003044183612 ], [ -97.047920956295698, 32.945106983197753 ], [ -97.047909091313002, 32.944210920975323 ], [ -97.048985051696292, 32.944201034824744 ], [ -97.04897317480193, 32.943304971463832 ], [ -97.048961298176494, 32.942408906865985 ], [ -97.050037233930453, 32.94239901076687 ], [ -97.051113169415231, 32.942389104522611 ], [ -97.051125070400758, 32.943285168923587 ], [ -97.052201017796079, 32.943275252435647 ] ] ] } },
{ "type": "Feature", "properties": { "id": "48_95", "growth_scenario": "high", "market_gravity_weight": 75 }, "geometry": { "type": "Polygon", "coordinates": [ [ [ -98.782521409230938, 29.434421979298062 ], [ -98.781491377086695, 29.434448389734218 ], [ -98.781521533662371, 29.435350310340738 ], [ -98.780491489709675, 29.435376711229384 ], [ -98.780521635784098, 29.436278630130001 ], [ -98.779491580022935, 29.436305021470954 ], [ -98.779461445103522, 29.435403102340661 ], [ -98.779431310837339, 29.434501181274818 ], [ -98.7794011772244, 29.433599258273134 ], [ -98.778371154274296, 29.433625639147905 ], [ -98.778341032468845, 29.432723713980781 ], [ -98.77937104426465, 29.43269733333555 ], [ -98.780401055407282, 29.432670942913205 ], [ -98.781431065896484, 29.43264454271371 ], [ -98.782461075732016, 29.432618132737151 ], [ -98.782491242154506, 29.433520056985579 ], [ -98.782521409230938, 29.434421979298062 ] ] ] } },
{ "type": "Feature", "properties": { "id": "48_96", "growth_scenario": "high", "market_gravity_weight": 75 }, "geometry": { "type": "Polygon", "coordinates": [ [ [ -97.054412603460122, 32.947735690997696 ], [ -97.055488610949524, 32.947725743579589 ], [ -97.055500562278809, 32.948621800166542 ], [ -97.054424542607734, 32.948631747683542 ], [ -97.054436482025736, 32.949527803133499 ], [ -97.053360449902357, 32.949537740603589 ], [ -97.052284417508872, 32.949547667927703 ], [ -97.052272502454784, 32.94865161228018 ], [ -97.051196481973449, 32.948661529359782 ], [ -97.051184579370883, 32.94776547237776 ], [ -97.052260587670517, 32.947755555396782 ], [ -97.052248673156058, 32.94685949727738 ], [ -97.052236758911391, 32.945963437921741 ], [ -97.053312742578697, 32.945953510992453 ], [ -97.05438872597594, 32.94594357391771 ], [ -97.054400664582857, 32.94683963307584 ], [ -97.054412603460122, 32.947735690997696 ] ] ] } },
{ "type": "Feature", "properties": { "id": "48_97", "growth_scenario": "high", "market_gravity_weight": 75 }, "geometry": { "type": "Polygon", "coordinates": [ [ [ -98.779220389263216, 29.428187679602434 ], [ -98.780250344638105, 29.428161290328017 ], [ -98.780280485485221, 29.429063224718337 ], [ -98.781310451359829, 29.429036825437652 ], [ -98.781340604013579, 29.429938757661461 ], [ -98.781370757320914, 29.430840687948624 ], [ -98.781400911281878, 29.431742616299324 ], [ -98.780370911946676, 29.431769016269108 ], [ -98.780340769139485, 29.430867087688682 ], [ -98.779310780304684, 29.430893477651843 ], [ -98.778280790816737, 29.430919857838028 ], [ -98.778250670970039, 29.43001792686206 ], [ -98.778220551776215, 29.429115993949459 ], [ -98.778190433235252, 29.428214059100068 ], [ -98.778160315347108, 29.427312122313722 ], [ -98.779190260222236, 29.427285743045559 ], [ -98.779220389263216, 29.428187679602434 ] ] ] } },
{ "type": "Feature", "properties": { "id": "48_98", "growth_scenario": "high", "market_gravity_weight": 75 }, "geometry": { "type": "Polygon", "coordinates": [ [ [ -98.782551576961311, 29.435323899674724 ], [ -98.783581619606281, 29.435297479231359 ], [ -98.783611799145561, 29.43619939744249 ], [ -98.784641852291244, 29.436172966991819 ], [ -98.784672043639901, 29.437074883037493 ], [ -98.783641979339066, 29.437101313718177 ], [ -98.782611914383978, 29.437127734621363 ], [ -98.782642084076329, 29.438029649191659 ], [ -98.781612007311793, 29.438056060547186 ], [ -98.781581848774891, 29.437154145747062 ], [ -98.780551782512021, 29.437180547095195 ], [ -98.779521715595621, 29.43720693866582 ], [ -98.779491580022935, 29.436305021470954 ], [ -98.780521635784098, 29.436278630130001 ], [ -98.780491489709675, 29.435376711229384 ], [ -98.781521533662371, 29.435350310340738 ], [ -98.781491377086695, 29.434448389734218 ], [ -98.782521409230938, 29.434421979298062 ], [ -98.782551576961311, 29.435323899674724 ] ] ] } },
{ "type": "Feature", "properties": { "id": "48_99", "growth_scenario": "high", "market_gravity_weight": 75 }, "geometry": { "type": "Polygon", "coordinates": [ [ [ -97.065884730627744, 33.000500937414635 ], [ -97.065896807721828, 33.00139692050189 ], [ -97.065908885089598, 33.002292902364111 ], [ -97.064832136464346, 33.002302947190984 ], [ -97.063755387565678, 33.002312981866055 ], [ -97.062678638393891, 33.002323006389268 ], [ -97.062666597620606, 33.001427024227105 ], [ -97.06265455712014, 33.000531040839938 ], [ -97.062642516892524, 32.999635056227454 ], [ -97.063719229470649, 32.99962503200382 ], [ -97.064795941775671, 32.99961499762874 ], [ -97.065872653807318, 32.999604953102121 ], [ -97.066949365565307, 32.999594898423943 ], [ -97.066961454583321, 33.000490882636292 ], [ -97.065884730627744, 33.000500937414635 ] ] ] } },
{ "type": "Feature", "properties": { "id": "49_0", "growth_scenario": "high", "market_gravity_weight": 75 }, "geometry": { "type": "Polygon", "coordinates": [ [ [ -111.907578227484962, 40.357790437633184 ], [ -111.9077761010182, 40.358670619840581 ], [ -111.907973979428107, 40.359550802203827 ], [ -111.906802911721243, 40.359699525686437 ], [ -111.90563183913784, 40.359848238336063 ], [ -111.904460761678237, 40.359996940152634 ], [ -111.903289679342748, 40.360145631136085 ], [ -111.903091857008221, 40.359265441128166 ], [ -111.902894039549054, 40.358385251276509 ], [ -111.90406509384664, 40.358236564114925 ], [ -111.903867267244209, 40.357356376330074 ], [ -111.905038302647981, 40.357207680246567 ], [ -111.906209333176093, 40.357058973330354 ], [ -111.906407187814906, 40.357939157293188 ], [ -111.907578227484962, 40.357790437633184 ] ] ] } },
{ "type": "Feature", "properties": { "id": "49_1", "growth_scenario": "high", "market_gravity_weight": 75 }, "geometry": { "type": "Polygon", "coordinates": [ [ [ -111.958583955616689, 40.370315020242003 ], [ -111.959755089381474, 40.370165816237694 ], [ -111.959953640236677, 40.371045923221949 ], [ -111.9601521959856, 40.371926030363191 ], [ -111.960350756628486, 40.372806137661634 ], [ -111.960549322165477, 40.373686245117518 ], [ -111.959378132327728, 40.373835456795007 ], [ -111.958206937596032, 40.373984657639532 ], [ -111.958008400096659, 40.373104546346916 ], [ -111.956837214490392, 40.373253734440212 ], [ -111.956638695903237, 40.372373621387084 ], [ -111.957809867490752, 40.372224435211919 ], [ -111.95761133977814, 40.371344324234244 ], [ -111.957412816958623, 40.370464213413811 ], [ -111.957214299032046, 40.369584102750217 ], [ -111.958385423672496, 40.36943491149637 ], [ -111.958583955616689, 40.370315020242003 ] ] ] } },
{ "type": "Feature", "properties": { "id": "49_10", "growth_scenario": "high", "market_gravity_weight": 75 }, "geometry": { "type": "Polygon", "coordinates": [ [ [ -111.913252034200752, 40.361596325030227 ], [ -111.913449988196845, 40.362476500371265 ], [ -111.914621087590206, 40.36232771507602 ], [ -111.91481906048449, 40.363207888661279 ], [ -111.915017038258128, 40.364088062403326 ], [ -111.913845910825842, 40.364236851523479 ], [ -111.914043879459086, 40.365117027335152 ], [ -111.912872733127429, 40.365265807534307 ], [ -111.912674778514329, 40.364385629810243 ], [ -111.911503641323918, 40.364534397263505 ], [ -111.911305705609706, 40.363654217784401 ], [ -111.911107774773882, 40.36277403846227 ], [ -111.910909848816289, 40.361893859296998 ], [ -111.9120809439477, 40.361745097580162 ], [ -111.911883008849117, 40.360864920483486 ], [ -111.913054085083317, 40.360716149845622 ], [ -111.913252034200752, 40.361596325030227 ] ] ] } },
{ "type": "Feature", "properties": { "id": "49_11", "growth_scenario": "high", "market_gravity_weight": 75 }, "geometry": { "type": "Polygon", "coordinates": [ [ [ -111.918875295825288, 40.349112522582516 ], [ -111.920046164838794, 40.348963688233994 ], [ -111.920244167538954, 40.349843846265365 ], [ -111.920442175118239, 40.350724004449837 ], [ -111.920640187576865, 40.351604162787609 ], [ -111.919469276521852, 40.351753002872577 ], [ -111.919667279845498, 40.35263316327633 ], [ -111.918496349896643, 40.352781994442196 ], [ -111.91829836058767, 40.351901832126245 ], [ -111.917127439774632, 40.352050650548605 ], [ -111.916929469359033, 40.351170486474416 ], [ -111.916731503821765, 40.350290322553853 ], [ -111.917902396606095, 40.350141507955414 ], [ -111.917704421933138, 40.3492613461001 ], [ -111.917506452138497, 40.348381184397823 ], [ -111.918677312017294, 40.348232362792132 ], [ -111.918875295825288, 40.349112522582516 ] ] ] } },
{ "type": "Feature", "properties": { "id": "49_12", "growth_scenario": "high", "market_gravity_weight": 75 }, "geometry": { "type": "Polygon", "coordinates": [ [ [ -111.875972233342878, 40.367231909540813 ], [ -111.876169743505727, 40.368112146169189 ], [ -111.87499846925634, 40.368260575842285 ], [ -111.873827190138655, 40.368408994679882 ], [ -111.872655906152971, 40.368557402681766 ], [ -111.871484617299643, 40.368705799848001 ], [ -111.870313323578969, 40.368854186178453 ], [ -111.870115883543903, 40.367973940009975 ], [ -111.871287163238662, 40.367825555587295 ], [ -111.872458438066261, 40.367677160328959 ], [ -111.872260974847023, 40.366796918135762 ], [ -111.873432230781916, 40.366648513949805 ], [ -111.87323475840509, 40.365768273823839 ], [ -111.874405995447631, 40.365619860710538 ], [ -111.875577227622387, 40.365471436761972 ], [ -111.875774728048498, 40.366351673071811 ], [ -111.875972233342878, 40.367231909540813 ] ] ] } },
{ "type": "Feature", "properties": { "id": "49_13", "growth_scenario": "high", "market_gravity_weight": 75 }, "geometry": { "type": "Polygon", "coordinates": [ [ [ -111.875590986879843, 40.370901292411141 ], [ -111.875788502491787, 40.371781531587828 ], [ -111.874617167269321, 40.371929958058821 ], [ -111.874814673723293, 40.372810199304595 ], [ -111.873643319604966, 40.372958616847875 ], [ -111.872471960618071, 40.373107023554844 ], [ -111.872274482218657, 40.37222677849234 ], [ -111.87207700868727, 40.371346533590561 ], [ -111.87187954002377, 40.370466288849435 ], [ -111.873050856929538, 40.370317887867159 ], [ -111.87285337910734, 40.369437645194459 ], [ -111.874024677118896, 40.369289235284413 ], [ -111.875195970262297, 40.36914081453866 ], [ -111.875393476136736, 40.370021053394829 ], [ -111.875590986879843, 40.370901292411141 ] ] ] } },
{ "type": "Feature", "properties": { "id": "49_14", "growth_scenario": "high", "market_gravity_weight": 75 }, "geometry": { "type": "Polygon", "coordinates": [ [ [ -111.954632434040079, 40.464982204493111 ], [ -111.954831185630567, 40.465862371335113 ], [ -111.955029942126302, 40.466742538358631 ], [ -111.953857212674492, 40.466891707542715 ], [ -111.954055960019474, 40.467771876672494 ], [ -111.952883211606135, 40.467921036933681 ], [ -111.951710458287849, 40.468070186347362 ], [ -111.95151173905586, 40.46719001336897 ], [ -111.951313024728336, 40.466309840572563 ], [ -111.951114315305091, 40.465429667957963 ], [ -111.950915610785955, 40.464549495524871 ], [ -111.952088307879905, 40.464400353807669 ], [ -111.953261000069574, 40.46425120124352 ], [ -111.953459732699741, 40.465131369828441 ], [ -111.954632434040079, 40.464982204493111 ] ] ] } },
{ "type": "Feature", "properties": { "id": "49_2", "growth_scenario": "high", "market_gravity_weight": 75 }, "geometry": { "type": "Polygon", "coordinates": [ [ [ -111.872274482218657, 40.37222677849234 ], [ -111.871103132391099, 40.372375172454753 ], [ -111.871300596762978, 40.373255419425448 ], [ -111.870129228039971, 40.373403804459571 ], [ -111.870326683251704, 40.374284053499572 ], [ -111.869155295632908, 40.374432429605179 ], [ -111.868957854449391, 40.373552178657128 ], [ -111.867786475991565, 40.373700542018142 ], [ -111.867589053703384, 40.372820289323592 ], [ -111.868760418133121, 40.3726719278704 ], [ -111.868562986683912, 40.371791677244708 ], [ -111.868365560101608, 40.370911426779827 ], [ -111.869536891609471, 40.370763058305855 ], [ -111.8707082182503, 40.370614678995722 ], [ -111.87187954002377, 40.370466288849435 ], [ -111.87207700868727, 40.371346533590561 ], [ -111.872274482218657, 40.37222677849234 ] ] ] } },
{ "type": "Feature", "properties": { "id": "49_3", "growth_scenario": "high", "market_gravity_weight": 75 }, "geometry": { "type": "Polygon", "coordinates": [ [ [ -111.915597817845011, 40.425577773320065 ], [ -111.915795978254252, 40.426457979500746 ], [ -111.915994143551771, 40.42733818585431 ], [ -111.914821980145035, 40.42748698979279 ], [ -111.913649811850149, 40.427635782888338 ], [ -111.913451674641564, 40.426755572700664 ], [ -111.912279515503585, 40.426904353036392 ], [ -111.912081397227098, 40.426024141105145 ], [ -111.910909247246394, 40.426172908681281 ], [ -111.910711147901353, 40.425292695006547 ], [ -111.911883283837781, 40.425143929346916 ], [ -111.913055414887225, 40.424995152844581 ], [ -111.914227541049399, 40.42484636549964 ], [ -111.915399662323921, 40.424697567312222 ], [ -111.916571778710477, 40.424548758282263 ], [ -111.916769948275146, 40.42542896237309 ], [ -111.915597817845011, 40.425577773320065 ] ] ] } },
{ "type": "Feature", "properties": { "id": "49_4", "growth_scenario": "high", "market_gravity_weight": 75 }, "geometry": { "type": "Polygon", "coordinates": [ [ [ -111.958206937596032, 40.373984657639532 ], [ -111.959378132327728, 40.373835456795007 ], [ -111.960549322165477, 40.373686245117518 ], [ -111.960747892596757, 40.374566352730916 ], [ -111.961919091559054, 40.374417128301864 ], [ -111.962117680904015, 40.375297234154438 ], [ -111.960946467922525, 40.375446460502239 ], [ -111.961145048142939, 40.376326568431587 ], [ -111.9599738162471, 40.376475785864848 ], [ -111.959775250046377, 40.375595676016836 ], [ -111.958604027275911, 40.375744880698207 ], [ -111.957432799611425, 40.375894074546245 ], [ -111.957234266344301, 40.375013961019569 ], [ -111.956063047806055, 40.375163142115959 ], [ -111.955864533452015, 40.374283026829218 ], [ -111.957035737970699, 40.374133847650903 ], [ -111.956837214490392, 40.373253734440212 ], [ -111.958008400096659, 40.373104546346916 ], [ -111.958206937596032, 40.373984657639532 ] ] ] } },
{ "type": "Feature", "properties": { "id": "49_5", "growth_scenario": "high", "market_gravity_weight": 75 }, "geometry": { "type": "Polygon", "coordinates": [ [ [ -111.872471960618071, 40.373107023554844 ], [ -111.873643319604966, 40.372958616847875 ], [ -111.873840816900284, 40.373838860163033 ], [ -111.875012185046131, 40.373690440711179 ], [ -111.87520970123802, 40.374570682278872 ], [ -111.87403831906434, 40.374719103639315 ], [ -111.874235826097319, 40.375599347276967 ], [ -111.873064425026399, 40.375747759709455 ], [ -111.871893019086727, 40.375896161305093 ], [ -111.871695540110608, 40.375015913850419 ], [ -111.870524143331195, 40.375164302700931 ], [ -111.870326683251704, 40.374284053499572 ], [ -111.870129228039971, 40.373403804459571 ], [ -111.871300596762978, 40.373255419425448 ], [ -111.871103132391099, 40.372375172454753 ], [ -111.872274482218657, 40.37222677849234 ], [ -111.872471960618071, 40.373107023554844 ] ] ] } },
{ "type": "Feature", "properties": { "id": "49_6", "growth_scenario": "high", "market_gravity_weight": 75 }, "geometry": { "type": "Polygon", "coordinates": [ [ [ -111.904856449013337, 40.361757316815783 ], [ -111.904658602907759, 40.36087712840591 ], [ -111.905829694386611, 40.360728424678165 ], [ -111.907000780989094, 40.360579710117236 ], [ -111.90817186271488, 40.360430984723202 ], [ -111.909342939563615, 40.36028224849607 ], [ -111.909540841746448, 40.361162429260183 ], [ -111.910711927736713, 40.361013680288352 ], [ -111.910909848816289, 40.361893859296998 ], [ -111.909738748806831, 40.362042610180666 ], [ -111.909936660744918, 40.36292279125793 ], [ -111.908765541838051, 40.363071533220158 ], [ -111.90759441805362, 40.363220264349046 ], [ -111.907396534155126, 40.362340079448302 ], [ -111.906225419513504, 40.362488797832121 ], [ -111.90602755451178, 40.361608611176806 ], [ -111.904856449013337, 40.361757316815783 ] ] ] } },
{ "type": "Feature", "properties": { "id": "49_7", "growth_scenario": "high", "market_gravity_weight": 75 }, "geometry": { "type": "Polygon", "coordinates": [ [ [ -111.792763360808962, 40.350594103387323 ], [ -111.793934515832859, 40.350446437034861 ], [ -111.795105666014791, 40.350298759846339 ], [ -111.795302132854971, 40.351179113502603 ], [ -111.794130968646215, 40.351326792588836 ], [ -111.794327426301692, 40.352207148301389 ], [ -111.793156243223493, 40.352354818449108 ], [ -111.791985055303314, 40.352502477760382 ], [ -111.791788625702623, 40.3516221182526 ], [ -111.79061744696844, 40.351769764829939 ], [ -111.79042103623658, 40.350889403583551 ], [ -111.790224630345705, 40.35000904249577 ], [ -111.790028229295629, 40.349128681566441 ], [ -111.791199365948771, 40.348981040680876 ], [ -111.792370497760942, 40.348833388959342 ], [ -111.792566926864211, 40.34971374609421 ], [ -111.792763360808962, 40.350594103387323 ] ] ] } },
{ "type": "Feature", "properties": { "id": "49_8", "growth_scenario": "high", "market_gravity_weight": 75 }, "geometry": { "type": "Polygon", "coordinates": [ [ [ -111.912081397227098, 40.426024141105145 ], [ -111.912279515503585, 40.426904353036392 ], [ -111.913451674641564, 40.426755572700664 ], [ -111.913649811850149, 40.427635782888338 ], [ -111.912477638667397, 40.427784565140882 ], [ -111.912675766718721, 40.428664777418774 ], [ -111.911503574603202, 40.428813550745048 ], [ -111.911305460597148, 40.427933336550332 ], [ -111.910133277639702, 40.428082097116757 ], [ -111.908961089795397, 40.428230846839902 ], [ -111.908763008766925, 40.427350628985678 ], [ -111.908564932624799, 40.42647041130499 ], [ -111.908366861368847, 40.425590193797511 ], [ -111.909539007078251, 40.425441449823403 ], [ -111.910711147901353, 40.425292695006547 ], [ -111.910909247246394, 40.426172908681281 ], [ -111.912081397227098, 40.426024141105145 ] ] ] } },
{ "type": "Feature", "properties": { "id": "49_9", "growth_scenario": "high", "market_gravity_weight": 75 }, "geometry": { "type": "Polygon", "coordinates": [ [ [ -111.953081949799682, 40.468801208169943 ], [ -111.95425471226973, 40.468652045984271 ], [ -111.954453469425474, 40.469532215478374 ], [ -111.955626241046929, 40.469383040520469 ], [ -111.955825017165523, 40.470263208272243 ], [ -111.954652231486875, 40.470412385154887 ], [ -111.953479440902385, 40.470561551189732 ], [ -111.952306645412392, 40.470710706376693 ], [ -111.951133845017225, 40.470859850715684 ], [ -111.949961039717195, 40.471008984206634 ], [ -111.94878822951263, 40.471158106849529 ], [ -111.94858953773992, 40.470277927551109 ], [ -111.949762333886397, 40.470128806832349 ], [ -111.95093512512851, 40.469979675265634 ], [ -111.950736410144458, 40.469099499998315 ], [ -111.951909182424473, 40.46895035950795 ], [ -111.951710458287849, 40.468070186347362 ], [ -111.952883211606135, 40.467921036933681 ], [ -111.953081949799682, 40.468801208169943 ] ] ] } },
{ "type": "Feature", "properties": { "id": "51_0", "growth_scenario": "high", "market_gravity_weight": 75 }, "geometry": { "type": "Polygon", "coordinates": [ [ [ -77.467291188918864, 39.003060671152049 ], [ -77.468434624004274, 39.003233556140863 ], [ -77.468208779966247, 39.004108848493189 ], [ -77.469352233707667, 39.004281725059478 ], [ -77.469126397456463, 39.005157019227759 ], [ -77.467982930493378, 39.004984140557156 ], [ -77.466839468965318, 39.004811251359577 ], [ -77.465696012872584, 39.00463835163513 ], [ -77.465470131521371, 39.005513639201759 ], [ -77.464326667642879, 39.005340726845766 ], [ -77.464552562215474, 39.004465441383878 ], [ -77.463409116994242, 39.004292520605865 ], [ -77.463635019351798, 39.003417236960267 ], [ -77.464778451352146, 39.003590155633546 ], [ -77.465004335053123, 39.002714869594534 ], [ -77.466147759268381, 39.002887775636552 ], [ -77.466373624313349, 39.002012487204304 ], [ -77.467517040743161, 39.002185380615394 ], [ -77.467291188918864, 39.003060671152049 ] ] ] } },
{ "type": "Feature", "properties": { "id": "51_1", "growth_scenario": "high", "market_gravity_weight": 75 }, "geometry": { "type": "Polygon", "coordinates": [ [ [ -77.465470131521371, 39.005513639201759 ], [ -77.465244244734365, 39.006388926480263 ], [ -77.46501835251135, 39.007264213470805 ], [ -77.463874862189229, 39.00709129690506 ], [ -77.463648951307789, 39.007966581502821 ], [ -77.462505453200095, 39.007793652304876 ], [ -77.462731377303598, 39.006918369812205 ], [ -77.461587897854741, 39.006745432192446 ], [ -77.461813829743051, 39.005870151516987 ], [ -77.460670368952634, 39.005697205475535 ], [ -77.460896308625152, 39.004821926617034 ], [ -77.462039756194471, 39.004994870553318 ], [ -77.462265677209217, 39.004119589301197 ], [ -77.463409116994242, 39.004292520605865 ], [ -77.464552562215474, 39.004465441383878 ], [ -77.464326667642879, 39.005340726845766 ], [ -77.465470131521371, 39.005513639201759 ] ] ] } },
{ "type": "Feature", "properties": { "id": "51_10", "growth_scenario": "high", "market_gravity_weight": 75 }, "geometry": { "type": "Polygon", "coordinates": [ [ [ -77.41627319184893, 38.984420886342726 ], [ -77.4174162126548, 38.984594240697291 ], [ -77.417189812798682, 38.985469437554379 ], [ -77.418332852259354, 38.985642783495337 ], [ -77.418106460166058, 38.986517982165779 ], [ -77.41696340749634, 38.98634463411647 ], [ -77.416736996747559, 38.987219830383708 ], [ -77.415593936315119, 38.987046469703671 ], [ -77.4144508813296, 38.986873098501441 ], [ -77.414677318496473, 38.985997906451509 ], [ -77.413534282166907, 38.985824526835941 ], [ -77.413760727095237, 38.984949336599719 ], [ -77.413987166576447, 38.984074146068117 ], [ -77.41513017648937, 38.98424752146628 ], [ -77.415356597315792, 38.983372328530649 ], [ -77.416499599467272, 38.983545691298659 ], [ -77.41627319184893, 38.984420886342726 ] ] ] } },
{ "type": "Feature", "properties": { "id": "51_100", "growth_scenario": "high", "market_gravity_weight": 75 }, "geometry": { "type": "Polygon", "coordinates": [ [ [ -77.438008138574958, 38.909499348582571 ], [ -77.437782219553966, 38.910374573647402 ], [ -77.438924129556611, 38.910547728097228 ], [ -77.438698218290511, 38.911422954950666 ], [ -77.43755629510369, 38.911249798400469 ], [ -77.436414377346367, 38.911076631337444 ], [ -77.435272465018798, 38.910903453761733 ], [ -77.434130558121325, 38.91073026567333 ], [ -77.432988656654203, 38.910557067072347 ], [ -77.433214633839256, 38.909681850722031 ], [ -77.434356522122982, 38.909855047222216 ], [ -77.434582480694459, 38.908979828458939 ], [ -77.434808433835968, 38.908104609383415 ], [ -77.435950301183524, 38.908277791169837 ], [ -77.437092173960579, 38.908450962443986 ], [ -77.436866247185293, 38.909326185720509 ], [ -77.438008138574958, 38.909499348582571 ] ] ] } },
{ "type": "Feature", "properties": { "id": "51_101", "growth_scenario": "high", "market_gravity_weight": 75 }, "geometry": { "type": "Polygon", "coordinates": [ [ [ -77.771315636525259, 38.315191312232486 ], [ -77.771095519879353, 38.316067119722526 ], [ -77.772228966975092, 38.316237199636298 ], [ -77.772008858087318, 38.317113008711232 ], [ -77.770875397982792, 38.316942926776989 ], [ -77.770655270835405, 38.317818733396052 ], [ -77.769521802972832, 38.317648638993774 ], [ -77.768388340361568, 38.317478534144286 ], [ -77.767254883001897, 38.31730841884751 ], [ -77.767475049175388, 38.316432618290833 ], [ -77.767695210097173, 38.315556817298429 ], [ -77.768828641440109, 38.315726928553502 ], [ -77.769048784102452, 38.314851125104553 ], [ -77.770182207688464, 38.31502122389201 ], [ -77.770402332091933, 38.314145417986587 ], [ -77.771535747920694, 38.314315504306627 ], [ -77.771315636525259, 38.315191312232486 ] ] ] } },
{ "type": "Feature", "properties": { "id": "51_102", "growth_scenario": "high", "market_gravity_weight": 75 }, "geometry": { "type": "Polygon", "coordinates": [ [ [ -77.791058590008859, 38.320878646064294 ], [ -77.792192157591884, 38.321048541954021 ], [ -77.791972272402944, 38.321924386511959 ], [ -77.791752381968223, 38.322800230636503 ], [ -77.790618788359524, 38.322630330709138 ], [ -77.790398879665574, 38.323506172381656 ], [ -77.789265278290046, 38.323336259986441 ], [ -77.788131682161207, 38.323166337142304 ], [ -77.786998091279386, 38.322996403849359 ], [ -77.787218039012004, 38.322120568234254 ], [ -77.78835161688113, 38.322290499507993 ], [ -77.788571546354234, 38.321414661440215 ], [ -77.788791470580691, 38.320538822938808 ], [ -77.7899250276717, 38.320708739725831 ], [ -77.790144933639695, 38.319832898771779 ], [ -77.791278482964628, 38.320002803091441 ], [ -77.791058590008859, 38.320878646064294 ] ] ] } },
{ "type": "Feature", "properties": { "id": "51_103", "growth_scenario": "high", "market_gravity_weight": 75 }, "geometry": { "type": "Polygon", "coordinates": [ [ [ -77.775783127523766, 38.306773318273834 ], [ -77.775563089385599, 38.307649134169431 ], [ -77.774429767113475, 38.307479084901807 ], [ -77.773296450089831, 38.307309025188019 ], [ -77.773076380691407, 38.308184836607161 ], [ -77.771943055910839, 38.30801476442749 ], [ -77.772163138314994, 38.307138955028073 ], [ -77.771029831789221, 38.306968874422147 ], [ -77.771249921949575, 38.306093066604781 ], [ -77.772383215470072, 38.306263145191011 ], [ -77.772603287376242, 38.305387334916162 ], [ -77.773736573140468, 38.305557401036893 ], [ -77.773956626793066, 38.304681588304568 ], [ -77.775089904800637, 38.304851641960106 ], [ -77.776223188056164, 38.305021685169777 ], [ -77.776003160413893, 38.305897501940677 ], [ -77.775783127523766, 38.306773318273834 ] ] ] } },
{ "type": "Feature", "properties": { "id": "51_104", "growth_scenario": "high", "market_gravity_weight": 75 }, "geometry": { "type": "Polygon", "coordinates": [ [ [ -77.786862778904876, 38.30479993279171 ], [ -77.785729474443613, 38.304629987634144 ], [ -77.785949382301624, 38.303754153400988 ], [ -77.7870826737568, 38.303924096540513 ], [ -77.788215970456534, 38.304094029233745 ], [ -77.789349272400514, 38.304263951480728 ], [ -77.790482579588456, 38.304433863281318 ], [ -77.791615892020076, 38.304603764635466 ], [ -77.791396049194248, 38.305479608957647 ], [ -77.792529379876243, 38.305649501882748 ], [ -77.792309544814088, 38.306525347785296 ], [ -77.791176201124813, 38.306355452842659 ], [ -77.7900428626793, 38.306185547453275 ], [ -77.788909529477834, 38.3060156316172 ], [ -77.788689650150076, 38.306891471029623 ], [ -77.787556309185945, 38.30672154272898 ], [ -77.7877762015207, 38.305845705334534 ], [ -77.787996088610839, 38.304969867502905 ], [ -77.786862778904876, 38.30479993279171 ] ] ] } },
{ "type": "Feature", "properties": { "id": "51_105", "growth_scenario": "high", "market_gravity_weight": 75 }, "geometry": { "type": "Polygon", "coordinates": [ [ [ -78.842977249232874, 38.443793932583787 ], [ -78.842769564109162, 38.444671598433764 ], [ -78.841631719224296, 38.444511395695891 ], [ -78.840493879313058, 38.444351182449289 ], [ -78.839356044375762, 38.44419095869398 ], [ -78.83821821441272, 38.444030724430107 ], [ -78.837080389424173, 38.443870479657683 ], [ -78.837288140393639, 38.442992823388821 ], [ -78.837495886388453, 38.442115166757972 ], [ -78.838633685039682, 38.442275407697565 ], [ -78.83842595221337, 38.443153066244818 ], [ -78.839563769007441, 38.443313298592372 ], [ -78.840701590775595, 38.443473520431432 ], [ -78.840909297264361, 38.442595858051789 ], [ -78.84111699877954, 38.441718195310088 ], [ -78.842254799183664, 38.441878402808591 ], [ -78.843392604560918, 38.442038599798686 ], [ -78.843184929383398, 38.442916266372166 ], [ -78.842977249232874, 38.443793932583787 ] ] ] } },
{ "type": "Feature", "properties": { "id": "51_106", "growth_scenario": "high", "market_gravity_weight": 75 }, "geometry": { "type": "Polygon", "coordinates": [ [ [ -77.451831604837807, 38.874307052239232 ], [ -77.45297298304952, 38.874480076521053 ], [ -77.45274735232519, 38.875355325020969 ], [ -77.452521716180954, 38.876230573201596 ], [ -77.451380311623481, 38.876057544727352 ], [ -77.451154656885791, 38.876932790492411 ], [ -77.450928996727512, 38.877808035938315 ], [ -77.450703331148404, 38.878683281065392 ], [ -77.450477660148323, 38.87955852587374 ], [ -77.44933620831705, 38.879385478504553 ], [ -77.449561892491118, 38.878510235792952 ], [ -77.449787571243917, 38.877634992762509 ], [ -77.450013244575629, 38.876759749413132 ], [ -77.448871837686355, 38.876586697825161 ], [ -77.449097518770088, 38.875711456253129 ], [ -77.450238912486441, 38.875884505744509 ], [ -77.450464574976536, 38.875009261756524 ], [ -77.450690232046128, 38.874134017448959 ], [ -77.450915883695416, 38.873258772821622 ], [ -77.452057243314826, 38.8734318055157 ], [ -77.451831604837807, 38.874307052239232 ] ] ] } },
{ "type": "Feature", "properties": { "id": "51_107", "growth_scenario": "high", "market_gravity_weight": 75 }, "geometry": { "type": "Polygon", "coordinates": [ [ [ -77.280607063212827, 38.702659151754801 ], [ -77.280379898275612, 38.703534071131202 ], [ -77.280152727896422, 38.704408990140436 ], [ -77.279925552075042, 38.70528390878259 ], [ -77.279698370811275, 38.706158827057941 ], [ -77.278560035182878, 38.705984209957073 ], [ -77.278332835384234, 38.706859125763998 ], [ -77.27719449210656, 38.70668449608327 ], [ -77.277421704997337, 38.705809582378208 ], [ -77.277648912444988, 38.704934668306358 ], [ -77.277876114449697, 38.704059753867533 ], [ -77.278103311011634, 38.703184839061464 ], [ -77.278330502130999, 38.702309923888009 ], [ -77.279468779950875, 38.702484543060159 ], [ -77.279695952537196, 38.701609625417674 ], [ -77.280834222708251, 38.701784232010937 ], [ -77.280607063212827, 38.702659151754801 ] ] ] } },
{ "type": "Feature", "properties": { "id": "51_108", "growth_scenario": "high", "market_gravity_weight": 75 }, "geometry": { "type": "Polygon", "coordinates": [ [ [ -77.51556065781061, 39.07400389833608 ], [ -77.515335161456377, 39.074879286900384 ], [ -77.516479840631419, 39.075051731475249 ], [ -77.516254352097718, 39.07592712187467 ], [ -77.515109659669861, 39.075754675195135 ], [ -77.513964972674486, 39.075582217976788 ], [ -77.51419048771362, 39.074706831786841 ], [ -77.514415997320185, 39.073831445327208 ], [ -77.513271342262129, 39.073658981779886 ], [ -77.513045819403445, 39.074534366134728 ], [ -77.511901156526122, 39.074361889944079 ], [ -77.51212669263677, 39.073486507694199 ], [ -77.512352223314437, 39.072611125174284 ], [ -77.512577748559337, 39.071735742384242 ], [ -77.513722371681709, 39.071908212260432 ], [ -77.514867000236379, 39.0720806715984 ], [ -77.51601163422302, 39.072253120398152 ], [ -77.515786148732772, 39.07312850950207 ], [ -77.51556065781061, 39.07400389833608 ] ] ] } },
{ "type": "Feature", "properties": { "id": "51_109", "growth_scenario": "high", "market_gravity_weight": 75 }, "geometry": { "type": "Polygon", "coordinates": [ [ [ -78.367234290463259, 36.685311468635533 ], [ -78.36834444619673, 36.685476131653949 ], [ -78.368136078124707, 36.686353417463735 ], [ -78.367927705184343, 36.687230702498738 ], [ -78.367719327375468, 36.688107986759043 ], [ -78.367510944697926, 36.688985270244963 ], [ -78.366400738915473, 36.688820599842508 ], [ -78.366609134105673, 36.687943318202727 ], [ -78.365498945704815, 36.687778639383325 ], [ -78.365707348538265, 36.68690135881512 ], [ -78.364597177518689, 36.686736671578906 ], [ -78.364805587994866, 36.685859392082143 ], [ -78.365013993601877, 36.684982111810392 ], [ -78.366124139598213, 36.685146795354335 ], [ -78.366332527825037, 36.68426951246127 ], [ -78.367442666178675, 36.684434183896641 ], [ -78.367234290463259, 36.685311468635533 ] ] ] } },
{ "type": "Feature", "properties": { "id": "51_11", "growth_scenario": "high", "market_gravity_weight": 75 }, "geometry": { "type": "Polygon", "coordinates": [ [ [ -77.788503688299926, 38.312316428297336 ], [ -77.788283785265818, 38.31319226667344 ], [ -77.789417227778344, 38.313362188207343 ], [ -77.789197332508365, 38.314238028166379 ], [ -77.7880638769862, 38.314068104614044 ], [ -77.787843963460844, 38.314943942119299 ], [ -77.786710500174621, 38.314774006100699 ], [ -77.786930426709731, 38.313898170614067 ], [ -77.785796981679255, 38.313728226166532 ], [ -77.786016915977669, 38.312852392263196 ], [ -77.784883489202613, 38.312682439386926 ], [ -77.783750067673921, 38.312512476063375 ], [ -77.783970022743688, 38.311636645761766 ], [ -77.785103431263721, 38.311806607066529 ], [ -77.785323368078636, 38.310930774310165 ], [ -77.786456768836345, 38.311100723149103 ], [ -77.787590174839778, 38.311270661540881 ], [ -77.787370264042124, 38.312146498334378 ], [ -77.788503688299926, 38.312316428297336 ] ] ] } },
{ "type": "Feature", "properties": { "id": "51_110", "growth_scenario": "high", "market_gravity_weight": 75 }, "geometry": { "type": "Polygon", "coordinates": [ [ [ -78.890046903256632, 38.448597627820092 ], [ -78.889839768156691, 38.449475372848106 ], [ -78.888701745958414, 38.449315604849581 ], [ -78.888494592721074, 38.450193347607701 ], [ -78.888287434522297, 38.451071090007524 ], [ -78.887149390932436, 38.450911307674616 ], [ -78.886011352304479, 38.450751514830223 ], [ -78.886218536856191, 38.449873776253675 ], [ -78.885080516366628, 38.449713974809711 ], [ -78.885287709132243, 38.448836237786445 ], [ -78.886425716445899, 38.448996037318636 ], [ -78.886632891073759, 38.448118298024909 ], [ -78.886840060739971, 38.447240558372293 ], [ -78.887978046664159, 38.447400343570386 ], [ -78.887770890173456, 38.448278085134447 ], [ -78.888908894234518, 38.44843786173287 ], [ -78.889116037549528, 38.447560118257449 ], [ -78.890254033395806, 38.447719882433475 ], [ -78.890046903256632, 38.448597627820092 ] ] ] } },
{ "type": "Feature", "properties": { "id": "51_111", "growth_scenario": "high", "market_gravity_weight": 75 }, "geometry": { "type": "Polygon", "coordinates": [ [ [ -77.475673443025954, 38.979773370588809 ], [ -77.475447758868668, 38.980648672903179 ], [ -77.475222069282083, 38.981523974923995 ], [ -77.474078959201222, 38.98135115303787 ], [ -77.472935854550158, 38.981178320627805 ], [ -77.47179275532919, 38.981005477693756 ], [ -77.4720184845565, 38.980130181978893 ], [ -77.470875403979107, 38.979957330623193 ], [ -77.471101140989134, 38.979082036716505 ], [ -77.472244208353644, 38.9792548859701 ], [ -77.473387281148135, 38.979427724700059 ], [ -77.473612986302456, 38.978552426295352 ], [ -77.474756051313662, 38.978725252399826 ], [ -77.475899121754097, 38.978898067980694 ], [ -77.477042197623462, 38.979070873037792 ], [ -77.476816532108685, 38.979946177747443 ], [ -77.475673443025954, 38.979773370588809 ] ] ] } },
{ "type": "Feature", "properties": { "id": "51_112", "growth_scenario": "high", "market_gravity_weight": 75 }, "geometry": { "type": "Polygon", "coordinates": [ [ [ -77.520296778935659, 39.115638281759118 ], [ -77.520071210406613, 39.11651368579529 ], [ -77.518925869294975, 39.116341272948901 ], [ -77.518700282060379, 39.117216674618099 ], [ -77.517554933118092, 39.117044249119587 ], [ -77.51732932717735, 39.117919648421854 ], [ -77.516183970404754, 39.117747210271006 ], [ -77.516409589613744, 39.116871813076514 ], [ -77.516635203384496, 39.115996415622533 ], [ -77.516860811717166, 39.115121017908869 ], [ -77.517086414611967, 39.114245619935261 ], [ -77.518231718313245, 39.114418049655548 ], [ -77.519377027451938, 39.114590468831629 ], [ -77.520522342027704, 39.114762877463363 ], [ -77.521667662040286, 39.114935275550735 ], [ -77.521442112216192, 39.115810681953711 ], [ -77.520296778935659, 39.115638281759118 ] ] ] } },
{ "type": "Feature", "properties": { "id": "51_113", "growth_scenario": "high", "market_gravity_weight": 75 }, "geometry": { "type": "Polygon", "coordinates": [ [ [ -77.519845636440365, 39.117389089571986 ], [ -77.520990996257723, 39.117561493981142 ], [ -77.520765430122964, 39.118436899606088 ], [ -77.521910808646439, 39.118609295577883 ], [ -77.521685250343737, 39.119484703051242 ], [ -77.52053985855089, 39.119312304972048 ], [ -77.519394472195543, 39.119139896347932 ], [ -77.51824909127798, 39.118967477178778 ], [ -77.518023487729764, 39.119842878070713 ], [ -77.516878098981181, 39.119670446248882 ], [ -77.517103715798441, 39.118795047464872 ], [ -77.515958345757284, 39.118622607206134 ], [ -77.516183970404754, 39.117747210271006 ], [ -77.51732932717735, 39.117919648421854 ], [ -77.517554933118092, 39.117044249119587 ], [ -77.518700282060379, 39.117216674618099 ], [ -77.518925869294975, 39.116341272948901 ], [ -77.520071210406613, 39.11651368579529 ], [ -77.519845636440365, 39.117389089571986 ] ] ] } },
{ "type": "Feature", "properties": { "id": "51_114", "growth_scenario": "high", "market_gravity_weight": 75 }, "geometry": { "type": "Polygon", "coordinates": [ [ [ -78.257512469557255, 39.052649948435594 ], [ -78.257295980416131, 39.053526653326571 ], [ -78.257079486053385, 39.054403357975211 ], [ -78.256862986468832, 39.055280062381641 ], [ -78.256646481662273, 39.05615676654611 ], [ -78.256429971633537, 39.057033470468795 ], [ -78.255283855537769, 39.056867847562863 ], [ -78.255500378895391, 39.055991145663178 ], [ -78.254354281350984, 39.055825514212096 ], [ -78.254570812814535, 39.054948814093606 ], [ -78.253424733821134, 39.054783174097551 ], [ -78.253641273390016, 39.053906475760009 ], [ -78.254787339055497, 39.054072113733014 ], [ -78.255933409943395, 39.054237741138095 ], [ -78.256149917634133, 39.053361038512257 ], [ -78.255003860074069, 39.053195413130027 ], [ -78.255220375870422, 39.052318712284524 ], [ -78.256366420102964, 39.052484335643911 ], [ -78.256582917350073, 39.051607632532949 ], [ -78.257728953476956, 39.051773243302037 ], [ -78.257512469557255, 39.052649948435594 ] ] ] } },
{ "type": "Feature", "properties": { "id": "51_115", "growth_scenario": "high", "market_gravity_weight": 75 }, "geometry": { "type": "Polygon", "coordinates": [ [ [ -78.344890474069643, 36.687444403022269 ], [ -78.346000612312309, 36.68760927211094 ], [ -78.345791977300806, 36.688486518176582 ], [ -78.346902132928207, 36.688651378851155 ], [ -78.346693505552892, 36.689528625989823 ], [ -78.345583337414809, 36.689363763467071 ], [ -78.345374692654147, 36.690241007982507 ], [ -78.345166043018651, 36.691118251723132 ], [ -78.344055854733355, 36.690953375240973 ], [ -78.344264516879903, 36.690076133348839 ], [ -78.343154345980793, 36.689911248452738 ], [ -78.343363015762876, 36.68903400763427 ], [ -78.343571680669768, 36.688156766040549 ], [ -78.342461539666672, 36.68799187457914 ], [ -78.342670212208432, 36.687114634058609 ], [ -78.343780340701613, 36.687279523671528 ], [ -78.343988995858581, 36.686402280526949 ], [ -78.34509911671681, 36.686567158029469 ], [ -78.344890474069643, 36.687444403022269 ] ] ] } },
{ "type": "Feature", "properties": { "id": "51_116", "growth_scenario": "high", "market_gravity_weight": 75 }, "geometry": { "type": "Polygon", "coordinates": [ [ [ -78.858164204629603, 38.474044354236767 ], [ -78.857956615676997, 38.474922045404888 ], [ -78.856818267844247, 38.474761982973391 ], [ -78.857025869978813, 38.473884293721717 ], [ -78.855887540301396, 38.473724222693328 ], [ -78.854749215597636, 38.473564141151691 ], [ -78.853610895867817, 38.473404049096864 ], [ -78.852472581112266, 38.473243946528861 ], [ -78.851334271331254, 38.473083833447866 ], [ -78.851541934398185, 38.472206153425788 ], [ -78.852680230998416, 38.472366264589859 ], [ -78.852887875910184, 38.471488582296253 ], [ -78.854026164304102, 38.471648681030629 ], [ -78.853818532573001, 38.472526365240995 ], [ -78.85495683912167, 38.472686455379126 ], [ -78.856095150644094, 38.472846535004116 ], [ -78.856302756013321, 38.471968846960522 ], [ -78.857441059328039, 38.472128914155981 ], [ -78.858579367615746, 38.472288970838235 ], [ -78.858371788609119, 38.473166662714561 ], [ -78.858164204629603, 38.474044354236767 ] ] ] } },
{ "type": "Feature", "properties": { "id": "51_117", "growth_scenario": "high", "market_gravity_weight": 75 }, "geometry": { "type": "Polygon", "coordinates": [ [ [ -77.746222358550867, 38.354140597073581 ], [ -77.746001825655398, 38.355016357969532 ], [ -77.745781287496825, 38.355892118437822 ], [ -77.745560744074965, 38.356767878478578 ], [ -77.744426732874913, 38.35659755313123 ], [ -77.74329272693862, 38.356427217332495 ], [ -77.742158726266368, 38.356256871082387 ], [ -77.742379308747431, 38.355381117120473 ], [ -77.742599885964339, 38.354505362730791 ], [ -77.74282045791729, 38.353629607913099 ], [ -77.743954419531747, 38.353799948084337 ], [ -77.745088386409719, 38.3539702778045 ], [ -77.74530892706133, 38.353094518506524 ], [ -77.746442886183416, 38.353264835749712 ], [ -77.746222358550867, 38.354140597073581 ] ] ] } },
{ "type": "Feature", "properties": { "id": "51_118", "growth_scenario": "high", "market_gravity_weight": 75 }, "geometry": { "type": "Polygon", "coordinates": [ [ [ -77.747104437505484, 38.350637549208656 ], [ -77.746883925660555, 38.351513311817435 ], [ -77.74666340855326, 38.352389073997678 ], [ -77.746442886183416, 38.353264835749712 ], [ -77.74530892706133, 38.353094518506524 ], [ -77.745088386409719, 38.3539702778045 ], [ -77.743954419531747, 38.353799948084337 ], [ -77.744174973202249, 38.352924190812352 ], [ -77.74304102460647, 38.352753852667298 ], [ -77.743261586032034, 38.351878096993083 ], [ -77.743482142194225, 38.351002340890304 ], [ -77.744616064753501, 38.351172674983459 ], [ -77.744836602634649, 38.350296916426061 ], [ -77.745970517438835, 38.350467238042732 ], [ -77.746191037039523, 38.349591477030849 ], [ -77.747324944088248, 38.349761786171236 ], [ -77.747104437505484, 38.350637549208656 ] ] ] } },
{ "type": "Feature", "properties": { "id": "51_119", "growth_scenario": "high", "market_gravity_weight": 75 }, "geometry": { "type": "Polygon", "coordinates": [ [ [ -78.373897599150936, 36.671768689382276 ], [ -78.375007569327479, 36.671933292093186 ], [ -78.374799316649444, 36.672810595857769 ], [ -78.374591059106564, 36.673687898844904 ], [ -78.373481063913729, 36.673523292445267 ], [ -78.373272788997312, 36.674400592810606 ], [ -78.372162786161354, 36.674235974304814 ], [ -78.372371073586152, 36.673358675784009 ], [ -78.371261088124115, 36.673194048861269 ], [ -78.370151107527889, 36.673029411677106 ], [ -78.370359415102854, 36.672152116068233 ], [ -78.370567717811923, 36.671274819681528 ], [ -78.371677673392881, 36.671439453176419 ], [ -78.372787633839295, 36.671604076409992 ], [ -78.372995906667981, 36.670726775556368 ], [ -78.374105859472053, 36.670891386684289 ], [ -78.373897599150936, 36.671768689382276 ] ] ] } },
{ "type": "Feature", "properties": { "id": "51_12", "growth_scenario": "high", "market_gravity_weight": 75 }, "geometry": { "type": "Polygon", "coordinates": [ [ [ -77.222748769002024, 38.856638155774981 ], [ -77.222520429744961, 38.857512980735507 ], [ -77.222292085006885, 38.85838780536217 ], [ -77.223432665759702, 38.858562942855386 ], [ -77.223204328681078, 38.859437769267991 ], [ -77.222975986121355, 38.860312595347267 ], [ -77.222747638080321, 38.861187421093454 ], [ -77.222519284557791, 38.86206224650671 ], [ -77.221378651240613, 38.861887100534908 ], [ -77.22160701790466, 38.86101227724145 ], [ -77.220466403210807, 38.860837122893145 ], [ -77.220694777534106, 38.85996230138646 ], [ -77.220923146375526, 38.85908747954646 ], [ -77.221151509735265, 38.858212657372967 ], [ -77.221379867613507, 38.857337834865781 ], [ -77.221608220010452, 38.85646301202469 ], [ -77.221836566926299, 38.855588188849538 ], [ -77.222977102778273, 38.855763330480507 ], [ -77.222748769002024, 38.856638155774981 ] ] ] } },
{ "type": "Feature", "properties": { "id": "51_120", "growth_scenario": "high", "market_gravity_weight": 75 }, "geometry": { "type": "Polygon", "coordinates": [ [ [ -77.436402164812236, 38.906527347880285 ], [ -77.437544011223736, 38.906700514953776 ], [ -77.437318095306651, 38.907575738855151 ], [ -77.438459960329794, 38.90774889751664 ], [ -77.438234052166834, 38.908624123205712 ], [ -77.437092173960579, 38.908450962443986 ], [ -77.435950301183524, 38.908277791169837 ], [ -77.434808433835968, 38.908104609383415 ], [ -77.434582480694459, 38.908979828458939 ], [ -77.434356522122982, 38.909855047222216 ], [ -77.433214633839256, 38.909681850722031 ], [ -77.433440605593859, 38.908806634059601 ], [ -77.433666571918195, 38.907931417084711 ], [ -77.43389253281245, 38.907056199797296 ], [ -77.434118488276837, 38.906180982197043 ], [ -77.435260323829837, 38.906354170294712 ], [ -77.435486260682566, 38.905478950281079 ], [ -77.43662808848282, 38.90565212576643 ], [ -77.436402164812236, 38.906527347880285 ] ] ] } },
{ "type": "Feature", "properties": { "id": "51_121", "growth_scenario": "high", "market_gravity_weight": 75 }, "geometry": { "type": "Polygon", "coordinates": [ [ [ -77.769709180584016, 38.312223712141119 ], [ -77.770842565147376, 38.31239380486727 ], [ -77.770622451244847, 38.313269611645083 ], [ -77.769489053674207, 38.313099516898575 ], [ -77.769268921513756, 38.313975321219644 ], [ -77.768135516186419, 38.31380521400591 ], [ -77.768355661354235, 38.312929411705333 ], [ -77.767222274285231, 38.312759296065472 ], [ -77.766088892467437, 38.312589169979042 ], [ -77.766309058397937, 38.311713371283247 ], [ -77.766529219077071, 38.310837572150668 ], [ -77.767662574881726, 38.311007694195872 ], [ -77.767882717303578, 38.310131892605796 ], [ -77.769016065352758, 38.31030200218423 ], [ -77.770149418652352, 38.310472101316357 ], [ -77.769929302243327, 38.311347906947077 ], [ -77.769709180584016, 38.312223712141119 ] ] ] } },
{ "type": "Feature", "properties": { "id": "51_122", "growth_scenario": "high", "market_gravity_weight": 75 }, "geometry": { "type": "Polygon", "coordinates": [ [ [ -77.770369529811276, 38.309596295248674 ], [ -77.771502875354543, 38.309766381914372 ], [ -77.771282777202032, 38.31064219000212 ], [ -77.771062673799719, 38.31151799765302 ], [ -77.769929302243327, 38.311347906947077 ], [ -77.770149418652352, 38.310472101316357 ], [ -77.769016065352758, 38.31030200218423 ], [ -77.767882717303578, 38.310131892605796 ], [ -77.766749374505082, 38.309961772581055 ], [ -77.766969524682111, 38.309085972574302 ], [ -77.767189669608356, 38.308210172130124 ], [ -77.768322986395447, 38.308380288114087 ], [ -77.768543113065832, 38.307504485212121 ], [ -77.76967642209776, 38.307674588729952 ], [ -77.770809736379519, 38.307844681801797 ], [ -77.770589635720256, 38.308720488743866 ], [ -77.770369529811276, 38.309596295248674 ] ] ] } },
{ "type": "Feature", "properties": { "id": "51_123", "growth_scenario": "high", "market_gravity_weight": 75 }, "geometry": { "type": "Polygon", "coordinates": [ [ [ -77.771249921949575, 38.306093066604781 ], [ -77.771029831789221, 38.306968874422147 ], [ -77.772163138314994, 38.307138955028073 ], [ -77.771943055910839, 38.30801476442749 ], [ -77.771722968257421, 38.308890573389533 ], [ -77.770589635720256, 38.308720488743866 ], [ -77.770809736379519, 38.307844681801797 ], [ -77.76967642209776, 38.307674588729952 ], [ -77.768543113065832, 38.307504485212121 ], [ -77.768322986395447, 38.308380288114087 ], [ -77.767189669608356, 38.308210172130124 ], [ -77.767409809284032, 38.307334371248373 ], [ -77.767629943709281, 38.30645856992885 ], [ -77.767850072884315, 38.30558276817132 ], [ -77.768983350656399, 38.305752878094914 ], [ -77.770116633678256, 38.305922977572742 ], [ -77.770336731594199, 38.305047171337257 ], [ -77.771470006860739, 38.305217258349593 ], [ -77.771249921949575, 38.306093066604781 ] ] ] } },
{ "type": "Feature", "properties": { "id": "51_124", "growth_scenario": "high", "market_gravity_weight": 75 }, "geometry": { "type": "Polygon", "coordinates": [ [ [ -78.363695434356174, 36.685694696429337 ], [ -78.364805587994866, 36.685859392082143 ], [ -78.364597177518689, 36.686736671578906 ], [ -78.363487011368406, 36.686571974079826 ], [ -78.363278583511033, 36.687449250955417 ], [ -78.362168409718649, 36.687284541347076 ], [ -78.361058240796282, 36.68711982147591 ], [ -78.359948076744217, 36.6869550913419 ], [ -78.360156542136181, 36.686077820006005 ], [ -78.359046395465896, 36.6859130814561 ], [ -78.359254868498397, 36.685035811191703 ], [ -78.360365002657758, 36.685200547894958 ], [ -78.360573458309105, 36.684323275008495 ], [ -78.361683584827873, 36.684487999602787 ], [ -78.362793716216444, 36.684652713934511 ], [ -78.362585285586917, 36.685529990513814 ], [ -78.363695434356174, 36.685694696429337 ] ] ] } },
{ "type": "Feature", "properties": { "id": "51_125", "growth_scenario": "high", "market_gravity_weight": 75 }, "geometry": { "type": "Polygon", "coordinates": [ [ [ -77.278323504114752, 38.688662326232134 ], [ -77.278096355351778, 38.68953724063865 ], [ -77.277869201148292, 38.690412154674533 ], [ -77.277642041504066, 38.691287068340095 ], [ -77.277414876418931, 38.69216198163538 ], [ -77.277187705892686, 38.693036894560755 ], [ -77.276049580730373, 38.692862254493939 ], [ -77.276276764343663, 38.691987343669567 ], [ -77.275138657709789, 38.691812695227689 ], [ -77.274000556517606, 38.691638036309953 ], [ -77.272862460767399, 38.691463366916459 ], [ -77.273089678198431, 38.690588462025246 ], [ -77.274227760862473, 38.690763129317617 ], [ -77.274454959765535, 38.689888221954732 ], [ -77.275593034785246, 38.690062876670417 ], [ -77.275365848968264, 38.690937786134228 ], [ -77.276503942515561, 38.691112432475073 ], [ -77.27673111524625, 38.690237520910337 ], [ -77.276958282535944, 38.689362608975124 ], [ -77.277185444384813, 38.688487696669242 ], [ -77.277412600793056, 38.687612783992513 ], [ -77.27855064743737, 38.687787411454913 ], [ -77.278323504114752, 38.688662326232134 ] ] ] } },
{ "type": "Feature", "properties": { "id": "51_126", "growth_scenario": "high", "market_gravity_weight": 75 }, "geometry": { "type": "Polygon", "coordinates": [ [ [ -77.206374044283606, 38.751302276410897 ], [ -77.207512913616895, 38.751477558617552 ], [ -77.207284720721944, 38.752352346556457 ], [ -77.208423608624955, 38.752527620395092 ], [ -77.208195423361346, 38.75340241008783 ], [ -77.207056522357547, 38.753227134136267 ], [ -77.206828318523534, 38.754101921357218 ], [ -77.206600109219721, 38.754976708219488 ], [ -77.205461187483522, 38.754801417560472 ], [ -77.204322271217606, 38.754626116420134 ], [ -77.20455050672355, 38.753751333784443 ], [ -77.20477873675911, 38.75287655078985 ], [ -77.205006961324472, 38.752001767436248 ], [ -77.205235180419834, 38.751126983723317 ], [ -77.205463394045381, 38.75025219965098 ], [ -77.206602244809332, 38.750427490225597 ], [ -77.206374044283606, 38.751302276410897 ] ] ] } },
{ "type": "Feature", "properties": { "id": "51_127", "growth_scenario": "high", "market_gravity_weight": 75 }, "geometry": { "type": "Polygon", "coordinates": [ [ [ -77.205232959608225, 38.755676201950934 ], [ -77.205004726262445, 38.756550985983004 ], [ -77.203865783793745, 38.756375680615719 ], [ -77.202726846795983, 38.756200364767054 ], [ -77.202498581776069, 38.757075144213609 ], [ -77.201359637148158, 38.756899815769671 ], [ -77.201131353555041, 38.757774592744127 ], [ -77.199992401297322, 38.757599251704818 ], [ -77.200220697991966, 38.756724476844433 ], [ -77.200448989214593, 38.7558497016256 ], [ -77.201587915269513, 38.756025038436924 ], [ -77.201816187919349, 38.755150260745765 ], [ -77.202044455097806, 38.754275482695874 ], [ -77.203183360422258, 38.754450804798566 ], [ -77.204322271217606, 38.754626116420134 ], [ -77.205461187483522, 38.754801417560472 ], [ -77.206600109219721, 38.754976708219488 ], [ -77.206371894445894, 38.755851494723267 ], [ -77.205232959608225, 38.755676201950934 ] ] ] } },
{ "type": "Feature", "properties": { "id": "51_128", "growth_scenario": "high", "market_gravity_weight": 75 }, "geometry": { "type": "Polygon", "coordinates": [ [ [ -77.274004683315979, 38.700736435291489 ], [ -77.275142926274725, 38.70091109427112 ], [ -77.274915701326762, 38.701786003507166 ], [ -77.273777445278085, 38.701611342425693 ], [ -77.273550201796695, 38.702486249191885 ], [ -77.273322952871567, 38.703361155590386 ], [ -77.273095698502559, 38.70423606162128 ], [ -77.271957408626477, 38.704061383756112 ], [ -77.272184676086098, 38.703186479827494 ], [ -77.271046404744808, 38.703011793587279 ], [ -77.269908138847995, 38.702837096869921 ], [ -77.270135427043471, 38.70196219677824 ], [ -77.271273679850353, 38.702136891393252 ], [ -77.271500949511605, 38.701261988831334 ], [ -77.271728213728778, 38.700387085901184 ], [ -77.27286644580056, 38.700561765834827 ], [ -77.273093691484561, 38.699686860434397 ], [ -77.274231915910534, 38.699861527789174 ], [ -77.274004683315979, 38.700736435291489 ] ] ] } },
{ "type": "Feature", "properties": { "id": "51_129", "growth_scenario": "high", "market_gravity_weight": 75 }, "geometry": { "type": "Polygon", "coordinates": [ [ [ -77.21001882991601, 38.750953299064506 ], [ -77.2097906686909, 38.751828091588052 ], [ -77.208651788419417, 38.751652830343318 ], [ -77.207512913616895, 38.751477558617552 ], [ -77.206374044283606, 38.751302276410897 ], [ -77.206602244809332, 38.750427490225597 ], [ -77.205463394045381, 38.75025219965098 ], [ -77.205691602201327, 38.749377415219016 ], [ -77.20683043986574, 38.749552703680735 ], [ -77.207058629453016, 38.748677916776117 ], [ -77.208197459487138, 38.748853192644525 ], [ -77.209336294989924, 38.749028458032242 ], [ -77.210475135961062, 38.749203712939355 ], [ -77.210246985672669, 38.750078506181666 ], [ -77.21001882991601, 38.750953299064506 ] ] ] } },
{ "type": "Feature", "properties": { "id": "51_13", "growth_scenario": "high", "market_gravity_weight": 75 }, "geometry": { "type": "Polygon", "coordinates": [ [ [ -78.37292482360958, 36.680706294774716 ], [ -78.37403492374473, 36.680870905670027 ], [ -78.373826634921713, 36.681748203513074 ], [ -78.373618341232458, 36.682625500580585 ], [ -78.372508216075261, 36.682460885995148 ], [ -78.372299905008148, 36.683338180442092 ], [ -78.371189772206378, 36.68317355374873 ], [ -78.37007964427174, 36.683008916792673 ], [ -78.370287980361169, 36.682131626036416 ], [ -78.369177869804844, 36.681966980663248 ], [ -78.369386213537709, 36.681089690976719 ], [ -78.370496311583395, 36.681254334504501 ], [ -78.370704637938573, 36.680377042196817 ], [ -78.371814728340752, 36.680541673616908 ], [ -78.372023037318769, 36.679664378688102 ], [ -78.373133120077142, 36.679828998000787 ], [ -78.37292482360958, 36.680706294774716 ] ] ] } },
{ "type": "Feature", "properties": { "id": "51_130", "growth_scenario": "high", "market_gravity_weight": 75 }, "geometry": { "type": "Polygon", "coordinates": [ [ [ -77.276733348516103, 38.69478671930225 ], [ -77.276506161665367, 38.695661631118782 ], [ -77.276278969372754, 38.696536542566051 ], [ -77.276051771638066, 38.697411453644342 ], [ -77.274913581036159, 38.697236803071348 ], [ -77.273775395876811, 38.697062142021707 ], [ -77.274002619788305, 38.696187235146361 ], [ -77.272864453159897, 38.696012565721787 ], [ -77.273091684716533, 38.695137660578837 ], [ -77.273318910830454, 38.694262755066319 ], [ -77.273546131501789, 38.693387849184134 ], [ -77.274684258867609, 38.693562512304347 ], [ -77.27582239167549, 38.693737164948423 ], [ -77.275595197178802, 38.694612075033206 ], [ -77.276733348516103, 38.69478671930225 ] ] ] } },
{ "type": "Feature", "properties": { "id": "51_131", "growth_scenario": "high", "market_gravity_weight": 75 }, "geometry": { "type": "Polygon", "coordinates": [ [ [ -78.863855952473671, 38.474844499109473 ], [ -78.863648429433582, 38.475722199858417 ], [ -78.86478680710141, 38.475882199207831 ], [ -78.865925189740707, 38.476042188043294 ], [ -78.865717688095671, 38.476919892270558 ], [ -78.865510181479252, 38.477797596144811 ], [ -78.864371772472666, 38.477637603477675 ], [ -78.864164247700629, 38.478515305083128 ], [ -78.863956717956569, 38.479393006335862 ], [ -78.862818287553679, 38.479232999322299 ], [ -78.863025830481945, 38.478355299985736 ], [ -78.863233368437889, 38.477477600296353 ], [ -78.863440901421711, 38.476599900253973 ], [ -78.862302515542524, 38.476439888474694 ], [ -78.862510056737534, 38.475562189995166 ], [ -78.861371689013566, 38.4754021696181 ], [ -78.861579238419182, 38.474524472701148 ], [ -78.862717592960493, 38.474684491162151 ], [ -78.862925124211529, 38.473806791975498 ], [ -78.864063470542163, 38.473966798006948 ], [ -78.863855952473671, 38.474844499109473 ] ] ] } },
{ "type": "Feature", "properties": { "id": "51_132", "growth_scenario": "high", "market_gravity_weight": 75 }, "geometry": { "type": "Polygon", "coordinates": [ [ [ -78.354047724778368, 36.692436894119474 ], [ -78.353839170364665, 36.693314151870439 ], [ -78.353630611077946, 36.694191408847573 ], [ -78.35474086825451, 36.694356196658966 ], [ -78.355851130303989, 36.694520974207002 ], [ -78.356961397226073, 36.694685741491561 ], [ -78.356752870606897, 36.695563003238185 ], [ -78.355642591171048, 36.695398234106015 ], [ -78.354532316608029, 36.695233454710291 ], [ -78.353422046918055, 36.695068665051018 ], [ -78.352311782101438, 36.694903865128303 ], [ -78.351201522158433, 36.694739054942183 ], [ -78.35141011134462, 36.693861802434689 ], [ -78.351618695657081, 36.69298454915338 ], [ -78.351827275095999, 36.692107295098069 ], [ -78.352937497500648, 36.692272099740308 ], [ -78.353146059553936, 36.691394843063023 ], [ -78.354256274319255, 36.691559635594473 ], [ -78.354047724778368, 36.692436894119474 ] ] ] } },
{ "type": "Feature", "properties": { "id": "51_133", "growth_scenario": "high", "market_gravity_weight": 75 }, "geometry": { "type": "Polygon", "coordinates": [ [ [ -77.745277662608913, 38.348545398024626 ], [ -77.745057135253063, 38.349421157439913 ], [ -77.746191037039523, 38.349591477030849 ], [ -77.745970517438835, 38.350467238042732 ], [ -77.744836602634649, 38.350296916426061 ], [ -77.744616064753501, 38.351172674983459 ], [ -77.743482142194225, 38.351002340890304 ], [ -77.74234822489818, 38.350831996346599 ], [ -77.741214312865623, 38.35066164135231 ], [ -77.741434889799677, 38.349785888872844 ], [ -77.74165546147016, 38.348910135964267 ], [ -77.742789347468104, 38.349080486906573 ], [ -77.743009900858254, 38.348204731542793 ], [ -77.744143779102259, 38.348375070008842 ], [ -77.744364314212717, 38.347499312189989 ], [ -77.745498184702384, 38.34766963818015 ], [ -77.745277662608913, 38.348545398024626 ] ] ] } },
{ "type": "Feature", "properties": { "id": "51_134", "growth_scenario": "high", "market_gravity_weight": 75 }, "geometry": { "type": "Polygon", "coordinates": [ [ [ -78.368207802802246, 36.676373931512764 ], [ -78.367097781906011, 36.676209266425417 ], [ -78.365987765877051, 36.676044591076391 ], [ -78.365779396443628, 36.676921877263105 ], [ -78.364669372773804, 36.676757189806978 ], [ -78.363559353971965, 36.676592492089227 ], [ -78.363767748422134, 36.675715209593562 ], [ -78.363976138004176, 36.674837926320656 ], [ -78.36418452271829, 36.673960642270274 ], [ -78.365294503996083, 36.674125334451489 ], [ -78.366404490141377, 36.674290016371337 ], [ -78.36751448115389, 36.674454688029755 ], [ -78.368624477033379, 36.674619349426735 ], [ -78.368416142351236, 36.67549664085832 ], [ -78.368207802802246, 36.676373931512764 ] ] ] } },
{ "type": "Feature", "properties": { "id": "51_135", "growth_scenario": "high", "market_gravity_weight": 75 }, "geometry": { "type": "Polygon", "coordinates": [ [ [ -77.4398277203329, 38.907046817564215 ], [ -77.439601830781655, 38.907922045665757 ], [ -77.439375935801991, 38.908797273454958 ], [ -77.440517824865765, 38.90897041319166 ], [ -77.440291937641277, 38.909845642768907 ], [ -77.440066044988257, 38.910720872034304 ], [ -77.439840146906533, 38.911596100988 ], [ -77.438698218290511, 38.911422954950666 ], [ -77.438924129556611, 38.910547728097228 ], [ -77.437782219553966, 38.910374573647402 ], [ -77.438008138574958, 38.909499348582571 ], [ -77.436866247185293, 38.909326185720509 ], [ -77.437092173960579, 38.908450962443986 ], [ -77.438234052166834, 38.908624123205712 ], [ -77.438459960329794, 38.90774889751664 ], [ -77.437318095306651, 38.907575738855151 ], [ -77.437544011223736, 38.906700514953776 ], [ -77.438685863064052, 38.906873671515143 ], [ -77.438911760369791, 38.905998445201092 ], [ -77.440053604455898, 38.90617158915019 ], [ -77.4398277203329, 38.907046817564215 ] ] ] } },
{ "type": "Feature", "properties": { "id": "51_136", "growth_scenario": "high", "market_gravity_weight": 75 }, "geometry": { "type": "Polygon", "coordinates": [ [ [ -78.346276236178952, 36.691283117942604 ], [ -78.347386434213973, 36.691447973899358 ], [ -78.348496637123461, 36.691612819593381 ], [ -78.348288020148004, 36.692490068104455 ], [ -78.34717780472667, 36.692325220562161 ], [ -78.346067594179942, 36.692160362757029 ], [ -78.344957388508135, 36.691995494689067 ], [ -78.343847187711518, 36.69183061635831 ], [ -78.342736991790318, 36.691665727764928 ], [ -78.341626800744848, 36.691500828908886 ], [ -78.340516614575336, 36.691335919790269 ], [ -78.3407253191302, 36.690458684219216 ], [ -78.341835492788846, 36.690623591488972 ], [ -78.342044179957043, 36.689746353294169 ], [ -78.343154345980793, 36.689911248452738 ], [ -78.344264516879903, 36.690076133348839 ], [ -78.344055854733355, 36.690953375240973 ], [ -78.345166043018651, 36.691118251723132 ], [ -78.345374692654147, 36.690241007982507 ], [ -78.346484873303197, 36.690405872353615 ], [ -78.346276236178952, 36.691283117942604 ] ] ] } },
{ "type": "Feature", "properties": { "id": "51_137", "growth_scenario": "high", "market_gravity_weight": 75 }, "geometry": { "type": "Polygon", "coordinates": [ [ [ -78.366540911183307, 36.683392228792933 ], [ -78.366332527825037, 36.68426951246127 ], [ -78.366124139598213, 36.685146795354335 ], [ -78.365013993601877, 36.684982111810392 ], [ -78.364805587994866, 36.685859392082143 ], [ -78.363695434356174, 36.685694696429337 ], [ -78.363903852474536, 36.684817418003746 ], [ -78.362793716216444, 36.684652713934511 ], [ -78.363002141976438, 36.683775436579822 ], [ -78.361892023098591, 36.6836107240944 ], [ -78.362100456499689, 36.682733447810364 ], [ -78.363210562867081, 36.682898158449568 ], [ -78.363418978888532, 36.682020879543607 ], [ -78.364529077614776, 36.682185578074431 ], [ -78.365639181209758, 36.682350266342958 ], [ -78.365430790209174, 36.683227548940962 ], [ -78.366540911183307, 36.683392228792933 ] ] ] } },
{ "type": "Feature", "properties": { "id": "51_138", "growth_scenario": "high", "market_gravity_weight": 75 }, "geometry": { "type": "Polygon", "coordinates": [ [ [ -78.375424060089756, 36.670178682230777 ], [ -78.375215817140869, 36.671055987550872 ], [ -78.37632577967419, 36.671220578156159 ], [ -78.376534010115435, 36.670343270992007 ], [ -78.377643965005163, 36.670507849491898 ], [ -78.377435747071701, 36.671385158500051 ], [ -78.377227524274304, 36.672262466730494 ], [ -78.377019296612787, 36.673139774183497 ], [ -78.375909304198828, 36.672975190151448 ], [ -78.376117544368697, 36.67209788454258 ], [ -78.375007569327479, 36.671933292093186 ], [ -78.373897599150936, 36.671768689382276 ], [ -78.374105859472053, 36.670891386684289 ], [ -78.372995906667981, 36.670726775556368 ], [ -78.371885958728953, 36.670562154167165 ], [ -78.37209423919974, 36.669684854379959 ], [ -78.372302514805398, 36.668807553814418 ], [ -78.373412437730437, 36.668972171514881 ], [ -78.374522365520178, 36.669136778954311 ], [ -78.374314114928396, 36.670014083208329 ], [ -78.375424060089756, 36.670178682230777 ] ] ] } },
{ "type": "Feature", "properties": { "id": "51_139", "growth_scenario": "high", "market_gravity_weight": 75 }, "geometry": { "type": "Polygon", "coordinates": [ [ [ -78.359598934254194, 36.693260712066547 ], [ -78.35848868261499, 36.693095969003842 ], [ -78.358280178253722, 36.693973234144899 ], [ -78.357169918972886, 36.693808478971405 ], [ -78.356961397226073, 36.694685741491561 ], [ -78.355851130303989, 36.694520974207002 ], [ -78.35605966456427, 36.693643713534442 ], [ -78.354949415028102, 36.693478937834087 ], [ -78.355157956928949, 36.692601678235448 ], [ -78.35626819395209, 36.692766452088186 ], [ -78.356476718467633, 36.6918891898681 ], [ -78.356685238111027, 36.691011926873927 ], [ -78.357795454980888, 36.691176686768685 ], [ -78.358905676722429, 36.6913414364003 ], [ -78.36001590333538, 36.691506175768687 ], [ -78.359807421230428, 36.692383444304518 ], [ -78.359598934254194, 36.693260712066547 ] ] ] } },
{ "type": "Feature", "properties": { "id": "51_14", "growth_scenario": "high", "market_gravity_weight": 75 }, "geometry": { "type": "Polygon", "coordinates": [ [ [ -77.528134299099293, 39.071350796731451 ], [ -77.527908962422828, 39.072226207682519 ], [ -77.526764300638874, 39.07205386847577 ], [ -77.525619644283594, 39.071881518730272 ], [ -77.524474993357273, 39.071709158446119 ], [ -77.52333034786021, 39.071536787623295 ], [ -77.523555737546715, 39.070661385085408 ], [ -77.524700369791546, 39.070833753804749 ], [ -77.524925740796775, 39.069958348893302 ], [ -77.52515110637313, 39.069082943711628 ], [ -77.526295717543107, 39.069255297686034 ], [ -77.52744033414146, 39.069427641122118 ], [ -77.528584956167904, 39.069599974019738 ], [ -77.528359630347609, 39.070475385510576 ], [ -77.528134299099293, 39.071350796731451 ] ] ] } },
{ "type": "Feature", "properties": { "id": "51_140", "growth_scenario": "high", "market_gravity_weight": 75 }, "geometry": { "type": "Polygon", "coordinates": [ [ [ -78.852887875910184, 38.471488582296253 ], [ -78.852680230998416, 38.472366264589859 ], [ -78.851541934398185, 38.472206153425788 ], [ -78.851334271331254, 38.473083833447866 ], [ -78.850195966525064, 38.472923709853795 ], [ -78.849057666693994, 38.472763575746839 ], [ -78.847919371838358, 38.472603431126998 ], [ -78.848127074446623, 38.471725756856493 ], [ -78.846988797746775, 38.471565603641253 ], [ -78.847196508559293, 38.470687930933117 ], [ -78.848334772079326, 38.470848082231079 ], [ -78.848542464736681, 38.469970407250514 ], [ -78.849680720052419, 38.470130546118696 ], [ -78.849473040574736, 38.471008223016398 ], [ -78.85061131404521, 38.471168353289094 ], [ -78.851749592490464, 38.47132847304907 ], [ -78.851957245608261, 38.470450792317443 ], [ -78.853095515847784, 38.470610899647845 ], [ -78.852887875910184, 38.471488582296253 ] ] ] } },
{ "type": "Feature", "properties": { "id": "51_141", "growth_scenario": "high", "market_gravity_weight": 75 }, "geometry": { "type": "Polygon", "coordinates": [ [ [ -78.846681392136276, 38.467894754618044 ], [ -78.847819611143578, 38.468054910676685 ], [ -78.847611915257502, 38.468932584451053 ], [ -78.848750152418845, 38.469092731914593 ], [ -78.848542464736681, 38.469970407250514 ], [ -78.848334772079326, 38.470848082231079 ], [ -78.847196508559293, 38.470687930933117 ], [ -78.846988797746775, 38.471565603641253 ], [ -78.84678108195844, 38.472443275994344 ], [ -78.845642797054538, 38.472283110349046 ], [ -78.845850526022787, 38.471405439913404 ], [ -78.844712259274914, 38.471245265673019 ], [ -78.844919996446478, 38.47036759679991 ], [ -78.846058250014906, 38.470527769122754 ], [ -78.84626596903108, 38.469650097976746 ], [ -78.84647368307148, 38.468772426475226 ], [ -78.845335455861033, 38.468612257987232 ], [ -78.845543178104393, 38.467734588047335 ], [ -78.845750895372035, 38.466856917751478 ], [ -78.846889096225652, 38.467017082405 ], [ -78.846681392136276, 38.467894754618044 ] ] ] } },
{ "type": "Feature", "properties": { "id": "51_142", "growth_scenario": "high", "market_gravity_weight": 75 }, "geometry": { "type": "Polygon", "coordinates": [ [ [ -77.284251767747676, 38.706857190680466 ], [ -77.285390130586038, 38.707031755390474 ], [ -77.286528498865508, 38.707206309622052 ], [ -77.286301390717227, 38.708081240139308 ], [ -77.287439777531247, 38.708255785993458 ], [ -77.288578169786007, 38.708430321369001 ], [ -77.289716567481207, 38.7086048462658 ], [ -77.289489493174386, 38.709479782720202 ], [ -77.288351082384807, 38.709305255722462 ], [ -77.28721267703591, 38.709130718245973 ], [ -77.286985571099621, 38.710005650132835 ], [ -77.285847158097383, 38.709831100076293 ], [ -77.284708750536581, 38.709656539540973 ], [ -77.28357034841747, 38.709481968526973 ], [ -77.283797493635944, 38.708607042944074 ], [ -77.284024633412614, 38.707732116995281 ], [ -77.284251767747676, 38.706857190680466 ] ] ] } },
{ "type": "Feature", "properties": { "id": "51_143", "growth_scenario": "high", "market_gravity_weight": 75 }, "geometry": { "type": "Polygon", "coordinates": [ [ [ -77.51302878275159, 39.069984975992668 ], [ -77.514173379372139, 39.070157441659688 ], [ -77.513947878242973, 39.07103282709528 ], [ -77.515092493546391, 39.071205284328798 ], [ -77.514867000236379, 39.0720806715984 ], [ -77.513722371681709, 39.071908212260432 ], [ -77.512577748559337, 39.071735742384242 ], [ -77.512352223314437, 39.072611125174284 ], [ -77.511207592373481, 39.072438642655221 ], [ -77.51006296686559, 39.072266149597972 ], [ -77.510288518612612, 39.071390771017676 ], [ -77.510514064926483, 39.070515392166818 ], [ -77.510739605807373, 39.069640013045145 ], [ -77.51188419156324, 39.069812499787851 ], [ -77.512109713761262, 39.068937118290556 ], [ -77.51325429169934, 39.069109592390845 ], [ -77.51302878275159, 39.069984975992668 ] ] ] } },
{ "type": "Feature", "properties": { "id": "51_144", "growth_scenario": "high", "market_gravity_weight": 75 }, "geometry": { "type": "Polygon", "coordinates": [ [ [ -77.28493039389096, 38.699683208579167 ], [ -77.284703289991015, 38.700558135728976 ], [ -77.283565029678101, 38.700383564770121 ], [ -77.283337907246903, 38.701258489451355 ], [ -77.282199639283931, 38.701083905914118 ], [ -77.281061376762068, 38.70090931189948 ], [ -77.279923119681598, 38.700734707407456 ], [ -77.280150281384337, 38.699859789029382 ], [ -77.280377437645569, 38.698984870283233 ], [ -77.280604588465465, 38.698109951168853 ], [ -77.281742806275815, 38.698284549357659 ], [ -77.282881029527019, 38.69845913706942 ], [ -77.284019258218748, 38.69863371430408 ], [ -77.283792146668659, 38.699508639721095 ], [ -77.28493039389096, 38.699683208579167 ] ] ] } },
{ "type": "Feature", "properties": { "id": "51_145", "growth_scenario": "high", "market_gravity_weight": 75 }, "geometry": { "type": "Polygon", "coordinates": [ [ [ -77.280604588465465, 38.698109951168853 ], [ -77.280377437645569, 38.698984870283233 ], [ -77.280150281384337, 38.699859789029382 ], [ -77.279923119681598, 38.700734707407456 ], [ -77.278784868042848, 38.700560092438067 ], [ -77.279012042835703, 38.699685176161317 ], [ -77.27787380972886, 38.699510552816086 ], [ -77.27810099216957, 38.698635638272407 ], [ -77.27696277759425, 38.698461006551533 ], [ -77.277189967682247, 38.697586093740689 ], [ -77.27741715232824, 38.696711180561067 ], [ -77.278555340725504, 38.696885808079436 ], [ -77.279693534564288, 38.697060425121101 ], [ -77.280831733844266, 38.697235031685899 ], [ -77.281969938565169, 38.697409627773865 ], [ -77.281742806275815, 38.698284549357659 ], [ -77.280604588465465, 38.698109951168853 ] ] ] } },
{ "type": "Feature", "properties": { "id": "51_146", "growth_scenario": "high", "market_gravity_weight": 75 }, "geometry": { "type": "Polygon", "coordinates": [ [ [ -77.269217413437801, 38.682715799989296 ], [ -77.268990174121356, 38.683590697346318 ], [ -77.270128137983662, 38.683765402306513 ], [ -77.269900906308251, 38.684640301392314 ], [ -77.271038888695827, 38.684814997978911 ], [ -77.270811664662062, 38.685689898793683 ], [ -77.269673669190794, 38.685515200106046 ], [ -77.268535679161772, 38.685340490943524 ], [ -77.267397694575294, 38.68516577130633 ], [ -77.267624957859553, 38.684290876795131 ], [ -77.266486991799027, 38.684116148784632 ], [ -77.265349031181401, 38.683941410299639 ], [ -77.265576315188497, 38.683066519618912 ], [ -77.266714262723468, 38.683241256002454 ], [ -77.266941528205209, 38.682366362847773 ], [ -77.268079468100382, 38.682541086655661 ], [ -77.268306715057321, 38.681666191027119 ], [ -77.269444647312312, 38.681840902259665 ], [ -77.269217413437801, 38.682715799989296 ] ] ] } },
{ "type": "Feature", "properties": { "id": "51_147", "growth_scenario": "high", "market_gravity_weight": 75 }, "geometry": { "type": "Polygon", "coordinates": [ [ [ -77.274686364770432, 38.698111711679267 ], [ -77.275824568461118, 38.698286364353784 ], [ -77.27696277759425, 38.698461006551533 ], [ -77.276735582064092, 38.699335918993839 ], [ -77.27787380972886, 38.699510552816086 ], [ -77.277646621846074, 38.700385466991513 ], [ -77.276508381091574, 38.700210831067821 ], [ -77.276281174676498, 38.7010857427736 ], [ -77.275142926274725, 38.70091109427112 ], [ -77.274004683315979, 38.700736435291489 ], [ -77.274231915910534, 38.699861527789174 ], [ -77.273093691484561, 38.699686860434397 ], [ -77.273320931725152, 38.698811954665487 ], [ -77.273548166522502, 38.697937048528004 ], [ -77.273775395876811, 38.697062142021707 ], [ -77.274913581036159, 38.697236803071348 ], [ -77.274686364770432, 38.698111711679267 ] ] ] } },
{ "type": "Feature", "properties": { "id": "51_148", "growth_scenario": "high", "market_gravity_weight": 75 }, "geometry": { "type": "Polygon", "coordinates": [ [ [ -78.351349468517682, 36.67478013994338 ], [ -78.35245943375358, 36.674944950534979 ], [ -78.352250909358872, 36.675822213791271 ], [ -78.351140931616271, 36.675657401352822 ], [ -78.35093238984345, 36.676534661984498 ], [ -78.35072384319902, 36.677411921838576 ], [ -78.349613845313996, 36.677247095445153 ], [ -78.348503852300979, 36.677082258790627 ], [ -78.347393864160281, 36.67691741187501 ], [ -78.347602448325418, 36.67604015756234 ], [ -78.347811027618135, 36.675162902471875 ], [ -78.34892099074564, 36.67532774569306 ], [ -78.349129552659946, 36.674450487977438 ], [ -78.350239508153038, 36.674615319090798 ], [ -78.350448052689458, 36.673738058750239 ], [ -78.35155800054784, 36.673902877755978 ], [ -78.351349468517682, 36.67478013994338 ] ] ] } },
{ "type": "Feature", "properties": { "id": "51_149", "growth_scenario": "high", "market_gravity_weight": 75 }, "geometry": { "type": "Polygon", "coordinates": [ [ [ -77.524617084249499, 39.108104385650101 ], [ -77.524391591177817, 39.108979796242743 ], [ -77.523246358597646, 39.108807423446684 ], [ -77.52302084682502, 39.109682831671876 ], [ -77.52279532961704, 39.110558239636198 ], [ -77.521650075939888, 39.110385852083247 ], [ -77.520504827698574, 39.110213453986546 ], [ -77.520730371438759, 39.109338050235621 ], [ -77.520955909743023, 39.108462646223593 ], [ -77.519810693469154, 39.108290241796695 ], [ -77.520036239602916, 39.107414839630003 ], [ -77.521181442611535, 39.107587241950256 ], [ -77.521406970044524, 39.106711837415396 ], [ -77.522552165223559, 39.106884227085764 ], [ -77.523697365837648, 39.107056606212701 ], [ -77.523471864935132, 39.107932014960362 ], [ -77.524617084249499, 39.108104385650101 ] ] ] } },
{ "type": "Feature", "properties": { "id": "51_15", "growth_scenario": "high", "market_gravity_weight": 75 }, "geometry": { "type": "Polygon", "coordinates": [ [ [ -77.265580931208078, 38.696714113127115 ], [ -77.266719091348719, 38.696888849613359 ], [ -77.266491778022186, 38.697763743138381 ], [ -77.265353604794029, 38.697589004549691 ], [ -77.265126272934722, 38.698463895602849 ], [ -77.263988092064182, 38.69828914443525 ], [ -77.263760741671533, 38.699164033016693 ], [ -77.263533385832972, 38.700038921229144 ], [ -77.26239518423246, 38.699864155379444 ], [ -77.262622553159005, 38.698989269269923 ], [ -77.261484370092674, 38.698814495046832 ], [ -77.261711746660538, 38.697939610671249 ], [ -77.261939117782106, 38.69706472592631 ], [ -77.263077274673691, 38.697239495943528 ], [ -77.263304627262215, 38.696364608726313 ], [ -77.264442776512482, 38.696539366164721 ], [ -77.264670110568531, 38.695664476475251 ], [ -77.265808252177095, 38.695839221335184 ], [ -77.265580931208078, 38.696714113127115 ] ] ] } },
{ "type": "Feature", "properties": { "id": "51_150", "growth_scenario": "high", "market_gravity_weight": 75 }, "geometry": { "type": "Polygon", "coordinates": [ [ [ -77.523940588729729, 39.110730616645206 ], [ -77.525085853277645, 39.110902983110236 ], [ -77.524860357167725, 39.111778395026903 ], [ -77.524634855622651, 39.112653806683241 ], [ -77.523489564540668, 39.112481436005112 ], [ -77.523264044292773, 39.113356845294611 ], [ -77.522118745379146, 39.113184461965503 ], [ -77.520973451901625, 39.113012068092175 ], [ -77.521198998683872, 39.112136663016337 ], [ -77.521424540029884, 39.111261257680134 ], [ -77.520279278522281, 39.111088857476588 ], [ -77.520504827698574, 39.110213453986546 ], [ -77.521650075939888, 39.110385852083247 ], [ -77.52279532961704, 39.110558239636198 ], [ -77.52302084682502, 39.109682831671876 ], [ -77.524166092671294, 39.109855206574395 ], [ -77.523940588729729, 39.110730616645206 ] ] ] } },
{ "type": "Feature", "properties": { "id": "51_151", "growth_scenario": "high", "market_gravity_weight": 75 }, "geometry": { "type": "Polygon", "coordinates": [ [ [ -78.35805224034263, 39.00086495315545 ], [ -78.3578371170357, 39.0017418251701 ], [ -78.358982597453746, 39.001906500381764 ], [ -78.358767482281038, 39.002783374153857 ], [ -78.35855236192242, 39.003660247675903 ], [ -78.35740685486364, 39.003495568448308 ], [ -78.35626135299124, 39.003330878655447 ], [ -78.355115856305531, 39.003166178297455 ], [ -78.355331016625158, 39.002289310799824 ], [ -78.354185538446401, 39.002124601885079 ], [ -78.354400706898886, 39.001247736145309 ], [ -78.355546171757979, 39.001412443051827 ], [ -78.355761321704179, 39.000535575053227 ], [ -78.356906778430343, 39.000700269386726 ], [ -78.357121909870855, 38.999823399129355 ], [ -78.358267358463706, 38.999988080890212 ], [ -78.35805224034263, 39.00086495315545 ] ] ] } },
{ "type": "Feature", "properties": { "id": "51_152", "growth_scenario": "high", "market_gravity_weight": 75 }, "geometry": { "type": "Polygon", "coordinates": [ [ [ -78.892735068840977, 38.457136348229902 ], [ -78.893873221267938, 38.457296078960177 ], [ -78.895011378655781, 38.457455799177836 ], [ -78.89614954100422, 38.457615508882796 ], [ -78.895942453505867, 38.458493264073219 ], [ -78.895735361047031, 38.459371018907518 ], [ -78.894597172338209, 38.459211305379881 ], [ -78.893458988590382, 38.459051581339345 ], [ -78.892320809803763, 38.458891846786017 ], [ -78.892113672842939, 38.459769595529707 ], [ -78.890975485837771, 38.459609848551914 ], [ -78.891182635978694, 38.45873210171996 ], [ -78.891389781157784, 38.457854354531804 ], [ -78.891596921375211, 38.456976606987169 ], [ -78.891804056631159, 38.456098859085955 ], [ -78.892942190917708, 38.456258598417136 ], [ -78.892735068840977, 38.457136348229902 ] ] ] } },
{ "type": "Feature", "properties": { "id": "51_153", "growth_scenario": "high", "market_gravity_weight": 75 }, "geometry": { "type": "Polygon", "coordinates": [ [ [ -78.254723892897687, 39.04952298043186 ], [ -78.25450737944044, 39.05039967998357 ], [ -78.25429086076123, 39.051276379292013 ], [ -78.253144840299882, 39.05111073682027 ], [ -78.253361372305633, 39.050234039534665 ], [ -78.252215370393074, 39.05006838851849 ], [ -78.251069373703075, 39.049902726935052 ], [ -78.249923382235906, 39.049737054784529 ], [ -78.250139948997045, 39.048860363324479 ], [ -78.251285927138525, 39.049026033451952 ], [ -78.251502475351288, 39.048149339725164 ], [ -78.252648445389852, 39.048314997262722 ], [ -78.252864975054862, 39.04743830126921 ], [ -78.254010936990127, 39.047603946217031 ], [ -78.255156904147086, 39.047769580597915 ], [ -78.254940401133169, 39.048646280636738 ], [ -78.254723892897687, 39.04952298043186 ] ] ] } },
{ "type": "Feature", "properties": { "id": "51_154", "growth_scenario": "high", "market_gravity_weight": 75 }, "geometry": { "type": "Polygon", "coordinates": [ [ [ -78.879406023831166, 38.409015921453779 ], [ -78.879198873171333, 38.4098936492652 ], [ -78.880336262927358, 38.410053505158203 ], [ -78.881473657641635, 38.410213350545511 ], [ -78.881266528346003, 38.411091081808131 ], [ -78.881059394092262, 38.411968812702987 ], [ -78.879921973054749, 38.411808963496398 ], [ -78.878784556975859, 38.411649103783986 ], [ -78.87899171755295, 38.41077137670856 ], [ -78.877854319594363, 38.410611508400208 ], [ -78.878061488373859, 38.409733782866674 ], [ -78.876924108535221, 38.409573905962603 ], [ -78.87578673365573, 38.409414018553086 ], [ -78.875993923797495, 38.408536296471155 ], [ -78.876201108980027, 38.407658574020658 ], [ -78.877338457538869, 38.407818457610368 ], [ -78.878475811056504, 38.407978330694853 ], [ -78.878268652194521, 38.408856056964908 ], [ -78.879406023831166, 38.409015921453779 ] ] ] } },
{ "type": "Feature", "properties": { "id": "51_155", "growth_scenario": "high", "market_gravity_weight": 75 }, "geometry": { "type": "Polygon", "coordinates": [ [ [ -78.348019602038619, 36.674285646603344 ], [ -78.349129552659946, 36.674450487977438 ], [ -78.34892099074564, 36.67532774569306 ], [ -78.347811027618135, 36.675162902471875 ], [ -78.347602448325418, 36.67604015756234 ], [ -78.347393864160281, 36.67691741187501 ], [ -78.348503852300979, 36.677082258790627 ], [ -78.348295275770269, 36.67795951417294 ], [ -78.347185275122555, 36.677794665410026 ], [ -78.346075279347602, 36.677629806386001 ], [ -78.34496528844565, 36.677464937100993 ], [ -78.345173902496853, 36.676587687260927 ], [ -78.345382511674956, 36.675710436643044 ], [ -78.345591115980099, 36.674833185247138 ], [ -78.346701069362851, 36.67499804898987 ], [ -78.34690965628937, 36.674120794968545 ], [ -78.347118238343555, 36.673243540168933 ], [ -78.348228171587039, 36.673408389956656 ], [ -78.348019602038619, 36.674285646603344 ] ] ] } },
{ "type": "Feature", "properties": { "id": "51_156", "growth_scenario": "high", "market_gravity_weight": 75 }, "geometry": { "type": "Polygon", "coordinates": [ [ [ -78.833360323938507, 38.439718798901126 ], [ -78.834498076355402, 38.439879078039944 ], [ -78.834290300806657, 38.44075672964626 ], [ -78.834082520282749, 38.441634380889909 ], [ -78.833874734783478, 38.442512031771003 ], [ -78.832736942864074, 38.442351746882011 ], [ -78.8315991559205, 38.442191451484952 ], [ -78.831806967755185, 38.441313804437549 ], [ -78.830669198955164, 38.441153500449431 ], [ -78.829531435131372, 38.440993185953488 ], [ -78.829739268324232, 38.440115542377455 ], [ -78.830877018981056, 38.440275854956369 ], [ -78.831084834030904, 38.439398209100226 ], [ -78.832222576496918, 38.439558509254525 ], [ -78.832430373404335, 38.438680861118499 ], [ -78.833568107679184, 38.438841148848425 ], [ -78.833360323938507, 38.439718798901126 ] ] ] } },
{ "type": "Feature", "properties": { "id": "51_157", "growth_scenario": "high", "market_gravity_weight": 75 }, "geometry": { "type": "Polygon", "coordinates": [ [ [ -77.74304102460647, 38.352753852667298 ], [ -77.744174973202249, 38.352924190812352 ], [ -77.743954419531747, 38.353799948084337 ], [ -77.74282045791729, 38.353629607913099 ], [ -77.742599885964339, 38.354505362730791 ], [ -77.742379308747431, 38.355381117120473 ], [ -77.741245326358865, 38.355210762445594 ], [ -77.741465916594848, 38.354335010082288 ], [ -77.740331952489612, 38.354164646982817 ], [ -77.740552550479933, 38.35328889621789 ], [ -77.740773143205928, 38.352413145024613 ], [ -77.740993730667768, 38.35153739340285 ], [ -77.741214312865623, 38.35066164135231 ], [ -77.74234822489818, 38.350831996346599 ], [ -77.743482142194225, 38.351002340890304 ], [ -77.743261586032034, 38.351878096993083 ], [ -77.74304102460647, 38.352753852667298 ] ] ] } },
{ "type": "Feature", "properties": { "id": "51_158", "growth_scenario": "high", "market_gravity_weight": 75 }, "geometry": { "type": "Polygon", "coordinates": [ [ [ -78.249706810251638, 39.050613746000927 ], [ -78.25085281504478, 39.050779420174663 ], [ -78.251998825060966, 39.050945083781123 ], [ -78.253144840299882, 39.05111073682027 ], [ -78.252928303071684, 39.051987433862834 ], [ -78.251782274506112, 39.051821778800644 ], [ -78.251565718728344, 39.052698473577053 ], [ -78.251349157727461, 39.053575168110655 ], [ -78.250203107730982, 39.053409498434448 ], [ -78.250419682058933, 39.052532805924159 ], [ -78.249273650612906, 39.052367127703803 ], [ -78.248127624390605, 39.052201438916015 ], [ -78.248344220148113, 39.051324750209623 ], [ -78.247198212476022, 39.051159052878063 ], [ -78.247414816335635, 39.050282365951901 ], [ -78.248560810681823, 39.050448061259978 ], [ -78.248777395991894, 39.049571372066829 ], [ -78.249923382235906, 39.049737054784529 ], [ -78.249706810251638, 39.050613746000927 ] ] ] } },
{ "type": "Feature", "properties": { "id": "51_159", "growth_scenario": "high", "market_gravity_weight": 75 }, "geometry": { "type": "Polygon", "coordinates": [ [ [ -77.773956626793066, 38.304681588304568 ], [ -77.773736573140468, 38.305557401036893 ], [ -77.772603287376242, 38.305387334916162 ], [ -77.772383215470072, 38.306263145191011 ], [ -77.771249921949575, 38.306093066604781 ], [ -77.771470006860739, 38.305217258349593 ], [ -77.770336731594199, 38.305047171337257 ], [ -77.769203461576964, 38.30487707387929 ], [ -77.769423567247983, 38.304001269225381 ], [ -77.770556824260879, 38.304171364663603 ], [ -77.770776911678468, 38.303295557551635 ], [ -77.771910160936244, 38.303465640524685 ], [ -77.772130230100984, 38.302589830954659 ], [ -77.773263471603272, 38.302759901462814 ], [ -77.774396718353714, 38.302929961525464 ], [ -77.77417667519741, 38.303805775134187 ], [ -77.773956626793066, 38.304681588304568 ] ] ] } },
{ "type": "Feature", "properties": { "id": "51_16", "growth_scenario": "high", "market_gravity_weight": 75 }, "geometry": { "type": "Polygon", "coordinates": [ [ [ -77.47822979550206, 38.9928916540401 ], [ -77.479373096757541, 38.993064438002115 ], [ -77.479147415881727, 38.993939748840134 ], [ -77.478921729575646, 38.994815059387783 ], [ -77.478696037839114, 38.995690369645388 ], [ -77.477552696926566, 38.995517579375907 ], [ -77.476409361444993, 38.995344778580353 ], [ -77.475266031394639, 38.995171967258827 ], [ -77.47412270677583, 38.994999145411377 ], [ -77.474348451388465, 38.994123843564715 ], [ -77.47549176278855, 38.994296663309264 ], [ -77.475717488751101, 38.993421359069352 ], [ -77.476860792363894, 38.993594166185375 ], [ -77.477086499676972, 38.992718859552305 ], [ -77.477312201559386, 38.991843552628524 ], [ -77.478455484166233, 38.992016345013958 ], [ -77.47822979550206, 38.9928916540401 ] ] ] } },
{ "type": "Feature", "properties": { "id": "51_160", "growth_scenario": "high", "market_gravity_weight": 75 }, "geometry": { "type": "Polygon", "coordinates": [ [ [ -78.343855302416969, 36.677300057554987 ], [ -78.34496528844565, 36.677464937100993 ], [ -78.344756669521146, 36.678342186163455 ], [ -78.345866672930043, 36.678507057296059 ], [ -78.345658061639298, 36.679384307428741 ], [ -78.344548045723201, 36.679219434448477 ], [ -78.344339417051629, 36.680096681956194 ], [ -78.343229393501829, 36.679931796866867 ], [ -78.342119374826098, 36.679766901516381 ], [ -78.342328028512128, 36.678889657704438 ], [ -78.341218027217707, 36.678724753940791 ], [ -78.341426688536259, 36.677847511199452 ], [ -78.341635344980574, 36.676970267680353 ], [ -78.342745321261845, 36.677135167748105 ], [ -78.3429539603259, 36.676257921603387 ], [ -78.344063928974677, 36.67642280956251 ], [ -78.343855302416969, 36.677300057554987 ] ] ] } },
{ "type": "Feature", "properties": { "id": "51_161", "growth_scenario": "high", "market_gravity_weight": 75 }, "geometry": { "type": "Polygon", "coordinates": [ [ [ -78.337745818883235, 36.683658333577156 ], [ -78.338855885472398, 36.683823268953311 ], [ -78.339965956937277, 36.683988194068021 ], [ -78.341076033277631, 36.684153108921123 ], [ -78.342186114493131, 36.684318013512595 ], [ -78.343296200583538, 36.684482907842352 ], [ -78.343087542666709, 36.685360150690371 ], [ -78.341977444067339, 36.68519525451228 ], [ -78.341768768766499, 36.686072494735889 ], [ -78.340658662533173, 36.685907586447492 ], [ -78.339548561175363, 36.685742667897209 ], [ -78.338438464693354, 36.685577739085225 ], [ -78.338647177520826, 36.684700504407395 ], [ -78.337537098423397, 36.684535567182529 ], [ -78.336427024202123, 36.684370619696061 ], [ -78.336635757170043, 36.683493387939507 ], [ -78.336844485261722, 36.682616155406329 ], [ -78.337954534467073, 36.682781099195253 ], [ -78.337745818883235, 36.683658333577156 ] ] ] } },
{ "type": "Feature", "properties": { "id": "51_162", "growth_scenario": "high", "market_gravity_weight": 75 }, "geometry": { "type": "Polygon", "coordinates": [ [ [ -77.207967232628405, 38.754277199421786 ], [ -77.207739036425949, 38.755151988397152 ], [ -77.208877969101891, 38.75532725809343 ], [ -77.210016907247265, 38.755502517308095 ], [ -77.211155850861786, 38.755677766041231 ], [ -77.210927688495701, 38.756552560997235 ], [ -77.209788731778957, 38.756377310151201 ], [ -77.209560550841275, 38.757252102636251 ], [ -77.208421586491554, 38.757076839195491 ], [ -77.207282627611647, 38.756901565272948 ], [ -77.20614367420184, 38.756726280868733 ], [ -77.205004726262445, 38.756550985983004 ], [ -77.205232959608225, 38.755676201950934 ], [ -77.206371894445894, 38.755851494723267 ], [ -77.206600109219721, 38.754976708219488 ], [ -77.206828318523534, 38.754101921357218 ], [ -77.207056522357547, 38.753227134136267 ], [ -77.208195423361346, 38.75340241008783 ], [ -77.207967232628405, 38.754277199421786 ] ] ] } },
{ "type": "Feature", "properties": { "id": "51_163", "growth_scenario": "high", "market_gravity_weight": 75 }, "geometry": { "type": "Polygon", "coordinates": [ [ [ -77.211157702555553, 38.751128547715638 ], [ -77.212296580663264, 38.751303785885732 ], [ -77.212068445639531, 38.752178582634215 ], [ -77.21320734231611, 38.752353812435523 ], [ -77.214346244460486, 38.752529031755451 ], [ -77.2141181301714, 38.753403832369798 ], [ -77.212979214925554, 38.753228610937519 ], [ -77.211840305147703, 38.753053379023854 ], [ -77.210701400838119, 38.752878136628823 ], [ -77.209562501997112, 38.752702883752548 ], [ -77.209334329834476, 38.753577675558141 ], [ -77.208195423361346, 38.75340241008783 ], [ -77.208423608624955, 38.752527620395092 ], [ -77.207284720721944, 38.752352346556457 ], [ -77.207512913616895, 38.751477558617552 ], [ -77.208651788419417, 38.751652830343318 ], [ -77.2097906686909, 38.751828091588052 ], [ -77.21001882991601, 38.750953299064506 ], [ -77.210246985672669, 38.750078506181666 ], [ -77.211385845211893, 38.750253752720312 ], [ -77.211157702555553, 38.751128547715638 ] ] ] } },
{ "type": "Feature", "properties": { "id": "51_164", "growth_scenario": "high", "market_gravity_weight": 75 }, "geometry": { "type": "Polygon", "coordinates": [ [ [ -77.512594757387248, 39.076285134035416 ], [ -77.512369218229367, 39.077160517581682 ], [ -77.512143673638036, 39.078035900858858 ], [ -77.511918123613057, 39.078911283867136 ], [ -77.510773394471627, 39.078738797150606 ], [ -77.510998957750019, 39.077863416247716 ], [ -77.509854247295934, 39.077690921097684 ], [ -77.508709542276065, 39.077518415408882 ], [ -77.508935126626184, 39.07664303844782 ], [ -77.507790440293377, 39.076470524325927 ], [ -77.508016032461384, 39.075595149201014 ], [ -77.50916070554193, 39.075767661217448 ], [ -77.509386279023573, 39.07489228371746 ], [ -77.510530944286117, 39.075064783090049 ], [ -77.510305384056636, 39.075940162695353 ], [ -77.511450068005161, 39.076112653634716 ], [ -77.511675614982309, 39.075237271924188 ], [ -77.512820291111865, 39.075409750219833 ], [ -77.512594757387248, 39.076285134035416 ] ] ] } },
{ "type": "Feature", "properties": { "id": "51_165", "growth_scenario": "high", "market_gravity_weight": 75 }, "geometry": { "type": "Polygon", "coordinates": [ [ [ -77.283773442767782, 38.667664268800948 ], [ -77.283546424519713, 38.668539192159308 ], [ -77.283319400835765, 38.669414115142402 ], [ -77.282181628923027, 38.669239531769769 ], [ -77.282408665686276, 38.668364610885178 ], [ -77.281270912289017, 38.66819001913796 ], [ -77.280133164328234, 38.668015416917775 ], [ -77.278995421804225, 38.667840804224674 ], [ -77.277857684717262, 38.667666181058728 ], [ -77.276719953067655, 38.667491547419971 ], [ -77.275582226855676, 38.667316903308581 ], [ -77.275809336652728, 38.666441994641424 ], [ -77.27694704978687, 38.666616636653785 ], [ -77.27808476835844, 38.666791268193521 ], [ -77.279222492367154, 38.666965889260645 ], [ -77.280360221812742, 38.66714049985503 ], [ -77.280587273860661, 38.666265582416536 ], [ -77.281724995664476, 38.66644018043953 ], [ -77.282862722904383, 38.666614767989785 ], [ -77.282635697013333, 38.667489689625228 ], [ -77.283773442767782, 38.667664268800948 ] ] ] } },
{ "type": "Feature", "properties": { "id": "51_166", "growth_scenario": "high", "market_gravity_weight": 75 }, "geometry": { "type": "Polygon", "coordinates": [ [ [ -77.536446236474376, 39.089879011046584 ], [ -77.537591202021872, 39.090051261630336 ], [ -77.537365921288753, 39.090926692742713 ], [ -77.538510905525499, 39.091098934888187 ], [ -77.538285632625033, 39.091974367839327 ], [ -77.537140635127116, 39.091802123590291 ], [ -77.536915343536734, 39.092677554173392 ], [ -77.535770338206262, 39.092505297278734 ], [ -77.534625338304977, 39.092333029842123 ], [ -77.534850656417746, 39.091457603466608 ], [ -77.533705675206875, 39.09128532759199 ], [ -77.533931001150933, 39.090409903055622 ], [ -77.534156321665577, 39.08953447825418 ], [ -77.535301276355511, 39.089706749921191 ], [ -77.535526578180921, 39.088831322750913 ], [ -77.536671525039566, 39.089003581772729 ], [ -77.536446236474376, 39.089879011046584 ] ] ] } },
{ "type": "Feature", "properties": { "id": "51_167", "growth_scenario": "high", "market_gravity_weight": 75 }, "geometry": { "type": "Polygon", "coordinates": [ [ [ -78.35731627752719, 36.673849546673992 ], [ -78.357107812900608, 36.67472681887169 ], [ -78.35689934340428, 36.675604090291593 ], [ -78.356690869038061, 36.676481360933984 ], [ -78.355580871812478, 36.676316589540058 ], [ -78.355789358686081, 36.67543932074409 ], [ -78.354679378838043, 36.675274540935433 ], [ -78.353569403860448, 36.675109750865744 ], [ -78.353777910877582, 36.674232484985062 ], [ -78.35398641302416, 36.673355218326307 ], [ -78.35509636298849, 36.673520004703136 ], [ -78.355304847758461, 36.672642735419899 ], [ -78.356414790086504, 36.672807509689576 ], [ -78.357524737284209, 36.672972273698399 ], [ -78.358634689351319, 36.673137027446323 ], [ -78.358426242101018, 36.674014302267942 ], [ -78.35731627752719, 36.673849546673992 ] ] ] } },
{ "type": "Feature", "properties": { "id": "51_168", "growth_scenario": "high", "market_gravity_weight": 75 }, "geometry": { "type": "Polygon", "coordinates": [ [ [ -77.525103654695869, 39.115452406545948 ], [ -77.524878144676848, 39.116327819269777 ], [ -77.523732795087085, 39.116155450709108 ], [ -77.523507266363396, 39.117030861066688 ], [ -77.522361908941107, 39.116858479854287 ], [ -77.521216556955409, 39.116686088097111 ], [ -77.521442112216192, 39.115810681953711 ], [ -77.521667662040286, 39.114935275550735 ], [ -77.520522342027704, 39.114762877463363 ], [ -77.520747899682974, 39.113887472907784 ], [ -77.521893206427862, 39.114059868888091 ], [ -77.523038518609084, 39.114232254324079 ], [ -77.524183836226314, 39.114404629215642 ], [ -77.525329159279266, 39.114576993562736 ], [ -77.526474487767643, 39.11474934736524 ], [ -77.526248996452694, 39.115624762455134 ], [ -77.525103654695869, 39.115452406545948 ] ] ] } },
{ "type": "Feature", "properties": { "id": "51_169", "growth_scenario": "high", "market_gravity_weight": 75 }, "geometry": { "type": "Polygon", "coordinates": [ [ [ -77.52465262922199, 39.117203231734294 ], [ -77.524427108331153, 39.118078643939739 ], [ -77.524201582004082, 39.118954055886384 ], [ -77.523056192606916, 39.118781681004634 ], [ -77.522830647573741, 39.119657090585349 ], [ -77.521685250343737, 39.119484703051242 ], [ -77.521910808646439, 39.118609295577883 ], [ -77.520765430122964, 39.118436899606088 ], [ -77.520990996257723, 39.117561493981142 ], [ -77.519845636440365, 39.117389089571986 ], [ -77.520071210406613, 39.11651368579529 ], [ -77.520296778935659, 39.115638281759118 ], [ -77.521442112216192, 39.115810681953711 ], [ -77.521216556955409, 39.116686088097111 ], [ -77.522361908941107, 39.116858479854287 ], [ -77.523507266363396, 39.117030861066688 ], [ -77.523732795087085, 39.116155450709108 ], [ -77.524878144676848, 39.116327819269777 ], [ -77.52465262922199, 39.117203231734294 ] ] ] } },
{ "type": "Feature", "properties": { "id": "51_17", "growth_scenario": "high", "market_gravity_weight": 75 }, "geometry": { "type": "Polygon", "coordinates": [ [ [ -77.778776404080332, 38.31358416143965 ], [ -77.778556381233869, 38.314459982356759 ], [ -77.777422946916587, 38.314289960739195 ], [ -77.776289517847971, 38.314119928674451 ], [ -77.776069463735624, 38.314995745116533 ], [ -77.774936026907483, 38.314825700584734 ], [ -77.773802595328746, 38.314655645605789 ], [ -77.773582509949904, 38.315531457572142 ], [ -77.772449070612495, 38.315361390125858 ], [ -77.771315636525259, 38.315191312232486 ], [ -77.771535747920694, 38.314315504306627 ], [ -77.772669168999727, 38.314485580179714 ], [ -77.772889262136971, 38.313609769797658 ], [ -77.774022675457886, 38.31377983320359 ], [ -77.774242750337478, 38.312904020365458 ], [ -77.775376155899906, 38.313074071304499 ], [ -77.776509566711383, 38.313244111796564 ], [ -77.77764298277161, 38.313414141841619 ], [ -77.777863013378152, 38.312538322508082 ], [ -77.778996421678585, 38.312708340086544 ], [ -77.778776404080332, 38.31358416143965 ] ] ] } },
{ "type": "Feature", "properties": { "id": "51_170", "growth_scenario": "high", "market_gravity_weight": 75 }, "geometry": { "type": "Polygon", "coordinates": [ [ [ -80.040727905035851, 37.19539477510412 ], [ -80.041849174497798, 37.195543929401275 ], [ -80.041659096296712, 37.19642377034787 ], [ -80.042780383093614, 37.196572915963884 ], [ -80.04259031325698, 37.197452758019047 ], [ -80.04146901361014, 37.19730361069437 ], [ -80.041278926437954, 37.198183450440993 ], [ -80.040157618426704, 37.198034291017585 ], [ -80.040347718448942, 37.197154452979817 ], [ -80.039226427773656, 37.197005284875345 ], [ -80.038105141584566, 37.196856106381148 ], [ -80.036983859881957, 37.196706917497195 ], [ -80.035862582666113, 37.196557718223588 ], [ -80.036052729599945, 37.19567788642189 ], [ -80.037173993966647, 37.195827083986366 ], [ -80.038295262819958, 37.195976271161214 ], [ -80.039416536159592, 37.196125447946471 ], [ -80.039606640059489, 37.195245610417366 ], [ -80.039796739473502, 37.194365772287789 ], [ -80.040917991600836, 37.194514935265872 ], [ -80.040727905035851, 37.19539477510412 ] ] ] } },
{ "type": "Feature", "properties": { "id": "51_171", "growth_scenario": "high", "market_gravity_weight": 75 }, "geometry": { "type": "Polygon", "coordinates": [ [ [ -78.361547750439641, 36.675385787064847 ], [ -78.362657746996689, 36.675550503459903 ], [ -78.362449340038424, 36.676427784109855 ], [ -78.362240928211591, 36.677305063982615 ], [ -78.362032511516063, 36.678182343078397 ], [ -78.360922477434357, 36.678017621145706 ], [ -78.359812448221803, 36.6778528889513 ], [ -78.358702423878668, 36.67768814649537 ], [ -78.358910878099167, 36.676810872937743 ], [ -78.359119327450131, 36.675933598602924 ], [ -78.359327771931731, 36.675056323490708 ], [ -78.360437758751232, 36.675221060408404 ], [ -78.360646185856297, 36.674343782672686 ], [ -78.361756165037193, 36.674508507483282 ], [ -78.361547750439641, 36.675385787064847 ] ] ] } },
{ "type": "Feature", "properties": { "id": "51_172", "growth_scenario": "high", "market_gravity_weight": 75 }, "geometry": { "type": "Polygon", "coordinates": [ [ [ -78.361273573846702, 39.002235819109735 ], [ -78.362419069821001, 39.002400462625936 ], [ -78.362203994610084, 39.003277342421171 ], [ -78.36334950909017, 39.003441977379552 ], [ -78.363134442015493, 39.004318858932507 ], [ -78.361988914214123, 39.004154221966552 ], [ -78.361773828632963, 39.005031101262304 ], [ -78.360628292695424, 39.004866451723046 ], [ -78.360413188607239, 39.005743328761433 ], [ -78.359267644533901, 39.005578666648631 ], [ -78.359482761943582, 39.004701791618224 ], [ -78.358337236377707, 39.004537120947965 ], [ -78.35855236192242, 39.003660247675903 ], [ -78.359697874167296, 39.003824916338196 ], [ -78.359912981205213, 39.002948040808278 ], [ -78.360128083057504, 39.002071165028283 ], [ -78.360343179724396, 39.001194288998107 ], [ -78.361488657193291, 39.001358941071899 ], [ -78.361273573846702, 39.002235819109735 ] ] ] } },
{ "type": "Feature", "properties": { "id": "51_173", "growth_scenario": "high", "market_gravity_weight": 75 }, "geometry": { "type": "Polygon", "coordinates": [ [ [ -77.24236882999989, 38.945175633214895 ], [ -77.242140448821374, 38.946050504190168 ], [ -77.243282450676617, 38.946225460919401 ], [ -77.243054077183785, 38.9471003337067 ], [ -77.244196097702428, 38.947275282051017 ], [ -77.243967731895907, 38.948150156650598 ], [ -77.242825698202154, 38.947975206182136 ], [ -77.242597313731508, 38.948850078345949 ], [ -77.242368923771664, 38.949724950198323 ], [ -77.24122686921622, 38.949549984971966 ], [ -77.241455272351573, 38.948675115244001 ], [ -77.240313236461105, 38.948500141632898 ], [ -77.240541647281944, 38.947625273717847 ], [ -77.2407700526132, 38.946750405490988 ], [ -77.240998452455059, 38.945875536952123 ], [ -77.24122684680772, 38.945000668101017 ], [ -77.241455235671367, 38.944125798937534 ], [ -77.242597205689719, 38.944300761927344 ], [ -77.24236882999989, 38.945175633214895 ] ] ] } },
{ "type": "Feature", "properties": { "id": "51_174", "growth_scenario": "high", "market_gravity_weight": 75 }, "geometry": { "type": "Polygon", "coordinates": [ [ [ -78.890561170669713, 38.461365341147875 ], [ -78.890354005642251, 38.462243086912267 ], [ -78.889215784057583, 38.462083323685484 ], [ -78.888077567435772, 38.461923549945645 ], [ -78.887870371083736, 38.462801291530006 ], [ -78.886732146244313, 38.462641505364793 ], [ -78.886939355777074, 38.461763765692837 ], [ -78.887146560346423, 38.460886025665204 ], [ -78.887353759952518, 38.460008285281639 ], [ -78.887560954595543, 38.459130544542035 ], [ -78.888699126713789, 38.459290323057985 ], [ -78.889837303794636, 38.459450091061292 ], [ -78.890975485837771, 38.459609848551914 ], [ -78.890768330734858, 38.460487595027786 ], [ -78.890561170669713, 38.461365341147875 ] ] ] } },
{ "type": "Feature", "properties": { "id": "51_175", "growth_scenario": "high", "market_gravity_weight": 75 }, "geometry": { "type": "Polygon", "coordinates": [ [ [ -77.787471846518727, 38.325793847446597 ], [ -77.788605481687966, 38.325963776348559 ], [ -77.788385538992969, 38.326839614270511 ], [ -77.787251890809728, 38.326669683349067 ], [ -77.787031929852958, 38.3275455188191 ], [ -77.785898273903285, 38.327375575428682 ], [ -77.785678294684175, 38.328251408446683 ], [ -77.784544630968469, 38.328081452587135 ], [ -77.783410972501471, 38.327911486278275 ], [ -77.783630977748885, 38.327035657300129 ], [ -77.783850977747505, 38.32615982788942 ], [ -77.784070972497531, 38.325283998045954 ], [ -77.785204591923218, 38.325453958295256 ], [ -77.786338216597059, 38.325623908095466 ], [ -77.786558180072092, 38.324748073779766 ], [ -77.787691796980198, 38.324918011111436 ], [ -77.787471846518727, 38.325793847446597 ] ] ] } },
{ "type": "Feature", "properties": { "id": "51_176", "growth_scenario": "high", "market_gravity_weight": 75 }, "geometry": { "type": "Polygon", "coordinates": [ [ [ -77.791092679187599, 38.325427760411792 ], [ -77.790872767767951, 38.326303602804742 ], [ -77.790652851101598, 38.327179444765278 ], [ -77.790432929188356, 38.328055286293605 ], [ -77.789299257495784, 38.327885374251636 ], [ -77.7890793173205, 38.32876121332847 ], [ -77.787945637860474, 38.3285912888174 ], [ -77.788165591050543, 38.327715451760099 ], [ -77.787031929852958, 38.3275455188191 ], [ -77.787251890809728, 38.326669683349067 ], [ -77.788385538992969, 38.326839614270511 ], [ -77.788605481687966, 38.325963776348559 ], [ -77.787471846518727, 38.325793847446597 ], [ -77.787691796980198, 38.324918011111436 ], [ -77.788825419135676, 38.325087937994013 ], [ -77.789959046538243, 38.325257854427477 ], [ -77.790178965725218, 38.324382013620983 ], [ -77.791312585360728, 38.324551917586213 ], [ -77.791092679187599, 38.325427760411792 ] ] ] } },
{ "type": "Feature", "properties": { "id": "51_177", "growth_scenario": "high", "market_gravity_weight": 75 }, "geometry": { "type": "Polygon", "coordinates": [ [ [ -77.767475049175388, 38.316432618290833 ], [ -77.767254883001897, 38.31730841884751 ], [ -77.768388340361568, 38.317478534144286 ], [ -77.768168181945015, 38.318354336286468 ], [ -77.76794801827667, 38.319230137993429 ], [ -77.767727849356362, 38.320105939265424 ], [ -77.766594352969435, 38.31993581790546 ], [ -77.766374165787326, 38.320811616721372 ], [ -77.765240661643361, 38.320641482892626 ], [ -77.765460861834939, 38.319765686098037 ], [ -77.764327375953172, 38.319595543843135 ], [ -77.76454758390102, 38.31871974863494 ], [ -77.765681056773801, 38.318889888868455 ], [ -77.765901246460118, 38.318014091203707 ], [ -77.766121430894088, 38.317138293103575 ], [ -77.766341610075898, 38.316262494567887 ], [ -77.766561784005745, 38.315386695596402 ], [ -77.767695210097173, 38.315556817298429 ], [ -77.767475049175388, 38.316432618290833 ] ] ] } },
{ "type": "Feature", "properties": { "id": "51_178", "growth_scenario": "high", "market_gravity_weight": 75 }, "geometry": { "type": "Polygon", "coordinates": [ [ [ -77.767002116110206, 38.313635096345415 ], [ -77.766781952683772, 38.314510896188921 ], [ -77.765648544851715, 38.31434076606093 ], [ -77.764515142271549, 38.314170625486248 ], [ -77.764294947578549, 38.315046420851729 ], [ -77.763161537243363, 38.314876267809211 ], [ -77.762028132160808, 38.314706104320003 ], [ -77.762248352868014, 38.313830312996934 ], [ -77.761114966045241, 38.313660141082543 ], [ -77.761335194506231, 38.312784351344192 ], [ -77.762468568322475, 38.31295452123738 ], [ -77.762688778524364, 38.312078729041062 ], [ -77.763822144586726, 38.312248886466769 ], [ -77.764955515901178, 38.312419033446169 ], [ -77.766088892467437, 38.312589169979042 ], [ -77.765868721285429, 38.313464968238215 ], [ -77.767002116110206, 38.313635096345415 ] ] ] } },
{ "type": "Feature", "properties": { "id": "51_179", "growth_scenario": "high", "market_gravity_weight": 75 }, "geometry": { "type": "Polygon", "coordinates": [ [ [ -78.88373199469234, 38.460406615567393 ], [ -78.883524750582723, 38.461284349857323 ], [ -78.882386558779487, 38.461124523553288 ], [ -78.882179296525536, 38.462002255574333 ], [ -78.881041096507033, 38.461842416844689 ], [ -78.880833816108165, 38.46272014659683 ], [ -78.879695607874751, 38.462560295441264 ], [ -78.879902901453619, 38.461682567602388 ], [ -78.878764711365562, 38.461522707847479 ], [ -78.878972013158545, 38.460644981565757 ], [ -78.879179309986071, 38.459767254927804 ], [ -78.880317473715408, 38.45992711085637 ], [ -78.880524752398713, 38.459049381948802 ], [ -78.881662907913977, 38.459209225452035 ], [ -78.882801068393775, 38.459369058442945 ], [ -78.882593816068848, 38.460246791176239 ], [ -78.88373199469234, 38.460406615567393 ] ] ] } },
{ "type": "Feature", "properties": { "id": "51_18", "growth_scenario": "high", "market_gravity_weight": 75 }, "geometry": { "type": "Polygon", "coordinates": [ [ [ -77.784629856474737, 38.309009152239781 ], [ -77.78440991714389, 38.309884983850182 ], [ -77.784189972566949, 38.310760815024089 ], [ -77.783056582301569, 38.31059084529101 ], [ -77.781923197282765, 38.31042086511102 ], [ -77.781703221443365, 38.311296691810931 ], [ -77.780569828663658, 38.311126699165001 ], [ -77.780789817510851, 38.310250874484083 ], [ -77.781009801110883, 38.309375049366665 ], [ -77.779876439593465, 38.309205050312002 ], [ -77.780096430953549, 38.308329226776863 ], [ -77.781229779463942, 38.308499223812532 ], [ -77.781449752570197, 38.307623397821487 ], [ -77.782583093320454, 38.307793382391857 ], [ -77.783716439317018, 38.307963356515586 ], [ -77.783496492224828, 38.308839186544105 ], [ -77.784629856474737, 38.309009152239781 ] ] ] } },
{ "type": "Feature", "properties": { "id": "51_180", "growth_scenario": "high", "market_gravity_weight": 75 }, "geometry": { "type": "Polygon", "coordinates": [ [ [ -78.363064264345596, 38.999769821738802 ], [ -78.362849204688587, 39.000646702284925 ], [ -78.363994679206698, 39.000811331221115 ], [ -78.363779627685588, 39.001688213524005 ], [ -78.363564570980145, 39.002565095576806 ], [ -78.364710077323807, 39.002729717962275 ], [ -78.364495028754988, 39.003606601772397 ], [ -78.36427997500175, 39.004483485332869 ], [ -78.363134442015493, 39.004318858932507 ], [ -78.36334950909017, 39.003441977379552 ], [ -78.362203994610084, 39.003277342421171 ], [ -78.362419069821001, 39.002400462625936 ], [ -78.361273573846702, 39.002235819109735 ], [ -78.361488657193291, 39.001358941071899 ], [ -78.361703735354936, 39.000482062783668 ], [ -78.360558271206045, 39.000317412717436 ], [ -78.360773357502623, 38.999440536186114 ], [ -78.361918808331822, 38.999605184244885 ], [ -78.362133876124147, 38.998728305455373 ], [ -78.363279318818329, 38.998892940942014 ], [ -78.363064264345596, 38.999769821738802 ] ] ] } },
{ "type": "Feature", "properties": { "id": "51_181", "growth_scenario": "high", "market_gravity_weight": 75 }, "geometry": { "type": "Polygon", "coordinates": [ [ [ -78.359953076162071, 36.672424493487732 ], [ -78.361063025460354, 36.672589224867949 ], [ -78.360854608092623, 36.673466504159222 ], [ -78.360646185856297, 36.674343782672686 ], [ -78.360437758751232, 36.675221060408404 ], [ -78.359327771931731, 36.675056323490708 ], [ -78.359119327450131, 36.675933598602924 ], [ -78.358910878099167, 36.676810872937743 ], [ -78.357800871133719, 36.676646122066543 ], [ -78.358009332992381, 36.675768849577921 ], [ -78.358217789981438, 36.674891576311786 ], [ -78.358426242101018, 36.674014302267942 ], [ -78.358634689351319, 36.673137027446323 ], [ -78.357524737284209, 36.672972273698399 ], [ -78.357733192171835, 36.672094999944697 ], [ -78.358843131732471, 36.672259751846653 ], [ -78.359051569244684, 36.671382475468747 ], [ -78.360161501167923, 36.671547215264049 ], [ -78.359953076162071, 36.672424493487732 ] ] ] } },
{ "type": "Feature", "properties": { "id": "51_182", "growth_scenario": "high", "market_gravity_weight": 75 }, "geometry": { "type": "Polygon", "coordinates": [ [ [ -78.251349157727461, 39.053575168110655 ], [ -78.251132591503278, 39.054451862401713 ], [ -78.249986528179434, 39.054286190702065 ], [ -78.249769943404118, 39.05516288272716 ], [ -78.249553353404821, 39.056039574509953 ], [ -78.248407268649501, 39.055873888195286 ], [ -78.248623871976562, 39.054997198436205 ], [ -78.247477805773286, 39.054831503577454 ], [ -78.247694417203363, 39.05395481559971 ], [ -78.246548369551761, 39.053789112197144 ], [ -78.246764989084269, 39.052912426000496 ], [ -78.2469816033923, 39.052035739560814 ], [ -78.248127624390605, 39.052201438916015 ], [ -78.249273650612906, 39.052367127703803 ], [ -78.250419682058933, 39.052532805924159 ], [ -78.250203107730982, 39.053409498434448 ], [ -78.251349157727461, 39.053575168110655 ] ] ] } },
{ "type": "Feature", "properties": { "id": "51_183", "growth_scenario": "high", "market_gravity_weight": 75 }, "geometry": { "type": "Polygon", "coordinates": [ [ [ -77.271037010268515, 38.680265802238729 ], [ -77.272174927241949, 38.680440488321295 ], [ -77.271947730415107, 38.681315390997945 ], [ -77.27080980035943, 38.681140702814766 ], [ -77.270582585009038, 38.682015603017959 ], [ -77.270355364217181, 38.68289050284848 ], [ -77.270128137983662, 38.683765402306513 ], [ -77.268990174121356, 38.683590697346318 ], [ -77.269217413437801, 38.682715799989296 ], [ -77.269444647312312, 38.681840902259665 ], [ -77.268306715057321, 38.681666191027119 ], [ -77.268079468100382, 38.682541086655661 ], [ -77.266941528205209, 38.682366362847773 ], [ -77.267168788244405, 38.681491469320306 ], [ -77.267396042841241, 38.680616575419904 ], [ -77.268533956572199, 38.680791295025692 ], [ -77.268761192645229, 38.679916398651251 ], [ -77.26989909873619, 38.680091105681996 ], [ -77.270126316285968, 38.679216206833615 ], [ -77.271264214736505, 38.679390901289693 ], [ -77.271037010268515, 38.680265802238729 ] ] ] } },
{ "type": "Feature", "properties": { "id": "51_184", "growth_scenario": "high", "market_gravity_weight": 75 }, "geometry": { "type": "Polygon", "coordinates": [ [ [ -78.35260968634843, 39.003713609116545 ], [ -78.352824878495369, 39.002836745886157 ], [ -78.353970364806813, 39.003001467374283 ], [ -78.355115856305531, 39.003166178297455 ], [ -78.35626135299124, 39.003330878655447 ], [ -78.35740685486364, 39.003495568448308 ], [ -78.35855236192242, 39.003660247675903 ], [ -78.358337236377707, 39.004537120947965 ], [ -78.358122105646714, 39.005413993970251 ], [ -78.356976571946007, 39.005249310726384 ], [ -78.355831043432048, 39.005084616916953 ], [ -78.355615880871966, 39.005961485673055 ], [ -78.354470344224026, 39.00579677928976 ], [ -78.35468552010515, 39.004919912542206 ], [ -78.353540001965627, 39.00475519760213 ], [ -78.353755185979949, 39.00387833261324 ], [ -78.35260968634843, 39.003713609116545 ] ] ] } },
{ "type": "Feature", "properties": { "id": "51_185", "growth_scenario": "high", "market_gravity_weight": 75 }, "geometry": { "type": "Polygon", "coordinates": [ [ [ -77.38151176990047, 37.670243791483117 ], [ -77.38128896282528, 37.671118980006469 ], [ -77.380166293411335, 37.670945281693911 ], [ -77.379043629262, 37.670771573034941 ], [ -77.378820791442052, 37.671646756931587 ], [ -77.377698119817623, 37.671473035911902 ], [ -77.376575453458543, 37.671299304545776 ], [ -77.376798316758183, 37.670424124677801 ], [ -77.37567566840427, 37.67025038497983 ], [ -77.375898539177811, 37.669375206527619 ], [ -77.377021174792432, 37.669548944211151 ], [ -77.377244027561431, 37.668673763145698 ], [ -77.378366655702081, 37.668847488468884 ], [ -77.379489289107497, 37.669021203445908 ], [ -77.380611927777394, 37.669194908076797 ], [ -77.38038911322657, 37.670070095184627 ], [ -77.38151176990047, 37.670243791483117 ] ] ] } },
{ "type": "Feature", "properties": { "id": "51_186", "growth_scenario": "high", "market_gravity_weight": 75 }, "geometry": { "type": "Polygon", "coordinates": [ [ [ -77.511918123613057, 39.078911283867136 ], [ -77.511692568154245, 39.079786666606651 ], [ -77.511467007261416, 39.080662049077688 ], [ -77.511241440934356, 39.081537431280388 ], [ -77.51009667203094, 39.081364938247205 ], [ -77.508951908562238, 39.081192434674747 ], [ -77.509177501397687, 39.080317056683413 ], [ -77.508032756617879, 39.080144544677559 ], [ -77.50825835727214, 39.079269168523489 ], [ -77.508483952491474, 39.07839379210067 ], [ -77.508709542276065, 39.077518415408882 ], [ -77.509854247295934, 39.077690921097684 ], [ -77.510998957750019, 39.077863416247716 ], [ -77.510773394471627, 39.078738797150606 ], [ -77.511918123613057, 39.078911283867136 ] ] ] } },
{ "type": "Feature", "properties": { "id": "51_187", "growth_scenario": "high", "market_gravity_weight": 75 }, "geometry": { "type": "Polygon", "coordinates": [ [ [ -78.341351403538894, 36.687826972855575 ], [ -78.341142713611788, 36.688704210752107 ], [ -78.342252862249609, 36.688869114324284 ], [ -78.342044179957043, 36.689746353294169 ], [ -78.341835492788846, 36.690623591488972 ], [ -78.3407253191302, 36.690458684219216 ], [ -78.340516614575336, 36.691335919790269 ], [ -78.339406433282107, 36.691171000409149 ], [ -78.339615150347626, 36.690293766687113 ], [ -78.339823862536775, 36.689416532190037 ], [ -78.338713711140784, 36.689251606244582 ], [ -78.338922430963692, 36.688374372821166 ], [ -78.337812296953956, 36.688209438462565 ], [ -78.338021024410097, 36.687332206112593 ], [ -78.339131145910329, 36.687497138622277 ], [ -78.340241272286676, 36.687662060869933 ], [ -78.340449969847768, 36.686784824046619 ], [ -78.341560088590398, 36.686949734183607 ], [ -78.341351403538894, 36.687826972855575 ] ] ] } },
{ "type": "Feature", "properties": { "id": "51_188", "growth_scenario": "high", "market_gravity_weight": 75 }, "geometry": { "type": "Polygon", "coordinates": [ [ [ -77.500536097698742, 39.095383556690173 ], [ -77.500310353967976, 39.096258921451465 ], [ -77.501455334304836, 39.096431505107631 ], [ -77.50122959839328, 39.097306871711773 ], [ -77.500084604797522, 39.097134285947739 ], [ -77.498939616641607, 39.096961689642626 ], [ -77.498713848772297, 39.097837051765829 ], [ -77.498488075462646, 39.098712413624192 ], [ -77.49826229671244, 39.099587775217955 ], [ -77.497117274219391, 39.099415162046867 ], [ -77.495972257167409, 39.099242538334586 ], [ -77.496198062436193, 39.09836718095778 ], [ -77.497343066228993, 39.098539802561554 ], [ -77.497568852797755, 39.097664442811542 ], [ -77.497794633925864, 39.096789082796597 ], [ -77.498020409613517, 39.095913722516556 ], [ -77.498246179860928, 39.095038361971199 ], [ -77.499391136059955, 39.095210964601051 ], [ -77.499616887609363, 39.094335601682275 ], [ -77.500761835990033, 39.094508191663472 ], [ -77.500536097698742, 39.095383556690173 ] ] ] } },
{ "type": "Feature", "properties": { "id": "51_189", "growth_scenario": "high", "market_gravity_weight": 75 }, "geometry": { "type": "Polygon", "coordinates": [ [ [ -78.360917665227689, 36.692548175256626 ], [ -78.360709190764879, 36.69342544486576 ], [ -78.360500711430845, 36.694302713701298 ], [ -78.361610985326621, 36.694467438084082 ], [ -78.361402513635369, 36.695344707993428 ], [ -78.360292227225443, 36.695179981763502 ], [ -78.360083738148489, 36.696057249052487 ], [ -78.358973444095881, 36.695892510711523 ], [ -78.357863154915265, 36.695727762106713 ], [ -78.358071669020532, 36.694850498512473 ], [ -78.356961397226073, 36.694685741491561 ], [ -78.357169918972886, 36.693808478971405 ], [ -78.358280178253722, 36.693973234144899 ], [ -78.35848868261499, 36.693095969003842 ], [ -78.359598934254194, 36.693260712066547 ], [ -78.359807421230428, 36.692383444304518 ], [ -78.36001590333538, 36.691506175768687 ], [ -78.361126134819472, 36.69167090487381 ], [ -78.360917665227689, 36.692548175256626 ] ] ] } },
{ "type": "Feature", "properties": { "id": "51_19", "growth_scenario": "high", "market_gravity_weight": 75 }, "geometry": { "type": "Polygon", "coordinates": [ [ [ -77.444022197033192, 39.019548657487476 ], [ -77.443796008541185, 39.020423907718339 ], [ -77.444939660722284, 39.020597009588123 ], [ -77.444713480011004, 39.021472261641598 ], [ -77.443569814605112, 39.021299157663591 ], [ -77.442426154643471, 39.021126043157395 ], [ -77.441282500126391, 39.020952918123314 ], [ -77.440138851054144, 39.020779782561164 ], [ -77.438995207427041, 39.020606636471207 ], [ -77.439221454260363, 39.019731394959834 ], [ -77.440365084663455, 39.019904538941176 ], [ -77.440591312827806, 39.019029295035345 ], [ -77.44081753554741, 39.018154050843428 ], [ -77.441961144947882, 39.018327180080227 ], [ -77.443104759792632, 39.018500298789426 ], [ -77.44287856352048, 39.019375547197875 ], [ -77.444022197033192, 39.019548657487476 ] ] ] } },
{ "type": "Feature", "properties": { "id": "51_190", "growth_scenario": "high", "market_gravity_weight": 75 }, "geometry": { "type": "Polygon", "coordinates": [ [ [ -77.438221726402844, 38.904074841372882 ], [ -77.439363538696441, 38.904247991634307 ], [ -77.440505356418001, 38.904421131383778 ], [ -77.44027948315086, 38.905296360423399 ], [ -77.440053604455898, 38.90617158915019 ], [ -77.438911760369791, 38.905998445201092 ], [ -77.438685863064052, 38.906873671515143 ], [ -77.437544011223736, 38.906700514953776 ], [ -77.436402164812236, 38.906527347880285 ], [ -77.43662808848282, 38.90565212576643 ], [ -77.435486260682566, 38.905478950281079 ], [ -77.435712192106109, 38.904603729954466 ], [ -77.436854006724516, 38.904776903339609 ], [ -77.437079919537481, 38.90390168059956 ], [ -77.437305826921929, 38.903026457546162 ], [ -77.438447620605814, 38.903199616219588 ], [ -77.438221726402844, 38.904074841372882 ] ] ] } },
{ "type": "Feature", "properties": { "id": "51_191", "growth_scenario": "high", "market_gravity_weight": 75 }, "geometry": { "type": "Polygon", "coordinates": [ [ [ -78.82932359696197, 38.441870829166731 ], [ -78.829115753815884, 38.442748472017321 ], [ -78.82797796863413, 38.44258814317903 ], [ -78.826840188429557, 38.442427803832807 ], [ -78.826632313971416, 38.443305442485993 ], [ -78.825494525576985, 38.443145090714225 ], [ -78.824356742160475, 38.442984728434624 ], [ -78.824564642953092, 38.442107093616862 ], [ -78.823426877681783, 38.441946722747247 ], [ -78.823634786663021, 38.441069089484493 ], [ -78.824772538767647, 38.441229458436283 ], [ -78.824980429604338, 38.44035182289273 ], [ -78.8261181735203, 38.440512179419351 ], [ -78.827255922413642, 38.440672525438387 ], [ -78.828393676284108, 38.440832860949818 ], [ -78.82818582494761, 38.441710502245776 ], [ -78.82932359696197, 38.441870829166731 ] ] ] } },
{ "type": "Feature", "properties": { "id": "51_192", "growth_scenario": "high", "market_gravity_weight": 75 }, "geometry": { "type": "Polygon", "coordinates": [ [ [ -78.250546048827232, 39.06163108534119 ], [ -78.250329448915195, 39.062507779481848 ], [ -78.250112843778311, 39.063384473381866 ], [ -78.249896233416365, 39.064261167041622 ], [ -78.248750018246326, 39.064095483647513 ], [ -78.247603808301832, 39.063929789684387 ], [ -78.247820445325232, 39.063053100073368 ], [ -78.248037077123001, 39.062176410221802 ], [ -78.246890899064937, 39.062010709738665 ], [ -78.2471075389671, 39.061134021670718 ], [ -78.248253703695283, 39.061299720129519 ], [ -78.248470325042305, 39.060423029796361 ], [ -78.249616481666038, 39.060588715662426 ], [ -78.250762643514562, 39.060754390959936 ], [ -78.251908810587565, 39.06092005568879 ], [ -78.251692229230358, 39.06179675209399 ], [ -78.250546048827232, 39.06163108534119 ] ] ] } },
{ "type": "Feature", "properties": { "id": "51_193", "growth_scenario": "high", "market_gravity_weight": 75 }, "geometry": { "type": "Polygon", "coordinates": [ [ [ -78.35398641302416, 36.673355218326307 ], [ -78.353777910877582, 36.674232484985062 ], [ -78.353569403860448, 36.675109750865744 ], [ -78.35245943375358, 36.674944950534979 ], [ -78.351349468517682, 36.67478013994338 ], [ -78.35155800054784, 36.673902877755978 ], [ -78.350448052689458, 36.673738058750239 ], [ -78.34933810970243, 36.673573229483779 ], [ -78.349546661873305, 36.672695970211784 ], [ -78.350656592354497, 36.672860797631408 ], [ -78.350865127148367, 36.671983535734199 ], [ -78.351975049995033, 36.672148351046516 ], [ -78.353084977712456, 36.672313156098298 ], [ -78.35419491030035, 36.672477950889466 ], [ -78.355304847758461, 36.672642735419899 ], [ -78.35509636298849, 36.673520004703136 ], [ -78.35398641302416, 36.673355218326307 ] ] ] } },
{ "type": "Feature", "properties": { "id": "51_194", "growth_scenario": "high", "market_gravity_weight": 75 }, "geometry": { "type": "Polygon", "coordinates": [ [ [ -78.253298018719121, 39.045684908549973 ], [ -78.254443954004358, 39.045850549452702 ], [ -78.254227448107983, 39.04672724795693 ], [ -78.255373401939593, 39.04689288031534 ], [ -78.256519360992385, 39.047058502106772 ], [ -78.256302876525424, 39.047935204411793 ], [ -78.256086386837367, 39.048811906473055 ], [ -78.254940401133169, 39.048646280636738 ], [ -78.255156904147086, 39.047769580597915 ], [ -78.254010936990127, 39.047603946217031 ], [ -78.252864975054862, 39.04743830126921 ], [ -78.252648445389852, 39.048314997262722 ], [ -78.251502475351288, 39.048149339725164 ], [ -78.251719018341589, 39.047272645754482 ], [ -78.250573066850606, 39.047106979672918 ], [ -78.250789617943425, 39.046230287480974 ], [ -78.251935556109615, 39.046395951539672 ], [ -78.252152088655521, 39.045519257080592 ], [ -78.252368615979535, 39.044642562376971 ], [ -78.253514532718739, 39.044808211823842 ], [ -78.253298018719121, 39.045684908549973 ] ] ] } },
{ "type": "Feature", "properties": { "id": "51_195", "growth_scenario": "high", "market_gravity_weight": 75 }, "geometry": { "type": "Polygon", "coordinates": [ [ [ -80.042381092892882, 37.203760784517449 ], [ -80.043502491469766, 37.203909923023232 ], [ -80.043312411450884, 37.20478976370336 ], [ -80.043122326945976, 37.205669603785246 ], [ -80.042000902663744, 37.205520461861411 ], [ -80.041810800819547, 37.206400299636265 ], [ -80.040689368170874, 37.2062511456121 ], [ -80.040879482867993, 37.205371309546543 ], [ -80.039758067558992, 37.205222146840811 ], [ -80.039948190621871, 37.204342311886435 ], [ -80.038826792652245, 37.204193140499214 ], [ -80.039016924080286, 37.203313306655829 ], [ -80.039207051021307, 37.202433472213819 ], [ -80.040328423287107, 37.202582640182449 ], [ -80.041449800039473, 37.202731797760485 ], [ -80.041259698802136, 37.203611635620945 ], [ -80.042381092892882, 37.203760784517449 ] ] ] } },
{ "type": "Feature", "properties": { "id": "51_196", "growth_scenario": "high", "market_gravity_weight": 75 }, "geometry": { "type": "Polygon", "coordinates": [ [ [ -78.364392902564632, 36.673083357442287 ], [ -78.365502871334954, 36.673248047778088 ], [ -78.365294503996083, 36.674125334451489 ], [ -78.36418452271829, 36.673960642270274 ], [ -78.363976138004176, 36.674837926320656 ], [ -78.363767748422134, 36.675715209593562 ], [ -78.363559353971965, 36.676592492089227 ], [ -78.363350954653541, 36.677469773807779 ], [ -78.362240928211591, 36.677305063982615 ], [ -78.362449340038424, 36.676427784109855 ], [ -78.362657746996689, 36.675550503459903 ], [ -78.361547750439641, 36.675385787064847 ], [ -78.361756165037193, 36.674508507483282 ], [ -78.36196457476629, 36.673631227124083 ], [ -78.362172979627061, 36.672753945987118 ], [ -78.363282938661911, 36.672918656845276 ], [ -78.363491326147681, 36.672041373084767 ], [ -78.364601277543372, 36.672206071836442 ], [ -78.364392902564632, 36.673083357442287 ] ] ] } },
{ "type": "Feature", "properties": { "id": "51_197", "growth_scenario": "high", "market_gravity_weight": 75 }, "geometry": { "type": "Polygon", "coordinates": [ [ [ -77.376344264928548, 37.667624847826197 ], [ -77.377466875065394, 37.667798581481208 ], [ -77.378589490467093, 37.667972304790254 ], [ -77.379712111133387, 37.668146017753244 ], [ -77.380834737064006, 37.668319720370185 ], [ -77.381957368258654, 37.668493412640956 ], [ -77.381734571711533, 37.669368602361374 ], [ -77.38151176990047, 37.670243791483117 ], [ -77.38038911322657, 37.670070095184627 ], [ -77.380611927777394, 37.669194908076797 ], [ -77.379489289107497, 37.669021203445908 ], [ -77.378366655702081, 37.668847488468884 ], [ -77.377244027561431, 37.668673763145698 ], [ -77.377021174792432, 37.669548944211151 ], [ -77.375898539177811, 37.669375206527619 ], [ -77.37477590882871, 37.66920145849793 ], [ -77.374998787075583, 37.668326281461226 ], [ -77.375221660056852, 37.667451103825357 ], [ -77.375444527772686, 37.66657592559001 ], [ -77.376567119906113, 37.666749667576624 ], [ -77.376344264928548, 37.667624847826197 ] ] ] } },
{ "type": "Feature", "properties": { "id": "51_198", "growth_scenario": "high", "market_gravity_weight": 75 }, "geometry": { "type": "Polygon", "coordinates": [ [ [ -78.933176151414472, 38.410213611458346 ], [ -78.934313663601898, 38.410372968788465 ], [ -78.934107166307498, 38.41125078878661 ], [ -78.932969640953019, 38.411091429552584 ], [ -78.931832120542367, 38.410932059810598 ], [ -78.931625591969961, 38.411809875635058 ], [ -78.930488063336441, 38.411650493481076 ], [ -78.930694605075814, 38.410772679560836 ], [ -78.929557094553672, 38.410613288803304 ], [ -78.929763644515148, 38.409735476421616 ], [ -78.929970189532114, 38.408857663673786 ], [ -78.931107673721542, 38.409017050622857 ], [ -78.93131420062825, 38.408139235604679 ], [ -78.932451676595647, 38.408298610142182 ], [ -78.933589157506603, 38.408457974172194 ], [ -78.933382656932281, 38.409335792998299 ], [ -78.933176151414472, 38.410213611458346 ] ] ] } },
{ "type": "Feature", "properties": { "id": "51_199", "growth_scenario": "high", "market_gravity_weight": 75 }, "geometry": { "type": "Polygon", "coordinates": [ [ [ -78.899466881826896, 38.403672482784444 ], [ -78.899259986340923, 38.404550244445808 ], [ -78.898122640704074, 38.404390563313051 ], [ -78.897915727104532, 38.40526832269861 ], [ -78.896778373259139, 38.405108629152792 ], [ -78.895641024366768, 38.404948925101387 ], [ -78.895847964288365, 38.404071169530717 ], [ -78.894710633510087, 38.403911456881346 ], [ -78.894917581638978, 38.403033702849392 ], [ -78.896054899256796, 38.403193413591232 ], [ -78.896261829272262, 38.402315657282784 ], [ -78.897399138682687, 38.402475355611934 ], [ -78.898536453045622, 38.402635043435794 ], [ -78.899673772360785, 38.402794720754279 ], [ -78.900811096627848, 38.402954387567384 ], [ -78.900604219254845, 38.403832151504517 ], [ -78.899466881826896, 38.403672482784444 ] ] ] } },
{ "type": "Feature", "properties": { "id": "51_2", "growth_scenario": "high", "market_gravity_weight": 75 }, "geometry": { "type": "Polygon", "coordinates": [ [ [ -77.466373624313349, 39.002012487204304 ], [ -77.466147759268381, 39.002887775636552 ], [ -77.465004335053123, 39.002714869594534 ], [ -77.464778451352146, 39.003590155633546 ], [ -77.463635019351798, 39.003417236960267 ], [ -77.463409116994242, 39.004292520605865 ], [ -77.462265677209217, 39.004119589301197 ], [ -77.461122242860668, 39.003946647470016 ], [ -77.461348171659424, 39.003071368034249 ], [ -77.461574095021589, 39.002196088309603 ], [ -77.462717502929436, 39.002369025930982 ], [ -77.462943407635308, 39.001493743812397 ], [ -77.463169306905272, 39.000618461404628 ], [ -77.464312693809291, 39.000791384290338 ], [ -77.46545608614872, 39.00096429664984 ], [ -77.465230213318591, 39.001839583266701 ], [ -77.466373624313349, 39.002012487204304 ] ] ] } },
{ "type": "Feature", "properties": { "id": "51_20", "growth_scenario": "high", "market_gravity_weight": 75 }, "geometry": { "type": "Polygon", "coordinates": [ [ [ -77.28765812991179, 38.693733251897321 ], [ -77.2874310771777, 38.694608183726551 ], [ -77.288569256740118, 38.694782719028552 ], [ -77.289707441740958, 38.694957243853651 ], [ -77.290845632179938, 38.695131758201789 ], [ -77.291983828056772, 38.695306262072918 ], [ -77.293122029371162, 38.695480755466868 ], [ -77.292895036646641, 38.696355697425922 ], [ -77.291756822242206, 38.696181201932362 ], [ -77.290618613275527, 38.6960066959616 ], [ -77.289480409746901, 38.695832179513715 ], [ -77.289253372314477, 38.6967071148052 ], [ -77.288115161134442, 38.696532585780226 ], [ -77.288342211656584, 38.695657652588707 ], [ -77.287204019004903, 38.695483115186718 ], [ -77.286065831792129, 38.695308567307848 ], [ -77.28492765001856, 38.695134008952124 ], [ -77.285154734369314, 38.694259081692195 ], [ -77.286292903054004, 38.694433637947704 ], [ -77.286519968876874, 38.693558708218504 ], [ -77.286747029260937, 38.69268377812007 ], [ -77.287885177207343, 38.692858319698978 ], [ -77.28765812991179, 38.693733251897321 ] ] ] } },
{ "type": "Feature", "properties": { "id": "51_200", "growth_scenario": "high", "market_gravity_weight": 75 }, "geometry": { "type": "Polygon", "coordinates": [ [ [ -78.248623871976562, 39.054997198436205 ], [ -78.248407268649501, 39.055873888195286 ], [ -78.24819066009799, 39.056750577712144 ], [ -78.247974046321829, 39.057627266987069 ], [ -78.246827940134906, 39.057461566056553 ], [ -78.245681839173102, 39.05729585455807 ], [ -78.24589847960543, 39.056419169331278 ], [ -78.244752397196862, 39.056253449289073 ], [ -78.244969045731466, 39.055376765844258 ], [ -78.245185689040724, 39.054500082156984 ], [ -78.245402327124822, 39.053623398227053 ], [ -78.246548369551761, 39.053789112197144 ], [ -78.247694417203363, 39.05395481559971 ], [ -78.247477805773286, 39.054831503577454 ], [ -78.248623871976562, 39.054997198436205 ] ] ] } },
{ "type": "Feature", "properties": { "id": "51_201", "growth_scenario": "high", "market_gravity_weight": 75 }, "geometry": { "type": "Polygon", "coordinates": [ [ [ -78.361558737866432, 39.005907980308528 ], [ -78.362704292311207, 39.006072621289867 ], [ -78.362489209681272, 39.006949502094642 ], [ -78.361343641914345, 39.006784859105466 ], [ -78.360198079333159, 39.006620205550419 ], [ -78.35905252193804, 39.006455541429617 ], [ -78.357906969729271, 39.006290866743043 ], [ -78.357691828625178, 39.007167739266492 ], [ -78.357476682334251, 39.008044611540733 ], [ -78.356331108668414, 39.007879922271712 ], [ -78.356546268281349, 39.007003052005864 ], [ -78.356761422707137, 39.006126181490814 ], [ -78.355615880871966, 39.005961485673055 ], [ -78.355831043432048, 39.005084616916953 ], [ -78.356976571946007, 39.005249310726384 ], [ -78.358122105646714, 39.005413993970251 ], [ -78.358337236377707, 39.004537120947965 ], [ -78.359482761943582, 39.004701791618224 ], [ -78.359267644533901, 39.005578666648631 ], [ -78.360413188607239, 39.005743328761433 ], [ -78.360628292695424, 39.004866451723046 ], [ -78.361773828632963, 39.005031101262304 ], [ -78.361558737866432, 39.005907980308528 ] ] ] } },
{ "type": "Feature", "properties": { "id": "51_202", "growth_scenario": "high", "market_gravity_weight": 75 }, "geometry": { "type": "Polygon", "coordinates": [ [ [ -78.368139493523955, 36.671822814605385 ], [ -78.367931160933949, 36.672700106524594 ], [ -78.366821194936762, 36.672535438556373 ], [ -78.365711233806493, 36.672370760326956 ], [ -78.365919591410858, 36.671493472097964 ], [ -78.364809647654667, 36.671328785452609 ], [ -78.364601277543372, 36.672206071836442 ], [ -78.363491326147681, 36.672041373084767 ], [ -78.363699708765736, 36.671164088546277 ], [ -78.36258977474435, 36.670999381379033 ], [ -78.362798165001209, 36.670122097907623 ], [ -78.363908086516275, 36.670286803229516 ], [ -78.365018012898702, 36.670451498290596 ], [ -78.366127944148246, 36.670616183090779 ], [ -78.366336292018786, 36.669738893305336 ], [ -78.36744621562859, 36.669903565999647 ], [ -78.368556144104787, 36.670068228433081 ], [ -78.368347821247511, 36.670945521908308 ], [ -78.368139493523955, 36.671822814605385 ] ] ] } },
{ "type": "Feature", "properties": { "id": "51_203", "growth_scenario": "high", "market_gravity_weight": 75 }, "geometry": { "type": "Polygon", "coordinates": [ [ [ -78.349963751600839, 36.670941449332183 ], [ -78.349755209172727, 36.671818710161283 ], [ -78.350865127148367, 36.671983535734199 ], [ -78.350656592354497, 36.672860797631408 ], [ -78.349546661873305, 36.672695970211784 ], [ -78.34933810970243, 36.673573229483779 ], [ -78.350448052689458, 36.673738058750239 ], [ -78.350239508153038, 36.674615319090798 ], [ -78.349129552659946, 36.674450487977438 ], [ -78.348019602038619, 36.674285646603344 ], [ -78.348228171587039, 36.673408389956656 ], [ -78.347118238343555, 36.673243540168933 ], [ -78.346008309972234, 36.673078680120696 ], [ -78.346216899659552, 36.672201426389805 ], [ -78.347326815525562, 36.672366284590879 ], [ -78.347535387835578, 36.671489028234184 ], [ -78.348645296068369, 36.671653874327916 ], [ -78.348853851001593, 36.670776615345595 ], [ -78.349062401063435, 36.669899355584292 ], [ -78.35017228915784, 36.670064187724172 ], [ -78.349963751600839, 36.670941449332183 ] ] ] } },
{ "type": "Feature", "properties": { "id": "51_204", "growth_scenario": "high", "market_gravity_weight": 75 }, "geometry": { "type": "Polygon", "coordinates": [ [ [ -79.91650155080373, 37.24670093594095 ], [ -79.916309862303009, 37.247580562184773 ], [ -79.917431667019443, 37.247730865243909 ], [ -79.918553476261138, 37.247881157911181 ], [ -79.919675290027826, 37.248031440186459 ], [ -79.919483635569065, 37.248911071010916 ], [ -79.918361808946372, 37.248760787011129 ], [ -79.918170137106472, 37.249640415518208 ], [ -79.917048302152807, 37.249490119401671 ], [ -79.915926471724731, 37.249339812893012 ], [ -79.914804645822528, 37.249189495992276 ], [ -79.914996356230347, 37.248309872659568 ], [ -79.915188062112136, 37.247430248733757 ], [ -79.914066266447108, 37.247279924890933 ], [ -79.914257980658149, 37.246400302096696 ], [ -79.915379763468096, 37.246550624214706 ], [ -79.915571460298381, 37.245670999102195 ], [ -79.916693234779046, 37.245821309103768 ], [ -79.91650155080373, 37.24670093594095 ] ] ] } },
{ "type": "Feature", "properties": { "id": "51_205", "growth_scenario": "high", "market_gravity_weight": 75 }, "geometry": { "type": "Polygon", "coordinates": [ [ [ -78.860749010961797, 38.47803525824844 ], [ -78.861887418235568, 38.478195284374145 ], [ -78.863025830481945, 38.478355299985736 ], [ -78.862818287553679, 38.479232999322299 ], [ -78.861679862123282, 38.479072981794431 ], [ -78.861472301038205, 38.479950678862096 ], [ -78.860333867396434, 38.479790648903609 ], [ -78.860126288153978, 38.480668343702149 ], [ -78.858987846301176, 38.480508301312746 ], [ -78.859195438727909, 38.479630608430746 ], [ -78.858057015032927, 38.479470557443747 ], [ -78.85826461566991, 38.478592866125837 ], [ -78.857126210132364, 38.478432806541456 ], [ -78.857333818979015, 38.477555116787308 ], [ -78.858472211333222, 38.477715174454964 ], [ -78.859610608660915, 38.477875221608706 ], [ -78.859818186167544, 38.476997527668217 ], [ -78.86095657528503, 38.477157562391575 ], [ -78.860749010961797, 38.47803525824844 ] ] ] } },
{ "type": "Feature", "properties": { "id": "51_21", "growth_scenario": "high", "market_gravity_weight": 75 }, "geometry": { "type": "Polygon", "coordinates": [ [ [ -77.274236071993784, 38.708959931590599 ], [ -77.274008811142508, 38.709834839625501 ], [ -77.273781544846543, 38.710709747294338 ], [ -77.27264315243761, 38.710535075667366 ], [ -77.271504765473836, 38.710360393562091 ], [ -77.270366383955533, 38.710185700978563 ], [ -77.269228007882944, 38.710010997916932 ], [ -77.269455326549746, 38.709136098659464 ], [ -77.269682639770707, 38.708261199035604 ], [ -77.270820989658731, 38.70843589789132 ], [ -77.271048284342214, 38.707560995798083 ], [ -77.272186626583562, 38.707735682073171 ], [ -77.273324974269784, 38.707910357870361 ], [ -77.273097705770567, 38.708785264168924 ], [ -77.274236071993784, 38.708959931590599 ] ] ] } },
{ "type": "Feature", "properties": { "id": "51_22", "growth_scenario": "high", "market_gravity_weight": 75 }, "geometry": { "type": "Polygon", "coordinates": [ [ [ -77.199997495926283, 38.748500815703437 ], [ -77.201136306240727, 38.748676156567257 ], [ -77.200908045688607, 38.749550932546683 ], [ -77.20204687457236, 38.749726265043506 ], [ -77.201818621648528, 38.750601042776275 ], [ -77.20067977966572, 38.750425708166048 ], [ -77.200451508171881, 38.751300483425645 ], [ -77.199312658560899, 38.751125136221262 ], [ -77.198173814421367, 38.750949778536452 ], [ -77.198402112113286, 38.750075007504172 ], [ -77.197263286544214, 38.749899641452679 ], [ -77.197491591863042, 38.749024872174147 ], [ -77.19771989171025, 38.748150102535284 ], [ -77.198858691082691, 38.748325464359432 ], [ -77.19908697236059, 38.747450692246595 ], [ -77.200225764106079, 38.747626041477169 ], [ -77.199997495926283, 38.748500815703437 ] ] ] } },
{ "type": "Feature", "properties": { "id": "51_23", "growth_scenario": "high", "market_gravity_weight": 75 }, "geometry": { "type": "Polygon", "coordinates": [ [ [ -77.532298860201209, 39.082889663133649 ], [ -77.533443705792692, 39.083061951698802 ], [ -77.533218396762592, 39.083937374154303 ], [ -77.532993082303832, 39.08481279634313 ], [ -77.531848210196699, 39.084640503570995 ], [ -77.531622877050836, 39.085515923389835 ], [ -77.530477997114772, 39.085343617973201 ], [ -77.529333122608307, 39.085171302015794 ], [ -77.529558482270104, 39.08429588640454 ], [ -77.52841362645124, 39.084123562010426 ], [ -77.528638993940717, 39.083248148236372 ], [ -77.52978383650219, 39.08342047052659 ], [ -77.530009185304735, 39.082545054381832 ], [ -77.531154020038457, 39.082717364027928 ], [ -77.53137935015468, 39.081841945512544 ], [ -77.532524177060239, 39.082014242514745 ], [ -77.532298860201209, 39.082889663133649 ] ] ] } },
{ "type": "Feature", "properties": { "id": "51_24", "growth_scenario": "high", "market_gravity_weight": 75 }, "geometry": { "type": "Polygon", "coordinates": [ [ [ -77.476860792363894, 38.993594166185375 ], [ -77.475717488751101, 38.993421359069352 ], [ -77.47549176278855, 38.994296663309264 ], [ -77.474348451388465, 38.994123843564715 ], [ -77.47320514542001, 38.993951013294385 ], [ -77.472061844883498, 38.993778172498345 ], [ -77.4722876105008, 38.992902874567115 ], [ -77.472513370686087, 38.992027576345102 ], [ -77.4736566447868, 38.992200412935134 ], [ -77.473882386322757, 38.991325112319252 ], [ -77.475025652637356, 38.991497936281114 ], [ -77.476168924382975, 38.991670749717613 ], [ -77.477312201559386, 38.991843552628524 ], [ -77.477086499676972, 38.992718859552305 ], [ -77.476860792363894, 38.993594166185375 ] ] ] } },
{ "type": "Feature", "properties": { "id": "51_25", "growth_scenario": "high", "market_gravity_weight": 75 }, "geometry": { "type": "Polygon", "coordinates": [ [ [ -77.471595869987922, 38.990979432819522 ], [ -77.472739125439531, 38.991152277832043 ], [ -77.472513370686087, 38.992027576345102 ], [ -77.4722876105008, 38.992902874567115 ], [ -77.471144328614344, 38.992730025348642 ], [ -77.470918549779185, 38.993605321176716 ], [ -77.469775260107397, 38.993432459329625 ], [ -77.468631975868391, 38.993259586957045 ], [ -77.467488697062478, 38.993086704059053 ], [ -77.467714515550057, 38.992211414541032 ], [ -77.468857781138695, 38.992384295335519 ], [ -77.469083580976104, 38.991509003422955 ], [ -77.469309375380789, 38.990633711219047 ], [ -77.470452619968242, 38.990806577281859 ], [ -77.470678395723837, 38.989931282683372 ], [ -77.471821632526726, 38.990104136118077 ], [ -77.471595869987922, 38.990979432819522 ] ] ] } },
{ "type": "Feature", "properties": { "id": "51_26", "growth_scenario": "high", "market_gravity_weight": 75 }, "geometry": { "type": "Polygon", "coordinates": [ [ [ -77.787184191408642, 38.317571452024858 ], [ -77.788317698972335, 38.317741383651963 ], [ -77.788097777473354, 38.318617221436611 ], [ -77.787877850728023, 38.319493058786975 ], [ -77.786744317141853, 38.319323123122089 ], [ -77.786524372138302, 38.320198958019233 ], [ -77.785390830787478, 38.320029009886895 ], [ -77.785170867525167, 38.320904842330854 ], [ -77.784037318410071, 38.320734881730779 ], [ -77.784257294683968, 38.319859051306231 ], [ -77.784477265710294, 38.31898322044745 ], [ -77.784697231489204, 38.318107389154349 ], [ -77.784917192020913, 38.317231557426659 ], [ -77.786050689091411, 38.317401509949761 ], [ -77.786270631365639, 38.316525675768347 ], [ -77.78740412067225, 38.316695615824514 ], [ -77.787184191408642, 38.317571452024858 ] ] ] } },
{ "type": "Feature", "properties": { "id": "51_27", "growth_scenario": "high", "market_gravity_weight": 75 }, "geometry": { "type": "Polygon", "coordinates": [ [ [ -77.791244384793785, 38.315453687488514 ], [ -77.791024505053812, 38.316329530614169 ], [ -77.790804620068585, 38.317205373305157 ], [ -77.789671115024021, 38.317035464592983 ], [ -77.789451211782193, 38.317911304830844 ], [ -77.788317698972335, 38.317741383651963 ], [ -77.787184191408642, 38.317571452024858 ], [ -77.78740412067225, 38.316695615824514 ], [ -77.787624044689593, 38.315819779189368 ], [ -77.787843963460844, 38.314943942119299 ], [ -77.7880638769862, 38.314068104614044 ], [ -77.789197332508365, 38.314238028166379 ], [ -77.790330793275984, 38.31440794127105 ], [ -77.790110905770732, 38.31528378281326 ], [ -77.791244384793785, 38.315453687488514 ] ] ] } },
{ "type": "Feature", "properties": { "id": "51_28", "growth_scenario": "high", "market_gravity_weight": 75 }, "geometry": { "type": "Polygon", "coordinates": [ [ [ -77.790770552551265, 38.312656256880899 ], [ -77.791903992544235, 38.312826155501398 ], [ -77.791684128538819, 38.313701999932299 ], [ -77.79055067553611, 38.313532099293681 ], [ -77.790330793275984, 38.31440794127105 ], [ -77.789197332508365, 38.314238028166379 ], [ -77.789417227778344, 38.313362188207343 ], [ -77.788283785265818, 38.31319226667344 ], [ -77.788503688299926, 38.312316428297336 ], [ -77.787370264042124, 38.312146498334378 ], [ -77.787590174839778, 38.311270661540881 ], [ -77.787810080391992, 38.310394824311466 ], [ -77.788943478632277, 38.31056475023771 ], [ -77.790076882117518, 38.310734665716751 ], [ -77.791210290847445, 38.310904570748527 ], [ -77.790990424321663, 38.311780414032604 ], [ -77.790770552551265, 38.312656256880899 ] ] ] } },
{ "type": "Feature", "properties": { "id": "51_29", "growth_scenario": "high", "market_gravity_weight": 75 }, "geometry": { "type": "Polygon", "coordinates": [ [ [ -77.464862498633906, 39.030886273474813 ], [ -77.464636525717893, 39.031761563300243 ], [ -77.463492651088259, 39.031588642518216 ], [ -77.463266659501201, 39.032463929954744 ], [ -77.462122777080893, 39.032290996535238 ], [ -77.46189676682215, 39.033166281582787 ], [ -77.460752876611579, 39.032993335525603 ], [ -77.460978900101338, 39.032118052585353 ], [ -77.459835028562807, 39.031945098105027 ], [ -77.460061059842062, 39.031069816989977 ], [ -77.460287085680193, 39.030194535592578 ], [ -77.461430930757942, 39.030367485858434 ], [ -77.461656937925184, 39.029492202071395 ], [ -77.462800775213438, 39.0296651397001 ], [ -77.463944617941863, 39.029838066798732 ], [ -77.46371863723509, 39.030713354799602 ], [ -77.464862498633906, 39.030886273474813 ] ] ] } },
{ "type": "Feature", "properties": { "id": "51_3", "growth_scenario": "high", "market_gravity_weight": 75 }, "geometry": { "type": "Polygon", "coordinates": [ [ [ -77.262848547809284, 38.693565183249341 ], [ -77.263986652354816, 38.69373994485597 ], [ -77.263759316102593, 38.694614833182669 ], [ -77.264897439179435, 38.694789586416029 ], [ -77.264670110568531, 38.695664476475251 ], [ -77.264442776512482, 38.696539366164721 ], [ -77.263304627262215, 38.696364608726313 ], [ -77.263077274673691, 38.697239495943528 ], [ -77.261939117782106, 38.69706472592631 ], [ -77.262166483457577, 38.696189840811854 ], [ -77.262393843687121, 38.695314955327696 ], [ -77.261255718414859, 38.695140179040123 ], [ -77.261483086284869, 38.694265295288751 ], [ -77.260344979544584, 38.694090510628293 ], [ -77.260572355054478, 38.693215628609437 ], [ -77.261710448709081, 38.693390411167165 ], [ -77.261937805687651, 38.692515526675123 ], [ -77.263075891702272, 38.69269029665481 ], [ -77.262848547809284, 38.693565183249341 ] ] ] } },
{ "type": "Feature", "properties": { "id": "51_30", "growth_scenario": "high", "market_gravity_weight": 75 }, "geometry": { "type": "Polygon", "coordinates": [ [ [ -77.522220930373294, 39.080463190049613 ], [ -77.521995494206521, 39.081338591733299 ], [ -77.521770052608375, 39.082213993149317 ], [ -77.520625248061805, 39.082041597077875 ], [ -77.519480448947107, 39.081869190466641 ], [ -77.519705917056555, 39.08099379325985 ], [ -77.518561136629373, 39.080821378213599 ], [ -77.518786612561897, 39.079945982843611 ], [ -77.51901208306235, 39.079070587205464 ], [ -77.520156836979695, 39.079242998042453 ], [ -77.520382288793797, 39.07836760003147 ], [ -77.521527034888067, 39.078539998224635 ], [ -77.52267178641344, 39.07871238587839 ], [ -77.522446361108862, 39.079587788098081 ], [ -77.522220930373294, 39.080463190049613 ] ] ] } },
{ "type": "Feature", "properties": { "id": "51_31", "growth_scenario": "high", "market_gravity_weight": 75 }, "geometry": { "type": "Polygon", "coordinates": [ [ [ -77.267175339883465, 38.699688261398379 ], [ -77.266948023310078, 38.700563155919042 ], [ -77.266720701291433, 38.701438050071189 ], [ -77.265582470264576, 38.701263313548445 ], [ -77.264444244683446, 38.701088566548947 ], [ -77.264671592879623, 38.700213676602317 ], [ -77.263533385832972, 38.700038921229144 ], [ -77.263760741671533, 38.699164033016693 ], [ -77.263988092064182, 38.69828914443525 ], [ -77.265126272934722, 38.698463895602849 ], [ -77.265353604794029, 38.697589004549691 ], [ -77.266491778022186, 38.697763743138381 ], [ -77.267629956695302, 38.697938471250751 ], [ -77.267402651011821, 38.698813366509015 ], [ -77.267175339883465, 38.699688261398379 ] ] ] } },
{ "type": "Feature", "properties": { "id": "51_32", "growth_scenario": "high", "market_gravity_weight": 75 }, "geometry": { "type": "Polygon", "coordinates": [ [ [ -77.52841362645124, 39.084123562010426 ], [ -77.529558482270104, 39.08429588640454 ], [ -77.529333122608307, 39.085171302015794 ], [ -77.528188253531752, 39.084998975517699 ], [ -77.527962875182084, 39.085874388758484 ], [ -77.526817998277949, 39.085702049615627 ], [ -77.52567312680452, 39.085529699932074 ], [ -77.524528260762082, 39.085357339708032 ], [ -77.524753678884537, 39.084481932780115 ], [ -77.525898531669583, 39.084654290899792 ], [ -77.526123931103854, 39.083778881600715 ], [ -77.526349325107518, 39.082903472034779 ], [ -77.526574713680773, 39.082028062201694 ], [ -77.527719532125616, 39.08220040346859 ], [ -77.528864356000355, 39.082372734195317 ], [ -77.528638993940717, 39.083248148236372 ], [ -77.52841362645124, 39.084123562010426 ] ] ] } },
{ "type": "Feature", "properties": { "id": "51_33", "growth_scenario": "high", "market_gravity_weight": 75 }, "geometry": { "type": "Polygon", "coordinates": [ [ [ -77.265123251944203, 38.68936549766503 ], [ -77.266261296507736, 38.689540238285332 ], [ -77.267399346515063, 38.68971496843043 ], [ -77.268537401965872, 38.689889688100223 ], [ -77.269675462859908, 38.690064397294663 ], [ -77.269448206171461, 38.69093929588162 ], [ -77.268310132192013, 38.69076458458553 ], [ -77.268082856974729, 38.691639480700097 ], [ -77.266944775353195, 38.691464756826747 ], [ -77.267172063655963, 38.690589862813958 ], [ -77.266034000563621, 38.690415130567061 ], [ -77.265806699175528, 38.691290022477901 ], [ -77.264668628442053, 38.691115277653587 ], [ -77.263530563153026, 38.690940522353991 ], [ -77.263757890711176, 38.690065634647404 ], [ -77.26261984395164, 38.689890870974729 ], [ -77.262847179149674, 38.689015984999187 ], [ -77.263985212824764, 38.689190746569651 ], [ -77.264212529494003, 38.688315858120617 ], [ -77.265350555529096, 38.688490607114055 ], [ -77.265123251944203, 38.68936549766503 ] ] ] } },
{ "type": "Feature", "properties": { "id": "51_34", "growth_scenario": "high", "market_gravity_weight": 75 }, "geometry": { "type": "Polygon", "coordinates": [ [ [ -78.860755435418767, 38.468060542726199 ], [ -78.860547894454029, 38.468938238292203 ], [ -78.860340348517582, 38.469815933503163 ], [ -78.860132797609239, 38.470693628359165 ], [ -78.858994510711057, 38.470533586022214 ], [ -78.857856228785209, 38.470373533172328 ], [ -78.858063806054716, 38.469495842148355 ], [ -78.856925542281857, 38.469335780701719 ], [ -78.857133127758928, 38.468458091238752 ], [ -78.857340708263393, 38.467580401420427 ], [ -78.858478945676481, 38.467740459034914 ], [ -78.859617188061719, 38.46790050613685 ], [ -78.859824737234689, 38.467022812131262 ], [ -78.860962971411951, 38.467182846804832 ], [ -78.862101210560581, 38.46734287096583 ], [ -78.861893687747354, 38.468220568802757 ], [ -78.860755435418767, 38.468060542726199 ] ] ] } },
{ "type": "Feature", "properties": { "id": "51_35", "growth_scenario": "high", "market_gravity_weight": 75 }, "geometry": { "type": "Polygon", "coordinates": [ [ [ -78.374797189822175, 36.687341191125299 ], [ -78.374588891957998, 36.688218487234025 ], [ -78.374380589226945, 36.689095782568586 ], [ -78.373270366749168, 36.688931175592124 ], [ -78.373062046637386, 36.68980846830722 ], [ -78.371951816513445, 36.689643849221646 ], [ -78.372160149138693, 36.688766558352185 ], [ -78.371049936395835, 36.688601930848868 ], [ -78.371258276666552, 36.687724641050998 ], [ -78.371466612069582, 36.686847350478693 ], [ -78.370356429220067, 36.686682716403439 ], [ -78.370564772267926, 36.685805426902142 ], [ -78.371674942605082, 36.68597005913184 ], [ -78.372785117809627, 36.686134681098459 ], [ -78.373895297881234, 36.686299292801941 ], [ -78.373686992370907, 36.687176587839687 ], [ -78.374797189822175, 36.687341191125299 ] ] ] } },
{ "type": "Feature", "properties": { "id": "51_36", "growth_scenario": "high", "market_gravity_weight": 75 }, "geometry": { "type": "Polygon", "coordinates": [ [ [ -77.49127314623594, 38.997590367866842 ], [ -77.492416552297058, 38.99776303181752 ], [ -77.492191013780214, 38.998638367008496 ], [ -77.491047594497161, 38.998465700956494 ], [ -77.490822037330759, 38.999341033757425 ], [ -77.489678610253321, 38.999168355076762 ], [ -77.488535188604018, 38.998995665869025 ], [ -77.488760772214292, 38.998120337271253 ], [ -77.48761736921503, 38.997947639638227 ], [ -77.486473971644273, 38.99777493147824 ], [ -77.485330579502346, 38.997602212791584 ], [ -77.485556197347847, 38.996726890210283 ], [ -77.485781809764447, 38.995851567339606 ], [ -77.486925175464776, 38.996024281822635 ], [ -77.486699576268833, 38.99689960679509 ], [ -77.487842960618437, 38.997072312853234 ], [ -77.488986350396345, 38.997245008384631 ], [ -77.490129745602289, 38.997417693389167 ], [ -77.490355305135054, 38.996542362112002 ], [ -77.491498692547296, 38.996715034488339 ], [ -77.49127314623594, 38.997590367866842 ] ] ] } },
{ "type": "Feature", "properties": { "id": "51_37", "growth_scenario": "high", "market_gravity_weight": 75 }, "geometry": { "type": "Polygon", "coordinates": [ [ [ -77.491965469836018, 38.999513701910864 ], [ -77.4931089077688, 38.99968635953708 ], [ -77.492883371619783, 39.000561696252483 ], [ -77.491739920464269, 39.000389036524879 ], [ -77.491514365664827, 39.001264370850606 ], [ -77.490370906714261, 39.001091698494029 ], [ -77.490145333263783, 39.00196703043013 ], [ -77.489001866518521, 39.001794345444274 ], [ -77.489227453191901, 39.000919015610009 ], [ -77.488084005098059, 39.000746322198701 ], [ -77.488309599565341, 38.999870994178103 ], [ -77.487166170122507, 38.999698292341449 ], [ -77.487391772383134, 38.998822966134185 ], [ -77.488535188604018, 38.998995665869025 ], [ -77.489678610253321, 38.999168355076762 ], [ -77.490822037330759, 38.999341033757425 ], [ -77.491047594497161, 38.998465700956494 ], [ -77.492191013780214, 38.998638367008496 ], [ -77.491965469836018, 38.999513701910864 ] ] ] } },
{ "type": "Feature", "properties": { "id": "51_38", "growth_scenario": "high", "market_gravity_weight": 75 }, "geometry": { "type": "Polygon", "coordinates": [ [ [ -78.357868558298037, 36.681197232957153 ], [ -78.356758488789964, 36.681032472853822 ], [ -78.356549997709962, 36.681909740681377 ], [ -78.35543992056337, 36.681744968469431 ], [ -78.355231412103109, 36.682622233673925 ], [ -78.354121327318325, 36.682457449353166 ], [ -78.353912801477279, 36.683334711934556 ], [ -78.352802709054657, 36.683169915504727 ], [ -78.351692621503986, 36.683005108812971 ], [ -78.351901172363597, 36.682127849925898 ], [ -78.352109718351159, 36.681250590262515 ], [ -78.353219780883691, 36.681415393259947 ], [ -78.354329848287861, 36.681580185995614 ], [ -78.354538364386016, 36.680702921861709 ], [ -78.355648424152534, 36.680867702488641 ], [ -78.355856922870785, 36.679990435731369 ], [ -78.35696697499931, 36.680155204249857 ], [ -78.358077031998334, 36.680319962506601 ], [ -78.359187093867533, 36.680484710501538 ], [ -78.358978632676468, 36.681361982798528 ], [ -78.357868558298037, 36.681197232957153 ] ] ] } },
{ "type": "Feature", "properties": { "id": "51_39", "growth_scenario": "high", "market_gravity_weight": 75 }, "geometry": { "type": "Polygon", "coordinates": [ [ [ -77.464524588381863, 38.995366760873338 ], [ -77.464298721723281, 38.996242045020558 ], [ -77.464072849629943, 38.997117328877366 ], [ -77.463846972101663, 38.997992612443994 ], [ -77.462703630290463, 38.997819685345704 ], [ -77.462929521037196, 38.99694440388344 ], [ -77.461786197879675, 38.996771468363839 ], [ -77.460642880157678, 38.996598522318692 ], [ -77.460868791904915, 38.995723244774929 ], [ -77.459725492836313, 38.995550290308863 ], [ -77.459951412365214, 38.994675014578917 ], [ -77.461094698216527, 38.99484796694049 ], [ -77.462237989503265, 38.995020908776816 ], [ -77.463381286225157, 38.995193840087765 ], [ -77.463607160666768, 38.994318557754006 ], [ -77.464750449605916, 38.994491476435556 ], [ -77.465893743979422, 38.994664384591687 ], [ -77.465667895973141, 38.995539671133386 ], [ -77.464524588381863, 38.995366760873338 ] ] ] } },
{ "type": "Feature", "properties": { "id": "51_4", "growth_scenario": "high", "market_gravity_weight": 75 }, "geometry": { "type": "Polygon", "coordinates": [ [ [ -78.379516493860891, 36.677142708879444 ], [ -78.379308279406359, 36.678020017980607 ], [ -78.379100060087509, 36.678897326305631 ], [ -78.380210147016768, 36.679061880354681 ], [ -78.380001935344353, 36.679939189747941 ], [ -78.379793718807548, 36.680816498365559 ], [ -78.379585497406197, 36.681693806207562 ], [ -78.378475372943385, 36.68152924662548 ], [ -78.378683606856185, 36.680651940627861 ], [ -78.377573499769653, 36.68048737262756 ], [ -78.377781741328661, 36.679610067698782 ], [ -78.37798997802274, 36.678732761994148 ], [ -78.378198209852059, 36.677855455513452 ], [ -78.378406436816803, 36.676978148256453 ], [ -78.378614658917115, 36.676100840223107 ], [ -78.377504619247205, 36.675936271182167 ], [ -78.377712848992772, 36.675058964216326 ], [ -78.37882287615318, 36.675223531413067 ], [ -78.379932908177693, 36.675388088347852 ], [ -78.379724703451288, 36.676265399001871 ], [ -78.379516493860891, 36.677142708879444 ] ] ] } },
{ "type": "Feature", "properties": { "id": "51_40", "growth_scenario": "high", "market_gravity_weight": 75 }, "geometry": { "type": "Polygon", "coordinates": [ [ [ -77.45197496382093, 39.002562733872146 ], [ -77.453118354667069, 39.002735759913371 ], [ -77.454261750952014, 39.002908775428594 ], [ -77.455405152675496, 39.00308178041773 ], [ -77.456548559837216, 39.00325477488078 ], [ -77.456322572720467, 39.004130045606395 ], [ -77.457465998540144, 39.00430303164876 ], [ -77.45860942979769, 39.004476007164655 ], [ -77.458383463683603, 39.005351281812509 ], [ -77.457240019205557, 39.005178304191077 ], [ -77.456096580165564, 39.005005316043153 ], [ -77.454953146563909, 39.004832317368859 ], [ -77.453809718400876, 39.004659308168137 ], [ -77.452666295676764, 39.004486288441115 ], [ -77.45152287839187, 39.004313258187914 ], [ -77.451748923826059, 39.003437996174696 ], [ -77.45197496382093, 39.002562733872146 ] ] ] } },
{ "type": "Feature", "properties": { "id": "51_41", "growth_scenario": "high", "market_gravity_weight": 75 }, "geometry": { "type": "Polygon", "coordinates": [ [ [ -78.348429508537009, 36.68706172896421 ], [ -78.348638108780079, 36.686184477651715 ], [ -78.349748236624194, 36.686349312257633 ], [ -78.350858369341481, 36.686514136601367 ], [ -78.351968506931669, 36.686678950682818 ], [ -78.351759944219765, 36.687556207538456 ], [ -78.352870099193325, 36.687721013205014 ], [ -78.353980259039403, 36.687885808609025 ], [ -78.353771716476857, 36.688763068384624 ], [ -78.352661544119599, 36.688598271133081 ], [ -78.352452984173183, 36.689475528286231 ], [ -78.351342804177364, 36.689310718924432 ], [ -78.351134226846526, 36.690187973455096 ], [ -78.350024039212485, 36.690023151982814 ], [ -78.350232629054688, 36.689145899299945 ], [ -78.350441214023462, 36.688268645842243 ], [ -78.349331056285138, 36.688103817803004 ], [ -78.349539648891337, 36.68722656541798 ], [ -78.348429508537009, 36.68706172896421 ] ] ] } },
{ "type": "Feature", "properties": { "id": "51_42", "growth_scenario": "high", "market_gravity_weight": 75 }, "geometry": { "type": "Polygon", "coordinates": [ [ [ -77.786203062879949, 38.307427438920953 ], [ -77.787336411606375, 38.307597379686321 ], [ -77.787116508781821, 38.308473216206842 ], [ -77.788249875760812, 38.308643148543744 ], [ -77.788029980698951, 38.309518986645735 ], [ -77.786896600712083, 38.309349052290692 ], [ -77.786676687396977, 38.31022488793807 ], [ -77.785543299647529, 38.310054941117635 ], [ -77.78440991714389, 38.309884983850182 ], [ -77.784629856474737, 38.309009152239781 ], [ -77.783496492224828, 38.308839186544105 ], [ -77.783716439317018, 38.307963356515586 ], [ -77.783936381163201, 38.307087526050161 ], [ -77.785069719398791, 38.307257487708874 ], [ -77.785289642992382, 38.306381654787927 ], [ -77.786422973466614, 38.306551603981703 ], [ -77.786203062879949, 38.307427438920953 ] ] ] } },
{ "type": "Feature", "properties": { "id": "51_43", "growth_scenario": "high", "market_gravity_weight": 75 }, "geometry": { "type": "Polygon", "coordinates": [ [ [ -78.351484065772112, 36.683882366923875 ], [ -78.351275505167877, 36.684759624258767 ], [ -78.351066939691037, 36.685636880817889 ], [ -78.349956819483879, 36.685472058321785 ], [ -78.349748236624194, 36.686349312257633 ], [ -78.348638108780079, 36.686184477651715 ], [ -78.348846704149722, 36.685307225563569 ], [ -78.347736593688836, 36.685142382543191 ], [ -78.347945196694695, 36.684265131527027 ], [ -78.346835103616712, 36.684100280092558 ], [ -78.347043714258263, 36.683223030148113 ], [ -78.348153794827184, 36.683387879734859 ], [ -78.348362388086443, 36.682510627166423 ], [ -78.349472461019602, 36.682675464643715 ], [ -78.350582538825535, 36.682840291859279 ], [ -78.350373970584371, 36.683717548122743 ], [ -78.351484065772112, 36.683882366923875 ] ] ] } },
{ "type": "Feature", "properties": { "id": "51_44", "growth_scenario": "high", "market_gravity_weight": 75 }, "geometry": { "type": "Polygon", "coordinates": [ [ [ -77.436695687281386, 39.015710956246544 ], [ -77.436469422560435, 39.016586192577407 ], [ -77.43624315239397, 39.017461428621445 ], [ -77.436016876781778, 39.01833666437885 ], [ -77.434873281384341, 39.018163480396147 ], [ -77.433729691433101, 39.017990285886128 ], [ -77.432586106928383, 39.017817080848907 ], [ -77.432812422207959, 39.016941851418501 ], [ -77.433038732040956, 39.016066621701242 ], [ -77.434182290101432, 39.016239822520319 ], [ -77.434408581266339, 39.015364590407003 ], [ -77.433265036427528, 39.01519139169686 ], [ -77.433491335367904, 39.014316161405134 ], [ -77.434634866985292, 39.014489358006465 ], [ -77.43577840404842, 39.014662544081006 ], [ -77.435552131551034, 39.015537778590222 ], [ -77.436695687281386, 39.015710956246544 ] ] ] } },
{ "type": "Feature", "properties": { "id": "51_45", "growth_scenario": "high", "market_gravity_weight": 75 }, "geometry": { "type": "Polygon", "coordinates": [ [ [ -77.156943732727669, 38.949346623952337 ], [ -77.158085581087164, 38.949522365011781 ], [ -77.157856173483239, 38.950397081012625 ], [ -77.157626760366384, 38.951271796698599 ], [ -77.158768640571182, 38.951447531519442 ], [ -77.158539235107909, 38.952322249024327 ], [ -77.157397341736385, 38.952146512069866 ], [ -77.157167917593085, 38.953021227126669 ], [ -77.156026016568063, 38.952845477532499 ], [ -77.156255453878174, 38.951970764609534 ], [ -77.155113571533576, 38.951795006643401 ], [ -77.155343016496403, 38.950920295539653 ], [ -77.155572455945546, 38.950045584121092 ], [ -77.154430605446819, 38.949869819916977 ], [ -77.15466005254801, 38.948995110317149 ], [ -77.155801889881175, 38.949170872387462 ], [ -77.156031318303491, 38.948296160338522 ], [ -77.157173147984537, 38.948471909769921 ], [ -77.156943732727669, 38.949346623952337 ] ] ] } },
{ "type": "Feature", "properties": { "id": "51_46", "growth_scenario": "high", "market_gravity_weight": 75 }, "geometry": { "type": "Polygon", "coordinates": [ [ [ -78.371121276048413, 36.678622455253212 ], [ -78.372231341430322, 36.678787082983163 ], [ -78.372023037318769, 36.679664378688102 ], [ -78.371814728340752, 36.680541673616908 ], [ -78.370704637938573, 36.680377042196817 ], [ -78.370496311583395, 36.681254334504501 ], [ -78.369386213537709, 36.681089690976719 ], [ -78.36827612035934, 36.680925037186569 ], [ -78.368484471735101, 36.680047748569628 ], [ -78.367374395934377, 36.679883086362707 ], [ -78.367582754952466, 36.679005798814984 ], [ -78.368692818243417, 36.679170459176476 ], [ -78.368901159884487, 36.678293169007041 ], [ -78.37001121553304, 36.678457817261169 ], [ -78.370219539797617, 36.677580524469988 ], [ -78.37132958780343, 36.677745160616979 ], [ -78.371121276048413, 36.678622455253212 ] ] ] } },
{ "type": "Feature", "properties": { "id": "51_47", "growth_scenario": "high", "market_gravity_weight": 75 }, "geometry": { "type": "Polygon", "coordinates": [ [ [ -77.525376466520811, 39.068207538259443 ], [ -77.526521064439251, 39.068379890130821 ], [ -77.526295717543107, 39.069255297686034 ], [ -77.52515110637313, 39.069082943711628 ], [ -77.524925740796775, 39.069958348893302 ], [ -77.524700369791546, 39.070833753804749 ], [ -77.523555737546715, 39.070661385085408 ], [ -77.52333034786021, 39.071536787623295 ], [ -77.522185707792673, 39.071364406261964 ], [ -77.522411110731213, 39.070489005827625 ], [ -77.522636508240097, 39.069613605123024 ], [ -77.521491900105786, 39.069441217430509 ], [ -77.521717305436454, 39.068565818558938 ], [ -77.522861900319512, 39.06873820414804 ], [ -77.52308728696967, 39.067862802902276 ], [ -77.524231874030846, 39.068035175849921 ], [ -77.524457242001077, 39.067159772230198 ], [ -77.525601821240002, 39.06733213253667 ], [ -77.525376466520811, 39.068207538259443 ] ] ] } },
{ "type": "Feature", "properties": { "id": "51_48", "growth_scenario": "high", "market_gravity_weight": 75 }, "geometry": { "type": "Polygon", "coordinates": [ [ [ -78.356617613812546, 36.686460839364017 ], [ -78.356409106016102, 36.687338104384182 ], [ -78.355298948936991, 36.687173331352575 ], [ -78.355090423757773, 36.688050593750468 ], [ -78.353980259039403, 36.687885808609025 ], [ -78.352870099193325, 36.687721013205014 ], [ -78.353078649394504, 36.686843754501865 ], [ -78.353287194723322, 36.685966495023386 ], [ -78.352177064770942, 36.6858016930518 ], [ -78.352385617737767, 36.684924434645232 ], [ -78.353495735179948, 36.685089234769485 ], [ -78.354605857494178, 36.685254024631533 ], [ -78.355715984680145, 36.685418804231276 ], [ -78.356826116737608, 36.685583573568685 ], [ -78.357936253666281, 36.685748332643648 ], [ -78.357727763252072, 36.686625600285943 ], [ -78.356617613812546, 36.686460839364017 ] ] ] } },
{ "type": "Feature", "properties": { "id": "51_49", "growth_scenario": "high", "market_gravity_weight": 75 }, "geometry": { "type": "Polygon", "coordinates": [ [ [ -77.47982444221914, 38.991313815454589 ], [ -77.479598772203275, 38.992189126873726 ], [ -77.479373096757541, 38.993064438002115 ], [ -77.47822979550206, 38.9928916540401 ], [ -77.478455484166233, 38.992016345013958 ], [ -77.477312201559386, 38.991843552628524 ], [ -77.476168924382975, 38.991670749717613 ], [ -77.475025652637356, 38.991497936281114 ], [ -77.475251375524621, 38.990622633271421 ], [ -77.475477092981023, 38.989747329970534 ], [ -77.476620338291838, 38.989920139202027 ], [ -77.477763589033003, 38.990092937908265 ], [ -77.47890684520425, 38.990265726089135 ], [ -77.480050106805294, 38.990438503744549 ], [ -77.481193373835836, 38.990611270874567 ], [ -77.48096772246771, 38.991486584686513 ], [ -77.47982444221914, 38.991313815454589 ] ] ] } },
{ "type": "Feature", "properties": { "id": "51_5", "growth_scenario": "high", "market_gravity_weight": 75 }, "geometry": { "type": "Polygon", "coordinates": [ [ [ -77.467502868016638, 38.997636040704698 ], [ -77.468646218347374, 38.997808923595429 ], [ -77.469789574111886, 38.997981795960136 ], [ -77.469563762678774, 38.998857090046798 ], [ -77.469337945811986, 38.999732383843892 ], [ -77.46819456360835, 38.999559507271577 ], [ -77.467051186838859, 38.999386620172949 ], [ -77.466825338098388, 39.000261909472648 ], [ -77.465681953543736, 39.000089009743732 ], [ -77.465907815503812, 38.999213722548191 ], [ -77.464764449603507, 38.999040814397453 ], [ -77.46499031934799, 38.99816552901644 ], [ -77.465216183657617, 38.997290243345617 ], [ -77.466359523119948, 38.997463147288073 ], [ -77.466585368776379, 38.996587859223105 ], [ -77.46772870045433, 38.996760750535834 ], [ -77.467502868016638, 38.997636040704698 ] ] ] } },
{ "type": "Feature", "properties": { "id": "51_50", "growth_scenario": "high", "market_gravity_weight": 75 }, "geometry": { "type": "Polygon", "coordinates": [ [ [ -77.459725492836313, 38.995550290308863 ], [ -77.460868791904915, 38.995723244774929 ], [ -77.460642880157678, 38.996598522318692 ], [ -77.461786197879675, 38.996771468363839 ], [ -77.462929521037196, 38.99694440388344 ], [ -77.462703630290463, 38.997819685345704 ], [ -77.462477734108305, 38.998694966517888 ], [ -77.461334384513989, 38.998522026789338 ], [ -77.460191040355568, 38.998349076534929 ], [ -77.459047701633352, 38.998176115754916 ], [ -77.459273637470574, 38.997300840896635 ], [ -77.458130317402819, 38.997127871695874 ], [ -77.458356261021422, 38.996252598652021 ], [ -77.458582199203619, 38.99537732531752 ], [ -77.45880813194961, 38.994502051692173 ], [ -77.459951412365214, 38.994675014578917 ], [ -77.459725492836313, 38.995550290308863 ] ] ] } },
{ "type": "Feature", "properties": { "id": "51_51", "growth_scenario": "high", "market_gravity_weight": 75 }, "geometry": { "type": "Polygon", "coordinates": [ [ [ -77.79058472983796, 38.318081215561563 ], [ -77.791718253139294, 38.318251115844035 ], [ -77.791498370674717, 38.319126959684723 ], [ -77.791278482964628, 38.320002803091441 ], [ -77.790144933639695, 38.319832898771779 ], [ -77.7899250276717, 38.320708739725831 ], [ -77.788791470580691, 38.320538822938808 ], [ -77.787657918736144, 38.320368895703275 ], [ -77.786524372138302, 38.320198958019233 ], [ -77.786744317141853, 38.319323123122089 ], [ -77.787877850728023, 38.319493058786975 ], [ -77.788097777473354, 38.318617221436611 ], [ -77.788317698972335, 38.317741383651963 ], [ -77.789451211782193, 38.317911304830844 ], [ -77.789671115024021, 38.317035464592983 ], [ -77.790804620068585, 38.317205373305157 ], [ -77.79058472983796, 38.318081215561563 ] ] ] } },
{ "type": "Feature", "properties": { "id": "51_52", "growth_scenario": "high", "market_gravity_weight": 75 }, "geometry": { "type": "Polygon", "coordinates": [ [ [ -77.793731207048552, 38.314917617898125 ], [ -77.793511358574804, 38.31579346549502 ], [ -77.792377869061923, 38.315623581715784 ], [ -77.792158002332727, 38.316499426859778 ], [ -77.791938130358574, 38.317375271569105 ], [ -77.790804620068585, 38.317205373305157 ], [ -77.791024505053812, 38.316329530614169 ], [ -77.791244384793785, 38.315453687488514 ], [ -77.790110905770732, 38.31528378281326 ], [ -77.790330793275984, 38.31440794127105 ], [ -77.79055067553611, 38.313532099293681 ], [ -77.791684128538819, 38.313701999932299 ], [ -77.791903992544235, 38.312826155501398 ], [ -77.793037437781706, 38.312996043674254 ], [ -77.79417088826338, 38.313165921399403 ], [ -77.793951050278011, 38.31404176986635 ], [ -77.793731207048552, 38.314917617898125 ] ] ] } },
{ "type": "Feature", "properties": { "id": "51_53", "growth_scenario": "high", "market_gravity_weight": 75 }, "geometry": { "type": "Polygon", "coordinates": [ [ [ -77.792563553094283, 38.310198619595084 ], [ -77.793696959303674, 38.31036850171435 ], [ -77.793477124040251, 38.311244349470009 ], [ -77.794610548502533, 38.311414223159524 ], [ -77.794390721004831, 38.312290072497213 ], [ -77.79417088826338, 38.313165921399403 ], [ -77.793037437781706, 38.312996043674254 ], [ -77.791903992544235, 38.312826155501398 ], [ -77.790770552551265, 38.312656256880899 ], [ -77.790990424321663, 38.311780414032604 ], [ -77.791210290847445, 38.310904570748527 ], [ -77.790076882117518, 38.310734665716751 ], [ -77.790296756407614, 38.309858824014782 ], [ -77.791430152128839, 38.310028727028538 ], [ -77.791650008166016, 38.309152882872382 ], [ -77.792783396122871, 38.309322773421137 ], [ -77.792563553094283, 38.310198619595084 ] ] ] } },
{ "type": "Feature", "properties": { "id": "51_54", "growth_scenario": "high", "market_gravity_weight": 75 }, "geometry": { "type": "Polygon", "coordinates": [ [ [ -77.780316417066572, 38.307453402804647 ], [ -77.781449752570197, 38.307623397821487 ], [ -77.781229779463942, 38.308499223812532 ], [ -77.780096430953549, 38.308329226776863 ], [ -77.778963087690229, 38.308159219294566 ], [ -77.778743083323278, 38.30903504081072 ], [ -77.777609732300661, 38.308865020862854 ], [ -77.777829749674282, 38.307989201365906 ], [ -77.778049761800247, 38.307113381431812 ], [ -77.776916442038129, 38.306943355075902 ], [ -77.777136461922538, 38.306067536723546 ], [ -77.777356476559362, 38.305191717933489 ], [ -77.778489770309932, 38.30536174025125 ], [ -77.779623069307618, 38.30553175212296 ], [ -77.780756373552094, 38.305701753548497 ], [ -77.780536397932693, 38.306577578395249 ], [ -77.780316417066572, 38.307453402804647 ] ] ] } },
{ "type": "Feature", "properties": { "id": "51_55", "growth_scenario": "high", "market_gravity_weight": 75 }, "geometry": { "type": "Polygon", "coordinates": [ [ [ -77.792089704508456, 38.307401193250939 ], [ -77.79186985895916, 38.308277038279911 ], [ -77.790736489254485, 38.308107139301889 ], [ -77.790516625453208, 38.308982981876532 ], [ -77.789383247984702, 38.30881307043358 ], [ -77.789163365930889, 38.309688910553767 ], [ -77.788029980698951, 38.309518986645735 ], [ -77.788249875760812, 38.308643148543744 ], [ -77.787116508781821, 38.308473216206842 ], [ -77.787336411606375, 38.307597379686321 ], [ -77.787556309185945, 38.30672154272898 ], [ -77.788689650150076, 38.306891471029623 ], [ -77.788909529477834, 38.3060156316172 ], [ -77.7900428626793, 38.306185547453275 ], [ -77.791176201124813, 38.306355452842659 ], [ -77.790956347811616, 38.307231296290652 ], [ -77.792089704508456, 38.307401193250939 ] ] ] } },
{ "type": "Feature", "properties": { "id": "51_56", "growth_scenario": "high", "market_gravity_weight": 75 }, "geometry": { "type": "Polygon", "coordinates": [ [ [ -78.367374395934377, 36.679883086362707 ], [ -78.368484471735101, 36.680047748569628 ], [ -78.36827612035934, 36.680925037186569 ], [ -78.369386213537709, 36.681089690976719 ], [ -78.369177869804844, 36.681966980663248 ], [ -78.370287980361169, 36.682131626036416 ], [ -78.37007964427174, 36.683008916792673 ], [ -78.368969521204477, 36.682844269574026 ], [ -78.367859403004871, 36.682679612092777 ], [ -78.367651037025823, 36.683556898382427 ], [ -78.366540911183307, 36.683392228792933 ], [ -78.366749289673209, 36.682514944349094 ], [ -78.366957663294912, 36.681637659129592 ], [ -78.365847567341874, 36.68147298296919 ], [ -78.366055948605691, 36.680595698819467 ], [ -78.366264325001339, 36.679718413893625 ], [ -78.366472696529044, 36.678841128191479 ], [ -78.367582754952466, 36.679005798814984 ], [ -78.367374395934377, 36.679883086362707 ] ] ] } },
{ "type": "Feature", "properties": { "id": "51_57", "growth_scenario": "high", "market_gravity_weight": 75 }, "geometry": { "type": "Polygon", "coordinates": [ [ [ -78.855787283481789, 38.469175708742391 ], [ -78.854649029654766, 38.469015626270384 ], [ -78.853510780801116, 38.468855533285861 ], [ -78.853303150811357, 38.469733216644464 ], [ -78.852164893751763, 38.469573111230766 ], [ -78.851026641666266, 38.469412995304481 ], [ -78.851234298015072, 38.468535315779214 ], [ -78.851441949389638, 38.467657635898419 ], [ -78.851649595790121, 38.466779955661877 ], [ -78.852787808338178, 38.466940065838202 ], [ -78.85392602585982, 38.467100165502266 ], [ -78.855064248354765, 38.467260254654065 ], [ -78.856202475822727, 38.467420333293447 ], [ -78.855994882138688, 38.468298021195608 ], [ -78.855787283481789, 38.469175708742391 ] ] ] } },
{ "type": "Feature", "properties": { "id": "51_58", "growth_scenario": "high", "market_gravity_weight": 75 }, "geometry": { "type": "Polygon", "coordinates": [ [ [ -78.371883268273251, 36.685092767010246 ], [ -78.371674942605082, 36.68597005913184 ], [ -78.370564772267926, 36.685805426902142 ], [ -78.370356429220067, 36.686682716403439 ], [ -78.370148081304421, 36.687560005130038 ], [ -78.369037890810262, 36.687395358945956 ], [ -78.367927705184343, 36.687230702498738 ], [ -78.368136078124707, 36.686353417463735 ], [ -78.36834444619673, 36.685476131653949 ], [ -78.367234290463259, 36.685311468635533 ], [ -78.367442666178675, 36.684434183896641 ], [ -78.368552809400597, 36.68459884506921 ], [ -78.368761167736452, 36.683721557709312 ], [ -78.369871303314909, 36.683886206773479 ], [ -78.370981443760911, 36.684050845574987 ], [ -78.370773110448141, 36.684928136626091 ], [ -78.371883268273251, 36.685092767010246 ] ] ] } },
{ "type": "Feature", "properties": { "id": "51_59", "growth_scenario": "high", "market_gravity_weight": 75 }, "geometry": { "type": "Polygon", "coordinates": [ [ [ -78.349539648891337, 36.68722656541798 ], [ -78.349331056285138, 36.688103817803004 ], [ -78.350441214023462, 36.688268645842243 ], [ -78.350232629054688, 36.689145899299945 ], [ -78.349122458805425, 36.688981069412854 ], [ -78.348913856452, 36.689858320247744 ], [ -78.347803678565384, 36.689693478250128 ], [ -78.348012293429832, 36.688816229263253 ], [ -78.346902132928207, 36.688651378851155 ], [ -78.345791977300806, 36.688486518176582 ], [ -78.346000612312309, 36.68760927211094 ], [ -78.346209242449476, 36.686732025269883 ], [ -78.346417867712489, 36.685854777653248 ], [ -78.347527985809435, 36.686019632783506 ], [ -78.348638108780079, 36.686184477651715 ], [ -78.348429508537009, 36.68706172896421 ], [ -78.349539648891337, 36.68722656541798 ] ] ] } },
{ "type": "Feature", "properties": { "id": "51_6", "growth_scenario": "high", "market_gravity_weight": 75 }, "geometry": { "type": "Polygon", "coordinates": [ [ [ -77.785796981679255, 38.313728226166532 ], [ -77.786930426709731, 38.313898170614067 ], [ -77.786710500174621, 38.314774006100699 ], [ -77.787843963460844, 38.314943942119299 ], [ -77.787624044689593, 38.315819779189368 ], [ -77.78740412067225, 38.316695615824514 ], [ -77.786270631365639, 38.316525675768347 ], [ -77.786050689091411, 38.317401509949761 ], [ -77.784917192020913, 38.317231557426659 ], [ -77.785137147305591, 38.316355725264252 ], [ -77.784003668492375, 38.316185764312351 ], [ -77.784223631540158, 38.315309933734056 ], [ -77.784443589341009, 38.314434102720476 ], [ -77.7846635418951, 38.313558271271489 ], [ -77.784883489202613, 38.312682439386926 ], [ -77.786016915977669, 38.312852392263196 ], [ -77.785796981679255, 38.313728226166532 ] ] ] } },
{ "type": "Feature", "properties": { "id": "51_60", "growth_scenario": "high", "market_gravity_weight": 75 }, "geometry": { "type": "Polygon", "coordinates": [ [ [ -77.28606301738138, 38.690759368958858 ], [ -77.28583595478662, 38.691634297696631 ], [ -77.28469783080557, 38.691459737264779 ], [ -77.284470749684274, 38.692334663532719 ], [ -77.284243663123775, 38.693209589431078 ], [ -77.28310551840616, 38.693035014322568 ], [ -77.283332618054587, 38.692160090524503 ], [ -77.283559712263511, 38.691285166356636 ], [ -77.282421599160742, 38.691110584972328 ], [ -77.28264870101755, 38.690235662534732 ], [ -77.281510606441316, 38.69006107277459 ], [ -77.281737715945397, 38.68918615206691 ], [ -77.282875797434968, 38.689360739726865 ], [ -77.284013884363702, 38.689535316911012 ], [ -77.285151976731356, 38.689709883619145 ], [ -77.286290074537604, 38.689884439851184 ], [ -77.287428177782203, 38.690058985607145 ], [ -77.28720113371341, 38.690933916814572 ], [ -77.28606301738138, 38.690759368958858 ] ] ] } },
{ "type": "Feature", "properties": { "id": "51_61", "growth_scenario": "high", "market_gravity_weight": 75 }, "geometry": { "type": "Polygon", "coordinates": [ [ [ -77.52308728696967, 39.067862802902276 ], [ -77.522861900319512, 39.06873820414804 ], [ -77.521717305436454, 39.068565818558938 ], [ -77.521491900105786, 39.069441217430509 ], [ -77.522636508240097, 39.069613605123024 ], [ -77.522411110731213, 39.070489005827625 ], [ -77.521266489345365, 39.070316616031491 ], [ -77.520121873389471, 39.07014421569712 ], [ -77.52034729740123, 39.069268819199756 ], [ -77.519202700126726, 39.069096410431001 ], [ -77.519428131959302, 39.068221015766746 ], [ -77.518283553365777, 39.068048598563706 ], [ -77.518508993018571, 39.067173205732331 ], [ -77.519653558361725, 39.067345620831603 ], [ -77.51987897933418, 39.06647022562538 ], [ -77.521023536857001, 39.066642628083265 ], [ -77.522168099809306, 39.066815020003425 ], [ -77.521942705337565, 39.067690419416671 ], [ -77.52308728696967, 39.067862802902276 ] ] ] } },
{ "type": "Feature", "properties": { "id": "51_62", "growth_scenario": "high", "market_gravity_weight": 75 }, "geometry": { "type": "Polygon", "coordinates": [ [ [ -77.271502857373889, 38.70581119051127 ], [ -77.271275573580539, 38.706686093338092 ], [ -77.272413902730136, 38.706860777510549 ], [ -77.272186626583562, 38.707735682073171 ], [ -77.271048284342214, 38.707560995798083 ], [ -77.269909947546026, 38.70738629904514 ], [ -77.270137249875916, 38.70651139868788 ], [ -77.270364546760518, 38.705636497963681 ], [ -77.269226241592222, 38.705461794938564 ], [ -77.268087941869268, 38.70528708143604 ], [ -77.266949647591943, 38.705112357456038 ], [ -77.267176978303283, 38.704237462672943 ], [ -77.268315259490223, 38.70441218455008 ], [ -77.268542571665705, 38.703537287296534 ], [ -77.269680845207773, 38.703711996593718 ], [ -77.270819124194787, 38.703886695413608 ], [ -77.271957408626477, 38.704061383756112 ], [ -77.271730135722478, 38.704936287317295 ], [ -77.271502857373889, 38.70581119051127 ] ] ] } },
{ "type": "Feature", "properties": { "id": "51_63", "growth_scenario": "high", "market_gravity_weight": 75 }, "geometry": { "type": "Polygon", "coordinates": [ [ [ -77.518300918491136, 39.072597986382661 ], [ -77.519445568771999, 39.072770403567212 ], [ -77.519220123038139, 39.073645798984025 ], [ -77.52036479200234, 39.073818207734107 ], [ -77.520139354090261, 39.074693604985377 ], [ -77.518994671873244, 39.074521194131101 ], [ -77.518769215277175, 39.075396589008818 ], [ -77.517624525238446, 39.075224165511422 ], [ -77.516479840631419, 39.075051731475249 ], [ -77.515335161456377, 39.074879286900384 ], [ -77.51556065781061, 39.07400389833608 ], [ -77.515786148732772, 39.07312850950207 ], [ -77.516930801403049, 39.073300949867871 ], [ -77.517156273641376, 39.072425558659624 ], [ -77.517381740448286, 39.071550167181279 ], [ -77.51852637204621, 39.071722592800107 ], [ -77.518300918491136, 39.072597986382661 ] ] ] } },
{ "type": "Feature", "properties": { "id": "51_64", "growth_scenario": "high", "market_gravity_weight": 75 }, "geometry": { "type": "Polygon", "coordinates": [ [ [ -78.357451596286154, 36.682951771529453 ], [ -78.358561695683875, 36.683116525064023 ], [ -78.359671799952039, 36.683281268336408 ], [ -78.359463336660383, 36.684158540151842 ], [ -78.359254868498397, 36.685035811191703 ], [ -78.358144739209536, 36.684871064225973 ], [ -78.357034614791431, 36.684706306997896 ], [ -78.355924495244395, 36.684541539507478 ], [ -78.354814380568669, 36.684376761754848 ], [ -78.353704270764538, 36.684211973739934 ], [ -78.353912801477279, 36.683334711934556 ], [ -78.355022898771608, 36.683499498102357 ], [ -78.355231412103109, 36.682622233673925 ], [ -78.356341501759132, 36.682787007732699 ], [ -78.356549997709962, 36.681909740681377 ], [ -78.357660079727367, 36.682074502631345 ], [ -78.357451596286154, 36.682951771529453 ] ] ] } },
{ "type": "Feature", "properties": { "id": "51_65", "growth_scenario": "high", "market_gravity_weight": 75 }, "geometry": { "type": "Polygon", "coordinates": [ [ [ -78.346835103616712, 36.684100280092558 ], [ -78.347945196694695, 36.684265131527027 ], [ -78.347736593688836, 36.685142382543191 ], [ -78.348846704149722, 36.685307225563569 ], [ -78.348638108780079, 36.686184477651715 ], [ -78.347527985809435, 36.686019632783506 ], [ -78.346417867712489, 36.685854777653248 ], [ -78.346209242449476, 36.686732025269883 ], [ -78.346000612312309, 36.68760927211094 ], [ -78.344890474069643, 36.687444403022269 ], [ -78.34509911671681, 36.686567158029469 ], [ -78.345307754489539, 36.685689912260919 ], [ -78.344197646140842, 36.685525036606585 ], [ -78.344406291548594, 36.684647791910393 ], [ -78.344614932081967, 36.683770546438055 ], [ -78.34572501541237, 36.683935418396246 ], [ -78.345933638562826, 36.683058170299624 ], [ -78.347043714258263, 36.683223030148113 ], [ -78.346835103616712, 36.684100280092558 ] ] ] } },
{ "type": "Feature", "properties": { "id": "51_66", "growth_scenario": "high", "market_gravity_weight": 75 }, "geometry": { "type": "Polygon", "coordinates": [ [ [ -77.273773346730792, 38.692512942932119 ], [ -77.274911461009637, 38.692687603951008 ], [ -77.274684258867609, 38.693562512304347 ], [ -77.273546131501789, 38.693387849184134 ], [ -77.273318910830454, 38.694262755066319 ], [ -77.272180775819933, 38.694088079368612 ], [ -77.271042646252269, 38.693913393194855 ], [ -77.271269893097539, 38.693038491515779 ], [ -77.270131782059664, 38.692863796967679 ], [ -77.270359036548356, 38.691988897020103 ], [ -77.269220944039901, 38.691814194097908 ], [ -77.268082856974729, 38.691639480700097 ], [ -77.268310132192013, 38.69076458458553 ], [ -77.269448206171461, 38.69093929588162 ], [ -77.27058628559405, 38.691113996702185 ], [ -77.271724370459438, 38.69128868704717 ], [ -77.271497134499867, 38.692163589466581 ], [ -77.272635237894093, 38.692338271437315 ], [ -77.272862460767399, 38.691463366916459 ], [ -77.274000556517606, 38.691638036309953 ], [ -77.273773346730792, 38.692512942932119 ] ] ] } },
{ "type": "Feature", "properties": { "id": "51_67", "growth_scenario": "high", "market_gravity_weight": 75 }, "geometry": { "type": "Polygon", "coordinates": [ [ [ -77.533687341152813, 39.086735926360504 ], [ -77.533462023666019, 39.087611349854548 ], [ -77.532317106353787, 39.087439061312324 ], [ -77.532091770178525, 39.088314482436843 ], [ -77.530946845036567, 39.088142181249573 ], [ -77.531172194470969, 39.087266762228964 ], [ -77.530027288017862, 39.087094452604532 ], [ -77.530252645281223, 39.086219035421962 ], [ -77.529107757516599, 39.086046717360588 ], [ -77.529333122608307, 39.085171302015794 ], [ -77.530477997114772, 39.085343617973201 ], [ -77.531622877050836, 39.085515923389835 ], [ -77.531848210196699, 39.084640503570995 ], [ -77.532993082303832, 39.08481279634313 ], [ -77.534137959839825, 39.084985078574526 ], [ -77.533912653210692, 39.085860502600532 ], [ -77.533687341152813, 39.086735926360504 ] ] ] } },
{ "type": "Feature", "properties": { "id": "51_68", "growth_scenario": "high", "market_gravity_weight": 75 }, "geometry": { "type": "Polygon", "coordinates": [ [ [ -77.51913402245097, 39.110916446729178 ], [ -77.518908454571942, 39.111791847851457 ], [ -77.517763190671033, 39.111619424453124 ], [ -77.517537604088702, 39.112494823207612 ], [ -77.516392332358578, 39.112322387158159 ], [ -77.516166727072346, 39.113197783544692 ], [ -77.515021447513419, 39.113025334843819 ], [ -77.515247066066053, 39.112149940564848 ], [ -77.514101805211411, 39.111977483427744 ], [ -77.514327431592079, 39.111102090995637 ], [ -77.514553052534794, 39.110226698302547 ], [ -77.515698286857884, 39.110399151224584 ], [ -77.515923889097465, 39.109523756162993 ], [ -77.517069115592534, 39.109696196434228 ], [ -77.518214347524605, 39.109868626161983 ], [ -77.517988771816263, 39.110744025438024 ], [ -77.51913402245097, 39.110916446729178 ] ] ] } },
{ "type": "Feature", "properties": { "id": "51_69", "growth_scenario": "high", "market_gravity_weight": 75 }, "geometry": { "type": "Polygon", "coordinates": [ [ [ -77.49425235112885, 38.999859006635916 ], [ -77.495395799915826, 39.000031643207372 ], [ -77.495170290212783, 39.00090698412523 ], [ -77.496313757649702, 39.00107961227026 ], [ -77.496088255743388, 39.001954955001352 ], [ -77.494944775082899, 39.001782324755133 ], [ -77.494719254525961, 39.002657665097388 ], [ -77.49357576606883, 39.002485022222089 ], [ -77.493801299849451, 39.001609683981265 ], [ -77.492657830043314, 39.001437032679746 ], [ -77.492432283039221, 39.002312368819076 ], [ -77.491288805437449, 39.002139704888371 ], [ -77.490145333263783, 39.00196703043013 ], [ -77.490370906714261, 39.001091698494029 ], [ -77.491514365664827, 39.001264370850606 ], [ -77.491739920464269, 39.000389036524879 ], [ -77.492883371619783, 39.000561696252483 ], [ -77.4931089077688, 38.99968635953708 ], [ -77.493334438490578, 38.99881102253341 ], [ -77.49447786862801, 38.998983667531036 ], [ -77.49425235112885, 38.999859006635916 ] ] ] } },
{ "type": "Feature", "properties": { "id": "51_7", "growth_scenario": "high", "market_gravity_weight": 75 }, "geometry": { "type": "Polygon", "coordinates": [ [ [ -78.375422054215136, 36.684709298152512 ], [ -78.375213770950594, 36.685586596584677 ], [ -78.37500548281966, 36.68646389424223 ], [ -78.374797189822175, 36.687341191125299 ], [ -78.373686992370907, 36.687176587839687 ], [ -78.373895297881234, 36.686299292801941 ], [ -78.372785117809627, 36.686134681098459 ], [ -78.371674942605082, 36.68597005913184 ], [ -78.371883268273251, 36.685092767010246 ], [ -78.370773110448141, 36.684928136626091 ], [ -78.370981443760911, 36.684050845574987 ], [ -78.372091589074202, 36.684215474113721 ], [ -78.372299905008148, 36.683338180442092 ], [ -78.373410042676781, 36.683502796872688 ], [ -78.374520185211978, 36.683667403040495 ], [ -78.374311894301599, 36.684544700402547 ], [ -78.375422054215136, 36.684709298152512 ] ] ] } },
{ "type": "Feature", "properties": { "id": "51_70", "growth_scenario": "high", "market_gravity_weight": 75 }, "geometry": { "type": "Polygon", "coordinates": [ [ [ -77.78835161688113, 38.322290499507993 ], [ -77.787218039012004, 38.322120568234254 ], [ -77.786998091279386, 38.322996403849359 ], [ -77.785864505644838, 38.322826460107656 ], [ -77.784730925257875, 38.322656505917237 ], [ -77.784950899015357, 38.321780674340893 ], [ -77.78381733688839, 38.321610711721391 ], [ -77.782683780009378, 38.32144073865345 ], [ -77.782903774542746, 38.320564910682414 ], [ -77.784037318410071, 38.320734881730779 ], [ -77.785170867525167, 38.320904842330854 ], [ -77.785390830787478, 38.320029009886895 ], [ -77.786524372138302, 38.320198958019233 ], [ -77.787657918736144, 38.320368895703275 ], [ -77.788791470580691, 38.320538822938808 ], [ -77.788571546354234, 38.321414661440215 ], [ -77.78835161688113, 38.322290499507993 ] ] ] } },
{ "type": "Feature", "properties": { "id": "51_71", "growth_scenario": "high", "market_gravity_weight": 75 }, "geometry": { "type": "Polygon", "coordinates": [ [ [ -77.79398531547767, 38.318590885063891 ], [ -77.793765459036933, 38.319466732941422 ], [ -77.793545597351269, 38.32034258038513 ], [ -77.792412037535243, 38.320172696962601 ], [ -77.792192157591884, 38.321048541954021 ], [ -77.791058590008859, 38.320878646064294 ], [ -77.791278482964628, 38.320002803091441 ], [ -77.791498370674717, 38.319126959684723 ], [ -77.791718253139294, 38.318251115844035 ], [ -77.79058472983796, 38.318081215561563 ], [ -77.790804620068585, 38.317205373305157 ], [ -77.791938130358574, 38.317375271569105 ], [ -77.792158002332727, 38.316499426859778 ], [ -77.793291504856569, 38.316669312657183 ], [ -77.794425012625084, 38.316839188006433 ], [ -77.794205166673649, 38.317715036752318 ], [ -77.79398531547767, 38.318590885063891 ] ] ] } },
{ "type": "Feature", "properties": { "id": "51_72", "growth_scenario": "high", "market_gravity_weight": 75 }, "geometry": { "type": "Polygon", "coordinates": [ [ [ -77.774462819967766, 38.312028207091053 ], [ -77.774242750337478, 38.312904020365458 ], [ -77.773109350024399, 38.312733958979464 ], [ -77.771975954960936, 38.312563887146794 ], [ -77.771755854065859, 38.313439695944773 ], [ -77.770622451244847, 38.313269611645083 ], [ -77.770842565147376, 38.31239380486727 ], [ -77.769709180584016, 38.312223712141119 ], [ -77.769929302243327, 38.311347906947077 ], [ -77.771062673799719, 38.31151799765302 ], [ -77.771282777202032, 38.31064219000212 ], [ -77.772416141001557, 38.310812268241428 ], [ -77.772636226147469, 38.309936458133656 ], [ -77.773769582189729, 38.310106523906548 ], [ -77.774902943481052, 38.310276579232919 ], [ -77.774682884348891, 38.31115239338029 ], [ -77.774462819967766, 38.312028207091053 ] ] ] } },
{ "type": "Feature", "properties": { "id": "51_73", "growth_scenario": "high", "market_gravity_weight": 75 }, "geometry": { "type": "Polygon", "coordinates": [ [ [ -77.775122997364434, 38.309400764648785 ], [ -77.774902943481052, 38.310276579232919 ], [ -77.773769582189729, 38.310106523906548 ], [ -77.772636226147469, 38.309936458133656 ], [ -77.772416141001557, 38.310812268241428 ], [ -77.771282777202032, 38.31064219000212 ], [ -77.771502875354543, 38.309766381914372 ], [ -77.770369529811276, 38.309596295248674 ], [ -77.770589635720256, 38.308720488743866 ], [ -77.771722968257421, 38.308890573389533 ], [ -77.771943055910839, 38.30801476442749 ], [ -77.773076380691407, 38.308184836607161 ], [ -77.773296450089831, 38.307309025188019 ], [ -77.774429767113475, 38.307479084901807 ], [ -77.775563089385599, 38.307649134169431 ], [ -77.775343045999222, 38.308524949627682 ], [ -77.775122997364434, 38.309400764648785 ] ] ] } },
{ "type": "Feature", "properties": { "id": "51_74", "growth_scenario": "high", "market_gravity_weight": 75 }, "geometry": { "type": "Polygon", "coordinates": [ [ [ -77.782109640410098, 38.304995917224872 ], [ -77.783242942141257, 38.305165895739449 ], [ -77.78302299778035, 38.306041725060894 ], [ -77.784156317763532, 38.306211695147603 ], [ -77.783936381163201, 38.307087526050161 ], [ -77.783716439317018, 38.307963356515586 ], [ -77.782583093320454, 38.307793382391857 ], [ -77.781449752570197, 38.307623397821487 ], [ -77.780316417066572, 38.307453402804647 ], [ -77.780536397932693, 38.306577578395249 ], [ -77.780756373552094, 38.305701753548497 ], [ -77.779623069307618, 38.30553175212296 ], [ -77.779843052686203, 38.304655928857358 ], [ -77.780976343924991, 38.304825928264194 ], [ -77.781196309051538, 38.303950102542046 ], [ -77.782329592531042, 38.304120089484258 ], [ -77.782109640410098, 38.304995917224872 ] ] ] } },
{ "type": "Feature", "properties": { "id": "51_75", "growth_scenario": "high", "market_gravity_weight": 75 }, "geometry": { "type": "Polygon", "coordinates": [ [ [ -77.470807788539275, 39.030875408253948 ], [ -77.470581887218572, 39.031750708893753 ], [ -77.469437998623874, 39.031577842871137 ], [ -77.468294115467742, 39.031404966317858 ], [ -77.467150237750531, 39.031232079233995 ], [ -77.466006365472481, 39.031059181619618 ], [ -77.466232319717989, 39.030183889405322 ], [ -77.466458268524221, 39.029308596908791 ], [ -77.467602114340735, 39.02948149031014 ], [ -77.468745965596042, 39.02965437318128 ], [ -77.468971882502331, 39.028779076189615 ], [ -77.470115725965414, 39.028951946424208 ], [ -77.471259574866508, 39.0291248061285 ], [ -77.471033684421855, 39.030000107332299 ], [ -77.470807788539275, 39.030875408253948 ] ] ] } },
{ "type": "Feature", "properties": { "id": "51_76", "growth_scenario": "high", "market_gravity_weight": 75 }, "geometry": { "type": "Polygon", "coordinates": [ [ [ -78.375074221536252, 36.691014971319802 ], [ -78.374865916717908, 36.691892266178591 ], [ -78.37465760703229, 36.692769560264082 ], [ -78.373547329630512, 36.692604956168964 ], [ -78.372437057096462, 36.69244034180992 ], [ -78.372645391811204, 36.691563051415947 ], [ -78.37153513665946, 36.691398428638912 ], [ -78.371743479020409, 36.690521139317148 ], [ -78.371951816513445, 36.689643849221646 ], [ -78.373062046637386, 36.68980846830722 ], [ -78.373270366749168, 36.688931175592124 ], [ -78.374380589226945, 36.689095782568586 ], [ -78.375490816571755, 36.689260379281492 ], [ -78.375282521487478, 36.690137675687502 ], [ -78.375074221536252, 36.691014971319802 ] ] ] } },
{ "type": "Feature", "properties": { "id": "51_77", "growth_scenario": "high", "market_gravity_weight": 75 }, "geometry": { "type": "Polygon", "coordinates": [ [ [ -78.35162530694717, 36.678453998894476 ], [ -78.351416763066837, 36.679331259041021 ], [ -78.350306735294723, 36.67916643921469 ], [ -78.350098174034528, 36.680043696737037 ], [ -78.349889607902043, 36.680920953482556 ], [ -78.348779559986014, 36.68075611970022 ], [ -78.347669516942673, 36.680591275656333 ], [ -78.347878108091294, 36.679714022605609 ], [ -78.348086694367112, 36.678836768777856 ], [ -78.346976681212112, 36.678671918167552 ], [ -78.347185275122555, 36.677794665410026 ], [ -78.348295275770269, 36.67795951417294 ], [ -78.348503852300979, 36.677082258790627 ], [ -78.349613845313996, 36.677247095445153 ], [ -78.35072384319902, 36.677411921838576 ], [ -78.350515291682839, 36.678289180915222 ], [ -78.35162530694717, 36.678453998894476 ] ] ] } },
{ "type": "Feature", "properties": { "id": "51_78", "growth_scenario": "high", "market_gravity_weight": 75 }, "geometry": { "type": "Polygon", "coordinates": [ [ [ -77.279471184104963, 38.707033744966729 ], [ -77.280609538268465, 38.707208353691215 ], [ -77.280382359212183, 38.708083273335312 ], [ -77.281520731911158, 38.708257873683309 ], [ -77.281293560505532, 38.709132795062949 ], [ -77.28243195174035, 38.709307387034258 ], [ -77.282204787985918, 38.710182310149811 ], [ -77.281066383657318, 38.710007716076817 ], [ -77.279927984771476, 38.709833111525178 ], [ -77.278789591328689, 38.709658496495052 ], [ -77.277651203329242, 38.709483870986425 ], [ -77.277878419457608, 38.708608956278532 ], [ -77.278105630142534, 38.707734041204439 ], [ -77.278332835384234, 38.706859125763998 ], [ -77.278560035182878, 38.705984209957073 ], [ -77.279698370811275, 38.706158827057941 ], [ -77.279471184104963, 38.707033744966729 ] ] ] } },
{ "type": "Feature", "properties": { "id": "51_79", "growth_scenario": "high", "market_gravity_weight": 75 }, "geometry": { "type": "Polygon", "coordinates": [ [ [ -78.357102262782135, 36.689257398562702 ], [ -78.35689375288247, 36.690134663105539 ], [ -78.355783553396805, 36.689969894795055 ], [ -78.354673358783174, 36.689805116221606 ], [ -78.354464818987466, 36.690682376295257 ], [ -78.353354616734293, 36.690517585611396 ], [ -78.353563169041877, 36.689640327385341 ], [ -78.352452984173183, 36.689475528286231 ], [ -78.352661544119599, 36.688598271133081 ], [ -78.353771716476857, 36.688763068384624 ], [ -78.353980259039403, 36.687885808609025 ], [ -78.355090423757773, 36.688050593750468 ], [ -78.355298948936991, 36.687173331352575 ], [ -78.356409106016102, 36.687338104384182 ], [ -78.357519267966765, 36.687502867153135 ], [ -78.357310767810191, 36.688380133245268 ], [ -78.357102262782135, 36.689257398562702 ] ] ] } },
{ "type": "Feature", "properties": { "id": "51_8", "growth_scenario": "high", "market_gravity_weight": 75 }, "geometry": { "type": "Polygon", "coordinates": [ [ [ -77.46932365970315, 38.995183045907012 ], [ -77.469097851351336, 38.996058338760001 ], [ -77.468872037566143, 38.99693363132274 ], [ -77.46772870045433, 38.996760750535834 ], [ -77.466585368776379, 38.996587859223105 ], [ -77.466359523119948, 38.997463147288073 ], [ -77.465216183657617, 38.997290243345617 ], [ -77.464072849629943, 38.997117328877366 ], [ -77.464298721723281, 38.996242045020558 ], [ -77.464524588381863, 38.995366760873338 ], [ -77.465667895973141, 38.995539671133386 ], [ -77.465893743979422, 38.994664384591687 ], [ -77.467037043786974, 38.994837282222292 ], [ -77.468180349028316, 38.995010169327436 ], [ -77.468406165165007, 38.994134878287582 ], [ -77.469549462621771, 38.994307752763582 ], [ -77.46932365970315, 38.995183045907012 ] ] ] } },
{ "type": "Feature", "properties": { "id": "51_80", "growth_scenario": "high", "market_gravity_weight": 75 }, "geometry": { "type": "Polygon", "coordinates": [ [ [ -77.529107757516599, 39.086046717360588 ], [ -77.530252645281223, 39.086219035421962 ], [ -77.530027288017862, 39.087094452604532 ], [ -77.531172194470969, 39.087266762228964 ], [ -77.530946845036567, 39.088142181249573 ], [ -77.529801925324506, 39.087969869521189 ], [ -77.52957655720094, 39.08884528617201 ], [ -77.528431629660048, 39.088672961798267 ], [ -77.528206242846736, 39.0895483760792 ], [ -77.527061307477368, 39.089376039059964 ], [ -77.52728670754982, 39.088500626883395 ], [ -77.527512102191295, 39.08762521444114 ], [ -77.527737491401979, 39.086749801732878 ], [ -77.526592601239784, 39.086577460485756 ], [ -77.526817998277949, 39.085702049615627 ], [ -77.527962875182084, 39.085874388758484 ], [ -77.528188253531752, 39.084998975517699 ], [ -77.529333122608307, 39.085171302015794 ], [ -77.529107757516599, 39.086046717360588 ] ] ] } },
{ "type": "Feature", "properties": { "id": "51_81", "growth_scenario": "high", "market_gravity_weight": 75 }, "geometry": { "type": "Polygon", "coordinates": [ [ [ -78.371258276666552, 36.687724641050998 ], [ -78.371049936395835, 36.688601930848868 ], [ -78.372160149138693, 36.688766558352185 ], [ -78.371951816513445, 36.689643849221646 ], [ -78.371743479020409, 36.690521139317148 ], [ -78.37063324125063, 36.690356508122285 ], [ -78.370424886375815, 36.691233795598144 ], [ -78.369314640960525, 36.691069152293721 ], [ -78.369523008349034, 36.690191866663866 ], [ -78.368412780315921, 36.690027214941949 ], [ -78.368621155349203, 36.689149930384168 ], [ -78.368829525513945, 36.68827264505228 ], [ -78.369037890810262, 36.687395358945956 ], [ -78.370148081304421, 36.687560005130038 ], [ -78.370356429220067, 36.686682716403439 ], [ -78.371466612069582, 36.686847350478693 ], [ -78.371258276666552, 36.687724641050998 ] ] ] } },
{ "type": "Feature", "properties": { "id": "51_82", "growth_scenario": "high", "market_gravity_weight": 75 }, "geometry": { "type": "Polygon", "coordinates": [ [ [ -77.496491298843367, 38.98655627409908 ], [ -77.496265844082686, 38.987431615159771 ], [ -77.496040383897451, 38.988306955929374 ], [ -77.494897117833219, 38.98813432561316 ], [ -77.495122591237063, 38.987258986943679 ], [ -77.49397934381625, 38.987086348201885 ], [ -77.493753857193994, 38.987961684771143 ], [ -77.49261060198009, 38.98778903340331 ], [ -77.49146735219179, 38.987616371509795 ], [ -77.49032410782938, 38.987443699090662 ], [ -77.490549634105733, 38.98656836882278 ], [ -77.4916928652503, 38.986741039141364 ], [ -77.491918372883106, 38.985865706481476 ], [ -77.493061596235634, 38.986038364174135 ], [ -77.493287085225475, 38.985163029122376 ], [ -77.494430300785595, 38.985335674189386 ], [ -77.495573521770439, 38.985508308730992 ], [ -77.49534805921607, 38.986383647983033 ], [ -77.496491298843367, 38.98655627409908 ] ] ] } },
{ "type": "Feature", "properties": { "id": "51_83", "growth_scenario": "high", "market_gravity_weight": 75 }, "geometry": { "type": "Polygon", "coordinates": [ [ [ -78.354464818987466, 36.690682376295257 ], [ -78.354256274319255, 36.691559635594473 ], [ -78.353146059553936, 36.691394843063023 ], [ -78.352937497500648, 36.692272099740308 ], [ -78.351827275095999, 36.692107295098069 ], [ -78.351618695657081, 36.69298454915338 ], [ -78.350508465613487, 36.692819732400103 ], [ -78.350717057564751, 36.691942480192758 ], [ -78.349606844907157, 36.691777655024516 ], [ -78.349815444496684, 36.690900403890915 ], [ -78.350024039212485, 36.690023151982814 ], [ -78.351134226846526, 36.690187973455096 ], [ -78.351342804177364, 36.689310718924432 ], [ -78.352452984173183, 36.689475528286231 ], [ -78.353563169041877, 36.689640327385341 ], [ -78.353354616734293, 36.690517585611396 ], [ -78.354464818987466, 36.690682376295257 ] ] ] } },
{ "type": "Feature", "properties": { "id": "51_84", "growth_scenario": "high", "market_gravity_weight": 75 }, "geometry": { "type": "Polygon", "coordinates": [ [ [ -77.785729474443613, 38.304629987634144 ], [ -77.786862778904876, 38.30479993279171 ], [ -77.787996088610839, 38.304969867502905 ], [ -77.7877762015207, 38.305845705334534 ], [ -77.787556309185945, 38.30672154272898 ], [ -77.786422973466614, 38.306551603981703 ], [ -77.785289642992382, 38.306381654787927 ], [ -77.785069719398791, 38.307257487708874 ], [ -77.783936381163201, 38.307087526050161 ], [ -77.784156317763532, 38.306211695147603 ], [ -77.78302299778035, 38.306041725060894 ], [ -77.783242942141257, 38.305165895739449 ], [ -77.783462881256426, 38.304290065980382 ], [ -77.784596175227364, 38.304460032030363 ], [ -77.784816096091262, 38.303584199815305 ], [ -77.785949382301624, 38.303754153400988 ], [ -77.785729474443613, 38.304629987634144 ] ] ] } },
{ "type": "Feature", "properties": { "id": "51_85", "growth_scenario": "high", "market_gravity_weight": 75 }, "geometry": { "type": "Polygon", "coordinates": [ [ [ -78.350024039212485, 36.690023151982814 ], [ -78.349815444496684, 36.690900403890915 ], [ -78.349606844907157, 36.691777655024516 ], [ -78.349398240443705, 36.692654905383783 ], [ -78.348288020148004, 36.692490068104455 ], [ -78.348496637123461, 36.691612819593381 ], [ -78.347386434213973, 36.691447973899358 ], [ -78.346276236178952, 36.691283117942604 ], [ -78.346484873303197, 36.690405872353615 ], [ -78.345374692654147, 36.690241007982507 ], [ -78.345583337414809, 36.689363763467071 ], [ -78.346693505552892, 36.689528625989823 ], [ -78.346902132928207, 36.688651378851155 ], [ -78.348012293429832, 36.688816229263253 ], [ -78.347803678565384, 36.689693478250128 ], [ -78.348913856452, 36.689858320247744 ], [ -78.349122458805425, 36.688981069412854 ], [ -78.350232629054688, 36.689145899299945 ], [ -78.350024039212485, 36.690023151982814 ] ] ] } },
{ "type": "Feature", "properties": { "id": "51_86", "growth_scenario": "high", "market_gravity_weight": 75 }, "geometry": { "type": "Polygon", "coordinates": [ [ [ -77.51852637204621, 39.071722592800107 ], [ -77.517381740448286, 39.071550167181279 ], [ -77.517156273641376, 39.072425558659624 ], [ -77.516930801403049, 39.073300949867871 ], [ -77.515786148732772, 39.07312850950207 ], [ -77.51601163422302, 39.072253120398152 ], [ -77.514867000236379, 39.0720806715984 ], [ -77.515092493546391, 39.071205284328798 ], [ -77.513947878242973, 39.07103282709528 ], [ -77.514173379372139, 39.070157441659688 ], [ -77.515317981424587, 39.070329896788742 ], [ -77.515543463871182, 39.069454508978097 ], [ -77.516688058104378, 39.069626951464905 ], [ -77.517832657768679, 39.069799383413724 ], [ -77.518977262863814, 39.069971804824497 ], [ -77.518751820170365, 39.070847198947448 ], [ -77.51852637204621, 39.071722592800107 ] ] ] } },
{ "type": "Feature", "properties": { "id": "51_87", "growth_scenario": "high", "market_gravity_weight": 75 }, "geometry": { "type": "Polygon", "coordinates": [ [ [ -77.286514283988154, 38.684460313790666 ], [ -77.286287246373448, 38.685335243022735 ], [ -77.286060203321099, 38.686210171883658 ], [ -77.285833154830911, 38.687085100373523 ], [ -77.285606100902697, 38.687960028492597 ], [ -77.284468034708297, 38.687785465984099 ], [ -77.284240962255353, 38.68866039163283 ], [ -77.283102888413197, 38.688485816548663 ], [ -77.282875797434968, 38.689360739726865 ], [ -77.281737715945397, 38.68918615206691 ], [ -77.281964820010032, 38.688311230988752 ], [ -77.282191918635363, 38.687436309539905 ], [ -77.283329973952434, 38.687610892999849 ], [ -77.283557054052864, 38.686735969080274 ], [ -77.284695101722733, 38.686910539964721 ], [ -77.28492216329883, 38.686035613574418 ], [ -77.285149219436803, 38.685160686813049 ], [ -77.285376270136837, 38.684285759680357 ], [ -77.285603315399129, 38.683410832176229 ], [ -77.28674131616539, 38.683585384187218 ], [ -77.287879322368937, 38.683759925722903 ], [ -77.287652303276943, 38.684634857425529 ], [ -77.286514283988154, 38.684460313790666 ] ] ] } },
{ "type": "Feature", "properties": { "id": "51_88", "growth_scenario": "high", "market_gravity_weight": 75 }, "geometry": { "type": "Polygon", "coordinates": [ [ [ -78.359812448221803, 36.6778528889513 ], [ -78.359604001640022, 36.67873016357813 ], [ -78.358493964788465, 36.67856541927592 ], [ -78.357383932806783, 36.678400664712079 ], [ -78.357175456338211, 36.679277934869397 ], [ -78.356065416718309, 36.67911316819746 ], [ -78.355856922870785, 36.679990435731369 ], [ -78.354746875613003, 36.679825656951159 ], [ -78.353636833226233, 36.679660867909355 ], [ -78.353845352090488, 36.678783604068897 ], [ -78.354955381968978, 36.67894839126393 ], [ -78.355163883454097, 36.678071124799807 ], [ -78.355372380068545, 36.677193857558557 ], [ -78.356482389801783, 36.677358630798935 ], [ -78.356690869038061, 36.676481360933984 ], [ -78.357800871133719, 36.676646122066543 ], [ -78.358910878099167, 36.676810872937743 ], [ -78.358702423878668, 36.67768814649537 ], [ -78.359812448221803, 36.6778528889513 ] ] ] } },
{ "type": "Feature", "properties": { "id": "51_89", "growth_scenario": "high", "market_gravity_weight": 75 }, "geometry": { "type": "Polygon", "coordinates": [ [ [ -77.266266040917628, 38.703187837270782 ], [ -77.26740430356891, 38.703362567522213 ], [ -77.267176978303283, 38.704237462672943 ], [ -77.266038702562099, 38.70406273031859 ], [ -77.264900432266927, 38.703887987487178 ], [ -77.264673075375356, 38.70476287806423 ], [ -77.26444571303729, 38.705637768273562 ], [ -77.263307422008495, 38.705463010758578 ], [ -77.262169136426664, 38.705288242766372 ], [ -77.262396524944762, 38.704413356763652 ], [ -77.261258257899925, 38.704238580397799 ], [ -77.26148565406038, 38.703363696130658 ], [ -77.262623908015769, 38.703538470393134 ], [ -77.262851285639925, 38.702663583654569 ], [ -77.263989531952859, 38.702838345336893 ], [ -77.265127783712188, 38.703013096542342 ], [ -77.265355129711352, 38.702138205229495 ], [ -77.266493373827345, 38.702312943855084 ], [ -77.266266040917628, 38.703187837270782 ] ] ] } },
{ "type": "Feature", "properties": { "id": "51_9", "growth_scenario": "high", "market_gravity_weight": 75 }, "geometry": { "type": "Polygon", "coordinates": [ [ [ -77.46499031934799, 38.99816552901644 ], [ -77.464764449603507, 38.999040814397453 ], [ -77.465907815503812, 38.999213722548191 ], [ -77.465681953543736, 39.000089009743732 ], [ -77.466825338098388, 39.000261909472648 ], [ -77.466599483923289, 39.001137198483065 ], [ -77.466373624313349, 39.002012487204304 ], [ -77.465230213318591, 39.001839583266701 ], [ -77.46545608614872, 39.00096429664984 ], [ -77.464312693809291, 39.000791384290338 ], [ -77.463169306905272, 39.000618461404628 ], [ -77.463395200739512, 38.999743178707398 ], [ -77.462251832490537, 38.999570247400158 ], [ -77.462477734108305, 38.998694966517888 ], [ -77.462703630290463, 38.997819685345704 ], [ -77.463846972101663, 38.997992612443994 ], [ -77.464072849629943, 38.997117328877366 ], [ -77.465216183657617, 38.997290243345617 ], [ -77.46499031934799, 38.99816552901644 ] ] ] } },
{ "type": "Feature", "properties": { "id": "51_90", "growth_scenario": "high", "market_gravity_weight": 75 }, "geometry": { "type": "Polygon", "coordinates": [ [ [ -78.850511388215978, 38.466619834973464 ], [ -78.850303728636803, 38.467497513293324 ], [ -78.850096064083274, 38.468375191257373 ], [ -78.848957835126001, 38.468215056223158 ], [ -78.847819611143578, 38.468054910676685 ], [ -78.846681392136276, 38.467894754618044 ], [ -78.846889096225652, 38.467017082405 ], [ -78.845750895372035, 38.466856917751478 ], [ -78.84595860766413, 38.465979247099426 ], [ -78.846166314980891, 38.465101576091023 ], [ -78.847304489478859, 38.46526173691035 ], [ -78.848442668951733, 38.46542188721795 ], [ -78.849580853399189, 38.465582027013717 ], [ -78.849373185616003, 38.466459703772891 ], [ -78.850511388215978, 38.466619834973464 ] ] ] } },
{ "type": "Feature", "properties": { "id": "51_91", "growth_scenario": "high", "market_gravity_weight": 75 }, "geometry": { "type": "Polygon", "coordinates": [ [ [ -77.534832250634949, 39.086908202257916 ], [ -77.534606946407379, 39.087783627855558 ], [ -77.535751874577585, 39.087955895315311 ], [ -77.535526578180921, 39.088831322750913 ], [ -77.535301276355511, 39.089706749921191 ], [ -77.534156321665577, 39.08953447825418 ], [ -77.533931001150933, 39.090409903055622 ], [ -77.532786038630093, 39.090237618743259 ], [ -77.533011372404843, 39.089362196045727 ], [ -77.53186642857365, 39.089189903295789 ], [ -77.53072149017224, 39.089017600004532 ], [ -77.530946845036567, 39.088142181249573 ], [ -77.532091770178525, 39.088314482436843 ], [ -77.532317106353787, 39.087439061312324 ], [ -77.533462023666019, 39.087611349854548 ], [ -77.533687341152813, 39.086735926360504 ], [ -77.533912653210692, 39.085860502600532 ], [ -77.535057549433873, 39.086032776394468 ], [ -77.534832250634949, 39.086908202257916 ] ] ] } },
{ "type": "Feature", "properties": { "id": "51_92", "growth_scenario": "high", "market_gravity_weight": 75 }, "geometry": { "type": "Polygon", "coordinates": [ [ [ -78.851234298015072, 38.468535315779214 ], [ -78.851026641666266, 38.469412995304481 ], [ -78.852164893751763, 38.469573111230766 ], [ -78.853303150811357, 38.469733216644464 ], [ -78.853095515847784, 38.470610899647845 ], [ -78.851957245608261, 38.470450792317443 ], [ -78.851749592490464, 38.47132847304907 ], [ -78.85061131404521, 38.471168353289094 ], [ -78.849473040574736, 38.471008223016398 ], [ -78.849680720052419, 38.470130546118696 ], [ -78.848542464736681, 38.469970407250514 ], [ -78.848750152418845, 38.469092731914593 ], [ -78.847611915257502, 38.468932584451053 ], [ -78.847819611143578, 38.468054910676685 ], [ -78.848957835126001, 38.468215056223158 ], [ -78.850096064083274, 38.468375191257373 ], [ -78.850303728636803, 38.467497513293324 ], [ -78.851441949389638, 38.467657635898419 ], [ -78.851234298015072, 38.468535315779214 ] ] ] } },
{ "type": "Feature", "properties": { "id": "51_93", "growth_scenario": "high", "market_gravity_weight": 75 }, "geometry": { "type": "Polygon", "coordinates": [ [ [ -78.889527802942254, 38.455779348886672 ], [ -78.889320641328425, 38.456657092964484 ], [ -78.890458778870936, 38.456816855231985 ], [ -78.890665927305903, 38.455939109242451 ], [ -78.891804056631159, 38.456098859085955 ], [ -78.891596921375211, 38.456976606987169 ], [ -78.891389781157784, 38.457854354531804 ], [ -78.891182635978694, 38.45873210171996 ], [ -78.890044467115473, 38.458572346141267 ], [ -78.890251625474178, 38.457694600864905 ], [ -78.889113474752506, 38.457534836685532 ], [ -78.88890630321437, 38.458412580049945 ], [ -78.888699126713789, 38.459290323057985 ], [ -78.887560954595543, 38.459130544542035 ], [ -78.887768144275697, 38.458252803446115 ], [ -78.887975328993107, 38.457375061993716 ], [ -78.888182508747974, 38.456497320184646 ], [ -78.887044381129911, 38.456337536892576 ], [ -78.88725156910094, 38.455459796638564 ], [ -78.888389683540495, 38.455619578018698 ], [ -78.888596853370828, 38.454741835495689 ], [ -78.889734959594193, 38.454901604451877 ], [ -78.889527802942254, 38.455779348886672 ] ] ] } },
{ "type": "Feature", "properties": { "id": "51_94", "growth_scenario": "high", "market_gravity_weight": 75 }, "geometry": { "type": "Polygon", "coordinates": [ [ [ -77.520955909743023, 39.108462646223593 ], [ -77.520730371438759, 39.109338050235621 ], [ -77.519585141899384, 39.109165643702013 ], [ -77.51935958489338, 39.110041045346094 ], [ -77.518214347524605, 39.109868626161983 ], [ -77.517069115592534, 39.109696196434228 ], [ -77.515923889097465, 39.109523756162993 ], [ -77.516149485899746, 39.108648360840085 ], [ -77.516375077264939, 39.107772965255727 ], [ -77.516600663193216, 39.106897569409725 ], [ -77.517745849893444, 39.107070003359695 ], [ -77.51889104203012, 39.10724242676649 ], [ -77.520036239602916, 39.107414839630003 ], [ -77.519810693469154, 39.108290241796695 ], [ -77.520955909743023, 39.108462646223593 ] ] ] } },
{ "type": "Feature", "properties": { "id": "51_95", "growth_scenario": "high", "market_gravity_weight": 75 }, "geometry": { "type": "Polygon", "coordinates": [ [ [ -77.520279278522281, 39.111088857476588 ], [ -77.521424540029884, 39.111261257680134 ], [ -77.521198998683872, 39.112136663016337 ], [ -77.520973451901625, 39.113012068092175 ], [ -77.520747899682974, 39.113887472907784 ], [ -77.519602598374675, 39.1137150663832 ], [ -77.518457302503279, 39.113542649314446 ], [ -77.51731201206907, 39.113370221701615 ], [ -77.516166727072346, 39.113197783544692 ], [ -77.516392332358578, 39.112322387158159 ], [ -77.517537604088702, 39.112494823207612 ], [ -77.517763190671033, 39.111619424453124 ], [ -77.518908454571942, 39.111791847851457 ], [ -77.51913402245097, 39.110916446729178 ], [ -77.51935958489338, 39.110041045346094 ], [ -77.520504827698574, 39.110213453986546 ], [ -77.520279278522281, 39.111088857476588 ] ] ] } },
{ "type": "Feature", "properties": { "id": "51_96", "growth_scenario": "high", "market_gravity_weight": 75 }, "geometry": { "type": "Polygon", "coordinates": [ [ [ -78.346350870242631, 36.681303671777222 ], [ -78.347460920921066, 36.681468527930178 ], [ -78.347252320026328, 36.682345779427408 ], [ -78.346142256839528, 36.682180921426671 ], [ -78.345933638562826, 36.683058170299624 ], [ -78.344823567741145, 36.682893300189455 ], [ -78.345032198526297, 36.682016053164439 ], [ -78.34392214508695, 36.681851174640592 ], [ -78.342812096521712, 36.681686285855378 ], [ -78.34302074744889, 36.68080904174964 ], [ -78.343229393501829, 36.679931796866867 ], [ -78.344339417051629, 36.680096681956194 ], [ -78.344548045723201, 36.679219434448477 ], [ -78.345658061639298, 36.679384307428741 ], [ -78.346768082428767, 36.679549170147837 ], [ -78.346559478772306, 36.680426421350944 ], [ -78.346350870242631, 36.681303671777222 ] ] ] } },
{ "type": "Feature", "properties": { "id": "51_97", "growth_scenario": "high", "market_gravity_weight": 75 }, "geometry": { "type": "Polygon", "coordinates": [ [ [ -78.361892023098591, 36.6836107240944 ], [ -78.361683584827873, 36.684487999602787 ], [ -78.360573458309105, 36.684323275008495 ], [ -78.360365002657758, 36.685200547894958 ], [ -78.359254868498397, 36.685035811191703 ], [ -78.359463336660383, 36.684158540151842 ], [ -78.359671799952039, 36.683281268336408 ], [ -78.358561695683875, 36.683116525064023 ], [ -78.357451596286154, 36.682951771529453 ], [ -78.357660079727367, 36.682074502631345 ], [ -78.358770166615315, 36.682239254319306 ], [ -78.358978632676468, 36.681361982798528 ], [ -78.360088711925002, 36.681526722377939 ], [ -78.361198796043382, 36.681691451695301 ], [ -78.362308885031311, 36.681856170750542 ], [ -78.362100456499689, 36.682733447810364 ], [ -78.361892023098591, 36.6836107240944 ] ] ] } },
{ "type": "Feature", "properties": { "id": "51_98", "growth_scenario": "high", "market_gravity_weight": 75 }, "geometry": { "type": "Polygon", "coordinates": [ [ [ -77.49492888734629, 38.997232988455835 ], [ -77.493785483653198, 38.99706034766033 ], [ -77.493559963785316, 38.997935685241188 ], [ -77.493334438490578, 38.99881102253341 ], [ -77.492191013780214, 38.998638367008496 ], [ -77.492416552297058, 38.99776303181752 ], [ -77.49127314623594, 38.997590367866842 ], [ -77.491498692547296, 38.996715034488339 ], [ -77.490355305135054, 38.996542362112002 ], [ -77.490580859240296, 38.995667030545661 ], [ -77.491724233431384, 38.995839700820738 ], [ -77.491949768888418, 38.994964366863876 ], [ -77.493093135285505, 38.995137024511102 ], [ -77.494236507109164, 38.99530967163161 ], [ -77.495379884359096, 38.995482308225341 ], [ -77.49515438856578, 38.996357648485045 ], [ -77.49492888734629, 38.997232988455835 ] ] ] } },
{ "type": "Feature", "properties": { "id": "51_99", "growth_scenario": "high", "market_gravity_weight": 75 }, "geometry": { "type": "Polygon", "coordinates": [ [ [ -78.360849783045367, 36.687997093883517 ], [ -78.360641320424008, 36.688874365516455 ], [ -78.360432852931979, 36.689751636374801 ], [ -78.3593226513442, 36.689586900700462 ], [ -78.358212454627491, 36.689422154763051 ], [ -78.358003957239944, 36.690299421153043 ], [ -78.35689375288247, 36.690134663105539 ], [ -78.357102262782135, 36.689257398562702 ], [ -78.357310767810191, 36.688380133245268 ], [ -78.357519267966765, 36.687502867153135 ], [ -78.356409106016102, 36.687338104384182 ], [ -78.356617613812546, 36.686460839364017 ], [ -78.357727763252072, 36.686625600285943 ], [ -78.358837917562724, 36.686790350945266 ], [ -78.359948076744217, 36.6869550913419 ], [ -78.359739606481668, 36.687832361902871 ], [ -78.360849783045367, 36.687997093883517 ] ] ] } },
{ "type": "Feature", "properties": { "id": "53_0", "growth_scenario": "high", "market_gravity_weight": 75 }, "geometry": { "type": "Polygon", "coordinates": [ [ [ -119.902140172078447, 47.24784406232731 ], [ -119.903412566160384, 47.247618975093829 ], [ -119.904684951486942, 47.247393876302546 ], [ -119.905957328057738, 47.247168765953631 ], [ -119.907229695872388, 47.246943644047221 ], [ -119.907556712795127, 47.247819587599999 ], [ -119.908829087763237, 47.247594450459324 ], [ -119.909156129353121, 47.248470392138898 ], [ -119.907883738474723, 47.248695532956752 ], [ -119.906611338839127, 47.248920662216925 ], [ -119.905338930446703, 47.249145779919346 ], [ -119.904066513297835, 47.249370886063815 ], [ -119.902794087392891, 47.249595980650241 ], [ -119.901521652732214, 47.249821063678453 ], [ -119.901194706609346, 47.248945099938275 ], [ -119.902467125357987, 47.248720020586475 ], [ -119.902140172078447, 47.24784406232731 ] ] ] } },
{ "type": "Feature", "properties": { "id": "53_1", "growth_scenario": "high", "market_gravity_weight": 75 }, "geometry": { "type": "Polygon", "coordinates": [ [ [ -119.902140172078447, 47.24784406232731 ], [ -119.902467125357987, 47.248720020586475 ], [ -119.901194706609346, 47.248945099938275 ], [ -119.901521652732214, 47.249821063678453 ], [ -119.900249209316215, 47.25004613514826 ], [ -119.898976757145206, 47.250271195059625 ], [ -119.897704296219587, 47.250496243412307 ], [ -119.896431826539711, 47.250721280206221 ], [ -119.896104944068355, 47.249845301761894 ], [ -119.897377397834831, 47.249620268643774 ], [ -119.897050508204003, 47.248744295680559 ], [ -119.898322937303874, 47.248519254679643 ], [ -119.8979960405143, 47.24764328719705 ], [ -119.899268444948248, 47.247418238313479 ], [ -119.900540840628253, 47.247193177871914 ], [ -119.900867769241458, 47.248069138002862 ], [ -119.902140172078447, 47.24784406232731 ] ] ] } },
{ "type": "Feature", "properties": { "id": "53_10", "growth_scenario": "high", "market_gravity_weight": 75 }, "geometry": { "type": "Polygon", "coordinates": [ [ [ -119.887162977233061, 47.247691273808528 ], [ -119.888435419857132, 47.247466324743336 ], [ -119.889707853730826, 47.247241364119162 ], [ -119.89098027885386, 47.247016391936228 ], [ -119.891307078575196, 47.2478923741849 ], [ -119.892579510860102, 47.247667386768732 ], [ -119.89385193439324, 47.247442387793903 ], [ -119.895124349174225, 47.24721737726054 ], [ -119.895451205385967, 47.248093350289317 ], [ -119.894178774692335, 47.24831836449777 ], [ -119.892906335246195, 47.248543367147647 ], [ -119.891633887047959, 47.248768358238713 ], [ -119.890361430097968, 47.248993337770855 ], [ -119.889088964396578, 47.249218305743945 ], [ -119.889415749792661, 47.250094298952781 ], [ -119.88814325942549, 47.25031925904127 ], [ -119.887816489944129, 47.249443262157783 ], [ -119.887489729213442, 47.248567267080347 ], [ -119.887162977233061, 47.247691273808528 ] ] ] } },
{ "type": "Feature", "properties": { "id": "53_11", "growth_scenario": "high", "market_gravity_weight": 75 }, "geometry": { "type": "Polygon", "coordinates": [ [ [ -119.886905290548142, 47.254273179537947 ], [ -119.887232071953804, 47.255149192806414 ], [ -119.885959475750425, 47.255374136589602 ], [ -119.886286249990121, 47.256250155341419 ], [ -119.885013629116798, 47.256475091239068 ], [ -119.883740999491863, 47.256700015575859 ], [ -119.882468361115713, 47.256924928351566 ], [ -119.88119571398866, 47.257149829565989 ], [ -119.880869003424266, 47.256273796114591 ], [ -119.882141634631964, 47.25604889857479 ], [ -119.881814916898719, 47.255172870606877 ], [ -119.883087523437283, 47.254947965180683 ], [ -119.882760798535983, 47.254071942695852 ], [ -119.884033380406066, 47.253847029383451 ], [ -119.885305953525574, 47.253622104510619 ], [ -119.885632710262342, 47.254498119646101 ], [ -119.886905290548142, 47.254273179537947 ] ] ] } },
{ "type": "Feature", "properties": { "id": "53_12", "growth_scenario": "high", "market_gravity_weight": 75 }, "geometry": { "type": "Polygon", "coordinates": [ [ [ -119.903668566122874, 47.241037185833839 ], [ -119.903995505849664, 47.241913120443648 ], [ -119.902723224734942, 47.242138208736421 ], [ -119.903050157307362, 47.243014148823725 ], [ -119.903377098633797, 47.243890090713464 ], [ -119.902104776947496, 47.244115174800548 ], [ -119.901777851530184, 47.243239229235229 ], [ -119.900505536999347, 47.243464298089549 ], [ -119.899233213715178, 47.243689355386749 ], [ -119.898906328870112, 47.242813404273598 ], [ -119.898579452777653, 47.2419374549631 ], [ -119.899851744243279, 47.24171240501601 ], [ -119.899524860994347, 47.240836461182667 ], [ -119.900797127798924, 47.240611403353618 ], [ -119.902069385850879, 47.240386333967869 ], [ -119.902396300916223, 47.241262270451251 ], [ -119.903668566122874, 47.241037185833839 ] ] ] } },
{ "type": "Feature", "properties": { "id": "53_13", "growth_scenario": "high", "market_gravity_weight": 75 }, "geometry": { "type": "Polygon", "coordinates": [ [ [ -119.89574303721291, 47.245240421874762 ], [ -119.89606989183153, 47.246116387619729 ], [ -119.896396755202687, 47.246992355168842 ], [ -119.895124349174225, 47.24721737726054 ], [ -119.894797501715004, 47.246341406036336 ], [ -119.893525102846311, 47.246566412894701 ], [ -119.892252695225793, 47.246791408194703 ], [ -119.89098027885386, 47.247016391936228 ], [ -119.890653487883583, 47.246140411492419 ], [ -119.891925888342925, 47.245915431425381 ], [ -119.89159909021113, 47.245039456460418 ], [ -119.892871466007463, 47.244814468509503 ], [ -119.892544660714904, 47.243938499022796 ], [ -119.893817011848967, 47.24371350318826 ], [ -119.895089354231885, 47.243488495795859 ], [ -119.895416191346456, 47.24436445793355 ], [ -119.89574303721291, 47.245240421874762 ] ] ] } },
{ "type": "Feature", "properties": { "id": "53_14", "growth_scenario": "high", "market_gravity_weight": 75 }, "geometry": { "type": "Polygon", "coordinates": [ [ [ -119.887524293692167, 47.252296214105797 ], [ -119.886251753991417, 47.252521158424344 ], [ -119.886578517894122, 47.253397168077406 ], [ -119.886905290548142, 47.254273179537947 ], [ -119.885632710262342, 47.254498119646101 ], [ -119.885305953525574, 47.253622104510619 ], [ -119.884033380406066, 47.253847029383451 ], [ -119.882760798535983, 47.254071942695852 ], [ -119.88243408238489, 47.25319592201906 ], [ -119.883706648337423, 47.252971012381082 ], [ -119.883379925019014, 47.252094997186369 ], [ -119.88305321045047, 47.251218983798957 ], [ -119.884325735819445, 47.250994069949279 ], [ -119.885598252438541, 47.250769144539653 ], [ -119.886870760307332, 47.2505442075703 ], [ -119.887197522624248, 47.251420209934658 ], [ -119.887524293692167, 47.252296214105797 ] ] ] } },
{ "type": "Feature", "properties": { "id": "53_15", "growth_scenario": "high", "market_gravity_weight": 75 }, "geometry": { "type": "Polygon", "coordinates": [ [ [ -119.910683808122741, 47.241663423664768 ], [ -119.909411554875305, 47.241888573415601 ], [ -119.908139292872008, 47.242113711610195 ], [ -119.907812296667913, 47.241237786225987 ], [ -119.909084542764163, 47.241012651707543 ], [ -119.910356780104877, 47.240787505633016 ], [ -119.911629008689715, 47.240562348002506 ], [ -119.912901228518294, 47.24033717881624 ], [ -119.914173439590215, 47.240111998074291 ], [ -119.914500515326168, 47.240987905076366 ], [ -119.915772733546461, 47.240762709102093 ], [ -119.91704494300906, 47.240537501572298 ], [ -119.917372059313394, 47.241413403020857 ], [ -119.917699184376147, 47.242289306270173 ], [ -119.916426943102465, 47.242514521154504 ], [ -119.916099833945424, 47.241638614227831 ], [ -119.914827599819432, 47.241863813879149 ], [ -119.913555356935746, 47.242089001974705 ], [ -119.912283105294776, 47.242314178514299 ], [ -119.911956052613931, 47.241438262357825 ], [ -119.910683808122741, 47.241663423664768 ] ] ] } },
{ "type": "Feature", "properties": { "id": "53_16", "growth_scenario": "high", "market_gravity_weight": 75 }, "geometry": { "type": "Polygon", "coordinates": [ [ [ -119.896034843590058, 47.242387520185922 ], [ -119.896361687863276, 47.243263476845925 ], [ -119.896688540888363, 47.244139435308853 ], [ -119.895416191346456, 47.24436445793355 ], [ -119.895089354231885, 47.243488495795859 ], [ -119.893817011848967, 47.24371350318826 ], [ -119.892544660714904, 47.243938499022796 ], [ -119.891272300830082, 47.244163483299474 ], [ -119.890945520199452, 47.243287511942349 ], [ -119.892217864173105, 47.243062531339717 ], [ -119.891891076381754, 47.242186565459896 ], [ -119.893163395694529, 47.241961576973658 ], [ -119.892836600743152, 47.241085616570622 ], [ -119.894108895395746, 47.240860620200905 ], [ -119.895381181297878, 47.240635612273906 ], [ -119.895708008068382, 47.2415115653287 ], [ -119.896034843590058, 47.242387520185922 ] ] ] } },
{ "type": "Feature", "properties": { "id": "53_17", "growth_scenario": "high", "market_gravity_weight": 75 }, "geometry": { "type": "Polygon", "coordinates": [ [ [ -119.882760798535983, 47.254071942695852 ], [ -119.883087523437283, 47.254947965180683 ], [ -119.881814916898719, 47.255172870606877 ], [ -119.882141634631964, 47.25604889857479 ], [ -119.880869003424266, 47.256273796114591 ], [ -119.879596363466419, 47.256498682093167 ], [ -119.879269677571457, 47.255622646776409 ], [ -119.878943000425977, 47.254746613268615 ], [ -119.878616332029594, 47.253870581569387 ], [ -119.879888924230599, 47.253645706613334 ], [ -119.879562248664797, 47.252769680396284 ], [ -119.880834816198785, 47.252544797553412 ], [ -119.882107374983647, 47.252319903150074 ], [ -119.88243408238489, 47.25319592201906 ], [ -119.882760798535983, 47.254071942695852 ] ] ] } },
{ "type": "Feature", "properties": { "id": "53_18", "growth_scenario": "high", "market_gravity_weight": 75 }, "geometry": { "type": "Polygon", "coordinates": [ [ [ -119.890945520199452, 47.243287511942349 ], [ -119.891272300830082, 47.244163483299474 ], [ -119.892544660714904, 47.243938499022796 ], [ -119.892871466007463, 47.244814468509503 ], [ -119.89159909021113, 47.245039456460418 ], [ -119.891925888342925, 47.245915431425381 ], [ -119.890653487883583, 47.246140411492419 ], [ -119.889381078673509, 47.246365380001023 ], [ -119.888108660713087, 47.246590336950945 ], [ -119.887781910319049, 47.245714350963468 ], [ -119.887455168674649, 47.244838366780577 ], [ -119.888727554809606, 47.244613417178513 ], [ -119.888400806002309, 47.24373743847358 ], [ -119.889673167475721, 47.243512480986958 ], [ -119.88934641150631, 47.242636507759514 ], [ -119.8906187483189, 47.242411542388595 ], [ -119.890945520199452, 47.243287511942349 ] ] ] } },
{ "type": "Feature", "properties": { "id": "53_19", "growth_scenario": "high", "market_gravity_weight": 75 }, "geometry": { "type": "Polygon", "coordinates": [ [ [ -119.886544006741047, 47.249668207012377 ], [ -119.886870760307332, 47.2505442075703 ], [ -119.885598252438541, 47.250769144539653 ], [ -119.884325735819445, 47.250994069949279 ], [ -119.88305321045047, 47.251218983798957 ], [ -119.881780676331942, 47.251443886088516 ], [ -119.881453986429406, 47.250567870834281 ], [ -119.882726504631478, 47.250342972218512 ], [ -119.882399807561683, 47.249466962444771 ], [ -119.882073119240758, 47.248590954477457 ], [ -119.883345596862497, 47.248366051649292 ], [ -119.884618065735381, 47.248141137261683 ], [ -119.885890525859026, 47.247916211314731 ], [ -119.886217261925069, 47.248792208260618 ], [ -119.886544006741047, 47.249668207012377 ] ] ] } },
{ "type": "Feature", "properties": { "id": "53_2", "growth_scenario": "high", "market_gravity_weight": 75 }, "geometry": { "type": "Polygon", "coordinates": [ [ [ -119.910392643745325, 47.244516349349922 ], [ -119.910719690882019, 47.245392278265754 ], [ -119.911046746775952, 47.246268208984354 ], [ -119.909774405231872, 47.246493365562401 ], [ -119.90850205493058, 47.246718510583428 ], [ -119.907229695872388, 47.246943644047221 ], [ -119.906902687706136, 47.246067702297921 ], [ -119.905630335801405, 47.246292820527756 ], [ -119.905303352300862, 47.245416876905246 ], [ -119.904976377555769, 47.244540935085894 ], [ -119.906248697641757, 47.244315824208805 ], [ -119.90752100897231, 47.244090701774759 ], [ -119.908793311547015, 47.243865567783935 ], [ -119.909120334018652, 47.244741498574086 ], [ -119.910392643745325, 47.244516349349922 ] ] ] } },
{ "type": "Feature", "properties": { "id": "53_20", "growth_scenario": "high", "market_gravity_weight": 75 }, "geometry": { "type": "Polygon", "coordinates": [ [ [ -119.881780676331942, 47.251443886088516 ], [ -119.88305321045047, 47.251218983798957 ], [ -119.883379925019014, 47.252094997186369 ], [ -119.883706648337423, 47.252971012381082 ], [ -119.88243408238489, 47.25319592201906 ], [ -119.882107374983647, 47.252319903150074 ], [ -119.880834816198785, 47.252544797553412 ], [ -119.879562248664797, 47.252769680396284 ], [ -119.878289672381982, 47.25299455167854 ], [ -119.877963021482771, 47.252118523595698 ], [ -119.877636379331662, 47.251242497320639 ], [ -119.878908923779136, 47.25101763338543 ], [ -119.878582274458623, 47.250141612591051 ], [ -119.879854794241226, 47.249916740768917 ], [ -119.881127305275697, 47.249691857386843 ], [ -119.881453986429406, 47.250567870834281 ], [ -119.881780676331942, 47.251443886088516 ] ] ] } },
{ "type": "Feature", "properties": { "id": "53_21", "growth_scenario": "high", "market_gravity_weight": 75 }, "geometry": { "type": "Polygon", "coordinates": [ [ [ -119.910647929453205, 47.237934615740421 ], [ -119.910974947109679, 47.238810524694095 ], [ -119.912247135127288, 47.238585362860455 ], [ -119.91257417744464, 47.239461269938161 ], [ -119.911301973521731, 47.23968643544805 ], [ -119.910029760842917, 47.239911589402297 ], [ -119.908757539408555, 47.240136731800725 ], [ -119.907485309218998, 47.240361862643269 ], [ -119.907158330524879, 47.239485940861542 ], [ -119.905886107487163, 47.23971105647238 ], [ -119.905559153453851, 47.238835132816028 ], [ -119.906831360585244, 47.238610020880586 ], [ -119.906504399399751, 47.237734102700166 ], [ -119.907776581871417, 47.237508982884457 ], [ -119.909048755588927, 47.23728385151324 ], [ -119.90937574858529, 47.238159762342669 ], [ -119.910647929453205, 47.237934615740421 ] ] ] } },
{ "type": "Feature", "properties": { "id": "53_22", "growth_scenario": "high", "market_gravity_weight": 75 }, "geometry": { "type": "Polygon", "coordinates": [ [ [ -119.905232208174269, 47.237959210960327 ], [ -119.905559153453851, 47.238835132816028 ], [ -119.905886107487163, 47.23971105647238 ], [ -119.904613875695375, 47.239936160527094 ], [ -119.9033416351498, 47.240161253025683 ], [ -119.902069385850879, 47.240386333967869 ], [ -119.901742479538527, 47.239510399285983 ], [ -119.900470237394259, 47.239735464996897 ], [ -119.899197986497711, 47.239960519151182 ], [ -119.898871120753, 47.239084578921329 ], [ -119.900143355741889, 47.238859528441544 ], [ -119.901415581978853, 47.238634466405372 ], [ -119.901088693171488, 47.237758535325689 ], [ -119.902360894749506, 47.237533465407985 ], [ -119.903633087575187, 47.237308383934391 ], [ -119.903960008195412, 47.238184307664639 ], [ -119.905232208174269, 47.237959210960327 ] ] ] } },
{ "type": "Feature", "properties": { "id": "53_23", "growth_scenario": "high", "market_gravity_weight": 75 }, "geometry": { "type": "Polygon", "coordinates": [ [ [ -119.916063646643082, 47.237909808027837 ], [ -119.916390736674245, 47.238785704076044 ], [ -119.916717835462805, 47.239661601924098 ], [ -119.915445641905194, 47.239886805776891 ], [ -119.914173439590215, 47.240111998074291 ], [ -119.913846372611275, 47.239236092872765 ], [ -119.91257417744464, 47.239461269938161 ], [ -119.912247135127288, 47.238585362860455 ], [ -119.911920101565883, 47.237709457582739 ], [ -119.913192264922969, 47.237484287869876 ], [ -119.91286522421295, 47.236608388068007 ], [ -119.914137362910182, 47.236383210476234 ], [ -119.915409492851481, 47.236158021329658 ], [ -119.915736565368917, 47.237033913779136 ], [ -119.916063646643082, 47.237909808027837 ] ] ] } },
{ "type": "Feature", "properties": { "id": "53_24", "growth_scenario": "high", "market_gravity_weight": 75 }, "geometry": { "type": "Polygon", "coordinates": [ [ [ -119.878289672381982, 47.25299455167854 ], [ -119.878616332029594, 47.253870581569387 ], [ -119.878943000425977, 47.254746613268615 ], [ -119.879269677571457, 47.255622646776409 ], [ -119.879596363466419, 47.256498682093167 ], [ -119.878323714758764, 47.256723556510408 ], [ -119.877051057301685, 47.256948419366175 ], [ -119.876724403246399, 47.256072376701113 ], [ -119.875451752960601, 47.256297224321379 ], [ -119.875125123574023, 47.255421179791846 ], [ -119.876397757939813, 47.255196335845397 ], [ -119.876071121381656, 47.254320296798674 ], [ -119.875744493571489, 47.253444259560574 ], [ -119.877017087350765, 47.253219411400039 ], [ -119.876690452369743, 47.252343379643705 ], [ -119.877963021482771, 47.252118523595698 ], [ -119.878289672381982, 47.25299455167854 ] ] ] } },
{ "type": "Feature", "properties": { "id": "53_25", "growth_scenario": "high", "market_gravity_weight": 75 }, "geometry": { "type": "Polygon", "coordinates": [ [ [ -119.887128435779573, 47.243962384402025 ], [ -119.888400806002309, 47.24373743847358 ], [ -119.888727554809606, 47.244613417178513 ], [ -119.887455168674649, 47.244838366780577 ], [ -119.887781910319049, 47.245714350963468 ], [ -119.888108660713087, 47.246590336950945 ], [ -119.886836234002644, 47.246815282342126 ], [ -119.885563798542606, 47.247040216174362 ], [ -119.884291354333271, 47.24726513844756 ], [ -119.883964651680074, 47.246389141438925 ], [ -119.88363795777542, 47.245513146235403 ], [ -119.884910370157201, 47.245288231309189 ], [ -119.884583669087547, 47.244412241583689 ], [ -119.885856056807839, 47.244187318772063 ], [ -119.885529348573911, 47.243311334524172 ], [ -119.886801711633453, 47.243086403827455 ], [ -119.887128435779573, 47.243962384402025 ] ] ] } },
{ "type": "Feature", "properties": { "id": "53_26", "growth_scenario": "high", "market_gravity_weight": 75 }, "geometry": { "type": "Polygon", "coordinates": [ [ [ -119.892836600743152, 47.241085616570622 ], [ -119.893163395694529, 47.241961576973658 ], [ -119.891891076381754, 47.242186565459896 ], [ -119.892217864173105, 47.243062531339717 ], [ -119.890945520199452, 47.243287511942349 ], [ -119.8906187483189, 47.242411542388595 ], [ -119.88934641150631, 47.242636507759514 ], [ -119.889673167475721, 47.243512480986958 ], [ -119.888400806002309, 47.24373743847358 ], [ -119.888074065944366, 47.242861461572488 ], [ -119.886801711633453, 47.243086403827455 ], [ -119.886474996235961, 47.242210425056584 ], [ -119.887747334635421, 47.241985486474931 ], [ -119.887420612075104, 47.24110951318054 ], [ -119.888692925815164, 47.240884566714229 ], [ -119.889965230806553, 47.240659608690315 ], [ -119.891237527048929, 47.240434639108912 ], [ -119.891564297340494, 47.241310601383091 ], [ -119.892836600743152, 47.241085616570622 ] ] ] } },
{ "type": "Feature", "properties": { "id": "53_27", "growth_scenario": "high", "market_gravity_weight": 75 }, "geometry": { "type": "Polygon", "coordinates": [ [ [ -119.879201490010701, 47.248164711946991 ], [ -119.880473969213412, 47.247939835911438 ], [ -119.881746439668333, 47.247714948316229 ], [ -119.883018901375067, 47.247490049161577 ], [ -119.883345596862497, 47.248366051649292 ], [ -119.882073119240758, 47.248590954477457 ], [ -119.882399807561683, 47.249466962444771 ], [ -119.882726504631478, 47.250342972218512 ], [ -119.881453986429406, 47.250567870834281 ], [ -119.881127305275697, 47.249691857386843 ], [ -119.879854794241226, 47.249916740768917 ], [ -119.878582274458623, 47.250141612591051 ], [ -119.877309745928287, 47.250366472852924 ], [ -119.876983121272289, 47.249490450192404 ], [ -119.878255633885885, 47.249265593603646 ], [ -119.87792900206054, 47.24838957642276 ], [ -119.877602378982289, 47.247513561048336 ], [ -119.878874851016747, 47.247288700245392 ], [ -119.879201490010701, 47.248164711946991 ] ] ] } },
{ "type": "Feature", "properties": { "id": "53_28", "growth_scenario": "high", "market_gravity_weight": 75 }, "geometry": { "type": "Polygon", "coordinates": [ [ [ -119.905850503289756, 47.235982271739616 ], [ -119.907122653951348, 47.235757159274172 ], [ -119.907449613534482, 47.236633070179458 ], [ -119.908721771347103, 47.236407942483609 ], [ -119.909048755588927, 47.23728385151324 ], [ -119.907776581871417, 47.237508982884457 ], [ -119.906504399399751, 47.237734102700166 ], [ -119.906831360585244, 47.238610020880586 ], [ -119.905559153453851, 47.238835132816028 ], [ -119.905232208174269, 47.237959210960327 ], [ -119.903960008195412, 47.238184307664639 ], [ -119.903633087575187, 47.237308383934391 ], [ -119.902360894749506, 47.237533465407985 ], [ -119.9020339987879, 47.236657539803367 ], [ -119.903306175707669, 47.236432462004331 ], [ -119.904578343875059, 47.236207372649758 ], [ -119.904251424854735, 47.235331456194288 ], [ -119.905523568364572, 47.235106358958895 ], [ -119.905850503289756, 47.235982271739616 ] ] ] } },
{ "type": "Feature", "properties": { "id": "53_29", "growth_scenario": "high", "market_gravity_weight": 75 }, "geometry": { "type": "Polygon", "coordinates": [ [ [ -119.9020339987879, 47.236657539803367 ], [ -119.902360894749506, 47.237533465407985 ], [ -119.901088693171488, 47.237758535325689 ], [ -119.901415581978853, 47.238634466405372 ], [ -119.900143355741889, 47.238859528441544 ], [ -119.898871120753, 47.239084578921329 ], [ -119.897598877012499, 47.23930961784464 ], [ -119.897272035927017, 47.23843367574181 ], [ -119.896945203592423, 47.237557735440127 ], [ -119.896618380008363, 47.236681796939344 ], [ -119.897890576027052, 47.236456769038178 ], [ -119.89916276329518, 47.236231729580943 ], [ -119.900434941812378, 47.236006678567804 ], [ -119.900761813116105, 47.236882606046585 ], [ -119.9020339987879, 47.236657539803367 ] ] ] } },
{ "type": "Feature", "properties": { "id": "53_3", "growth_scenario": "high", "market_gravity_weight": 75 }, "geometry": { "type": "Polygon", "coordinates": [ [ [ -119.906248697641757, 47.244315824208805 ], [ -119.904976377555769, 47.244540935085894 ], [ -119.905303352300862, 47.245416876905246 ], [ -119.905630335801405, 47.246292820527756 ], [ -119.904357975140869, 47.246517927200159 ], [ -119.903085605724911, 47.24674302231508 ], [ -119.902758654044518, 47.245867071340214 ], [ -119.90148629178411, 47.246092151221447 ], [ -119.901159364768631, 47.245216198374216 ], [ -119.902431711118837, 47.244991122168763 ], [ -119.902104776947496, 47.244115174800548 ], [ -119.903377098633797, 47.243890090713464 ], [ -119.903050157307362, 47.243014148823725 ], [ -119.904322454330497, 47.242789056855436 ], [ -119.90559474259922, 47.242563953330276 ], [ -119.905921715742949, 47.243439887868348 ], [ -119.906248697641757, 47.244315824208805 ] ] ] } },
{ "type": "Feature", "properties": { "id": "53_30", "growth_scenario": "high", "market_gravity_weight": 75 }, "geometry": { "type": "Polygon", "coordinates": [ [ [ -119.912538192258509, 47.235732490065388 ], [ -119.91381031505226, 47.235507316149544 ], [ -119.914137362910182, 47.236383210476234 ], [ -119.91286522421295, 47.236608388068007 ], [ -119.913192264922969, 47.237484287869876 ], [ -119.911920101565883, 47.237709457582739 ], [ -119.912247135127288, 47.238585362860455 ], [ -119.910974947109679, 47.238810524694095 ], [ -119.910647929453205, 47.237934615740421 ], [ -119.90937574858529, 47.238159762342669 ], [ -119.909048755588927, 47.23728385151324 ], [ -119.908721771347103, 47.236407942483609 ], [ -119.908394795859436, 47.235532035253549 ], [ -119.909666929013738, 47.235306899677759 ], [ -119.910939053413827, 47.23508175254711 ], [ -119.911266060709508, 47.235957652426428 ], [ -119.912538192258509, 47.235732490065388 ] ] ] } },
{ "type": "Feature", "properties": { "id": "53_4", "growth_scenario": "high", "market_gravity_weight": 75 }, "geometry": { "type": "Polygon", "coordinates": [ [ [ -119.897050508204003, 47.248744295680559 ], [ -119.897377397834831, 47.249620268643774 ], [ -119.896104944068355, 47.249845301761894 ], [ -119.896431826539711, 47.250721280206221 ], [ -119.895159348105949, 47.250946305441211 ], [ -119.893886860918641, 47.251171319117176 ], [ -119.893560010275124, 47.250295333321574 ], [ -119.892287530249106, 47.250520331762878 ], [ -119.891960704272506, 47.249644344097952 ], [ -119.893233168384455, 47.249419349331838 ], [ -119.892906335246195, 47.248543367147647 ], [ -119.894178774692335, 47.24831836449777 ], [ -119.895451205385967, 47.248093350289317 ], [ -119.89672362732675, 47.247868324522358 ], [ -119.8979960405143, 47.24764328719705 ], [ -119.898322937303874, 47.248519254679643 ], [ -119.897050508204003, 47.248744295680559 ] ] ] } },
{ "type": "Feature", "properties": { "id": "53_5", "growth_scenario": "high", "market_gravity_weight": 75 }, "geometry": { "type": "Polygon", "coordinates": [ [ [ -119.916754061017855, 47.243390429882389 ], [ -119.917081187691991, 47.244266340411734 ], [ -119.915808905846689, 47.244491551095265 ], [ -119.916136025372722, 47.245367467104195 ], [ -119.914863718861199, 47.245592669909158 ], [ -119.914536615242667, 47.244716750222565 ], [ -119.913264315880298, 47.244941937793534 ], [ -119.912937236927618, 47.244066016231848 ], [ -119.911664944715099, 47.244291188569157 ], [ -119.91133789042749, 47.243415265132505 ], [ -119.912610166732549, 47.24319009647224 ], [ -119.913882434280296, 47.24296491625563 ], [ -119.913555356935746, 47.242089001974705 ], [ -119.914827599819432, 47.241863813879149 ], [ -119.916099833945424, 47.241638614227831 ], [ -119.916426943102465, 47.242514521154504 ], [ -119.916754061017855, 47.243390429882389 ] ] ] } },
{ "type": "Feature", "properties": { "id": "53_6", "growth_scenario": "high", "market_gravity_weight": 75 }, "geometry": { "type": "Polygon", "coordinates": [ [ [ -119.913555356935746, 47.242089001974705 ], [ -119.913882434280296, 47.24296491625563 ], [ -119.912610166732549, 47.24319009647224 ], [ -119.91133789042749, 47.243415265132505 ], [ -119.911664944715099, 47.244291188569157 ], [ -119.911992007759949, 47.245167113807987 ], [ -119.910719690882019, 47.245392278265754 ], [ -119.910392643745325, 47.244516349349922 ], [ -119.909120334018652, 47.244741498574086 ], [ -119.908793311547015, 47.243865567783935 ], [ -119.908466297831581, 47.242989638796089 ], [ -119.908139292872008, 47.242113711610195 ], [ -119.909411554875305, 47.241888573415601 ], [ -119.910683808122741, 47.241663423664768 ], [ -119.911956052613931, 47.241438262357825 ], [ -119.912283105294776, 47.242314178514299 ], [ -119.913555356935746, 47.242089001974705 ] ] ] } },
{ "type": "Feature", "properties": { "id": "53_7", "growth_scenario": "high", "market_gravity_weight": 75 }, "geometry": { "type": "Polygon", "coordinates": [ [ [ -119.891960704272506, 47.249644344097952 ], [ -119.892287530249106, 47.250520331762878 ], [ -119.893560010275124, 47.250295333321574 ], [ -119.893886860918641, 47.251171319117176 ], [ -119.892614364978201, 47.251396321233855 ], [ -119.891341860284967, 47.251621311791183 ], [ -119.890069346839297, 47.251846290789111 ], [ -119.888796824641574, 47.252071258227339 ], [ -119.888470037657854, 47.251195257731034 ], [ -119.88814325942549, 47.25031925904127 ], [ -119.889415749792661, 47.250094298952781 ], [ -119.889088964396578, 47.249218305743945 ], [ -119.890361430097968, 47.248993337770855 ], [ -119.891633887047959, 47.248768358238713 ], [ -119.892906335246195, 47.248543367147647 ], [ -119.893233168384455, 47.249419349331838 ], [ -119.891960704272506, 47.249644344097952 ] ] ] } },
{ "type": "Feature", "properties": { "id": "53_8", "growth_scenario": "high", "market_gravity_weight": 75 }, "geometry": { "type": "Polygon", "coordinates": [ [ [ -119.902431711118837, 47.244991122168763 ], [ -119.901159364768631, 47.245216198374216 ], [ -119.90148629178411, 47.246092151221447 ], [ -119.90021392076936, 47.246317219545126 ], [ -119.898941541000625, 47.246542276310976 ], [ -119.897669152478272, 47.246767321518981 ], [ -119.89734227319552, 47.245891357645107 ], [ -119.897015402665659, 47.24501539557513 ], [ -119.898287759365871, 47.244790357717818 ], [ -119.897960881678046, 47.243914401126538 ], [ -119.899233213715178, 47.243689355386749 ], [ -119.900505536999347, 47.243464298089549 ], [ -119.901777851530184, 47.243239229235229 ], [ -119.902104776947496, 47.244115174800548 ], [ -119.902431711118837, 47.244991122168763 ] ] ] } },
{ "type": "Feature", "properties": { "id": "53_9", "growth_scenario": "high", "market_gravity_weight": 75 }, "geometry": { "type": "Polygon", "coordinates": [ [ [ -119.907812296667913, 47.241237786225987 ], [ -119.908139292872008, 47.242113711610195 ], [ -119.908466297831581, 47.242989638796089 ], [ -119.908793311547015, 47.243865567783935 ], [ -119.90752100897231, 47.244090701774759 ], [ -119.906248697641757, 47.244315824208805 ], [ -119.905921715742949, 47.243439887868348 ], [ -119.90559474259922, 47.242563953330276 ], [ -119.904322454330497, 47.242789056855436 ], [ -119.903050157307362, 47.243014148823725 ], [ -119.902723224734942, 47.242138208736421 ], [ -119.903995505849664, 47.241913120443648 ], [ -119.903668566122874, 47.241037185833839 ], [ -119.904940822575782, 47.240812089659968 ], [ -119.906213070274589, 47.240586981929745 ], [ -119.906540041816484, 47.241462909188336 ], [ -119.907812296667913, 47.241237786225987 ] ] ] } },
{ "type": "Feature", "properties": { "id": "56_0", "growth_scenario": "high", "market_gravity_weight": 75 }, "geometry": { "type": "Polygon", "coordinates": [ [ [ -104.835835379949401, 41.101028193579815 ], [ -104.837030316133095, 41.100945266622091 ], [ -104.837141754556171, 41.101834549322227 ], [ -104.835946803477952, 41.101917477385726 ], [ -104.836058229808643, 41.102806761770424 ], [ -104.836169658941557, 41.1036960467341 ], [ -104.836281090876795, 41.104585332277026 ], [ -104.836392525614485, 41.105474618399477 ], [ -104.835197512151993, 41.105557539709871 ], [ -104.835086092310391, 41.104668252481609 ], [ -104.834974675270871, 41.103778965832959 ], [ -104.834863261033306, 41.102889679763607 ], [ -104.833668289456114, 41.102972586580535 ], [ -104.832473315077436, 41.103055482221201 ], [ -104.83236193343204, 41.102166194519974 ], [ -104.833556892915524, 41.102083299984677 ], [ -104.833445499176321, 41.101194013967707 ], [ -104.834640440963682, 41.10111110936176 ], [ -104.834529035131396, 41.100221825028747 ], [ -104.835723959222861, 41.100138910352477 ], [ -104.835835379949401, 41.101028193579815 ] ] ] } },
{ "type": "Feature", "properties": { "id": "56_1", "growth_scenario": "high", "market_gravity_weight": 75 }, "geometry": { "type": "Polygon", "coordinates": [ [ [ -104.835420360241841, 41.107336115905909 ], [ -104.835531788490286, 41.108225404874275 ], [ -104.83564321954124, 41.10911469442307 ], [ -104.835754653394787, 41.110003984552677 ], [ -104.834559562643605, 41.110086900215542 ], [ -104.834448143688078, 41.109197608980018 ], [ -104.833253065032707, 41.109280512359739 ], [ -104.832057983575453, 41.109363404562124 ], [ -104.830862899316713, 41.109446285587133 ], [ -104.82966781225683, 41.109529155434757 ], [ -104.829556455695283, 41.108639860358061 ], [ -104.829445101934397, 41.107750565862091 ], [ -104.830640159198452, 41.107667698224965 ], [ -104.831835213661591, 41.107584819410768 ], [ -104.831946597217836, 41.108474111696125 ], [ -104.833141663777184, 41.108391220599302 ], [ -104.834336727534804, 41.108308318325335 ], [ -104.834225314183655, 41.107419028251222 ], [ -104.834113903634531, 41.10652973875743 ], [ -104.835308934795776, 41.106446827517928 ], [ -104.835420360241841, 41.107336115905909 ] ] ] } },
{ "type": "Feature", "properties": { "id": "56_10", "growth_scenario": "high", "market_gravity_weight": 75 }, "geometry": { "type": "Polygon", "coordinates": [ [ [ -104.839674361295025, 41.112423034418853 ], [ -104.840869485528231, 41.112340070726951 ], [ -104.840980990190232, 41.113229358756023 ], [ -104.841092497656831, 41.114118647366823 ], [ -104.839897343625069, 41.114201613272193 ], [ -104.840008838996553, 41.115090903571769 ], [ -104.838813667260538, 41.115173859405836 ], [ -104.838702186788979, 41.114284567999569 ], [ -104.838590709121405, 41.113395277175371 ], [ -104.837395564380998, 41.113478219618273 ], [ -104.837284104416582, 41.112588928269574 ], [ -104.837172647255571, 41.111699637502483 ], [ -104.837061192897835, 41.11081034731685 ], [ -104.838256292941438, 41.110727408193 ], [ -104.83945139018148, 41.110644457891766 ], [ -104.839562874336238, 41.111533745864634 ], [ -104.839674361295025, 41.112423034418853 ] ] ] } },
{ "type": "Feature", "properties": { "id": "56_2", "growth_scenario": "high", "market_gravity_weight": 75 }, "geometry": { "type": "Polygon", "coordinates": [ [ [ -104.839005481600566, 41.107087311808705 ], [ -104.84020051644697, 41.107004354755937 ], [ -104.840312004283561, 41.107893639299547 ], [ -104.840423494924138, 41.108782924423458 ], [ -104.839228430283612, 41.108865883689027 ], [ -104.839339908830638, 41.109755170500001 ], [ -104.838144826488687, 41.109838119694857 ], [ -104.838256292941438, 41.110727408193 ], [ -104.837061192897835, 41.11081034731685 ], [ -104.836949741343261, 41.109921057712413 ], [ -104.836838292591779, 41.109031768688908 ], [ -104.836726846643273, 41.108142480246087 ], [ -104.836615403497632, 41.107253192383745 ], [ -104.837810443950644, 41.107170257684636 ], [ -104.837698988711026, 41.106280971508561 ], [ -104.838894011464319, 41.106198026738824 ], [ -104.839005481600566, 41.107087311808705 ] ] ] } },
{ "type": "Feature", "properties": { "id": "56_3", "growth_scenario": "high", "market_gravity_weight": 75 }, "geometry": { "type": "Polygon", "coordinates": [ [ [ -104.839866069759893, 41.104336504604582 ], [ -104.841061057114331, 41.104253539694326 ], [ -104.841172551435335, 41.105142821392107 ], [ -104.842367550881406, 41.10505984419904 ], [ -104.84247906290237, 41.105949125369747 ], [ -104.841284048560354, 41.106032103669385 ], [ -104.841395548489501, 41.106921386526366 ], [ -104.841507051222891, 41.107810669963463 ], [ -104.840312004283561, 41.107893639299547 ], [ -104.84020051644697, 41.107004354755937 ], [ -104.839005481600566, 41.107087311808705 ], [ -104.838894011464319, 41.106198026738824 ], [ -104.837698988711026, 41.106280971508561 ], [ -104.837587536274441, 41.105391685912416 ], [ -104.838782544131476, 41.105308742248845 ], [ -104.838671079601923, 41.104419458338462 ], [ -104.838559617875532, 41.103530175007428 ], [ -104.83975459313811, 41.103447222379799 ], [ -104.839866069759893, 41.104336504604582 ] ] ] } },
{ "type": "Feature", "properties": { "id": "56_4", "growth_scenario": "high", "market_gravity_weight": 75 }, "geometry": { "type": "Polygon", "coordinates": [ [ [ -104.815965734416096, 41.105993455723095 ], [ -104.817160777771534, 41.105910714347438 ], [ -104.817271974159098, 41.106800018145506 ], [ -104.81738317334333, 41.107689322524116 ], [ -104.817494375324316, 41.108578627483467 ], [ -104.816299287274461, 41.108661372169792 ], [ -104.815104196428109, 41.108744105678447 ], [ -104.815215371408101, 41.109633413425968 ], [ -104.814020262866507, 41.109716136860357 ], [ -104.813909102785615, 41.108826828009434 ], [ -104.813797945500468, 41.107937519739657 ], [ -104.813686791010994, 41.107048212050834 ], [ -104.814881854856409, 41.10696549192641 ], [ -104.814770688264488, 41.106076185921509 ], [ -104.814659524468397, 41.105186880497001 ], [ -104.815854555722495, 41.105104151401861 ], [ -104.815965734416096, 41.105993455723095 ] ] ] } },
{ "type": "Feature", "properties": { "id": "56_5", "growth_scenario": "high", "market_gravity_weight": 75 }, "geometry": { "type": "Polygon", "coordinates": [ [ [ -104.770794888318079, 41.12077321801182 ], [ -104.770905524885876, 41.121662573429305 ], [ -104.769710161309106, 41.121744883058646 ], [ -104.769820785753069, 41.122634240160231 ], [ -104.76862540448613, 41.122716539707028 ], [ -104.767430020436549, 41.122798828072781 ], [ -104.767319425807173, 41.121909468774824 ], [ -104.76720883395997, 41.121020110062744 ], [ -104.767098244894854, 41.120130751936173 ], [ -104.768293584223528, 41.12004846686466 ], [ -104.768182983034151, 41.119159110421471 ], [ -104.769378304674333, 41.119076815267462 ], [ -104.770573623531916, 41.118994508933056 ], [ -104.770684254533464, 41.119883863179837 ], [ -104.770794888318079, 41.12077321801182 ] ] ] } },
{ "type": "Feature", "properties": { "id": "56_6", "growth_scenario": "high", "market_gravity_weight": 75 }, "geometry": { "type": "Polygon", "coordinates": [ [ [ -104.833810113340292, 41.113726979879388 ], [ -104.833921531408564, 41.114616275128547 ], [ -104.834032952279344, 41.115505570959982 ], [ -104.832837766526623, 41.115588470902843 ], [ -104.831642577971664, 41.115671359667353 ], [ -104.830447386614836, 41.115754237253427 ], [ -104.830336010445748, 41.11486493810461 ], [ -104.830224637078061, 41.113975639538253 ], [ -104.83011326651166, 41.113086341554123 ], [ -104.831308413167591, 41.113003467284791 ], [ -104.832503557021951, 41.112920581837507 ], [ -104.833698698074414, 41.112837685212277 ], [ -104.834893836324582, 41.112754777409229 ], [ -104.835005266490086, 41.113644070970324 ], [ -104.833810113340292, 41.113726979879388 ] ] ] } },
{ "type": "Feature", "properties": { "id": "56_7", "growth_scenario": "high", "market_gravity_weight": 75 }, "geometry": { "type": "Polygon", "coordinates": [ [ [ -104.841618556760608, 41.108699953980761 ], [ -104.84173006510278, 41.109589238578607 ], [ -104.841841576249479, 41.110478523757173 ], [ -104.841953090200846, 41.111367809516693 ], [ -104.842064606956953, 41.112257095857409 ], [ -104.840869485528231, 41.112340070726951 ], [ -104.839674361295025, 41.112423034418853 ], [ -104.839562874336238, 41.111533745864634 ], [ -104.83945139018148, 41.110644457891766 ], [ -104.838256292941438, 41.110727408193 ], [ -104.838144826488687, 41.109838119694857 ], [ -104.839339908830638, 41.109755170500001 ], [ -104.839228430283612, 41.108865883689027 ], [ -104.840423494924138, 41.108782924423458 ], [ -104.840312004283561, 41.107893639299547 ], [ -104.841507051222891, 41.107810669963463 ], [ -104.841618556760608, 41.108699953980761 ] ] ] } },
{ "type": "Feature", "properties": { "id": "56_8", "growth_scenario": "high", "market_gravity_weight": 75 }, "geometry": { "type": "Polygon", "coordinates": [ [ [ -104.840726590974356, 41.101585698075887 ], [ -104.840838076883955, 41.10247497803649 ], [ -104.840949565597228, 41.103364258575901 ], [ -104.842144535252558, 41.103281283595848 ], [ -104.842033031644434, 41.102392004162908 ], [ -104.843227983600855, 41.10230901911337 ], [ -104.843339502103689, 41.103198297439718 ], [ -104.843451023411063, 41.104087576345115 ], [ -104.843562547523106, 41.104976855829605 ], [ -104.842367550881406, 41.10505984419904 ], [ -104.841172551435335, 41.105142821392107 ], [ -104.841061057114331, 41.104253539694326 ], [ -104.839866069759893, 41.104336504604582 ], [ -104.83975459313811, 41.103447222379799 ], [ -104.838559617875532, 41.103530175007428 ], [ -104.838448158952232, 41.10264089225565 ], [ -104.83964311931976, 41.10255794073408 ], [ -104.839531648304742, 41.101668659667283 ], [ -104.839420180092958, 41.100779379179066 ], [ -104.840615107868388, 41.1006964186939 ], [ -104.840726590974356, 41.101585698075887 ] ] ] } },
{ "type": "Feature", "properties": { "id": "56_9", "growth_scenario": "high", "market_gravity_weight": 75 }, "geometry": { "type": "Polygon", "coordinates": [ [ [ -104.819550856092349, 41.105745198064938 ], [ -104.820745891057001, 41.105662423158051 ], [ -104.820857132137277, 41.106551723644785 ], [ -104.819662082275158, 41.106634499655556 ], [ -104.819773311255346, 41.10752380182663 ], [ -104.818578243697914, 41.107606567764044 ], [ -104.81738317334333, 41.107689322524116 ], [ -104.817271974159098, 41.106800018145506 ], [ -104.817160777771534, 41.105910714347438 ], [ -104.815965734416096, 41.105993455723095 ], [ -104.815854555722495, 41.105104151401861 ], [ -104.817049584180495, 41.105021411129727 ], [ -104.816938393385939, 41.104132108491989 ], [ -104.818133404150572, 41.104049358146419 ], [ -104.81932841211848, 41.103966596624019 ], [ -104.819439632706818, 41.104855897054499 ], [ -104.819550856092349, 41.105745198064938 ] ] ] } }
]
}
