{
"type": "FeatureCollection",
"name": "low_growth_50_market_gravity_epsg4326",
"crs": { "type": "name", "properties": { "name": "urn:ogc:def:crs:OGC:1.3:CRS84" } },
"features": [
{ "type": "Feature", "properties": { "id": "1_0", "growth_scenario": "low", "market_gravity_weight": 50 }, "geometry": { "type": "Polygon", "coordinates": [ [ [ -86.626433445298858, 34.834674343365954 ], [ -86.626324886171787, 34.835563920521828 ], [ -86.627421934305318, 34.835651945152449 ], [ -86.627313385212133, 34.836541522310874 ], [ -86.62841044839216, 34.836629537598036 ], [ -86.628301909333445, 34.837519114759139 ], [ -86.627204833612751, 34.83743109853809 ], [ -86.626107760398369, 34.837343072039523 ], [ -86.625999193751824, 34.838232646401707 ], [ -86.625890624598611, 34.839122219832973 ], [ -86.625782052938675, 34.840011792333584 ], [ -86.624684944607679, 34.83992375275507 ], [ -86.624793528808979, 34.839034181188673 ], [ -86.624902110503243, 34.838144608691522 ], [ -86.625010689690555, 34.837255035263524 ], [ -86.625119266371001, 34.836365460904354 ], [ -86.625227840544696, 34.835475885613938 ], [ -86.625336412211666, 34.834586309392101 ], [ -86.625444981372056, 34.833696732238565 ], [ -86.626542001919617, 34.833784765278459 ], [ -86.626433445298858, 34.834674343365954 ] ] ] } },
{ "type": "Feature", "properties": { "id": "1_1", "growth_scenario": "low", "market_gravity_weight": 50 }, "geometry": { "type": "Polygon", "coordinates": [ [ [ -86.913459581211569, 33.399541733490899 ], [ -86.91453689359524, 33.399627221949224 ], [ -86.914433583030899, 33.400518644886525 ], [ -86.915510909857332, 33.400604124089597 ], [ -86.9154076090514, 33.401495546663156 ], [ -86.914330270124196, 33.40141006659956 ], [ -86.913252933539439, 33.401324576419974 ], [ -86.913149606189364, 33.40221599604822 ], [ -86.91207225984644, 33.402130494891935 ], [ -86.91217559929737, 33.401239076124533 ], [ -86.911098267398273, 33.401153565713173 ], [ -86.910020937842404, 33.401068045185966 ], [ -86.910124299151335, 33.400176626916171 ], [ -86.91120161660676, 33.400262146582406 ], [ -86.911304963472105, 33.399370726227247 ], [ -86.912382271170429, 33.399456234916912 ], [ -86.912485603592728, 33.398564812476337 ], [ -86.913562901533794, 33.398650310189694 ], [ -86.913459581211569, 33.399541733490899 ] ] ] } },
{ "type": "Feature", "properties": { "id": "4_0", "growth_scenario": "low", "market_gravity_weight": 50 }, "geometry": { "type": "Polygon", "coordinates": [ [ [ -113.176426561429665, 34.563618170878947 ], [ -113.177507193996291, 34.563457428042881 ], [ -113.177704678468174, 34.564337045855012 ], [ -113.177902167431384, 34.565216662464849 ], [ -113.176821511108983, 34.565377408639343 ], [ -113.177018992685419, 34.566257025716425 ], [ -113.175938319993364, 34.566417763528655 ], [ -113.175740850295355, 34.565538144782302 ], [ -113.174660184990756, 34.565698870893804 ], [ -113.174462731662047, 34.564819249276468 ], [ -113.173382073745174, 34.564979963687364 ], [ -113.173184636785251, 34.564100339199122 ], [ -113.17298720431549, 34.563220713508763 ], [ -113.174067838476162, 34.563060002435556 ], [ -113.17514846814656, 34.562899281331042 ], [ -113.17534592437211, 34.563778903683655 ], [ -113.176426561429665, 34.563618170878947 ] ] ] } },
{ "type": "Feature", "properties": { "id": "4_1", "growth_scenario": "low", "market_gravity_weight": 50 }, "geometry": { "type": "Polygon", "coordinates": [ [ [ -113.17596000860695, 34.586412070086993 ], [ -113.174879052056298, 34.586572794471515 ], [ -113.175076565665222, 34.587452393974075 ], [ -113.173995592736262, 34.587613109995011 ], [ -113.174193098953182, 34.588492709970453 ], [ -113.173112109645601, 34.588653417627647 ], [ -113.172914615314198, 34.587773815981897 ], [ -113.171833633399288, 34.58793451193479 ], [ -113.171636155446151, 34.587054907421617 ], [ -113.171438681985464, 34.586175301711002 ], [ -113.172519640129792, 34.586014609098342 ], [ -113.17232215927649, 34.585135003860167 ], [ -113.173403101043505, 34.58497430288368 ], [ -113.174484038317885, 34.584813591873463 ], [ -113.175564971099377, 34.58465287082948 ], [ -113.175762487606505, 34.585532471057171 ], [ -113.17596000860695, 34.586412070086993 ] ], [ [ -113.174681542940561, 34.585693193771384 ], [ -113.173600593781572, 34.585853906451803 ], [ -113.173798091012458, 34.586733508822149 ], [ -113.174879052056298, 34.586572794471515 ], [ -113.174681542940561, 34.585693193771384 ] ] ] } },
{ "type": "Feature", "properties": { "id": "4_2", "growth_scenario": "low", "market_gravity_weight": 50 }, "geometry": { "type": "Polygon", "coordinates": [ [ [ -113.176843427779133, 34.58537173830922 ], [ -113.177040960664129, 34.586251335668649 ], [ -113.178121908227624, 34.586090591216575 ], [ -113.178319457490986, 34.586970185707635 ], [ -113.178517011248459, 34.58784977900104 ], [ -113.177436039915392, 34.588010526794342 ], [ -113.176355064088327, 34.588171264553743 ], [ -113.175274083767519, 34.58833199227913 ], [ -113.175471606363303, 34.589211589386963 ], [ -113.174390609663348, 34.589372308748729 ], [ -113.174193098953182, 34.588492709970453 ], [ -113.173995592736262, 34.587613109995011 ], [ -113.175076565665222, 34.587452393974075 ], [ -113.174879052056298, 34.586572794471515 ], [ -113.17596000860695, 34.586412070086993 ], [ -113.175762487606505, 34.585532471057171 ], [ -113.175564971099377, 34.58465287082948 ], [ -113.176645899387694, 34.58449213975193 ], [ -113.176843427779133, 34.58537173830922 ] ] ] } },
{ "type": "Feature", "properties": { "id": "4_3", "growth_scenario": "low", "market_gravity_weight": 50 }, "geometry": { "type": "Polygon", "coordinates": [ [ [ -111.709172209142139, 33.477717481173421 ], [ -111.70935047352755, 33.47860068886478 ], [ -111.710419047552747, 33.478453341888716 ], [ -111.710597327628079, 33.479336546734388 ], [ -111.709528741921915, 33.4794838951846 ], [ -111.709707014325346, 33.480367100133094 ], [ -111.70863841292875, 33.480514440095781 ], [ -111.707569807523186, 33.480661770096816 ], [ -111.707391558482612, 33.479778562200259 ], [ -111.707213313450637, 33.47889535293244 ], [ -111.70703507242709, 33.478012142293252 ], [ -111.705966498056966, 33.478159457910976 ], [ -111.704897919678785, 33.478306763567112 ], [ -111.704719706025458, 33.477423548609011 ], [ -111.705788272722629, 33.477276244426434 ], [ -111.706856835411855, 33.477128930282504 ], [ -111.707925394092896, 33.476981606177141 ], [ -111.708103642788899, 33.477864816714032 ], [ -111.709172209142139, 33.477717481173421 ] ] ] } },
{ "type": "Feature", "properties": { "id": "4_4", "growth_scenario": "low", "market_gravity_weight": 50 }, "geometry": { "type": "Polygon", "coordinates": [ [ [ -113.174951016411555, 34.562019657775998 ], [ -113.17514846814656, 34.562899281331042 ], [ -113.174067838476162, 34.563060002435556 ], [ -113.17298720431549, 34.563220713508763 ], [ -113.173184636785251, 34.564100339199122 ], [ -113.173382073745174, 34.564979963687364 ], [ -113.172301411338012, 34.565140668066832 ], [ -113.172103986256445, 34.564261041909738 ], [ -113.171906565664813, 34.563381414550605 ], [ -113.170825922524358, 34.563542105561083 ], [ -113.169745274894396, 34.563702786540077 ], [ -113.169547882548684, 34.562823154641663 ], [ -113.170628518300489, 34.562662475331145 ], [ -113.170431118565986, 34.561782843898904 ], [ -113.171511737950667, 34.561622156225546 ], [ -113.172592352845868, 34.561461458520938 ], [ -113.173672963251363, 34.561300750785215 ], [ -113.173870398618703, 34.562180377211632 ], [ -113.174951016411555, 34.562019657775998 ] ] ] } },
{ "type": "Feature", "properties": { "id": "4_5", "growth_scenario": "low", "market_gravity_weight": 50 }, "geometry": { "type": "Polygon", "coordinates": [ [ [ -113.172893713523706, 34.567779539327546 ], [ -113.173091156566429, 34.568659160678109 ], [ -113.174171866489601, 34.568498449622737 ], [ -113.174369325902646, 34.569378068102985 ], [ -113.173288604099852, 34.56953878082755 ], [ -113.173486056124091, 34.570418399775932 ], [ -113.172405317950435, 34.570579104137586 ], [ -113.17220787780623, 34.569699483520019 ], [ -113.171127147022048, 34.569860176180462 ], [ -113.170929723248349, 34.56898055269297 ], [ -113.170732303964812, 34.568100928004476 ], [ -113.169651592450208, 34.568261607295014 ], [ -113.169454189536268, 34.567381979736489 ], [ -113.170534889171293, 34.567221302114689 ], [ -113.171615584316456, 34.567060614461028 ], [ -113.172696274971472, 34.566899916775554 ], [ -113.173776961136141, 34.566739209058262 ], [ -113.173974411567485, 34.567618829941189 ], [ -113.172893713523706, 34.567779539327546 ] ] ] } },
{ "type": "Feature", "properties": { "id": "4_6", "growth_scenario": "low", "market_gravity_weight": 50 }, "geometry": { "type": "Polygon", "coordinates": [ [ [ -113.174193098953182, 34.588492709970453 ], [ -113.174390609663348, 34.589372308748729 ], [ -113.173309608470007, 34.589533018076288 ], [ -113.172228602783505, 34.589693717369585 ], [ -113.1711475926041, 34.58985440662854 ], [ -113.170066577932047, 34.590015085853167 ], [ -113.170264045590642, 34.590894690115547 ], [ -113.169183014539556, 34.591055360975801 ], [ -113.168985558767616, 34.590175755043376 ], [ -113.16790453511102, 34.590336414199065 ], [ -113.167707095717731, 34.589456805400019 ], [ -113.167509660816165, 34.58857719540422 ], [ -113.168590660699962, 34.588416539588266 ], [ -113.168788107487785, 34.589296147914226 ], [ -113.169869114765859, 34.589135480394049 ], [ -113.170950117551698, 34.588974802839523 ], [ -113.170752646991772, 34.588095197853491 ], [ -113.171833633399288, 34.58793451193479 ], [ -113.172914615314198, 34.587773815981897 ], [ -113.173112109645601, 34.588653417627647 ], [ -113.174193098953182, 34.588492709970453 ] ] ] } },
{ "type": "Feature", "properties": { "id": "4_7", "growth_scenario": "low", "market_gravity_weight": 50 }, "geometry": { "type": "Polygon", "coordinates": [ [ [ -111.675524339231842, 33.425162632356042 ], [ -111.675702106324906, 33.426045957647617 ], [ -111.674634179748608, 33.42619299283875 ], [ -111.673566249177242, 33.426340018072921 ], [ -111.67374399692882, 33.42722334492003 ], [ -111.672676050694022, 33.427370361665268 ], [ -111.672498314611047, 33.42648703335005 ], [ -111.671430376050267, 33.426634038670173 ], [ -111.671252655630354, 33.425750707506353 ], [ -111.67232058252263, 33.425603703654168 ], [ -111.672142854428685, 33.424720372577362 ], [ -111.673210765658411, 33.424573360236188 ], [ -111.673033029890917, 33.423690029246174 ], [ -111.674100925458362, 33.423543008416118 ], [ -111.675168817031135, 33.423395977629447 ], [ -111.675346576133961, 33.424279305683356 ], [ -111.675524339231842, 33.425162632356042 ] ] ] } },
{ "type": "Feature", "properties": { "id": "4_8", "growth_scenario": "low", "market_gravity_weight": 50 }, "geometry": { "type": "Polygon", "coordinates": [ [ [ -111.669651622453159, 33.423247695221299 ], [ -111.670719518335261, 33.423100705729269 ], [ -111.670897226772979, 33.42398404103605 ], [ -111.671965130329028, 33.423837040119494 ], [ -111.672142854428685, 33.424720372577362 ], [ -111.671074939204644, 33.424867374961728 ], [ -111.671252655630354, 33.425750707506353 ], [ -111.670184724743876, 33.425897701401574 ], [ -111.670362433495171, 33.426781034033212 ], [ -111.669294486945986, 33.426928019439046 ], [ -111.669116789863438, 33.426044685339676 ], [ -111.668939096774608, 33.425161349859572 ], [ -111.667871169569111, 33.425308322373027 ], [ -111.667693492142234, 33.424424984044514 ], [ -111.668761407679341, 33.42427801299862 ], [ -111.668583722577509, 33.42339467475658 ], [ -111.66840604146897, 33.422511335133343 ], [ -111.669473929676855, 33.422364357065568 ], [ -111.669651622453159, 33.423247695221299 ] ] ] } },
{ "type": "Feature", "properties": { "id": "6_0", "growth_scenario": "low", "market_gravity_weight": 50 }, "geometry": { "type": "Polygon", "coordinates": [ [ [ -121.490431241091002, 38.656970659131225 ], [ -121.490738671641537, 38.657830926409027 ], [ -121.491046109429078, 38.658691192959886 ], [ -121.489927554540714, 38.658927637897293 ], [ -121.490234987394359, 38.659787906514921 ], [ -121.489116413097605, 38.660024344123173 ], [ -121.488808992415315, 38.659164072712066 ], [ -121.487690423053181, 38.659400497404114 ], [ -121.487383021779024, 38.658540222473228 ], [ -121.487075627741135, 38.657679946815747 ], [ -121.485957075485501, 38.657916355798775 ], [ -121.485649700854765, 38.657056076621586 ], [ -121.48676824093927, 38.656819670431517 ], [ -121.487886773788006, 38.656583254118878 ], [ -121.489005299400731, 38.656346827683741 ], [ -121.489312710544141, 38.657207098481919 ], [ -121.490431241091002, 38.656970659131225 ] ] ] } },
{ "type": "Feature", "properties": { "id": "6_1", "growth_scenario": "low", "market_gravity_weight": 50 }, "geometry": { "type": "Polygon", "coordinates": [ [ [ -121.491857207122067, 38.657594474142584 ], [ -121.492975735365349, 38.657358011753729 ], [ -121.493283197493895, 38.658218272717548 ], [ -121.492164657080238, 38.658454737899937 ], [ -121.492472114275856, 38.659315000930334 ], [ -121.492779578709218, 38.660175263234095 ], [ -121.493087050380566, 38.661035524811275 ], [ -121.493394529290129, 38.661895785662047 ], [ -121.492275932954072, 38.662132251897241 ], [ -121.491968466216107, 38.661271988252473 ], [ -121.490849874813676, 38.661508441570852 ], [ -121.490542427485252, 38.660648174406077 ], [ -121.490234987394359, 38.659787906514921 ], [ -121.489927554540714, 38.658927637897293 ], [ -121.491046109429078, 38.658691192959886 ], [ -121.490738671641537, 38.657830926409027 ], [ -121.490431241091002, 38.656970659131225 ], [ -121.491549764401142, 38.65673420965819 ], [ -121.491857207122067, 38.657594474142584 ] ] ] } },
{ "type": "Feature", "properties": { "id": "6_10", "growth_scenario": "low", "market_gravity_weight": 50 }, "geometry": { "type": "Polygon", "coordinates": [ [ [ -121.492275932954072, 38.662132251897241 ], [ -121.493394529290129, 38.661895785662047 ], [ -121.493702015438188, 38.662756045786615 ], [ -121.492583406930308, 38.66299251481589 ], [ -121.492890888145013, 38.66385277700865 ], [ -121.493198376598457, 38.664713038475639 ], [ -121.492079736507236, 38.664949502970394 ], [ -121.492387220026885, 38.665809766506172 ], [ -121.491268560523864, 38.666046223671948 ], [ -121.49096108917729, 38.665185957341848 ], [ -121.490653625069214, 38.664325690286418 ], [ -121.489534982673788, 38.664562131740503 ], [ -121.489227537976774, 38.663701861165585 ], [ -121.49034616819938, 38.663465422505503 ], [ -121.490038718567547, 38.662605153998854 ], [ -121.491157329379817, 38.662368708009531 ], [ -121.490849874813676, 38.661508441570852 ], [ -121.491968466216107, 38.661271988252473 ], [ -121.492275932954072, 38.662132251897241 ] ] ] } },
{ "type": "Feature", "properties": { "id": "6_11", "growth_scenario": "low", "market_gravity_weight": 50 }, "geometry": { "type": "Polygon", "coordinates": [ [ [ -121.927751535355171, 37.436105668898186 ], [ -121.928058974769513, 37.436964981227469 ], [ -121.929157731292719, 37.436724533060882 ], [ -121.93025648070649, 37.436484074940623 ], [ -121.930563950647965, 37.437343380828125 ], [ -121.929465189525359, 37.437583841662558 ], [ -121.929772654867676, 37.43844314925088 ], [ -121.930080127319926, 37.439302455825974 ], [ -121.928981335668809, 37.439542912135394 ], [ -121.929288803521473, 37.440402220411869 ], [ -121.928189993050381, 37.440642669481804 ], [ -121.927882536907731, 37.439783358490885 ], [ -121.927575087874786, 37.438924046487102 ], [ -121.927267645951304, 37.438064733470313 ], [ -121.926960211137086, 37.437205419440424 ], [ -121.926652783431848, 37.436346104397153 ], [ -121.926345362835391, 37.435486788340469 ], [ -121.927444103049837, 37.435246355555279 ], [ -121.927751535355171, 37.436105668898186 ] ] ] } },
{ "type": "Feature", "properties": { "id": "6_12", "growth_scenario": "low", "market_gravity_weight": 50 }, "geometry": { "type": "Polygon", "coordinates": [ [ [ -121.486375436828851, 38.662454153614618 ], [ -121.487494057180811, 38.662217740788321 ], [ -121.487801475229986, 38.663078015608157 ], [ -121.488920100517518, 38.66284158986511 ], [ -121.489227537976774, 38.663701861165585 ], [ -121.488108900516394, 38.663938289702408 ], [ -121.488416333040348, 38.664798563071194 ], [ -121.487297676169163, 38.665034984278435 ], [ -121.487605103757346, 38.665895259715803 ], [ -121.486486427474816, 38.66613167359337 ], [ -121.486179012060447, 38.665271395362133 ], [ -121.485871603883353, 38.664411116405894 ], [ -121.484752944711133, 38.664647514572366 ], [ -121.484445555944646, 38.663787232097398 ], [ -121.485564202943294, 38.663550836724404 ], [ -121.485256809240042, 38.66269055631755 ], [ -121.484949422773354, 38.661830275185103 ], [ -121.486068038189302, 38.661593875275507 ], [ -121.486375436828851, 38.662454153614618 ] ] ] } },
{ "type": "Feature", "properties": { "id": "6_13", "growth_scenario": "low", "market_gravity_weight": 50 }, "geometry": { "type": "Polygon", "coordinates": [ [ [ -121.471612220120178, 38.658171533759848 ], [ -121.472730822667728, 38.657935254631397 ], [ -121.473849417982848, 38.657698965379439 ], [ -121.474156656422437, 38.658559273932667 ], [ -121.474463902094911, 38.659419581760098 ], [ -121.474771155000525, 38.660279888861851 ], [ -121.475078415139507, 38.661140195238083 ], [ -121.473959771129302, 38.661376495657699 ], [ -121.473652523164446, 38.660516186489389 ], [ -121.472533884095242, 38.660752473993135 ], [ -121.472226655537639, 38.659892161307468 ], [ -121.471919434212722, 38.659031847896443 ], [ -121.470800812259128, 38.65926811969284 ], [ -121.46968218307336, 38.659504381365359 ], [ -121.46937499332887, 38.658644061645703 ], [ -121.470493610340498, 38.658407802764607 ], [ -121.470186415653771, 38.657547485110811 ], [ -121.471305013259808, 38.657311218897497 ], [ -121.471612220120178, 38.658171533759848 ] ] ] } },
{ "type": "Feature", "properties": { "id": "6_2", "growth_scenario": "low", "market_gravity_weight": 50 }, "geometry": { "type": "Polygon", "coordinates": [ [ [ -121.937553094235426, 37.423767522221894 ], [ -121.937860595924974, 37.424626813150724 ], [ -121.938168104723786, 37.425486103063086 ], [ -121.937069543468922, 37.42572663357015 ], [ -121.937377047673067, 37.426585925179971 ], [ -121.936278467604481, 37.426826448449006 ], [ -121.935179880426588, 37.427066961765917 ], [ -121.934872399631558, 37.426207664728587 ], [ -121.934564925945367, 37.425348366675109 ], [ -121.934257459367785, 37.424489067605499 ], [ -121.933949999898545, 37.423629767519465 ], [ -121.935048540259103, 37.423389265056741 ], [ -121.936147073511279, 37.423148752642334 ], [ -121.93645455638827, 37.42400804730152 ], [ -121.937553094235426, 37.423767522221894 ] ] ] } },
{ "type": "Feature", "properties": { "id": "6_3", "growth_scenario": "low", "market_gravity_weight": 50 }, "geometry": { "type": "Polygon", "coordinates": [ [ [ -121.938475620632119, 37.426345391958961 ], [ -121.938783143650227, 37.427204679838667 ], [ -121.93768455898676, 37.427445215773645 ], [ -121.936585967213503, 37.427685741756619 ], [ -121.936893473932059, 37.428545034048405 ], [ -121.935794863344142, 37.428785552793194 ], [ -121.936102365467136, 37.429644846783312 ], [ -121.935003736064047, 37.429885358289809 ], [ -121.93390509955141, 37.430125859843812 ], [ -121.933597620839819, 37.429266560425745 ], [ -121.932498988923896, 37.429507049313301 ], [ -121.932191529027264, 37.428647746166156 ], [ -121.933290149237351, 37.428407259992255 ], [ -121.934388762338571, 37.428166763866031 ], [ -121.935487368330683, 37.427926257787441 ], [ -121.935179880426588, 37.427066961765917 ], [ -121.936278467604481, 37.426826448449006 ], [ -121.937377047673067, 37.426585925179971 ], [ -121.937069543468922, 37.42572663357015 ], [ -121.938168104723786, 37.425486103063086 ], [ -121.938475620632119, 37.426345391958961 ] ] ] } },
{ "type": "Feature", "properties": { "id": "6_4", "growth_scenario": "low", "market_gravity_weight": 50 }, "geometry": { "type": "Polygon", "coordinates": [ [ [ -121.929555767377408, 37.424591677850941 ], [ -121.929863180028221, 37.425450988789791 ], [ -121.930170599786493, 37.426310298712686 ], [ -121.930478026652494, 37.427169607619867 ], [ -121.930785460626396, 37.428028915511391 ], [ -121.93109290170851, 37.428888222387485 ], [ -121.929994267281344, 37.429128688656235 ], [ -121.929686837905322, 37.428269379066698 ], [ -121.929379415637285, 37.427410068461789 ], [ -121.92828079751439, 37.427650519351239 ], [ -121.927973394059933, 37.426791205017707 ], [ -121.926874780535655, 37.427031643241435 ], [ -121.926567395894395, 37.426172325179444 ], [ -121.927665997712751, 37.425931889668625 ], [ -121.928764592424102, 37.425691444205398 ], [ -121.9284571914785, 37.424832130553511 ], [ -121.92814979763989, 37.423972815885733 ], [ -121.929248361833814, 37.423732365895972 ], [ -121.930346918920762, 37.423491905954151 ], [ -121.930654336169098, 37.424351215196126 ], [ -121.929555767377408, 37.424591677850941 ] ] ] } },
{ "type": "Feature", "properties": { "id": "6_5", "growth_scenario": "low", "market_gravity_weight": 50 }, "geometry": { "type": "Polygon", "coordinates": [ [ [ -121.929994267281344, 37.429128688656235 ], [ -121.93109290170851, 37.428888222387485 ], [ -121.932191529027264, 37.428647746166156 ], [ -121.932498988923896, 37.429507049313301 ], [ -121.933597620839819, 37.429266560425745 ], [ -121.93390509955141, 37.430125859843812 ], [ -121.932806455929381, 37.43036635144523 ], [ -121.931707805198229, 37.430606833093947 ], [ -121.930609147358197, 37.430847304789957 ], [ -121.929510482409484, 37.431087766533089 ], [ -121.928411810352287, 37.43132821832333 ], [ -121.928104390173459, 37.430468905336852 ], [ -121.927796977102616, 37.42960959133557 ], [ -121.928895625745966, 37.429369144972291 ], [ -121.928588208076306, 37.428509832669356 ], [ -121.929686837905322, 37.428269379066698 ], [ -121.929994267281344, 37.429128688656235 ] ] ] } },
{ "type": "Feature", "properties": { "id": "6_6", "growth_scenario": "low", "market_gravity_weight": 50 }, "geometry": { "type": "Polygon", "coordinates": [ [ [ -121.485957075485501, 38.657916355798775 ], [ -121.487075627741135, 38.657679946815747 ], [ -121.487383021779024, 38.658540222473228 ], [ -121.487690423053181, 38.659400497404114 ], [ -121.487997831563874, 38.660260771608584 ], [ -121.488305247311317, 38.661121045086745 ], [ -121.487186646368698, 38.661357465242702 ], [ -121.487494057180811, 38.662217740788321 ], [ -121.486375436828851, 38.662454153614618 ], [ -121.486068038189302, 38.661593875275507 ], [ -121.485760646786304, 38.660733596210541 ], [ -121.4854532626196, 38.659873316419613 ], [ -121.485145885688922, 38.659013035902447 ], [ -121.484838515994056, 38.658152754658992 ], [ -121.484531153534718, 38.657292472688958 ], [ -121.485649700854765, 38.657056076621586 ], [ -121.485957075485501, 38.657916355798775 ] ] ] } },
{ "type": "Feature", "properties": { "id": "6_7", "growth_scenario": "low", "market_gravity_weight": 50 }, "geometry": { "type": "Polygon", "coordinates": [ [ [ -121.480818594049808, 38.636796760506748 ], [ -121.481936839803836, 38.636560398280615 ], [ -121.482244084576436, 38.637420685846998 ], [ -121.483362335264857, 38.637184310710012 ], [ -121.48366959943337, 38.638044594754859 ], [ -121.483976870833118, 38.638904878068828 ], [ -121.48285859581425, 38.639141258787227 ], [ -121.481740313564075, 38.639377629384875 ], [ -121.480622024082891, 38.639613989861779 ], [ -121.480314789179957, 38.638753698175947 ], [ -121.479196504634089, 38.638990045741551 ], [ -121.478889289127551, 38.638129750534802 ], [ -121.480007561507563, 38.637893405759506 ], [ -121.479700341065467, 38.637033112612379 ], [ -121.479393127853399, 38.636172818734394 ], [ -121.480511368672609, 38.635936469418972 ], [ -121.480818594049808, 38.636796760506748 ] ] ] } },
{ "type": "Feature", "properties": { "id": "6_8", "growth_scenario": "low", "market_gravity_weight": 50 }, "geometry": { "type": "Polygon", "coordinates": [ [ [ -121.489116413097605, 38.660024344123173 ], [ -121.490234987394359, 38.659787906514921 ], [ -121.490542427485252, 38.660648174406077 ], [ -121.490849874813676, 38.661508441570852 ], [ -121.491157329379817, 38.662368708009531 ], [ -121.490038718567547, 38.662605153998854 ], [ -121.49034616819938, 38.663465422505503 ], [ -121.489227537976774, 38.663701861165585 ], [ -121.488920100517518, 38.66284158986511 ], [ -121.487801475229986, 38.663078015608157 ], [ -121.487494057180811, 38.662217740788321 ], [ -121.487186646368698, 38.661357465242702 ], [ -121.488305247311317, 38.661121045086745 ], [ -121.487997831563874, 38.660260771608584 ], [ -121.487690423053181, 38.659400497404114 ], [ -121.488808992415315, 38.659164072712066 ], [ -121.489116413097605, 38.660024344123173 ] ] ] } },
{ "type": "Feature", "properties": { "id": "6_9", "growth_scenario": "low", "market_gravity_weight": 50 }, "geometry": { "type": "Polygon", "coordinates": [ [ [ -121.928719237639342, 37.432187530295181 ], [ -121.929026672034851, 37.433046841252569 ], [ -121.929334113539099, 37.43390615119565 ], [ -121.929641562152284, 37.434765460124567 ], [ -121.929949017874662, 37.435624768039538 ], [ -121.93025648070649, 37.436484074940623 ], [ -121.929157731292719, 37.436724533060882 ], [ -121.928058974769513, 37.436964981227469 ], [ -121.927751535355171, 37.436105668898186 ], [ -121.927444103049837, 37.435246355555279 ], [ -121.927136677853213, 37.434387041198669 ], [ -121.926829259765114, 37.433527725828107 ], [ -121.927927969454231, 37.433287288516951 ], [ -121.927620546766434, 37.432427974845922 ], [ -121.927313131186878, 37.431568660160544 ], [ -121.928411810352287, 37.43132821832333 ], [ -121.928719237639342, 37.432187530295181 ] ] ] } },
{ "type": "Feature", "properties": { "id": "8_0", "growth_scenario": "low", "market_gravity_weight": 50 }, "geometry": { "type": "Polygon", "coordinates": [ [ [ -104.784177880840019, 38.984646204790245 ], [ -104.784285434214183, 38.985534595497938 ], [ -104.784392990214641, 38.986422986233904 ], [ -104.784500548841493, 38.987311376998456 ], [ -104.783340249844727, 38.987393725664859 ], [ -104.783447797053043, 38.988282117474924 ], [ -104.782287481385026, 38.988364456312219 ], [ -104.78217994822181, 38.987476063485516 ], [ -104.781019643973082, 38.987558390460428 ], [ -104.780912127480534, 38.986669996646128 ], [ -104.78080461361337, 38.985781602860513 ], [ -104.781964889772709, 38.985699277918442 ], [ -104.781857364486626, 38.98481088517768 ], [ -104.783017623976249, 38.984728550406622 ], [ -104.782910087271944, 38.983840158710564 ], [ -104.78407033009205, 38.983757814110739 ], [ -104.784177880840019, 38.984646204790245 ] ] ] } },
{ "type": "Feature", "properties": { "id": "8_1", "growth_scenario": "low", "market_gravity_weight": 50 }, "geometry": { "type": "Polygon", "coordinates": [ [ [ -104.78355534688761, 38.989170509314114 ], [ -104.784715673974745, 38.989088158614123 ], [ -104.785875998435188, 38.989005797068295 ], [ -104.785983578987356, 38.989894186902859 ], [ -104.784823240481316, 38.989976549465695 ], [ -104.784930809614679, 38.990864940346704 ], [ -104.783770454435853, 38.990947293080374 ], [ -104.783878012149714, 38.991835685008034 ], [ -104.782717640297903, 38.991918027912256 ], [ -104.782610096630492, 38.991029634967859 ], [ -104.781449736198951, 38.991111966009036 ], [ -104.781342209203927, 38.990223572077774 ], [ -104.78018186019284, 38.990305891256142 ], [ -104.780074349869565, 38.989417496337985 ], [ -104.781234684834686, 38.989335178176006 ], [ -104.782395017174153, 38.989252849168039 ], [ -104.782287481385026, 38.988364456312219 ], [ -104.783447797053043, 38.988282117474924 ], [ -104.78355534688761, 38.989170509314114 ] ] ] } },
{ "type": "Feature", "properties": { "id": "12_0", "growth_scenario": "low", "market_gravity_weight": 50 }, "geometry": { "type": "Polygon", "coordinates": [ [ [ -80.308063500278152, 25.963811204116467 ], [ -80.309039440404717, 25.963960933832439 ], [ -80.310015383871303, 25.964110654250849 ], [ -80.309852773469771, 25.965009217018856 ], [ -80.309690159728319, 25.965907777016508 ], [ -80.309527542646833, 25.966806334244012 ], [ -80.3085515699468, 25.96665661046957 ], [ -80.308714196772968, 25.965758054360766 ], [ -80.307738237157821, 25.965608322407327 ], [ -80.307575600587086, 25.966506877397304 ], [ -80.306599634567888, 25.966357135027319 ], [ -80.306762280883092, 25.965458581156195 ], [ -80.305786327948951, 25.965308830607423 ], [ -80.305948980667722, 25.964410275084855 ], [ -80.306924923857693, 25.964560024514764 ], [ -80.307087563491791, 25.963661465102902 ], [ -80.307250199785514, 25.962762902920367 ], [ -80.308226126827961, 25.962912640815222 ], [ -80.308063500278152, 25.963811204116467 ] ] ] } },
{ "type": "Feature", "properties": { "id": "12_1", "growth_scenario": "low", "market_gravity_weight": 50 }, "geometry": { "type": "Polygon", "coordinates": [ [ [ -80.307575600587086, 25.966506877397304 ], [ -80.307412960675862, 25.967405429617159 ], [ -80.307250317424007, 25.968303979067105 ], [ -80.306274331915304, 25.968154234459256 ], [ -80.305298349747503, 25.968004480553567 ], [ -80.304322370920801, 25.967854717350097 ], [ -80.303346395435383, 25.967704944848872 ], [ -80.303509077665993, 25.966806399875168 ], [ -80.303671756555232, 25.965907852131267 ], [ -80.30464771255177, 25.966057622394281 ], [ -80.304810378355612, 25.96515907076104 ], [ -80.305786327948951, 25.965308830607423 ], [ -80.306762280883092, 25.965458581156195 ], [ -80.306599634567888, 25.966357135027319 ], [ -80.307575600587086, 25.966506877397304 ] ] ] } },
{ "type": "Feature", "properties": { "id": "13_0", "growth_scenario": "low", "market_gravity_weight": 50 }, "geometry": { "type": "Polygon", "coordinates": [ [ [ -83.711216272205675, 33.60807638908468 ], [ -83.711076342384558, 33.608964166121595 ], [ -83.710936409394506, 33.609851941908289 ], [ -83.709860314143441, 33.609736491463615 ], [ -83.709720366005229, 33.610624264833369 ], [ -83.708644261944514, 33.610508803150978 ], [ -83.707568161053487, 33.610393331397638 ], [ -83.707708133149524, 33.609505560361818 ], [ -83.707848102075715, 33.608617788075847 ], [ -83.707988067832162, 33.607730014539477 ], [ -83.708128030418962, 33.606842239752488 ], [ -83.709204083396102, 33.606957706837996 ], [ -83.710280139542519, 33.607073163852952 ], [ -83.710140200911965, 33.607960940973605 ], [ -83.711216272205675, 33.60807638908468 ] ] ] } },
{ "type": "Feature", "properties": { "id": "13_1", "growth_scenario": "low", "market_gravity_weight": 50 }, "geometry": { "type": "Polygon", "coordinates": [ [ [ -84.888790666001782, 32.502296334086935 ], [ -84.888665839653555, 32.503186959699121 ], [ -84.888541010513407, 32.504077583866433 ], [ -84.888416178581281, 32.50496820658914 ], [ -84.887353397183404, 32.504863590094253 ], [ -84.887228550737689, 32.50575421035601 ], [ -84.886165760410762, 32.505649582866475 ], [ -84.885102972876538, 32.505544945398889 ], [ -84.885227842764976, 32.504654327170286 ], [ -84.884165069744924, 32.50454968074127 ], [ -84.884289948561474, 32.503659062084743 ], [ -84.88535270986057, 32.503763707497107 ], [ -84.886415473952425, 32.503868342931497 ], [ -84.886540326534458, 32.50297772079697 ], [ -84.887603081697918, 32.503082345236983 ], [ -84.887727919766874, 32.502191720641136 ], [ -84.887852755043795, 32.501301094600265 ], [ -84.888915489558201, 32.501405707029804 ], [ -84.888790666001782, 32.502296334086935 ] ] ] } },
{ "type": "Feature", "properties": { "id": "13_2", "growth_scenario": "low", "market_gravity_weight": 50 }, "geometry": { "type": "Polygon", "coordinates": [ [ [ -84.156080242130926, 33.927326055877344 ], [ -84.155944799503757, 33.928213986566455 ], [ -84.154863669721053, 33.928102741595225 ], [ -84.153782543020355, 33.927991486506663 ], [ -84.15364707309881, 33.92887941374466 ], [ -84.153511600094916, 33.929767339808222 ], [ -84.152430452263886, 33.929656072325386 ], [ -84.151349307515559, 33.929544794725068 ], [ -84.151484804732206, 33.928656870938681 ], [ -84.151620298865978, 33.927768945977832 ], [ -84.151755789916933, 33.926881019842348 ], [ -84.15283689834709, 33.926992294026874 ], [ -84.152972374209838, 33.926104365578126 ], [ -84.154053473616756, 33.926215628507059 ], [ -84.155134576105723, 33.926326881318907 ], [ -84.154999124454349, 33.927214812044362 ], [ -84.156080242130926, 33.927326055877344 ] ] ] } },
{ "type": "Feature", "properties": { "id": "13_3", "growth_scenario": "low", "market_gravity_weight": 50 }, "geometry": { "type": "Polygon", "coordinates": [ [ [ -84.555989754005623, 33.761322960336024 ], [ -84.55585913984514, 33.762211544492729 ], [ -84.554779745085412, 33.762104013667461 ], [ -84.553700353293038, 33.761996472734211 ], [ -84.553569712004673, 33.762885053503545 ], [ -84.55249031109966, 33.762777501367985 ], [ -84.552359654763066, 33.763666079844022 ], [ -84.551280244745641, 33.763558516505981 ], [ -84.550200837696579, 33.763450943059894 ], [ -84.5503315181939, 33.762562366772968 ], [ -84.550462195722716, 33.761673789287002 ], [ -84.551541578611406, 33.761781360543971 ], [ -84.552620964468289, 33.761888921693028 ], [ -84.552751614868995, 33.76100034081901 ], [ -84.552882262301935, 33.760111758745616 ], [ -84.553961626967009, 33.760219307598248 ], [ -84.55504099459948, 33.760326846343098 ], [ -84.554910371326059, 33.761215430604892 ], [ -84.555989754005623, 33.761322960336024 ] ] ] } },
{ "type": "Feature", "properties": { "id": "13_4", "growth_scenario": "low", "market_gravity_weight": 50 }, "geometry": { "type": "Polygon", "coordinates": [ [ [ -84.51297952906522, 34.082456931150823 ], [ -84.512847885920664, 34.08334509854442 ], [ -84.513931674107951, 34.083452976701807 ], [ -84.514063305075126, 34.082564808197532 ], [ -84.515147084087275, 34.082672675100874 ], [ -84.51501546529758, 34.083560844715649 ], [ -84.5148838435058, 34.084449013196433 ], [ -84.513800040138406, 34.084341144071963 ], [ -84.512716239773482, 34.08423326480392 ], [ -84.512584590623575, 34.085121429929416 ], [ -84.51245293847083, 34.086009593921162 ], [ -84.511369116752718, 34.085901702287835 ], [ -84.511500781083541, 34.085013539406965 ], [ -84.511632442411283, 34.084125375392318 ], [ -84.511764100736002, 34.08323721024361 ], [ -84.511895756057825, 34.082349043960804 ], [ -84.512027408376866, 34.081460876543588 ], [ -84.510943650549194, 34.081352980321014 ], [ -84.511075312042166, 34.080464812880045 ], [ -84.512159057693211, 34.08057270799187 ], [ -84.513242806346852, 34.08068059296054 ], [ -84.513111169207235, 34.081568762622943 ], [ -84.51297952906522, 34.082456931150823 ] ] ] } },
{ "type": "Feature", "properties": { "id": "13_5", "growth_scenario": "low", "market_gravity_weight": 50 }, "geometry": { "type": "Polygon", "coordinates": [ [ [ -84.357712108106227, 33.805424183817031 ], [ -84.358791827580788, 33.805533550756017 ], [ -84.358658898788462, 33.806421857812005 ], [ -84.358525966975535, 33.807310163673478 ], [ -84.35839303214189, 33.808198468340606 ], [ -84.357313276422289, 33.808089098058502 ], [ -84.356233523723787, 33.807979717667799 ], [ -84.356100561704991, 33.808868018911731 ], [ -84.355020799945834, 33.808758627297813 ], [ -84.355153774046627, 33.807870327168608 ], [ -84.355286745125809, 33.806982025845073 ], [ -84.35541971318348, 33.806093723327038 ], [ -84.356499438697426, 33.806203111597043 ], [ -84.356632391652468, 33.805314806769807 ], [ -84.356765341586467, 33.804426500747773 ], [ -84.357845045959195, 33.804535876680632 ], [ -84.357712108106227, 33.805424183817031 ] ] ] } },
{ "type": "Feature", "properties": { "id": "13_6", "growth_scenario": "low", "market_gravity_weight": 50 }, "geometry": { "type": "Polygon", "coordinates": [ [ [ -84.031512227416542, 33.909027486391238 ], [ -84.032592916371257, 33.909139886555465 ], [ -84.032456100901598, 33.910027692791928 ], [ -84.031375399854468, 33.909915291478619 ], [ -84.031238569180402, 33.91080309538485 ], [ -84.030157859152681, 33.910690682809957 ], [ -84.029077152237306, 33.910578260122776 ], [ -84.027996448434564, 33.910465827323208 ], [ -84.02691574774471, 33.910353384411408 ], [ -84.025835050168013, 33.910240931387385 ], [ -84.024754355704758, 33.91012846825118 ], [ -84.024891258932726, 33.909240671242067 ], [ -84.025971941303936, 33.909353133228507 ], [ -84.027052626788461, 33.909465585102879 ], [ -84.028133315386057, 33.909578026865105 ], [ -84.029214007096428, 33.909690458515151 ], [ -84.029350858843017, 33.908802655726348 ], [ -84.030431541573705, 33.908915076114859 ], [ -84.030568378115959, 33.908027270995284 ], [ -84.031649051866736, 33.908139680122524 ], [ -84.031512227416542, 33.909027486391238 ] ] ] } },
{ "type": "Feature", "properties": { "id": "13_7", "growth_scenario": "low", "market_gravity_weight": 50 }, "geometry": { "type": "Polygon", "coordinates": [ [ [ -84.551297693587458, 33.681510273505729 ], [ -84.552375972810609, 33.681617848525839 ], [ -84.552245450574731, 33.682506523621839 ], [ -84.551167159296199, 33.682398947510357 ], [ -84.551036622042716, 33.683287620299673 ], [ -84.549958321670871, 33.683180032997775 ], [ -84.548880024261635, 33.683072435596891 ], [ -84.547801729815262, 33.682964828097013 ], [ -84.547932303235086, 33.682076158582525 ], [ -84.546854023807086, 33.681968542075502 ], [ -84.546984606318858, 33.681079872437259 ], [ -84.548062873691876, 33.681187487852476 ], [ -84.548193441185745, 33.680298815906781 ], [ -84.549271699466871, 33.680406420131732 ], [ -84.550349960710577, 33.680514014257966 ], [ -84.550219417326446, 33.681402688386747 ], [ -84.551297693587458, 33.681510273505729 ] ] ] } },
{ "type": "Feature", "properties": { "id": "13_8", "growth_scenario": "low", "market_gravity_weight": 50 }, "geometry": { "type": "Polygon", "coordinates": [ [ [ -84.551558753283658, 33.679732921849606 ], [ -84.552637008396843, 33.679840494687163 ], [ -84.552506492084618, 33.680729172214363 ], [ -84.553584762214413, 33.680836736044391 ], [ -84.553454254995629, 33.681725413447097 ], [ -84.554532540142262, 33.68183296826939 ], [ -84.554402042017458, 33.682721645547822 ], [ -84.553323744815245, 33.682614089634335 ], [ -84.553193231673148, 33.683502764606338 ], [ -84.55306271556924, 33.684391438363221 ], [ -84.551984397216984, 33.684283870168095 ], [ -84.552114925376898, 33.683395197502534 ], [ -84.552245450574731, 33.682506523621839 ], [ -84.552375972810609, 33.681617848525839 ], [ -84.551297693587458, 33.681510273505729 ], [ -84.551428224916577, 33.680621598285526 ], [ -84.550349960710577, 33.680514014257966 ], [ -84.549271699466871, 33.680406420131732 ], [ -84.549402251943363, 33.679517745878613 ], [ -84.550480501132398, 33.679625338913418 ], [ -84.550611038592038, 33.678736662352911 ], [ -84.551689278688812, 33.678844244197848 ], [ -84.551558753283658, 33.679732921849606 ] ] ] } },
{ "type": "Feature", "properties": { "id": "17_0", "growth_scenario": "low", "market_gravity_weight": 50 }, "geometry": { "type": "Polygon", "coordinates": [ [ [ -88.424304706402609, 41.691242030663943 ], [ -88.423098332929385, 41.691170862259725 ], [ -88.423001944535315, 41.692061670053846 ], [ -88.421795558292871, 41.691990489375961 ], [ -88.420589174498019, 41.691919297395181 ], [ -88.420685593324677, 41.691028491543101 ], [ -88.419479227193946, 41.69095728923083 ], [ -88.419575658788489, 41.690066485120717 ], [ -88.419672087934856, 41.689175681781194 ], [ -88.42087842363442, 41.689246882151075 ], [ -88.422084761781676, 41.689318071218651 ], [ -88.423291102376254, 41.689389248983851 ], [ -88.424497445417771, 41.68946041544659 ], [ -88.42440107713351, 41.690351222669904 ], [ -88.424304706402609, 41.691242030663943 ] ] ] } },
{ "type": "Feature", "properties": { "id": "17_1", "growth_scenario": "low", "market_gravity_weight": 50 }, "geometry": { "type": "Polygon", "coordinates": [ [ [ -87.975882642441519, 42.309044161147206 ], [ -87.975779671675625, 42.309935270364974 ], [ -87.975676698273205, 42.310826380522897 ], [ -87.975573722234145, 42.311717491621302 ], [ -87.975470743558361, 42.312608603660422 ], [ -87.974254069382468, 42.312533173771925 ], [ -87.973037397843783, 42.312457732482201 ], [ -87.973140407449094, 42.311566622547758 ], [ -87.973243414416899, 42.310675513553868 ], [ -87.972026776444665, 42.310600062968042 ], [ -87.972129796238889, 42.309708955967025 ], [ -87.973346418747283, 42.309784405500402 ], [ -87.973449420440375, 42.308893298387005 ], [ -87.974666030122521, 42.308968735467431 ], [ -87.974769013715246, 42.308077628241683 ], [ -87.975985610570987, 42.308153052869393 ], [ -87.975882642441519, 42.309044161147206 ] ] ] } },
{ "type": "Feature", "properties": { "id": "17_10", "growth_scenario": "low", "market_gravity_weight": 50 }, "geometry": { "type": "Polygon", "coordinates": [ [ [ -88.382553825394083, 42.153291483532328 ], [ -88.382456280111356, 42.154182732668517 ], [ -88.382358732335703, 42.155073982708011 ], [ -88.38357309010334, 42.155145570994712 ], [ -88.383475555252133, 42.156036822931149 ], [ -88.38226118206704, 42.155965233651187 ], [ -88.382163629305282, 42.156856485498167 ], [ -88.380949243195573, 42.156784883842285 ], [ -88.381046811375072, 42.155893632988743 ], [ -88.379832443176596, 42.155822020943852 ], [ -88.379930024279844, 42.154930771987715 ], [ -88.378715673992403, 42.154859149554206 ], [ -88.378813268018632, 42.15396790249531 ], [ -88.380027602889314, 42.154039523935111 ], [ -88.380125179005091, 42.153148276785771 ], [ -88.38133950095299, 42.153219885850021 ], [ -88.381437059159069, 42.152328638610278 ], [ -88.382651368184, 42.15240023529924 ], [ -88.382553825394083, 42.153291483532328 ] ] ] } },
{ "type": "Feature", "properties": { "id": "17_2", "growth_scenario": "low", "market_gravity_weight": 50 }, "geometry": { "type": "Polygon", "coordinates": [ [ [ -87.975264778296207, 42.314390830561855 ], [ -87.975161791709638, 42.315281945424651 ], [ -87.973945071136953, 42.315206512379135 ], [ -87.973842066446849, 42.316097627131306 ], [ -87.9726253330454, 42.316022181631503 ], [ -87.972728353201774, 42.315131067931958 ], [ -87.971511637904527, 42.3150556120831 ], [ -87.971614670888755, 42.314164500377927 ], [ -87.970397973695484, 42.314089034180327 ], [ -87.970501019506813, 42.313197924469335 ], [ -87.97171770123478, 42.313273389614096 ], [ -87.972934385600851, 42.313348843357538 ], [ -87.973037397843783, 42.312457732482201 ], [ -87.974254069382468, 42.312533173771925 ], [ -87.975470743558361, 42.312608603660422 ], [ -87.975367762245753, 42.313499716640507 ], [ -87.975264778296207, 42.314390830561855 ] ] ] } },
{ "type": "Feature", "properties": { "id": "17_3", "growth_scenario": "low", "market_gravity_weight": 50 }, "geometry": { "type": "Polygon", "coordinates": [ [ [ -88.265613907188026, 41.8198694123178 ], [ -88.266822335389904, 41.81994206696718 ], [ -88.26803076609815, 41.820014710294899 ], [ -88.267932228436422, 41.820905525366001 ], [ -88.269140676914986, 41.820978158367474 ], [ -88.269042152011963, 41.821868975238722 ], [ -88.267833688268666, 41.82179634124185 ], [ -88.266625227031511, 41.821723695923097 ], [ -88.265416768300895, 41.821651039282393 ], [ -88.264208312077187, 41.821578371319831 ], [ -88.264109723608456, 41.822469185013418 ], [ -88.262901254627295, 41.822396504732957 ], [ -88.262999858360772, 41.821505692035451 ], [ -88.263098459586573, 41.820614880142649 ], [ -88.264306898038612, 41.820687558431061 ], [ -88.264405481492844, 41.81979674634686 ], [ -88.264504062439968, 41.818905935066937 ], [ -88.265712472871456, 41.818978600042151 ], [ -88.265613907188026, 41.8198694123178 ] ] ] } },
{ "type": "Feature", "properties": { "id": "17_4", "growth_scenario": "low", "market_gravity_weight": 50 }, "geometry": { "type": "Polygon", "coordinates": [ [ [ -87.884539931769638, 42.304246631096127 ], [ -87.885756363366681, 42.304322901374945 ], [ -87.885652245899422, 42.305213933255693 ], [ -87.885548125766661, 42.306104966073264 ], [ -87.885444002968299, 42.306995999827869 ], [ -87.88422752500054, 42.306919726358061 ], [ -87.884123384078791, 42.307810759986239 ], [ -87.882906893319529, 42.307734474054264 ], [ -87.883011049698851, 42.306843441489967 ], [ -87.881794577063644, 42.306767145223816 ], [ -87.881898746233588, 42.305876114660769 ], [ -87.882002912736766, 42.304985085034652 ], [ -87.883219354458177, 42.305061379172891 ], [ -87.88332350283838, 42.304170349419472 ], [ -87.883427648552413, 42.303279320602542 ], [ -87.884644062027647, 42.303355601215436 ], [ -87.884539931769638, 42.304246631096127 ] ] ] } },
{ "type": "Feature", "properties": { "id": "17_5", "growth_scenario": "low", "market_gravity_weight": 50 }, "geometry": { "type": "Polygon", "coordinates": [ [ [ -88.267117979130205, 41.81726962956553 ], [ -88.26701943372295, 41.818160441228784 ], [ -88.268227833903808, 41.81823308256569 ], [ -88.268129301253907, 41.819123896028181 ], [ -88.266920885809554, 41.819051253695861 ], [ -88.265712472871456, 41.818978600042151 ], [ -88.264504062439968, 41.818905935066937 ], [ -88.264405481492844, 41.81979674634686 ], [ -88.263197058304783, 41.819724069054388 ], [ -88.263295654515503, 41.818833258770361 ], [ -88.26339424821883, 41.817942449290314 ], [ -88.263492839414852, 41.817051640614061 ], [ -88.26359142810368, 41.816160832741275 ], [ -88.264799790239664, 41.81623350605048 ], [ -88.266008154882357, 41.816306168038679 ], [ -88.265909596718529, 41.817196977902832 ], [ -88.267117979130205, 41.81726962956553 ] ] ] } },
{ "type": "Feature", "properties": { "id": "17_6", "growth_scenario": "low", "market_gravity_weight": 50 }, "geometry": { "type": "Polygon", "coordinates": [ [ [ -88.482059089595651, 41.684774850028148 ], [ -88.481963458406696, 41.685665695761394 ], [ -88.480757122535948, 41.685595068261335 ], [ -88.480661473702142, 41.686485913801867 ], [ -88.47945512504279, 41.686415274035447 ], [ -88.47955078909348, 41.685524429458361 ], [ -88.479646450715535, 41.68463358565171 ], [ -88.478440134918117, 41.684562936509387 ], [ -88.477233821549632, 41.684492276064312 ], [ -88.477329511175071, 41.683601434955015 ], [ -88.477425198371279, 41.682710594615578 ], [ -88.47863148130827, 41.682781253133378 ], [ -88.478535809327624, 41.683672094436439 ], [ -88.479742109909012, 41.683742742615294 ], [ -88.479837766674024, 41.682851900348801 ], [ -88.481044054468157, 41.682922536261785 ], [ -88.482250344690272, 41.682993160872243 ], [ -88.48215471835681, 41.683884005065174 ], [ -88.482059089595651, 41.684774850028148 ] ] ] } },
{ "type": "Feature", "properties": { "id": "17_7", "growth_scenario": "low", "market_gravity_weight": 50 }, "geometry": { "type": "Polygon", "coordinates": [ [ [ -88.484280534248825, 41.686697765282403 ], [ -88.484184928638996, 41.687588614483168 ], [ -88.482978557478177, 41.687518007663058 ], [ -88.482882934223099, 41.688408856671941 ], [ -88.481676550272141, 41.688338237585377 ], [ -88.480470168749349, 41.688267607195378 ], [ -88.479263789655107, 41.68819696550193 ], [ -88.479359458563366, 41.687306119383202 ], [ -88.478153097115595, 41.687235467350149 ], [ -88.478248778812201, 41.686344622965983 ], [ -88.47945512504279, 41.686415274035447 ], [ -88.480661473702142, 41.686485913801867 ], [ -88.480757122535948, 41.685595068261335 ], [ -88.481963458406696, 41.685665695761394 ], [ -88.483169796705312, 41.685736311958436 ], [ -88.483074178305543, 41.68662715942537 ], [ -88.484280534248825, 41.686697765282403 ] ] ] } },
{ "type": "Feature", "properties": { "id": "17_8", "growth_scenario": "low", "market_gravity_weight": 50 }, "geometry": { "type": "Polygon", "coordinates": [ [ [ -88.485582480584711, 41.685877510443504 ], [ -88.486788826164684, 41.685948092731408 ], [ -88.486693253416661, 41.686838943086805 ], [ -88.487899616640433, 41.68690951503411 ], [ -88.487804056683771, 41.68780036712301 ], [ -88.486597678242163, 41.687729794213162 ], [ -88.486502100641118, 41.688620646110728 ], [ -88.485295709407978, 41.688550060934666 ], [ -88.485200114161813, 41.68944091264089 ], [ -88.483993710137284, 41.689370315198317 ], [ -88.484089320601839, 41.688479464455057 ], [ -88.482882934223099, 41.688408856671941 ], [ -88.482978557478177, 41.687518007663058 ], [ -88.484184928638996, 41.687588614483168 ], [ -88.484280534248825, 41.686697765282403 ], [ -88.484376137431454, 41.685806916852485 ], [ -88.48447173818694, 41.684916069193235 ], [ -88.485678066123342, 41.684986661821455 ], [ -88.485582480584711, 41.685877510443504 ] ] ] } },
{ "type": "Feature", "properties": { "id": "17_9", "growth_scenario": "low", "market_gravity_weight": 50 }, "geometry": { "type": "Polygon", "coordinates": [ [ [ -88.485869229920752, 41.683204966888326 ], [ -88.485773649235327, 41.684095813969826 ], [ -88.485678066123342, 41.684986661821455 ], [ -88.48447173818694, 41.684916069193235 ], [ -88.484376137431454, 41.685806916852485 ], [ -88.483169796705312, 41.685736311958436 ], [ -88.483265412677596, 41.684845465262114 ], [ -88.482059089595651, 41.684774850028148 ], [ -88.48215471835681, 41.683884005065174 ], [ -88.482250344690272, 41.682993160872243 ], [ -88.481044054468157, 41.682922536261785 ], [ -88.481139693589441, 41.682031693801711 ], [ -88.482345968596107, 41.682102317449093 ], [ -88.483552246030314, 41.682172929794049 ], [ -88.484758525891621, 41.682243530836651 ], [ -88.484662932416953, 41.683134376185556 ], [ -88.485869229920752, 41.683204966888326 ] ] ] } },
{ "type": "Feature", "properties": { "id": "19_0", "growth_scenario": "low", "market_gravity_weight": 50 }, "geometry": { "type": "Polygon", "coordinates": [ [ [ -93.611207765117783, 41.886643923836679 ], [ -93.612420979002806, 41.886666383633134 ], [ -93.612390491851599, 41.887559939988911 ], [ -93.613603721993584, 41.887582388687939 ], [ -93.613573249542938, 41.88847594625048 ], [ -93.613542776314219, 41.889369504710672 ], [ -93.612329515213872, 41.88934705539301 ], [ -93.612299025727282, 41.89024061444173 ], [ -93.611085749925678, 41.890218153407289 ], [ -93.611116254892011, 41.889324594668047 ], [ -93.609902995349046, 41.889302122535916 ], [ -93.609933515015783, 41.888408565004212 ], [ -93.609964033903296, 41.887515008370123 ], [ -93.609994552011585, 41.88662145263342 ], [ -93.610025069340679, 41.885727897793863 ], [ -93.611238266968755, 41.885750368687489 ], [ -93.611207765117783, 41.886643923836679 ] ] ] } },
{ "type": "Feature", "properties": { "id": "19_1", "growth_scenario": "low", "market_gravity_weight": 50 }, "geometry": { "type": "Polygon", "coordinates": [ [ [ -93.614756038192667, 41.889391942621145 ], [ -93.614725579665659, 41.890285502288428 ], [ -93.615938857801623, 41.890307929100658 ], [ -93.61590841397711, 41.891201489975224 ], [ -93.614695120360906, 41.891179062853958 ], [ -93.614664660278407, 41.892072624317947 ], [ -93.613451351959384, 41.892050185479853 ], [ -93.612238044418532, 41.892027735234088 ], [ -93.611024737656265, 41.892005273580615 ], [ -93.611055244180449, 41.891111713044737 ], [ -93.611085749925678, 41.890218153407289 ], [ -93.612299025727282, 41.89024061444173 ], [ -93.612329515213872, 41.88934705539301 ], [ -93.613542776314219, 41.889369504710672 ], [ -93.613573249542938, 41.88847594625048 ], [ -93.614786495941985, 41.888498383851754 ], [ -93.614756038192667, 41.889391942621145 ] ] ] } },
{ "type": "Feature", "properties": { "id": "19_2", "growth_scenario": "low", "market_gravity_weight": 50 }, "geometry": { "type": "Polygon", "coordinates": [ [ [ -93.523364106380455, 41.55600300354677 ], [ -93.523332631033128, 41.556896221357682 ], [ -93.523301154885942, 41.557789439970421 ], [ -93.524508665737883, 41.557812718111286 ], [ -93.524477204123443, 41.558705937842973 ], [ -93.523269677938842, 41.558682659385184 ], [ -93.522062152554156, 41.558659369578372 ], [ -93.52203065947414, 41.559552589478372 ], [ -93.520823119556795, 41.559529288005336 ], [ -93.520854627969783, 41.558636068422516 ], [ -93.520886135582089, 41.557742849641976 ], [ -93.519678627130986, 41.557719537454545 ], [ -93.519710149274772, 41.556826319793359 ], [ -93.520917642393712, 41.556849631663489 ], [ -93.520949148404696, 41.555956414486765 ], [ -93.522156626992469, 41.555979714691034 ], [ -93.522188116871419, 41.55508649799863 ], [ -93.523395580927968, 41.555109786537336 ], [ -93.523364106380455, 41.55600300354677 ] ] ] } },
{ "type": "Feature", "properties": { "id": "19_3", "growth_scenario": "low", "market_gravity_weight": 50 }, "geometry": { "type": "Polygon", "coordinates": [ [ [ -93.525936278988169, 41.551583467008307 ], [ -93.527143684120674, 41.551606720235768 ], [ -93.52711225876206, 41.55249993499153 ], [ -93.528319680023102, 41.552523177187538 ], [ -93.528288269196352, 41.553416393060161 ], [ -93.527080832604909, 41.553393150547826 ], [ -93.52704940564918, 41.554286366904925 ], [ -93.525841954525561, 41.554263112727945 ], [ -93.525873396812045, 41.553369896687343 ], [ -93.524665961818144, 41.553346631478767 ], [ -93.523458527623603, 41.553323354922064 ], [ -93.522251094228778, 41.553300067017283 ], [ -93.522282581707245, 41.552406852727884 ], [ -93.523489999771769, 41.552430140315693 ], [ -93.523521471120247, 41.551536926509854 ], [ -93.524728874654556, 41.551560202433024 ], [ -93.524760329873814, 41.550666989110653 ], [ -93.525967718877851, 41.550690253369361 ], [ -93.525936278988169, 41.551583467008307 ] ] ] } },
{ "type": "Feature", "properties": { "id": "19_4", "growth_scenario": "low", "market_gravity_weight": 50 }, "geometry": { "type": "Polygon", "coordinates": [ [ [ -93.522251094228778, 41.553300067017283 ], [ -93.523458527623603, 41.553323354922064 ], [ -93.523427054675665, 41.554216570329196 ], [ -93.523395580927968, 41.555109786537336 ], [ -93.522188116871419, 41.55508649799863 ], [ -93.522156626992469, 41.555979714691034 ], [ -93.520949148404696, 41.555956414486765 ], [ -93.519741670617535, 41.555933102933942 ], [ -93.519773191159302, 41.555039886875932 ], [ -93.518565729504502, 41.555016564292089 ], [ -93.518597264576272, 41.554123349352807 ], [ -93.519804710900104, 41.554146671619229 ], [ -93.519836229839939, 41.55325345716345 ], [ -93.52104366163411, 41.553276767764373 ], [ -93.521075164442834, 41.55238355379214 ], [ -93.522282581707245, 41.552406852727884 ], [ -93.522251094228778, 41.553300067017283 ] ] ] } },
{ "type": "Feature", "properties": { "id": "19_5", "growth_scenario": "low", "market_gravity_weight": 50 }, "geometry": { "type": "Polygon", "coordinates": [ [ [ -93.499786769776406, 41.67532676696667 ], [ -93.499754940833014, 41.676220089364314 ], [ -93.500964481438274, 41.676243591689762 ], [ -93.500932667068696, 41.677136915244418 ], [ -93.500900851889256, 41.67803023963512 ], [ -93.49969128051552, 41.678006736666944 ], [ -93.499659449141362, 41.678900061572492 ], [ -93.49844986319313, 41.678876546913351 ], [ -93.498481709952074, 41.677983222329296 ], [ -93.4972721401993, 41.677959696622054 ], [ -93.49730400153193, 41.67706637319592 ], [ -93.496094447974556, 41.677042836440975 ], [ -93.496126323880119, 41.676149514172565 ], [ -93.497335862053546, 41.676173050605712 ], [ -93.498545401037973, 41.676196575669614 ], [ -93.498577245364999, 41.67530325359342 ], [ -93.498609088881437, 41.674409932352745 ], [ -93.499818597909623, 41.674433445404532 ], [ -93.499786769776406, 41.67532676696667 ] ] ] } },
{ "type": "Feature", "properties": { "id": "19_6", "growth_scenario": "low", "market_gravity_weight": 50 }, "geometry": { "type": "Polygon", "coordinates": [ [ [ -93.497367721764149, 41.675279728851159 ], [ -93.497335862053546, 41.676173050605712 ], [ -93.496126323880119, 41.676149514172565 ], [ -93.496094447974556, 41.677042836440975 ], [ -93.496062571257596, 41.677936159545361 ], [ -93.494853003127332, 41.677912611099146 ], [ -93.493643435808934, 41.677889051283408 ], [ -93.493675343294484, 41.676995728823094 ], [ -93.492465792172553, 41.676972157960208 ], [ -93.492497714229742, 41.676078836658093 ], [ -93.493707249967827, 41.676102407198726 ], [ -93.493739155829019, 41.675209086410035 ], [ -93.493771060878046, 41.674315766456658 ], [ -93.494980566661695, 41.67433932498399 ], [ -93.496190073257083, 41.674362872142453 ], [ -93.496158198974271, 41.675256192739802 ], [ -93.497367721764149, 41.675279728851159 ] ] ] } },
{ "type": "Feature", "properties": { "id": "19_7", "growth_scenario": "low", "market_gravity_weight": 50 }, "geometry": { "type": "Polygon", "coordinates": [ [ [ -93.715288114157573, 41.524703337617446 ], [ -93.716495118010883, 41.524724810507834 ], [ -93.716466109563186, 41.525618045604126 ], [ -93.715259090388528, 41.525596572421776 ], [ -93.71523006588221, 41.52648980802018 ], [ -93.714023032123151, 41.526468323201179 ], [ -93.714052071951144, 41.525575087894886 ], [ -93.712845054251417, 41.525553592023513 ], [ -93.711638037289745, 41.525532084807551 ], [ -93.711667107022592, 41.524638850880095 ], [ -93.711696176017043, 41.523745617746407 ], [ -93.712903162336616, 41.52376712437745 ], [ -93.712932215272218, 41.522873891744972 ], [ -93.714139187009295, 41.522895386739563 ], [ -93.715346159483929, 41.522916870390056 ], [ -93.715317137189359, 41.523810103607012 ], [ -93.715288114157573, 41.524703337617446 ] ] ] } },
{ "type": "Feature", "properties": { "id": "19_8", "growth_scenario": "low", "market_gravity_weight": 50 }, "geometry": { "type": "Polygon", "coordinates": [ [ [ -93.79405517809019, 41.55468072953996 ], [ -93.795262720275815, 41.55470146270121 ], [ -93.795234700324542, 41.555594742293131 ], [ -93.795206679661163, 41.556488022688221 ], [ -93.793999106803966, 41.556467288962573 ], [ -93.792791534659287, 41.556446543886523 ], [ -93.791583963227481, 41.556425787460164 ], [ -93.791612029898715, 41.555532507912247 ], [ -93.791640095856721, 41.554639229167449 ], [ -93.791668161101484, 41.553745951225437 ], [ -93.791696225633032, 41.552852674086061 ], [ -93.792903735723428, 41.552873429382323 ], [ -93.794111246526612, 41.552894173328809 ], [ -93.794083212664617, 41.553787451033052 ], [ -93.79405517809019, 41.55468072953996 ] ] ] } },
{ "type": "Feature", "properties": { "id": "21_0", "growth_scenario": "low", "market_gravity_weight": 50 }, "geometry": { "type": "Polygon", "coordinates": [ [ [ -87.149561606582083, 36.819308775842934 ], [ -87.150688263877598, 36.819391772949395 ], [ -87.150583046032637, 36.820280448678176 ], [ -87.149456375496513, 36.820197450624541 ], [ -87.149351141915758, 36.821086124920079 ], [ -87.149245905839749, 36.821974798729748 ], [ -87.149140667268398, 36.822863472053648 ], [ -87.148013959503956, 36.822780460618837 ], [ -87.148119211316782, 36.821891788242311 ], [ -87.146992519289455, 36.821808767215508 ], [ -87.147097781847705, 36.820920095300679 ], [ -87.145971105557322, 36.820837064682173 ], [ -87.146076378860343, 36.81994839322892 ], [ -87.147203041910046, 36.820031422899902 ], [ -87.147308299476634, 36.819142750012972 ], [ -87.148434951781667, 36.819225768197441 ], [ -87.148540193612391, 36.818337093876785 ], [ -87.149666835172582, 36.818420100575061 ], [ -87.149561606582083, 36.819308775842934 ] ] ] } },
{ "type": "Feature", "properties": { "id": "21_1", "growth_scenario": "low", "market_gravity_weight": 50 }, "geometry": { "type": "Polygon", "coordinates": [ [ [ -87.152836394589201, 36.820446413167865 ], [ -87.153963072609002, 36.820529379603819 ], [ -87.155089753122738, 36.820612335500492 ], [ -87.156216436130094, 36.820695280857848 ], [ -87.156111281996317, 36.821583960834779 ], [ -87.15498458574757, 36.821501014530789 ], [ -87.154879415878668, 36.822389693075451 ], [ -87.153752708882038, 36.822306735285274 ], [ -87.153647523277428, 36.823195412397631 ], [ -87.152520805533086, 36.823112443121033 ], [ -87.151394090283276, 36.823029463304799 ], [ -87.151499302371434, 36.822140788086386 ], [ -87.151604511964862, 36.82125211238241 ], [ -87.151709719063646, 36.820363436192608 ], [ -87.151814923667885, 36.819474759516822 ], [ -87.152941585952618, 36.819557735545118 ], [ -87.152836394589201, 36.820446413167865 ] ] ] } },
{ "type": "Feature", "properties": { "id": "25_0", "growth_scenario": "low", "market_gravity_weight": 50 }, "geometry": { "type": "Polygon", "coordinates": [ [ [ -71.04120732591889, 42.503845200740251 ], [ -71.04088944164819, 42.504709052623582 ], [ -71.04057154946706, 42.505572904744184 ], [ -71.040253649375217, 42.506436757102335 ], [ -71.039071207371265, 42.506204502505113 ], [ -71.03788877327861, 42.505972237232925 ], [ -71.038206700667743, 42.505108391199933 ], [ -71.038524620145594, 42.504244545404212 ], [ -71.037342221260673, 42.504012275782436 ], [ -71.037660146475147, 42.503148433386151 ], [ -71.038842531712447, 42.503380699845394 ], [ -71.039160435368558, 42.502516854523456 ], [ -71.040342814868922, 42.50274910714603 ], [ -71.041525202279431, 42.502981349094 ], [ -71.042707597599801, 42.503213580367294 ], [ -71.042389734887479, 42.504077435175539 ], [ -71.04120732591889, 42.503845200740251 ] ] ] } },
{ "type": "Feature", "properties": { "id": "27_0", "growth_scenario": "low", "market_gravity_weight": 50 }, "geometry": { "type": "Polygon", "coordinates": [ [ [ -93.434785858169306, 44.784823115357348 ], [ -93.436051297161413, 44.784847351507018 ], [ -93.437316737062957, 44.784871575702105 ], [ -93.437282604230475, 44.785769454574798 ], [ -93.438548061879317, 44.785793667186802 ], [ -93.438513944976549, 44.786691548242942 ], [ -93.437248470488953, 44.786667335259487 ], [ -93.435982996910425, 44.786643110321016 ], [ -93.434717524241435, 44.786618873427543 ], [ -93.434683355912568, 44.787516755180881 ], [ -93.433417867314446, 44.787492505960415 ], [ -93.432152379626785, 44.787468244784819 ], [ -93.432186581633786, 44.786570363775795 ], [ -93.433452052482394, 44.786594624579152 ], [ -93.433486236739924, 44.785696745010142 ], [ -93.433520420087092, 44.784798867253073 ], [ -93.433554602523913, 44.783900991307576 ], [ -93.434820023768381, 44.783925239039789 ], [ -93.434785858169306, 44.784823115357348 ] ] ] } },
{ "type": "Feature", "properties": { "id": "29_0", "growth_scenario": "low", "market_gravity_weight": 50 }, "geometry": { "type": "Polygon", "coordinates": [ [ [ -94.583189144956663, 39.326491700016149 ], [ -94.583171691463306, 39.327383863760566 ], [ -94.583154237539944, 39.328276027711702 ], [ -94.583136783186589, 39.329168191869677 ], [ -94.583119328403214, 39.330060356234817 ], [ -94.581948671500882, 39.330047048185968 ], [ -94.58077801502894, 39.330033729147111 ], [ -94.580795498646765, 39.329141565116188 ], [ -94.579624857022765, 39.329128235254714 ], [ -94.579642354626714, 39.328236071598319 ], [ -94.580812981833859, 39.328249401292453 ], [ -94.580830464590235, 39.327357237675614 ], [ -94.580847946915924, 39.326465074265379 ], [ -94.582018545721141, 39.326478392635487 ], [ -94.582036013200337, 39.32558622926463 ], [ -94.583206598020055, 39.325599536478244 ], [ -94.583189144956663, 39.326491700016149 ] ] ] } },
{ "type": "Feature", "properties": { "id": "31_0", "growth_scenario": "low", "market_gravity_weight": 50 }, "geometry": { "type": "Polygon", "coordinates": [ [ [ -96.094660624769944, 41.124233176815359 ], [ -96.095861139176534, 41.124232281516676 ], [ -96.095862350165632, 41.12512544035598 ], [ -96.094661820593274, 41.125126335666643 ], [ -96.093461290990689, 41.125127219694257 ], [ -96.09346247167808, 41.126020379245716 ], [ -96.092261926879502, 41.126021252001983 ], [ -96.092260761358276, 41.1251280924388 ], [ -96.091060231696403, 41.125128953900294 ], [ -96.091059081370389, 41.124235795013902 ], [ -96.091057931073436, 41.123342636815593 ], [ -96.092258430404129, 41.123341775377213 ], [ -96.092257264971224, 41.12244861787822 ], [ -96.093457749107472, 41.122447745168756 ], [ -96.094658233213906, 41.122446861176698 ], [ -96.094659428976811, 41.123340018652144 ], [ -96.094660624769944, 41.124233176815359 ] ] ] } },
{ "type": "Feature", "properties": { "id": "31_1", "growth_scenario": "low", "market_gravity_weight": 50 }, "geometry": { "type": "Polygon", "coordinates": [ [ [ -96.143888957018504, 41.127759854675055 ], [ -96.143890774820974, 41.128653015665044 ], [ -96.142690186104673, 41.128654362369339 ], [ -96.142691988785458, 41.129547524066631 ], [ -96.141491384855982, 41.129548859505135 ], [ -96.1414931724143, 41.1304420219099 ], [ -96.140292553271635, 41.13044334608243 ], [ -96.140290780881315, 41.129550183659887 ], [ -96.139090176861885, 41.129551496530873 ], [ -96.139088419683986, 41.128658334780326 ], [ -96.139086662550511, 41.127765173719041 ], [ -96.140287236235054, 41.127763860883249 ], [ -96.140285463979097, 41.126870700528592 ], [ -96.141486022452, 41.126869376427123 ], [ -96.142686580879754, 41.1268680410423 ], [ -96.142688383469448, 41.127761201361281 ], [ -96.143888957018504, 41.127759854675055 ] ] ] } },
{ "type": "Feature", "properties": { "id": "31_2", "growth_scenario": "low", "market_gravity_weight": 50 }, "geometry": { "type": "Polygon", "coordinates": [ [ [ -96.044239555999738, 41.125153750118194 ], [ -96.04544008651115, 41.125153328695788 ], [ -96.045440660551634, 41.12604648859724 ], [ -96.04664120621473, 41.126046055886036 ], [ -96.046641795436287, 41.12693921647022 ], [ -96.045441234606614, 41.126939649187271 ], [ -96.045441808676088, 41.127832810466124 ], [ -96.044241232664945, 41.127833231905498 ], [ -96.044241791581612, 41.128726393879042 ], [ -96.044242350512377, 41.129619556542018 ], [ -96.043041744152063, 41.12961996670883 ], [ -96.043041200389013, 41.128726804040419 ], [ -96.043040656639704, 41.12783364206134 ], [ -96.043040112904123, 41.126940480771296 ], [ -96.043039569182298, 41.126047320170102 ], [ -96.043039025474201, 41.125154160257523 ], [ -96.043038481779831, 41.124261001033275 ], [ -96.044238997139558, 41.124260590899475 ], [ -96.044239555999738, 41.125153750118194 ] ] ] } },
{ "type": "Feature", "properties": { "id": "31_3", "growth_scenario": "low", "market_gravity_weight": 50 }, "geometry": { "type": "Polygon", "coordinates": [ [ [ -96.08985629661079, 41.122450329449357 ], [ -96.089857431713668, 41.123343486971244 ], [ -96.089858566845237, 41.124236645180957 ], [ -96.089859702005484, 41.125129804078774 ], [ -96.088659172285887, 41.125130642974163 ], [ -96.087458642537968, 41.125131470586524 ], [ -96.086258112762152, 41.125132286915814 ], [ -96.085057582958797, 41.125133091962098 ], [ -96.085056508461676, 41.124239933020235 ], [ -96.086257023099236, 41.124239127984744 ], [ -96.086255933463846, 41.123345969741806 ], [ -96.087456432908496, 41.123345153434343 ], [ -96.087455328135633, 41.122451995890152 ], [ -96.088655812387358, 41.122451168311038 ], [ -96.088654692477775, 41.12155801146546 ], [ -96.089855161536576, 41.121557172615077 ], [ -96.08985629661079, 41.122450329449357 ] ] ] } },
{ "type": "Feature", "properties": { "id": "31_4", "growth_scenario": "low", "market_gravity_weight": 50 }, "geometry": { "type": "Polygon", "coordinates": [ [ [ -96.142789401233316, 41.177779286225096 ], [ -96.142791206421862, 41.178672486217238 ], [ -96.141589767682149, 41.178673822641656 ], [ -96.141591557727224, 41.179567023354871 ], [ -96.140390103753148, 41.179568348504986 ], [ -96.140391878653986, 41.180461549939558 ], [ -96.139190409445533, 41.180462863815031 ], [ -96.139188649734194, 41.179569662362809 ], [ -96.13918689006735, 41.178676461614081 ], [ -96.139185130445, 41.177783261568621 ], [ -96.139183370867144, 41.176890062226136 ], [ -96.140384779319888, 41.176888748421248 ], [ -96.141586187727782, 41.17688742332458 ], [ -96.142787596090415, 41.176886086936044 ], [ -96.143989004407402, 41.17688473925574 ], [ -96.143990824738637, 41.177777938526724 ], [ -96.142789401233316, 41.177779286225096 ] ] ] } },
{ "type": "Feature", "properties": { "id": "31_5", "growth_scenario": "low", "market_gravity_weight": 50 }, "geometry": { "type": "Polygon", "coordinates": [ [ [ -96.089910813917655, 41.165322670676659 ], [ -96.089911950398346, 41.166215861495182 ], [ -96.089913086907771, 41.167109053013576 ], [ -96.089914223445916, 41.168002245231996 ], [ -96.088712965318223, 41.168003084667696 ], [ -96.087511707162193, 41.168003912813084 ], [ -96.086310448978196, 41.168004729668198 ], [ -96.085109190766602, 41.168005535232979 ], [ -96.085108114965209, 41.167112342970391 ], [ -96.086309357992604, 41.167111537416424 ], [ -96.086308267034582, 41.166218345864735 ], [ -96.087509494850593, 41.166217529031584 ], [ -96.087508388736737, 41.165324338190644 ], [ -96.088709601341378, 41.165323510078586 ], [ -96.088708480072455, 41.164430319948245 ], [ -96.089909677465698, 41.164429480557594 ], [ -96.089910813917655, 41.165322670676659 ] ] ] } },
{ "type": "Feature", "properties": { "id": "32_0", "growth_scenario": "low", "market_gravity_weight": 50 }, "geometry": { "type": "Polygon", "coordinates": [ [ [ -115.278424948470729, 36.117336486882706 ], [ -115.277326870635179, 36.117516379383211 ], [ -115.277552723288792, 36.118390989651026 ], [ -115.276454628082504, 36.118570873991622 ], [ -115.27668047380385, 36.119445485266034 ], [ -115.275582361226469, 36.119625361446523 ], [ -115.275356527657067, 36.118750748203489 ], [ -115.275130699306558, 36.117876133998614 ], [ -115.274032605814014, 36.118055996113419 ], [ -115.273806794833831, 36.117181378978245 ], [ -115.274904876174816, 36.117001518831714 ], [ -115.27467905826164, 36.116126902702646 ], [ -115.27577712223291, 36.115947034395937 ], [ -115.276875180985542, 36.115767155960818 ], [ -115.27797323451928, 36.11558726739743 ], [ -115.278199088885316, 36.11646187762129 ], [ -115.278424948470729, 36.117336486882706 ] ] ] } },
{ "type": "Feature", "properties": { "id": "32_1", "growth_scenario": "low", "market_gravity_weight": 50 }, "geometry": { "type": "Polygon", "coordinates": [ [ [ -115.240784941380909, 36.006815465561843 ], [ -115.241881502332092, 36.006635895181688 ], [ -115.242978058088326, 36.006456314684591 ], [ -115.243203183528024, 36.007331059315852 ], [ -115.242106615652148, 36.007510641770459 ], [ -115.242331734167351, 36.008385387375441 ], [ -115.242556857877872, 36.009260131996761 ], [ -115.242781986783868, 36.010134875634655 ], [ -115.241685377351828, 36.010314453844899 ], [ -115.241460260566413, 36.009439708249346 ], [ -115.240363658059735, 36.009619274384569 ], [ -115.240138558590075, 36.008744525848229 ], [ -115.239041963009086, 36.008924079908709 ], [ -115.238816880854671, 36.008049328431625 ], [ -115.239913464315222, 36.007869776328413 ], [ -115.239688375234991, 36.006995025824992 ], [ -115.23946329134921, 36.006120274337725 ], [ -115.240559845375387, 36.005940716031859 ], [ -115.240784941380909, 36.006815465561843 ] ] ] } },
{ "type": "Feature", "properties": { "id": "32_2", "growth_scenario": "low", "market_gravity_weight": 50 }, "geometry": { "type": "Polygon", "coordinates": [ [ [ -115.17291294934374, 36.000590672584977 ], [ -115.174009580742862, 36.000411726174654 ], [ -115.175106206965182, 36.000232769645244 ], [ -115.176202828010446, 36.000053802996895 ], [ -115.176427163944922, 36.000928677693373 ], [ -115.177523791937588, 36.000749698975362 ], [ -115.17862041475253, 36.000570710138504 ], [ -115.178844780114261, 36.001445579950797 ], [ -115.177748145174519, 36.001624570738542 ], [ -115.177972503589373, 36.00249944151939 ], [ -115.176875851346495, 36.002678424139027 ], [ -115.175779193925806, 36.002857396639449 ], [ -115.175554859761576, 36.00198252195699 ], [ -115.174458209288872, 36.0021614823875 ], [ -115.173361553639026, 36.002340432698794 ], [ -115.173137248903032, 36.001465553132974 ], [ -115.17291294934374, 36.000590672584977 ] ] ] } },
{ "type": "Feature", "properties": { "id": "32_3", "growth_scenario": "low", "market_gravity_weight": 50 }, "geometry": { "type": "Polygon", "coordinates": [ [ [ -115.020283814295965, 36.110125374137048 ], [ -115.020506674276632, 36.111000472291437 ], [ -115.019408079492763, 36.111177991243224 ], [ -115.018309479556535, 36.111355500056675 ], [ -115.017210874468205, 36.111532998731683 ], [ -115.016988051019496, 36.110657894747867 ], [ -115.015889452956984, 36.110835381341445 ], [ -115.015666646837374, 36.10996027446182 ], [ -115.016765232722463, 36.109782789811128 ], [ -115.016542419576922, 36.108907683921295 ], [ -115.017640988133536, 36.108730191075196 ], [ -115.018739551538587, 36.108552688090924 ], [ -115.019838109791777, 36.1083751749686 ], [ -115.020060959467727, 36.109250275029517 ], [ -115.020283814295965, 36.110125374137048 ] ] ] } },
{ "type": "Feature", "properties": { "id": "32_4", "growth_scenario": "low", "market_gravity_weight": 50 }, "geometry": { "type": "Polygon", "coordinates": [ [ [ -115.274032605814014, 36.118055996113419 ], [ -115.275130699306558, 36.117876133998614 ], [ -115.275356527657067, 36.118750748203489 ], [ -115.275582361226469, 36.119625361446523 ], [ -115.275808200015021, 36.120499973727924 ], [ -115.276034044022836, 36.121374585047768 ], [ -115.274935901921424, 36.121554455036602 ], [ -115.273837754600834, 36.121734314896408 ], [ -115.273611934898383, 36.120859699639368 ], [ -115.272513794511795, 36.121039547401573 ], [ -115.272287992180821, 36.120164929214809 ], [ -115.273386120414713, 36.119985083421 ], [ -115.273160311149624, 36.119110466241139 ], [ -115.27293450710296, 36.118235848099573 ], [ -115.272708708274536, 36.117361228996145 ], [ -115.273806794833831, 36.117181378978245 ], [ -115.274032605814014, 36.118055996113419 ] ] ] } },
{ "type": "Feature", "properties": { "id": "34_0", "growth_scenario": "low", "market_gravity_weight": 50 }, "geometry": { "type": "Polygon", "coordinates": [ [ [ -74.355821287211967, 40.607981012228009 ], [ -74.355552184974087, 40.608850758851233 ], [ -74.355283076160745, 40.609720505422189 ], [ -74.354122018981485, 40.609518909140753 ], [ -74.352960968378241, 40.609317302261196 ], [ -74.351799924351269, 40.609115684783617 ], [ -74.352069073432418, 40.608245945962459 ], [ -74.352338215937209, 40.607376207088677 ], [ -74.353499233119749, 40.607577819399566 ], [ -74.35376835562667, 40.606708077889728 ], [ -74.354037471558001, 40.605838336326904 ], [ -74.355198468472608, 40.60603993287409 ], [ -74.35635947196225, 40.606241518823616 ], [ -74.356090382874612, 40.607111265552184 ], [ -74.355821287211967, 40.607981012228009 ] ] ] } },
{ "type": "Feature", "properties": { "id": "34_1", "growth_scenario": "low", "market_gravity_weight": 50 }, "geometry": { "type": "Polygon", "coordinates": [ [ [ -74.465180540346793, 40.681891886396073 ], [ -74.464017994169041, 40.681691285921076 ], [ -74.462855454549469, 40.681490674831728 ], [ -74.462587383348577, 40.682360692572928 ], [ -74.461424836822445, 40.682160068291097 ], [ -74.460262296855362, 40.681959433394915 ], [ -74.46053039498625, 40.681089420810139 ], [ -74.459367875043156, 40.680888777878167 ], [ -74.459635980079284, 40.680018767843137 ], [ -74.460798486558033, 40.680219408196855 ], [ -74.461960999595661, 40.680420037936543 ], [ -74.462229071144279, 40.679550022716349 ], [ -74.463391577275956, 40.679750639263965 ], [ -74.464554089965674, 40.679951245197508 ], [ -74.46571660921316, 40.680151840516913 ], [ -74.465448578058826, 40.681021863470626 ], [ -74.465180540346793, 40.681891886396073 ] ] ] } },
{ "type": "Feature", "properties": { "id": "34_2", "growth_scenario": "low", "market_gravity_weight": 50 }, "geometry": { "type": "Polygon", "coordinates": [ [ [ -74.324720428867025, 40.459604165701371 ], [ -74.325878962890002, 40.459806011087444 ], [ -74.325610054587003, 40.460675609083651 ], [ -74.325341139727399, 40.46154520698915 ], [ -74.324182578978736, 40.461343356458656 ], [ -74.323913644198996, 40.462212951701147 ], [ -74.323644702861898, 40.463082546853272 ], [ -74.322486121943953, 40.46288068060219 ], [ -74.322755076644412, 40.462011088022713 ], [ -74.323024024787188, 40.461141495352678 ], [ -74.323292966372563, 40.460271902591856 ], [ -74.323561901400737, 40.459402309740106 ], [ -74.322403380491409, 40.459200443203699 ], [ -74.322672322324593, 40.458330852832987 ], [ -74.32294125760076, 40.457461262370863 ], [ -74.324099751786491, 40.457663123762813 ], [ -74.325258252528698, 40.457864974579849 ], [ -74.324989343976085, 40.458734570186195 ], [ -74.324720428867025, 40.459604165701371 ] ] ] } },
{ "type": "Feature", "properties": { "id": "34_3", "growth_scenario": "low", "market_gravity_weight": 50 }, "geometry": { "type": "Polygon", "coordinates": [ [ [ -74.350762926162687, 40.450392744640823 ], [ -74.350494356671675, 40.451262390272397 ], [ -74.349335891785159, 40.451060771226629 ], [ -74.349067302383361, 40.451930414197882 ], [ -74.347908830682357, 40.451728782008026 ], [ -74.34764022136919, 40.452598422318765 ], [ -74.346481742854152, 40.452396776984635 ], [ -74.346750365530042, 40.451527139242856 ], [ -74.345591906926714, 40.451325485902473 ], [ -74.345860536415813, 40.450455850637816 ], [ -74.346129159355883, 40.449586215280945 ], [ -74.347287591235101, 40.4497878634836 ], [ -74.347556194264769, 40.448918225465597 ], [ -74.34871461933065, 40.449119860524533 ], [ -74.349873050944495, 40.449321485008511 ], [ -74.349604474638795, 40.450191128163574 ], [ -74.350762926162687, 40.450392744640823 ] ] ] } },
{ "type": "Feature", "properties": { "id": "34_4", "growth_scenario": "low", "market_gravity_weight": 50 }, "geometry": { "type": "Polygon", "coordinates": [ [ [ -74.345239363778134, 40.448514923623101 ], [ -74.344970734025466, 40.449384556503418 ], [ -74.346129159355883, 40.449586215280945 ], [ -74.345860536415813, 40.450455850637816 ], [ -74.345591906926714, 40.451325485902473 ], [ -74.345323270888329, 40.452195121075171 ], [ -74.344164805472005, 40.451993454590387 ], [ -74.343006346605492, 40.451791777530495 ], [ -74.343275009368142, 40.450922147496271 ], [ -74.343543665580953, 40.450052517369897 ], [ -74.342385239987777, 40.44985083487353 ], [ -74.342653903012177, 40.448981207223945 ], [ -74.342922559486908, 40.448111579481591 ], [ -74.344080958357949, 40.448313256839668 ], [ -74.344349594922633, 40.447443626435458 ], [ -74.345507986981943, 40.447645290650023 ], [ -74.345239363778134, 40.448514923623101 ] ] ] } },
{ "type": "Feature", "properties": { "id": "34_5", "growth_scenario": "low", "market_gravity_weight": 50 }, "geometry": { "type": "Polygon", "coordinates": [ [ [ -74.34952034904704, 40.44651093820984 ], [ -74.350678740576342, 40.446712554988913 ], [ -74.350410183913041, 40.447582198421344 ], [ -74.350141620702502, 40.448451841761155 ], [ -74.349873050944495, 40.449321485008511 ], [ -74.34871461933065, 40.449119860524533 ], [ -74.348983202450455, 40.448250219845605 ], [ -74.347824790746145, 40.448048587355174 ], [ -74.347556194264769, 40.448918225465597 ], [ -74.346397775747164, 40.448716579831753 ], [ -74.34666638558987, 40.447846944289978 ], [ -74.345507986981943, 40.447645290650023 ], [ -74.34577660363712, 40.446775657584041 ], [ -74.346934988884257, 40.446977308655413 ], [ -74.347203585630538, 40.446107672927816 ], [ -74.348361964065006, 40.446309310856137 ], [ -74.34863054090296, 40.445439672467081 ], [ -74.349788912524303, 40.445641297252628 ], [ -74.34952034904704, 40.44651093820984 ] ] ] } },
{ "type": "Feature", "properties": { "id": "36_0", "growth_scenario": "low", "market_gravity_weight": 50 }, "geometry": { "type": "Polygon", "coordinates": [ [ [ -73.962704253219954, 41.090467502587138 ], [ -73.962428481781089, 41.091336729825485 ], [ -73.961260647717012, 41.091131463917861 ], [ -73.960092820431058, 41.090926187364495 ], [ -73.958924999923553, 41.090720900165444 ], [ -73.957757186194783, 41.090515602320906 ], [ -73.958033011835013, 41.089646385780149 ], [ -73.959200812013819, 41.089851680950133 ], [ -73.959476617325592, 41.08898246178169 ], [ -73.959752415859128, 41.088113242659858 ], [ -73.960920195716866, 41.088318521835859 ], [ -73.962087982352315, 41.088523790366509 ], [ -73.963255775765148, 41.088729048251793 ], [ -73.962980017881222, 41.089598275395922 ], [ -73.962704253219954, 41.090467502587138 ] ] ] } },
{ "type": "Feature", "properties": { "id": "36_1", "growth_scenario": "low", "market_gravity_weight": 50 }, "geometry": { "type": "Polygon", "coordinates": [ [ [ -74.026111374185717, 41.151143900379424 ], [ -74.025836145912351, 41.15201330982196 ], [ -74.025560910867611, 41.152882719330918 ], [ -74.025285669051243, 41.153752128906618 ], [ -74.024116621292691, 41.153547426952436 ], [ -74.022947580306308, 41.1533427143399 ], [ -74.023222849289667, 41.152473310111127 ], [ -74.022053828658869, 41.152268589513895 ], [ -74.022329104452851, 41.151399188025088 ], [ -74.022604373474593, 41.150529786602391 ], [ -74.022879635724323, 41.14966038524561 ], [ -74.024048615607498, 41.149865097822627 ], [ -74.02521760226216, 41.150069799741829 ], [ -74.024942367177161, 41.150939206445067 ], [ -74.026111374185717, 41.151143900379424 ] ] ] } },
{ "type": "Feature", "properties": { "id": "36_2", "growth_scenario": "low", "market_gravity_weight": 50 }, "geometry": { "type": "Polygon", "coordinates": [ [ [ -74.028185826012049, 41.074431637636557 ], [ -74.029353578293509, 41.074636288460347 ], [ -74.030521337330555, 41.074840928636966 ], [ -74.030246460074423, 41.07571029060734 ], [ -74.031414239421338, 41.075914922801665 ], [ -74.031139368964617, 41.076784287484273 ], [ -74.030864491752411, 41.077653652214522 ], [ -74.029696685295377, 41.077449014689975 ], [ -74.029421787771966, 41.07831837680272 ], [ -74.028253974515664, 41.07811372596516 ], [ -74.028528885594326, 41.077244366517839 ], [ -74.028803789916694, 41.076375007118024 ], [ -74.027636010526663, 41.076170350963807 ], [ -74.027910921647418, 41.075300994276702 ], [ -74.026743162567911, 41.075096330140489 ], [ -74.027018080486442, 41.074226976165647 ], [ -74.027292991648821, 41.073357622237509 ], [ -74.028460723620839, 41.073562281043252 ], [ -74.028185826012049, 41.074431637636557 ] ] ] } },
{ "type": "Feature", "properties": { "id": "36_3", "growth_scenario": "low", "market_gravity_weight": 50 }, "geometry": { "type": "Polygon", "coordinates": [ [ [ -74.121043000609305, 41.120023266550184 ], [ -74.120769060871453, 41.120892856577662 ], [ -74.120495114395325, 41.121762446668974 ], [ -74.119326320491652, 41.121558621493755 ], [ -74.119052353691828, 41.122428208989533 ], [ -74.117883552942047, 41.12222437049558 ], [ -74.118157533326766, 41.121354785659484 ], [ -74.116988752901023, 41.121150939166242 ], [ -74.117262740131011, 41.120281357053656 ], [ -74.117536720621828, 41.119411775004544 ], [ -74.118705473879132, 41.119615616178478 ], [ -74.118979434047233, 41.118746031533263 ], [ -74.12014818045914, 41.118949859389133 ], [ -74.121316933609108, 41.119153676586336 ], [ -74.122485693496898, 41.119357483124709 ], [ -74.122211774081606, 41.120227075747628 ], [ -74.121043000609305, 41.120023266550184 ] ] ] } },
{ "type": "Feature", "properties": { "id": "36_4", "growth_scenario": "low", "market_gravity_weight": 50 }, "geometry": { "type": "Polygon", "coordinates": [ [ [ -73.969921874216212, 41.087147456739487 ], [ -73.971089667634288, 41.087352642730956 ], [ -73.970814011381549, 41.088221885774871 ], [ -73.971981825125198, 41.088427063793468 ], [ -73.971706175648833, 41.08929630955754 ], [ -73.970538348353941, 41.089091128865959 ], [ -73.970262678551222, 41.089960372004313 ], [ -73.969094844480125, 41.08975517799351 ], [ -73.967927017184678, 41.089549973336737 ], [ -73.968202714089728, 41.088680735544997 ], [ -73.967034907121018, 41.088475522915743 ], [ -73.967310610800894, 41.08760628784438 ], [ -73.967586307705048, 41.08673705281975 ], [ -73.968754087573018, 41.086942260102383 ], [ -73.969029764151742, 41.08607302245121 ], [ -73.970197537244758, 41.086278216415323 ], [ -73.969921874216212, 41.087147456739487 ] ] ] } },
{ "type": "Feature", "properties": { "id": "36_5", "growth_scenario": "low", "market_gravity_weight": 50 }, "geometry": { "type": "Polygon", "coordinates": [ [ [ -73.959752415859128, 41.088113242659858 ], [ -73.959476617325592, 41.08898246178169 ], [ -73.959200812013819, 41.089851680950133 ], [ -73.958033011835013, 41.089646385780149 ], [ -73.957757186194783, 41.090515602320906 ], [ -73.957481353775535, 41.091384818908587 ], [ -73.956313533275747, 41.091179507743753 ], [ -73.956589379245017, 41.090310293830839 ], [ -73.955421579074567, 41.090104974695478 ], [ -73.955697431814016, 41.089235763504192 ], [ -73.955973277774078, 41.088366552359446 ], [ -73.956249116955036, 41.087497341260985 ], [ -73.957416876477907, 41.08770265237235 ], [ -73.958584642779385, 41.08790795283867 ], [ -73.95886044808401, 41.087038736437549 ], [ -73.960028207614684, 41.087244023584553 ], [ -73.959752415859128, 41.088113242659858 ] ] ] } },
{ "type": "Feature", "properties": { "id": "37_0", "growth_scenario": "low", "market_gravity_weight": 50 }, "geometry": { "type": "Polygon", "coordinates": [ [ [ -78.302978451530919, 35.807179796486437 ], [ -78.302771736855064, 35.808057479206994 ], [ -78.302565017405939, 35.808935160962868 ], [ -78.301467809131339, 35.808769794856303 ], [ -78.30037060563042, 35.808604418595117 ], [ -78.299273406903467, 35.808439032179216 ], [ -78.298176212950736, 35.808273635608685 ], [ -78.298382981270933, 35.807395961034459 ], [ -78.298589744816823, 35.806518285495244 ], [ -78.299686914334757, 35.806683678474727 ], [ -78.299893660889495, 35.805806000175089 ], [ -78.300990822964152, 35.805971381204827 ], [ -78.302087989812307, 35.806136752080249 ], [ -78.301881267692067, 35.807014433970402 ], [ -78.302978451530919, 35.807179796486437 ] ] ] } },
{ "type": "Feature", "properties": { "id": "37_1", "growth_scenario": "low", "market_gravity_weight": 50 }, "geometry": { "type": "Polygon", "coordinates": [ [ [ -78.298589744816823, 35.806518285495244 ], [ -78.298382981270933, 35.807395961034459 ], [ -78.298176212950736, 35.808273635608685 ], [ -78.299273406903467, 35.808439032179216 ], [ -78.299066646026574, 35.809316707584394 ], [ -78.297969439856061, 35.809151309218301 ], [ -78.296872238460168, 35.808985900697508 ], [ -78.295775041839192, 35.808820482022227 ], [ -78.294677849993391, 35.808655053192389 ], [ -78.294884659740447, 35.807777384970279 ], [ -78.295091464712243, 35.806899715783203 ], [ -78.296188632123716, 35.807065141021248 ], [ -78.29639542010365, 35.806187469073329 ], [ -78.297492580073026, 35.806352882361459 ], [ -78.297699351061596, 35.805475207652627 ], [ -78.298796503588548, 35.805640608990984 ], [ -78.298589744816823, 35.806518285495244 ] ] ] } },
{ "type": "Feature", "properties": { "id": "37_2", "growth_scenario": "low", "market_gravity_weight": 50 }, "geometry": { "type": "Polygon", "coordinates": [ [ [ -78.30689003711656, 35.805042753002482 ], [ -78.306683373411431, 35.805920444002076 ], [ -78.306476704934326, 35.806798134036846 ], [ -78.305379518994926, 35.8066328037796 ], [ -78.304282337827942, 35.806467463367646 ], [ -78.303185161433646, 35.806302112801184 ], [ -78.303391866563445, 35.805424428150936 ], [ -78.303598566920456, 35.804546742535607 ], [ -78.304695718880225, 35.804712089512286 ], [ -78.304902402247734, 35.803834401136825 ], [ -78.305109080843067, 35.802956711795964 ], [ -78.30620621314138, 35.803122045028971 ], [ -78.307303350211455, 35.803287368107725 ], [ -78.30709669604984, 35.804165061037743 ], [ -78.30689003711656, 35.805042753002482 ] ] ] } },
{ "type": "Feature", "properties": { "id": "37_3", "growth_scenario": "low", "market_gravity_weight": 50 }, "geometry": { "type": "Polygon", "coordinates": [ [ [ -78.299210006810199, 35.803885253086477 ], [ -78.30030713967794, 35.804050640680011 ], [ -78.300100402670495, 35.804928320910186 ], [ -78.301197552528265, 35.805093700144752 ], [ -78.300990822964152, 35.805971381204827 ], [ -78.299893660889495, 35.805806000175089 ], [ -78.299686914334757, 35.806683678474727 ], [ -78.298589744816823, 35.806518285495244 ], [ -78.298796503588548, 35.805640608990984 ], [ -78.297699351061596, 35.805475207652627 ], [ -78.297492580073026, 35.806352882361459 ], [ -78.29639542010365, 35.806187469073329 ], [ -78.296602203308893, 35.805309796160103 ], [ -78.29680898173963, 35.804432122281519 ], [ -78.297015755396004, 35.803554447437357 ], [ -78.29811287871614, 35.803719855338883 ], [ -78.298319635382441, 35.802842177733623 ], [ -78.299416751260452, 35.80300757368591 ], [ -78.299210006810199, 35.803885253086477 ] ] ] } },
{ "type": "Feature", "properties": { "id": "38_0", "growth_scenario": "low", "market_gravity_weight": 50 }, "geometry": { "type": "Polygon", "coordinates": [ [ [ -96.886765155327552, 46.776846249344608 ], [ -96.886777326211998, 46.77774924151138 ], [ -96.885473029727521, 46.777757661605392 ], [ -96.885485183046356, 46.778660656469441 ], [ -96.884180868328585, 46.778669064309632 ], [ -96.884193004080842, 46.779572061871143 ], [ -96.882888671129734, 46.779580457457129 ], [ -96.882876553277683, 46.778677459756594 ], [ -96.882864435758265, 46.777774464614247 ], [ -96.882852318571437, 46.776871472029896 ], [ -96.882840201717229, 46.775968482003073 ], [ -96.884144463070456, 46.775960086973157 ], [ -96.885448724090594, 46.775951679550573 ], [ -96.886752984777175, 46.775943259735371 ], [ -96.888057245129687, 46.775934827527593 ], [ -96.888069433578764, 46.776837816997201 ], [ -96.886765155327552, 46.776846249344608 ] ] ] } },
{ "type": "Feature", "properties": { "id": "38_1", "growth_scenario": "low", "market_gravity_weight": 50 }, "geometry": { "type": "Polygon", "coordinates": [ [ [ -97.051341107928735, 46.872328859085734 ], [ -97.052647258353701, 46.872318859950774 ], [ -97.05266172688242, 46.873222108532637 ], [ -97.052676195808871, 46.874125359709758 ], [ -97.051370009483463, 46.87413535917706 ], [ -97.051384460856696, 46.875038613116118 ], [ -97.05007825618307, 46.875048600334985 ], [ -97.04877205111265, 46.8750585751391 ], [ -97.048757635641394, 46.874155320868212 ], [ -97.047451448125727, 46.874165283092189 ], [ -97.047437051001239, 46.873262031251457 ], [ -97.048743220566408, 46.873252069193171 ], [ -97.048728805887635, 46.872348820113402 ], [ -97.050034957106547, 46.872338845806617 ], [ -97.050020524874512, 46.871435599487654 ], [ -97.051326657747182, 46.871425612932711 ], [ -97.051341107928735, 46.872328859085734 ] ] ] } },
{ "type": "Feature", "properties": { "id": "38_2", "growth_scenario": "low", "market_gravity_weight": 50 }, "geometry": { "type": "Polygon", "coordinates": [ [ [ -97.047451448125727, 46.874165283092189 ], [ -97.048757635641394, 46.874155320868212 ], [ -97.04877205111265, 46.8750585751391 ], [ -97.05007825618307, 46.875048600334985 ], [ -97.051384460856696, 46.875038613116118 ], [ -97.051398912627192, 46.875941869651278 ], [ -97.050092690002089, 46.875951857036107 ], [ -97.048786466980218, 46.875961832006027 ], [ -97.047480243562021, 46.87597179456111 ], [ -97.046174019748037, 46.875981744701228 ], [ -97.04486779553875, 46.875991682426452 ], [ -97.043561570934642, 46.876001607736825 ], [ -97.043547226873201, 46.875098350208759 ], [ -97.044853433525759, 46.875088425063424 ], [ -97.044839071907575, 46.874185170296471 ], [ -97.046145260214288, 46.874175232901536 ], [ -97.046130881040341, 46.873271980895495 ], [ -97.047437051001239, 46.873262031251457 ], [ -97.047451448125727, 46.874165283092189 ] ] ] } },
{ "type": "Feature", "properties": { "id": "38_3", "growth_scenario": "low", "market_gravity_weight": 50 }, "geometry": { "type": "Polygon", "coordinates": [ [ [ -96.87256394949479, 46.984711437503307 ], [ -96.872551935903886, 46.983807848366077 ], [ -96.873860330278148, 46.983799545577469 ], [ -96.875168724321128, 46.983791230348743 ], [ -96.876477118032298, 46.983782902679884 ], [ -96.87778551141119, 46.983774562570851 ], [ -96.879093904457321, 46.983766210021699 ], [ -96.879106008110028, 46.98466979846399 ], [ -96.879118112096023, 46.985573389546815 ], [ -96.877809683024736, 46.985581742374812 ], [ -96.876501253620646, 46.985590082762243 ], [ -96.876513321913279, 46.986493676764702 ], [ -96.875204874163529, 46.986502004850585 ], [ -96.875192823884248, 46.985598410709102 ], [ -96.873884393816027, 46.985606726215465 ], [ -96.873872361881439, 46.984703134576129 ], [ -96.87256394949479, 46.984711437503307 ] ] ] } },
{ "type": "Feature", "properties": { "id": "38_4", "growth_scenario": "low", "market_gravity_weight": 50 }, "geometry": { "type": "Polygon", "coordinates": [ [ [ -96.907646024193895, 46.77761283455807 ], [ -96.907658481805569, 46.778515827023938 ], [ -96.906354172825942, 46.778524445548555 ], [ -96.906366612879623, 46.779427440715295 ], [ -96.90637905327479, 46.780330438440537 ], [ -96.905074708153279, 46.780339044857001 ], [ -96.905087130988989, 46.781242045283619 ], [ -96.903782767625486, 46.781250639448785 ], [ -96.90377036269075, 46.780347638879881 ], [ -96.90375795809652, 46.779444640869876 ], [ -96.903745553842796, 46.778541645418315 ], [ -96.903733149929579, 46.777638652524921 ], [ -96.903720746356797, 46.776735662189317 ], [ -96.905025020220378, 46.776727068735674 ], [ -96.906329293742985, 46.776718462889157 ], [ -96.906341733113749, 46.777621452939961 ], [ -96.907646024193895, 46.77761283455807 ] ] ] } },
{ "type": "Feature", "properties": { "id": "38_5", "growth_scenario": "low", "market_gravity_weight": 50 }, "geometry": { "type": "Polygon", "coordinates": [ [ [ -97.059192562781348, 46.873171925813416 ], [ -97.060498728762539, 46.873161852026939 ], [ -97.060513305391424, 46.874065102202664 ], [ -97.059207121459877, 46.874075176156609 ], [ -97.059221680538627, 46.874978429095371 ], [ -97.057915478255978, 46.874988490802103 ], [ -97.056609275573621, 46.874998540094239 ], [ -97.055303072492009, 46.875008576971688 ], [ -97.053996869011655, 46.875018601434455 ], [ -97.053982381736517, 46.874115347827995 ], [ -97.053967894859625, 46.873212096817241 ], [ -97.055274062438627, 46.873202072687661 ], [ -97.056580229618902, 46.873192036143813 ], [ -97.057886396399979, 46.87318198718576 ], [ -97.057871856071529, 46.872278739270676 ], [ -97.059178004503011, 46.872268678065652 ], [ -97.059192562781348, 46.873171925813416 ] ] ] } },
{ "type": "Feature", "properties": { "id": "39_0", "growth_scenario": "low", "market_gravity_weight": 50 }, "geometry": { "type": "Polygon", "coordinates": [ [ [ -82.782219508365557, 39.878048517662975 ], [ -82.782055953469609, 39.87893233542205 ], [ -82.781892394552131, 39.879816153313243 ], [ -82.78172883161298, 39.880699971336682 ], [ -82.780560471250894, 39.880576235748599 ], [ -82.779392114910962, 39.880452489301433 ], [ -82.779555706014733, 39.879568674417193 ], [ -82.778387367779388, 39.879444918680854 ], [ -82.778550968942582, 39.878561105498555 ], [ -82.778714566083252, 39.877677292448112 ], [ -82.778878159201568, 39.876793479529269 ], [ -82.780046455192632, 39.876917230556629 ], [ -82.78121475520561, 39.877040970725439 ], [ -82.781051190249642, 39.877924786783339 ], [ -82.782219508365557, 39.878048517662975 ] ] ] } },
{ "type": "Feature", "properties": { "id": "39_1", "growth_scenario": "low", "market_gravity_weight": 50 }, "geometry": { "type": "Polygon", "coordinates": [ [ [ -82.803599173728855, 39.801014376788444 ], [ -82.803436056468954, 39.801898193159317 ], [ -82.804603178799255, 39.802021711832282 ], [ -82.80444007158664, 39.802905529878835 ], [ -82.803272935202443, 39.802782009643451 ], [ -82.803109809929211, 39.803665826241009 ], [ -82.802946680649086, 39.804549642952288 ], [ -82.801779520163194, 39.804426108743414 ], [ -82.801942663497712, 39.80354229359488 ], [ -82.800775521073433, 39.803418750100533 ], [ -82.800938674454642, 39.80253493662839 ], [ -82.799771550091691, 39.802411383848892 ], [ -82.799934713518923, 39.801527572052898 ], [ -82.801101823828461, 39.801651123269608 ], [ -82.801264969195003, 39.800767310023851 ], [ -82.802432069458547, 39.800890848830065 ], [ -82.802595196765068, 39.800007034134659 ], [ -82.803762286982305, 39.800130560530619 ], [ -82.803599173728855, 39.801014376788444 ] ] ] } },
{ "type": "Feature", "properties": { "id": "39_2", "growth_scenario": "low", "market_gravity_weight": 50 }, "geometry": { "type": "Polygon", "coordinates": [ [ [ -82.993617865681074, 39.855208051036328 ], [ -82.993456961231843, 39.856092132995428 ], [ -82.993296052826295, 39.856976215087705 ], [ -82.99446439285623, 39.857097970647857 ], [ -82.994303494585552, 39.857982054417235 ], [ -82.99313514046429, 39.857860297313444 ], [ -82.992974224145684, 39.858744379672743 ], [ -82.991805859889496, 39.858622610162492 ], [ -82.990637499590406, 39.858500829789499 ], [ -82.990798444091922, 39.857616750518069 ], [ -82.99095938463617, 39.856732671380065 ], [ -82.992127716752833, 39.856854448665118 ], [ -82.992288639249239, 39.855970368116552 ], [ -82.992449557788987, 39.855086287701091 ], [ -82.991281253853401, 39.85496451350371 ], [ -82.991442182526683, 39.854080434764896 ], [ -82.99261047237222, 39.854202207418567 ], [ -82.993778766174131, 39.854323969210206 ], [ -82.994947063932059, 39.854445720139729 ], [ -82.994786177529335, 39.855329803509356 ], [ -82.993617865681074, 39.855208051036328 ] ] ] } },
{ "type": "Feature", "properties": { "id": "40_0", "growth_scenario": "low", "market_gravity_weight": 50 }, "geometry": { "type": "Polygon", "coordinates": [ [ [ -95.909977663644625, 36.259512665115359 ], [ -95.911100836239839, 36.259513505594747 ], [ -95.911099785551073, 36.260406337353828 ], [ -95.912222971445757, 36.260407167290396 ], [ -95.912221934007107, 36.261299998533687 ], [ -95.912220896543943, 36.26219282925198 ], [ -95.911097684099062, 36.262191999296789 ], [ -95.911096633335802, 36.263084829480988 ], [ -95.90997340764018, 36.263083988963906 ], [ -95.909974471679021, 36.262191158789093 ], [ -95.909975535692695, 36.261298328089545 ], [ -95.908852336573062, 36.261297477038894 ], [ -95.908853413836539, 36.260404645823918 ], [ -95.907730228017314, 36.260403784230554 ], [ -95.907731318529969, 36.259510952500143 ], [ -95.908854491074564, 36.259511814083808 ], [ -95.908855568287109, 36.258618981818394 ], [ -95.909978727582867, 36.25861983284036 ], [ -95.909977663644625, 36.259512665115359 ] ] ] } },
{ "type": "Feature", "properties": { "id": "41_0", "growth_scenario": "low", "market_gravity_weight": 50 }, "geometry": { "type": "Polygon", "coordinates": [ [ [ -120.87738498820022, 44.29020885069869 ], [ -120.877710215481599, 44.291075530942408 ], [ -120.878035451071483, 44.291942211934476 ], [ -120.87682155401167, 44.292174417405569 ], [ -120.877146783517688, 44.293041102525756 ], [ -120.875932863756347, 44.293273300416601 ], [ -120.875607648643367, 44.292406611916874 ], [ -120.874393734966887, 44.292638795468299 ], [ -120.874068542555094, 44.291772104338243 ], [ -120.872854634964057, 44.292004273550518 ], [ -120.872529465252853, 44.291137579790302 ], [ -120.873743358450881, 44.290905413956921 ], [ -120.873418182653907, 44.290038724324162 ], [ -120.874632053152297, 44.289806550909979 ], [ -120.875845915343433, 44.289574366536179 ], [ -120.876171119924862, 44.290441049411029 ], [ -120.87738498820022, 44.29020885069869 ] ] ] } },
{ "type": "Feature", "properties": { "id": "41_1", "growth_scenario": "low", "market_gravity_weight": 50 }, "geometry": { "type": "Polygon", "coordinates": [ [ [ -122.938725495304482, 45.561439913148142 ], [ -122.939083675126824, 45.562303896262279 ], [ -122.939441864217585, 45.563167880361156 ], [ -122.938212302714092, 45.56341957029553 ], [ -122.938570486515104, 45.564283559199168 ], [ -122.937340901184342, 45.564535241938884 ], [ -122.936982731942123, 45.563671249215574 ], [ -122.935753151902077, 45.563922917120976 ], [ -122.935395006486871, 45.563058921563588 ], [ -122.935036870339147, 45.562194926991424 ], [ -122.936266421261806, 45.561943266724633 ], [ -122.935908279822954, 45.561079276956498 ], [ -122.937137806920276, 45.560827609494531 ], [ -122.938367324750175, 45.560575931018455 ], [ -122.939596833312393, 45.560324241528434 ], [ -122.939955018423902, 45.561188219838719 ], [ -122.938725495304482, 45.561439913148142 ] ] ] } },
{ "type": "Feature", "properties": { "id": "41_2", "growth_scenario": "low", "market_gravity_weight": 50 }, "geometry": { "type": "Polygon", "coordinates": [ [ [ -122.942055822632469, 45.55982082950721 ], [ -122.943285303389729, 45.559569106976248 ], [ -122.944514774878058, 45.559317373431895 ], [ -122.944873018214878, 45.560181336463415 ], [ -122.943643532170753, 45.560433073827667 ], [ -122.944001770221064, 45.561297041662769 ], [ -122.944360017540987, 45.562161010481958 ], [ -122.943130493114339, 45.562412744472638 ], [ -122.941900959418007, 45.562664467449537 ], [ -122.941542741211961, 45.561800490990322 ], [ -122.940313212803773, 45.562052199133312 ], [ -122.939955018423902, 45.561188219838719 ], [ -122.939596833312393, 45.560324241528434 ], [ -122.940826332606576, 45.560072541024645 ], [ -122.940468142206527, 45.559208567517707 ], [ -122.941697617676212, 45.558956859819716 ], [ -122.942055822632469, 45.55982082950721 ] ] ] } },
{ "type": "Feature", "properties": { "id": "41_3", "growth_scenario": "low", "market_gravity_weight": 50 }, "geometry": { "type": "Polygon", "coordinates": [ [ [ -122.940313212803773, 45.562052199133312 ], [ -122.941542741211961, 45.561800490990322 ], [ -122.941900959418007, 45.562664467449537 ], [ -122.942259186893423, 45.563528444893365 ], [ -122.942617423638538, 45.564392423322026 ], [ -122.941387851556996, 45.564644142925182 ], [ -122.941746083013797, 45.56550812615928 ], [ -122.94051648710375, 45.565759838568354 ], [ -122.9401582702057, 45.56489585151391 ], [ -122.938928679584947, 45.565147549088152 ], [ -122.938570486515104, 45.564283559199168 ], [ -122.938212302714092, 45.56341957029553 ], [ -122.939441864217585, 45.563167880361156 ], [ -122.939083675126824, 45.562303896262279 ], [ -122.938725495304482, 45.561439913148142 ], [ -122.939955018423902, 45.561188219838719 ], [ -122.940313212803773, 45.562052199133312 ] ] ] } },
{ "type": "Feature", "properties": { "id": "41_4", "growth_scenario": "low", "market_gravity_weight": 50 }, "geometry": { "type": "Polygon", "coordinates": [ [ [ -120.869776521318343, 44.290735178808383 ], [ -120.870990416736646, 44.290503038273499 ], [ -120.872204303848591, 44.290270886778757 ], [ -120.873418182653907, 44.290038724324162 ], [ -120.873743358450881, 44.290905413956921 ], [ -120.872529465252853, 44.291137579790302 ], [ -120.872854634964057, 44.292004273550518 ], [ -120.874068542555094, 44.291772104338243 ], [ -120.874393734966887, 44.292638795468299 ], [ -120.873179812982514, 44.292870968059759 ], [ -120.871965882690589, 44.293103129690955 ], [ -120.871640719065766, 44.292236431802792 ], [ -120.870426794860535, 44.29246857909493 ], [ -120.870101653936274, 44.291601878577161 ], [ -120.868887735818362, 44.291834011530405 ], [ -120.867673809394418, 44.292066133523377 ], [ -120.867348705564083, 44.291199426997885 ], [ -120.86856261759408, 44.290967308383216 ], [ -120.868237507675474, 44.290100605984883 ], [ -120.869451397006429, 44.28986847978836 ], [ -120.869776521318343, 44.290735178808383 ] ] ] } },
{ "type": "Feature", "properties": { "id": "41_5", "growth_scenario": "low", "market_gravity_weight": 50 }, "geometry": { "type": "Polygon", "coordinates": [ [ [ -120.87809948294688, 44.281712191473368 ], [ -120.879313188484062, 44.281479979335174 ], [ -120.87963839855702, 44.282346639342009 ], [ -120.880852110175283, 44.282114412867458 ], [ -120.881177342943218, 44.282981070241213 ], [ -120.882391060641964, 44.282748829430091 ], [ -120.882716316105515, 44.283615484170546 ], [ -120.881502584018719, 44.283847728360648 ], [ -120.880288843624044, 44.284079961592624 ], [ -120.879075094921816, 44.28431218386639 ], [ -120.877861337912336, 44.284544395181861 ], [ -120.877536140002817, 44.283677726926385 ], [ -120.877210950399942, 44.282811059417043 ], [ -120.876885769103396, 44.281944392653543 ], [ -120.876560596112839, 44.281077726635694 ], [ -120.877774295568301, 44.280845528833595 ], [ -120.87809948294688, 44.281712191473368 ] ] ] } },
{ "type": "Feature", "properties": { "id": "41_6", "growth_scenario": "low", "market_gravity_weight": 50 }, "geometry": { "type": "Polygon", "coordinates": [ [ [ -120.874133172285141, 44.281542089365892 ], [ -120.8753468883517, 44.281309913479859 ], [ -120.875672046953895, 44.282176582875721 ], [ -120.87599721386178, 44.28304325301734 ], [ -120.874783469017586, 44.283275435659249 ], [ -120.875108629842217, 44.284142109925128 ], [ -120.873894862302734, 44.284374284986647 ], [ -120.872681086457575, 44.284606449089488 ], [ -120.87235595441247, 44.283739768067683 ], [ -120.871142184652115, 44.283971917833874 ], [ -120.870817075301986, 44.283105234180852 ], [ -120.872030830672415, 44.282873087792325 ], [ -120.871705715237141, 44.282006408263236 ], [ -120.872919447913517, 44.281774254293737 ], [ -120.872594326393752, 44.280907578888176 ], [ -120.873808036376701, 44.280675417337925 ], [ -120.874133172285141, 44.281542089365892 ] ] ] } },
{ "type": "Feature", "properties": { "id": "41_7", "growth_scenario": "low", "market_gravity_weight": 50 }, "geometry": { "type": "Polygon", "coordinates": [ [ [ -122.946102494989432, 45.559929588085872 ], [ -122.947331962494076, 45.559677828695087 ], [ -122.947690244211699, 45.56054178506978 ], [ -122.946460762151617, 45.560793548280813 ], [ -122.946819038584053, 45.561657509459415 ], [ -122.947177324287054, 45.562521471621864 ], [ -122.945947803844291, 45.562773231460454 ], [ -122.946306084261579, 45.56363719842772 ], [ -122.945076539991149, 45.563888951073181 ], [ -122.944718274130906, 45.563024980285284 ], [ -122.943488735147156, 45.563276718096297 ], [ -122.943130493114339, 45.562412744472638 ], [ -122.944360017540987, 45.562161010481958 ], [ -122.944001770221064, 45.561297041662769 ], [ -122.943643532170753, 45.560433073827667 ], [ -122.944873018214878, 45.560181336463415 ], [ -122.944514774878058, 45.559317373431895 ], [ -122.945744237097145, 45.559065628874322 ], [ -122.946102494989432, 45.559929588085872 ] ] ] } },
{ "type": "Feature", "properties": { "id": "41_8", "growth_scenario": "low", "market_gravity_weight": 50 }, "geometry": { "type": "Polygon", "coordinates": [ [ [ -122.94410784415274, 45.551902265537485 ], [ -122.945337171405427, 45.551650529509132 ], [ -122.945695384256098, 45.552514473225095 ], [ -122.946924716793376, 45.55226272236591 ], [ -122.948154040062633, 45.55201096049484 ], [ -122.948512291285198, 45.552874897553629 ], [ -122.94728295346404, 45.553126663243852 ], [ -122.947641199403066, 45.553990605102854 ], [ -122.946411837760976, 45.554242363600387 ], [ -122.946053606374505, 45.553378417922112 ], [ -122.944824250016921, 45.55363016158821 ], [ -122.944466042451126, 45.552766213072296 ], [ -122.943236691378758, 45.553017941907292 ], [ -122.942007331039292, 45.553269659730084 ], [ -122.940777961433014, 45.553521366540416 ], [ -122.940419806793642, 45.552657407550036 ], [ -122.940061661420415, 45.551793449541243 ], [ -122.941291001920263, 45.551541750367555 ], [ -122.94252033315405, 45.551290040181726 ], [ -122.942878507633026, 45.55215399055389 ], [ -122.94410784415274, 45.551902265537485 ] ] ] } },
{ "type": "Feature", "properties": { "id": "41_9", "growth_scenario": "low", "market_gravity_weight": 50 }, "geometry": { "type": "Polygon", "coordinates": [ [ [ -122.943488735147156, 45.563276718096297 ], [ -122.944718274130906, 45.563024980285284 ], [ -122.945076539991149, 45.563888951073181 ], [ -122.946306084261579, 45.56363719842772 ], [ -122.947535619261032, 45.563385434768463 ], [ -122.947893923506271, 45.564249398899463 ], [ -122.946664373949829, 45.564501166379529 ], [ -122.947022672909441, 45.565365135316206 ], [ -122.945793099523996, 45.565616895603277 ], [ -122.944563516867191, 45.565868644876211 ], [ -122.944205247023248, 45.565004668297853 ], [ -122.94297566965372, 45.565256402735763 ], [ -122.941746083013797, 45.56550812615928 ], [ -122.941387851556996, 45.564644142925182 ], [ -122.942617423638538, 45.564392423322026 ], [ -122.942259186893423, 45.563528444893365 ], [ -122.941900959418007, 45.562664467449537 ], [ -122.943130493114339, 45.562412744472638 ], [ -122.943488735147156, 45.563276718096297 ] ] ] } },
{ "type": "Feature", "properties": { "id": "42_0", "growth_scenario": "low", "market_gravity_weight": 50 }, "geometry": { "type": "Polygon", "coordinates": [ [ [ -77.706077679877879, 39.77709240704489 ], [ -77.705852298560771, 39.77796832103563 ], [ -77.705626911758969, 39.77884423493493 ], [ -77.704470589313416, 39.778673497514973 ], [ -77.703314272353055, 39.77850274944921 ], [ -77.702157960878182, 39.778331990737783 ], [ -77.702383388284048, 39.777456083254499 ], [ -77.70260881020431, 39.776580175679463 ], [ -77.703765094610489, 39.77675093011343 ], [ -77.703990497511455, 39.775875020307915 ], [ -77.704215894927501, 39.774999110410377 ], [ -77.705372157750929, 39.775169849921959 ], [ -77.706528426058753, 39.77534057878831 ], [ -77.70630305571045, 39.776216492962526 ], [ -77.706077679877879, 39.77709240704489 ] ] ] } },
{ "type": "Feature", "properties": { "id": "42_1", "growth_scenario": "low", "market_gravity_weight": 50 }, "geometry": { "type": "Polygon", "coordinates": [ [ [ -77.689046474293193, 39.861863411386828 ], [ -77.690204097888568, 39.862034296966826 ], [ -77.689978256959435, 39.862910213850448 ], [ -77.688820619799301, 39.862739326123481 ], [ -77.687662988141668, 39.862568427739483 ], [ -77.68650536198686, 39.862397518698387 ], [ -77.685347741335136, 39.862226599000408 ], [ -77.685573636522051, 39.861350690705208 ], [ -77.685799526205741, 39.860474782338137 ], [ -77.686025410386435, 39.859598873898996 ], [ -77.687182990346614, 39.859769787155457 ], [ -77.68834057580932, 39.859940689755341 ], [ -77.689498166774243, 39.860111581698554 ], [ -77.689272323284754, 39.860987496578566 ], [ -77.689046474293193, 39.861863411386828 ] ] ] } },
{ "type": "Feature", "properties": { "id": "42_2", "growth_scenario": "low", "market_gravity_weight": 50 }, "geometry": { "type": "Polygon", "coordinates": [ [ [ -77.686985350948774, 39.865196165080413 ], [ -77.688143023301876, 39.865367069906185 ], [ -77.687917146796806, 39.86624298435855 ], [ -77.687691264788441, 39.867118898740515 ], [ -77.68653356530352, 39.866947989619852 ], [ -77.685375871322407, 39.866777069841604 ], [ -77.684218182845385, 39.86660613940586 ], [ -77.68444410555135, 39.865730231466834 ], [ -77.68467002275311, 39.864854323456953 ], [ -77.684895934450864, 39.863978415376067 ], [ -77.685121840644797, 39.863102507223985 ], [ -77.686279474860967, 39.863273429069316 ], [ -77.687437114580447, 39.863444340257622 ], [ -77.68721123551623, 39.864320252704573 ], [ -77.686985350948774, 39.865196165080413 ] ] ] } },
{ "type": "Feature", "properties": { "id": "42_3", "growth_scenario": "low", "market_gravity_weight": 50 }, "geometry": { "type": "Polygon", "coordinates": [ [ [ -77.700877782323246, 39.867246319580985 ], [ -77.7020355206934, 39.867417096512298 ], [ -77.701809806992941, 39.868293036724701 ], [ -77.701584087792853, 39.869168976867726 ], [ -77.700426322286106, 39.868998195644245 ], [ -77.700200584017423, 39.869874133571841 ], [ -77.699974840248402, 39.870750071430365 ], [ -77.698817053104392, 39.870579275255558 ], [ -77.699042810442265, 39.869703339543449 ], [ -77.697885042367773, 39.869532534856589 ], [ -77.698110807773361, 39.868656601221751 ], [ -77.698336567678197, 39.867780667517437 ], [ -77.698562322082481, 39.866904733743461 ], [ -77.699720049452836, 39.867075531991318 ], [ -77.699945784789321, 39.866199596001238 ], [ -77.701103504092089, 39.866370381444831 ], [ -77.700877782323246, 39.867246319580985 ] ] ] } },
{ "type": "Feature", "properties": { "id": "42_4", "growth_scenario": "low", "market_gravity_weight": 50 }, "geometry": { "type": "Polygon", "coordinates": [ [ [ -77.703193264562998, 39.8675878627853 ], [ -77.704351013931728, 39.867758618399833 ], [ -77.70412532736816, 39.868634562903935 ], [ -77.705283095804475, 39.868805310005627 ], [ -77.706440869739524, 39.868976046448637 ], [ -77.706215204815194, 39.869851995174962 ], [ -77.705057417310925, 39.869681256586347 ], [ -77.704831733318443, 39.870557203098116 ], [ -77.70367393774373, 39.870386451704782 ], [ -77.702516147668462, 39.870215689652539 ], [ -77.701358363092922, 39.870044916941502 ], [ -77.701584087792853, 39.869168976867726 ], [ -77.701809806992941, 39.868293036724701 ], [ -77.7020355206934, 39.867417096512298 ], [ -77.7022612288944, 39.866541156230248 ], [ -77.703418959195957, 39.866711920357396 ], [ -77.703193264562998, 39.8675878627853 ] ] ] } },
{ "type": "Feature", "properties": { "id": "42_5", "growth_scenario": "low", "market_gravity_weight": 50 }, "geometry": { "type": "Polygon", "coordinates": [ [ [ -77.680091427568428, 39.910551600732688 ], [ -77.681249814214695, 39.910722572543321 ], [ -77.682408206373012, 39.910893533690277 ], [ -77.682182116855984, 39.911769455566642 ], [ -77.681023711115387, 39.911598492268055 ], [ -77.680797602503873, 39.91247441193309 ], [ -77.680571488379925, 39.91335033153868 ], [ -77.679413060986448, 39.913179353272426 ], [ -77.679186927766906, 39.914055270666729 ], [ -77.678028492303525, 39.913884279584408 ], [ -77.678254639105887, 39.913008364342318 ], [ -77.678480780395034, 39.912132449040804 ], [ -77.678706916171151, 39.911256533679605 ], [ -77.677548526968124, 39.911085538389891 ], [ -77.677774670813108, 39.910209625120821 ], [ -77.678933046434452, 39.910380618258486 ], [ -77.67915917118512, 39.909504702777397 ], [ -77.680317538737498, 39.909675683099749 ], [ -77.680091427568428, 39.910551600732688 ] ] ] } },
{ "type": "Feature", "properties": { "id": "42_6", "growth_scenario": "low", "market_gravity_weight": 50 }, "geometry": { "type": "Polygon", "coordinates": [ [ [ -77.604992573462724, 39.935820323455815 ], [ -77.606151188487246, 39.935991989375381 ], [ -77.605924090187713, 39.936867783821853 ], [ -77.605696986350623, 39.937743578211531 ], [ -77.604538344159977, 39.937571907967602 ], [ -77.604311221201584, 39.938447700138326 ], [ -77.60315257096569, 39.938276017067899 ], [ -77.601993926268364, 39.938104323333398 ], [ -77.602221076393192, 39.937228535487719 ], [ -77.601062450817679, 39.937056833251944 ], [ -77.601289608986463, 39.936181047512029 ], [ -77.602448220979355, 39.936352747585197 ], [ -77.602675360027021, 39.93547695962549 ], [ -77.603833963975887, 39.935648646872515 ], [ -77.604061083903062, 39.934772856693193 ], [ -77.60521967980749, 39.934944531114326 ], [ -77.604992573462724, 39.935820323455815 ] ] ] } },
{ "type": "Feature", "properties": { "id": "45_0", "growth_scenario": "low", "market_gravity_weight": 50 }, "geometry": { "type": "Polygon", "coordinates": [ [ [ -81.918839909828137, 33.637558858582423 ], [ -81.91776626537434, 33.637426693389116 ], [ -81.917605993991387, 33.638312098301036 ], [ -81.9165323412996, 33.638179921747245 ], [ -81.916372054435641, 33.639065324033901 ], [ -81.915298393506092, 33.638933136119469 ], [ -81.915458692229492, 33.638047735166758 ], [ -81.914385046781334, 33.637915538559454 ], [ -81.914545353741872, 33.637030137649027 ], [ -81.915618987330959, 33.637162332922379 ], [ -81.915779278810604, 33.636276929386199 ], [ -81.915939566668555, 33.635391524558067 ], [ -81.917013180161845, 33.635523707137288 ], [ -81.918086797276459, 33.63565587969002 ], [ -81.91916041801214, 33.635788042216198 ], [ -81.919000165730594, 33.636673451045226 ], [ -81.918839909828137, 33.637558858582423 ] ] ] } },
{ "type": "Feature", "properties": { "id": "45_1", "growth_scenario": "low", "market_gravity_weight": 50 }, "geometry": { "type": "Polygon", "coordinates": [ [ [ -81.917654247946942, 33.631982069567236 ], [ -81.918727817628891, 33.63211423678603 ], [ -81.91980139093144, 33.632246393978747 ], [ -81.920874967854303, 33.632378541145201 ], [ -81.920714741913272, 33.63326395647632 ], [ -81.920554512352069, 33.634149370515026 ], [ -81.919480911712924, 33.634017220682161 ], [ -81.918407314694321, 33.633885060822827 ], [ -81.918247057795867, 33.634770470902531 ], [ -81.917173452539785, 33.634638299683388 ], [ -81.917333721296544, 33.633752890937117 ], [ -81.916260131519849, 33.633620711025145 ], [ -81.916420408513432, 33.632735302320022 ], [ -81.916580681885804, 33.631849892322258 ], [ -81.916740951637095, 33.630964481031654 ], [ -81.917814505840823, 33.631096656943178 ], [ -81.917654247946942, 33.631982069567236 ] ] ] } },
{ "type": "Feature", "properties": { "id": "45_2", "growth_scenario": "low", "market_gravity_weight": 50 }, "geometry": { "type": "Polygon", "coordinates": [ [ [ -81.83398198921752, 33.615312004118394 ], [ -81.83505518913654, 33.615444953881031 ], [ -81.836128392695471, 33.615577893621655 ], [ -81.835967243979084, 33.616463211088458 ], [ -81.834894028573686, 33.61633027000763 ], [ -81.834732864370793, 33.617215584835996 ], [ -81.83365964075881, 33.61708263239273 ], [ -81.832586420787237, 33.616949669927351 ], [ -81.832425229250617, 33.617834980776735 ], [ -81.831352001073085, 33.617702006948669 ], [ -81.830278776536602, 33.617569023098447 ], [ -81.830439991766326, 33.616683714930318 ], [ -81.831513204456328, 33.616816697439873 ], [ -81.831674404198651, 33.615931386632795 ], [ -81.831835600300181, 33.615046074527335 ], [ -81.832908792938639, 33.615179044333793 ], [ -81.833069973553663, 33.614293729589271 ], [ -81.834143157986574, 33.614426688033568 ], [ -81.83398198921752, 33.615312004118394 ] ] ] } },
{ "type": "Feature", "properties": { "id": "47_0", "growth_scenario": "low", "market_gravity_weight": 50 }, "geometry": { "type": "Polygon", "coordinates": [ [ [ -87.270131941304911, 36.623758681617531 ], [ -87.270028409805732, 36.624647552654203 ], [ -87.271152281152553, 36.624729431601807 ], [ -87.272276154947832, 36.624811300033826 ], [ -87.272172647356726, 36.625700172398275 ], [ -87.271048760382982, 36.625618303038472 ], [ -87.270945237164852, 36.626507173947367 ], [ -87.269821339460961, 36.626425293143861 ], [ -87.268697444206026, 36.626343401824563 ], [ -87.268593892181357, 36.627232270349907 ], [ -87.267469986196858, 36.627150367586609 ], [ -87.267573551400332, 36.626261499989489 ], [ -87.267677114154267, 36.625372631864757 ], [ -87.26778067445872, 36.624483763212218 ], [ -87.268904540907684, 36.624565663190957 ], [ -87.269008085584858, 36.623676793082325 ], [ -87.269111627813032, 36.622787922445482 ], [ -87.270235470355402, 36.622869810052741 ], [ -87.270131941304911, 36.623758681617531 ] ] ] } },
{ "type": "Feature", "properties": { "id": "47_1", "growth_scenario": "low", "market_gravity_weight": 50 }, "geometry": { "type": "Polygon", "coordinates": [ [ [ -87.26793002695652, 36.594016245147522 ], [ -87.267826510379706, 36.594905129083095 ], [ -87.267722991355427, 36.595794012483914 ], [ -87.266599556235718, 36.595712100137355 ], [ -87.265476123563815, 36.595630177279205 ], [ -87.265579668923507, 36.594741295733002 ], [ -87.264456251867358, 36.594659363290596 ], [ -87.263332837259554, 36.594577420336755 ], [ -87.263229265564775, 36.595466300027816 ], [ -87.262105840238249, 36.59538434563467 ], [ -87.262209425100437, 36.594495466871379 ], [ -87.26231300751364, 36.593606587573156 ], [ -87.263436406505662, 36.593688540110833 ], [ -87.26455980794627, 36.593770482137124 ], [ -87.264663361576908, 36.592881600448642 ], [ -87.265786752298823, 36.592963531036084 ], [ -87.266910145468628, 36.593045451112303 ], [ -87.266806618172012, 36.59393433465555 ], [ -87.26793002695652, 36.594016245147522 ] ] ] } },
{ "type": "Feature", "properties": { "id": "48_0", "growth_scenario": "low", "market_gravity_weight": 50 }, "geometry": { "type": "Polygon", "coordinates": [ [ [ -96.960146917350713, 32.983516953848117 ], [ -96.960157794080914, 32.984412970795439 ], [ -96.960168671057531, 32.985308986514362 ], [ -96.959092140879804, 32.985318034642866 ], [ -96.958015610455917, 32.985327072621288 ], [ -96.958004757866277, 32.984431056722237 ], [ -96.956928239390024, 32.984440084460616 ], [ -96.956917399239487, 32.983544067243294 ], [ -96.956906559334527, 32.982648048797444 ], [ -96.957983053424599, 32.982639021238882 ], [ -96.957972201572545, 32.981743001654266 ], [ -96.959048683224111, 32.981733964035868 ], [ -96.960125164629559, 32.981724916267716 ], [ -96.960136040866942, 32.982620935672301 ], [ -96.960146917350713, 32.983516953848117 ] ] ] } },
{ "type": "Feature", "properties": { "id": "48_1", "growth_scenario": "low", "market_gravity_weight": 50 }, "geometry": { "type": "Polygon", "coordinates": [ [ [ -96.959026955873014, 32.979941921359675 ], [ -96.959037819425504, 32.980837943312288 ], [ -96.960114288638579, 32.980828895634268 ], [ -96.960125164629559, 32.981724916267716 ], [ -96.959048683224111, 32.981733964035868 ], [ -96.957972201572545, 32.981743001654266 ], [ -96.957983053424599, 32.982639021238882 ], [ -96.956906559334527, 32.982648048797444 ], [ -96.955830064998864, 32.982657066206194 ], [ -96.955819237532168, 32.981761046441846 ], [ -96.954742755143897, 32.9817700536111 ], [ -96.954731940114897, 32.980874032528199 ], [ -96.955808410310752, 32.980865025448693 ], [ -96.956884880261327, 32.980856008219526 ], [ -96.956874041093059, 32.979959986087053 ], [ -96.957950498605967, 32.979950958798149 ], [ -96.957939647491415, 32.979054935526243 ], [ -96.959016092566642, 32.979045898177773 ], [ -96.959026955873014, 32.979941921359675 ] ] ] } },
{ "type": "Feature", "properties": { "id": "48_10", "growth_scenario": "low", "market_gravity_weight": 50 }, "geometry": { "type": "Polygon", "coordinates": [ [ [ -96.974853547452355, 32.953820009208265 ], [ -96.974864586631838, 32.95471606552394 ], [ -96.973788474348879, 32.954725252644536 ], [ -96.972712361816164, 32.954734429618576 ], [ -96.972701347004659, 32.953838373120256 ], [ -96.971625246406489, 32.953847539856419 ], [ -96.970549145559161, 32.953856696445968 ], [ -96.970538155364551, 32.952960638530726 ], [ -96.970527165418815, 32.952064579380718 ], [ -96.971603241898961, 32.952055422973245 ], [ -96.972679318129948, 32.952046256419429 ], [ -96.973755394111507, 32.952037079719304 ], [ -96.97483146984338, 32.952027892872763 ], [ -96.974842508522869, 32.952923951657908 ], [ -96.974853547452355, 32.953820009208265 ] ] ] } },
{ "type": "Feature", "properties": { "id": "48_11", "growth_scenario": "low", "market_gravity_weight": 50 }, "geometry": { "type": "Polygon", "coordinates": [ [ [ -96.955056497600495, 33.00775413119522 ], [ -96.956133333688939, 33.007745121423518 ], [ -96.956144168272729, 33.008641105629891 ], [ -96.957221016316339, 33.008632085615609 ], [ -96.957231863346649, 33.00952806850875 ], [ -96.956155003102069, 33.009537088612873 ], [ -96.956165838176972, 33.010433070372713 ], [ -96.956176673497424, 33.011329050909517 ], [ -96.955099788604514, 33.011338061040441 ], [ -96.954022903466296, 33.011347061018284 ], [ -96.954012092548922, 33.010451080301976 ], [ -96.954001281876543, 33.009555098362668 ], [ -96.953990471449188, 33.008659115200167 ], [ -96.953979661266786, 33.00776313081424 ], [ -96.953968851329392, 33.006867145204808 ], [ -96.955045675462657, 33.006858145675501 ], [ -96.955056497600495, 33.00775413119522 ] ] ] } },
{ "type": "Feature", "properties": { "id": "48_12", "growth_scenario": "low", "market_gravity_weight": 50 }, "geometry": { "type": "Polygon", "coordinates": [ [ [ -98.714096500994643, 29.422614832739384 ], [ -98.715126407815504, 29.422589061204736 ], [ -98.716156313998425, 29.422563279893687 ], [ -98.717186219543152, 29.422537488806125 ], [ -98.717215674906583, 29.423439452541583 ], [ -98.717245130908481, 29.424341414339494 ], [ -98.716215203058667, 29.424367205875708 ], [ -98.715185274570644, 29.424392987635269 ], [ -98.714155345444638, 29.424418759618227 ], [ -98.713125415680878, 29.424444521824501 ], [ -98.713096004289739, 29.423542559129771 ], [ -98.712066085041215, 29.423568311335423 ], [ -98.712036685440054, 29.422666346479154 ], [ -98.713066593536084, 29.422640594497494 ], [ -98.713037183419885, 29.421738627927489 ], [ -98.71406707972622, 29.421712866393424 ], [ -98.714096500994643, 29.422614832739384 ] ] ] } },
{ "type": "Feature", "properties": { "id": "48_13", "growth_scenario": "low", "market_gravity_weight": 50 }, "geometry": { "type": "Polygon", "coordinates": [ [ [ -96.957242710622779, 33.010424050178628 ], [ -96.958319582822767, 33.010415019831584 ], [ -96.958330442546256, 33.011311000188456 ], [ -96.959407326701637, 33.011301959598313 ], [ -96.959418198873038, 33.012197938642217 ], [ -96.959429071290828, 33.01309391646344 ], [ -96.958352162731614, 33.013102957233819 ], [ -96.957275253926255, 33.013111987850969 ], [ -96.957264405912568, 33.012216009849553 ], [ -96.95618750906344, 33.012225030223455 ], [ -96.955110611968706, 33.012234040444234 ], [ -96.954033714628693, 33.012243040511748 ], [ -96.954022903466296, 33.011347061018284 ], [ -96.955099788604514, 33.011338061040441 ], [ -96.956176673497424, 33.011329050909517 ], [ -96.956165838176972, 33.010433070372713 ], [ -96.956155003102069, 33.009537088612873 ], [ -96.957231863346649, 33.00952806850875 ], [ -96.957242710622779, 33.010424050178628 ] ] ] } },
{ "type": "Feature", "properties": { "id": "48_14", "growth_scenario": "low", "market_gravity_weight": 50 }, "geometry": { "type": "Polygon", "coordinates": [ [ [ -96.966211916048167, 32.951205042798527 ], [ -96.966222857012198, 32.952101103546873 ], [ -96.967298934486209, 32.952091987724863 ], [ -96.968375011712155, 32.952082861756502 ], [ -96.968385977290964, 32.952978921088388 ], [ -96.969462066452053, 32.952969784882761 ], [ -96.96947304446293, 32.953865842889016 ], [ -96.96839694311808, 32.953874979185478 ], [ -96.967320841524881, 32.953884105335398 ], [ -96.967309887881513, 32.952988047147542 ], [ -96.966233798224025, 32.952997163060139 ], [ -96.965157708318728, 32.953006268826321 ], [ -96.964081618165949, 32.953015364446074 ], [ -96.964070701321134, 32.95211930475169 ], [ -96.964059784723545, 32.951223243822348 ], [ -96.962983718690268, 32.951232329114838 ], [ -96.962972814522857, 32.950336266859985 ], [ -96.964048868373169, 32.950327181657862 ], [ -96.965124921976269, 32.950318086309572 ], [ -96.965135850509597, 32.951214148383613 ], [ -96.966211916048167, 32.951205042798527 ] ] ] } },
{ "type": "Feature", "properties": { "id": "48_15", "growth_scenario": "low", "market_gravity_weight": 50 }, "geometry": { "type": "Polygon", "coordinates": [ [ [ -98.737546791943501, 29.414803870378964 ], [ -98.738576594823456, 29.414777875795831 ], [ -98.738606279235412, 29.415679850309402 ], [ -98.738635964290722, 29.416581822883739 ], [ -98.7386656499894, 29.417483793519132 ], [ -98.73869533633146, 29.418385762215646 ], [ -98.738725023316945, 29.419287728973547 ], [ -98.738754710945869, 29.420189693792903 ], [ -98.73772484116202, 29.420215689732391 ], [ -98.736694970734973, 29.420241675895724 ], [ -98.736665305408579, 29.419339710624225 ], [ -98.73663564072514, 29.418437743414302 ], [ -98.737665488849885, 29.418411757702973 ], [ -98.737635813658585, 29.417509788780404 ], [ -98.73760613911044, 29.416607817918983 ], [ -98.737576465205422, 29.415705845118541 ], [ -98.736546650532318, 29.415731830151959 ], [ -98.736516988420476, 29.414829855186412 ], [ -98.736487326951476, 29.413927878281552 ], [ -98.737517119324693, 29.413901893700036 ], [ -98.737546791943501, 29.414803870378964 ] ] ] } },
{ "type": "Feature", "properties": { "id": "48_16", "growth_scenario": "low", "market_gravity_weight": 50 }, "geometry": { "type": "Polygon", "coordinates": [ [ [ -96.974787317625115, 32.948443645380237 ], [ -96.975863344376052, 32.948434448753197 ], [ -96.975874394237991, 32.949330512388073 ], [ -96.975885444350169, 32.950226574787322 ], [ -96.97480939323431, 32.950235771597271 ], [ -96.974820431413846, 32.95113183285261 ], [ -96.973744367865152, 32.951141019607739 ], [ -96.972668304066758, 32.951150196216645 ], [ -96.971592240018936, 32.951159362679292 ], [ -96.971581238388055, 32.950263301150102 ], [ -96.972657290252982, 32.950254134778639 ], [ -96.972646276688621, 32.949358072105277 ], [ -96.972635263373647, 32.948462008196373 ], [ -96.973711290624223, 32.94845283186126 ], [ -96.973700265376607, 32.947556766807892 ], [ -96.974776280195428, 32.947547580418195 ], [ -96.974787317625115, 32.948443645380237 ] ] ] } },
{ "type": "Feature", "properties": { "id": "48_17", "growth_scenario": "low", "market_gravity_weight": 50 }, "geometry": { "type": "Polygon", "coordinates": [ [ [ -97.02275760902458, 32.996414850737011 ], [ -97.0227691968838, 32.997310843876193 ], [ -97.021692510724804, 32.997320482050817 ], [ -97.020615824303505, 32.997330110074124 ], [ -97.020604260837985, 32.996434116743004 ], [ -97.019527586351529, 32.996443734519154 ], [ -97.018450911603324, 32.996453342143937 ], [ -97.018439372793026, 32.995557347395312 ], [ -97.018427834244164, 32.994661351420504 ], [ -97.019504484599437, 32.994651743987077 ], [ -97.020581134692975, 32.99464212640261 ], [ -97.021657784524535, 32.994632498667066 ], [ -97.022734434093806, 32.994622860780481 ], [ -97.02274602142792, 32.99551885637181 ], [ -97.02275760902458, 32.996414850737011 ] ] ] } },
{ "type": "Feature", "properties": { "id": "48_18", "growth_scenario": "low", "market_gravity_weight": 50 }, "geometry": { "type": "Polygon", "coordinates": [ [ [ -96.971548234990209, 32.947575109149746 ], [ -96.972624250308087, 32.947565943051742 ], [ -96.972635263373647, 32.948462008196373 ], [ -96.972646276688621, 32.949358072105277 ], [ -96.972657290252982, 32.950254134778639 ], [ -96.971581238388055, 32.950263301150102 ], [ -96.971592240018936, 32.951159362679292 ], [ -96.970516175721968, 32.951168518995686 ], [ -96.970505186273996, 32.950272457375434 ], [ -96.970494197074885, 32.949376394519859 ], [ -96.969418156894591, 32.949385540508032 ], [ -96.969407180126694, 32.948489476326003 ], [ -96.96939620360736, 32.94759341090819 ], [ -96.9704722194232, 32.947584265101895 ], [ -96.970461230970628, 32.946688198539093 ], [ -96.971537234355822, 32.946679042678007 ], [ -96.971548234990209, 32.947575109149746 ] ] ] } },
{ "type": "Feature", "properties": { "id": "48_19", "growth_scenario": "low", "market_gravity_weight": 50 }, "geometry": { "type": "Polygon", "coordinates": [ [ [ -96.980167448874823, 32.948397560785857 ], [ -96.98017854746594, 32.94929362405383 ], [ -96.98125458514528, 32.949284376605199 ], [ -96.981265696170311, 32.950180438545644 ], [ -96.980189646308418, 32.950189686086205 ], [ -96.979113596195177, 32.95019892348072 ], [ -96.978037545830873, 32.950208150729047 ], [ -96.976961495215775, 32.950217367831236 ], [ -96.976950432921015, 32.949321305523561 ], [ -96.975874394237991, 32.949330512388073 ], [ -96.975863344376052, 32.948434448753197 ], [ -96.976939370876764, 32.948425241980289 ], [ -96.976928309083021, 32.947529177201275 ], [ -96.978004323151225, 32.947519960374045 ], [ -96.979080336968636, 32.947510733401018 ], [ -96.979091423126434, 32.948406797996611 ], [ -96.980167448874823, 32.948397560785857 ] ] ] } },
{ "type": "Feature", "properties": { "id": "48_2", "growth_scenario": "low", "market_gravity_weight": 50 }, "geometry": { "type": "Polygon", "coordinates": [ [ [ -98.721512348574009, 29.428747925868304 ], [ -98.722542328995416, 29.42872208432502 ], [ -98.722571844598647, 29.429624033377703 ], [ -98.721541853023226, 29.429649875145817 ], [ -98.721571358112001, 29.430551822486898 ], [ -98.721600863840365, 29.431453767891714 ], [ -98.721630370208317, 29.432355711360454 ], [ -98.720600344529828, 29.432381544025731 ], [ -98.719570318211979, 29.432407366913619 ], [ -98.71954083415352, 29.431505422995375 ], [ -98.71951135073418, 29.430603477141126 ], [ -98.719481867953959, 29.429701529350609 ], [ -98.719452385812801, 29.42879957962375 ], [ -98.720482367513043, 29.428773757634559 ], [ -98.720452874857145, 29.427871806195689 ], [ -98.721482844764324, 29.427845974654208 ], [ -98.721512348574009, 29.428747925868304 ] ] ] } },
{ "type": "Feature", "properties": { "id": "48_20", "growth_scenario": "low", "market_gravity_weight": 50 }, "geometry": { "type": "Polygon", "coordinates": [ [ [ -96.981232363850083, 32.947492249017415 ], [ -96.982308376913537, 32.947482991606869 ], [ -96.983384389725146, 32.947473724050518 ], [ -96.983395524610913, 32.948369788278029 ], [ -96.983406659748852, 32.949265851269807 ], [ -96.983417795138934, 32.950161913026001 ], [ -96.982341745780559, 32.950171180858888 ], [ -96.981265696170311, 32.950180438545644 ], [ -96.98125458514528, 32.949284376605199 ], [ -96.98017854746594, 32.94929362405383 ], [ -96.980167448874823, 32.948397560785857 ], [ -96.979091423126434, 32.948406797996611 ], [ -96.979080336968636, 32.947510733401018 ], [ -96.980156350535012, 32.947501496282136 ], [ -96.980145252446533, 32.946605430542384 ], [ -96.981221253579875, 32.946596183369657 ], [ -96.981232363850083, 32.947492249017415 ] ] ] } },
{ "type": "Feature", "properties": { "id": "48_21", "growth_scenario": "low", "market_gravity_weight": 50 }, "geometry": { "type": "Polygon", "coordinates": [ [ [ -97.020627388031031, 32.998226102179373 ], [ -97.021704086649464, 32.998216474060186 ], [ -97.022780785005608, 32.998206835789532 ], [ -97.022792373390004, 32.999102826477227 ], [ -97.022803962036974, 32.999998815939399 ], [ -97.021727239285752, 33.000008454402163 ], [ -97.021738815997381, 33.00090444273512 ], [ -97.020662080785868, 33.000914071142169 ], [ -97.020673645561587, 33.001810058345995 ], [ -97.019596897889755, 33.001819676697018 ], [ -97.019585345312294, 33.000923689397368 ], [ -97.01957379299661, 33.000027700872629 ], [ -97.019562240942705, 32.999131711122615 ], [ -97.019550689150563, 32.99823572014715 ], [ -97.019539137620157, 32.997339727946063 ], [ -97.020615824303505, 32.997330110074124 ], [ -97.020627388031031, 32.998226102179373 ] ] ] } },
{ "type": "Feature", "properties": { "id": "48_22", "growth_scenario": "low", "market_gravity_weight": 50 }, "geometry": { "type": "Polygon", "coordinates": [ [ [ -97.023915488636845, 33.002677128072264 ], [ -97.022838729553541, 33.002686776975118 ], [ -97.022850319250978, 33.003582761537302 ], [ -97.021773547706289, 33.003592400384235 ], [ -97.021761970207635, 33.002696415725957 ], [ -97.020685210599353, 33.002706044324853 ], [ -97.01960845072901, 33.002715662771799 ], [ -97.018531690596873, 33.002725271066765 ], [ -97.018520149956146, 33.001829284896218 ], [ -97.018508609576955, 33.00093329750085 ], [ -97.019585345312294, 33.000923689397368 ], [ -97.019596897889755, 33.001819676697018 ], [ -97.020673645561587, 33.001810058345995 ], [ -97.020662080785868, 33.000914071142169 ], [ -97.021738815997381, 33.00090444273512 ], [ -97.022815550946547, 33.000894804176369 ], [ -97.02389228563311, 33.000885155465795 ], [ -97.023903887003527, 33.001781142381517 ], [ -97.023915488636845, 33.002677128072264 ] ] ] } },
{ "type": "Feature", "properties": { "id": "48_23", "growth_scenario": "low", "market_gravity_weight": 50 }, "geometry": { "type": "Polygon", "coordinates": [ [ [ -97.710679330507944, 30.193249459883813 ], [ -97.710698049971811, 30.19415005891663 ], [ -97.711737857968131, 30.194133840519669 ], [ -97.711756589215156, 30.195034437621956 ], [ -97.710716769845305, 30.195050656164288 ], [ -97.710735490128457, 30.195951251627026 ], [ -97.709695658975178, 30.195967460460057 ], [ -97.709714368293959, 30.196868054283243 ], [ -97.70867452535721, 30.196884253406857 ], [ -97.70763468201126, 30.196900442675634 ], [ -97.707615995440563, 30.195999848562128 ], [ -97.707597309278782, 30.195099252663812 ], [ -97.708637129876863, 30.195083063685221 ], [ -97.708618432750455, 30.194182466147122 ], [ -97.709658241565819, 30.194166267459085 ], [ -97.709639533475254, 30.193265668281057 ], [ -97.709620825794048, 30.192365067317667 ], [ -97.710660611453719, 30.19234885906571 ], [ -97.710679330507944, 30.193249459883813 ] ] ] } },
{ "type": "Feature", "properties": { "id": "48_24", "growth_scenario": "low", "market_gravity_weight": 50 }, "geometry": { "type": "Polygon", "coordinates": [ [ [ -97.024910956160909, 32.996395544125974 ], [ -97.024922568413828, 32.997291537072805 ], [ -97.025999253784278, 32.997281868444105 ], [ -97.026010878497416, 32.998177860068765 ], [ -97.027087575801559, 32.998168181192241 ], [ -97.027099212975457, 32.999064171494801 ], [ -97.026022503473953, 32.999073850467738 ], [ -97.026034128713917, 32.999969839641274 ], [ -97.024957406751327, 32.999979508558987 ], [ -97.024945793709023, 32.999083519289101 ], [ -97.023869083680935, 32.999093177958962 ], [ -97.023857483099164, 32.99819718736741 ], [ -97.022780785005608, 32.998206835789532 ], [ -97.0227691968838, 32.997310843876193 ], [ -97.02275760902458, 32.996414850737011 ], [ -97.023834282724167, 32.996405202507134 ], [ -97.023822682930927, 32.995509208238047 ], [ -97.024899344171132, 32.995499549953138 ], [ -97.024910956160909, 32.996395544125974 ] ] ] } },
{ "type": "Feature", "properties": { "id": "48_25", "growth_scenario": "low", "market_gravity_weight": 50 }, "geometry": { "type": "Polygon", "coordinates": [ [ [ -96.990894032774165, 32.945616436205789 ], [ -96.990905252425435, 32.946512502257526 ], [ -96.989829253566299, 32.946521840741703 ], [ -96.989840461289987, 32.947417905650148 ], [ -96.988764449995401, 32.947427234081395 ], [ -96.987688438447307, 32.947436552366838 ], [ -96.987677255086936, 32.946540487272934 ], [ -96.987666071979802, 32.945644420942934 ], [ -96.987654889125906, 32.944748353376525 ], [ -96.988730864129849, 32.944739035369082 ], [ -96.988719669348342, 32.943842966658828 ], [ -96.989795631917943, 32.943833638598605 ], [ -96.990871594233781, 32.943824300393004 ], [ -96.990882813376956, 32.944720368917658 ], [ -96.990894032774165, 32.945616436205789 ] ] ] } },
{ "type": "Feature", "properties": { "id": "48_26", "growth_scenario": "low", "market_gravity_weight": 50 }, "geometry": { "type": "Polygon", "coordinates": [ [ [ -96.970428267105817, 32.943999991433493 ], [ -96.970439254811936, 32.944896061705137 ], [ -96.970450242766873, 32.945792130740273 ], [ -96.97152623397055, 32.945782974970207 ], [ -96.971537234355822, 32.946679042678007 ], [ -96.970461230970628, 32.946688198539093 ], [ -96.9704722194232, 32.947584265101895 ], [ -96.96939620360736, 32.94759341090819 ], [ -96.968320187542957, 32.947602546568575 ], [ -96.967244171230263, 32.94761167208317 ], [ -96.967233219323134, 32.946715605247874 ], [ -96.968309223454014, 32.946706479824016 ], [ -96.96829825961332, 32.945810411843375 ], [ -96.968287296020918, 32.944914342626475 ], [ -96.969363275540701, 32.944905207238548 ], [ -96.969352300015558, 32.944009136876048 ], [ -96.969341324738949, 32.943113065276854 ], [ -96.970417279648515, 32.94310391992525 ], [ -96.970428267105817, 32.943999991433493 ] ] ] } },
{ "type": "Feature", "properties": { "id": "48_27", "growth_scenario": "low", "market_gravity_weight": 50 }, "geometry": { "type": "Polygon", "coordinates": [ [ [ -96.983362120710026, 32.945681591887293 ], [ -96.982286132261564, 32.945690859259344 ], [ -96.982297254461628, 32.94658692605114 ], [ -96.981221253579875, 32.946596183369657 ], [ -96.980145252446533, 32.946605430542384 ], [ -96.979069251061887, 32.946614667569442 ], [ -96.979058165406173, 32.945718600501763 ], [ -96.979047080001493, 32.944822532197769 ], [ -96.980123057023505, 32.944813295354429 ], [ -96.980111959688927, 32.943917225905786 ], [ -96.981187924278743, 32.943907979008927 ], [ -96.982263888617013, 32.943898721966548 ], [ -96.983339852703423, 32.943889454778777 ], [ -96.98335098658066, 32.944785523951282 ], [ -96.983362120710026, 32.945681591887293 ] ] ] } },
{ "type": "Feature", "properties": { "id": "48_28", "growth_scenario": "low", "market_gravity_weight": 50 }, "geometry": { "type": "Polygon", "coordinates": [ [ [ -97.023880684525594, 32.999989167325012 ], [ -97.024957406751327, 32.999979508558987 ], [ -97.024969020056787, 33.000875496603534 ], [ -97.026045754217321, 33.000865827589486 ], [ -97.027122488114401, 33.000856148423658 ], [ -97.027134126079432, 33.001752135050303 ], [ -97.026057379984152, 33.001761814312573 ], [ -97.026069006014424, 33.002657799810748 ], [ -97.02499224745722, 33.002667469017496 ], [ -97.025003861552193, 33.003563453387301 ], [ -97.02392709053305, 33.003573112538319 ], [ -97.023915488636845, 33.002677128072264 ], [ -97.023903887003527, 33.001781142381517 ], [ -97.02389228563311, 33.000885155465795 ], [ -97.022815550946547, 33.000894804176369 ], [ -97.021738815997381, 33.00090444273512 ], [ -97.021727239285752, 33.000008454402163 ], [ -97.022803962036974, 32.999998815939399 ], [ -97.022792373390004, 32.999102826477227 ], [ -97.023869083680935, 32.999093177958962 ], [ -97.023880684525594, 32.999989167325012 ] ] ] } },
{ "type": "Feature", "properties": { "id": "48_29", "growth_scenario": "low", "market_gravity_weight": 50 }, "geometry": { "type": "Polygon", "coordinates": [ [ [ -98.708917591822569, 29.421841576299649 ], [ -98.708946957329616, 29.422743543765041 ], [ -98.708976323473166, 29.423645509292761 ], [ -98.709005690253221, 29.424547472883024 ], [ -98.709035057669823, 29.425449434535931 ], [ -98.708005113567893, 29.425475148082526 ], [ -98.706975168829658, 29.425500851852362 ], [ -98.706945823719195, 29.424598889752172 ], [ -98.706916479244811, 29.423696925714701 ], [ -98.706887135406447, 29.422794959739793 ], [ -98.70685779220409, 29.421892991827125 ], [ -98.705827891440748, 29.421918684926194 ], [ -98.705798560026523, 29.421016714852289 ], [ -98.70682844963774, 29.420991021976668 ], [ -98.707858338612979, 29.420965319324669 ], [ -98.707887692331454, 29.421867288951603 ], [ -98.708917591822569, 29.421841576299649 ] ] ] } },
{ "type": "Feature", "properties": { "id": "48_3", "growth_scenario": "low", "market_gravity_weight": 50 }, "geometry": { "type": "Polygon", "coordinates": [ [ [ -96.955775930118193, 32.978176955093915 ], [ -96.956852363493198, 32.978167938134085 ], [ -96.957928796622681, 32.978158911024899 ], [ -96.959005229506346, 32.978149873766434 ], [ -96.959016092566642, 32.979045898177773 ], [ -96.957939647491415, 32.979054935526243 ], [ -96.957950498605967, 32.979950958798149 ], [ -96.956874041093059, 32.979959986087053 ], [ -96.956884880261327, 32.980856008219526 ], [ -96.955808410310752, 32.980865025448693 ], [ -96.955797583334629, 32.979969003226394 ], [ -96.954721125330906, 32.979978010216243 ], [ -96.954710310791924, 32.979081986675048 ], [ -96.953633864735068, 32.979090983425785 ], [ -96.953623062632673, 32.978194958565567 ], [ -96.954699496497923, 32.978185961904423 ], [ -96.954688682448904, 32.977289935904167 ], [ -96.955765103877866, 32.97728092918333 ], [ -96.955775930118193, 32.978176955093915 ] ] ] } },
{ "type": "Feature", "properties": { "id": "48_30", "growth_scenario": "low", "market_gravity_weight": 50 }, "geometry": { "type": "Polygon", "coordinates": [ [ [ -96.958471641351622, 33.022958633616149 ], [ -96.958460778427906, 33.022062669141896 ], [ -96.959537809022947, 33.022053627470044 ], [ -96.960614839371488, 33.022044575643967 ], [ -96.961691869473256, 33.02203551366361 ], [ -96.962768899327955, 33.022026441528944 ], [ -96.962779811072025, 33.022922405641999 ], [ -96.963856852884476, 33.0229133232625 ], [ -96.963867777081219, 33.023809286064484 ], [ -96.962790723063421, 33.023818368534535 ], [ -96.962801635302171, 33.024714330206798 ], [ -96.961724568831386, 33.024723402612857 ], [ -96.960647502113545, 33.024732464864286 ], [ -96.960636614286074, 33.023836503011218 ], [ -96.959559559527065, 33.023845555017807 ], [ -96.959548684151756, 33.022949591854164 ], [ -96.958471641351622, 33.022958633616149 ] ] ] } },
{ "type": "Feature", "properties": { "id": "48_31", "growth_scenario": "low", "market_gravity_weight": 50 }, "geometry": { "type": "Polygon", "coordinates": [ [ [ -96.968186963940212, 33.024668815857986 ], [ -96.969264028922737, 33.024659682524572 ], [ -96.969275014644083, 33.025555642431705 ], [ -96.968197937455727, 33.025564775856239 ], [ -96.968208911219975, 33.026460734634554 ], [ -96.969286000614474, 33.026451601118872 ], [ -96.969296986833868, 33.027347558586342 ], [ -96.968219885232969, 33.027356692193059 ], [ -96.967142783383295, 33.027365815644906 ], [ -96.966065681285144, 33.027374928941903 ], [ -96.966054731684977, 33.026478971201485 ], [ -96.966043782333031, 33.025583012241313 ], [ -96.964966704399274, 33.025592115201853 ], [ -96.96495576750138, 33.024696154930965 ], [ -96.966032833229264, 33.024687052061211 ], [ -96.967109898708969, 33.024677939036856 ], [ -96.967098937647791, 33.023781977727566 ], [ -96.968175990673458, 33.023772854639645 ], [ -96.968186963940212, 33.024668815857986 ] ] ] } },
{ "type": "Feature", "properties": { "id": "48_32", "growth_scenario": "low", "market_gravity_weight": 50 }, "geometry": { "type": "Polygon", "coordinates": [ [ [ -96.970395305480253, 32.941311773198116 ], [ -96.970406292439975, 32.942207847180207 ], [ -96.970417279648515, 32.94310391992525 ], [ -96.969341324738949, 32.943113065276854 ], [ -96.969352300015558, 32.944009136876048 ], [ -96.969363275540701, 32.944905207238548 ], [ -96.968287296020918, 32.944914342626475 ], [ -96.968276332676766, 32.944018272173068 ], [ -96.968265369580877, 32.943122200483103 ], [ -96.968254406733223, 32.942226127556268 ], [ -96.968243444133805, 32.94133005339242 ], [ -96.968232481782621, 32.940433977991411 ], [ -96.968221519679645, 32.939537901353056 ], [ -96.96929742611762, 32.939528766510065 ], [ -96.970373332307105, 32.939519621522194 ], [ -96.970384318769291, 32.940415697978843 ], [ -96.970395305480253, 32.941311773198116 ] ] ] } },
{ "type": "Feature", "properties": { "id": "48_33", "growth_scenario": "low", "market_gravity_weight": 50 }, "geometry": { "type": "Polygon", "coordinates": [ [ [ -96.964966704399274, 33.025592115201853 ], [ -96.966043782333031, 33.025583012241313 ], [ -96.966054731684977, 33.026478971201485 ], [ -96.964977641545062, 33.026488074252825 ], [ -96.964988578938772, 33.027384032084051 ], [ -96.963911476344492, 33.027393125071306 ], [ -96.963900551157209, 33.026497167149358 ], [ -96.962823460521719, 33.026506249891185 ], [ -96.96174636963886, 33.026515322478197 ], [ -96.961735469111574, 33.025619363155478 ], [ -96.961724568831386, 33.024723402612857 ], [ -96.962801635302171, 33.024714330206798 ], [ -96.962790723063421, 33.023818368534535 ], [ -96.963867777081219, 33.023809286064484 ], [ -96.964944830851394, 33.023800193439932 ], [ -96.96495576750138, 33.024696154930965 ], [ -96.964966704399274, 33.025592115201853 ] ] ] } },
{ "type": "Feature", "properties": { "id": "48_4", "growth_scenario": "low", "market_gravity_weight": 50 }, "geometry": { "type": "Polygon", "coordinates": [ [ [ -96.955840892710867, 32.983553084741793 ], [ -96.955851720668178, 32.98444910204887 ], [ -96.956928239390024, 32.984440084460616 ], [ -96.956939079786167, 32.985336100449537 ], [ -96.956949920427903, 32.986232115210349 ], [ -96.956960761315258, 32.987128128743159 ], [ -96.955884206012044, 32.98713714660088 ], [ -96.954807650463493, 32.987146154308263 ], [ -96.954796833964281, 32.986250140595935 ], [ -96.953720290364743, 32.986259138063389 ], [ -96.95370948630439, 32.985363123033466 ], [ -96.953698682488806, 32.984467106775419 ], [ -96.954775201701011, 32.984458109487186 ], [ -96.954764385936954, 32.983562092090374 ], [ -96.954753570417907, 32.98266607346509 ], [ -96.955830064998864, 32.982657066206194 ], [ -96.955840892710867, 32.983553084741793 ] ] ] } },
{ "type": "Feature", "properties": { "id": "48_5", "growth_scenario": "low", "market_gravity_weight": 50 }, "geometry": { "type": "Polygon", "coordinates": [ [ [ -96.954807650463493, 32.987146154308263 ], [ -96.955884206012044, 32.98713714660088 ], [ -96.956960761315258, 32.987128128743159 ], [ -96.95697160244822, 32.988024141048207 ], [ -96.956982443826817, 32.988920152125601 ], [ -96.956993285451048, 32.989816161975604 ], [ -96.957004127320928, 32.990712170598378 ], [ -96.955927523238699, 32.99072118881535 ], [ -96.955916693563992, 32.989825180102763 ], [ -96.954840101431571, 32.989834188079307 ], [ -96.954829284197132, 32.9889381780498 ], [ -96.953752704014533, 32.988947175786052 ], [ -96.953741899219793, 32.988051164439476 ], [ -96.953731094669877, 32.987155151865295 ], [ -96.953720290364743, 32.986259138063389 ], [ -96.954796833964281, 32.986250140595935 ], [ -96.954807650463493, 32.987146154308263 ] ] ] } },
{ "type": "Feature", "properties": { "id": "48_6", "growth_scenario": "low", "market_gravity_weight": 50 }, "geometry": { "type": "Polygon", "coordinates": [ [ [ -96.957004127320928, 32.990712170598378 ], [ -96.957014969436443, 32.991608177994067 ], [ -96.955938353158771, 32.991617196300901 ], [ -96.95594918332425, 32.992513202559536 ], [ -96.955960013735108, 32.99340920759149 ], [ -96.955970844391359, 32.994305211396956 ], [ -96.954894191280289, 32.994314219822193 ], [ -96.954883372820319, 32.99341821592693 ], [ -96.953806731660407, 32.993427214111335 ], [ -96.953795925641572, 32.992531208900026 ], [ -96.953785119867561, 32.991635202462 ], [ -96.953774314338403, 32.99073919479715 ], [ -96.953763509054056, 32.989843185905201 ], [ -96.954840101431571, 32.989834188079307 ], [ -96.955916693563992, 32.989825180102763 ], [ -96.955927523238699, 32.99072118881535 ], [ -96.957004127320928, 32.990712170598378 ] ] ] } },
{ "type": "Feature", "properties": { "id": "48_7", "growth_scenario": "low", "market_gravity_weight": 50 }, "geometry": { "type": "Polygon", "coordinates": [ [ [ -98.722424272980135, 29.425114268746565 ], [ -98.722453786024374, 29.426016225546675 ], [ -98.722483299708315, 29.426918180409704 ], [ -98.722512814031987, 29.427820133335754 ], [ -98.722542328995416, 29.42872208432502 ], [ -98.721512348574009, 29.428747925868304 ], [ -98.721482844764324, 29.427845974654208 ], [ -98.720452874857145, 29.427871806195689 ], [ -98.71942290431069, 29.427897627960274 ], [ -98.719393423447627, 29.426995674360054 ], [ -98.71936394322357, 29.426093718822912 ], [ -98.720393891463146, 29.426067897507618 ], [ -98.720364400725018, 29.425165940257983 ], [ -98.721394337172299, 29.425140109390593 ], [ -98.721364835920554, 29.424238150428423 ], [ -98.722394760575597, 29.424212310009075 ], [ -98.722424272980135, 29.425114268746565 ] ] ] } },
{ "type": "Feature", "properties": { "id": "48_8", "growth_scenario": "low", "market_gravity_weight": 50 }, "geometry": { "type": "Polygon", "coordinates": [ [ [ -98.719334463638504, 29.425191761348653 ], [ -98.720364400725018, 29.425165940257983 ], [ -98.720393891463146, 29.426067897507618 ], [ -98.71936394322357, 29.426093718822912 ], [ -98.719393423447627, 29.426995674360054 ], [ -98.71942290431069, 29.427897627960274 ], [ -98.720452874857145, 29.427871806195689 ], [ -98.720482367513043, 29.428773757634559 ], [ -98.719452385812801, 29.42879957962375 ], [ -98.718422403473483, 29.42882539183589 ], [ -98.718392933125202, 29.427923439947861 ], [ -98.718363463415713, 29.427021486123106 ], [ -98.717333502745035, 29.427047288109296 ], [ -98.717304044827671, 29.426145332123152 ], [ -98.716274094671846, 29.42617112410807 ], [ -98.716244648546123, 29.425269165960508 ], [ -98.717274587548829, 29.425243374199965 ], [ -98.718304525913041, 29.425217572662689 ], [ -98.718275058119801, 29.424315613026671 ], [ -98.719304984692428, 29.424289801937171 ], [ -98.719334463638504, 29.425191761348653 ] ] ] } },
{ "type": "Feature", "properties": { "id": "48_9", "growth_scenario": "low", "market_gravity_weight": 50 }, "geometry": { "type": "Polygon", "coordinates": [ [ [ -98.7202759323458, 29.422460056884752 ], [ -98.720305421166358, 29.423362019946754 ], [ -98.721335335308268, 29.423336189528744 ], [ -98.721364835920554, 29.424238150428423 ], [ -98.721394337172299, 29.425140109390593 ], [ -98.720364400725018, 29.425165940257983 ], [ -98.719334463638504, 29.425191761348653 ], [ -98.719304984692428, 29.424289801937171 ], [ -98.718275058119801, 29.424315613026671 ], [ -98.717245130908481, 29.424341414339494 ], [ -98.717215674906583, 29.423439452541583 ], [ -98.717186219543152, 29.422537488806125 ], [ -98.718216124449455, 29.422511687942155 ], [ -98.719246028717095, 29.422485877301664 ], [ -98.719216551687794, 29.421583912077338 ], [ -98.720246444164388, 29.421558091885014 ], [ -98.7202759323458, 29.422460056884752 ] ] ] } },
{ "type": "Feature", "properties": { "id": "49_0", "growth_scenario": "low", "market_gravity_weight": 50 }, "geometry": { "type": "Polygon", "coordinates": [ [ [ -111.903488827101754, 40.495016700572293 ], [ -111.902315524926266, 40.495165395073613 ], [ -111.902513714761753, 40.496045660960071 ], [ -111.901340393619648, 40.496194346528014 ], [ -111.901538574275861, 40.497074614526419 ], [ -111.900365234166784, 40.497223291160886 ], [ -111.900167067583951, 40.496343021242168 ], [ -111.898993736654987, 40.496491685102313 ], [ -111.898795589038642, 40.495611413454959 ], [ -111.899968905894383, 40.495462751515014 ], [ -111.899770749097911, 40.494582481979194 ], [ -111.899572597194336, 40.493702212634531 ], [ -111.900745881011886, 40.493553543681045 ], [ -111.901919159936355, 40.493404863874012 ], [ -111.903092433967444, 40.493256173213567 ], [ -111.90329062808766, 40.494136436797447 ], [ -111.903488827101754, 40.495016700572293 ] ] ] } },
{ "type": "Feature", "properties": { "id": "49_1", "growth_scenario": "low", "market_gravity_weight": 50 }, "geometry": { "type": "Polygon", "coordinates": [ [ [ -111.915597817845011, 40.425577773320065 ], [ -111.915795978254252, 40.426457979500746 ], [ -111.915994143551771, 40.42733818585431 ], [ -111.914821980145035, 40.42748698979279 ], [ -111.913649811850149, 40.427635782888338 ], [ -111.913451674641564, 40.426755572700664 ], [ -111.912279515503585, 40.426904353036392 ], [ -111.912081397227098, 40.426024141105145 ], [ -111.910909247246394, 40.426172908681281 ], [ -111.910711147901353, 40.425292695006547 ], [ -111.911883283837781, 40.425143929346916 ], [ -111.913055414887225, 40.424995152844581 ], [ -111.914227541049399, 40.42484636549964 ], [ -111.915399662323921, 40.424697567312222 ], [ -111.916571778710477, 40.424548758282263 ], [ -111.916769948275146, 40.42542896237309 ], [ -111.915597817845011, 40.425577773320065 ] ] ] } },
{ "type": "Feature", "properties": { "id": "49_2", "growth_scenario": "low", "market_gravity_weight": 50 }, "geometry": { "type": "Polygon", "coordinates": [ [ [ -111.953081949799682, 40.468801208169943 ], [ -111.95425471226973, 40.468652045984271 ], [ -111.954453469425474, 40.469532215478374 ], [ -111.955626241046929, 40.469383040520469 ], [ -111.955825017165523, 40.470263208272243 ], [ -111.954652231486875, 40.470412385154887 ], [ -111.953479440902385, 40.470561551189732 ], [ -111.952306645412392, 40.470710706376693 ], [ -111.951133845017225, 40.470859850715684 ], [ -111.949961039717195, 40.471008984206634 ], [ -111.94878822951263, 40.471158106849529 ], [ -111.94858953773992, 40.470277927551109 ], [ -111.949762333886397, 40.470128806832349 ], [ -111.95093512512851, 40.469979675265634 ], [ -111.950736410144458, 40.469099499998315 ], [ -111.951909182424473, 40.46895035950795 ], [ -111.951710458287849, 40.468070186347362 ], [ -111.952883211606135, 40.467921036933681 ], [ -111.953081949799682, 40.468801208169943 ] ] ] } },
{ "type": "Feature", "properties": { "id": "49_3", "growth_scenario": "low", "market_gravity_weight": 50 }, "geometry": { "type": "Polygon", "coordinates": [ [ [ -112.054705231259035, 40.533717273234984 ], [ -112.05587884868325, 40.533567163601369 ], [ -112.056079042040381, 40.53444721015714 ], [ -112.056279240342221, 40.535327256907955 ], [ -112.055105594773423, 40.5354773704236 ], [ -112.055305783947361, 40.536357419310875 ], [ -112.054132119361043, 40.536507523913961 ], [ -112.0529584498303, 40.536657617663288 ], [ -112.051784775355458, 40.536807700558747 ], [ -112.051584628400974, 40.535927645848659 ], [ -112.05275828880248, 40.535777564893998 ], [ -112.052558132718545, 40.534897512320299 ], [ -112.052357981578353, 40.5340174599419 ], [ -112.053531608890623, 40.533867372015123 ], [ -112.053331448621805, 40.532987321772588 ], [ -112.054505056918231, 40.532837224933182 ], [ -112.054705231259035, 40.533717273234984 ] ] ] } },
{ "type": "Feature", "properties": { "id": "51_0", "growth_scenario": "low", "market_gravity_weight": 50 }, "geometry": { "type": "Polygon", "coordinates": [ [ [ -78.379516493860891, 36.677142708879444 ], [ -78.379308279406359, 36.678020017980607 ], [ -78.379100060087509, 36.678897326305631 ], [ -78.380210147016768, 36.679061880354681 ], [ -78.380001935344353, 36.679939189747941 ], [ -78.379793718807548, 36.680816498365559 ], [ -78.379585497406197, 36.681693806207562 ], [ -78.378475372943385, 36.68152924662548 ], [ -78.378683606856185, 36.680651940627861 ], [ -78.377573499769653, 36.68048737262756 ], [ -78.377781741328661, 36.679610067698782 ], [ -78.37798997802274, 36.678732761994148 ], [ -78.378198209852059, 36.677855455513452 ], [ -78.378406436816803, 36.676978148256453 ], [ -78.378614658917115, 36.676100840223107 ], [ -78.377504619247205, 36.675936271182167 ], [ -78.377712848992772, 36.675058964216326 ], [ -78.37882287615318, 36.675223531413067 ], [ -78.379932908177693, 36.675388088347852 ], [ -78.379724703451288, 36.676265399001871 ], [ -78.379516493860891, 36.677142708879444 ] ] ] } },
{ "type": "Feature", "properties": { "id": "51_1", "growth_scenario": "low", "market_gravity_weight": 50 }, "geometry": { "type": "Polygon", "coordinates": [ [ [ -77.467291188918864, 39.003060671152049 ], [ -77.468434624004274, 39.003233556140863 ], [ -77.468208779966247, 39.004108848493189 ], [ -77.469352233707667, 39.004281725059478 ], [ -77.469126397456463, 39.005157019227759 ], [ -77.467982930493378, 39.004984140557156 ], [ -77.466839468965318, 39.004811251359577 ], [ -77.465696012872584, 39.00463835163513 ], [ -77.465470131521371, 39.005513639201759 ], [ -77.464326667642879, 39.005340726845766 ], [ -77.464552562215474, 39.004465441383878 ], [ -77.463409116994242, 39.004292520605865 ], [ -77.463635019351798, 39.003417236960267 ], [ -77.464778451352146, 39.003590155633546 ], [ -77.465004335053123, 39.002714869594534 ], [ -77.466147759268381, 39.002887775636552 ], [ -77.466373624313349, 39.002012487204304 ], [ -77.467517040743161, 39.002185380615394 ], [ -77.467291188918864, 39.003060671152049 ] ] ] } },
{ "type": "Feature", "properties": { "id": "51_10", "growth_scenario": "low", "market_gravity_weight": 50 }, "geometry": { "type": "Polygon", "coordinates": [ [ [ -78.37292482360958, 36.680706294774716 ], [ -78.37403492374473, 36.680870905670027 ], [ -78.373826634921713, 36.681748203513074 ], [ -78.373618341232458, 36.682625500580585 ], [ -78.372508216075261, 36.682460885995148 ], [ -78.372299905008148, 36.683338180442092 ], [ -78.371189772206378, 36.68317355374873 ], [ -78.37007964427174, 36.683008916792673 ], [ -78.370287980361169, 36.682131626036416 ], [ -78.369177869804844, 36.681966980663248 ], [ -78.369386213537709, 36.681089690976719 ], [ -78.370496311583395, 36.681254334504501 ], [ -78.370704637938573, 36.680377042196817 ], [ -78.371814728340752, 36.680541673616908 ], [ -78.372023037318769, 36.679664378688102 ], [ -78.373133120077142, 36.679828998000787 ], [ -78.37292482360958, 36.680706294774716 ] ] ] } },
{ "type": "Feature", "properties": { "id": "51_11", "growth_scenario": "low", "market_gravity_weight": 50 }, "geometry": { "type": "Polygon", "coordinates": [ [ [ -78.356617613812546, 36.686460839364017 ], [ -78.356409106016102, 36.687338104384182 ], [ -78.355298948936991, 36.687173331352575 ], [ -78.355090423757773, 36.688050593750468 ], [ -78.353980259039403, 36.687885808609025 ], [ -78.352870099193325, 36.687721013205014 ], [ -78.353078649394504, 36.686843754501865 ], [ -78.353287194723322, 36.685966495023386 ], [ -78.352177064770942, 36.6858016930518 ], [ -78.352385617737767, 36.684924434645232 ], [ -78.353495735179948, 36.685089234769485 ], [ -78.354605857494178, 36.685254024631533 ], [ -78.355715984680145, 36.685418804231276 ], [ -78.356826116737608, 36.685583573568685 ], [ -78.357936253666281, 36.685748332643648 ], [ -78.357727763252072, 36.686625600285943 ], [ -78.356617613812546, 36.686460839364017 ] ] ] } },
{ "type": "Feature", "properties": { "id": "51_12", "growth_scenario": "low", "market_gravity_weight": 50 }, "geometry": { "type": "Polygon", "coordinates": [ [ [ -78.375422054215136, 36.684709298152512 ], [ -78.375213770950594, 36.685586596584677 ], [ -78.37500548281966, 36.68646389424223 ], [ -78.374797189822175, 36.687341191125299 ], [ -78.373686992370907, 36.687176587839687 ], [ -78.373895297881234, 36.686299292801941 ], [ -78.372785117809627, 36.686134681098459 ], [ -78.371674942605082, 36.68597005913184 ], [ -78.371883268273251, 36.685092767010246 ], [ -78.370773110448141, 36.684928136626091 ], [ -78.370981443760911, 36.684050845574987 ], [ -78.372091589074202, 36.684215474113721 ], [ -78.372299905008148, 36.683338180442092 ], [ -78.373410042676781, 36.683502796872688 ], [ -78.374520185211978, 36.683667403040495 ], [ -78.374311894301599, 36.684544700402547 ], [ -78.375422054215136, 36.684709298152512 ] ] ] } },
{ "type": "Feature", "properties": { "id": "51_13", "growth_scenario": "low", "market_gravity_weight": 50 }, "geometry": { "type": "Polygon", "coordinates": [ [ [ -77.467502868016638, 38.997636040704698 ], [ -77.468646218347374, 38.997808923595429 ], [ -77.469789574111886, 38.997981795960136 ], [ -77.469563762678774, 38.998857090046798 ], [ -77.469337945811986, 38.999732383843892 ], [ -77.46819456360835, 38.999559507271577 ], [ -77.467051186838859, 38.999386620172949 ], [ -77.466825338098388, 39.000261909472648 ], [ -77.465681953543736, 39.000089009743732 ], [ -77.465907815503812, 38.999213722548191 ], [ -77.464764449603507, 38.999040814397453 ], [ -77.46499031934799, 38.99816552901644 ], [ -77.465216183657617, 38.997290243345617 ], [ -77.466359523119948, 38.997463147288073 ], [ -77.466585368776379, 38.996587859223105 ], [ -77.46772870045433, 38.996760750535834 ], [ -77.467502868016638, 38.997636040704698 ] ] ] } },
{ "type": "Feature", "properties": { "id": "51_14", "growth_scenario": "low", "market_gravity_weight": 50 }, "geometry": { "type": "Polygon", "coordinates": [ [ [ -78.349539648891337, 36.68722656541798 ], [ -78.349331056285138, 36.688103817803004 ], [ -78.350441214023462, 36.688268645842243 ], [ -78.350232629054688, 36.689145899299945 ], [ -78.349122458805425, 36.688981069412854 ], [ -78.348913856452, 36.689858320247744 ], [ -78.347803678565384, 36.689693478250128 ], [ -78.348012293429832, 36.688816229263253 ], [ -78.346902132928207, 36.688651378851155 ], [ -78.345791977300806, 36.688486518176582 ], [ -78.346000612312309, 36.68760927211094 ], [ -78.346209242449476, 36.686732025269883 ], [ -78.346417867712489, 36.685854777653248 ], [ -78.347527985809435, 36.686019632783506 ], [ -78.348638108780079, 36.686184477651715 ], [ -78.348429508537009, 36.68706172896421 ], [ -78.349539648891337, 36.68722656541798 ] ] ] } },
{ "type": "Feature", "properties": { "id": "51_15", "growth_scenario": "low", "market_gravity_weight": 50 }, "geometry": { "type": "Polygon", "coordinates": [ [ [ -78.346835103616712, 36.684100280092558 ], [ -78.347945196694695, 36.684265131527027 ], [ -78.347736593688836, 36.685142382543191 ], [ -78.348846704149722, 36.685307225563569 ], [ -78.348638108780079, 36.686184477651715 ], [ -78.347527985809435, 36.686019632783506 ], [ -78.346417867712489, 36.685854777653248 ], [ -78.346209242449476, 36.686732025269883 ], [ -78.346000612312309, 36.68760927211094 ], [ -78.344890474069643, 36.687444403022269 ], [ -78.34509911671681, 36.686567158029469 ], [ -78.345307754489539, 36.685689912260919 ], [ -78.344197646140842, 36.685525036606585 ], [ -78.344406291548594, 36.684647791910393 ], [ -78.344614932081967, 36.683770546438055 ], [ -78.34572501541237, 36.683935418396246 ], [ -78.345933638562826, 36.683058170299624 ], [ -78.347043714258263, 36.683223030148113 ], [ -78.346835103616712, 36.684100280092558 ] ] ] } },
{ "type": "Feature", "properties": { "id": "51_16", "growth_scenario": "low", "market_gravity_weight": 50 }, "geometry": { "type": "Polygon", "coordinates": [ [ [ -77.778776404080332, 38.31358416143965 ], [ -77.778556381233869, 38.314459982356759 ], [ -77.777422946916587, 38.314289960739195 ], [ -77.776289517847971, 38.314119928674451 ], [ -77.776069463735624, 38.314995745116533 ], [ -77.774936026907483, 38.314825700584734 ], [ -77.773802595328746, 38.314655645605789 ], [ -77.773582509949904, 38.315531457572142 ], [ -77.772449070612495, 38.315361390125858 ], [ -77.771315636525259, 38.315191312232486 ], [ -77.771535747920694, 38.314315504306627 ], [ -77.772669168999727, 38.314485580179714 ], [ -77.772889262136971, 38.313609769797658 ], [ -77.774022675457886, 38.31377983320359 ], [ -77.774242750337478, 38.312904020365458 ], [ -77.775376155899906, 38.313074071304499 ], [ -77.776509566711383, 38.313244111796564 ], [ -77.77764298277161, 38.313414141841619 ], [ -77.777863013378152, 38.312538322508082 ], [ -77.778996421678585, 38.312708340086544 ], [ -77.778776404080332, 38.31358416143965 ] ] ] } },
{ "type": "Feature", "properties": { "id": "51_17", "growth_scenario": "low", "market_gravity_weight": 50 }, "geometry": { "type": "Polygon", "coordinates": [ [ [ -77.784629856474737, 38.309009152239781 ], [ -77.78440991714389, 38.309884983850182 ], [ -77.784189972566949, 38.310760815024089 ], [ -77.783056582301569, 38.31059084529101 ], [ -77.781923197282765, 38.31042086511102 ], [ -77.781703221443365, 38.311296691810931 ], [ -77.780569828663658, 38.311126699165001 ], [ -77.780789817510851, 38.310250874484083 ], [ -77.781009801110883, 38.309375049366665 ], [ -77.779876439593465, 38.309205050312002 ], [ -77.780096430953549, 38.308329226776863 ], [ -77.781229779463942, 38.308499223812532 ], [ -77.781449752570197, 38.307623397821487 ], [ -77.782583093320454, 38.307793382391857 ], [ -77.783716439317018, 38.307963356515586 ], [ -77.783496492224828, 38.308839186544105 ], [ -77.784629856474737, 38.309009152239781 ] ] ] } },
{ "type": "Feature", "properties": { "id": "51_18", "growth_scenario": "low", "market_gravity_weight": 50 }, "geometry": { "type": "Polygon", "coordinates": [ [ [ -77.222748769002024, 38.856638155774981 ], [ -77.222520429744961, 38.857512980735507 ], [ -77.222292085006885, 38.85838780536217 ], [ -77.223432665759702, 38.858562942855386 ], [ -77.223204328681078, 38.859437769267991 ], [ -77.222975986121355, 38.860312595347267 ], [ -77.222747638080321, 38.861187421093454 ], [ -77.222519284557791, 38.86206224650671 ], [ -77.221378651240613, 38.861887100534908 ], [ -77.22160701790466, 38.86101227724145 ], [ -77.220466403210807, 38.860837122893145 ], [ -77.220694777534106, 38.85996230138646 ], [ -77.220923146375526, 38.85908747954646 ], [ -77.221151509735265, 38.858212657372967 ], [ -77.221379867613507, 38.857337834865781 ], [ -77.221608220010452, 38.85646301202469 ], [ -77.221836566926299, 38.855588188849538 ], [ -77.222977102778273, 38.855763330480507 ], [ -77.222748769002024, 38.856638155774981 ] ] ] } },
{ "type": "Feature", "properties": { "id": "51_19", "growth_scenario": "low", "market_gravity_weight": 50 }, "geometry": { "type": "Polygon", "coordinates": [ [ [ -79.91650155080373, 37.24670093594095 ], [ -79.916309862303009, 37.247580562184773 ], [ -79.917431667019443, 37.247730865243909 ], [ -79.918553476261138, 37.247881157911181 ], [ -79.919675290027826, 37.248031440186459 ], [ -79.919483635569065, 37.248911071010916 ], [ -79.918361808946372, 37.248760787011129 ], [ -79.918170137106472, 37.249640415518208 ], [ -79.917048302152807, 37.249490119401671 ], [ -79.915926471724731, 37.249339812893012 ], [ -79.914804645822528, 37.249189495992276 ], [ -79.914996356230347, 37.248309872659568 ], [ -79.915188062112136, 37.247430248733757 ], [ -79.914066266447108, 37.247279924890933 ], [ -79.914257980658149, 37.246400302096696 ], [ -79.915379763468096, 37.246550624214706 ], [ -79.915571460298381, 37.245670999102195 ], [ -79.916693234779046, 37.245821309103768 ], [ -79.91650155080373, 37.24670093594095 ] ] ] } },
{ "type": "Feature", "properties": { "id": "51_2", "growth_scenario": "low", "market_gravity_weight": 50 }, "geometry": { "type": "Polygon", "coordinates": [ [ [ -77.465470131521371, 39.005513639201759 ], [ -77.465244244734365, 39.006388926480263 ], [ -77.46501835251135, 39.007264213470805 ], [ -77.463874862189229, 39.00709129690506 ], [ -77.463648951307789, 39.007966581502821 ], [ -77.462505453200095, 39.007793652304876 ], [ -77.462731377303598, 39.006918369812205 ], [ -77.461587897854741, 39.006745432192446 ], [ -77.461813829743051, 39.005870151516987 ], [ -77.460670368952634, 39.005697205475535 ], [ -77.460896308625152, 39.004821926617034 ], [ -77.462039756194471, 39.004994870553318 ], [ -77.462265677209217, 39.004119589301197 ], [ -77.463409116994242, 39.004292520605865 ], [ -77.464552562215474, 39.004465441383878 ], [ -77.464326667642879, 39.005340726845766 ], [ -77.465470131521371, 39.005513639201759 ] ] ] } },
{ "type": "Feature", "properties": { "id": "51_20", "growth_scenario": "low", "market_gravity_weight": 50 }, "geometry": { "type": "Polygon", "coordinates": [ [ [ -77.265580931208078, 38.696714113127115 ], [ -77.266719091348719, 38.696888849613359 ], [ -77.266491778022186, 38.697763743138381 ], [ -77.265353604794029, 38.697589004549691 ], [ -77.265126272934722, 38.698463895602849 ], [ -77.263988092064182, 38.69828914443525 ], [ -77.263760741671533, 38.699164033016693 ], [ -77.263533385832972, 38.700038921229144 ], [ -77.26239518423246, 38.699864155379444 ], [ -77.262622553159005, 38.698989269269923 ], [ -77.261484370092674, 38.698814495046832 ], [ -77.261711746660538, 38.697939610671249 ], [ -77.261939117782106, 38.69706472592631 ], [ -77.263077274673691, 38.697239495943528 ], [ -77.263304627262215, 38.696364608726313 ], [ -77.264442776512482, 38.696539366164721 ], [ -77.264670110568531, 38.695664476475251 ], [ -77.265808252177095, 38.695839221335184 ], [ -77.265580931208078, 38.696714113127115 ] ] ] } },
{ "type": "Feature", "properties": { "id": "51_21", "growth_scenario": "low", "market_gravity_weight": 50 }, "geometry": { "type": "Polygon", "coordinates": [ [ [ -78.357451596286154, 36.682951771529453 ], [ -78.358561695683875, 36.683116525064023 ], [ -78.359671799952039, 36.683281268336408 ], [ -78.359463336660383, 36.684158540151842 ], [ -78.359254868498397, 36.685035811191703 ], [ -78.358144739209536, 36.684871064225973 ], [ -78.357034614791431, 36.684706306997896 ], [ -78.355924495244395, 36.684541539507478 ], [ -78.354814380568669, 36.684376761754848 ], [ -78.353704270764538, 36.684211973739934 ], [ -78.353912801477279, 36.683334711934556 ], [ -78.355022898771608, 36.683499498102357 ], [ -78.355231412103109, 36.682622233673925 ], [ -78.356341501759132, 36.682787007732699 ], [ -78.356549997709962, 36.681909740681377 ], [ -78.357660079727367, 36.682074502631345 ], [ -78.357451596286154, 36.682951771529453 ] ] ] } },
{ "type": "Feature", "properties": { "id": "51_22", "growth_scenario": "low", "market_gravity_weight": 50 }, "geometry": { "type": "Polygon", "coordinates": [ [ [ -77.46932365970315, 38.995183045907012 ], [ -77.469097851351336, 38.996058338760001 ], [ -77.468872037566143, 38.99693363132274 ], [ -77.46772870045433, 38.996760750535834 ], [ -77.466585368776379, 38.996587859223105 ], [ -77.466359523119948, 38.997463147288073 ], [ -77.465216183657617, 38.997290243345617 ], [ -77.464072849629943, 38.997117328877366 ], [ -77.464298721723281, 38.996242045020558 ], [ -77.464524588381863, 38.995366760873338 ], [ -77.465667895973141, 38.995539671133386 ], [ -77.465893743979422, 38.994664384591687 ], [ -77.467037043786974, 38.994837282222292 ], [ -77.468180349028316, 38.995010169327436 ], [ -77.468406165165007, 38.994134878287582 ], [ -77.469549462621771, 38.994307752763582 ], [ -77.46932365970315, 38.995183045907012 ] ] ] } },
{ "type": "Feature", "properties": { "id": "51_23", "growth_scenario": "low", "market_gravity_weight": 50 }, "geometry": { "type": "Polygon", "coordinates": [ [ [ -77.46499031934799, 38.99816552901644 ], [ -77.464764449603507, 38.999040814397453 ], [ -77.465907815503812, 38.999213722548191 ], [ -77.465681953543736, 39.000089009743732 ], [ -77.466825338098388, 39.000261909472648 ], [ -77.466599483923289, 39.001137198483065 ], [ -77.466373624313349, 39.002012487204304 ], [ -77.465230213318591, 39.001839583266701 ], [ -77.46545608614872, 39.00096429664984 ], [ -77.464312693809291, 39.000791384290338 ], [ -77.463169306905272, 39.000618461404628 ], [ -77.463395200739512, 38.999743178707398 ], [ -77.462251832490537, 38.999570247400158 ], [ -77.462477734108305, 38.998694966517888 ], [ -77.462703630290463, 38.997819685345704 ], [ -77.463846972101663, 38.997992612443994 ], [ -77.464072849629943, 38.997117328877366 ], [ -77.465216183657617, 38.997290243345617 ], [ -77.46499031934799, 38.99816552901644 ] ] ] } },
{ "type": "Feature", "properties": { "id": "51_24", "growth_scenario": "low", "market_gravity_weight": 50 }, "geometry": { "type": "Polygon", "coordinates": [ [ [ -77.41627319184893, 38.984420886342726 ], [ -77.4174162126548, 38.984594240697291 ], [ -77.417189812798682, 38.985469437554379 ], [ -77.418332852259354, 38.985642783495337 ], [ -77.418106460166058, 38.986517982165779 ], [ -77.41696340749634, 38.98634463411647 ], [ -77.416736996747559, 38.987219830383708 ], [ -77.415593936315119, 38.987046469703671 ], [ -77.4144508813296, 38.986873098501441 ], [ -77.414677318496473, 38.985997906451509 ], [ -77.413534282166907, 38.985824526835941 ], [ -77.413760727095237, 38.984949336599719 ], [ -77.413987166576447, 38.984074146068117 ], [ -77.41513017648937, 38.98424752146628 ], [ -77.415356597315792, 38.983372328530649 ], [ -77.416499599467272, 38.983545691298659 ], [ -77.41627319184893, 38.984420886342726 ] ] ] } },
{ "type": "Feature", "properties": { "id": "51_25", "growth_scenario": "low", "market_gravity_weight": 50 }, "geometry": { "type": "Polygon", "coordinates": [ [ [ -78.257512469557255, 39.052649948435594 ], [ -78.257295980416131, 39.053526653326571 ], [ -78.257079486053385, 39.054403357975211 ], [ -78.256862986468832, 39.055280062381641 ], [ -78.256646481662273, 39.05615676654611 ], [ -78.256429971633537, 39.057033470468795 ], [ -78.255283855537769, 39.056867847562863 ], [ -78.255500378895391, 39.055991145663178 ], [ -78.254354281350984, 39.055825514212096 ], [ -78.254570812814535, 39.054948814093606 ], [ -78.253424733821134, 39.054783174097551 ], [ -78.253641273390016, 39.053906475760009 ], [ -78.254787339055497, 39.054072113733014 ], [ -78.255933409943395, 39.054237741138095 ], [ -78.256149917634133, 39.053361038512257 ], [ -78.255003860074069, 39.053195413130027 ], [ -78.255220375870422, 39.052318712284524 ], [ -78.256366420102964, 39.052484335643911 ], [ -78.256582917350073, 39.051607632532949 ], [ -78.257728953476956, 39.051773243302037 ], [ -78.257512469557255, 39.052649948435594 ] ] ] } },
{ "type": "Feature", "properties": { "id": "51_26", "growth_scenario": "low", "market_gravity_weight": 50 }, "geometry": { "type": "Polygon", "coordinates": [ [ [ -78.35162530694717, 36.678453998894476 ], [ -78.351416763066837, 36.679331259041021 ], [ -78.350306735294723, 36.67916643921469 ], [ -78.350098174034528, 36.680043696737037 ], [ -78.349889607902043, 36.680920953482556 ], [ -78.348779559986014, 36.68075611970022 ], [ -78.347669516942673, 36.680591275656333 ], [ -78.347878108091294, 36.679714022605609 ], [ -78.348086694367112, 36.678836768777856 ], [ -78.346976681212112, 36.678671918167552 ], [ -78.347185275122555, 36.677794665410026 ], [ -78.348295275770269, 36.67795951417294 ], [ -78.348503852300979, 36.677082258790627 ], [ -78.349613845313996, 36.677247095445153 ], [ -78.35072384319902, 36.677411921838576 ], [ -78.350515291682839, 36.678289180915222 ], [ -78.35162530694717, 36.678453998894476 ] ] ] } },
{ "type": "Feature", "properties": { "id": "51_27", "growth_scenario": "low", "market_gravity_weight": 50 }, "geometry": { "type": "Polygon", "coordinates": [ [ [ -80.040727905035851, 37.19539477510412 ], [ -80.041849174497798, 37.195543929401275 ], [ -80.041659096296712, 37.19642377034787 ], [ -80.042780383093614, 37.196572915963884 ], [ -80.04259031325698, 37.197452758019047 ], [ -80.04146901361014, 37.19730361069437 ], [ -80.041278926437954, 37.198183450440993 ], [ -80.040157618426704, 37.198034291017585 ], [ -80.040347718448942, 37.197154452979817 ], [ -80.039226427773656, 37.197005284875345 ], [ -80.038105141584566, 37.196856106381148 ], [ -80.036983859881957, 37.196706917497195 ], [ -80.035862582666113, 37.196557718223588 ], [ -80.036052729599945, 37.19567788642189 ], [ -80.037173993966647, 37.195827083986366 ], [ -80.038295262819958, 37.195976271161214 ], [ -80.039416536159592, 37.196125447946471 ], [ -80.039606640059489, 37.195245610417366 ], [ -80.039796739473502, 37.194365772287789 ], [ -80.040917991600836, 37.194514935265872 ], [ -80.040727905035851, 37.19539477510412 ] ] ] } },
{ "type": "Feature", "properties": { "id": "51_28", "growth_scenario": "low", "market_gravity_weight": 50 }, "geometry": { "type": "Polygon", "coordinates": [ [ [ -78.860755435418767, 38.468060542726199 ], [ -78.860547894454029, 38.468938238292203 ], [ -78.860340348517582, 38.469815933503163 ], [ -78.860132797609239, 38.470693628359165 ], [ -78.858994510711057, 38.470533586022214 ], [ -78.857856228785209, 38.470373533172328 ], [ -78.858063806054716, 38.469495842148355 ], [ -78.856925542281857, 38.469335780701719 ], [ -78.857133127758928, 38.468458091238752 ], [ -78.857340708263393, 38.467580401420427 ], [ -78.858478945676481, 38.467740459034914 ], [ -78.859617188061719, 38.46790050613685 ], [ -78.859824737234689, 38.467022812131262 ], [ -78.860962971411951, 38.467182846804832 ], [ -78.862101210560581, 38.46734287096583 ], [ -78.861893687747354, 38.468220568802757 ], [ -78.860755435418767, 38.468060542726199 ] ] ] } },
{ "type": "Feature", "properties": { "id": "51_29", "growth_scenario": "low", "market_gravity_weight": 50 }, "geometry": { "type": "Polygon", "coordinates": [ [ [ -77.528134299099293, 39.071350796731451 ], [ -77.527908962422828, 39.072226207682519 ], [ -77.526764300638874, 39.07205386847577 ], [ -77.525619644283594, 39.071881518730272 ], [ -77.524474993357273, 39.071709158446119 ], [ -77.52333034786021, 39.071536787623295 ], [ -77.523555737546715, 39.070661385085408 ], [ -77.524700369791546, 39.070833753804749 ], [ -77.524925740796775, 39.069958348893302 ], [ -77.52515110637313, 39.069082943711628 ], [ -77.526295717543107, 39.069255297686034 ], [ -77.52744033414146, 39.069427641122118 ], [ -77.528584956167904, 39.069599974019738 ], [ -77.528359630347609, 39.070475385510576 ], [ -77.528134299099293, 39.071350796731451 ] ] ] } },
{ "type": "Feature", "properties": { "id": "51_3", "growth_scenario": "low", "market_gravity_weight": 50 }, "geometry": { "type": "Polygon", "coordinates": [ [ [ -77.785796981679255, 38.313728226166532 ], [ -77.786930426709731, 38.313898170614067 ], [ -77.786710500174621, 38.314774006100699 ], [ -77.787843963460844, 38.314943942119299 ], [ -77.787624044689593, 38.315819779189368 ], [ -77.78740412067225, 38.316695615824514 ], [ -77.786270631365639, 38.316525675768347 ], [ -77.786050689091411, 38.317401509949761 ], [ -77.784917192020913, 38.317231557426659 ], [ -77.785137147305591, 38.316355725264252 ], [ -77.784003668492375, 38.316185764312351 ], [ -77.784223631540158, 38.315309933734056 ], [ -77.784443589341009, 38.314434102720476 ], [ -77.7846635418951, 38.313558271271489 ], [ -77.784883489202613, 38.312682439386926 ], [ -77.786016915977669, 38.312852392263196 ], [ -77.785796981679255, 38.313728226166532 ] ] ] } },
{ "type": "Feature", "properties": { "id": "51_30", "growth_scenario": "low", "market_gravity_weight": 50 }, "geometry": { "type": "Polygon", "coordinates": [ [ [ -77.787184191408642, 38.317571452024858 ], [ -77.788317698972335, 38.317741383651963 ], [ -77.788097777473354, 38.318617221436611 ], [ -77.787877850728023, 38.319493058786975 ], [ -77.786744317141853, 38.319323123122089 ], [ -77.786524372138302, 38.320198958019233 ], [ -77.785390830787478, 38.320029009886895 ], [ -77.785170867525167, 38.320904842330854 ], [ -77.784037318410071, 38.320734881730779 ], [ -77.784257294683968, 38.319859051306231 ], [ -77.784477265710294, 38.31898322044745 ], [ -77.784697231489204, 38.318107389154349 ], [ -77.784917192020913, 38.317231557426659 ], [ -77.786050689091411, 38.317401509949761 ], [ -77.786270631365639, 38.316525675768347 ], [ -77.78740412067225, 38.316695615824514 ], [ -77.787184191408642, 38.317571452024858 ] ] ] } },
{ "type": "Feature", "properties": { "id": "51_31", "growth_scenario": "low", "market_gravity_weight": 50 }, "geometry": { "type": "Polygon", "coordinates": [ [ [ -77.791244384793785, 38.315453687488514 ], [ -77.791024505053812, 38.316329530614169 ], [ -77.790804620068585, 38.317205373305157 ], [ -77.789671115024021, 38.317035464592983 ], [ -77.789451211782193, 38.317911304830844 ], [ -77.788317698972335, 38.317741383651963 ], [ -77.787184191408642, 38.317571452024858 ], [ -77.78740412067225, 38.316695615824514 ], [ -77.787624044689593, 38.315819779189368 ], [ -77.787843963460844, 38.314943942119299 ], [ -77.7880638769862, 38.314068104614044 ], [ -77.789197332508365, 38.314238028166379 ], [ -77.790330793275984, 38.31440794127105 ], [ -77.790110905770732, 38.31528378281326 ], [ -77.791244384793785, 38.315453687488514 ] ] ] } },
{ "type": "Feature", "properties": { "id": "51_32", "growth_scenario": "low", "market_gravity_weight": 50 }, "geometry": { "type": "Polygon", "coordinates": [ [ [ -77.790770552551265, 38.312656256880899 ], [ -77.791903992544235, 38.312826155501398 ], [ -77.791684128538819, 38.313701999932299 ], [ -77.79055067553611, 38.313532099293681 ], [ -77.790330793275984, 38.31440794127105 ], [ -77.789197332508365, 38.314238028166379 ], [ -77.789417227778344, 38.313362188207343 ], [ -77.788283785265818, 38.31319226667344 ], [ -77.788503688299926, 38.312316428297336 ], [ -77.787370264042124, 38.312146498334378 ], [ -77.787590174839778, 38.311270661540881 ], [ -77.787810080391992, 38.310394824311466 ], [ -77.788943478632277, 38.31056475023771 ], [ -77.790076882117518, 38.310734665716751 ], [ -77.791210290847445, 38.310904570748527 ], [ -77.790990424321663, 38.311780414032604 ], [ -77.790770552551265, 38.312656256880899 ] ] ] } },
{ "type": "Feature", "properties": { "id": "51_33", "growth_scenario": "low", "market_gravity_weight": 50 }, "geometry": { "type": "Polygon", "coordinates": [ [ [ -77.28765812991179, 38.693733251897321 ], [ -77.2874310771777, 38.694608183726551 ], [ -77.288569256740118, 38.694782719028552 ], [ -77.289707441740958, 38.694957243853651 ], [ -77.290845632179938, 38.695131758201789 ], [ -77.291983828056772, 38.695306262072918 ], [ -77.293122029371162, 38.695480755466868 ], [ -77.292895036646641, 38.696355697425922 ], [ -77.291756822242206, 38.696181201932362 ], [ -77.290618613275527, 38.6960066959616 ], [ -77.289480409746901, 38.695832179513715 ], [ -77.289253372314477, 38.6967071148052 ], [ -77.288115161134442, 38.696532585780226 ], [ -77.288342211656584, 38.695657652588707 ], [ -77.287204019004903, 38.695483115186718 ], [ -77.286065831792129, 38.695308567307848 ], [ -77.28492765001856, 38.695134008952124 ], [ -77.285154734369314, 38.694259081692195 ], [ -77.286292903054004, 38.694433637947704 ], [ -77.286519968876874, 38.693558708218504 ], [ -77.286747029260937, 38.69268377812007 ], [ -77.287885177207343, 38.692858319698978 ], [ -77.28765812991179, 38.693733251897321 ] ] ] } },
{ "type": "Feature", "properties": { "id": "51_34", "growth_scenario": "low", "market_gravity_weight": 50 }, "geometry": { "type": "Polygon", "coordinates": [ [ [ -77.274236071993784, 38.708959931590599 ], [ -77.274008811142508, 38.709834839625501 ], [ -77.273781544846543, 38.710709747294338 ], [ -77.27264315243761, 38.710535075667366 ], [ -77.271504765473836, 38.710360393562091 ], [ -77.270366383955533, 38.710185700978563 ], [ -77.269228007882944, 38.710010997916932 ], [ -77.269455326549746, 38.709136098659464 ], [ -77.269682639770707, 38.708261199035604 ], [ -77.270820989658731, 38.70843589789132 ], [ -77.271048284342214, 38.707560995798083 ], [ -77.272186626583562, 38.707735682073171 ], [ -77.273324974269784, 38.707910357870361 ], [ -77.273097705770567, 38.708785264168924 ], [ -77.274236071993784, 38.708959931590599 ] ] ] } },
{ "type": "Feature", "properties": { "id": "51_35", "growth_scenario": "low", "market_gravity_weight": 50 }, "geometry": { "type": "Polygon", "coordinates": [ [ [ -77.199997495926283, 38.748500815703437 ], [ -77.201136306240727, 38.748676156567257 ], [ -77.200908045688607, 38.749550932546683 ], [ -77.20204687457236, 38.749726265043506 ], [ -77.201818621648528, 38.750601042776275 ], [ -77.20067977966572, 38.750425708166048 ], [ -77.200451508171881, 38.751300483425645 ], [ -77.199312658560899, 38.751125136221262 ], [ -77.198173814421367, 38.750949778536452 ], [ -77.198402112113286, 38.750075007504172 ], [ -77.197263286544214, 38.749899641452679 ], [ -77.197491591863042, 38.749024872174147 ], [ -77.19771989171025, 38.748150102535284 ], [ -77.198858691082691, 38.748325464359432 ], [ -77.19908697236059, 38.747450692246595 ], [ -77.200225764106079, 38.747626041477169 ], [ -77.199997495926283, 38.748500815703437 ] ] ] } },
{ "type": "Feature", "properties": { "id": "51_36", "growth_scenario": "low", "market_gravity_weight": 50 }, "geometry": { "type": "Polygon", "coordinates": [ [ [ -78.371121276048413, 36.678622455253212 ], [ -78.372231341430322, 36.678787082983163 ], [ -78.372023037318769, 36.679664378688102 ], [ -78.371814728340752, 36.680541673616908 ], [ -78.370704637938573, 36.680377042196817 ], [ -78.370496311583395, 36.681254334504501 ], [ -78.369386213537709, 36.681089690976719 ], [ -78.36827612035934, 36.680925037186569 ], [ -78.368484471735101, 36.680047748569628 ], [ -78.367374395934377, 36.679883086362707 ], [ -78.367582754952466, 36.679005798814984 ], [ -78.368692818243417, 36.679170459176476 ], [ -78.368901159884487, 36.678293169007041 ], [ -78.37001121553304, 36.678457817261169 ], [ -78.370219539797617, 36.677580524469988 ], [ -78.37132958780343, 36.677745160616979 ], [ -78.371121276048413, 36.678622455253212 ] ] ] } },
{ "type": "Feature", "properties": { "id": "51_37", "growth_scenario": "low", "market_gravity_weight": 50 }, "geometry": { "type": "Polygon", "coordinates": [ [ [ -79.919772712271993, 37.337668161501433 ], [ -79.920895881852061, 37.337818427607644 ], [ -79.920704010605405, 37.33869803182278 ], [ -79.921827197608096, 37.338848289255161 ], [ -79.921635334713571, 37.339727894627543 ], [ -79.922758539139181, 37.339878143385945 ], [ -79.922566684597399, 37.340757749915916 ], [ -79.921443467283751, 37.340607499427634 ], [ -79.920320254505583, 37.34045723853535 ], [ -79.919197046263193, 37.340306967239059 ], [ -79.918073842556865, 37.340156685538844 ], [ -79.918265748649873, 37.339277085929126 ], [ -79.918457650206705, 37.338397485746803 ], [ -79.918649547227503, 37.337517884991648 ], [ -79.918841439712423, 37.336638283663504 ], [ -79.919964591870212, 37.336788558443317 ], [ -79.919772712271993, 37.337668161501433 ] ] ] } },
{ "type": "Feature", "properties": { "id": "51_38", "growth_scenario": "low", "market_gravity_weight": 50 }, "geometry": { "type": "Polygon", "coordinates": [ [ [ -79.917334476811249, 37.338247197103215 ], [ -79.917142562367303, 37.339126795555337 ], [ -79.916950643386883, 37.340006393434805 ], [ -79.916758719869833, 37.340885990741683 ], [ -79.915635512348942, 37.340735686503294 ], [ -79.915443571407295, 37.341615281507352 ], [ -79.914320355535821, 37.341464965134442 ], [ -79.914512309365151, 37.340585371861067 ], [ -79.913389110918715, 37.340435046815031 ], [ -79.913581073097873, 37.339555454699862 ], [ -79.913773030739549, 37.338675862012039 ], [ -79.914896203411857, 37.338826183596737 ], [ -79.915088143629561, 37.337946588605433 ], [ -79.916211307952096, 37.338096898056129 ], [ -79.916403230746411, 37.337217300761402 ], [ -79.917526386718876, 37.337367598078274 ], [ -79.917334476811249, 37.338247197103215 ] ] ] } },
{ "type": "Feature", "properties": { "id": "51_39", "growth_scenario": "low", "market_gravity_weight": 50 }, "geometry": { "type": "Polygon", "coordinates": [ [ [ -78.357102262782135, 36.689257398562702 ], [ -78.35689375288247, 36.690134663105539 ], [ -78.355783553396805, 36.689969894795055 ], [ -78.354673358783174, 36.689805116221606 ], [ -78.354464818987466, 36.690682376295257 ], [ -78.353354616734293, 36.690517585611396 ], [ -78.353563169041877, 36.689640327385341 ], [ -78.352452984173183, 36.689475528286231 ], [ -78.352661544119599, 36.688598271133081 ], [ -78.353771716476857, 36.688763068384624 ], [ -78.353980259039403, 36.687885808609025 ], [ -78.355090423757773, 36.688050593750468 ], [ -78.355298948936991, 36.687173331352575 ], [ -78.356409106016102, 36.687338104384182 ], [ -78.357519267966765, 36.687502867153135 ], [ -78.357310767810191, 36.688380133245268 ], [ -78.357102262782135, 36.689257398562702 ] ] ] } },
{ "type": "Feature", "properties": { "id": "51_4", "growth_scenario": "low", "market_gravity_weight": 50 }, "geometry": { "type": "Polygon", "coordinates": [ [ [ -77.262848547809284, 38.693565183249341 ], [ -77.263986652354816, 38.69373994485597 ], [ -77.263759316102593, 38.694614833182669 ], [ -77.264897439179435, 38.694789586416029 ], [ -77.264670110568531, 38.695664476475251 ], [ -77.264442776512482, 38.696539366164721 ], [ -77.263304627262215, 38.696364608726313 ], [ -77.263077274673691, 38.697239495943528 ], [ -77.261939117782106, 38.69706472592631 ], [ -77.262166483457577, 38.696189840811854 ], [ -77.262393843687121, 38.695314955327696 ], [ -77.261255718414859, 38.695140179040123 ], [ -77.261483086284869, 38.694265295288751 ], [ -77.260344979544584, 38.694090510628293 ], [ -77.260572355054478, 38.693215628609437 ], [ -77.261710448709081, 38.693390411167165 ], [ -77.261937805687651, 38.692515526675123 ], [ -77.263075891702272, 38.69269029665481 ], [ -77.262848547809284, 38.693565183249341 ] ] ] } },
{ "type": "Feature", "properties": { "id": "51_40", "growth_scenario": "low", "market_gravity_weight": 50 }, "geometry": { "type": "Polygon", "coordinates": [ [ [ -78.889527802942254, 38.455779348886672 ], [ -78.889320641328425, 38.456657092964484 ], [ -78.890458778870936, 38.456816855231985 ], [ -78.890665927305903, 38.455939109242451 ], [ -78.891804056631159, 38.456098859085955 ], [ -78.891596921375211, 38.456976606987169 ], [ -78.891389781157784, 38.457854354531804 ], [ -78.891182635978694, 38.45873210171996 ], [ -78.890044467115473, 38.458572346141267 ], [ -78.890251625474178, 38.457694600864905 ], [ -78.889113474752506, 38.457534836685532 ], [ -78.88890630321437, 38.458412580049945 ], [ -78.888699126713789, 38.459290323057985 ], [ -78.887560954595543, 38.459130544542035 ], [ -78.887768144275697, 38.458252803446115 ], [ -78.887975328993107, 38.457375061993716 ], [ -78.888182508747974, 38.456497320184646 ], [ -78.887044381129911, 38.456337536892576 ], [ -78.88725156910094, 38.455459796638564 ], [ -78.888389683540495, 38.455619578018698 ], [ -78.888596853370828, 38.454741835495689 ], [ -78.889734959594193, 38.454901604451877 ], [ -78.889527802942254, 38.455779348886672 ] ] ] } },
{ "type": "Feature", "properties": { "id": "51_41", "growth_scenario": "low", "market_gravity_weight": 50 }, "geometry": { "type": "Polygon", "coordinates": [ [ [ -77.47822979550206, 38.9928916540401 ], [ -77.479373096757541, 38.993064438002115 ], [ -77.479147415881727, 38.993939748840134 ], [ -77.478921729575646, 38.994815059387783 ], [ -77.478696037839114, 38.995690369645388 ], [ -77.477552696926566, 38.995517579375907 ], [ -77.476409361444993, 38.995344778580353 ], [ -77.475266031394639, 38.995171967258827 ], [ -77.47412270677583, 38.994999145411377 ], [ -77.474348451388465, 38.994123843564715 ], [ -77.47549176278855, 38.994296663309264 ], [ -77.475717488751101, 38.993421359069352 ], [ -77.476860792363894, 38.993594166185375 ], [ -77.477086499676972, 38.992718859552305 ], [ -77.477312201559386, 38.991843552628524 ], [ -77.478455484166233, 38.992016345013958 ], [ -77.47822979550206, 38.9928916540401 ] ] ] } },
{ "type": "Feature", "properties": { "id": "51_42", "growth_scenario": "low", "market_gravity_weight": 50 }, "geometry": { "type": "Polygon", "coordinates": [ [ [ -78.354464818987466, 36.690682376295257 ], [ -78.354256274319255, 36.691559635594473 ], [ -78.353146059553936, 36.691394843063023 ], [ -78.352937497500648, 36.692272099740308 ], [ -78.351827275095999, 36.692107295098069 ], [ -78.351618695657081, 36.69298454915338 ], [ -78.350508465613487, 36.692819732400103 ], [ -78.350717057564751, 36.691942480192758 ], [ -78.349606844907157, 36.691777655024516 ], [ -78.349815444496684, 36.690900403890915 ], [ -78.350024039212485, 36.690023151982814 ], [ -78.351134226846526, 36.690187973455096 ], [ -78.351342804177364, 36.689310718924432 ], [ -78.352452984173183, 36.689475528286231 ], [ -78.353563169041877, 36.689640327385341 ], [ -78.353354616734293, 36.690517585611396 ], [ -78.354464818987466, 36.690682376295257 ] ] ] } },
{ "type": "Feature", "properties": { "id": "51_43", "growth_scenario": "low", "market_gravity_weight": 50 }, "geometry": { "type": "Polygon", "coordinates": [ [ [ -78.35805224034263, 39.00086495315545 ], [ -78.3578371170357, 39.0017418251701 ], [ -78.358982597453746, 39.001906500381764 ], [ -78.358767482281038, 39.002783374153857 ], [ -78.35855236192242, 39.003660247675903 ], [ -78.35740685486364, 39.003495568448308 ], [ -78.35626135299124, 39.003330878655447 ], [ -78.355115856305531, 39.003166178297455 ], [ -78.355331016625158, 39.002289310799824 ], [ -78.354185538446401, 39.002124601885079 ], [ -78.354400706898886, 39.001247736145309 ], [ -78.355546171757979, 39.001412443051827 ], [ -78.355761321704179, 39.000535575053227 ], [ -78.356906778430343, 39.000700269386726 ], [ -78.357121909870855, 38.999823399129355 ], [ -78.358267358463706, 38.999988080890212 ], [ -78.35805224034263, 39.00086495315545 ] ] ] } },
{ "type": "Feature", "properties": { "id": "51_44", "growth_scenario": "low", "market_gravity_weight": 50 }, "geometry": { "type": "Polygon", "coordinates": [ [ [ -78.879406023831166, 38.409015921453779 ], [ -78.879198873171333, 38.4098936492652 ], [ -78.880336262927358, 38.410053505158203 ], [ -78.881473657641635, 38.410213350545511 ], [ -78.881266528346003, 38.411091081808131 ], [ -78.881059394092262, 38.411968812702987 ], [ -78.879921973054749, 38.411808963496398 ], [ -78.878784556975859, 38.411649103783986 ], [ -78.87899171755295, 38.41077137670856 ], [ -78.877854319594363, 38.410611508400208 ], [ -78.878061488373859, 38.409733782866674 ], [ -78.876924108535221, 38.409573905962603 ], [ -78.87578673365573, 38.409414018553086 ], [ -78.875993923797495, 38.408536296471155 ], [ -78.876201108980027, 38.407658574020658 ], [ -78.877338457538869, 38.407818457610368 ], [ -78.878475811056504, 38.407978330694853 ], [ -78.878268652194521, 38.408856056964908 ], [ -78.879406023831166, 38.409015921453779 ] ] ] } },
{ "type": "Feature", "properties": { "id": "51_45", "growth_scenario": "low", "market_gravity_weight": 50 }, "geometry": { "type": "Polygon", "coordinates": [ [ [ -77.444022197033192, 39.019548657487476 ], [ -77.443796008541185, 39.020423907718339 ], [ -77.444939660722284, 39.020597009588123 ], [ -77.444713480011004, 39.021472261641598 ], [ -77.443569814605112, 39.021299157663591 ], [ -77.442426154643471, 39.021126043157395 ], [ -77.441282500126391, 39.020952918123314 ], [ -77.440138851054144, 39.020779782561164 ], [ -77.438995207427041, 39.020606636471207 ], [ -77.439221454260363, 39.019731394959834 ], [ -77.440365084663455, 39.019904538941176 ], [ -77.440591312827806, 39.019029295035345 ], [ -77.44081753554741, 39.018154050843428 ], [ -77.441961144947882, 39.018327180080227 ], [ -77.443104759792632, 39.018500298789426 ], [ -77.44287856352048, 39.019375547197875 ], [ -77.444022197033192, 39.019548657487476 ] ] ] } },
{ "type": "Feature", "properties": { "id": "51_46", "growth_scenario": "low", "market_gravity_weight": 50 }, "geometry": { "type": "Polygon", "coordinates": [ [ [ -78.350024039212485, 36.690023151982814 ], [ -78.349815444496684, 36.690900403890915 ], [ -78.349606844907157, 36.691777655024516 ], [ -78.349398240443705, 36.692654905383783 ], [ -78.348288020148004, 36.692490068104455 ], [ -78.348496637123461, 36.691612819593381 ], [ -78.347386434213973, 36.691447973899358 ], [ -78.346276236178952, 36.691283117942604 ], [ -78.346484873303197, 36.690405872353615 ], [ -78.345374692654147, 36.690241007982507 ], [ -78.345583337414809, 36.689363763467071 ], [ -78.346693505552892, 36.689528625989823 ], [ -78.346902132928207, 36.688651378851155 ], [ -78.348012293429832, 36.688816229263253 ], [ -78.347803678565384, 36.689693478250128 ], [ -78.348913856452, 36.689858320247744 ], [ -78.349122458805425, 36.688981069412854 ], [ -78.350232629054688, 36.689145899299945 ], [ -78.350024039212485, 36.690023151982814 ] ] ] } },
{ "type": "Feature", "properties": { "id": "51_47", "growth_scenario": "low", "market_gravity_weight": 50 }, "geometry": { "type": "Polygon", "coordinates": [ [ [ -77.532298860201209, 39.082889663133649 ], [ -77.533443705792692, 39.083061951698802 ], [ -77.533218396762592, 39.083937374154303 ], [ -77.532993082303832, 39.08481279634313 ], [ -77.531848210196699, 39.084640503570995 ], [ -77.531622877050836, 39.085515923389835 ], [ -77.530477997114772, 39.085343617973201 ], [ -77.529333122608307, 39.085171302015794 ], [ -77.529558482270104, 39.08429588640454 ], [ -77.52841362645124, 39.084123562010426 ], [ -77.528638993940717, 39.083248148236372 ], [ -77.52978383650219, 39.08342047052659 ], [ -77.530009185304735, 39.082545054381832 ], [ -77.531154020038457, 39.082717364027928 ], [ -77.53137935015468, 39.081841945512544 ], [ -77.532524177060239, 39.082014242514745 ], [ -77.532298860201209, 39.082889663133649 ] ] ] } },
{ "type": "Feature", "properties": { "id": "51_48", "growth_scenario": "low", "market_gravity_weight": 50 }, "geometry": { "type": "Polygon", "coordinates": [ [ [ -78.374797189822175, 36.687341191125299 ], [ -78.374588891957998, 36.688218487234025 ], [ -78.374380589226945, 36.689095782568586 ], [ -78.373270366749168, 36.688931175592124 ], [ -78.373062046637386, 36.68980846830722 ], [ -78.371951816513445, 36.689643849221646 ], [ -78.372160149138693, 36.688766558352185 ], [ -78.371049936395835, 36.688601930848868 ], [ -78.371258276666552, 36.687724641050998 ], [ -78.371466612069582, 36.686847350478693 ], [ -78.370356429220067, 36.686682716403439 ], [ -78.370564772267926, 36.685805426902142 ], [ -78.371674942605082, 36.68597005913184 ], [ -78.372785117809627, 36.686134681098459 ], [ -78.373895297881234, 36.686299292801941 ], [ -78.373686992370907, 36.687176587839687 ], [ -78.374797189822175, 36.687341191125299 ] ] ] } },
{ "type": "Feature", "properties": { "id": "51_49", "growth_scenario": "low", "market_gravity_weight": 50 }, "geometry": { "type": "Polygon", "coordinates": [ [ [ -78.346350870242631, 36.681303671777222 ], [ -78.347460920921066, 36.681468527930178 ], [ -78.347252320026328, 36.682345779427408 ], [ -78.346142256839528, 36.682180921426671 ], [ -78.345933638562826, 36.683058170299624 ], [ -78.344823567741145, 36.682893300189455 ], [ -78.345032198526297, 36.682016053164439 ], [ -78.34392214508695, 36.681851174640592 ], [ -78.342812096521712, 36.681686285855378 ], [ -78.34302074744889, 36.68080904174964 ], [ -78.343229393501829, 36.679931796866867 ], [ -78.344339417051629, 36.680096681956194 ], [ -78.344548045723201, 36.679219434448477 ], [ -78.345658061639298, 36.679384307428741 ], [ -78.346768082428767, 36.679549170147837 ], [ -78.346559478772306, 36.680426421350944 ], [ -78.346350870242631, 36.681303671777222 ] ] ] } },
{ "type": "Feature", "properties": { "id": "51_5", "growth_scenario": "low", "market_gravity_weight": 50 }, "geometry": { "type": "Polygon", "coordinates": [ [ [ -78.357868558298037, 36.681197232957153 ], [ -78.356758488789964, 36.681032472853822 ], [ -78.356549997709962, 36.681909740681377 ], [ -78.35543992056337, 36.681744968469431 ], [ -78.355231412103109, 36.682622233673925 ], [ -78.354121327318325, 36.682457449353166 ], [ -78.353912801477279, 36.683334711934556 ], [ -78.352802709054657, 36.683169915504727 ], [ -78.351692621503986, 36.683005108812971 ], [ -78.351901172363597, 36.682127849925898 ], [ -78.352109718351159, 36.681250590262515 ], [ -78.353219780883691, 36.681415393259947 ], [ -78.354329848287861, 36.681580185995614 ], [ -78.354538364386016, 36.680702921861709 ], [ -78.355648424152534, 36.680867702488641 ], [ -78.355856922870785, 36.679990435731369 ], [ -78.35696697499931, 36.680155204249857 ], [ -78.358077031998334, 36.680319962506601 ], [ -78.359187093867533, 36.680484710501538 ], [ -78.358978632676468, 36.681361982798528 ], [ -78.357868558298037, 36.681197232957153 ] ] ] } },
{ "type": "Feature", "properties": { "id": "51_50", "growth_scenario": "low", "market_gravity_weight": 50 }, "geometry": { "type": "Polygon", "coordinates": [ [ [ -77.786203062879949, 38.307427438920953 ], [ -77.787336411606375, 38.307597379686321 ], [ -77.787116508781821, 38.308473216206842 ], [ -77.788249875760812, 38.308643148543744 ], [ -77.788029980698951, 38.309518986645735 ], [ -77.786896600712083, 38.309349052290692 ], [ -77.786676687396977, 38.31022488793807 ], [ -77.785543299647529, 38.310054941117635 ], [ -77.78440991714389, 38.309884983850182 ], [ -77.784629856474737, 38.309009152239781 ], [ -77.783496492224828, 38.308839186544105 ], [ -77.783716439317018, 38.307963356515586 ], [ -77.783936381163201, 38.307087526050161 ], [ -77.785069719398791, 38.307257487708874 ], [ -77.785289642992382, 38.306381654787927 ], [ -77.786422973466614, 38.306551603981703 ], [ -77.786203062879949, 38.307427438920953 ] ] ] } },
{ "type": "Feature", "properties": { "id": "51_51", "growth_scenario": "low", "market_gravity_weight": 50 }, "geometry": { "type": "Polygon", "coordinates": [ [ [ -77.38151176990047, 37.670243791483117 ], [ -77.38128896282528, 37.671118980006469 ], [ -77.380166293411335, 37.670945281693911 ], [ -77.379043629262, 37.670771573034941 ], [ -77.378820791442052, 37.671646756931587 ], [ -77.377698119817623, 37.671473035911902 ], [ -77.376575453458543, 37.671299304545776 ], [ -77.376798316758183, 37.670424124677801 ], [ -77.37567566840427, 37.67025038497983 ], [ -77.375898539177811, 37.669375206527619 ], [ -77.377021174792432, 37.669548944211151 ], [ -77.377244027561431, 37.668673763145698 ], [ -77.378366655702081, 37.668847488468884 ], [ -77.379489289107497, 37.669021203445908 ], [ -77.380611927777394, 37.669194908076797 ], [ -77.38038911322657, 37.670070095184627 ], [ -77.38151176990047, 37.670243791483117 ] ] ] } },
{ "type": "Feature", "properties": { "id": "51_6", "growth_scenario": "low", "market_gravity_weight": 50 }, "geometry": { "type": "Polygon", "coordinates": [ [ [ -77.466373624313349, 39.002012487204304 ], [ -77.466147759268381, 39.002887775636552 ], [ -77.465004335053123, 39.002714869594534 ], [ -77.464778451352146, 39.003590155633546 ], [ -77.463635019351798, 39.003417236960267 ], [ -77.463409116994242, 39.004292520605865 ], [ -77.462265677209217, 39.004119589301197 ], [ -77.461122242860668, 39.003946647470016 ], [ -77.461348171659424, 39.003071368034249 ], [ -77.461574095021589, 39.002196088309603 ], [ -77.462717502929436, 39.002369025930982 ], [ -77.462943407635308, 39.001493743812397 ], [ -77.463169306905272, 39.000618461404628 ], [ -77.464312693809291, 39.000791384290338 ], [ -77.46545608614872, 39.00096429664984 ], [ -77.465230213318591, 39.001839583266701 ], [ -77.466373624313349, 39.002012487204304 ] ] ] } },
{ "type": "Feature", "properties": { "id": "51_7", "growth_scenario": "low", "market_gravity_weight": 50 }, "geometry": { "type": "Polygon", "coordinates": [ [ [ -78.348429508537009, 36.68706172896421 ], [ -78.348638108780079, 36.686184477651715 ], [ -78.349748236624194, 36.686349312257633 ], [ -78.350858369341481, 36.686514136601367 ], [ -78.351968506931669, 36.686678950682818 ], [ -78.351759944219765, 36.687556207538456 ], [ -78.352870099193325, 36.687721013205014 ], [ -78.353980259039403, 36.687885808609025 ], [ -78.353771716476857, 36.688763068384624 ], [ -78.352661544119599, 36.688598271133081 ], [ -78.352452984173183, 36.689475528286231 ], [ -78.351342804177364, 36.689310718924432 ], [ -78.351134226846526, 36.690187973455096 ], [ -78.350024039212485, 36.690023151982814 ], [ -78.350232629054688, 36.689145899299945 ], [ -78.350441214023462, 36.688268645842243 ], [ -78.349331056285138, 36.688103817803004 ], [ -78.349539648891337, 36.68722656541798 ], [ -78.348429508537009, 36.68706172896421 ] ] ] } },
{ "type": "Feature", "properties": { "id": "51_8", "growth_scenario": "low", "market_gravity_weight": 50 }, "geometry": { "type": "Polygon", "coordinates": [ [ [ -78.351484065772112, 36.683882366923875 ], [ -78.351275505167877, 36.684759624258767 ], [ -78.351066939691037, 36.685636880817889 ], [ -78.349956819483879, 36.685472058321785 ], [ -78.349748236624194, 36.686349312257633 ], [ -78.348638108780079, 36.686184477651715 ], [ -78.348846704149722, 36.685307225563569 ], [ -78.347736593688836, 36.685142382543191 ], [ -78.347945196694695, 36.684265131527027 ], [ -78.346835103616712, 36.684100280092558 ], [ -78.347043714258263, 36.683223030148113 ], [ -78.348153794827184, 36.683387879734859 ], [ -78.348362388086443, 36.682510627166423 ], [ -78.349472461019602, 36.682675464643715 ], [ -78.350582538825535, 36.682840291859279 ], [ -78.350373970584371, 36.683717548122743 ], [ -78.351484065772112, 36.683882366923875 ] ] ] } },
{ "type": "Feature", "properties": { "id": "51_9", "growth_scenario": "low", "market_gravity_weight": 50 }, "geometry": { "type": "Polygon", "coordinates": [ [ [ -77.788503688299926, 38.312316428297336 ], [ -77.788283785265818, 38.31319226667344 ], [ -77.789417227778344, 38.313362188207343 ], [ -77.789197332508365, 38.314238028166379 ], [ -77.7880638769862, 38.314068104614044 ], [ -77.787843963460844, 38.314943942119299 ], [ -77.786710500174621, 38.314774006100699 ], [ -77.786930426709731, 38.313898170614067 ], [ -77.785796981679255, 38.313728226166532 ], [ -77.786016915977669, 38.312852392263196 ], [ -77.784883489202613, 38.312682439386926 ], [ -77.783750067673921, 38.312512476063375 ], [ -77.783970022743688, 38.311636645761766 ], [ -77.785103431263721, 38.311806607066529 ], [ -77.785323368078636, 38.310930774310165 ], [ -77.786456768836345, 38.311100723149103 ], [ -77.787590174839778, 38.311270661540881 ], [ -77.787370264042124, 38.312146498334378 ], [ -77.788503688299926, 38.312316428297336 ] ] ] } },
{ "type": "Feature", "properties": { "id": "53_0", "growth_scenario": "low", "market_gravity_weight": 50 }, "geometry": { "type": "Polygon", "coordinates": [ [ [ -119.903412566160384, 47.247618975093829 ], [ -119.904684951486942, 47.247393876302546 ], [ -119.905957328057738, 47.247168765953631 ], [ -119.906284329070203, 47.248044713183219 ], [ -119.906611338839127, 47.248920662216925 ], [ -119.905338930446703, 47.249145779919346 ], [ -119.904066513297835, 47.249370886063815 ], [ -119.902794087392891, 47.249595980650241 ], [ -119.901521652732214, 47.249821063678453 ], [ -119.900249209316215, 47.25004613514826 ], [ -119.899922279105709, 47.249170167731869 ], [ -119.901194706609346, 47.248945099938275 ], [ -119.900867769241458, 47.248069138002862 ], [ -119.902140172078447, 47.24784406232731 ], [ -119.901813227553916, 47.246968105872426 ], [ -119.903085605724911, 47.24674302231508 ], [ -119.903412566160384, 47.247618975093829 ] ] ] } },
{ "type": "Feature", "properties": { "id": "53_1", "growth_scenario": "low", "market_gravity_weight": 50 }, "geometry": { "type": "Polygon", "coordinates": [ [ [ -119.900867769241458, 47.248069138002862 ], [ -119.901194706609346, 47.248945099938275 ], [ -119.899922279105709, 47.249170167731869 ], [ -119.900249209316215, 47.25004613514826 ], [ -119.898976757145206, 47.250271195059625 ], [ -119.897704296219587, 47.250496243412307 ], [ -119.897377397834831, 47.249620268643774 ], [ -119.896104944068355, 47.249845301761894 ], [ -119.895778070350559, 47.248969325123021 ], [ -119.897050508204003, 47.248744295680559 ], [ -119.89672362732675, 47.247868324522358 ], [ -119.8979960405143, 47.24764328719705 ], [ -119.899268444948248, 47.247418238313479 ], [ -119.900540840628253, 47.247193177871914 ], [ -119.901813227553916, 47.246968105872426 ], [ -119.902140172078447, 47.24784406232731 ], [ -119.900867769241458, 47.248069138002862 ] ] ] } },
{ "type": "Feature", "properties": { "id": "53_2", "growth_scenario": "low", "market_gravity_weight": 50 }, "geometry": { "type": "Polygon", "coordinates": [ [ [ -119.904649411565742, 47.243664995069381 ], [ -119.905921715742949, 47.243439887868348 ], [ -119.906248697641757, 47.244315824208805 ], [ -119.906575688296044, 47.245191762351872 ], [ -119.90784801553545, 47.244966636241443 ], [ -119.90817503085475, 47.245842572510888 ], [ -119.906902687706136, 47.246067702297921 ], [ -119.905630335801405, 47.246292820527756 ], [ -119.904357975140869, 47.246517927200159 ], [ -119.903085605724911, 47.24674302231508 ], [ -119.902758654044518, 47.245867071340214 ], [ -119.902431711118837, 47.244991122168763 ], [ -119.903704048714658, 47.244766034405899 ], [ -119.903377098633797, 47.243890090713464 ], [ -119.903050157307362, 47.243014148823725 ], [ -119.904322454330497, 47.242789056855436 ], [ -119.904649411565742, 47.243664995069381 ] ] ] } },
{ "type": "Feature", "properties": { "id": "53_3", "growth_scenario": "low", "market_gravity_weight": 50 }, "geometry": { "type": "Polygon", "coordinates": [ [ [ -119.902104776947496, 47.244115174800548 ], [ -119.902431711118837, 47.244991122168763 ], [ -119.902758654044518, 47.245867071340214 ], [ -119.90148629178411, 47.246092151221447 ], [ -119.90021392076936, 47.246317219545126 ], [ -119.898941541000625, 47.246542276310976 ], [ -119.897669152478272, 47.246767321518981 ], [ -119.89734227319552, 47.245891357645107 ], [ -119.897015402665659, 47.24501539557513 ], [ -119.898287759365871, 47.244790357717818 ], [ -119.897960881678046, 47.243914401126538 ], [ -119.899233213715178, 47.243689355386749 ], [ -119.900505536999347, 47.243464298089549 ], [ -119.900832446507167, 47.244340247330328 ], [ -119.902104776947496, 47.244115174800548 ] ] ] } },
{ "type": "Feature", "properties": { "id": "53_4", "growth_scenario": "low", "market_gravity_weight": 50 }, "geometry": { "type": "Polygon", "coordinates": [ [ [ -119.908793311547015, 47.243865567783935 ], [ -119.91006560536556, 47.243640422236496 ], [ -119.910392643745325, 47.244516349349922 ], [ -119.911664944715099, 47.244291188569157 ], [ -119.911992007759949, 47.245167113807987 ], [ -119.910719690882019, 47.245392278265754 ], [ -119.911046746775952, 47.246268208984354 ], [ -119.909774405231872, 47.246493365562401 ], [ -119.90850205493058, 47.246718510583428 ], [ -119.907229695872388, 47.246943644047221 ], [ -119.906902687706136, 47.246067702297921 ], [ -119.90817503085475, 47.245842572510888 ], [ -119.90784801553545, 47.244966636241443 ], [ -119.906575688296044, 47.245191762351872 ], [ -119.906248697641757, 47.244315824208805 ], [ -119.90752100897231, 47.244090701774759 ], [ -119.907194011164989, 47.24321476911053 ], [ -119.908466297831581, 47.242989638796089 ], [ -119.908793311547015, 47.243865567783935 ] ] ] } },
{ "type": "Feature", "properties": { "id": "53_5", "growth_scenario": "low", "market_gravity_weight": 50 }, "geometry": { "type": "Polygon", "coordinates": [ [ [ -119.896104944068355, 47.249845301761894 ], [ -119.897377397834831, 47.249620268643774 ], [ -119.897704296219587, 47.250496243412307 ], [ -119.896431826539711, 47.250721280206221 ], [ -119.895159348105949, 47.250946305441211 ], [ -119.893886860918641, 47.251171319117176 ], [ -119.892614364978201, 47.251396321233855 ], [ -119.891341860284967, 47.251621311791183 ], [ -119.891015041470652, 47.250745318644952 ], [ -119.892287530249106, 47.250520331762878 ], [ -119.891960704272506, 47.249644344097952 ], [ -119.893233168384455, 47.249419349331838 ], [ -119.892906335246195, 47.248543367147647 ], [ -119.894178774692335, 47.24831836449777 ], [ -119.895451205385967, 47.248093350289317 ], [ -119.895778070350559, 47.248969325123021 ], [ -119.896104944068355, 47.249845301761894 ] ] ] } },
{ "type": "Feature", "properties": { "id": "53_6", "growth_scenario": "low", "market_gravity_weight": 50 }, "geometry": { "type": "Polygon", "coordinates": [ [ [ -119.902396300916223, 47.241262270451251 ], [ -119.903668566122874, 47.241037185833839 ], [ -119.903995505849664, 47.241913120443648 ], [ -119.904322454330497, 47.242789056855436 ], [ -119.903050157307362, 47.243014148823725 ], [ -119.903377098633797, 47.243890090713464 ], [ -119.903704048714658, 47.244766034405899 ], [ -119.902431711118837, 47.244991122168763 ], [ -119.902104776947496, 47.244115174800548 ], [ -119.900832446507167, 47.244340247330328 ], [ -119.900505536999347, 47.243464298089549 ], [ -119.900178636244817, 47.242588350651531 ], [ -119.899851744243279, 47.24171240501601 ], [ -119.901124026956253, 47.241487343512013 ], [ -119.900797127798924, 47.240611403353618 ], [ -119.902069385850879, 47.240386333967869 ], [ -119.902396300916223, 47.241262270451251 ] ] ] } },
{ "type": "Feature", "properties": { "id": "53_7", "growth_scenario": "low", "market_gravity_weight": 50 }, "geometry": { "type": "Polygon", "coordinates": [ [ [ -119.907812296667913, 47.241237786225987 ], [ -119.908139292872008, 47.242113711610195 ], [ -119.909411554875305, 47.241888573415601 ], [ -119.90973857574231, 47.24276449692514 ], [ -119.908466297831581, 47.242989638796089 ], [ -119.907194011164989, 47.24321476911053 ], [ -119.90752100897231, 47.244090701774759 ], [ -119.906248697641757, 47.244315824208805 ], [ -119.905921715742949, 47.243439887868348 ], [ -119.904649411565742, 47.243664995069381 ], [ -119.904322454330497, 47.242789056855436 ], [ -119.903995505849664, 47.241913120443648 ], [ -119.903668566122874, 47.241037185833839 ], [ -119.904940822575782, 47.240812089659968 ], [ -119.906213070274589, 47.240586981929745 ], [ -119.906540041816484, 47.241462909188336 ], [ -119.907812296667913, 47.241237786225987 ] ] ] } },
{ "type": "Feature", "properties": { "id": "56_0", "growth_scenario": "low", "market_gravity_weight": 50 }, "geometry": { "type": "Polygon", "coordinates": [ [ [ -104.819369574771244, 41.759873618092058 ], [ -104.819481836741772, 41.760763484947006 ], [ -104.819594101562117, 41.761653352565098 ], [ -104.81970636923235, 41.762543220946689 ], [ -104.819818639752611, 41.763433090091965 ], [ -104.818612387749823, 41.763515909181855 ], [ -104.817406132897275, 41.763598716984156 ], [ -104.817293892733318, 41.762708845576185 ], [ -104.816087650209724, 41.762791640959676 ], [ -104.815975428072946, 41.761901769184519 ], [ -104.817181655418608, 41.761818974932076 ], [ -104.817069420953061, 41.760929105051481 ], [ -104.816957189336549, 41.760039235934237 ], [ -104.818163383478549, 41.759956432656665 ], [ -104.818051139534276, 41.759066565433493 ], [ -104.81925731565039, 41.758983752000063 ], [ -104.819369574771244, 41.759873618092058 ] ] ] } },
{ "type": "Feature", "properties": { "id": "56_1", "growth_scenario": "low", "market_gravity_weight": 50 }, "geometry": { "type": "Polygon", "coordinates": [ [ [ -104.835835379949401, 41.101028193579815 ], [ -104.837030316133095, 41.100945266622091 ], [ -104.837141754556171, 41.101834549322227 ], [ -104.835946803477952, 41.101917477385726 ], [ -104.836058229808643, 41.102806761770424 ], [ -104.836169658941557, 41.1036960467341 ], [ -104.836281090876795, 41.104585332277026 ], [ -104.836392525614485, 41.105474618399477 ], [ -104.835197512151993, 41.105557539709871 ], [ -104.835086092310391, 41.104668252481609 ], [ -104.834974675270871, 41.103778965832959 ], [ -104.834863261033306, 41.102889679763607 ], [ -104.833668289456114, 41.102972586580535 ], [ -104.832473315077436, 41.103055482221201 ], [ -104.83236193343204, 41.102166194519974 ], [ -104.833556892915524, 41.102083299984677 ], [ -104.833445499176321, 41.101194013967707 ], [ -104.834640440963682, 41.10111110936176 ], [ -104.834529035131396, 41.100221825028747 ], [ -104.835723959222861, 41.100138910352477 ], [ -104.835835379949401, 41.101028193579815 ] ] ] } }
]
}
